================================================================================
SIMULATION LOG - 2026-01-28 14:05:17
Log file: /home/kishi/ResQoUnity/logs/simulation/drone_sim_20260128_140517.log
================================================================================

[INFO] CPU physics mode enabled - GPU PhysX disabled
[INFO] Creating environment: Isaac-Velocity-Rough-Unitree-Go2-v0
[INFO] Robot: go2, Amount: 1, Terrain: flat
[INFO]: Base environment:
	Environment device    : cpu
	Physics step-size     : 0.005
	Rendering step-size   : 0.005
	Environment step-size : 0.02
	Physics GPU pipeline  : True
	Physics GPU simulation: True
[INFO]: Time taken for scene creation : 0.283420 seconds
[INFO]: Scene manager:  <class InteractiveScene>
	Number of environments: 1
	Environment spacing   : 2.5
	Source prim name      : /World/envs/env_0
	Global prim paths     : ['/World/ground']
	Replicate physics     : True
[INFO]: Starting the simulation. This may take a few seconds. Please wait...
[INFO]: Time taken for simulation start : 0.715857 seconds
[INFO] Command Manager:  <CommandManager> contains 1 active terms.
+------------------------------------------------+
|              Active Command Terms              |
+-------+---------------+------------------------+
| Index | Name          |          Type          |
+-------+---------------+------------------------+
|   0   | base_velocity | UniformVelocityCommand |
+-------+---------------+------------------------+

[INFO] Action Manager:  <ActionManager> contains 1 active terms.
+------------------------------------+
|  Active Action Terms (shape: 12)   |
+--------+-------------+-------------+
| Index  | Name        |   Dimension |
+--------+-------------+-------------+
|   0    | joint_pos   |          12 |
+--------+-------------+-------------+

Module omni.isaac.orbit.utils.warp.kernels load on device 'cpu' took 1.55 ms
[INFO] Observation Manager: <ObservationManager> contains 1 groups.
+----------------------------------------------------------+
| Active Observation Terms in Group: 'policy' (shape: (235,)) |
+-----------+--------------------------------+-------------+
|   Index   | Name                           |    Shape    |
+-----------+--------------------------------+-------------+
|     0     | base_lin_vel                   |     (3,)    |
|     1     | base_ang_vel                   |     (3,)    |
|     2     | projected_gravity              |     (3,)    |
|     3     | velocity_commands              |     (3,)    |
|     4     | joint_pos                      |    (12,)    |
|     5     | joint_vel                      |    (12,)    |
|     6     | actions                        |    (12,)    |
|     7     | height_scan                    |    (187,)   |
+-----------+--------------------------------+-------------+

[INFO] Event Manager:  <EventManager> contains 1 active terms.
+--------------------------------------+
| Active Event Terms in Mode: 'startup' |
+----------+---------------------------+
|  Index   | Name                      |
+----------+---------------------------+
|    0     | physics_material          |
+----------+---------------------------+

[INFO] Termination Manager:  <TerminationManager> contains 2 active terms.
+---------------------------------+
|     Active Termination Terms    |
+-------+--------------+----------+
| Index | Name         | Time Out |
+-------+--------------+----------+
|   0   | time_out     |   True   |
|   1   | base_contact |  False   |
+-------+--------------+----------+

[INFO] Reward Manager:  <RewardManager> contains 10 active terms.
+-----------------------------------------+
|           Active Reward Terms           |
+-------+----------------------+----------+
| Index | Name                 |   Weight |
+-------+----------------------+----------+
|   0   | track_lin_vel_xy_exp |      1.5 |
|   1   | track_ang_vel_z_exp  |     0.75 |
|   2   | lin_vel_z_l2         |     -2.0 |
|   3   | ang_vel_xy_l2        |    -0.05 |
|   4   | dof_torques_l2       |  -0.0002 |
|   5   | dof_acc_l2           | -2.5e-07 |
|   6   | action_rate_l2       |    -0.01 |
|   7   | feet_air_time        |     0.01 |
|   8   | flat_orientation_l2  |      0.0 |
|   9   | dof_pos_limits       |      0.0 |
+-------+----------------------+----------+

[INFO] Curriculum Manager:  <CurriculumManager> contains 0 active terms.
+----------------------+
| Active Curriculum Terms |
+-----------+----------+
|   Index   | Name     |
+-----------+----------+
+-----------+----------+

Creating window for environment.
[INFO]: Completed setting up the environment...
[INFO] Environment created successfully!
[INFO] ========================================
[INFO] PHYSICS MODE: CPU (GPU PhysX DISABLED)
[INFO] Direct pose manipulation is ALLOWED
[INFO] ========================================
[INFO] Environment wrapped for RSL-RL
[INFO] Loading experiment from directory: /home/kishi/ResQoUnity/logs/rsl_rl/unitree_go2_rough
[INFO]: Loading model checkpoint from: /home/kishi/ResQoUnity/logs/rsl_rl/unitree_go2_rough/2024-04-06_02-37-07/model_7850.pt
--------------------------------------------------------------------------------
Resolved observation sets: 
	 policy :  ['policy']
	 critic :  ['policy']
--------------------------------------------------------------------------------
Actor MLP: MLP(
  (0): Linear(in_features=235, out_features=512, bias=True)
  (1): ELU(alpha=1.0)
  (2): Linear(in_features=512, out_features=256, bias=True)
  (3): ELU(alpha=1.0)
  (4): Linear(in_features=256, out_features=128, bias=True)
  (5): ELU(alpha=1.0)
  (6): Linear(in_features=128, out_features=12, bias=True)
)
Critic MLP: MLP(
  (0): Linear(in_features=235, out_features=512, bias=True)
  (1): ELU(alpha=1.0)
  (2): Linear(in_features=512, out_features=256, bias=True)
  (3): ELU(alpha=1.0)
  (4): Linear(in_features=256, out_features=128, bias=True)
  (5): ELU(alpha=1.0)
  (6): Linear(in_features=128, out_features=1, bias=True)
)
[INFO]: Checkpoint loaded successfully
[INFO] Resetting environment and getting initial observations...
[INFO] Environment reset complete, starting simulation loop...
[INFO] Spawning world-level drone alongside environment robots...
[INFO] Spawning drone at /World/envs/env_0/Drone (inside env for physics stepping)
[INFO] Drone USD loaded at /World/envs/env_0/Drone
[INFO] Drone spawned at position (0.0, 0.0, 2.5)
[INFO] ArticulationView will be initialized after first physics step
[Drone drone] Mode: DISARMED → IDLE

================================================================================
DRONE DEBUG LOGGER INITIALIZED FOR world_drone
================================================================================

[INFO] Drone controller initialized in ARMED mode (auto-armed)
[INFO] Mode set to IDLE - will switch to LOITER after spawn
[INFO] Debug logger enabled - verbose output active
[INFO] Drone bottom camera initialized
[INFO] Drone ROS2 publishers initialized on /drone namespace
[INFO] Adding /drone namespace ROS2 interface
[INFO] Drone topics created: cmd_vel, cmd_position, cmd_altitude
[INFO] Drone services created:
  - /drone/arm: True
  - /drone/takeoff: True
  - /drone/land: True
  - /drone/emergency_stop: True
[INFO] Drone control interface ready on /drone namespace
Error loading custom environment. You should download custom envs folder from: https://drive.google.com/drive/folders/1vVGuO1KIX1K6mD6mBHDZGm9nk2vaRyj3?usp=sharing
[INFO] Setting up viewport camera...
[INFO] Camera positioned to view robot
[INFO] Robot(s) should now be visible in the viewport!
[INFO] Use these controls to navigate:
  - Press 'F' to focus on robot
  - Mouse wheel: Zoom in/out
  - Middle mouse: Pan camera
  - Alt+Left mouse: Orbit view
  - WASD keys: Move robot (forward/back/left/right)
  - Q/E keys: Rotate left/right
[INFO] Initializing ArticulationView after physics step...
[INFO] Drone mass set to: 0.5 kg (Crazyflie scaled estimate)
[INFO] Using Hybrid Physics-Velocity Control (GPU PhysX compatible)
[INFO] Forces → Acceleration → Velocity integration (F=ma)
[INFO] LOITER target set to spawn position: (0.00, 0.00, 2.50)
[SAFETY] World drone initialized:
  Current pos: (0.000, 0.000, 2.498)
  Target pos:  (0.000, 0.000, 2.498)
  Mode: IDLE, Armed: True
[INIT] Drone spawned at position: (0.000, 0.000, 2.498)
[INIT] Initial velocity: (0.000, 0.000, -0.196)
[INIT] Initial mode: IDLE
[INIT] Ready for control


********************************************************************************
[ARM EVENT] Drone ARMED
********************************************************************************

[INFO] ArticulationView ready - found 1 drone(s)
[DEBUG] ArticulationView prim paths: ['/World/envs/env_0/Drone']
[DEBUG] Controller initialized at position: (0.00, 0.00, 2.50)
[DEBUG] Drone has 4 DOFs: ['m1_joint', 'm2_joint', 'm3_joint', 'm4_joint']
[DEBUG] Prim at /World/envs/env_0/Drone exists: True
[DEBUG] Found root body (fallback) at: /World/envs/env_0/Drone/body
[DEBUG] Found articulation root at: /World/envs/env_0/Drone
[Drone drone] Mode: IDLE → LOITER
[INFO] World drone switched to LOITER at position (0.00, 0.00, 2.50)
[VIEWPORT FIX] Setting drone position to (0.000, 0.000, 2.498)
[DBG RENDER] Viewport sync triggered at pos (0.000, 0.000, 2.498)

────────────────────────────────────────────────────────────────────────────────
[FRAME 10] Δt = 1.00s
────────────────────────────────────────────────────────────────────────────────
  State      : Armed=True, Mode=LOITER
  Position   : (  0.000,   0.000,   2.492)
  Velocity   : (  0.000,   0.000,  -0.126)
  Target Pos : (  0.000,   0.000,   2.498)
  Error      : (  0.000,   0.000,   0.005) = 0.005m
  PID Output : (  0.000,   0.000,   0.011) m/s
  Applied Force: (   0.00,    0.00,    5.94) N (|F|=5.94N)
  ✅ Gravity compensation active (Fz > 0)
  Actual Vel: (  0.000,   0.000,   0.072) m/s
  ℹ️  Velocity differs from PID (hybrid physics integration active)
────────────────────────────────────────────────────────────────────────────────

[DBG RENDER] Viewport sync triggered at pos (0.000, 0.000, 2.495)

────────────────────────────────────────────────────────────────────────────────
[FRAME 30] Δt = 1.00s
────────────────────────────────────────────────────────────────────────────────
  State      : Armed=True, Mode=LOITER
  Position   : (  0.000,   0.000,   2.496)
  Velocity   : (  0.000,   0.000,  -0.126)
  Target Pos : (  0.000,   0.000,   2.498)
  Error      : (  0.000,   0.000,   0.001) = 0.001m
  PID Output : (  0.000,   0.000,   0.003) m/s
  Applied Force: (   0.00,    0.00,    5.88) N (|F|=5.88N)
  ✅ Gravity compensation active (Fz > 0)
  Actual Vel: (  0.000,   0.000,   0.070) m/s
  ℹ️  Velocity differs from PID (hybrid physics integration active)
────────────────────────────────────────────────────────────────────────────────

[DBG RENDER] Viewport sync triggered at pos (0.000, 0.000, 2.497)

────────────────────────────────────────────────────────────────────────────────
[FRAME 49] Δt = 1.00s
────────────────────────────────────────────────────────────────────────────────
  State      : Armed=True, Mode=LOITER
  Position   : (  0.000,   0.000,   2.497)
  Velocity   : (  0.000,   0.000,  -0.129)
  Target Pos : (  0.000,   0.000,   2.498)
  Error      : (  0.000,   0.000,   0.001) = 0.001m
  PID Output : (  0.000,   0.000,   0.002) m/s
  Applied Force: (   0.00,    0.00,    5.88) N (|F|=5.88N)
  ✅ Gravity compensation active (Fz > 0)
  Actual Vel: (  0.000,   0.000,   0.067) m/s
  ℹ️  Velocity differs from PID (hybrid physics integration active)
────────────────────────────────────────────────────────────────────────────────

[VIEWPORT FIX] Setting drone position to (0.000, 0.000, 2.498)
[DBG CACHE] Frame 60: Updating cache with pos=(0.000,0.000,2.498)
[DBG ROS2] Publishing to /drone/odom: pos=(0.000,0.000,2.498)
[DBG RENDER] Viewport sync triggered at pos (0.000, 0.000, 2.497)

────────────────────────────────────────────────────────────────────────────────
[FRAME 67] Δt = 1.00s
────────────────────────────────────────────────────────────────────────────────
  State      : Armed=True, Mode=LOITER
  Position   : (  0.000,   0.000,   2.497)
  Velocity   : (  0.000,   0.000,  -0.129)
  Target Pos : (  0.000,   0.000,   2.498)
  Error      : (  0.000,   0.000,   0.000) = 0.000m
  PID Output : (  0.000,   0.000,   0.002) m/s
  Applied Force: (   0.00,    0.00,    5.89) N (|F|=5.89N)
  ✅ Gravity compensation active (Fz > 0)
  Actual Vel: (  0.000,   0.000,   0.067) m/s
  ℹ️  Velocity differs from PID (hybrid physics integration active)
────────────────────────────────────────────────────────────────────────────────

[DBG RENDER] Viewport sync triggered at pos (0.000, 0.000, 2.497)

────────────────────────────────────────────────────────────────────────────────
[FRAME 87] Δt = 1.00s
────────────────────────────────────────────────────────────────────────────────
  State      : Armed=True, Mode=LOITER
  Position   : (  0.000,   0.000,   2.497)
  Velocity   : (  0.000,   0.000,  -0.129)
  Target Pos : (  0.000,   0.000,   2.498)
  Error      : (  0.000,   0.000,   0.000) = 0.000m
  PID Output : (  0.000,   0.000,   0.002) m/s
  Applied Force: (   0.00,    0.00,    5.89) N (|F|=5.89N)
  ✅ Gravity compensation active (Fz > 0)
  Actual Vel: (  0.000,   0.000,   0.067) m/s
  ℹ️  Velocity differs from PID (hybrid physics integration active)
────────────────────────────────────────────────────────────────────────────────

[VIEWPORT FIX] Setting drone position to (0.000, 0.000, 2.498)
[DBG RENDER] Viewport sync triggered at pos (0.000, 0.000, 2.497)

────────────────────────────────────────────────────────────────────────────────
[FRAME 106] Δt = 1.00s
────────────────────────────────────────────────────────────────────────────────
  State      : Armed=True, Mode=LOITER
  Position   : (  0.000,   0.000,   2.497)
  Velocity   : (  0.000,   0.000,  -0.129)
  Target Pos : (  0.000,   0.000,   2.498)
  Error      : (  0.000,   0.000,   0.000) = 0.000m
  PID Output : (  0.000,   0.000,   0.002) m/s
  Applied Force: (   0.00,    0.00,    5.89) N (|F|=5.89N)
  ✅ Gravity compensation active (Fz > 0)
  Actual Vel: (  0.000,   0.000,   0.067) m/s
  ℹ️  Velocity differs from PID (hybrid physics integration active)
────────────────────────────────────────────────────────────────────────────────

[DBG CACHE] Frame 120: Updating cache with pos=(0.000,0.000,2.498)
[DBG ROS2] Publishing to /drone/odom: pos=(0.000,0.000,2.498)
[DBG RENDER] Viewport sync triggered at pos (0.000, 0.000, 2.497)

────────────────────────────────────────────────────────────────────────────────
[FRAME 125] Δt = 1.00s
────────────────────────────────────────────────────────────────────────────────
  State      : Armed=True, Mode=LOITER
  Position   : (  0.000,   0.000,   2.497)
  Velocity   : (  0.000,   0.000,  -0.129)
  Target Pos : (  0.000,   0.000,   2.498)
  Error      : (  0.000,   0.000,   0.000) = 0.000m
  PID Output : (  0.000,   0.000,   0.002) m/s
  Applied Force: (   0.00,    0.00,    5.89) N (|F|=5.89N)
  ✅ Gravity compensation active (Fz > 0)
  Actual Vel: (  0.000,   0.000,   0.067) m/s
  ℹ️  Velocity differs from PID (hybrid physics integration active)
────────────────────────────────────────────────────────────────────────────────

[DBG RENDER] Viewport sync triggered at pos (0.000, 0.000, 2.497)

────────────────────────────────────────────────────────────────────────────────
[FRAME 145] Δt = 1.00s
────────────────────────────────────────────────────────────────────────────────
  State      : Armed=True, Mode=LOITER
  Position   : (  0.000,   0.000,   2.497)
  Velocity   : (  0.000,   0.000,  -0.129)
  Target Pos : (  0.000,   0.000,   2.498)
  Error      : (  0.000,   0.000,   0.000) = 0.000m
  PID Output : (  0.000,   0.000,   0.002) m/s
  Applied Force: (   0.00,    0.00,    5.89) N (|F|=5.89N)
  ✅ Gravity compensation active (Fz > 0)
  Actual Vel: (  0.000,   0.000,   0.067) m/s
  ℹ️  Velocity differs from PID (hybrid physics integration active)
────────────────────────────────────────────────────────────────────────────────

[VIEWPORT FIX] Setting drone position to (0.000, 0.000, 2.498)
[DBG RENDER] Viewport sync triggered at pos (0.000, 0.000, 2.497)

────────────────────────────────────────────────────────────────────────────────
[FRAME 164] Δt = 1.00s
────────────────────────────────────────────────────────────────────────────────
  State      : Armed=True, Mode=LOITER
  Position   : (  0.000,   0.000,   2.497)
  Velocity   : (  0.000,   0.000,  -0.129)
  Target Pos : (  0.000,   0.000,   2.498)
  Error      : (  0.000,   0.000,   0.000) = 0.000m
  PID Output : (  0.000,   0.000,   0.002) m/s
  Applied Force: (   0.00,    0.00,    5.89) N (|F|=5.89N)
  ✅ Gravity compensation active (Fz > 0)
  Actual Vel: (  0.000,   0.000,   0.067) m/s
  ℹ️  Velocity differs from PID (hybrid physics integration active)
────────────────────────────────────────────────────────────────────────────────

[DBG CACHE] Frame 180: Updating cache with pos=(0.000,0.000,2.498)
[DBG ROS2] Publishing to /drone/odom: pos=(0.000,0.000,2.498)
[DBG RENDER] Viewport sync triggered at pos (0.000, 0.000, 2.497)

────────────────────────────────────────────────────────────────────────────────
[FRAME 184] Δt = 1.00s
────────────────────────────────────────────────────────────────────────────────
  State      : Armed=True, Mode=LOITER
  Position   : (  0.000,   0.000,   2.497)
  Velocity   : (  0.000,   0.000,  -0.129)
  Target Pos : (  0.000,   0.000,   2.498)
  Error      : (  0.000,   0.000,   0.000) = 0.000m
  PID Output : (  0.000,   0.000,   0.002) m/s
  Applied Force: (   0.00,    0.00,    5.89) N (|F|=5.89N)
  ✅ Gravity compensation active (Fz > 0)
  Actual Vel: (  0.000,   0.000,   0.067) m/s
  ℹ️  Velocity differs from PID (hybrid physics integration active)
────────────────────────────────────────────────────────────────────────────────

[VIEWPORT FIX] Setting drone position to (0.000, 0.000, 2.498)
[DBG RENDER] Viewport sync triggered at pos (0.000, 0.000, 2.497)

────────────────────────────────────────────────────────────────────────────────
[FRAME 204] Δt = 1.00s
────────────────────────────────────────────────────────────────────────────────
  State      : Armed=True, Mode=LOITER
  Position   : (  0.000,   0.000,   2.497)
  Velocity   : (  0.000,   0.000,  -0.129)
  Target Pos : (  0.000,   0.000,   2.498)
  Error      : (  0.000,   0.000,   0.000) = 0.000m
  PID Output : (  0.000,   0.000,   0.002) m/s
  Applied Force: (   0.00,    0.00,    5.89) N (|F|=5.89N)
  ✅ Gravity compensation active (Fz > 0)
  Actual Vel: (  0.000,   0.000,   0.067) m/s
  ℹ️  Velocity differs from PID (hybrid physics integration active)
────────────────────────────────────────────────────────────────────────────────

[DBG RENDER] Viewport sync triggered at pos (0.000, 0.000, 2.497)

────────────────────────────────────────────────────────────────────────────────
[FRAME 224] Δt = 1.00s
────────────────────────────────────────────────────────────────────────────────
  State      : Armed=True, Mode=LOITER
  Position   : (  0.000,   0.000,   2.497)
  Velocity   : (  0.000,   0.000,  -0.129)
  Target Pos : (  0.000,   0.000,   2.498)
  Error      : (  0.000,   0.000,   0.000) = 0.000m
  PID Output : (  0.000,   0.000,   0.002) m/s
  Applied Force: (   0.00,    0.00,    5.89) N (|F|=5.89N)
  ✅ Gravity compensation active (Fz > 0)
  Actual Vel: (  0.000,   0.000,   0.067) m/s
  ℹ️  Velocity differs from PID (hybrid physics integration active)
────────────────────────────────────────────────────────────────────────────────

[DBG CACHE] Frame 240: Updating cache with pos=(0.000,0.000,2.498)
[DBG ROS2] Publishing to /drone/odom: pos=(0.000,0.000,2.498)
[DBG RENDER] Viewport sync triggered at pos (0.000, 0.000, 2.497)

────────────────────────────────────────────────────────────────────────────────
[FRAME 242] Δt = 1.00s
────────────────────────────────────────────────────────────────────────────────
  State      : Armed=True, Mode=LOITER
  Position   : (  0.000,   0.000,   2.497)
  Velocity   : (  0.000,   0.000,  -0.129)
  Target Pos : (  0.000,   0.000,   2.498)
  Error      : (  0.000,   0.000,   0.000) = 0.000m
  PID Output : (  0.000,   0.000,   0.002) m/s
  Applied Force: (   0.00,    0.00,    5.89) N (|F|=5.89N)
  ✅ Gravity compensation active (Fz > 0)
  Actual Vel: (  0.000,   0.000,   0.067) m/s
  ℹ️  Velocity differs from PID (hybrid physics integration active)
────────────────────────────────────────────────────────────────────────────────

[VIEWPORT FIX] Setting drone position to (0.000, 0.000, 2.498)
[DBG RENDER] Viewport sync triggered at pos (0.000, 0.000, 2.497)

────────────────────────────────────────────────────────────────────────────────
[FRAME 261] Δt = 1.00s
────────────────────────────────────────────────────────────────────────────────
  State      : Armed=True, Mode=LOITER
  Position   : (  0.000,   0.000,   2.497)
  Velocity   : (  0.000,   0.000,  -0.129)
  Target Pos : (  0.000,   0.000,   2.498)
  Error      : (  0.000,   0.000,   0.000) = 0.000m
  PID Output : (  0.000,   0.000,   0.002) m/s
  Applied Force: (   0.00,    0.00,    5.89) N (|F|=5.89N)
  ✅ Gravity compensation active (Fz > 0)
  Actual Vel: (  0.000,   0.000,   0.067) m/s
  ℹ️  Velocity differs from PID (hybrid physics integration active)
────────────────────────────────────────────────────────────────────────────────


────────────────────────────────────────────────────────────────────────────────
[FRAME 280] Δt = 1.00s
────────────────────────────────────────────────────────────────────────────────
  State      : Armed=True, Mode=LOITER
  Position   : (  0.000,   0.000,   2.497)
  Velocity   : (  0.000,   0.000,  -0.129)
  Target Pos : (  0.000,   0.000,   2.498)
  Error      : (  0.000,   0.000,   0.000) = 0.000m
  PID Output : (  0.000,   0.000,   0.002) m/s
  Applied Force: (   0.00,    0.00,    5.89) N (|F|=5.89N)
  ✅ Gravity compensation active (Fz > 0)
  Actual Vel: (  0.000,   0.000,   0.067) m/s
  ℹ️  Velocity differs from PID (hybrid physics integration active)
────────────────────────────────────────────────────────────────────────────────

[DBG RENDER] Viewport sync triggered at pos (0.000, 0.000, 2.497)

────────────────────────────────────────────────────────────────────────────────
[FRAME 300] Δt = 1.00s
────────────────────────────────────────────────────────────────────────────────
  State      : Armed=True, Mode=LOITER
  Position   : (  0.000,   0.000,   2.497)
  Velocity   : (  0.000,   0.000,  -0.129)
  Target Pos : (  0.000,   0.000,   2.498)
  Error      : (  0.000,   0.000,   0.000) = 0.000m
  PID Output : (  0.000,   0.000,   0.002) m/s
  Applied Force: (   0.00,    0.00,    5.89) N (|F|=5.89N)
  ✅ Gravity compensation active (Fz > 0)
  Actual Vel: (  0.000,   0.000,   0.067) m/s
  ℹ️  Velocity differs from PID (hybrid physics integration active)
────────────────────────────────────────────────────────────────────────────────

[DBG CACHE] Frame 300: Updating cache with pos=(0.000,0.000,2.498)
[DBG ROS2] Publishing to /drone/odom: pos=(0.000,0.000,2.498)
[VIEWPORT FIX] Setting drone position to (0.000, 0.000, 2.498)
[DBG RENDER] Viewport sync triggered at pos (0.000, 0.000, 2.497)

────────────────────────────────────────────────────────────────────────────────
[FRAME 320] Δt = 1.00s
────────────────────────────────────────────────────────────────────────────────
  State      : Armed=True, Mode=LOITER
  Position   : (  0.000,   0.000,   2.497)
  Velocity   : (  0.000,   0.000,  -0.129)
  Target Pos : (  0.000,   0.000,   2.498)
  Error      : (  0.000,   0.000,   0.000) = 0.000m
  PID Output : (  0.000,   0.000,   0.002) m/s
  Applied Force: (   0.00,    0.00,    5.89) N (|F|=5.89N)
  ✅ Gravity compensation active (Fz > 0)
  Actual Vel: (  0.000,   0.000,   0.067) m/s
  ℹ️  Velocity differs from PID (hybrid physics integration active)
────────────────────────────────────────────────────────────────────────────────

[DBG RENDER] Viewport sync triggered at pos (0.000, 0.000, 2.497)

────────────────────────────────────────────────────────────────────────────────
[FRAME 340] Δt = 1.00s
────────────────────────────────────────────────────────────────────────────────
  State      : Armed=True, Mode=LOITER
  Position   : (  0.000,   0.000,   2.497)
  Velocity   : (  0.000,   0.000,  -0.129)
  Target Pos : (  0.000,   0.000,   2.498)
  Error      : (  0.000,   0.000,   0.000) = 0.000m
  PID Output : (  0.000,   0.000,   0.002) m/s
  Applied Force: (   0.00,    0.00,    5.89) N (|F|=5.89N)
  ✅ Gravity compensation active (Fz > 0)
  Actual Vel: (  0.000,   0.000,   0.067) m/s
  ℹ️  Velocity differs from PID (hybrid physics integration active)
────────────────────────────────────────────────────────────────────────────────

[DBG RENDER] Viewport sync triggered at pos (0.000, 0.000, 2.497)
[VIEWPORT FIX] Setting drone position to (0.000, 0.000, 2.498)

────────────────────────────────────────────────────────────────────────────────
[FRAME 359] Δt = 1.00s
────────────────────────────────────────────────────────────────────────────────
  State      : Armed=True, Mode=LOITER
  Position   : (  0.000,   0.000,   2.497)
  Velocity   : (  0.000,   0.000,  -0.129)
  Target Pos : (  0.000,   0.000,   2.498)
  Error      : (  0.000,   0.000,   0.000) = 0.000m
  PID Output : (  0.000,   0.000,   0.002) m/s
  Applied Force: (   0.00,    0.00,    5.89) N (|F|=5.89N)
  ✅ Gravity compensation active (Fz > 0)
  Actual Vel: (  0.000,   0.000,   0.067) m/s
  ℹ️  Velocity differs from PID (hybrid physics integration active)
────────────────────────────────────────────────────────────────────────────────

[DBG CACHE] Frame 360: Updating cache with pos=(0.000,0.000,2.498)
[DBG ROS2] Publishing to /drone/odom: pos=(0.000,0.000,2.498)
[DBG RENDER] Viewport sync triggered at pos (0.000, 0.000, 2.497)

────────────────────────────────────────────────────────────────────────────────
[FRAME 379] Δt = 1.00s
────────────────────────────────────────────────────────────────────────────────
  State      : Armed=True, Mode=LOITER
  Position   : (  0.000,   0.000,   2.497)
  Velocity   : (  0.000,   0.000,  -0.129)
  Target Pos : (  0.000,   0.000,   2.498)
  Error      : (  0.000,   0.000,   0.000) = 0.000m
  PID Output : (  0.000,   0.000,   0.002) m/s
  Applied Force: (   0.00,    0.00,    5.89) N (|F|=5.89N)
  ✅ Gravity compensation active (Fz > 0)
  Actual Vel: (  0.000,   0.000,   0.067) m/s
  ℹ️  Velocity differs from PID (hybrid physics integration active)
────────────────────────────────────────────────────────────────────────────────

[DBG RENDER] Viewport sync triggered at pos (0.000, 0.000, 2.497)

────────────────────────────────────────────────────────────────────────────────
[FRAME 398] Δt = 1.00s
────────────────────────────────────────────────────────────────────────────────
  State      : Armed=True, Mode=LOITER
  Position   : (  0.000,   0.000,   2.497)
  Velocity   : (  0.000,   0.000,  -0.129)
  Target Pos : (  0.000,   0.000,   2.498)
  Error      : (  0.000,   0.000,   0.000) = 0.000m
  PID Output : (  0.000,   0.000,   0.002) m/s
  Applied Force: (   0.00,    0.00,    5.89) N (|F|=5.89N)
  ✅ Gravity compensation active (Fz > 0)
  Actual Vel: (  0.000,   0.000,   0.067) m/s
  ℹ️  Velocity differs from PID (hybrid physics integration active)
────────────────────────────────────────────────────────────────────────────────

[VIEWPORT FIX] Setting drone position to (0.000, 0.000, 2.498)
[DBG RENDER] Viewport sync triggered at pos (0.000, 0.000, 2.497)

────────────────────────────────────────────────────────────────────────────────
[FRAME 418] Δt = 1.00s
────────────────────────────────────────────────────────────────────────────────
  State      : Armed=True, Mode=LOITER
  Position   : (  0.000,   0.000,   2.497)
  Velocity   : (  0.000,   0.000,  -0.129)
  Target Pos : (  0.000,   0.000,   2.498)
  Error      : (  0.000,   0.000,   0.000) = 0.000m
  PID Output : (  0.000,   0.000,   0.002) m/s
  Applied Force: (   0.00,    0.00,    5.89) N (|F|=5.89N)
  ✅ Gravity compensation active (Fz > 0)
  Actual Vel: (  0.000,   0.000,   0.067) m/s
  ℹ️  Velocity differs from PID (hybrid physics integration active)
────────────────────────────────────────────────────────────────────────────────

[DBG CACHE] Frame 420: Updating cache with pos=(0.000,0.000,2.499)
[DBG ROS2] Publishing to /drone/odom: pos=(0.000,0.000,2.499)
[DBG RENDER] Viewport sync triggered at pos (0.000, 0.000, 2.497)

────────────────────────────────────────────────────────────────────────────────
[FRAME 438] Δt = 1.00s
────────────────────────────────────────────────────────────────────────────────
  State      : Armed=True, Mode=LOITER
  Position   : (  0.000,   0.000,   2.497)
  Velocity   : (  0.000,   0.000,  -0.129)
  Target Pos : (  0.000,   0.000,   2.498)
  Error      : (  0.000,   0.000,   0.000) = 0.000m
  PID Output : (  0.000,   0.000,   0.002) m/s
  Applied Force: (   0.00,    0.00,    5.89) N (|F|=5.89N)
  ✅ Gravity compensation active (Fz > 0)
  Actual Vel: (  0.000,   0.000,   0.067) m/s
  ℹ️  Velocity differs from PID (hybrid physics integration active)
────────────────────────────────────────────────────────────────────────────────

[DBG RENDER] Viewport sync triggered at pos (0.000, 0.000, 2.497)
[VIEWPORT FIX] Setting drone position to (0.000, 0.000, 2.499)

────────────────────────────────────────────────────────────────────────────────
[FRAME 458] Δt = 1.00s
────────────────────────────────────────────────────────────────────────────────
  State      : Armed=True, Mode=LOITER
  Position   : (  0.000,   0.000,   2.497)
  Velocity   : (  0.000,   0.000,  -0.129)
  Target Pos : (  0.000,   0.000,   2.498)
  Error      : (  0.000,   0.000,   0.000) = 0.000m
  PID Output : (  0.000,   0.000,   0.002) m/s
  Applied Force: (   0.00,    0.00,    5.89) N (|F|=5.89N)
  ✅ Gravity compensation active (Fz > 0)
  Actual Vel: (  0.000,   0.000,   0.067) m/s
  ℹ️  Velocity differs from PID (hybrid physics integration active)
────────────────────────────────────────────────────────────────────────────────

[DBG RENDER] Viewport sync triggered at pos (0.000, 0.000, 2.497)

────────────────────────────────────────────────────────────────────────────────
[FRAME 478] Δt = 1.00s
────────────────────────────────────────────────────────────────────────────────
  State      : Armed=True, Mode=LOITER
  Position   : (  0.000,   0.000,   2.497)
  Velocity   : (  0.000,   0.000,  -0.129)
  Target Pos : (  0.000,   0.000,   2.498)
  Error      : (  0.000,   0.000,   0.000) = 0.000m
  PID Output : (  0.000,   0.000,   0.002) m/s
  Applied Force: (   0.00,    0.00,    5.89) N (|F|=5.89N)
  ✅ Gravity compensation active (Fz > 0)
  Actual Vel: (  0.000,   0.000,   0.067) m/s
  ℹ️  Velocity differs from PID (hybrid physics integration active)
────────────────────────────────────────────────────────────────────────────────

[DBG CACHE] Frame 480: Updating cache with pos=(0.000,0.000,2.499)
[DBG ROS2] Publishing to /drone/odom: pos=(0.000,0.000,2.499)
[DBG RENDER] Viewport sync triggered at pos (0.000, 0.000, 2.497)

────────────────────────────────────────────────────────────────────────────────
[FRAME 497] Δt = 1.00s
────────────────────────────────────────────────────────────────────────────────
  State      : Armed=True, Mode=LOITER
  Position   : (  0.000,   0.000,   2.497)
  Velocity   : (  0.000,   0.000,  -0.129)
  Target Pos : (  0.000,   0.000,   2.498)
  Error      : (  0.000,   0.000,   0.000) = 0.000m
  PID Output : (  0.000,   0.000,   0.002) m/s
  Applied Force: (   0.00,    0.00,    5.89) N (|F|=5.89N)
  ✅ Gravity compensation active (Fz > 0)
  Actual Vel: (  0.000,   0.000,   0.067) m/s
  ℹ️  Velocity differs from PID (hybrid physics integration active)
────────────────────────────────────────────────────────────────────────────────

[VIEWPORT FIX] Setting drone position to (0.000, 0.000, 2.499)
[DBG RENDER] Viewport sync triggered at pos (0.000, 0.000, 2.497)

────────────────────────────────────────────────────────────────────────────────
[FRAME 516] Δt = 1.00s
────────────────────────────────────────────────────────────────────────────────
  State      : Armed=True, Mode=LOITER
  Position   : (  0.000,   0.000,   2.497)
  Velocity   : (  0.000,   0.000,  -0.129)
  Target Pos : (  0.000,   0.000,   2.498)
  Error      : (  0.000,   0.000,   0.000) = 0.000m
  PID Output : (  0.000,   0.000,   0.002) m/s
  Applied Force: (   0.00,    0.00,    5.89) N (|F|=5.89N)
  ✅ Gravity compensation active (Fz > 0)
  Actual Vel: (  0.000,   0.000,   0.067) m/s
  ℹ️  Velocity differs from PID (hybrid physics integration active)
────────────────────────────────────────────────────────────────────────────────

[DBG RENDER] Viewport sync triggered at pos (0.000, 0.000, 2.497)

────────────────────────────────────────────────────────────────────────────────
[FRAME 535] Δt = 1.00s
────────────────────────────────────────────────────────────────────────────────
  State      : Armed=True, Mode=LOITER
  Position   : (  0.000,   0.000,   2.497)
  Velocity   : (  0.000,   0.000,  -0.129)
  Target Pos : (  0.000,   0.000,   2.498)
  Error      : (  0.000,   0.000,   0.000) = 0.000m
  PID Output : (  0.000,   0.000,   0.002) m/s
  Applied Force: (   0.00,    0.00,    5.89) N (|F|=5.89N)
  ✅ Gravity compensation active (Fz > 0)
  Actual Vel: (  0.000,   0.000,   0.067) m/s
  ℹ️  Velocity differs from PID (hybrid physics integration active)
────────────────────────────────────────────────────────────────────────────────

[DBG CACHE] Frame 540: Updating cache with pos=(0.000,0.000,2.499)
[DBG ROS2] Publishing to /drone/odom: pos=(0.000,0.000,2.499)
[DBG RENDER] Viewport sync triggered at pos (0.000, 0.000, 2.497)
[VIEWPORT FIX] Setting drone position to (0.000, 0.000, 2.499)

────────────────────────────────────────────────────────────────────────────────
[FRAME 554] Δt = 1.00s
────────────────────────────────────────────────────────────────────────────────
  State      : Armed=True, Mode=LOITER
  Position   : (  0.000,   0.000,   2.497)
  Velocity   : (  0.000,   0.000,  -0.129)
  Target Pos : (  0.000,   0.000,   2.498)
  Error      : (  0.000,   0.000,   0.000) = 0.000m
  PID Output : (  0.000,   0.000,   0.002) m/s
  Applied Force: (   0.00,    0.00,    5.89) N (|F|=5.89N)
  ✅ Gravity compensation active (Fz > 0)
  Actual Vel: (  0.000,   0.000,   0.067) m/s
  ℹ️  Velocity differs from PID (hybrid physics integration active)
────────────────────────────────────────────────────────────────────────────────

[DBG RENDER] Viewport sync triggered at pos (0.000, 0.000, 2.497)

────────────────────────────────────────────────────────────────────────────────
[FRAME 574] Δt = 1.00s
────────────────────────────────────────────────────────────────────────────────
  State      : Armed=True, Mode=LOITER
  Position   : (  0.000,   0.000,   2.497)
  Velocity   : (  0.000,   0.000,  -0.129)
  Target Pos : (  0.000,   0.000,   2.498)
  Error      : (  0.000,   0.000,   0.000) = 0.000m
  PID Output : (  0.000,   0.000,   0.002) m/s
  Applied Force: (   0.00,    0.00,    5.89) N (|F|=5.89N)
  ✅ Gravity compensation active (Fz > 0)
  Actual Vel: (  0.000,   0.000,   0.067) m/s
  ℹ️  Velocity differs from PID (hybrid physics integration active)
────────────────────────────────────────────────────────────────────────────────

[DBG RENDER] Viewport sync triggered at pos (0.000, 0.000, 2.497)

────────────────────────────────────────────────────────────────────────────────
[FRAME 594] Δt = 1.00s
────────────────────────────────────────────────────────────────────────────────
  State      : Armed=True, Mode=LOITER
  Position   : (  0.000,   0.000,   2.497)
  Velocity   : (  0.000,   0.000,  -0.129)
  Target Pos : (  0.000,   0.000,   2.498)
  Error      : (  0.000,   0.000,   0.000) = 0.000m
  PID Output : (  0.000,   0.000,   0.002) m/s
  Applied Force: (   0.00,    0.00,    5.89) N (|F|=5.89N)
  ✅ Gravity compensation active (Fz > 0)
  Actual Vel: (  0.000,   0.000,   0.067) m/s
  ℹ️  Velocity differs from PID (hybrid physics integration active)
────────────────────────────────────────────────────────────────────────────────

[DBG CACHE] Frame 600: Updating cache with pos=(0.000,0.000,2.499)
[DBG ROS2] Publishing to /drone/odom: pos=(0.000,0.000,2.499)
[VIEWPORT FIX] Setting drone position to (0.000, 0.000, 2.499)
[DBG RENDER] Viewport sync triggered at pos (0.000, 0.000, 2.497)

────────────────────────────────────────────────────────────────────────────────
[FRAME 614] Δt = 1.00s
────────────────────────────────────────────────────────────────────────────────
  State      : Armed=True, Mode=LOITER
  Position   : (  0.000,   0.000,   2.497)
  Velocity   : (  0.000,   0.000,  -0.129)
  Target Pos : (  0.000,   0.000,   2.498)
  Error      : (  0.000,   0.000,   0.000) = 0.000m
  PID Output : (  0.000,   0.000,   0.001) m/s
  Applied Force: (   0.00,    0.00,    5.89) N (|F|=5.89N)
  ✅ Gravity compensation active (Fz > 0)
  Actual Vel: (  0.000,   0.000,   0.067) m/s
  ℹ️  Velocity differs from PID (hybrid physics integration active)
────────────────────────────────────────────────────────────────────────────────

[DBG RENDER] Viewport sync triggered at pos (0.000, 0.000, 2.497)

────────────────────────────────────────────────────────────────────────────────
[FRAME 633] Δt = 1.00s
────────────────────────────────────────────────────────────────────────────────
  State      : Armed=True, Mode=LOITER
  Position   : (  0.000,   0.000,   2.497)
  Velocity   : (  0.000,   0.000,  -0.129)
  Target Pos : (  0.000,   0.000,   2.498)
  Error      : (  0.000,   0.000,   0.000) = 0.000m
  PID Output : (  0.000,   0.000,   0.002) m/s
  Applied Force: (   0.00,    0.00,    5.89) N (|F|=5.89N)
  ✅ Gravity compensation active (Fz > 0)
  Actual Vel: (  0.000,   0.000,   0.067) m/s
  ℹ️  Velocity differs from PID (hybrid physics integration active)
────────────────────────────────────────────────────────────────────────────────

[DBG RENDER] Viewport sync triggered at pos (0.000, 0.000, 2.497)
[VIEWPORT FIX] Setting drone position to (0.000, 0.000, 2.499)

────────────────────────────────────────────────────────────────────────────────
[FRAME 652] Δt = 1.00s
────────────────────────────────────────────────────────────────────────────────
  State      : Armed=True, Mode=LOITER
  Position   : (  0.000,   0.000,   2.497)
  Velocity   : (  0.000,   0.000,  -0.129)
  Target Pos : (  0.000,   0.000,   2.498)
  Error      : (  0.000,   0.000,   0.000) = 0.000m
  PID Output : (  0.000,   0.000,   0.002) m/s
  Applied Force: (   0.00,    0.00,    5.89) N (|F|=5.89N)
  ✅ Gravity compensation active (Fz > 0)
  Actual Vel: (  0.000,   0.000,   0.067) m/s
  ℹ️  Velocity differs from PID (hybrid physics integration active)
────────────────────────────────────────────────────────────────────────────────

[DBG CACHE] Frame 660: Updating cache with pos=(0.000,0.000,2.499)
[DBG ROS2] Publishing to /drone/odom: pos=(0.000,0.000,2.499)
[DBG RENDER] Viewport sync triggered at pos (0.000, 0.000, 2.497)

────────────────────────────────────────────────────────────────────────────────
[FRAME 672] Δt = 1.00s
────────────────────────────────────────────────────────────────────────────────
  State      : Armed=True, Mode=LOITER
  Position   : (  0.000,   0.000,   2.497)
  Velocity   : (  0.000,   0.000,  -0.129)
  Target Pos : (  0.000,   0.000,   2.498)
  Error      : (  0.000,   0.000,   0.000) = 0.000m
  PID Output : (  0.000,   0.000,   0.002) m/s
  Applied Force: (   0.00,    0.00,    5.89) N (|F|=5.89N)
  ✅ Gravity compensation active (Fz > 0)
  Actual Vel: (  0.000,   0.000,   0.067) m/s
  ℹ️  Velocity differs from PID (hybrid physics integration active)
────────────────────────────────────────────────────────────────────────────────

[DBG RENDER] Viewport sync triggered at pos (0.000, 0.000, 2.497)

────────────────────────────────────────────────────────────────────────────────
[FRAME 692] Δt = 1.00s
────────────────────────────────────────────────────────────────────────────────
  State      : Armed=True, Mode=LOITER
  Position   : (  0.000,   0.000,   2.497)
  Velocity   : (  0.000,   0.000,  -0.129)
  Target Pos : (  0.000,   0.000,   2.498)
  Error      : (  0.000,   0.000,   0.000) = 0.000m
  PID Output : (  0.000,   0.000,   0.002) m/s
  Applied Force: (   0.00,    0.00,    5.89) N (|F|=5.89N)
  ✅ Gravity compensation active (Fz > 0)
  Actual Vel: (  0.000,   0.000,   0.067) m/s
  ℹ️  Velocity differs from PID (hybrid physics integration active)
────────────────────────────────────────────────────────────────────────────────

[VIEWPORT FIX] Setting drone position to (0.000, 0.000, 2.499)
[DBG RENDER] Viewport sync triggered at pos (0.000, 0.000, 2.497)

────────────────────────────────────────────────────────────────────────────────
[FRAME 711] Δt = 1.00s
────────────────────────────────────────────────────────────────────────────────
  State      : Armed=True, Mode=LOITER
  Position   : (  0.000,   0.000,   2.497)
  Velocity   : (  0.000,   0.000,  -0.129)
  Target Pos : (  0.000,   0.000,   2.498)
  Error      : (  0.000,   0.000,   0.000) = 0.000m
  PID Output : (  0.000,   0.000,   0.002) m/s
  Applied Force: (   0.00,    0.00,    5.89) N (|F|=5.89N)
  ✅ Gravity compensation active (Fz > 0)
  Actual Vel: (  0.000,   0.000,   0.067) m/s
  ℹ️  Velocity differs from PID (hybrid physics integration active)
────────────────────────────────────────────────────────────────────────────────

[DBG CACHE] Frame 720: Updating cache with pos=(0.000,0.000,2.499)
[DBG ROS2] Publishing to /drone/odom: pos=(0.000,0.000,2.499)
[DBG RENDER] Viewport sync triggered at pos (0.000, 0.000, 2.497)

────────────────────────────────────────────────────────────────────────────────
[FRAME 730] Δt = 1.00s
────────────────────────────────────────────────────────────────────────────────
  State      : Armed=True, Mode=LOITER
  Position   : (  0.000,   0.000,   2.497)
  Velocity   : (  0.000,   0.000,  -0.129)
  Target Pos : (  0.000,   0.000,   2.498)
  Error      : (  0.000,   0.000,   0.000) = 0.000m
  PID Output : (  0.000,   0.000,   0.002) m/s
  Applied Force: (   0.00,    0.00,    5.89) N (|F|=5.89N)
  ✅ Gravity compensation active (Fz > 0)
  Actual Vel: (  0.000,   0.000,   0.067) m/s
  ℹ️  Velocity differs from PID (hybrid physics integration active)
────────────────────────────────────────────────────────────────────────────────

[DBG RENDER] Viewport sync triggered at pos (0.000, 0.000, 2.497)

────────────────────────────────────────────────────────────────────────────────
[FRAME 749] Δt = 1.00s
────────────────────────────────────────────────────────────────────────────────
  State      : Armed=True, Mode=LOITER
  Position   : (  0.000,   0.000,   2.497)
  Velocity   : (  0.000,   0.000,  -0.129)
  Target Pos : (  0.000,   0.000,   2.498)
  Error      : (  0.000,   0.000,   0.000) = 0.000m
  PID Output : (  0.000,   0.000,   0.002) m/s
  Applied Force: (   0.00,    0.00,    5.89) N (|F|=5.89N)
  ✅ Gravity compensation active (Fz > 0)
  Actual Vel: (  0.000,   0.000,   0.067) m/s
  ℹ️  Velocity differs from PID (hybrid physics integration active)
────────────────────────────────────────────────────────────────────────────────

[VIEWPORT FIX] Setting drone position to (0.000, 0.000, 2.499)
[DBG RENDER] Viewport sync triggered at pos (0.000, 0.000, 2.497)

────────────────────────────────────────────────────────────────────────────────
[FRAME 768] Δt = 1.00s
────────────────────────────────────────────────────────────────────────────────
  State      : Armed=True, Mode=LOITER
  Position   : (  0.000,   0.000,   2.497)
  Velocity   : (  0.000,   0.000,  -0.129)
  Target Pos : (  0.000,   0.000,   2.498)
  Error      : (  0.000,   0.000,   0.000) = 0.000m
  PID Output : (  0.000,   0.000,   0.002) m/s
  Applied Force: (   0.00,    0.00,    5.89) N (|F|=5.89N)
  ✅ Gravity compensation active (Fz > 0)
  Actual Vel: (  0.000,   0.000,   0.067) m/s
  ℹ️  Velocity differs from PID (hybrid physics integration active)
────────────────────────────────────────────────────────────────────────────────

[DBG CACHE] Frame 780: Updating cache with pos=(0.000,0.000,2.499)
[DBG ROS2] Publishing to /drone/odom: pos=(0.000,0.000,2.499)
[DBG RENDER] Viewport sync triggered at pos (0.000, 0.000, 2.497)

────────────────────────────────────────────────────────────────────────────────
[FRAME 787] Δt = 1.00s
────────────────────────────────────────────────────────────────────────────────
  State      : Armed=True, Mode=LOITER
  Position   : (  0.000,   0.000,   2.497)
  Velocity   : (  0.000,   0.000,  -0.129)
  Target Pos : (  0.000,   0.000,   2.498)
  Error      : (  0.000,   0.000,   0.000) = 0.000m
  PID Output : (  0.000,   0.000,   0.002) m/s
  Applied Force: (   0.00,    0.00,    5.89) N (|F|=5.89N)
  ✅ Gravity compensation active (Fz > 0)
  Actual Vel: (  0.000,   0.000,   0.067) m/s
  ℹ️  Velocity differs from PID (hybrid physics integration active)
────────────────────────────────────────────────────────────────────────────────

[VIEWPORT FIX] Setting drone position to (0.000, 0.000, 2.499)
[DBG RENDER] Viewport sync triggered at pos (0.000, 0.000, 2.497)

────────────────────────────────────────────────────────────────────────────────
[FRAME 806] Δt = 1.00s
────────────────────────────────────────────────────────────────────────────────
  State      : Armed=True, Mode=LOITER
  Position   : (  0.000,   0.000,   2.497)
  Velocity   : (  0.000,   0.000,  -0.129)
  Target Pos : (  0.000,   0.000,   2.498)
  Error      : (  0.000,   0.000,   0.000) = 0.000m
  PID Output : (  0.000,   0.000,   0.002) m/s
  Applied Force: (   0.00,    0.00,    5.89) N (|F|=5.89N)
  ✅ Gravity compensation active (Fz > 0)
  Actual Vel: (  0.000,   0.000,   0.067) m/s
  ℹ️  Velocity differs from PID (hybrid physics integration active)
────────────────────────────────────────────────────────────────────────────────

[DBG RENDER] Viewport sync triggered at pos (0.000, 0.000, 2.497)

────────────────────────────────────────────────────────────────────────────────
[FRAME 825] Δt = 1.00s
────────────────────────────────────────────────────────────────────────────────
  State      : Armed=True, Mode=LOITER
  Position   : (  0.000,   0.000,   2.497)
  Velocity   : (  0.000,   0.000,  -0.129)
  Target Pos : (  0.000,   0.000,   2.498)
  Error      : (  0.000,   0.000,   0.000) = 0.000m
  PID Output : (  0.000,   0.000,   0.002) m/s
  Applied Force: (   0.00,    0.00,    5.89) N (|F|=5.89N)
  ✅ Gravity compensation active (Fz > 0)
  Actual Vel: (  0.000,   0.000,   0.067) m/s
  ℹ️  Velocity differs from PID (hybrid physics integration active)
────────────────────────────────────────────────────────────────────────────────

[DBG CACHE] Frame 840: Updating cache with pos=(0.000,0.000,2.499)
[DBG ROS2] Publishing to /drone/odom: pos=(0.000,0.000,2.499)
[DBG RENDER] Viewport sync triggered at pos (0.000, 0.000, 2.497)

────────────────────────────────────────────────────────────────────────────────
[FRAME 845] Δt = 1.00s
────────────────────────────────────────────────────────────────────────────────
  State      : Armed=True, Mode=LOITER
  Position   : (  0.000,   0.000,   2.497)
  Velocity   : (  0.000,   0.000,  -0.129)
  Target Pos : (  0.000,   0.000,   2.498)
  Error      : (  0.000,   0.000,   0.000) = 0.000m
  PID Output : (  0.000,   0.000,   0.002) m/s
  Applied Force: (   0.00,    0.00,    5.89) N (|F|=5.89N)
  ✅ Gravity compensation active (Fz > 0)
  Actual Vel: (  0.000,   0.000,   0.067) m/s
  ℹ️  Velocity differs from PID (hybrid physics integration active)
────────────────────────────────────────────────────────────────────────────────

[VIEWPORT FIX] Setting drone position to (0.000, 0.000, 2.499)
[DBG RENDER] Viewport sync triggered at pos (0.000, 0.000, 2.498)

────────────────────────────────────────────────────────────────────────────────
[FRAME 865] Δt = 1.00s
────────────────────────────────────────────────────────────────────────────────
  State      : Armed=True, Mode=LOITER
  Position   : (  0.000,   0.000,   2.498)
  Velocity   : (  0.000,   0.000,  -0.129)
  Target Pos : (  0.000,   0.000,   2.498)
  Error      : (  0.000,   0.000,   0.000) = 0.000m
  PID Output : (  0.000,   0.000,   0.002) m/s
  Applied Force: (   0.00,    0.00,    5.89) N (|F|=5.89N)
  ✅ Gravity compensation active (Fz > 0)
  Actual Vel: (  0.000,   0.000,   0.067) m/s
  ℹ️  Velocity differs from PID (hybrid physics integration active)
────────────────────────────────────────────────────────────────────────────────

[DBG RENDER] Viewport sync triggered at pos (0.000, 0.000, 2.498)

────────────────────────────────────────────────────────────────────────────────
[FRAME 885] Δt = 1.00s
────────────────────────────────────────────────────────────────────────────────
  State      : Armed=True, Mode=LOITER
  Position   : (  0.000,   0.000,   2.498)
  Velocity   : (  0.000,   0.000,  -0.129)
  Target Pos : (  0.000,   0.000,   2.498)
  Error      : (  0.000,   0.000,   0.000) = 0.000m
  PID Output : (  0.000,   0.000,   0.002) m/s
  Applied Force: (   0.00,    0.00,    5.89) N (|F|=5.89N)
  ✅ Gravity compensation active (Fz > 0)
  Actual Vel: (  0.000,   0.000,   0.067) m/s
  ℹ️  Velocity differs from PID (hybrid physics integration active)
────────────────────────────────────────────────────────────────────────────────

[DBG CACHE] Frame 900: Updating cache with pos=(0.000,0.000,2.499)
[DBG ROS2] Publishing to /drone/odom: pos=(0.000,0.000,2.499)
[VIEWPORT FIX] Setting drone position to (0.000, 0.000, 2.499)
[DBG RENDER] Viewport sync triggered at pos (0.000, 0.000, 2.498)

────────────────────────────────────────────────────────────────────────────────
[FRAME 904] Δt = 1.00s
────────────────────────────────────────────────────────────────────────────────
  State      : Armed=True, Mode=LOITER
  Position   : (  0.000,   0.000,   2.498)
  Velocity   : (  0.000,   0.000,  -0.129)
  Target Pos : (  0.000,   0.000,   2.498)
  Error      : (  0.000,   0.000,   0.000) = 0.000m
  PID Output : (  0.000,   0.000,   0.002) m/s
  Applied Force: (   0.00,    0.00,    5.89) N (|F|=5.89N)
  ✅ Gravity compensation active (Fz > 0)
  Actual Vel: (  0.000,   0.000,   0.067) m/s
  ℹ️  Velocity differs from PID (hybrid physics integration active)
────────────────────────────────────────────────────────────────────────────────

[DBG RENDER] Viewport sync triggered at pos (0.000, 0.000, 2.498)

────────────────────────────────────────────────────────────────────────────────
[FRAME 924] Δt = 1.00s
────────────────────────────────────────────────────────────────────────────────
  State      : Armed=True, Mode=LOITER
  Position   : (  0.000,   0.000,   2.498)
  Velocity   : (  0.000,   0.000,  -0.129)
  Target Pos : (  0.000,   0.000,   2.498)
  Error      : (  0.000,   0.000,   0.000) = 0.000m
  PID Output : (  0.000,   0.000,   0.002) m/s
  Applied Force: (   0.00,    0.00,    5.89) N (|F|=5.89N)
  ✅ Gravity compensation active (Fz > 0)
  Actual Vel: (  0.000,   0.000,   0.067) m/s
  ℹ️  Velocity differs from PID (hybrid physics integration active)
────────────────────────────────────────────────────────────────────────────────

[DBG RENDER] Viewport sync triggered at pos (0.000, 0.000, 2.498)

────────────────────────────────────────────────────────────────────────────────
[FRAME 943] Δt = 1.00s
────────────────────────────────────────────────────────────────────────────────
  State      : Armed=True, Mode=LOITER
  Position   : (  0.000,   0.000,   2.498)
  Velocity   : (  0.000,   0.000,  -0.129)
  Target Pos : (  0.000,   0.000,   2.498)
  Error      : (  0.000,   0.000,   0.000) = 0.000m
  PID Output : (  0.000,   0.000,   0.002) m/s
  Applied Force: (   0.00,    0.00,    5.89) N (|F|=5.89N)
  ✅ Gravity compensation active (Fz > 0)
  Actual Vel: (  0.000,   0.000,   0.067) m/s
  ℹ️  Velocity differs from PID (hybrid physics integration active)
────────────────────────────────────────────────────────────────────────────────

[VIEWPORT FIX] Setting drone position to (0.000, 0.000, 2.499)
[DBG CACHE] Frame 960: Updating cache with pos=(0.000,0.000,2.499)
[DBG ROS2] Publishing to /drone/odom: pos=(0.000,0.000,2.499)
[DBG RENDER] Viewport sync triggered at pos (0.000, 0.000, 2.498)

────────────────────────────────────────────────────────────────────────────────
[FRAME 962] Δt = 1.00s
────────────────────────────────────────────────────────────────────────────────
  State      : Armed=True, Mode=LOITER
  Position   : (  0.000,   0.000,   2.498)
  Velocity   : (  0.000,   0.000,  -0.129)
  Target Pos : (  0.000,   0.000,   2.498)
  Error      : (  0.000,   0.000,   0.000) = 0.000m
  PID Output : (  0.000,   0.000,   0.002) m/s
  Applied Force: (   0.00,    0.00,    5.89) N (|F|=5.89N)
  ✅ Gravity compensation active (Fz > 0)
  Actual Vel: (  0.000,   0.000,   0.067) m/s
  ℹ️  Velocity differs from PID (hybrid physics integration active)
────────────────────────────────────────────────────────────────────────────────

[DBG RENDER] Viewport sync triggered at pos (0.000, 0.000, 2.498)

────────────────────────────────────────────────────────────────────────────────
[FRAME 982] Δt = 1.00s
────────────────────────────────────────────────────────────────────────────────
  State      : Armed=True, Mode=LOITER
  Position   : (  0.000,   0.000,   2.498)
  Velocity   : (  0.000,   0.000,  -0.129)
  Target Pos : (  0.000,   0.000,   2.498)
  Error      : (  0.000,   0.000,   0.000) = 0.000m
  PID Output : (  0.000,   0.000,   0.002) m/s
  Applied Force: (   0.00,    0.00,    5.89) N (|F|=5.89N)
  ✅ Gravity compensation active (Fz > 0)
  Actual Vel: (  0.000,   0.000,   0.067) m/s
  ℹ️  Velocity differs from PID (hybrid physics integration active)
────────────────────────────────────────────────────────────────────────────────

[VIEWPORT FIX] Setting drone position to (0.000, 0.000, 2.499)
[DBG RENDER] Viewport sync triggered at pos (0.000, 0.000, 2.498)

────────────────────────────────────────────────────────────────────────────────
[FRAME 1002] Δt = 1.00s
────────────────────────────────────────────────────────────────────────────────
  State      : Armed=True, Mode=LOITER
  Position   : (  0.000,   0.000,   2.498)
  Velocity   : (  0.000,   0.000,  -0.129)
  Target Pos : (  0.000,   0.000,   2.498)
  Error      : (  0.000,   0.000,   0.000) = 0.000m
  PID Output : (  0.000,   0.000,   0.002) m/s
  Applied Force: (   0.00,    0.00,    5.89) N (|F|=5.89N)
  ✅ Gravity compensation active (Fz > 0)
  Actual Vel: (  0.000,   0.000,   0.067) m/s
  ℹ️  Velocity differs from PID (hybrid physics integration active)
────────────────────────────────────────────────────────────────────────────────

[DBG CACHE] Frame 1020: Updating cache with pos=(0.000,0.000,2.499)
[DBG ROS2] Publishing to /drone/odom: pos=(0.000,0.000,2.499)
[DBG RENDER] Viewport sync triggered at pos (0.000, 0.000, 2.498)

────────────────────────────────────────────────────────────────────────────────
[FRAME 1021] Δt = 1.00s
────────────────────────────────────────────────────────────────────────────────
  State      : Armed=True, Mode=LOITER
  Position   : (  0.000,   0.000,   2.498)
  Velocity   : (  0.000,   0.000,  -0.129)
  Target Pos : (  0.000,   0.000,   2.498)
  Error      : (  0.000,   0.000,   0.000) = 0.000m
  PID Output : (  0.000,   0.000,   0.002) m/s
  Applied Force: (   0.00,    0.00,    5.89) N (|F|=5.89N)
  ✅ Gravity compensation active (Fz > 0)
  Actual Vel: (  0.000,   0.000,   0.067) m/s
  ℹ️  Velocity differs from PID (hybrid physics integration active)
────────────────────────────────────────────────────────────────────────────────


────────────────────────────────────────────────────────────────────────────────
[FRAME 1040] Δt = 1.00s
────────────────────────────────────────────────────────────────────────────────
  State      : Armed=True, Mode=LOITER
  Position   : (  0.000,   0.000,   2.498)
  Velocity   : (  0.000,   0.000,  -0.129)
  Target Pos : (  0.000,   0.000,   2.498)
  Error      : (  0.000,   0.000,   0.000) = 0.000m
  PID Output : (  0.000,   0.000,   0.002) m/s
  Applied Force: (   0.00,    0.00,    5.89) N (|F|=5.89N)
  ✅ Gravity compensation active (Fz > 0)
  Actual Vel: (  0.000,   0.000,   0.067) m/s
  ℹ️  Velocity differs from PID (hybrid physics integration active)
────────────────────────────────────────────────────────────────────────────────

[DBG RENDER] Viewport sync triggered at pos (0.000, 0.000, 2.498)
[VIEWPORT FIX] Setting drone position to (0.000, 0.000, 2.499)

────────────────────────────────────────────────────────────────────────────────
[FRAME 1059] Δt = 1.00s
────────────────────────────────────────────────────────────────────────────────
  State      : Armed=True, Mode=LOITER
  Position   : (  0.000,   0.000,   2.498)
  Velocity   : (  0.000,   0.000,  -0.129)
  Target Pos : (  0.000,   0.000,   2.498)
  Error      : (  0.000,   0.000,   0.000) = 0.000m
  PID Output : (  0.000,   0.000,   0.002) m/s
  Applied Force: (   0.00,    0.00,    5.89) N (|F|=5.89N)
  ✅ Gravity compensation active (Fz > 0)
  Actual Vel: (  0.000,   0.000,   0.067) m/s
  ℹ️  Velocity differs from PID (hybrid physics integration active)
────────────────────────────────────────────────────────────────────────────────

[DBG RENDER] Viewport sync triggered at pos (0.000, 0.000, 2.498)

────────────────────────────────────────────────────────────────────────────────
[FRAME 1079] Δt = 1.00s
────────────────────────────────────────────────────────────────────────────────
  State      : Armed=True, Mode=LOITER
  Position   : (  0.000,   0.000,   2.498)
  Velocity   : (  0.000,   0.000,  -0.129)
  Target Pos : (  0.000,   0.000,   2.498)
  Error      : (  0.000,   0.000,   0.000) = 0.000m
  PID Output : (  0.000,   0.000,   0.002) m/s
  Applied Force: (   0.00,    0.00,    5.89) N (|F|=5.89N)
  ✅ Gravity compensation active (Fz > 0)
  Actual Vel: (  0.000,   0.000,   0.067) m/s
  ℹ️  Velocity differs from PID (hybrid physics integration active)
────────────────────────────────────────────────────────────────────────────────

[DBG CACHE] Frame 1080: Updating cache with pos=(0.000,0.000,2.499)
[DBG ROS2] Publishing to /drone/odom: pos=(0.000,0.000,2.499)
[DBG RENDER] Viewport sync triggered at pos (0.000, 0.000, 2.498)

────────────────────────────────────────────────────────────────────────────────
[FRAME 1099] Δt = 1.00s
────────────────────────────────────────────────────────────────────────────────
  State      : Armed=True, Mode=LOITER
  Position   : (  0.000,   0.000,   2.498)
  Velocity   : (  0.000,   0.000,  -0.129)
  Target Pos : (  0.000,   0.000,   2.498)
  Error      : (  0.000,   0.000,   0.000) = 0.000m
  PID Output : (  0.000,   0.000,   0.002) m/s
  Applied Force: (   0.00,    0.00,    5.89) N (|F|=5.89N)
  ✅ Gravity compensation active (Fz > 0)
  Actual Vel: (  0.000,   0.000,   0.067) m/s
  ℹ️  Velocity differs from PID (hybrid physics integration active)
────────────────────────────────────────────────────────────────────────────────

[VIEWPORT FIX] Setting drone position to (0.000, 0.000, 2.499)
[DBG RENDER] Viewport sync triggered at pos (0.000, 0.000, 2.498)

────────────────────────────────────────────────────────────────────────────────
[FRAME 1119] Δt = 1.00s
────────────────────────────────────────────────────────────────────────────────
  State      : Armed=True, Mode=LOITER
  Position   : (  0.000,   0.000,   2.498)
  Velocity   : (  0.000,   0.000,  -0.129)
  Target Pos : (  0.000,   0.000,   2.498)
  Error      : (  0.000,   0.000,   0.000) = 0.000m
  PID Output : (  0.000,   0.000,   0.002) m/s
  Applied Force: (   0.00,    0.00,    5.89) N (|F|=5.89N)
  ✅ Gravity compensation active (Fz > 0)
  Actual Vel: (  0.000,   0.000,   0.067) m/s
  ℹ️  Velocity differs from PID (hybrid physics integration active)
────────────────────────────────────────────────────────────────────────────────

[DBG RENDER] Viewport sync triggered at pos (0.000, 0.000, 2.498)

────────────────────────────────────────────────────────────────────────────────
[FRAME 1138] Δt = 1.00s
────────────────────────────────────────────────────────────────────────────────
  State      : Armed=True, Mode=LOITER
  Position   : (  0.000,   0.000,   2.498)
  Velocity   : (  0.000,   0.000,  -0.129)
  Target Pos : (  0.000,   0.000,   2.498)
  Error      : (  0.000,   0.000,   0.000) = 0.000m
  PID Output : (  0.000,   0.000,   0.002) m/s
  Applied Force: (   0.00,    0.00,    5.89) N (|F|=5.89N)
  ✅ Gravity compensation active (Fz > 0)
  Actual Vel: (  0.000,   0.000,   0.067) m/s
  ℹ️  Velocity differs from PID (hybrid physics integration active)
────────────────────────────────────────────────────────────────────────────────

[DBG CACHE] Frame 1140: Updating cache with pos=(0.000,0.000,2.499)
[DBG ROS2] Publishing to /drone/odom: pos=(0.000,0.000,2.499)
[DBG RENDER] Viewport sync triggered at pos (0.000, 0.000, 2.498)
[VIEWPORT FIX] Setting drone position to (0.000, 0.000, 2.499)

────────────────────────────────────────────────────────────────────────────────
[FRAME 1157] Δt = 1.00s
────────────────────────────────────────────────────────────────────────────────
  State      : Armed=True, Mode=LOITER
  Position   : (  0.000,   0.000,   2.498)
  Velocity   : (  0.000,   0.000,  -0.129)
  Target Pos : (  0.000,   0.000,   2.498)
  Error      : (  0.000,   0.000,   0.000) = 0.000m
  PID Output : (  0.000,   0.000,   0.002) m/s
  Applied Force: (   0.00,    0.00,    5.89) N (|F|=5.89N)
  ✅ Gravity compensation active (Fz > 0)
  Actual Vel: (  0.000,   0.000,   0.067) m/s
  ℹ️  Velocity differs from PID (hybrid physics integration active)
────────────────────────────────────────────────────────────────────────────────

[DBG RENDER] Viewport sync triggered at pos (0.000, 0.000, 2.498)

────────────────────────────────────────────────────────────────────────────────
[FRAME 1176] Δt = 1.00s
────────────────────────────────────────────────────────────────────────────────
  State      : Armed=True, Mode=LOITER
  Position   : (  0.000,   0.000,   2.498)
  Velocity   : (  0.000,   0.000,  -0.129)
  Target Pos : (  0.000,   0.000,   2.498)
  Error      : (  0.000,   0.000,   0.000) = 0.000m
  PID Output : (  0.000,   0.000,   0.002) m/s
  Applied Force: (   0.00,    0.00,    5.89) N (|F|=5.89N)
  ✅ Gravity compensation active (Fz > 0)
  Actual Vel: (  0.000,   0.000,   0.067) m/s
  ℹ️  Velocity differs from PID (hybrid physics integration active)
────────────────────────────────────────────────────────────────────────────────

[DBG RENDER] Viewport sync triggered at pos (0.000, 0.000, 2.498)

────────────────────────────────────────────────────────────────────────────────
[FRAME 1195] Δt = 1.00s
────────────────────────────────────────────────────────────────────────────────
  State      : Armed=True, Mode=LOITER
  Position   : (  0.000,   0.000,   2.498)
  Velocity   : (  0.000,   0.000,  -0.129)
  Target Pos : (  0.000,   0.000,   2.498)
  Error      : (  0.000,   0.000,   0.000) = 0.000m
  PID Output : (  0.000,   0.000,   0.002) m/s
  Applied Force: (   0.00,    0.00,    5.89) N (|F|=5.89N)
  ✅ Gravity compensation active (Fz > 0)
  Actual Vel: (  0.000,   0.000,   0.067) m/s
  ℹ️  Velocity differs from PID (hybrid physics integration active)
────────────────────────────────────────────────────────────────────────────────

[DBG CACHE] Frame 1200: Updating cache with pos=(0.000,0.000,2.499)
[DBG ROS2] Publishing to /drone/odom: pos=(0.000,0.000,2.499)
[VIEWPORT FIX] Setting drone position to (0.000, 0.000, 2.499)
[DBG RENDER] Viewport sync triggered at pos (0.000, 0.000, 2.498)

────────────────────────────────────────────────────────────────────────────────
[FRAME 1214] Δt = 1.00s
────────────────────────────────────────────────────────────────────────────────
  State      : Armed=True, Mode=LOITER
  Position   : (  0.000,   0.000,   2.498)
  Velocity   : (  0.000,   0.000,  -0.129)
  Target Pos : (  0.000,   0.000,   2.498)
  Error      : (  0.000,   0.000,   0.000) = 0.000m
  PID Output : (  0.000,   0.000,   0.002) m/s
  Applied Force: (   0.00,    0.00,    5.89) N (|F|=5.89N)
  ✅ Gravity compensation active (Fz > 0)
  Actual Vel: (  0.000,   0.000,   0.067) m/s
  ℹ️  Velocity differs from PID (hybrid physics integration active)
────────────────────────────────────────────────────────────────────────────────

[DBG RENDER] Viewport sync triggered at pos (0.000, 0.000, 2.498)

────────────────────────────────────────────────────────────────────────────────
[FRAME 1233] Δt = 1.00s
────────────────────────────────────────────────────────────────────────────────
  State      : Armed=True, Mode=LOITER
  Position   : (  0.000,   0.000,   2.498)
  Velocity   : (  0.000,   0.000,  -0.129)
  Target Pos : (  0.000,   0.000,   2.498)
  Error      : (  0.000,   0.000,   0.000) = 0.000m
  PID Output : (  0.000,   0.000,   0.002) m/s
  Applied Force: (   0.00,    0.00,    5.89) N (|F|=5.89N)
  ✅ Gravity compensation active (Fz > 0)
  Actual Vel: (  0.000,   0.000,   0.067) m/s
  ℹ️  Velocity differs from PID (hybrid physics integration active)
────────────────────────────────────────────────────────────────────────────────

[DBG RENDER] Viewport sync triggered at pos (0.000, 0.000, 2.498)
[VIEWPORT FIX] Setting drone position to (0.000, 0.000, 2.499)

────────────────────────────────────────────────────────────────────────────────
[FRAME 1252] Δt = 1.00s
────────────────────────────────────────────────────────────────────────────────
  State      : Armed=True, Mode=LOITER
  Position   : (  0.000,   0.000,   2.498)
  Velocity   : (  0.000,   0.000,  -0.129)
  Target Pos : (  0.000,   0.000,   2.498)
  Error      : (  0.000,   0.000,   0.000) = 0.000m
  PID Output : (  0.000,   0.000,   0.002) m/s
  Applied Force: (   0.00,    0.00,    5.89) N (|F|=5.89N)
  ✅ Gravity compensation active (Fz > 0)
  Actual Vel: (  0.000,   0.000,   0.067) m/s
  ℹ️  Velocity differs from PID (hybrid physics integration active)
────────────────────────────────────────────────────────────────────────────────

[DBG CACHE] Frame 1260: Updating cache with pos=(0.000,0.000,2.499)
[DBG ROS2] Publishing to /drone/odom: pos=(0.000,0.000,2.499)
[DBG RENDER] Viewport sync triggered at pos (0.000, 0.000, 2.498)

────────────────────────────────────────────────────────────────────────────────
[FRAME 1272] Δt = 1.00s
────────────────────────────────────────────────────────────────────────────────
  State      : Armed=True, Mode=LOITER
  Position   : (  0.000,   0.000,   2.498)
  Velocity   : (  0.000,   0.000,  -0.129)
  Target Pos : (  0.000,   0.000,   2.498)
  Error      : (  0.000,   0.000,   0.000) = 0.000m
  PID Output : (  0.000,   0.000,   0.002) m/s
  Applied Force: (   0.00,    0.00,    5.89) N (|F|=5.89N)
  ✅ Gravity compensation active (Fz > 0)
  Actual Vel: (  0.000,   0.000,   0.067) m/s
  ℹ️  Velocity differs from PID (hybrid physics integration active)
────────────────────────────────────────────────────────────────────────────────

[DBG RENDER] Viewport sync triggered at pos (0.000, 0.000, 2.498)

────────────────────────────────────────────────────────────────────────────────
[FRAME 1291] Δt = 1.00s
────────────────────────────────────────────────────────────────────────────────
  State      : Armed=True, Mode=LOITER
  Position   : (  0.000,   0.000,   2.498)
  Velocity   : (  0.000,   0.000,  -0.129)
  Target Pos : (  0.000,   0.000,   2.498)
  Error      : (  0.000,   0.000,   0.000) = 0.000m
  PID Output : (  0.000,   0.000,   0.002) m/s
  Applied Force: (   0.00,    0.00,    5.89) N (|F|=5.89N)
  ✅ Gravity compensation active (Fz > 0)
  Actual Vel: (  0.000,   0.000,   0.067) m/s
  ℹ️  Velocity differs from PID (hybrid physics integration active)
────────────────────────────────────────────────────────────────────────────────

[VIEWPORT FIX] Setting drone position to (0.000, 0.000, 2.499)
[DBG RENDER] Viewport sync triggered at pos (0.000, 0.000, 2.498)

────────────────────────────────────────────────────────────────────────────────
[FRAME 1310] Δt = 1.00s
────────────────────────────────────────────────────────────────────────────────
  State      : Armed=True, Mode=LOITER
  Position   : (  0.000,   0.000,   2.498)
  Velocity   : (  0.000,   0.000,  -0.129)
  Target Pos : (  0.000,   0.000,   2.498)
  Error      : (  0.000,   0.000,   0.000) = 0.000m
  PID Output : (  0.000,   0.000,   0.002) m/s
  Applied Force: (   0.00,    0.00,    5.89) N (|F|=5.89N)
  ✅ Gravity compensation active (Fz > 0)
  Actual Vel: (  0.000,   0.000,   0.067) m/s
  ℹ️  Velocity differs from PID (hybrid physics integration active)
────────────────────────────────────────────────────────────────────────────────

[DBG CACHE] Frame 1320: Updating cache with pos=(0.000,0.000,2.499)
[DBG ROS2] Publishing to /drone/odom: pos=(0.000,0.000,2.499)
[DBG RENDER] Viewport sync triggered at pos (0.000, 0.000, 2.498)

────────────────────────────────────────────────────────────────────────────────
[FRAME 1329] Δt = 1.00s
────────────────────────────────────────────────────────────────────────────────
  State      : Armed=True, Mode=LOITER
  Position   : (  0.000,   0.000,   2.498)
  Velocity   : (  0.000,   0.000,  -0.129)
  Target Pos : (  0.000,   0.000,   2.498)
  Error      : (  0.000,   0.000,   0.000) = 0.000m
  PID Output : (  0.000,   0.000,   0.002) m/s
  Applied Force: (   0.00,    0.00,    5.89) N (|F|=5.89N)
  ✅ Gravity compensation active (Fz > 0)
  Actual Vel: (  0.000,   0.000,   0.067) m/s
  ℹ️  Velocity differs from PID (hybrid physics integration active)
────────────────────────────────────────────────────────────────────────────────

[DBG RENDER] Viewport sync triggered at pos (0.000, 0.000, 2.498)

────────────────────────────────────────────────────────────────────────────────
[FRAME 1347] Δt = 1.00s
────────────────────────────────────────────────────────────────────────────────
  State      : Armed=True, Mode=LOITER
  Position   : (  0.000,   0.000,   2.498)
  Velocity   : (  0.000,   0.000,  -0.129)
  Target Pos : (  0.000,   0.000,   2.498)
  Error      : (  0.000,   0.000,   0.000) = 0.000m
  PID Output : (  0.000,   0.000,   0.002) m/s
  Applied Force: (   0.00,    0.00,    5.89) N (|F|=5.89N)
  ✅ Gravity compensation active (Fz > 0)
  Actual Vel: (  0.000,   0.000,   0.067) m/s
  ℹ️  Velocity differs from PID (hybrid physics integration active)
────────────────────────────────────────────────────────────────────────────────

[VIEWPORT FIX] Setting drone position to (0.000, 0.000, 2.499)
[DBG RENDER] Viewport sync triggered at pos (0.000, 0.000, 2.498)

────────────────────────────────────────────────────────────────────────────────
[FRAME 1366] Δt = 1.00s
────────────────────────────────────────────────────────────────────────────────
  State      : Armed=True, Mode=LOITER
  Position   : (  0.000,   0.000,   2.498)
  Velocity   : (  0.000,   0.000,  -0.129)
  Target Pos : (  0.000,   0.000,   2.498)
  Error      : (  0.000,   0.000,   0.000) = 0.000m
  PID Output : (  0.000,   0.000,   0.002) m/s
  Applied Force: (   0.00,    0.00,    5.89) N (|F|=5.89N)
  ✅ Gravity compensation active (Fz > 0)
  Actual Vel: (  0.000,   0.000,   0.067) m/s
  ℹ️  Velocity differs from PID (hybrid physics integration active)
────────────────────────────────────────────────────────────────────────────────

[DBG CACHE] Frame 1380: Updating cache with pos=(0.000,0.000,2.499)
[DBG ROS2] Publishing to /drone/odom: pos=(0.000,0.000,2.499)
[DBG RENDER] Viewport sync triggered at pos (0.000, 0.000, 2.498)

────────────────────────────────────────────────────────────────────────────────
[FRAME 1385] Δt = 1.00s
────────────────────────────────────────────────────────────────────────────────
  State      : Armed=True, Mode=LOITER
  Position   : (  0.000,   0.000,   2.498)
  Velocity   : (  0.000,   0.000,  -0.129)
  Target Pos : (  0.000,   0.000,   2.498)
  Error      : (  0.000,   0.000,   0.000) = 0.000m
  PID Output : (  0.000,   0.000,   0.002) m/s
  Applied Force: (   0.00,    0.00,    5.89) N (|F|=5.89N)
  ✅ Gravity compensation active (Fz > 0)
  Actual Vel: (  0.000,   0.000,   0.067) m/s
  ℹ️  Velocity differs from PID (hybrid physics integration active)
────────────────────────────────────────────────────────────────────────────────

[VIEWPORT FIX] Setting drone position to (0.000, 0.000, 2.499)
[DBG RENDER] Viewport sync triggered at pos (0.000, 0.000, 2.498)

────────────────────────────────────────────────────────────────────────────────
[FRAME 1405] Δt = 1.00s
────────────────────────────────────────────────────────────────────────────────
  State      : Armed=True, Mode=LOITER
  Position   : (  0.000,   0.000,   2.498)
  Velocity   : (  0.000,   0.000,  -0.129)
  Target Pos : (  0.000,   0.000,   2.498)
  Error      : (  0.000,   0.000,   0.000) = 0.000m
  PID Output : (  0.000,   0.000,   0.002) m/s
  Applied Force: (   0.00,    0.00,    5.89) N (|F|=5.89N)
  ✅ Gravity compensation active (Fz > 0)
  Actual Vel: (  0.000,   0.000,   0.067) m/s
  ℹ️  Velocity differs from PID (hybrid physics integration active)
────────────────────────────────────────────────────────────────────────────────

[DBG RENDER] Viewport sync triggered at pos (0.000, 0.000, 2.498)

────────────────────────────────────────────────────────────────────────────────
[FRAME 1425] Δt = 1.00s
────────────────────────────────────────────────────────────────────────────────
  State      : Armed=True, Mode=LOITER
  Position   : (  0.000,   0.000,   2.498)
  Velocity   : (  0.000,   0.000,  -0.129)
  Target Pos : (  0.000,   0.000,   2.498)
  Error      : (  0.000,   0.000,   0.000) = 0.000m
  PID Output : (  0.000,   0.000,   0.002) m/s
  Applied Force: (   0.00,    0.00,    5.89) N (|F|=5.89N)
  ✅ Gravity compensation active (Fz > 0)
  Actual Vel: (  0.000,   0.000,   0.067) m/s
  ℹ️  Velocity differs from PID (hybrid physics integration active)
────────────────────────────────────────────────────────────────────────────────

[DBG CACHE] Frame 1440: Updating cache with pos=(0.000,0.000,2.499)
[DBG ROS2] Publishing to /drone/odom: pos=(0.000,0.000,2.499)
[DBG RENDER] Viewport sync triggered at pos (0.000, 0.000, 2.498)

────────────────────────────────────────────────────────────────────────────────
[FRAME 1443] Δt = 1.00s
────────────────────────────────────────────────────────────────────────────────
  State      : Armed=True, Mode=LOITER
  Position   : (  0.000,   0.000,   2.498)
  Velocity   : (  0.000,   0.000,  -0.129)
  Target Pos : (  0.000,   0.000,   2.498)
  Error      : (  0.000,   0.000,   0.000) = 0.000m
  PID Output : (  0.000,   0.000,   0.002) m/s
  Applied Force: (   0.00,    0.00,    5.89) N (|F|=5.89N)
  ✅ Gravity compensation active (Fz > 0)
  Actual Vel: (  0.000,   0.000,   0.067) m/s
  ℹ️  Velocity differs from PID (hybrid physics integration active)
────────────────────────────────────────────────────────────────────────────────

[VIEWPORT FIX] Setting drone position to (0.000, 0.000, 2.499)
[DBG RENDER] Viewport sync triggered at pos (0.000, 0.000, 2.498)

────────────────────────────────────────────────────────────────────────────────
[FRAME 1462] Δt = 1.00s
────────────────────────────────────────────────────────────────────────────────
  State      : Armed=True, Mode=LOITER
  Position   : (  0.000,   0.000,   2.498)
  Velocity   : (  0.000,   0.000,  -0.129)
  Target Pos : (  0.000,   0.000,   2.498)
  Error      : (  0.000,   0.000,   0.000) = 0.000m
  PID Output : (  0.000,   0.000,   0.002) m/s
  Applied Force: (   0.00,    0.00,    5.89) N (|F|=5.89N)
  ✅ Gravity compensation active (Fz > 0)
  Actual Vel: (  0.000,   0.000,   0.067) m/s
  ℹ️  Velocity differs from PID (hybrid physics integration active)
────────────────────────────────────────────────────────────────────────────────

[DBG RENDER] Viewport sync triggered at pos (0.000, 0.000, 2.498)

────────────────────────────────────────────────────────────────────────────────
[FRAME 1481] Δt = 1.00s
────────────────────────────────────────────────────────────────────────────────
  State      : Armed=True, Mode=LOITER
  Position   : (  0.000,   0.000,   2.498)
  Velocity   : (  0.000,   0.000,  -0.129)
  Target Pos : (  0.000,   0.000,   2.498)
  Error      : (  0.000,   0.000,   0.000) = 0.000m
  PID Output : (  0.000,   0.000,   0.002) m/s
  Applied Force: (   0.00,    0.00,    5.89) N (|F|=5.89N)
  ✅ Gravity compensation active (Fz > 0)
  Actual Vel: (  0.000,   0.000,   0.067) m/s
  ℹ️  Velocity differs from PID (hybrid physics integration active)
────────────────────────────────────────────────────────────────────────────────

[DBG CACHE] Frame 1500: Updating cache with pos=(0.000,0.000,2.499)
[DBG ROS2] Publishing to /drone/odom: pos=(0.000,0.000,2.499)
[VIEWPORT FIX] Setting drone position to (0.000, 0.000, 2.499)
[DBG RENDER] Viewport sync triggered at pos (0.000, 0.000, 2.498)

────────────────────────────────────────────────────────────────────────────────
[FRAME 1501] Δt = 1.00s
────────────────────────────────────────────────────────────────────────────────
  State      : Armed=True, Mode=LOITER
  Position   : (  0.000,   0.000,   2.498)
  Velocity   : (  0.000,   0.000,  -0.129)
  Target Pos : (  0.000,   0.000,   2.498)
  Error      : (  0.000,   0.000,   0.000) = 0.000m
  PID Output : (  0.000,   0.000,   0.002) m/s
  Applied Force: (   0.00,    0.00,    5.89) N (|F|=5.89N)
  ✅ Gravity compensation active (Fz > 0)
  Actual Vel: (  0.000,   0.000,   0.067) m/s
  ℹ️  Velocity differs from PID (hybrid physics integration active)
────────────────────────────────────────────────────────────────────────────────


────────────────────────────────────────────────────────────────────────────────
[FRAME 1520] Δt = 1.00s
────────────────────────────────────────────────────────────────────────────────
  State      : Armed=True, Mode=LOITER
  Position   : (  0.000,   0.000,   2.498)
  Velocity   : (  0.000,   0.000,  -0.129)
  Target Pos : (  0.000,   0.000,   2.498)
  Error      : (  0.000,   0.000,   0.000) = 0.000m
  PID Output : (  0.000,   0.000,   0.002) m/s
  Applied Force: (   0.00,    0.00,    5.89) N (|F|=5.89N)
  ✅ Gravity compensation active (Fz > 0)
  Actual Vel: (  0.000,   0.000,   0.067) m/s
  ℹ️  Velocity differs from PID (hybrid physics integration active)
────────────────────────────────────────────────────────────────────────────────

[DBG RENDER] Viewport sync triggered at pos (0.000, 0.000, 2.498)

────────────────────────────────────────────────────────────────────────────────
[FRAME 1540] Δt = 1.00s
────────────────────────────────────────────────────────────────────────────────
  State      : Armed=True, Mode=LOITER
  Position   : (  0.000,   0.000,   2.498)
  Velocity   : (  0.000,   0.000,  -0.129)
  Target Pos : (  0.000,   0.000,   2.498)
  Error      : (  0.000,   0.000,   0.000) = 0.000m
  PID Output : (  0.000,   0.000,   0.002) m/s
  Applied Force: (   0.00,    0.00,    5.89) N (|F|=5.89N)
  ✅ Gravity compensation active (Fz > 0)
  Actual Vel: (  0.000,   0.000,   0.067) m/s
  ℹ️  Velocity differs from PID (hybrid physics integration active)
────────────────────────────────────────────────────────────────────────────────

[DBG RENDER] Viewport sync triggered at pos (0.000, 0.000, 2.498)
[VIEWPORT FIX] Setting drone position to (0.000, 0.000, 2.499)

────────────────────────────────────────────────────────────────────────────────
[FRAME 1560] Δt = 1.00s
────────────────────────────────────────────────────────────────────────────────
  State      : Armed=True, Mode=LOITER
  Position   : (  0.000,   0.000,   2.498)
  Velocity   : (  0.000,   0.000,  -0.129)
  Target Pos : (  0.000,   0.000,   2.498)
  Error      : (  0.000,   0.000,   0.000) = 0.000m
  PID Output : (  0.000,   0.000,   0.002) m/s
  Applied Force: (   0.00,    0.00,    5.89) N (|F|=5.89N)
  ✅ Gravity compensation active (Fz > 0)
  Actual Vel: (  0.000,   0.000,   0.067) m/s
  ℹ️  Velocity differs from PID (hybrid physics integration active)
────────────────────────────────────────────────────────────────────────────────

[DBG CACHE] Frame 1560: Updating cache with pos=(0.000,0.000,2.499)
[DBG ROS2] Publishing to /drone/odom: pos=(0.000,0.000,2.499)
[DBG RENDER] Viewport sync triggered at pos (0.000, 0.000, 2.498)

────────────────────────────────────────────────────────────────────────────────
[FRAME 1580] Δt = 1.00s
────────────────────────────────────────────────────────────────────────────────
  State      : Armed=True, Mode=LOITER
  Position   : (  0.000,   0.000,   2.498)
  Velocity   : (  0.000,   0.000,  -0.129)
  Target Pos : (  0.000,   0.000,   2.498)
  Error      : (  0.000,   0.000,   0.000) = 0.000m
  PID Output : (  0.000,   0.000,   0.002) m/s
  Applied Force: (   0.00,    0.00,    5.89) N (|F|=5.89N)
  ✅ Gravity compensation active (Fz > 0)
  Actual Vel: (  0.000,   0.000,   0.067) m/s
  ℹ️  Velocity differs from PID (hybrid physics integration active)
────────────────────────────────────────────────────────────────────────────────

[DBG RENDER] Viewport sync triggered at pos (0.000, 0.000, 2.498)

────────────────────────────────────────────────────────────────────────────────
[FRAME 1599] Δt = 1.00s
────────────────────────────────────────────────────────────────────────────────
  State      : Armed=True, Mode=LOITER
  Position   : (  0.000,   0.000,   2.498)
  Velocity   : (  0.000,   0.000,  -0.129)
  Target Pos : (  0.000,   0.000,   2.498)
  Error      : (  0.000,   0.000,   0.000) = 0.000m
  PID Output : (  0.000,   0.000,   0.002) m/s
  Applied Force: (   0.00,    0.00,    5.89) N (|F|=5.89N)
  ✅ Gravity compensation active (Fz > 0)
  Actual Vel: (  0.000,   0.000,   0.067) m/s
  ℹ️  Velocity differs from PID (hybrid physics integration active)
────────────────────────────────────────────────────────────────────────────────

[VIEWPORT FIX] Setting drone position to (0.000, 0.000, 2.499)
[DBG RENDER] Viewport sync triggered at pos (0.000, 0.000, 2.498)

────────────────────────────────────────────────────────────────────────────────
[FRAME 1619] Δt = 1.00s
────────────────────────────────────────────────────────────────────────────────
  State      : Armed=True, Mode=LOITER
  Position   : (  0.000,   0.000,   2.498)
  Velocity   : (  0.000,   0.000,  -0.129)
  Target Pos : (  0.000,   0.000,   2.498)
  Error      : (  0.000,   0.000,   0.000) = 0.000m
  PID Output : (  0.000,   0.000,   0.002) m/s
  Applied Force: (   0.00,    0.00,    5.89) N (|F|=5.89N)
  ✅ Gravity compensation active (Fz > 0)
  Actual Vel: (  0.000,   0.000,   0.067) m/s
  ℹ️  Velocity differs from PID (hybrid physics integration active)
────────────────────────────────────────────────────────────────────────────────

[DBG CACHE] Frame 1620: Updating cache with pos=(0.000,0.000,2.499)
[DBG ROS2] Publishing to /drone/odom: pos=(0.000,0.000,2.499)
[DBG RENDER] Viewport sync triggered at pos (0.000, 0.000, 2.498)

────────────────────────────────────────────────────────────────────────────────
[FRAME 1638] Δt = 1.00s
────────────────────────────────────────────────────────────────────────────────
  State      : Armed=True, Mode=LOITER
  Position   : (  0.000,   0.000,   2.498)
  Velocity   : (  0.000,   0.000,  -0.129)
  Target Pos : (  0.000,   0.000,   2.498)
  Error      : (  0.000,   0.000,   0.000) = 0.000m
  PID Output : (  0.000,   0.000,   0.002) m/s
  Applied Force: (   0.00,    0.00,    5.89) N (|F|=5.89N)
  ✅ Gravity compensation active (Fz > 0)
  Actual Vel: (  0.000,   0.000,   0.067) m/s
  ℹ️  Velocity differs from PID (hybrid physics integration active)
────────────────────────────────────────────────────────────────────────────────

[DBG RENDER] Viewport sync triggered at pos (0.000, 0.000, 2.498)
[VIEWPORT FIX] Setting drone position to (0.000, 0.000, 2.499)

────────────────────────────────────────────────────────────────────────────────
[FRAME 1657] Δt = 1.00s
────────────────────────────────────────────────────────────────────────────────
  State      : Armed=True, Mode=LOITER
  Position   : (  0.000,   0.000,   2.498)
  Velocity   : (  0.000,   0.000,  -0.129)
  Target Pos : (  0.000,   0.000,   2.498)
  Error      : (  0.000,   0.000,   0.000) = 0.000m
  PID Output : (  0.000,   0.000,   0.002) m/s
  Applied Force: (   0.00,    0.00,    5.89) N (|F|=5.89N)
  ✅ Gravity compensation active (Fz > 0)
  Actual Vel: (  0.000,   0.000,   0.067) m/s
  ℹ️  Velocity differs from PID (hybrid physics integration active)
────────────────────────────────────────────────────────────────────────────────

[DBG RENDER] Viewport sync triggered at pos (0.000, 0.000, 2.498)

────────────────────────────────────────────────────────────────────────────────
[FRAME 1676] Δt = 1.00s
────────────────────────────────────────────────────────────────────────────────
  State      : Armed=True, Mode=LOITER
  Position   : (  0.000,   0.000,   2.498)
  Velocity   : (  0.000,   0.000,  -0.129)
  Target Pos : (  0.000,   0.000,   2.498)
  Error      : (  0.000,   0.000,   0.000) = 0.000m
  PID Output : (  0.000,   0.000,   0.002) m/s
  Applied Force: (   0.00,    0.00,    5.89) N (|F|=5.89N)
  ✅ Gravity compensation active (Fz > 0)
  Actual Vel: (  0.000,   0.000,   0.067) m/s
  ℹ️  Velocity differs from PID (hybrid physics integration active)
────────────────────────────────────────────────────────────────────────────────

[DBG CACHE] Frame 1680: Updating cache with pos=(0.000,0.000,2.499)
[DBG ROS2] Publishing to /drone/odom: pos=(0.000,0.000,2.499)
[DBG RENDER] Viewport sync triggered at pos (0.000, 0.000, 2.498)

────────────────────────────────────────────────────────────────────────────────
[FRAME 1695] Δt = 1.00s
────────────────────────────────────────────────────────────────────────────────
  State      : Armed=True, Mode=LOITER
  Position   : (  0.000,   0.000,   2.498)
  Velocity   : (  0.000,   0.000,  -0.129)
  Target Pos : (  0.000,   0.000,   2.498)
  Error      : (  0.000,   0.000,   0.000) = 0.000m
  PID Output : (  0.000,   0.000,   0.002) m/s
  Applied Force: (   0.00,    0.00,    5.89) N (|F|=5.89N)
  ✅ Gravity compensation active (Fz > 0)
  Actual Vel: (  0.000,   0.000,   0.067) m/s
  ℹ️  Velocity differs from PID (hybrid physics integration active)
────────────────────────────────────────────────────────────────────────────────

[VIEWPORT FIX] Setting drone position to (0.000, 0.000, 2.499)
[DBG RENDER] Viewport sync triggered at pos (0.000, 0.000, 2.498)

────────────────────────────────────────────────────────────────────────────────
[FRAME 1714] Δt = 1.00s
────────────────────────────────────────────────────────────────────────────────
  State      : Armed=True, Mode=LOITER
  Position   : (  0.000,   0.000,   2.498)
  Velocity   : (  0.000,   0.000,  -0.129)
  Target Pos : (  0.000,   0.000,   2.498)
  Error      : (  0.000,   0.000,   0.000) = 0.000m
  PID Output : (  0.000,   0.000,   0.002) m/s
  Applied Force: (   0.00,    0.00,    5.89) N (|F|=5.89N)
  ✅ Gravity compensation active (Fz > 0)
  Actual Vel: (  0.000,   0.000,   0.067) m/s
  ℹ️  Velocity differs from PID (hybrid physics integration active)
────────────────────────────────────────────────────────────────────────────────

[DBG RENDER] Viewport sync triggered at pos (0.000, 0.000, 2.498)

────────────────────────────────────────────────────────────────────────────────
[FRAME 1733] Δt = 1.00s
────────────────────────────────────────────────────────────────────────────────
  State      : Armed=True, Mode=LOITER
  Position   : (  0.000,   0.000,   2.498)
  Velocity   : (  0.000,   0.000,  -0.129)
  Target Pos : (  0.000,   0.000,   2.498)
  Error      : (  0.000,   0.000,   0.000) = 0.000m
  PID Output : (  0.000,   0.000,   0.002) m/s
  Applied Force: (   0.00,    0.00,    5.89) N (|F|=5.89N)
  ✅ Gravity compensation active (Fz > 0)
  Actual Vel: (  0.000,   0.000,   0.067) m/s
  ℹ️  Velocity differs from PID (hybrid physics integration active)
────────────────────────────────────────────────────────────────────────────────

[DBG CACHE] Frame 1740: Updating cache with pos=(0.000,0.000,2.499)
[DBG ROS2] Publishing to /drone/odom: pos=(0.000,0.000,2.499)
[DBG RENDER] Viewport sync triggered at pos (0.000, 0.000, 2.498)
[VIEWPORT FIX] Setting drone position to (0.000, 0.000, 2.499)

────────────────────────────────────────────────────────────────────────────────
[FRAME 1752] Δt = 1.00s
────────────────────────────────────────────────────────────────────────────────
  State      : Armed=True, Mode=LOITER
  Position   : (  0.000,   0.000,   2.498)
  Velocity   : (  0.000,   0.000,  -0.129)
  Target Pos : (  0.000,   0.000,   2.498)
  Error      : (  0.000,   0.000,   0.000) = 0.000m
  PID Output : (  0.000,   0.000,   0.002) m/s
  Applied Force: (   0.00,    0.00,    5.89) N (|F|=5.89N)
  ✅ Gravity compensation active (Fz > 0)
  Actual Vel: (  0.000,   0.000,   0.067) m/s
  ℹ️  Velocity differs from PID (hybrid physics integration active)
────────────────────────────────────────────────────────────────────────────────

[DBG RENDER] Viewport sync triggered at pos (0.000, 0.000, 2.498)

────────────────────────────────────────────────────────────────────────────────
[FRAME 1771] Δt = 1.00s
────────────────────────────────────────────────────────────────────────────────
  State      : Armed=True, Mode=LOITER
  Position   : (  0.000,   0.000,   2.498)
  Velocity   : (  0.000,   0.000,  -0.129)
  Target Pos : (  0.000,   0.000,   2.498)
  Error      : (  0.000,   0.000,   0.000) = 0.000m
  PID Output : (  0.000,   0.000,   0.002) m/s
  Applied Force: (   0.00,    0.00,    5.89) N (|F|=5.89N)
  ✅ Gravity compensation active (Fz > 0)
  Actual Vel: (  0.000,   0.000,   0.067) m/s
  ℹ️  Velocity differs from PID (hybrid physics integration active)
────────────────────────────────────────────────────────────────────────────────

[DBG RENDER] Viewport sync triggered at pos (0.000, 0.000, 2.498)

────────────────────────────────────────────────────────────────────────────────
[FRAME 1790] Δt = 1.00s
────────────────────────────────────────────────────────────────────────────────
  State      : Armed=True, Mode=LOITER
  Position   : (  0.000,   0.000,   2.498)
  Velocity   : (  0.000,   0.000,  -0.129)
  Target Pos : (  0.000,   0.000,   2.498)
  Error      : (  0.000,   0.000,  -0.000) = 0.000m
  PID Output : (  0.000,   0.000,   0.002) m/s
  Applied Force: (   0.00,    0.00,    5.89) N (|F|=5.89N)
  ✅ Gravity compensation active (Fz > 0)
  Actual Vel: (  0.000,   0.000,   0.067) m/s
  ℹ️  Velocity differs from PID (hybrid physics integration active)
────────────────────────────────────────────────────────────────────────────────

[DBG CACHE] Frame 1800: Updating cache with pos=(0.000,0.000,2.499)
[DBG ROS2] Publishing to /drone/odom: pos=(0.000,0.000,2.499)
[VIEWPORT FIX] Setting drone position to (0.000, 0.000, 2.499)
[DBG RENDER] Viewport sync triggered at pos (0.000, 0.000, 2.498)

────────────────────────────────────────────────────────────────────────────────
[FRAME 1809] Δt = 1.00s
────────────────────────────────────────────────────────────────────────────────
  State      : Armed=True, Mode=LOITER
  Position   : (  0.000,   0.000,   2.498)
  Velocity   : (  0.000,   0.000,  -0.129)
  Target Pos : (  0.000,   0.000,   2.498)
  Error      : (  0.000,   0.000,  -0.000) = 0.000m
  PID Output : (  0.000,   0.000,   0.002) m/s
  Applied Force: (   0.00,    0.00,    5.89) N (|F|=5.89N)
  ✅ Gravity compensation active (Fz > 0)
  Actual Vel: (  0.000,   0.000,   0.067) m/s
  ℹ️  Velocity differs from PID (hybrid physics integration active)
────────────────────────────────────────────────────────────────────────────────

[DBG RENDER] Viewport sync triggered at pos (0.000, 0.000, 2.498)

────────────────────────────────────────────────────────────────────────────────
[FRAME 1828] Δt = 1.00s
────────────────────────────────────────────────────────────────────────────────
  State      : Armed=True, Mode=LOITER
  Position   : (  0.000,   0.000,   2.498)
  Velocity   : (  0.000,   0.000,  -0.129)
  Target Pos : (  0.000,   0.000,   2.498)
  Error      : (  0.000,   0.000,  -0.000) = 0.000m
  PID Output : (  0.000,   0.000,   0.002) m/s
  Applied Force: (   0.00,    0.00,    5.89) N (|F|=5.89N)
  ✅ Gravity compensation active (Fz > 0)
  Actual Vel: (  0.000,   0.000,   0.067) m/s
  ℹ️  Velocity differs from PID (hybrid physics integration active)
────────────────────────────────────────────────────────────────────────────────

[DBG RENDER] Viewport sync triggered at pos (0.000, 0.000, 2.498)

────────────────────────────────────────────────────────────────────────────────
[FRAME 1847] Δt = 1.00s
────────────────────────────────────────────────────────────────────────────────
  State      : Armed=True, Mode=LOITER
  Position   : (  0.000,   0.000,   2.498)
  Velocity   : (  0.000,   0.000,  -0.129)
  Target Pos : (  0.000,   0.000,   2.498)
  Error      : (  0.000,   0.000,  -0.000) = 0.000m
  PID Output : (  0.000,   0.000,   0.002) m/s
  Applied Force: (   0.00,    0.00,    5.89) N (|F|=5.89N)
  ✅ Gravity compensation active (Fz > 0)
  Actual Vel: (  0.000,   0.000,   0.067) m/s
  ℹ️  Velocity differs from PID (hybrid physics integration active)
────────────────────────────────────────────────────────────────────────────────

[VIEWPORT FIX] Setting drone position to (0.000, 0.000, 2.499)
[DBG CACHE] Frame 1860: Updating cache with pos=(0.000,0.000,2.499)
[DBG ROS2] Publishing to /drone/odom: pos=(0.000,0.000,2.499)
[DBG RENDER] Viewport sync triggered at pos (0.000, 0.000, 2.498)

────────────────────────────────────────────────────────────────────────────────
[FRAME 1865] Δt = 1.00s
────────────────────────────────────────────────────────────────────────────────
  State      : Armed=True, Mode=LOITER
  Position   : (  0.000,   0.000,   2.498)
  Velocity   : (  0.000,   0.000,  -0.129)
  Target Pos : (  0.000,   0.000,   2.498)
  Error      : (  0.000,   0.000,  -0.000) = 0.000m
  PID Output : (  0.000,   0.000,   0.002) m/s
  Applied Force: (   0.00,    0.00,    5.89) N (|F|=5.89N)
  ✅ Gravity compensation active (Fz > 0)
  Actual Vel: (  0.000,   0.000,   0.067) m/s
  ℹ️  Velocity differs from PID (hybrid physics integration active)
────────────────────────────────────────────────────────────────────────────────

[DBG RENDER] Viewport sync triggered at pos (0.000, 0.000, 2.498)

────────────────────────────────────────────────────────────────────────────────
[FRAME 1884] Δt = 1.00s
────────────────────────────────────────────────────────────────────────────────
  State      : Armed=True, Mode=LOITER
  Position   : (  0.000,   0.000,   2.498)
  Velocity   : (  0.000,   0.000,  -0.129)
  Target Pos : (  0.000,   0.000,   2.498)
  Error      : (  0.000,   0.000,  -0.000) = 0.000m
  PID Output : (  0.000,   0.000,   0.002) m/s
  Applied Force: (   0.00,    0.00,    5.89) N (|F|=5.89N)
  ✅ Gravity compensation active (Fz > 0)
  Actual Vel: (  0.000,   0.000,   0.067) m/s
  ℹ️  Velocity differs from PID (hybrid physics integration active)
────────────────────────────────────────────────────────────────────────────────

[VIEWPORT FIX] Setting drone position to (0.000, 0.000, 2.499)
[DBG RENDER] Viewport sync triggered at pos (0.000, 0.000, 2.498)

────────────────────────────────────────────────────────────────────────────────
[FRAME 1903] Δt = 1.00s
────────────────────────────────────────────────────────────────────────────────
  State      : Armed=True, Mode=LOITER
  Position   : (  0.000,   0.000,   2.498)
  Velocity   : (  0.000,   0.000,  -0.129)
  Target Pos : (  0.000,   0.000,   2.498)
  Error      : (  0.000,   0.000,  -0.000) = 0.000m
  PID Output : (  0.000,   0.000,   0.002) m/s
  Applied Force: (   0.00,    0.00,    5.89) N (|F|=5.89N)
  ✅ Gravity compensation active (Fz > 0)
  Actual Vel: (  0.000,   0.000,   0.067) m/s
  ℹ️  Velocity differs from PID (hybrid physics integration active)
────────────────────────────────────────────────────────────────────────────────

[DBG CACHE] Frame 1920: Updating cache with pos=(0.000,0.000,2.499)
[DBG ROS2] Publishing to /drone/odom: pos=(0.000,0.000,2.499)
[DBG RENDER] Viewport sync triggered at pos (0.000, 0.000, 2.498)

────────────────────────────────────────────────────────────────────────────────
[FRAME 1922] Δt = 1.00s
────────────────────────────────────────────────────────────────────────────────
  State      : Armed=True, Mode=LOITER
  Position   : (  0.000,   0.000,   2.498)
  Velocity   : (  0.000,   0.000,  -0.129)
  Target Pos : (  0.000,   0.000,   2.498)
  Error      : (  0.000,   0.000,  -0.000) = 0.000m
  PID Output : (  0.000,   0.000,   0.002) m/s
  Applied Force: (   0.00,    0.00,    5.89) N (|F|=5.89N)
  ✅ Gravity compensation active (Fz > 0)
  Actual Vel: (  0.000,   0.000,   0.067) m/s
  ℹ️  Velocity differs from PID (hybrid physics integration active)
────────────────────────────────────────────────────────────────────────────────

[DBG RENDER] Viewport sync triggered at pos (0.000, 0.000, 2.498)

────────────────────────────────────────────────────────────────────────────────
[FRAME 1941] Δt = 1.00s
────────────────────────────────────────────────────────────────────────────────
  State      : Armed=True, Mode=LOITER
  Position   : (  0.000,   0.000,   2.498)
  Velocity   : (  0.000,   0.000,  -0.129)
  Target Pos : (  0.000,   0.000,   2.498)
  Error      : (  0.000,   0.000,  -0.000) = 0.000m
  PID Output : (  0.000,   0.000,   0.002) m/s
  Applied Force: (   0.00,    0.00,    5.89) N (|F|=5.89N)
  ✅ Gravity compensation active (Fz > 0)
  Actual Vel: (  0.000,   0.000,   0.067) m/s
  ℹ️  Velocity differs from PID (hybrid physics integration active)
────────────────────────────────────────────────────────────────────────────────

[VIEWPORT FIX] Setting drone position to (0.000, 0.000, 2.499)

────────────────────────────────────────────────────────────────────────────────
[FRAME 1959] Δt = 1.00s
────────────────────────────────────────────────────────────────────────────────
  State      : Armed=True, Mode=LOITER
  Position   : (  0.000,   0.000,   2.498)
  Velocity   : (  0.000,   0.000,  -0.129)
  Target Pos : (  0.000,   0.000,   2.498)
  Error      : (  0.000,   0.000,  -0.000) = 0.000m
  PID Output : (  0.000,   0.000,   0.002) m/s
  Applied Force: (   0.00,    0.00,    5.89) N (|F|=5.89N)
  ✅ Gravity compensation active (Fz > 0)
  Actual Vel: (  0.000,   0.000,   0.067) m/s
  ℹ️  Velocity differs from PID (hybrid physics integration active)
────────────────────────────────────────────────────────────────────────────────

[DBG RENDER] Viewport sync triggered at pos (0.000, 0.000, 2.498)

────────────────────────────────────────────────────────────────────────────────
[FRAME 1978] Δt = 1.00s
────────────────────────────────────────────────────────────────────────────────
  State      : Armed=True, Mode=LOITER
  Position   : (  0.000,   0.000,   2.498)
  Velocity   : (  0.000,   0.000,  -0.129)
  Target Pos : (  0.000,   0.000,   2.498)
  Error      : (  0.000,   0.000,  -0.000) = 0.000m
  PID Output : (  0.000,   0.000,   0.002) m/s
  Applied Force: (   0.00,    0.00,    5.89) N (|F|=5.89N)
  ✅ Gravity compensation active (Fz > 0)
  Actual Vel: (  0.000,   0.000,   0.067) m/s
  ℹ️  Velocity differs from PID (hybrid physics integration active)
────────────────────────────────────────────────────────────────────────────────

[DBG CACHE] Frame 1980: Updating cache with pos=(0.000,0.000,2.499)
[DBG ROS2] Publishing to /drone/odom: pos=(0.000,0.000,2.499)
[DBG RENDER] Viewport sync triggered at pos (0.000, 0.000, 2.498)

────────────────────────────────────────────────────────────────────────────────
[FRAME 1997] Δt = 1.00s
────────────────────────────────────────────────────────────────────────────────
  State      : Armed=True, Mode=LOITER
  Position   : (  0.000,   0.000,   2.498)
  Velocity   : (  0.000,   0.000,  -0.129)
  Target Pos : (  0.000,   0.000,   2.498)
  Error      : (  0.000,   0.000,  -0.000) = 0.000m
  PID Output : (  0.000,   0.000,   0.002) m/s
  Applied Force: (   0.00,    0.00,    5.89) N (|F|=5.89N)
  ✅ Gravity compensation active (Fz > 0)
  Actual Vel: (  0.000,   0.000,   0.067) m/s
  ℹ️  Velocity differs from PID (hybrid physics integration active)
────────────────────────────────────────────────────────────────────────────────

[VIEWPORT FIX] Setting drone position to (0.000, 0.000, 2.499)
[DBG RENDER] Viewport sync triggered at pos (0.000, 0.000, 2.498)

────────────────────────────────────────────────────────────────────────────────
[FRAME 2016] Δt = 1.00s
────────────────────────────────────────────────────────────────────────────────
  State      : Armed=True, Mode=LOITER
  Position   : (  0.000,   0.000,   2.498)
  Velocity   : (  0.000,   0.000,  -0.129)
  Target Pos : (  0.000,   0.000,   2.498)
  Error      : (  0.000,   0.000,  -0.000) = 0.000m
  PID Output : (  0.000,   0.000,   0.002) m/s
  Applied Force: (   0.00,    0.00,    5.89) N (|F|=5.89N)
  ✅ Gravity compensation active (Fz > 0)
  Actual Vel: (  0.000,   0.000,   0.067) m/s
  ℹ️  Velocity differs from PID (hybrid physics integration active)
────────────────────────────────────────────────────────────────────────────────

[DBG RENDER] Viewport sync triggered at pos (0.000, 0.000, 2.498)

────────────────────────────────────────────────────────────────────────────────
[FRAME 2035] Δt = 1.00s
────────────────────────────────────────────────────────────────────────────────
  State      : Armed=True, Mode=LOITER
  Position   : (  0.000,   0.000,   2.498)
  Velocity   : (  0.000,   0.000,  -0.129)
  Target Pos : (  0.000,   0.000,   2.498)
  Error      : (  0.000,   0.000,  -0.000) = 0.000m
  PID Output : (  0.000,   0.000,   0.002) m/s
  Applied Force: (   0.00,    0.00,    5.89) N (|F|=5.89N)
  ✅ Gravity compensation active (Fz > 0)
  Actual Vel: (  0.000,   0.000,   0.067) m/s
  ℹ️  Velocity differs from PID (hybrid physics integration active)
────────────────────────────────────────────────────────────────────────────────

[DBG CACHE] Frame 2040: Updating cache with pos=(0.000,0.000,2.499)
[DBG ROS2] Publishing to /drone/odom: pos=(0.000,0.000,2.499)
[DBG RENDER] Viewport sync triggered at pos (0.000, 0.000, 2.498)
[VIEWPORT FIX] Setting drone position to (0.000, 0.000, 2.499)

────────────────────────────────────────────────────────────────────────────────
[FRAME 2054] Δt = 1.00s
────────────────────────────────────────────────────────────────────────────────
  State      : Armed=True, Mode=LOITER
  Position   : (  0.000,   0.000,   2.498)
  Velocity   : (  0.000,   0.000,  -0.129)
  Target Pos : (  0.000,   0.000,   2.498)
  Error      : (  0.000,   0.000,  -0.000) = 0.000m
  PID Output : (  0.000,   0.000,   0.002) m/s
  Applied Force: (   0.00,    0.00,    5.89) N (|F|=5.89N)
  ✅ Gravity compensation active (Fz > 0)
  Actual Vel: (  0.000,   0.000,   0.067) m/s
  ℹ️  Velocity differs from PID (hybrid physics integration active)
────────────────────────────────────────────────────────────────────────────────

[DBG RENDER] Viewport sync triggered at pos (0.000, 0.000, 2.498)

────────────────────────────────────────────────────────────────────────────────
[FRAME 2073] Δt = 1.00s
────────────────────────────────────────────────────────────────────────────────
  State      : Armed=True, Mode=LOITER
  Position   : (  0.000,   0.000,   2.498)
  Velocity   : (  0.000,   0.000,  -0.129)
  Target Pos : (  0.000,   0.000,   2.498)
  Error      : (  0.000,   0.000,  -0.000) = 0.000m
  PID Output : (  0.000,   0.000,   0.002) m/s
  Applied Force: (   0.00,    0.00,    5.89) N (|F|=5.89N)
  ✅ Gravity compensation active (Fz > 0)
  Actual Vel: (  0.000,   0.000,   0.067) m/s
  ℹ️  Velocity differs from PID (hybrid physics integration active)
────────────────────────────────────────────────────────────────────────────────

[DBG RENDER] Viewport sync triggered at pos (0.000, 0.000, 2.498)

────────────────────────────────────────────────────────────────────────────────
[FRAME 2091] Δt = 1.00s
────────────────────────────────────────────────────────────────────────────────
  State      : Armed=True, Mode=LOITER
  Position   : (  0.000,   0.000,   2.498)
  Velocity   : (  0.000,   0.000,  -0.129)
  Target Pos : (  0.000,   0.000,   2.498)
  Error      : (  0.000,   0.000,  -0.000) = 0.000m
  PID Output : (  0.000,   0.000,   0.002) m/s
  Applied Force: (   0.00,    0.00,    5.89) N (|F|=5.89N)
  ✅ Gravity compensation active (Fz > 0)
  Actual Vel: (  0.000,   0.000,   0.067) m/s
  ℹ️  Velocity differs from PID (hybrid physics integration active)
────────────────────────────────────────────────────────────────────────────────

[DBG CACHE] Frame 2100: Updating cache with pos=(0.000,0.000,2.499)
[DBG ROS2] Publishing to /drone/odom: pos=(0.000,0.000,2.499)
[VIEWPORT FIX] Setting drone position to (0.000, 0.000, 2.499)
[DBG RENDER] Viewport sync triggered at pos (0.000, 0.000, 2.498)

────────────────────────────────────────────────────────────────────────────────
[FRAME 2110] Δt = 1.00s
────────────────────────────────────────────────────────────────────────────────
  State      : Armed=True, Mode=LOITER
  Position   : (  0.000,   0.000,   2.498)
  Velocity   : (  0.000,   0.000,  -0.129)
  Target Pos : (  0.000,   0.000,   2.498)
  Error      : (  0.000,   0.000,  -0.000) = 0.000m
  PID Output : (  0.000,   0.000,   0.002) m/s
  Applied Force: (   0.00,    0.00,    5.89) N (|F|=5.89N)
  ✅ Gravity compensation active (Fz > 0)
  Actual Vel: (  0.000,   0.000,   0.067) m/s
  ℹ️  Velocity differs from PID (hybrid physics integration active)
────────────────────────────────────────────────────────────────────────────────

[DBG RENDER] Viewport sync triggered at pos (0.000, 0.000, 2.498)

────────────────────────────────────────────────────────────────────────────────
[FRAME 2128] Δt = 1.00s
────────────────────────────────────────────────────────────────────────────────
  State      : Armed=True, Mode=LOITER
  Position   : (  0.000,   0.000,   2.498)
  Velocity   : (  0.000,   0.000,  -0.129)
  Target Pos : (  0.000,   0.000,   2.498)
  Error      : (  0.000,   0.000,  -0.000) = 0.000m
  PID Output : (  0.000,   0.000,   0.002) m/s
  Applied Force: (   0.00,    0.00,    5.89) N (|F|=5.89N)
  ✅ Gravity compensation active (Fz > 0)
  Actual Vel: (  0.000,   0.000,   0.067) m/s
  ℹ️  Velocity differs from PID (hybrid physics integration active)
────────────────────────────────────────────────────────────────────────────────

[DBG RENDER] Viewport sync triggered at pos (0.000, 0.000, 2.498)

────────────────────────────────────────────────────────────────────────────────
[FRAME 2147] Δt = 1.00s
────────────────────────────────────────────────────────────────────────────────
  State      : Armed=True, Mode=LOITER
  Position   : (  0.000,   0.000,   2.498)
  Velocity   : (  0.000,   0.000,  -0.129)
  Target Pos : (  0.000,   0.000,   2.498)
  Error      : (  0.000,   0.000,  -0.000) = 0.000m
  PID Output : (  0.000,   0.000,   0.002) m/s
  Applied Force: (   0.00,    0.00,    5.89) N (|F|=5.89N)
  ✅ Gravity compensation active (Fz > 0)
  Actual Vel: (  0.000,   0.000,   0.067) m/s
  ℹ️  Velocity differs from PID (hybrid physics integration active)
────────────────────────────────────────────────────────────────────────────────

[VIEWPORT FIX] Setting drone position to (0.000, 0.000, 2.499)
[DBG CACHE] Frame 2160: Updating cache with pos=(0.000,0.000,2.499)
[DBG ROS2] Publishing to /drone/odom: pos=(0.000,0.000,2.499)
[DBG RENDER] Viewport sync triggered at pos (0.000, 0.000, 2.498)

────────────────────────────────────────────────────────────────────────────────
[FRAME 2166] Δt = 1.00s
────────────────────────────────────────────────────────────────────────────────
  State      : Armed=True, Mode=LOITER
  Position   : (  0.000,   0.000,   2.498)
  Velocity   : (  0.000,   0.000,  -0.129)
  Target Pos : (  0.000,   0.000,   2.498)
  Error      : (  0.000,   0.000,  -0.000) = 0.000m
  PID Output : (  0.000,   0.000,   0.002) m/s
  Applied Force: (   0.00,    0.00,    5.89) N (|F|=5.89N)
  ✅ Gravity compensation active (Fz > 0)
  Actual Vel: (  0.000,   0.000,   0.067) m/s
  ℹ️  Velocity differs from PID (hybrid physics integration active)
────────────────────────────────────────────────────────────────────────────────

[DBG RENDER] Viewport sync triggered at pos (0.000, 0.000, 2.498)

────────────────────────────────────────────────────────────────────────────────
[FRAME 2185] Δt = 1.00s
────────────────────────────────────────────────────────────────────────────────
  State      : Armed=True, Mode=LOITER
  Position   : (  0.000,   0.000,   2.498)
  Velocity   : (  0.000,   0.000,  -0.129)
  Target Pos : (  0.000,   0.000,   2.498)
  Error      : (  0.000,   0.000,  -0.000) = 0.000m
  PID Output : (  0.000,   0.000,   0.002) m/s
  Applied Force: (   0.00,    0.00,    5.89) N (|F|=5.89N)
  ✅ Gravity compensation active (Fz > 0)
  Actual Vel: (  0.000,   0.000,   0.067) m/s
  ℹ️  Velocity differs from PID (hybrid physics integration active)
────────────────────────────────────────────────────────────────────────────────

[VIEWPORT FIX] Setting drone position to (0.000, 0.000, 2.499)
[DBG RENDER] Viewport sync triggered at pos (0.000, 0.000, 2.498)

────────────────────────────────────────────────────────────────────────────────
[FRAME 2204] Δt = 1.00s
────────────────────────────────────────────────────────────────────────────────
  State      : Armed=True, Mode=LOITER
  Position   : (  0.000,   0.000,   2.498)
  Velocity   : (  0.000,   0.000,  -0.129)
  Target Pos : (  0.000,   0.000,   2.498)
  Error      : (  0.000,   0.000,  -0.000) = 0.000m
  PID Output : (  0.000,   0.000,   0.002) m/s
  Applied Force: (   0.00,    0.00,    5.89) N (|F|=5.89N)
  ✅ Gravity compensation active (Fz > 0)
  Actual Vel: (  0.000,   0.000,   0.067) m/s
  ℹ️  Velocity differs from PID (hybrid physics integration active)
────────────────────────────────────────────────────────────────────────────────

[DBG CACHE] Frame 2220: Updating cache with pos=(0.000,0.000,2.499)
[DBG ROS2] Publishing to /drone/odom: pos=(0.000,0.000,2.499)
[DBG RENDER] Viewport sync triggered at pos (0.000, 0.000, 2.498)

────────────────────────────────────────────────────────────────────────────────
[FRAME 2223] Δt = 1.00s
────────────────────────────────────────────────────────────────────────────────
  State      : Armed=True, Mode=LOITER
  Position   : (  0.000,   0.000,   2.498)
  Velocity   : (  0.000,   0.000,  -0.129)
  Target Pos : (  0.000,   0.000,   2.498)
  Error      : (  0.000,   0.000,  -0.000) = 0.000m
  PID Output : (  0.000,   0.000,   0.002) m/s
  Applied Force: (   0.00,    0.00,    5.89) N (|F|=5.89N)
  ✅ Gravity compensation active (Fz > 0)
  Actual Vel: (  0.000,   0.000,   0.067) m/s
  ℹ️  Velocity differs from PID (hybrid physics integration active)
────────────────────────────────────────────────────────────────────────────────

[DBG RENDER] Viewport sync triggered at pos (0.000, 0.000, 2.498)

────────────────────────────────────────────────────────────────────────────────
[FRAME 2242] Δt = 1.00s
────────────────────────────────────────────────────────────────────────────────
  State      : Armed=True, Mode=LOITER
  Position   : (  0.000,   0.000,   2.498)
  Velocity   : (  0.000,   0.000,  -0.129)
  Target Pos : (  0.000,   0.000,   2.498)
  Error      : (  0.000,   0.000,  -0.000) = 0.000m
  PID Output : (  0.000,   0.000,   0.002) m/s
  Applied Force: (   0.00,    0.00,    5.89) N (|F|=5.89N)
  ✅ Gravity compensation active (Fz > 0)
  Actual Vel: (  0.000,   0.000,   0.067) m/s
  ℹ️  Velocity differs from PID (hybrid physics integration active)
────────────────────────────────────────────────────────────────────────────────

[VIEWPORT FIX] Setting drone position to (0.000, 0.000, 2.499)

────────────────────────────────────────────────────────────────────────────────
[FRAME 2260] Δt = 1.00s
────────────────────────────────────────────────────────────────────────────────
  State      : Armed=True, Mode=LOITER
  Position   : (  0.000,   0.000,   2.498)
  Velocity   : (  0.000,   0.000,  -0.129)
  Target Pos : (  0.000,   0.000,   2.498)
  Error      : (  0.000,   0.000,  -0.000) = 0.000m
  PID Output : (  0.000,   0.000,   0.002) m/s
  Applied Force: (   0.00,    0.00,    5.89) N (|F|=5.89N)
  ✅ Gravity compensation active (Fz > 0)
  Actual Vel: (  0.000,   0.000,   0.067) m/s
  ℹ️  Velocity differs from PID (hybrid physics integration active)
────────────────────────────────────────────────────────────────────────────────

[DBG RENDER] Viewport sync triggered at pos (0.000, 0.000, 2.498)

────────────────────────────────────────────────────────────────────────────────
[FRAME 2279] Δt = 1.00s
────────────────────────────────────────────────────────────────────────────────
  State      : Armed=True, Mode=LOITER
  Position   : (  0.000,   0.000,   2.498)
  Velocity   : (  0.000,   0.000,  -0.129)
  Target Pos : (  0.000,   0.000,   2.498)
  Error      : (  0.000,   0.000,  -0.000) = 0.000m
  PID Output : (  0.000,   0.000,   0.001) m/s
  Applied Force: (   0.00,    0.00,    5.89) N (|F|=5.89N)
  ✅ Gravity compensation active (Fz > 0)
  Actual Vel: (  0.000,   0.000,   0.067) m/s
  ℹ️  Velocity differs from PID (hybrid physics integration active)
────────────────────────────────────────────────────────────────────────────────

[DBG CACHE] Frame 2280: Updating cache with pos=(0.000,0.000,2.499)
[DBG ROS2] Publishing to /drone/odom: pos=(0.000,0.000,2.499)
[DBG RENDER] Viewport sync triggered at pos (0.000, 0.000, 2.498)

────────────────────────────────────────────────────────────────────────────────
[FRAME 2298] Δt = 1.00s
────────────────────────────────────────────────────────────────────────────────
  State      : Armed=True, Mode=LOITER
  Position   : (  0.000,   0.000,   2.498)
  Velocity   : (  0.000,   0.000,  -0.129)
  Target Pos : (  0.000,   0.000,   2.498)
  Error      : (  0.000,   0.000,  -0.000) = 0.000m
  PID Output : (  0.000,   0.000,   0.001) m/s
  Applied Force: (   0.00,    0.00,    5.89) N (|F|=5.89N)
  ✅ Gravity compensation active (Fz > 0)
  Actual Vel: (  0.000,   0.000,   0.067) m/s
  ℹ️  Velocity differs from PID (hybrid physics integration active)
────────────────────────────────────────────────────────────────────────────────

[VIEWPORT FIX] Setting drone position to (0.000, 0.000, 2.499)
[DBG RENDER] Viewport sync triggered at pos (0.000, 0.000, 2.498)

────────────────────────────────────────────────────────────────────────────────
[FRAME 2316] Δt = 1.00s
────────────────────────────────────────────────────────────────────────────────
  State      : Armed=True, Mode=LOITER
  Position   : (  0.000,   0.000,   2.498)
  Velocity   : (  0.000,   0.000,  -0.129)
  Target Pos : (  0.000,   0.000,   2.498)
  Error      : (  0.000,   0.000,  -0.000) = 0.000m
  PID Output : (  0.000,   0.000,   0.001) m/s
  Applied Force: (   0.00,    0.00,    5.89) N (|F|=5.89N)
  ✅ Gravity compensation active (Fz > 0)
  Actual Vel: (  0.000,   0.000,   0.067) m/s
  ℹ️  Velocity differs from PID (hybrid physics integration active)
────────────────────────────────────────────────────────────────────────────────

[DBG RENDER] Viewport sync triggered at pos (0.000, 0.000, 2.498)

────────────────────────────────────────────────────────────────────────────────
[FRAME 2335] Δt = 1.00s
────────────────────────────────────────────────────────────────────────────────
  State      : Armed=True, Mode=LOITER
  Position   : (  0.000,   0.000,   2.498)
  Velocity   : (  0.000,   0.000,  -0.129)
  Target Pos : (  0.000,   0.000,   2.498)
  Error      : (  0.000,   0.000,  -0.000) = 0.000m
  PID Output : (  0.000,   0.000,   0.001) m/s
  Applied Force: (   0.00,    0.00,    5.89) N (|F|=5.89N)
  ✅ Gravity compensation active (Fz > 0)
  Actual Vel: (  0.000,   0.000,   0.067) m/s
  ℹ️  Velocity differs from PID (hybrid physics integration active)
────────────────────────────────────────────────────────────────────────────────

[DBG CACHE] Frame 2340: Updating cache with pos=(0.000,0.000,2.499)
[DBG ROS2] Publishing to /drone/odom: pos=(0.000,0.000,2.499)
[DBG RENDER] Viewport sync triggered at pos (0.000, 0.000, 2.498)
[VIEWPORT FIX] Setting drone position to (0.000, 0.000, 2.499)

────────────────────────────────────────────────────────────────────────────────
[FRAME 2354] Δt = 1.00s
────────────────────────────────────────────────────────────────────────────────
  State      : Armed=True, Mode=LOITER
  Position   : (  0.000,   0.000,   2.498)
  Velocity   : (  0.000,   0.000,  -0.129)
  Target Pos : (  0.000,   0.000,   2.498)
  Error      : (  0.000,   0.000,  -0.000) = 0.000m
  PID Output : (  0.000,   0.000,   0.001) m/s
  Applied Force: (   0.00,    0.00,    5.89) N (|F|=5.89N)
  ✅ Gravity compensation active (Fz > 0)
  Actual Vel: (  0.000,   0.000,   0.067) m/s
  ℹ️  Velocity differs from PID (hybrid physics integration active)
────────────────────────────────────────────────────────────────────────────────

[DBG RENDER] Viewport sync triggered at pos (0.000, 0.000, 2.498)

────────────────────────────────────────────────────────────────────────────────
[FRAME 2373] Δt = 1.00s
────────────────────────────────────────────────────────────────────────────────
  State      : Armed=True, Mode=LOITER
  Position   : (  0.000,   0.000,   2.498)
  Velocity   : (  0.000,   0.000,  -0.129)
  Target Pos : (  0.000,   0.000,   2.498)
  Error      : (  0.000,   0.000,  -0.000) = 0.000m
  PID Output : (  0.000,   0.000,   0.001) m/s
  Applied Force: (   0.00,    0.00,    5.89) N (|F|=5.89N)
  ✅ Gravity compensation active (Fz > 0)
  Actual Vel: (  0.000,   0.000,   0.067) m/s
  ℹ️  Velocity differs from PID (hybrid physics integration active)
────────────────────────────────────────────────────────────────────────────────

[DBG RENDER] Viewport sync triggered at pos (0.000, 0.000, 2.498)

────────────────────────────────────────────────────────────────────────────────
[FRAME 2392] Δt = 1.00s
────────────────────────────────────────────────────────────────────────────────
  State      : Armed=True, Mode=LOITER
  Position   : (  0.000,   0.000,   2.498)
  Velocity   : (  0.000,   0.000,  -0.129)
  Target Pos : (  0.000,   0.000,   2.498)
  Error      : (  0.000,   0.000,  -0.000) = 0.000m
  PID Output : (  0.000,   0.000,   0.001) m/s
  Applied Force: (   0.00,    0.00,    5.89) N (|F|=5.89N)
  ✅ Gravity compensation active (Fz > 0)
  Actual Vel: (  0.000,   0.000,   0.067) m/s
  ℹ️  Velocity differs from PID (hybrid physics integration active)
────────────────────────────────────────────────────────────────────────────────

[DBG CACHE] Frame 2400: Updating cache with pos=(0.000,0.000,2.499)
[DBG ROS2] Publishing to /drone/odom: pos=(0.000,0.000,2.499)
[VIEWPORT FIX] Setting drone position to (0.000, 0.000, 2.499)
[DBG RENDER] Viewport sync triggered at pos (0.000, 0.000, 2.498)

────────────────────────────────────────────────────────────────────────────────
[FRAME 2411] Δt = 1.00s
────────────────────────────────────────────────────────────────────────────────
  State      : Armed=True, Mode=LOITER
  Position   : (  0.000,   0.000,   2.498)
  Velocity   : (  0.000,   0.000,  -0.129)
  Target Pos : (  0.000,   0.000,   2.498)
  Error      : (  0.000,   0.000,  -0.000) = 0.000m
  PID Output : (  0.000,   0.000,   0.001) m/s
  Applied Force: (   0.00,    0.00,    5.89) N (|F|=5.89N)
  ✅ Gravity compensation active (Fz > 0)
  Actual Vel: (  0.000,   0.000,   0.067) m/s
  ℹ️  Velocity differs from PID (hybrid physics integration active)
────────────────────────────────────────────────────────────────────────────────

[DBG RENDER] Viewport sync triggered at pos (0.000, 0.000, 2.498)

────────────────────────────────────────────────────────────────────────────────
[FRAME 2429] Δt = 1.00s
────────────────────────────────────────────────────────────────────────────────
  State      : Armed=True, Mode=LOITER
  Position   : (  0.000,   0.000,   2.498)
  Velocity   : (  0.000,   0.000,  -0.129)
  Target Pos : (  0.000,   0.000,   2.498)
  Error      : (  0.000,   0.000,  -0.000) = 0.000m
  PID Output : (  0.000,   0.000,   0.001) m/s
  Applied Force: (   0.00,    0.00,    5.89) N (|F|=5.89N)
  ✅ Gravity compensation active (Fz > 0)
  Actual Vel: (  0.000,   0.000,   0.067) m/s
  ℹ️  Velocity differs from PID (hybrid physics integration active)
────────────────────────────────────────────────────────────────────────────────

[DBG RENDER] Viewport sync triggered at pos (0.000, 0.000, 2.498)

────────────────────────────────────────────────────────────────────────────────
[FRAME 2448] Δt = 1.00s
────────────────────────────────────────────────────────────────────────────────
  State      : Armed=True, Mode=LOITER
  Position   : (  0.000,   0.000,   2.498)
  Velocity   : (  0.000,   0.000,  -0.129)
  Target Pos : (  0.000,   0.000,   2.498)
  Error      : (  0.000,   0.000,  -0.000) = 0.000m
  PID Output : (  0.000,   0.000,   0.001) m/s
  Applied Force: (   0.00,    0.00,    5.89) N (|F|=5.89N)
  ✅ Gravity compensation active (Fz > 0)
  Actual Vel: (  0.000,   0.000,   0.067) m/s
  ℹ️  Velocity differs from PID (hybrid physics integration active)
────────────────────────────────────────────────────────────────────────────────

[VIEWPORT FIX] Setting drone position to (0.000, 0.000, 2.499)
[DBG CACHE] Frame 2460: Updating cache with pos=(0.000,0.000,2.499)
[DBG ROS2] Publishing to /drone/odom: pos=(0.000,0.000,2.499)
[DBG RENDER] Viewport sync triggered at pos (0.000, 0.000, 2.498)

────────────────────────────────────────────────────────────────────────────────
[FRAME 2467] Δt = 1.00s
────────────────────────────────────────────────────────────────────────────────
  State      : Armed=True, Mode=LOITER
  Position   : (  0.000,   0.000,   2.498)
  Velocity   : (  0.000,   0.000,  -0.129)
  Target Pos : (  0.000,   0.000,   2.498)
  Error      : (  0.000,   0.000,  -0.000) = 0.000m
  PID Output : (  0.000,   0.000,   0.001) m/s
  Applied Force: (   0.00,    0.00,    5.89) N (|F|=5.89N)
  ✅ Gravity compensation active (Fz > 0)
  Actual Vel: (  0.000,   0.000,   0.067) m/s
  ℹ️  Velocity differs from PID (hybrid physics integration active)
────────────────────────────────────────────────────────────────────────────────

[DBG RENDER] Viewport sync triggered at pos (0.000, 0.000, 2.498)

────────────────────────────────────────────────────────────────────────────────
[FRAME 2486] Δt = 1.00s
────────────────────────────────────────────────────────────────────────────────
  State      : Armed=True, Mode=LOITER
  Position   : (  0.000,   0.000,   2.498)
  Velocity   : (  0.000,   0.000,  -0.129)
  Target Pos : (  0.000,   0.000,   2.498)
  Error      : (  0.000,   0.000,  -0.000) = 0.000m
  PID Output : (  0.000,   0.000,   0.001) m/s
  Applied Force: (   0.00,    0.00,    5.89) N (|F|=5.89N)
  ✅ Gravity compensation active (Fz > 0)
  Actual Vel: (  0.000,   0.000,   0.067) m/s
  ℹ️  Velocity differs from PID (hybrid physics integration active)
────────────────────────────────────────────────────────────────────────────────

[VIEWPORT FIX] Setting drone position to (0.000, 0.000, 2.499)
[DBG RENDER] Viewport sync triggered at pos (0.000, 0.000, 2.498)

────────────────────────────────────────────────────────────────────────────────
[FRAME 2505] Δt = 1.00s
────────────────────────────────────────────────────────────────────────────────
  State      : Armed=True, Mode=LOITER
  Position   : (  0.000,   0.000,   2.498)
  Velocity   : (  0.000,   0.000,  -0.129)
  Target Pos : (  0.000,   0.000,   2.498)
  Error      : (  0.000,   0.000,  -0.000) = 0.000m
  PID Output : (  0.000,   0.000,   0.001) m/s
  Applied Force: (   0.00,    0.00,    5.89) N (|F|=5.89N)
  ✅ Gravity compensation active (Fz > 0)
  Actual Vel: (  0.000,   0.000,   0.067) m/s
  ℹ️  Velocity differs from PID (hybrid physics integration active)
────────────────────────────────────────────────────────────────────────────────

[DBG CACHE] Frame 2520: Updating cache with pos=(0.000,0.000,2.499)
[DBG ROS2] Publishing to /drone/odom: pos=(0.000,0.000,2.499)
[DBG RENDER] Viewport sync triggered at pos (0.000, 0.000, 2.498)

────────────────────────────────────────────────────────────────────────────────
[FRAME 2524] Δt = 1.00s
────────────────────────────────────────────────────────────────────────────────
  State      : Armed=True, Mode=LOITER
  Position   : (  0.000,   0.000,   2.498)
  Velocity   : (  0.000,   0.000,  -0.129)
  Target Pos : (  0.000,   0.000,   2.498)
  Error      : (  0.000,   0.000,  -0.000) = 0.000m
  PID Output : (  0.000,   0.000,   0.001) m/s
  Applied Force: (   0.00,    0.00,    5.89) N (|F|=5.89N)
  ✅ Gravity compensation active (Fz > 0)
  Actual Vel: (  0.000,   0.000,   0.067) m/s
  ℹ️  Velocity differs from PID (hybrid physics integration active)
────────────────────────────────────────────────────────────────────────────────

[DBG RENDER] Viewport sync triggered at pos (0.000, 0.000, 2.498)

────────────────────────────────────────────────────────────────────────────────
[FRAME 2543] Δt = 1.00s
────────────────────────────────────────────────────────────────────────────────
  State      : Armed=True, Mode=LOITER
  Position   : (  0.000,   0.000,   2.498)
  Velocity   : (  0.000,   0.000,  -0.129)
  Target Pos : (  0.000,   0.000,   2.498)
  Error      : (  0.000,   0.000,  -0.000) = 0.000m
  PID Output : (  0.000,   0.000,   0.001) m/s
  Applied Force: (   0.00,    0.00,    5.89) N (|F|=5.89N)
  ✅ Gravity compensation active (Fz > 0)
  Actual Vel: (  0.000,   0.000,   0.067) m/s
  ℹ️  Velocity differs from PID (hybrid physics integration active)
────────────────────────────────────────────────────────────────────────────────

[VIEWPORT FIX] Setting drone position to (0.000, 0.000, 2.499)
[DBG RENDER] Viewport sync triggered at pos (0.000, 0.000, 2.498)

────────────────────────────────────────────────────────────────────────────────
[FRAME 2562] Δt = 1.00s
────────────────────────────────────────────────────────────────────────────────
  State      : Armed=True, Mode=LOITER
  Position   : (  0.000,   0.000,   2.498)
  Velocity   : (  0.000,   0.000,  -0.129)
  Target Pos : (  0.000,   0.000,   2.498)
  Error      : (  0.000,   0.000,  -0.000) = 0.000m
  PID Output : (  0.000,   0.000,   0.001) m/s
  Applied Force: (   0.00,    0.00,    5.89) N (|F|=5.89N)
  ✅ Gravity compensation active (Fz > 0)
  Actual Vel: (  0.000,   0.000,   0.067) m/s
  ℹ️  Velocity differs from PID (hybrid physics integration active)
────────────────────────────────────────────────────────────────────────────────


────────────────────────────────────────────────────────────────────────────────
[FRAME 2580] Δt = 1.00s
────────────────────────────────────────────────────────────────────────────────
  State      : Armed=True, Mode=LOITER
  Position   : (  0.000,   0.000,   2.498)
  Velocity   : (  0.000,   0.000,  -0.129)
  Target Pos : (  0.000,   0.000,   2.498)
  Error      : (  0.000,   0.000,  -0.000) = 0.000m
  PID Output : (  0.000,   0.000,   0.001) m/s
  Applied Force: (   0.00,    0.00,    5.89) N (|F|=5.89N)
  ✅ Gravity compensation active (Fz > 0)
  Actual Vel: (  0.000,   0.000,   0.067) m/s
  ℹ️  Velocity differs from PID (hybrid physics integration active)
────────────────────────────────────────────────────────────────────────────────

[DBG CACHE] Frame 2580: Updating cache with pos=(0.000,0.000,2.499)
[DBG ROS2] Publishing to /drone/odom: pos=(0.000,0.000,2.499)
[DBG RENDER] Viewport sync triggered at pos (0.000, 0.000, 2.498)

────────────────────────────────────────────────────────────────────────────────
[FRAME 2598] Δt = 1.00s
────────────────────────────────────────────────────────────────────────────────
  State      : Armed=True, Mode=LOITER
  Position   : (  0.000,   0.000,   2.498)
  Velocity   : (  0.000,   0.000,  -0.129)
  Target Pos : (  0.000,   0.000,   2.498)
  Error      : (  0.000,   0.000,  -0.000) = 0.000m
  PID Output : (  0.000,   0.000,   0.001) m/s
  Applied Force: (   0.00,    0.00,    5.89) N (|F|=5.89N)
  ✅ Gravity compensation active (Fz > 0)
  Actual Vel: (  0.000,   0.000,   0.067) m/s
  ℹ️  Velocity differs from PID (hybrid physics integration active)
────────────────────────────────────────────────────────────────────────────────

[VIEWPORT FIX] Setting drone position to (0.000, 0.000, 2.499)
[DBG RENDER] Viewport sync triggered at pos (0.000, 0.000, 2.498)

────────────────────────────────────────────────────────────────────────────────
[FRAME 2617] Δt = 1.00s
────────────────────────────────────────────────────────────────────────────────
  State      : Armed=True, Mode=LOITER
  Position   : (  0.000,   0.000,   2.498)
  Velocity   : (  0.000,   0.000,  -0.129)
  Target Pos : (  0.000,   0.000,   2.498)
  Error      : (  0.000,   0.000,  -0.000) = 0.000m
  PID Output : (  0.000,   0.000,   0.001) m/s
  Applied Force: (   0.00,    0.00,    5.89) N (|F|=5.89N)
  ✅ Gravity compensation active (Fz > 0)
  Actual Vel: (  0.000,   0.000,   0.067) m/s
  ℹ️  Velocity differs from PID (hybrid physics integration active)
────────────────────────────────────────────────────────────────────────────────

[DBG RENDER] Viewport sync triggered at pos (0.000, 0.000, 2.498)

────────────────────────────────────────────────────────────────────────────────
[FRAME 2636] Δt = 1.00s
────────────────────────────────────────────────────────────────────────────────
  State      : Armed=True, Mode=LOITER
  Position   : (  0.000,   0.000,   2.498)
  Velocity   : (  0.000,   0.000,  -0.129)
  Target Pos : (  0.000,   0.000,   2.498)
  Error      : (  0.000,   0.000,  -0.000) = 0.000m
  PID Output : (  0.000,   0.000,   0.001) m/s
  Applied Force: (   0.00,    0.00,    5.89) N (|F|=5.89N)
  ✅ Gravity compensation active (Fz > 0)
  Actual Vel: (  0.000,   0.000,   0.067) m/s
  ℹ️  Velocity differs from PID (hybrid physics integration active)
────────────────────────────────────────────────────────────────────────────────

[DBG CACHE] Frame 2640: Updating cache with pos=(0.000,0.000,2.499)
[DBG ROS2] Publishing to /drone/odom: pos=(0.000,0.000,2.499)
[DBG RENDER] Viewport sync triggered at pos (0.000, 0.000, 2.498)
[VIEWPORT FIX] Setting drone position to (0.000, 0.000, 2.499)

────────────────────────────────────────────────────────────────────────────────
[FRAME 2655] Δt = 1.00s
────────────────────────────────────────────────────────────────────────────────
  State      : Armed=True, Mode=LOITER
  Position   : (  0.000,   0.000,   2.498)
  Velocity   : (  0.000,   0.000,  -0.129)
  Target Pos : (  0.000,   0.000,   2.498)
  Error      : (  0.000,   0.000,  -0.000) = 0.000m
  PID Output : (  0.000,   0.000,   0.001) m/s
  Applied Force: (   0.00,    0.00,    5.89) N (|F|=5.89N)
  ✅ Gravity compensation active (Fz > 0)
  Actual Vel: (  0.000,   0.000,   0.067) m/s
  ℹ️  Velocity differs from PID (hybrid physics integration active)
────────────────────────────────────────────────────────────────────────────────

[DBG RENDER] Viewport sync triggered at pos (0.000, 0.000, 2.498)

────────────────────────────────────────────────────────────────────────────────
[FRAME 2674] Δt = 1.00s
────────────────────────────────────────────────────────────────────────────────
  State      : Armed=True, Mode=LOITER
  Position   : (  0.000,   0.000,   2.498)
  Velocity   : (  0.000,   0.000,  -0.129)
  Target Pos : (  0.000,   0.000,   2.498)
  Error      : (  0.000,   0.000,  -0.000) = 0.000m
  PID Output : (  0.000,   0.000,   0.001) m/s
  Applied Force: (   0.00,    0.00,    5.89) N (|F|=5.89N)
  ✅ Gravity compensation active (Fz > 0)
  Actual Vel: (  0.000,   0.000,   0.067) m/s
  ℹ️  Velocity differs from PID (hybrid physics integration active)
────────────────────────────────────────────────────────────────────────────────

[DBG RENDER] Viewport sync triggered at pos (0.000, 0.000, 2.498)

────────────────────────────────────────────────────────────────────────────────
[FRAME 2693] Δt = 1.00s
────────────────────────────────────────────────────────────────────────────────
  State      : Armed=True, Mode=LOITER
  Position   : (  0.000,   0.000,   2.498)
  Velocity   : (  0.000,   0.000,  -0.129)
  Target Pos : (  0.000,   0.000,   2.498)
  Error      : (  0.000,   0.000,  -0.000) = 0.000m
  PID Output : (  0.000,   0.000,   0.001) m/s
  Applied Force: (   0.00,    0.00,    5.89) N (|F|=5.89N)
  ✅ Gravity compensation active (Fz > 0)
  Actual Vel: (  0.000,   0.000,   0.067) m/s
  ℹ️  Velocity differs from PID (hybrid physics integration active)
────────────────────────────────────────────────────────────────────────────────

[DBG CACHE] Frame 2700: Updating cache with pos=(0.000,0.000,2.499)
[DBG ROS2] Publishing to /drone/odom: pos=(0.000,0.000,2.499)
[VIEWPORT FIX] Setting drone position to (0.000, 0.000, 2.499)
[DBG RENDER] Viewport sync triggered at pos (0.000, 0.000, 2.498)

────────────────────────────────────────────────────────────────────────────────
[FRAME 2712] Δt = 1.00s
────────────────────────────────────────────────────────────────────────────────
  State      : Armed=True, Mode=LOITER
  Position   : (  0.000,   0.000,   2.498)
  Velocity   : (  0.000,   0.000,  -0.129)
  Target Pos : (  0.000,   0.000,   2.498)
  Error      : (  0.000,   0.000,  -0.000) = 0.000m
  PID Output : (  0.000,   0.000,   0.001) m/s
  Applied Force: (   0.00,    0.00,    5.89) N (|F|=5.89N)
  ✅ Gravity compensation active (Fz > 0)
  Actual Vel: (  0.000,   0.000,   0.067) m/s
  ℹ️  Velocity differs from PID (hybrid physics integration active)
────────────────────────────────────────────────────────────────────────────────

[DBG RENDER] Viewport sync triggered at pos (0.000, 0.000, 2.498)

────────────────────────────────────────────────────────────────────────────────
[FRAME 2730] Δt = 1.00s
────────────────────────────────────────────────────────────────────────────────
  State      : Armed=True, Mode=LOITER
  Position   : (  0.000,   0.000,   2.498)
  Velocity   : (  0.000,   0.000,  -0.129)
  Target Pos : (  0.000,   0.000,   2.498)
  Error      : (  0.000,   0.000,  -0.000) = 0.000m
  PID Output : (  0.000,   0.000,   0.001) m/s
  Applied Force: (   0.00,    0.00,    5.89) N (|F|=5.89N)
  ✅ Gravity compensation active (Fz > 0)
  Actual Vel: (  0.000,   0.000,   0.067) m/s
  ℹ️  Velocity differs from PID (hybrid physics integration active)
────────────────────────────────────────────────────────────────────────────────

[DBG RENDER] Viewport sync triggered at pos (0.000, 0.000, 2.498)

────────────────────────────────────────────────────────────────────────────────
[FRAME 2748] Δt = 1.00s
────────────────────────────────────────────────────────────────────────────────
  State      : Armed=True, Mode=LOITER
  Position   : (  0.000,   0.000,   2.498)
  Velocity   : (  0.000,   0.000,  -0.129)
  Target Pos : (  0.000,   0.000,   2.498)
  Error      : (  0.000,   0.000,  -0.000) = 0.000m
  PID Output : (  0.000,   0.000,   0.001) m/s
  Applied Force: (   0.00,    0.00,    5.89) N (|F|=5.89N)
  ✅ Gravity compensation active (Fz > 0)
  Actual Vel: (  0.000,   0.000,   0.067) m/s
  ℹ️  Velocity differs from PID (hybrid physics integration active)
────────────────────────────────────────────────────────────────────────────────

[VIEWPORT FIX] Setting drone position to (0.000, 0.000, 2.499)
[DBG CACHE] Frame 2760: Updating cache with pos=(0.000,0.000,2.499)
[DBG ROS2] Publishing to /drone/odom: pos=(0.000,0.000,2.499)
[DBG RENDER] Viewport sync triggered at pos (0.000, 0.000, 2.498)

────────────────────────────────────────────────────────────────────────────────
[FRAME 2767] Δt = 1.00s
────────────────────────────────────────────────────────────────────────────────
  State      : Armed=True, Mode=LOITER
  Position   : (  0.000,   0.000,   2.498)
  Velocity   : (  0.000,   0.000,  -0.129)
  Target Pos : (  0.000,   0.000,   2.498)
  Error      : (  0.000,   0.000,  -0.000) = 0.000m
  PID Output : (  0.000,   0.000,   0.001) m/s
  Applied Force: (   0.00,    0.00,    5.89) N (|F|=5.89N)
  ✅ Gravity compensation active (Fz > 0)
  Actual Vel: (  0.000,   0.000,   0.067) m/s
  ℹ️  Velocity differs from PID (hybrid physics integration active)
────────────────────────────────────────────────────────────────────────────────

[DBG RENDER] Viewport sync triggered at pos (0.000, 0.000, 2.498)

────────────────────────────────────────────────────────────────────────────────
[FRAME 2786] Δt = 1.00s
────────────────────────────────────────────────────────────────────────────────
  State      : Armed=True, Mode=LOITER
  Position   : (  0.000,   0.000,   2.498)
  Velocity   : (  0.000,   0.000,  -0.129)
  Target Pos : (  0.000,   0.000,   2.498)
  Error      : (  0.000,   0.000,  -0.000) = 0.000m
  PID Output : (  0.000,   0.000,   0.001) m/s
  Applied Force: (   0.00,    0.00,    5.89) N (|F|=5.89N)
  ✅ Gravity compensation active (Fz > 0)
  Actual Vel: (  0.000,   0.000,   0.067) m/s
  ℹ️  Velocity differs from PID (hybrid physics integration active)
────────────────────────────────────────────────────────────────────────────────

[VIEWPORT FIX] Setting drone position to (0.000, 0.000, 2.499)
[DBG RENDER] Viewport sync triggered at pos (0.000, 0.000, 2.498)

────────────────────────────────────────────────────────────────────────────────
[FRAME 2805] Δt = 1.00s
────────────────────────────────────────────────────────────────────────────────
  State      : Armed=True, Mode=LOITER
  Position   : (  0.000,   0.000,   2.498)
  Velocity   : (  0.000,   0.000,  -0.129)
  Target Pos : (  0.000,   0.000,   2.498)
  Error      : (  0.000,   0.000,  -0.000) = 0.000m
  PID Output : (  0.000,   0.000,   0.001) m/s
  Applied Force: (   0.00,    0.00,    5.89) N (|F|=5.89N)
  ✅ Gravity compensation active (Fz > 0)
  Actual Vel: (  0.000,   0.000,   0.067) m/s
  ℹ️  Velocity differs from PID (hybrid physics integration active)
────────────────────────────────────────────────────────────────────────────────

[DBG CACHE] Frame 2820: Updating cache with pos=(0.000,0.000,2.499)
[DBG ROS2] Publishing to /drone/odom: pos=(0.000,0.000,2.499)
[DBG RENDER] Viewport sync triggered at pos (0.000, 0.000, 2.498)

────────────────────────────────────────────────────────────────────────────────
[FRAME 2825] Δt = 1.00s
────────────────────────────────────────────────────────────────────────────────
  State      : Armed=True, Mode=LOITER
  Position   : (  0.000,   0.000,   2.498)
  Velocity   : (  0.000,   0.000,  -0.129)
  Target Pos : (  0.000,   0.000,   2.498)
  Error      : (  0.000,   0.000,  -0.000) = 0.000m
  PID Output : (  0.000,   0.000,   0.001) m/s
  Applied Force: (   0.00,    0.00,    5.89) N (|F|=5.89N)
  ✅ Gravity compensation active (Fz > 0)
  Actual Vel: (  0.000,   0.000,   0.067) m/s
  ℹ️  Velocity differs from PID (hybrid physics integration active)
────────────────────────────────────────────────────────────────────────────────

[DBG RENDER] Viewport sync triggered at pos (0.000, 0.000, 2.498)

────────────────────────────────────────────────────────────────────────────────
[FRAME 2844] Δt = 1.00s
────────────────────────────────────────────────────────────────────────────────
  State      : Armed=True, Mode=LOITER
  Position   : (  0.000,   0.000,   2.498)
  Velocity   : (  0.000,   0.000,  -0.129)
  Target Pos : (  0.000,   0.000,   2.498)
  Error      : (  0.000,   0.000,  -0.000) = 0.000m
  PID Output : (  0.000,   0.000,   0.001) m/s
  Applied Force: (   0.00,    0.00,    5.89) N (|F|=5.89N)
  ✅ Gravity compensation active (Fz > 0)
  Actual Vel: (  0.000,   0.000,   0.067) m/s
  ℹ️  Velocity differs from PID (hybrid physics integration active)
────────────────────────────────────────────────────────────────────────────────

[VIEWPORT FIX] Setting drone position to (0.000, 0.000, 2.499)
[DBG RENDER] Viewport sync triggered at pos (0.000, 0.000, 2.498)

────────────────────────────────────────────────────────────────────────────────
[FRAME 2863] Δt = 1.00s
────────────────────────────────────────────────────────────────────────────────
  State      : Armed=True, Mode=LOITER
  Position   : (  0.000,   0.000,   2.498)
  Velocity   : (  0.000,   0.000,  -0.129)
  Target Pos : (  0.000,   0.000,   2.498)
  Error      : (  0.000,   0.000,  -0.000) = 0.000m
  PID Output : (  0.000,   0.000,   0.001) m/s
  Applied Force: (   0.00,    0.00,    5.89) N (|F|=5.89N)
  ✅ Gravity compensation active (Fz > 0)
  Actual Vel: (  0.000,   0.000,   0.067) m/s
  ℹ️  Velocity differs from PID (hybrid physics integration active)
────────────────────────────────────────────────────────────────────────────────

[DBG CACHE] Frame 2880: Updating cache with pos=(0.000,0.000,2.499)
[DBG ROS2] Publishing to /drone/odom: pos=(0.000,0.000,2.499)
[DBG RENDER] Viewport sync triggered at pos (0.000, 0.000, 2.498)

────────────────────────────────────────────────────────────────────────────────
[FRAME 2882] Δt = 1.00s
────────────────────────────────────────────────────────────────────────────────
  State      : Armed=True, Mode=LOITER
  Position   : (  0.000,   0.000,   2.498)
  Velocity   : (  0.000,   0.000,  -0.129)
  Target Pos : (  0.000,   0.000,   2.498)
  Error      : (  0.000,   0.000,  -0.000) = 0.000m
  PID Output : (  0.000,   0.000,   0.001) m/s
  Applied Force: (   0.00,    0.00,    5.89) N (|F|=5.89N)
  ✅ Gravity compensation active (Fz > 0)
  Actual Vel: (  0.000,   0.000,   0.067) m/s
  ℹ️  Velocity differs from PID (hybrid physics integration active)
────────────────────────────────────────────────────────────────────────────────

[VIEWPORT FIX] Setting drone position to (0.000, 0.000, 2.499)
[DBG RENDER] Viewport sync triggered at pos (0.000, 0.000, 2.498)

────────────────────────────────────────────────────────────────────────────────
[FRAME 2902] Δt = 1.00s
────────────────────────────────────────────────────────────────────────────────
  State      : Armed=True, Mode=LOITER
  Position   : (  0.000,   0.000,   2.498)
  Velocity   : (  0.000,   0.000,  -0.129)
  Target Pos : (  0.000,   0.000,   2.498)
  Error      : (  0.000,   0.000,  -0.000) = 0.000m
  PID Output : (  0.000,   0.000,   0.001) m/s
  Applied Force: (   0.00,    0.00,    5.89) N (|F|=5.89N)
  ✅ Gravity compensation active (Fz > 0)
  Actual Vel: (  0.000,   0.000,   0.067) m/s
  ℹ️  Velocity differs from PID (hybrid physics integration active)
────────────────────────────────────────────────────────────────────────────────

[DBG RENDER] Viewport sync triggered at pos (0.000, 0.000, 2.498)

────────────────────────────────────────────────────────────────────────────────
[FRAME 2922] Δt = 1.00s
────────────────────────────────────────────────────────────────────────────────
  State      : Armed=True, Mode=LOITER
  Position   : (  0.000,   0.000,   2.498)
  Velocity   : (  0.000,   0.000,  -0.129)
  Target Pos : (  0.000,   0.000,   2.498)
  Error      : (  0.000,   0.000,  -0.000) = 0.000m
  PID Output : (  0.000,   0.000,   0.001) m/s
  Applied Force: (   0.00,    0.00,    5.89) N (|F|=5.89N)
  ✅ Gravity compensation active (Fz > 0)
  Actual Vel: (  0.000,   0.000,   0.067) m/s
  ℹ️  Velocity differs from PID (hybrid physics integration active)
────────────────────────────────────────────────────────────────────────────────

[DBG CACHE] Frame 2940: Updating cache with pos=(0.000,0.000,2.499)
[DBG ROS2] Publishing to /drone/odom: pos=(0.000,0.000,2.499)
[DBG RENDER] Viewport sync triggered at pos (0.000, 0.000, 2.498)

────────────────────────────────────────────────────────────────────────────────
[FRAME 2941] Δt = 1.00s
────────────────────────────────────────────────────────────────────────────────
  State      : Armed=True, Mode=LOITER
  Position   : (  0.000,   0.000,   2.498)
  Velocity   : (  0.000,   0.000,  -0.129)
  Target Pos : (  0.000,   0.000,   2.498)
  Error      : (  0.000,   0.000,  -0.000) = 0.000m
  PID Output : (  0.000,   0.000,   0.001) m/s
  Applied Force: (   0.00,    0.00,    5.89) N (|F|=5.89N)
  ✅ Gravity compensation active (Fz > 0)
  Actual Vel: (  0.000,   0.000,   0.067) m/s
  ℹ️  Velocity differs from PID (hybrid physics integration active)
────────────────────────────────────────────────────────────────────────────────

[VIEWPORT FIX] Setting drone position to (0.000, 0.000, 2.499)

────────────────────────────────────────────────────────────────────────────────
[FRAME 2960] Δt = 1.00s
────────────────────────────────────────────────────────────────────────────────
  State      : Armed=True, Mode=LOITER
  Position   : (  0.000,   0.000,   2.498)
  Velocity   : (  0.000,   0.000,  -0.129)
  Target Pos : (  0.000,   0.000,   2.498)
  Error      : (  0.000,   0.000,  -0.000) = 0.000m
  PID Output : (  0.000,   0.000,   0.001) m/s
  Applied Force: (   0.00,    0.00,    5.89) N (|F|=5.89N)
  ✅ Gravity compensation active (Fz > 0)
  Actual Vel: (  0.000,   0.000,   0.067) m/s
  ℹ️  Velocity differs from PID (hybrid physics integration active)
────────────────────────────────────────────────────────────────────────────────

[DBG RENDER] Viewport sync triggered at pos (0.000, 0.000, 2.498)

────────────────────────────────────────────────────────────────────────────────
[FRAME 2979] Δt = 1.00s
────────────────────────────────────────────────────────────────────────────────
  State      : Armed=True, Mode=LOITER
  Position   : (  0.000,   0.000,   2.498)
  Velocity   : (  0.000,   0.000,  -0.129)
  Target Pos : (  0.000,   0.000,   2.498)
  Error      : (  0.000,   0.000,  -0.000) = 0.000m
  PID Output : (  0.000,   0.000,   0.001) m/s
  Applied Force: (   0.00,    0.00,    5.89) N (|F|=5.89N)
  ✅ Gravity compensation active (Fz > 0)
  Actual Vel: (  0.000,   0.000,   0.067) m/s
  ℹ️  Velocity differs from PID (hybrid physics integration active)
────────────────────────────────────────────────────────────────────────────────

[DBG RENDER] Viewport sync triggered at pos (0.000, 0.000, 2.498)

────────────────────────────────────────────────────────────────────────────────
[FRAME 2999] Δt = 1.00s
────────────────────────────────────────────────────────────────────────────────
  State      : Armed=True, Mode=LOITER
  Position   : (  0.000,   0.000,   2.498)
  Velocity   : (  0.000,   0.000,  -0.129)
  Target Pos : (  0.000,   0.000,   2.498)
  Error      : (  0.000,   0.000,  -0.000) = 0.000m
  PID Output : (  0.000,   0.000,   0.001) m/s
  Applied Force: (   0.00,    0.00,    5.89) N (|F|=5.89N)
  ✅ Gravity compensation active (Fz > 0)
  Actual Vel: (  0.000,   0.000,   0.067) m/s
  ℹ️  Velocity differs from PID (hybrid physics integration active)
────────────────────────────────────────────────────────────────────────────────

[DBG CACHE] Frame 3000: Updating cache with pos=(0.000,0.000,2.499)
[DBG ROS2] Publishing to /drone/odom: pos=(0.000,0.000,2.499)
[VIEWPORT FIX] Setting drone position to (0.000, 0.000, 2.499)
[DBG RENDER] Viewport sync triggered at pos (0.000, 0.000, 2.498)

────────────────────────────────────────────────────────────────────────────────
[FRAME 3018] Δt = 1.00s
────────────────────────────────────────────────────────────────────────────────
  State      : Armed=True, Mode=LOITER
  Position   : (  0.000,   0.000,   2.498)
  Velocity   : (  0.000,   0.000,  -0.129)
  Target Pos : (  0.000,   0.000,   2.498)
  Error      : (  0.000,   0.000,  -0.000) = 0.000m
  PID Output : (  0.000,   0.000,   0.001) m/s
  Applied Force: (   0.00,    0.00,    5.89) N (|F|=5.89N)
  ✅ Gravity compensation active (Fz > 0)
  Actual Vel: (  0.000,   0.000,   0.067) m/s
  ℹ️  Velocity differs from PID (hybrid physics integration active)
────────────────────────────────────────────────────────────────────────────────

[DBG RENDER] Viewport sync triggered at pos (0.000, 0.000, 2.498)

────────────────────────────────────────────────────────────────────────────────
[FRAME 3037] Δt = 1.00s
────────────────────────────────────────────────────────────────────────────────
  State      : Armed=True, Mode=LOITER
  Position   : (  0.000,   0.000,   2.498)
  Velocity   : (  0.000,   0.000,  -0.129)
  Target Pos : (  0.000,   0.000,   2.498)
  Error      : (  0.000,   0.000,  -0.000) = 0.000m
  PID Output : (  0.000,   0.000,   0.001) m/s
  Applied Force: (   0.00,    0.00,    5.89) N (|F|=5.89N)
  ✅ Gravity compensation active (Fz > 0)
  Actual Vel: (  0.000,   0.000,   0.067) m/s
  ℹ️  Velocity differs from PID (hybrid physics integration active)
────────────────────────────────────────────────────────────────────────────────

[DBG RENDER] Viewport sync triggered at pos (0.000, 0.000, 2.498)
[VIEWPORT FIX] Setting drone position to (0.000, 0.000, 2.499)

────────────────────────────────────────────────────────────────────────────────
[FRAME 3056] Δt = 1.00s
────────────────────────────────────────────────────────────────────────────────
  State      : Armed=True, Mode=LOITER
  Position   : (  0.000,   0.000,   2.498)
  Velocity   : (  0.000,   0.000,  -0.129)
  Target Pos : (  0.000,   0.000,   2.498)
  Error      : (  0.000,   0.000,  -0.000) = 0.000m
  PID Output : (  0.000,   0.000,   0.001) m/s
  Applied Force: (   0.00,    0.00,    5.89) N (|F|=5.89N)
  ✅ Gravity compensation active (Fz > 0)
  Actual Vel: (  0.000,   0.000,   0.067) m/s
  ℹ️  Velocity differs from PID (hybrid physics integration active)
────────────────────────────────────────────────────────────────────────────────

[DBG CACHE] Frame 3060: Updating cache with pos=(0.000,0.000,2.499)
[DBG ROS2] Publishing to /drone/odom: pos=(0.000,0.000,2.499)
[DBG RENDER] Viewport sync triggered at pos (0.000, 0.000, 2.498)

────────────────────────────────────────────────────────────────────────────────
[FRAME 3075] Δt = 1.00s
────────────────────────────────────────────────────────────────────────────────
  State      : Armed=True, Mode=LOITER
  Position   : (  0.000,   0.000,   2.498)
  Velocity   : (  0.000,   0.000,  -0.129)
  Target Pos : (  0.000,   0.000,   2.498)
  Error      : (  0.000,   0.000,  -0.000) = 0.000m
  PID Output : (  0.000,   0.000,   0.001) m/s
  Applied Force: (   0.00,    0.00,    5.89) N (|F|=5.89N)
  ✅ Gravity compensation active (Fz > 0)
  Actual Vel: (  0.000,   0.000,   0.067) m/s
  ℹ️  Velocity differs from PID (hybrid physics integration active)
────────────────────────────────────────────────────────────────────────────────

[DBG RENDER] Viewport sync triggered at pos (0.000, 0.000, 2.498)

────────────────────────────────────────────────────────────────────────────────
[FRAME 3094] Δt = 1.00s
────────────────────────────────────────────────────────────────────────────────
  State      : Armed=True, Mode=LOITER
  Position   : (  0.000,   0.000,   2.498)
  Velocity   : (  0.000,   0.000,  -0.129)
  Target Pos : (  0.000,   0.000,   2.498)
  Error      : (  0.000,   0.000,  -0.000) = 0.000m
  PID Output : (  0.000,   0.000,   0.001) m/s
  Applied Force: (   0.00,    0.00,    5.89) N (|F|=5.89N)
  ✅ Gravity compensation active (Fz > 0)
  Actual Vel: (  0.000,   0.000,   0.067) m/s
  ℹ️  Velocity differs from PID (hybrid physics integration active)
────────────────────────────────────────────────────────────────────────────────

[VIEWPORT FIX] Setting drone position to (0.000, 0.000, 2.499)
[DBG RENDER] Viewport sync triggered at pos (0.000, 0.000, 2.498)

────────────────────────────────────────────────────────────────────────────────
[FRAME 3113] Δt = 1.00s
────────────────────────────────────────────────────────────────────────────────
  State      : Armed=True, Mode=LOITER
  Position   : (  0.000,   0.000,   2.498)
  Velocity   : (  0.000,   0.000,  -0.129)
  Target Pos : (  0.000,   0.000,   2.498)
  Error      : (  0.000,   0.000,  -0.000) = 0.000m
  PID Output : (  0.000,   0.000,   0.001) m/s
  Applied Force: (   0.00,    0.00,    5.89) N (|F|=5.89N)
  ✅ Gravity compensation active (Fz > 0)
  Actual Vel: (  0.000,   0.000,   0.067) m/s
  ℹ️  Velocity differs from PID (hybrid physics integration active)
────────────────────────────────────────────────────────────────────────────────

[DBG CACHE] Frame 3120: Updating cache with pos=(0.000,0.000,2.499)
[DBG ROS2] Publishing to /drone/odom: pos=(0.000,0.000,2.499)
[DBG RENDER] Viewport sync triggered at pos (0.000, 0.000, 2.498)

────────────────────────────────────────────────────────────────────────────────
[FRAME 3132] Δt = 1.00s
────────────────────────────────────────────────────────────────────────────────
  State      : Armed=True, Mode=LOITER
  Position   : (  0.000,   0.000,   2.498)
  Velocity   : (  0.000,   0.000,  -0.129)
  Target Pos : (  0.000,   0.000,   2.498)
  Error      : (  0.000,   0.000,  -0.000) = 0.000m
  PID Output : (  0.000,   0.000,   0.001) m/s
  Applied Force: (   0.00,    0.00,    5.89) N (|F|=5.89N)
  ✅ Gravity compensation active (Fz > 0)
  Actual Vel: (  0.000,   0.000,   0.067) m/s
  ℹ️  Velocity differs from PID (hybrid physics integration active)
────────────────────────────────────────────────────────────────────────────────

[DBG RENDER] Viewport sync triggered at pos (0.000, 0.000, 2.498)
[VIEWPORT FIX] Setting drone position to (0.000, 0.000, 2.499)

────────────────────────────────────────────────────────────────────────────────
[FRAME 3151] Δt = 1.00s
────────────────────────────────────────────────────────────────────────────────
  State      : Armed=True, Mode=LOITER
  Position   : (  0.000,   0.000,   2.498)
  Velocity   : (  0.000,   0.000,  -0.129)
  Target Pos : (  0.000,   0.000,   2.498)
  Error      : (  0.000,   0.000,  -0.000) = 0.000m
  PID Output : (  0.000,   0.000,   0.001) m/s
  Applied Force: (   0.00,    0.00,    5.89) N (|F|=5.89N)
  ✅ Gravity compensation active (Fz > 0)
  Actual Vel: (  0.000,   0.000,   0.067) m/s
  ℹ️  Velocity differs from PID (hybrid physics integration active)
────────────────────────────────────────────────────────────────────────────────

[DBG RENDER] Viewport sync triggered at pos (0.000, 0.000, 2.498)

────────────────────────────────────────────────────────────────────────────────
[FRAME 3170] Δt = 1.00s
────────────────────────────────────────────────────────────────────────────────
  State      : Armed=True, Mode=LOITER
  Position   : (  0.000,   0.000,   2.498)
  Velocity   : (  0.000,   0.000,  -0.129)
  Target Pos : (  0.000,   0.000,   2.498)
  Error      : (  0.000,   0.000,  -0.000) = 0.000m
  PID Output : (  0.000,   0.000,   0.001) m/s
  Applied Force: (   0.00,    0.00,    5.89) N (|F|=5.89N)
  ✅ Gravity compensation active (Fz > 0)
  Actual Vel: (  0.000,   0.000,   0.067) m/s
  ℹ️  Velocity differs from PID (hybrid physics integration active)
────────────────────────────────────────────────────────────────────────────────

[DBG CACHE] Frame 3180: Updating cache with pos=(0.000,0.000,2.499)
[DBG ROS2] Publishing to /drone/odom: pos=(0.000,0.000,2.499)
[DBG RENDER] Viewport sync triggered at pos (0.000, 0.000, 2.498)

────────────────────────────────────────────────────────────────────────────────
[FRAME 3189] Δt = 1.00s
────────────────────────────────────────────────────────────────────────────────
  State      : Armed=True, Mode=LOITER
  Position   : (  0.000,   0.000,   2.498)
  Velocity   : (  0.000,   0.000,  -0.129)
  Target Pos : (  0.000,   0.000,   2.498)
  Error      : (  0.000,   0.000,  -0.000) = 0.000m
  PID Output : (  0.000,   0.000,   0.001) m/s
  Applied Force: (   0.00,    0.00,    5.89) N (|F|=5.89N)
  ✅ Gravity compensation active (Fz > 0)
  Actual Vel: (  0.000,   0.000,   0.067) m/s
  ℹ️  Velocity differs from PID (hybrid physics integration active)
────────────────────────────────────────────────────────────────────────────────

[VIEWPORT FIX] Setting drone position to (0.000, 0.000, 2.499)
[DBG RENDER] Viewport sync triggered at pos (0.000, 0.000, 2.498)

────────────────────────────────────────────────────────────────────────────────
[FRAME 3208] Δt = 1.00s
────────────────────────────────────────────────────────────────────────────────
  State      : Armed=True, Mode=LOITER
  Position   : (  0.000,   0.000,   2.498)
  Velocity   : (  0.000,   0.000,  -0.129)
  Target Pos : (  0.000,   0.000,   2.498)
  Error      : (  0.000,   0.000,  -0.000) = 0.000m
  PID Output : (  0.000,   0.000,   0.001) m/s
  Applied Force: (   0.00,    0.00,    5.89) N (|F|=5.89N)
  ✅ Gravity compensation active (Fz > 0)
  Actual Vel: (  0.000,   0.000,   0.067) m/s
  ℹ️  Velocity differs from PID (hybrid physics integration active)
────────────────────────────────────────────────────────────────────────────────

[DBG RENDER] Viewport sync triggered at pos (0.000, 0.000, 2.498)

────────────────────────────────────────────────────────────────────────────────
[FRAME 3227] Δt = 1.00s
────────────────────────────────────────────────────────────────────────────────
  State      : Armed=True, Mode=LOITER
  Position   : (  0.000,   0.000,   2.498)
  Velocity   : (  0.000,   0.000,  -0.129)
  Target Pos : (  0.000,   0.000,   2.498)
  Error      : (  0.000,   0.000,  -0.000) = 0.000m
  PID Output : (  0.000,   0.000,   0.001) m/s
  Applied Force: (   0.00,    0.00,    5.89) N (|F|=5.89N)
  ✅ Gravity compensation active (Fz > 0)
  Actual Vel: (  0.000,   0.000,   0.067) m/s
  ℹ️  Velocity differs from PID (hybrid physics integration active)
────────────────────────────────────────────────────────────────────────────────

[DBG CACHE] Frame 3240: Updating cache with pos=(0.000,0.000,2.499)
[DBG ROS2] Publishing to /drone/odom: pos=(0.000,0.000,2.499)
[DBG RENDER] Viewport sync triggered at pos (0.000, 0.000, 2.498)

────────────────────────────────────────────────────────────────────────────────
[FRAME 3246] Δt = 1.00s
────────────────────────────────────────────────────────────────────────────────
  State      : Armed=True, Mode=LOITER
  Position   : (  0.000,   0.000,   2.498)
  Velocity   : (  0.000,   0.000,  -0.129)
  Target Pos : (  0.000,   0.000,   2.498)
  Error      : (  0.000,   0.000,  -0.000) = 0.000m
  PID Output : (  0.000,   0.000,   0.001) m/s
  Applied Force: (   0.00,    0.00,    5.89) N (|F|=5.89N)
  ✅ Gravity compensation active (Fz > 0)
  Actual Vel: (  0.000,   0.000,   0.067) m/s
  ℹ️  Velocity differs from PID (hybrid physics integration active)
────────────────────────────────────────────────────────────────────────────────

[VIEWPORT FIX] Setting drone position to (0.000, 0.000, 2.499)
[DBG RENDER] Viewport sync triggered at pos (0.000, 0.000, 2.498)

────────────────────────────────────────────────────────────────────────────────
[FRAME 3265] Δt = 1.00s
────────────────────────────────────────────────────────────────────────────────
  State      : Armed=True, Mode=LOITER
  Position   : (  0.000,   0.000,   2.498)
  Velocity   : (  0.000,   0.000,  -0.129)
  Target Pos : (  0.000,   0.000,   2.498)
  Error      : (  0.000,   0.000,  -0.000) = 0.000m
  PID Output : (  0.000,   0.000,   0.001) m/s
  Applied Force: (   0.00,    0.00,    5.89) N (|F|=5.89N)
  ✅ Gravity compensation active (Fz > 0)
  Actual Vel: (  0.000,   0.000,   0.067) m/s
  ℹ️  Velocity differs from PID (hybrid physics integration active)
────────────────────────────────────────────────────────────────────────────────

[DBG RENDER] Viewport sync triggered at pos (0.000, 0.000, 2.498)

────────────────────────────────────────────────────────────────────────────────
[FRAME 3284] Δt = 1.00s
────────────────────────────────────────────────────────────────────────────────
  State      : Armed=True, Mode=LOITER
  Position   : (  0.000,   0.000,   2.498)
  Velocity   : (  0.000,   0.000,  -0.129)
  Target Pos : (  0.000,   0.000,   2.498)
  Error      : (  0.000,   0.000,  -0.000) = 0.000m
  PID Output : (  0.000,   0.000,   0.001) m/s
  Applied Force: (   0.00,    0.00,    5.89) N (|F|=5.89N)
  ✅ Gravity compensation active (Fz > 0)
  Actual Vel: (  0.000,   0.000,   0.067) m/s
  ℹ️  Velocity differs from PID (hybrid physics integration active)
────────────────────────────────────────────────────────────────────────────────

[DBG CACHE] Frame 3300: Updating cache with pos=(0.000,0.000,2.499)
[DBG ROS2] Publishing to /drone/odom: pos=(0.000,0.000,2.499)
[VIEWPORT FIX] Setting drone position to (0.000, 0.000, 2.499)
[DBG RENDER] Viewport sync triggered at pos (0.000, 0.000, 2.498)

────────────────────────────────────────────────────────────────────────────────
[FRAME 3302] Δt = 1.00s
────────────────────────────────────────────────────────────────────────────────
  State      : Armed=True, Mode=LOITER
  Position   : (  0.000,   0.000,   2.498)
  Velocity   : (  0.000,   0.000,  -0.129)
  Target Pos : (  0.000,   0.000,   2.498)
  Error      : (  0.000,   0.000,  -0.000) = 0.000m
  PID Output : (  0.000,   0.000,   0.001) m/s
  Applied Force: (   0.00,    0.00,    5.89) N (|F|=5.89N)
  ✅ Gravity compensation active (Fz > 0)
  Actual Vel: (  0.000,   0.000,   0.067) m/s
  ℹ️  Velocity differs from PID (hybrid physics integration active)
────────────────────────────────────────────────────────────────────────────────

[DBG RENDER] Viewport sync triggered at pos (0.000, 0.000, 2.498)

────────────────────────────────────────────────────────────────────────────────
[FRAME 3321] Δt = 1.00s
────────────────────────────────────────────────────────────────────────────────
  State      : Armed=True, Mode=LOITER
  Position   : (  0.000,   0.000,   2.498)
  Velocity   : (  0.000,   0.000,  -0.129)
  Target Pos : (  0.000,   0.000,   2.498)
  Error      : (  0.000,   0.000,  -0.000) = 0.000m
  PID Output : (  0.000,   0.000,   0.001) m/s
  Applied Force: (   0.00,    0.00,    5.89) N (|F|=5.89N)
  ✅ Gravity compensation active (Fz > 0)
  Actual Vel: (  0.000,   0.000,   0.067) m/s
  ℹ️  Velocity differs from PID (hybrid physics integration active)
────────────────────────────────────────────────────────────────────────────────


────────────────────────────────────────────────────────────────────────────────
[FRAME 3340] Δt = 1.00s
────────────────────────────────────────────────────────────────────────────────
  State      : Armed=True, Mode=LOITER
  Position   : (  0.000,   0.000,   2.498)
  Velocity   : (  0.000,   0.000,  -0.129)
  Target Pos : (  0.000,   0.000,   2.498)
  Error      : (  0.000,   0.000,  -0.000) = 0.000m
  PID Output : (  0.000,   0.000,   0.001) m/s
  Applied Force: (   0.00,    0.00,    5.89) N (|F|=5.89N)
  ✅ Gravity compensation active (Fz > 0)
  Actual Vel: (  0.000,   0.000,   0.067) m/s
  ℹ️  Velocity differs from PID (hybrid physics integration active)
────────────────────────────────────────────────────────────────────────────────

[DBG RENDER] Viewport sync triggered at pos (0.000, 0.000, 2.498)
[VIEWPORT FIX] Setting drone position to (0.000, 0.000, 2.499)

────────────────────────────────────────────────────────────────────────────────
[FRAME 3358] Δt = 1.00s
────────────────────────────────────────────────────────────────────────────────
  State      : Armed=True, Mode=LOITER
  Position   : (  0.000,   0.000,   2.498)
  Velocity   : (  0.000,   0.000,  -0.129)
  Target Pos : (  0.000,   0.000,   2.498)
  Error      : (  0.000,   0.000,  -0.000) = 0.000m
  PID Output : (  0.000,   0.000,   0.001) m/s
  Applied Force: (   0.00,    0.00,    5.89) N (|F|=5.89N)
  ✅ Gravity compensation active (Fz > 0)
  Actual Vel: (  0.000,   0.000,   0.067) m/s
  ℹ️  Velocity differs from PID (hybrid physics integration active)
────────────────────────────────────────────────────────────────────────────────

[DBG CACHE] Frame 3360: Updating cache with pos=(0.000,0.000,2.499)
[DBG ROS2] Publishing to /drone/odom: pos=(0.000,0.000,2.499)
[DBG RENDER] Viewport sync triggered at pos (0.000, 0.000, 2.498)

────────────────────────────────────────────────────────────────────────────────
[FRAME 3377] Δt = 1.00s
────────────────────────────────────────────────────────────────────────────────
  State      : Armed=True, Mode=LOITER
  Position   : (  0.000,   0.000,   2.498)
  Velocity   : (  0.000,   0.000,  -0.129)
  Target Pos : (  0.000,   0.000,   2.498)
  Error      : (  0.000,   0.000,  -0.000) = 0.000m
  PID Output : (  0.000,   0.000,   0.001) m/s
  Applied Force: (   0.00,    0.00,    5.89) N (|F|=5.89N)
  ✅ Gravity compensation active (Fz > 0)
  Actual Vel: (  0.000,   0.000,   0.067) m/s
  ℹ️  Velocity differs from PID (hybrid physics integration active)
────────────────────────────────────────────────────────────────────────────────

[DBG RENDER] Viewport sync triggered at pos (0.000, 0.000, 2.498)

────────────────────────────────────────────────────────────────────────────────
[FRAME 3396] Δt = 1.00s
────────────────────────────────────────────────────────────────────────────────
  State      : Armed=True, Mode=LOITER
  Position   : (  0.000,   0.000,   2.498)
  Velocity   : (  0.000,   0.000,  -0.129)
  Target Pos : (  0.000,   0.000,   2.498)
  Error      : (  0.000,   0.000,  -0.000) = 0.000m
  PID Output : (  0.000,   0.000,   0.001) m/s
  Applied Force: (   0.00,    0.00,    5.89) N (|F|=5.89N)
  ✅ Gravity compensation active (Fz > 0)
  Actual Vel: (  0.000,   0.000,   0.067) m/s
  ℹ️  Velocity differs from PID (hybrid physics integration active)
────────────────────────────────────────────────────────────────────────────────

[VIEWPORT FIX] Setting drone position to (0.000, 0.000, 2.499)
[DBG RENDER] Viewport sync triggered at pos (0.000, 0.000, 2.498)

────────────────────────────────────────────────────────────────────────────────
[FRAME 3415] Δt = 1.00s
────────────────────────────────────────────────────────────────────────────────
  State      : Armed=True, Mode=LOITER
  Position   : (  0.000,   0.000,   2.498)
  Velocity   : (  0.000,   0.000,  -0.129)
  Target Pos : (  0.000,   0.000,   2.498)
  Error      : (  0.000,   0.000,  -0.000) = 0.000m
  PID Output : (  0.000,   0.000,   0.001) m/s
  Applied Force: (   0.00,    0.00,    5.89) N (|F|=5.89N)
  ✅ Gravity compensation active (Fz > 0)
  Actual Vel: (  0.000,   0.000,   0.067) m/s
  ℹ️  Velocity differs from PID (hybrid physics integration active)
────────────────────────────────────────────────────────────────────────────────

[DBG CACHE] Frame 3420: Updating cache with pos=(0.000,0.000,2.499)
[DBG ROS2] Publishing to /drone/odom: pos=(0.000,0.000,2.499)
[DBG RENDER] Viewport sync triggered at pos (0.000, 0.000, 2.498)

────────────────────────────────────────────────────────────────────────────────
[FRAME 3434] Δt = 1.00s
────────────────────────────────────────────────────────────────────────────────
  State      : Armed=True, Mode=LOITER
  Position   : (  0.000,   0.000,   2.498)
  Velocity   : (  0.000,   0.000,  -0.129)
  Target Pos : (  0.000,   0.000,   2.498)
  Error      : (  0.000,   0.000,  -0.000) = 0.000m
  PID Output : (  0.000,   0.000,   0.001) m/s
  Applied Force: (   0.00,    0.00,    5.89) N (|F|=5.89N)
  ✅ Gravity compensation active (Fz > 0)
  Actual Vel: (  0.000,   0.000,   0.067) m/s
  ℹ️  Velocity differs from PID (hybrid physics integration active)
────────────────────────────────────────────────────────────────────────────────

[DBG RENDER] Viewport sync triggered at pos (0.000, 0.000, 2.498)
[VIEWPORT FIX] Setting drone position to (0.000, 0.000, 2.499)

────────────────────────────────────────────────────────────────────────────────
[FRAME 3453] Δt = 1.00s
────────────────────────────────────────────────────────────────────────────────
  State      : Armed=True, Mode=LOITER
  Position   : (  0.000,   0.000,   2.498)
  Velocity   : (  0.000,   0.000,  -0.129)
  Target Pos : (  0.000,   0.000,   2.498)
  Error      : (  0.000,   0.000,  -0.000) = 0.000m
  PID Output : (  0.000,   0.000,   0.001) m/s
  Applied Force: (   0.00,    0.00,    5.89) N (|F|=5.89N)
  ✅ Gravity compensation active (Fz > 0)
  Actual Vel: (  0.000,   0.000,   0.067) m/s
  ℹ️  Velocity differs from PID (hybrid physics integration active)
────────────────────────────────────────────────────────────────────────────────

[DBG RENDER] Viewport sync triggered at pos (0.000, 0.000, 2.498)

────────────────────────────────────────────────────────────────────────────────
[FRAME 3471] Δt = 1.00s
────────────────────────────────────────────────────────────────────────────────
  State      : Armed=True, Mode=LOITER
  Position   : (  0.000,   0.000,   2.498)
  Velocity   : (  0.000,   0.000,  -0.129)
  Target Pos : (  0.000,   0.000,   2.498)
  Error      : (  0.000,   0.000,  -0.000) = 0.000m
  PID Output : (  0.000,   0.000,   0.001) m/s
  Applied Force: (   0.00,    0.00,    5.89) N (|F|=5.89N)
  ✅ Gravity compensation active (Fz > 0)
  Actual Vel: (  0.000,   0.000,   0.067) m/s
  ℹ️  Velocity differs from PID (hybrid physics integration active)
────────────────────────────────────────────────────────────────────────────────

[DBG CACHE] Frame 3480: Updating cache with pos=(0.000,0.000,2.499)
[DBG ROS2] Publishing to /drone/odom: pos=(0.000,0.000,2.499)
[DBG RENDER] Viewport sync triggered at pos (0.000, 0.000, 2.498)

────────────────────────────────────────────────────────────────────────────────
[FRAME 3490] Δt = 1.00s
────────────────────────────────────────────────────────────────────────────────
  State      : Armed=True, Mode=LOITER
  Position   : (  0.000,   0.000,   2.498)
  Velocity   : (  0.000,   0.000,  -0.129)
  Target Pos : (  0.000,   0.000,   2.498)
  Error      : (  0.000,   0.000,  -0.000) = 0.000m
  PID Output : (  0.000,   0.000,   0.001) m/s
  Applied Force: (   0.00,    0.00,    5.89) N (|F|=5.89N)
  ✅ Gravity compensation active (Fz > 0)
  Actual Vel: (  0.000,   0.000,   0.067) m/s
  ℹ️  Velocity differs from PID (hybrid physics integration active)
────────────────────────────────────────────────────────────────────────────────

[VIEWPORT FIX] Setting drone position to (0.000, 0.000, 2.499)
[DBG RENDER] Viewport sync triggered at pos (0.000, 0.000, 2.498)

────────────────────────────────────────────────────────────────────────────────
[FRAME 3509] Δt = 1.00s
────────────────────────────────────────────────────────────────────────────────
  State      : Armed=True, Mode=LOITER
  Position   : (  0.000,   0.000,   2.498)
  Velocity   : (  0.000,   0.000,  -0.129)
  Target Pos : (  0.000,   0.000,   2.498)
  Error      : (  0.000,   0.000,  -0.000) = 0.000m
  PID Output : (  0.000,   0.000,   0.001) m/s
  Applied Force: (   0.00,    0.00,    5.89) N (|F|=5.89N)
  ✅ Gravity compensation active (Fz > 0)
  Actual Vel: (  0.000,   0.000,   0.067) m/s
  ℹ️  Velocity differs from PID (hybrid physics integration active)
────────────────────────────────────────────────────────────────────────────────

[DBG RENDER] Viewport sync triggered at pos (0.000, 0.000, 2.498)

────────────────────────────────────────────────────────────────────────────────
[FRAME 3528] Δt = 1.00s
────────────────────────────────────────────────────────────────────────────────
  State      : Armed=True, Mode=LOITER
  Position   : (  0.000,   0.000,   2.498)
  Velocity   : (  0.000,   0.000,  -0.129)
  Target Pos : (  0.000,   0.000,   2.498)
  Error      : (  0.000,   0.000,  -0.000) = 0.000m
  PID Output : (  0.000,   0.000,   0.001) m/s
  Applied Force: (   0.00,    0.00,    5.89) N (|F|=5.89N)
  ✅ Gravity compensation active (Fz > 0)
  Actual Vel: (  0.000,   0.000,   0.067) m/s
  ℹ️  Velocity differs from PID (hybrid physics integration active)
────────────────────────────────────────────────────────────────────────────────

[DBG CACHE] Frame 3540: Updating cache with pos=(0.000,0.000,2.499)
[DBG ROS2] Publishing to /drone/odom: pos=(0.000,0.000,2.499)
[DBG RENDER] Viewport sync triggered at pos (0.000, 0.000, 2.498)

────────────────────────────────────────────────────────────────────────────────
[FRAME 3547] Δt = 1.00s
────────────────────────────────────────────────────────────────────────────────
  State      : Armed=True, Mode=LOITER
  Position   : (  0.000,   0.000,   2.498)
  Velocity   : (  0.000,   0.000,  -0.129)
  Target Pos : (  0.000,   0.000,   2.498)
  Error      : (  0.000,   0.000,  -0.000) = 0.000m
  PID Output : (  0.000,   0.000,   0.001) m/s
  Applied Force: (   0.00,    0.00,    5.89) N (|F|=5.89N)
  ✅ Gravity compensation active (Fz > 0)
  Actual Vel: (  0.000,   0.000,   0.067) m/s
  ℹ️  Velocity differs from PID (hybrid physics integration active)
────────────────────────────────────────────────────────────────────────────────

[VIEWPORT FIX] Setting drone position to (0.000, 0.000, 2.499)
[DBG RENDER] Viewport sync triggered at pos (0.000, 0.000, 2.498)

────────────────────────────────────────────────────────────────────────────────
[FRAME 3566] Δt = 1.00s
────────────────────────────────────────────────────────────────────────────────
  State      : Armed=True, Mode=LOITER
  Position   : (  0.000,   0.000,   2.498)
  Velocity   : (  0.000,   0.000,  -0.129)
  Target Pos : (  0.000,   0.000,   2.498)
  Error      : (  0.000,   0.000,  -0.000) = 0.000m
  PID Output : (  0.000,   0.000,   0.001) m/s
  Applied Force: (   0.00,    0.00,    5.89) N (|F|=5.89N)
  ✅ Gravity compensation active (Fz > 0)
  Actual Vel: (  0.000,   0.000,   0.067) m/s
  ℹ️  Velocity differs from PID (hybrid physics integration active)
────────────────────────────────────────────────────────────────────────────────

[DBG RENDER] Viewport sync triggered at pos (0.000, 0.000, 2.498)

────────────────────────────────────────────────────────────────────────────────
[FRAME 3585] Δt = 1.00s
────────────────────────────────────────────────────────────────────────────────
  State      : Armed=True, Mode=LOITER
  Position   : (  0.000,   0.000,   2.498)
  Velocity   : (  0.000,   0.000,  -0.129)
  Target Pos : (  0.000,   0.000,   2.498)
  Error      : (  0.000,   0.000,  -0.000) = 0.000m
  PID Output : (  0.000,   0.000,   0.001) m/s
  Applied Force: (   0.00,    0.00,    5.89) N (|F|=5.89N)
  ✅ Gravity compensation active (Fz > 0)
  Actual Vel: (  0.000,   0.000,   0.067) m/s
  ℹ️  Velocity differs from PID (hybrid physics integration active)
────────────────────────────────────────────────────────────────────────────────

[DBG CACHE] Frame 3600: Updating cache with pos=(0.000,0.000,2.499)
[DBG ROS2] Publishing to /drone/odom: pos=(0.000,0.000,2.499)
[VIEWPORT FIX] Setting drone position to (0.000, 0.000, 2.499)
[DBG RENDER] Viewport sync triggered at pos (0.000, 0.000, 2.498)

────────────────────────────────────────────────────────────────────────────────
[FRAME 3603] Δt = 1.00s
────────────────────────────────────────────────────────────────────────────────
  State      : Armed=True, Mode=LOITER
  Position   : (  0.000,   0.000,   2.498)
  Velocity   : (  0.000,   0.000,  -0.129)
  Target Pos : (  0.000,   0.000,   2.498)
  Error      : (  0.000,   0.000,  -0.000) = 0.000m
  PID Output : (  0.000,   0.000,   0.001) m/s
  Applied Force: (   0.00,    0.00,    5.89) N (|F|=5.89N)
  ✅ Gravity compensation active (Fz > 0)
  Actual Vel: (  0.000,   0.000,   0.067) m/s
  ℹ️  Velocity differs from PID (hybrid physics integration active)
────────────────────────────────────────────────────────────────────────────────

[DBG RENDER] Viewport sync triggered at pos (0.000, 0.000, 2.498)

────────────────────────────────────────────────────────────────────────────────
[FRAME 3622] Δt = 1.00s
────────────────────────────────────────────────────────────────────────────────
  State      : Armed=True, Mode=LOITER
  Position   : (  0.000,   0.000,   2.498)
  Velocity   : (  0.000,   0.000,  -0.129)
  Target Pos : (  0.000,   0.000,   2.498)
  Error      : (  0.000,   0.000,  -0.000) = 0.000m
  PID Output : (  0.000,   0.000,   0.001) m/s
  Applied Force: (   0.00,    0.00,    5.89) N (|F|=5.89N)
  ✅ Gravity compensation active (Fz > 0)
  Actual Vel: (  0.000,   0.000,   0.067) m/s
  ℹ️  Velocity differs from PID (hybrid physics integration active)
────────────────────────────────────────────────────────────────────────────────


────────────────────────────────────────────────────────────────────────────────
[FRAME 3640] Δt = 1.00s
────────────────────────────────────────────────────────────────────────────────
  State      : Armed=True, Mode=LOITER
  Position   : (  0.000,   0.000,   2.498)
  Velocity   : (  0.000,   0.000,  -0.129)
  Target Pos : (  0.000,   0.000,   2.498)
  Error      : (  0.000,   0.000,  -0.000) = 0.000m
  PID Output : (  0.000,   0.000,   0.001) m/s
  Applied Force: (   0.00,    0.00,    5.89) N (|F|=5.89N)
  ✅ Gravity compensation active (Fz > 0)
  Actual Vel: (  0.000,   0.000,   0.067) m/s
  ℹ️  Velocity differs from PID (hybrid physics integration active)
────────────────────────────────────────────────────────────────────────────────

[DBG RENDER] Viewport sync triggered at pos (0.000, 0.000, 2.498)
[VIEWPORT FIX] Setting drone position to (0.000, 0.000, 2.499)

────────────────────────────────────────────────────────────────────────────────
[FRAME 3659] Δt = 1.00s
────────────────────────────────────────────────────────────────────────────────
  State      : Armed=True, Mode=LOITER
  Position   : (  0.000,   0.000,   2.498)
  Velocity   : (  0.000,   0.000,  -0.129)
  Target Pos : (  0.000,   0.000,   2.498)
  Error      : (  0.000,   0.000,  -0.000) = 0.000m
  PID Output : (  0.000,   0.000,   0.001) m/s
  Applied Force: (   0.00,    0.00,    5.89) N (|F|=5.89N)
  ✅ Gravity compensation active (Fz > 0)
  Actual Vel: (  0.000,   0.000,   0.067) m/s
  ℹ️  Velocity differs from PID (hybrid physics integration active)
────────────────────────────────────────────────────────────────────────────────

[DBG CACHE] Frame 3660: Updating cache with pos=(0.000,0.000,2.499)
[DBG ROS2] Publishing to /drone/odom: pos=(0.000,0.000,2.499)
[DBG RENDER] Viewport sync triggered at pos (0.000, 0.000, 2.498)

────────────────────────────────────────────────────────────────────────────────
[FRAME 3678] Δt = 1.00s
────────────────────────────────────────────────────────────────────────────────
  State      : Armed=True, Mode=LOITER
  Position   : (  0.000,   0.000,   2.498)
  Velocity   : (  0.000,   0.000,  -0.129)
  Target Pos : (  0.000,   0.000,   2.498)
  Error      : (  0.000,   0.000,  -0.000) = 0.000m
  PID Output : (  0.000,   0.000,   0.001) m/s
  Applied Force: (   0.00,    0.00,    5.89) N (|F|=5.89N)
  ✅ Gravity compensation active (Fz > 0)
  Actual Vel: (  0.000,   0.000,   0.067) m/s
  ℹ️  Velocity differs from PID (hybrid physics integration active)
────────────────────────────────────────────────────────────────────────────────

[DBG RENDER] Viewport sync triggered at pos (0.000, 0.000, 2.498)

────────────────────────────────────────────────────────────────────────────────
[FRAME 3697] Δt = 1.00s
────────────────────────────────────────────────────────────────────────────────
  State      : Armed=True, Mode=LOITER
  Position   : (  0.000,   0.000,   2.498)
  Velocity   : (  0.000,   0.000,  -0.129)
  Target Pos : (  0.000,   0.000,   2.498)
  Error      : (  0.000,   0.000,  -0.000) = 0.000m
  PID Output : (  0.000,   0.000,   0.001) m/s
  Applied Force: (   0.00,    0.00,    5.89) N (|F|=5.89N)
  ✅ Gravity compensation active (Fz > 0)
  Actual Vel: (  0.000,   0.000,   0.067) m/s
  ℹ️  Velocity differs from PID (hybrid physics integration active)
────────────────────────────────────────────────────────────────────────────────

[VIEWPORT FIX] Setting drone position to (0.000, 0.000, 2.499)
[DBG RENDER] Viewport sync triggered at pos (0.000, 0.000, 2.498)

────────────────────────────────────────────────────────────────────────────────
[FRAME 3716] Δt = 1.00s
────────────────────────────────────────────────────────────────────────────────
  State      : Armed=True, Mode=LOITER
  Position   : (  0.000,   0.000,   2.498)
  Velocity   : (  0.000,   0.000,  -0.129)
  Target Pos : (  0.000,   0.000,   2.498)
  Error      : (  0.000,   0.000,  -0.000) = 0.000m
  PID Output : (  0.000,   0.000,   0.001) m/s
  Applied Force: (   0.00,    0.00,    5.89) N (|F|=5.89N)
  ✅ Gravity compensation active (Fz > 0)
  Actual Vel: (  0.000,   0.000,   0.067) m/s
  ℹ️  Velocity differs from PID (hybrid physics integration active)
────────────────────────────────────────────────────────────────────────────────

[DBG CACHE] Frame 3720: Updating cache with pos=(0.000,0.000,2.499)
[DBG ROS2] Publishing to /drone/odom: pos=(0.000,0.000,2.499)
[DBG RENDER] Viewport sync triggered at pos (0.000, 0.000, 2.498)

────────────────────────────────────────────────────────────────────────────────
[FRAME 3735] Δt = 1.00s
────────────────────────────────────────────────────────────────────────────────
  State      : Armed=True, Mode=LOITER
  Position   : (  0.000,   0.000,   2.498)
  Velocity   : (  0.000,   0.000,  -0.129)
  Target Pos : (  0.000,   0.000,   2.498)
  Error      : (  0.000,   0.000,  -0.000) = 0.000m
  PID Output : (  0.000,   0.000,   0.001) m/s
  Applied Force: (   0.00,    0.00,    5.89) N (|F|=5.89N)
  ✅ Gravity compensation active (Fz > 0)
  Actual Vel: (  0.000,   0.000,   0.067) m/s
  ℹ️  Velocity differs from PID (hybrid physics integration active)
────────────────────────────────────────────────────────────────────────────────

[DBG RENDER] Viewport sync triggered at pos (0.000, 0.000, 2.498)
[VIEWPORT FIX] Setting drone position to (0.000, 0.000, 2.499)

────────────────────────────────────────────────────────────────────────────────
[FRAME 3753] Δt = 1.00s
────────────────────────────────────────────────────────────────────────────────
  State      : Armed=True, Mode=LOITER
  Position   : (  0.000,   0.000,   2.498)
  Velocity   : (  0.000,   0.000,  -0.129)
  Target Pos : (  0.000,   0.000,   2.498)
  Error      : (  0.000,   0.000,  -0.000) = 0.000m
  PID Output : (  0.000,   0.000,   0.001) m/s
  Applied Force: (   0.00,    0.00,    5.89) N (|F|=5.89N)
  ✅ Gravity compensation active (Fz > 0)
  Actual Vel: (  0.000,   0.000,   0.067) m/s
  ℹ️  Velocity differs from PID (hybrid physics integration active)
────────────────────────────────────────────────────────────────────────────────

[DBG RENDER] Viewport sync triggered at pos (0.000, 0.000, 2.498)

────────────────────────────────────────────────────────────────────────────────
[FRAME 3772] Δt = 1.00s
────────────────────────────────────────────────────────────────────────────────
  State      : Armed=True, Mode=LOITER
  Position   : (  0.000,   0.000,   2.498)
  Velocity   : (  0.000,   0.000,  -0.129)
  Target Pos : (  0.000,   0.000,   2.498)
  Error      : (  0.000,   0.000,  -0.000) = 0.000m
  PID Output : (  0.000,   0.000,   0.001) m/s
  Applied Force: (   0.00,    0.00,    5.89) N (|F|=5.89N)
  ✅ Gravity compensation active (Fz > 0)
  Actual Vel: (  0.000,   0.000,   0.067) m/s
  ℹ️  Velocity differs from PID (hybrid physics integration active)
────────────────────────────────────────────────────────────────────────────────

[DBG CACHE] Frame 3780: Updating cache with pos=(0.000,0.000,2.499)
[DBG ROS2] Publishing to /drone/odom: pos=(0.000,0.000,2.499)
[DBG RENDER] Viewport sync triggered at pos (0.000, 0.000, 2.498)

────────────────────────────────────────────────────────────────────────────────
[FRAME 3791] Δt = 1.00s
────────────────────────────────────────────────────────────────────────────────
  State      : Armed=True, Mode=LOITER
  Position   : (  0.000,   0.000,   2.498)
  Velocity   : (  0.000,   0.000,  -0.129)
  Target Pos : (  0.000,   0.000,   2.498)
  Error      : (  0.000,   0.000,  -0.000) = 0.000m
  PID Output : (  0.000,   0.000,   0.001) m/s
  Applied Force: (   0.00,    0.00,    5.89) N (|F|=5.89N)
  ✅ Gravity compensation active (Fz > 0)
  Actual Vel: (  0.000,   0.000,   0.067) m/s
  ℹ️  Velocity differs from PID (hybrid physics integration active)
────────────────────────────────────────────────────────────────────────────────

[VIEWPORT FIX] Setting drone position to (0.000, 0.000, 2.499)
[DBG RENDER] Viewport sync triggered at pos (0.000, 0.000, 2.498)

────────────────────────────────────────────────────────────────────────────────
[FRAME 3809] Δt = 1.00s
────────────────────────────────────────────────────────────────────────────────
  State      : Armed=True, Mode=LOITER
  Position   : (  0.000,   0.000,   2.498)
  Velocity   : (  0.000,   0.000,  -0.129)
  Target Pos : (  0.000,   0.000,   2.498)
  Error      : (  0.000,   0.000,  -0.000) = 0.000m
  PID Output : (  0.000,   0.000,   0.001) m/s
  Applied Force: (   0.00,    0.00,    5.89) N (|F|=5.89N)
  ✅ Gravity compensation active (Fz > 0)
  Actual Vel: (  0.000,   0.000,   0.067) m/s
  ℹ️  Velocity differs from PID (hybrid physics integration active)
────────────────────────────────────────────────────────────────────────────────

[DBG RENDER] Viewport sync triggered at pos (0.000, 0.000, 2.498)

────────────────────────────────────────────────────────────────────────────────
[FRAME 3828] Δt = 1.00s
────────────────────────────────────────────────────────────────────────────────
  State      : Armed=True, Mode=LOITER
  Position   : (  0.000,   0.000,   2.498)
  Velocity   : (  0.000,   0.000,  -0.129)
  Target Pos : (  0.000,   0.000,   2.498)
  Error      : (  0.000,   0.000,  -0.000) = 0.000m
  PID Output : (  0.000,   0.000,   0.001) m/s
  Applied Force: (   0.00,    0.00,    5.89) N (|F|=5.89N)
  ✅ Gravity compensation active (Fz > 0)
  Actual Vel: (  0.000,   0.000,   0.067) m/s
  ℹ️  Velocity differs from PID (hybrid physics integration active)
────────────────────────────────────────────────────────────────────────────────

[DBG CACHE] Frame 3840: Updating cache with pos=(0.000,0.000,2.499)
[DBG ROS2] Publishing to /drone/odom: pos=(0.000,0.000,2.499)
[DBG RENDER] Viewport sync triggered at pos (0.000, 0.000, 2.498)

────────────────────────────────────────────────────────────────────────────────
[FRAME 3847] Δt = 1.00s
────────────────────────────────────────────────────────────────────────────────
  State      : Armed=True, Mode=LOITER
  Position   : (  0.000,   0.000,   2.498)
  Velocity   : (  0.000,   0.000,  -0.129)
  Target Pos : (  0.000,   0.000,   2.498)
  Error      : (  0.000,   0.000,  -0.000) = 0.000m
  PID Output : (  0.000,   0.000,   0.001) m/s
  Applied Force: (   0.00,    0.00,    5.89) N (|F|=5.89N)
  ✅ Gravity compensation active (Fz > 0)
  Actual Vel: (  0.000,   0.000,   0.067) m/s
  ℹ️  Velocity differs from PID (hybrid physics integration active)
────────────────────────────────────────────────────────────────────────────────

[VIEWPORT FIX] Setting drone position to (0.000, 0.000, 2.499)
[DBG RENDER] Viewport sync triggered at pos (0.000, 0.000, 2.498)

────────────────────────────────────────────────────────────────────────────────
[FRAME 3867] Δt = 1.00s
────────────────────────────────────────────────────────────────────────────────
  State      : Armed=True, Mode=LOITER
  Position   : (  0.000,   0.000,   2.498)
  Velocity   : (  0.000,   0.000,  -0.129)
  Target Pos : (  0.000,   0.000,   2.498)
  Error      : (  0.000,   0.000,  -0.000) = 0.000m
  PID Output : (  0.000,   0.000,   0.001) m/s
  Applied Force: (   0.00,    0.00,    5.89) N (|F|=5.89N)
  ✅ Gravity compensation active (Fz > 0)
  Actual Vel: (  0.000,   0.000,   0.067) m/s
  ℹ️  Velocity differs from PID (hybrid physics integration active)
────────────────────────────────────────────────────────────────────────────────

[DBG RENDER] Viewport sync triggered at pos (0.000, 0.000, 2.498)

────────────────────────────────────────────────────────────────────────────────
[FRAME 3887] Δt = 1.00s
────────────────────────────────────────────────────────────────────────────────
  State      : Armed=True, Mode=LOITER
  Position   : (  0.000,   0.000,   2.498)
  Velocity   : (  0.000,   0.000,  -0.129)
  Target Pos : (  0.000,   0.000,   2.498)
  Error      : (  0.000,   0.000,  -0.000) = 0.000m
  PID Output : (  0.000,   0.000,   0.001) m/s
  Applied Force: (   0.00,    0.00,    5.89) N (|F|=5.89N)
  ✅ Gravity compensation active (Fz > 0)
  Actual Vel: (  0.000,   0.000,   0.067) m/s
  ℹ️  Velocity differs from PID (hybrid physics integration active)
────────────────────────────────────────────────────────────────────────────────

[DBG CACHE] Frame 3900: Updating cache with pos=(0.000,0.000,2.499)
[DBG ROS2] Publishing to /drone/odom: pos=(0.000,0.000,2.499)
[VIEWPORT FIX] Setting drone position to (0.000, 0.000, 2.499)
[DBG RENDER] Viewport sync triggered at pos (0.000, 0.000, 2.498)

────────────────────────────────────────────────────────────────────────────────
[FRAME 3906] Δt = 1.00s
────────────────────────────────────────────────────────────────────────────────
  State      : Armed=True, Mode=LOITER
  Position   : (  0.000,   0.000,   2.498)
  Velocity   : (  0.000,   0.000,  -0.129)
  Target Pos : (  0.000,   0.000,   2.498)
  Error      : (  0.000,   0.000,  -0.000) = 0.000m
  PID Output : (  0.000,   0.000,   0.001) m/s
  Applied Force: (   0.00,    0.00,    5.89) N (|F|=5.89N)
  ✅ Gravity compensation active (Fz > 0)
  Actual Vel: (  0.000,   0.000,   0.067) m/s
  ℹ️  Velocity differs from PID (hybrid physics integration active)
────────────────────────────────────────────────────────────────────────────────

[DBG RENDER] Viewport sync triggered at pos (0.000, 0.000, 2.498)

────────────────────────────────────────────────────────────────────────────────
[FRAME 3924] Δt = 1.00s
────────────────────────────────────────────────────────────────────────────────
  State      : Armed=True, Mode=LOITER
  Position   : (  0.000,   0.000,   2.498)
  Velocity   : (  0.000,   0.000,  -0.129)
  Target Pos : (  0.000,   0.000,   2.498)
  Error      : (  0.000,   0.000,  -0.000) = 0.000m
  PID Output : (  0.000,   0.000,   0.001) m/s
  Applied Force: (   0.00,    0.00,    5.89) N (|F|=5.89N)
  ✅ Gravity compensation active (Fz > 0)
  Actual Vel: (  0.000,   0.000,   0.067) m/s
  ℹ️  Velocity differs from PID (hybrid physics integration active)
────────────────────────────────────────────────────────────────────────────────

[DBG RENDER] Viewport sync triggered at pos (0.000, 0.000, 2.498)

────────────────────────────────────────────────────────────────────────────────
[FRAME 3941] Δt = 1.00s
────────────────────────────────────────────────────────────────────────────────
  State      : Armed=True, Mode=LOITER
  Position   : (  0.000,   0.000,   2.498)
  Velocity   : (  0.000,   0.000,  -0.129)
  Target Pos : (  0.000,   0.000,   2.498)
  Error      : (  0.000,   0.000,  -0.000) = 0.000m
  PID Output : (  0.000,   0.000,   0.001) m/s
  Applied Force: (   0.00,    0.00,    5.89) N (|F|=5.89N)
  ✅ Gravity compensation active (Fz > 0)
  Actual Vel: (  0.000,   0.000,   0.067) m/s
  ℹ️  Velocity differs from PID (hybrid physics integration active)
────────────────────────────────────────────────────────────────────────────────

[VIEWPORT FIX] Setting drone position to (0.000, 0.000, 2.499)

────────────────────────────────────────────────────────────────────────────────
[FRAME 3959] Δt = 1.00s
────────────────────────────────────────────────────────────────────────────────
  State      : Armed=True, Mode=LOITER
  Position   : (  0.000,   0.000,   2.498)
  Velocity   : (  0.000,   0.000,  -0.129)
  Target Pos : (  0.000,   0.000,   2.498)
  Error      : (  0.000,   0.000,  -0.000) = 0.000m
  PID Output : (  0.000,   0.000,   0.001) m/s
  Applied Force: (   0.00,    0.00,    5.89) N (|F|=5.89N)
  ✅ Gravity compensation active (Fz > 0)
  Actual Vel: (  0.000,   0.000,   0.067) m/s
  ℹ️  Velocity differs from PID (hybrid physics integration active)
────────────────────────────────────────────────────────────────────────────────

[DBG CACHE] Frame 3960: Updating cache with pos=(0.000,0.000,2.499)
[DBG ROS2] Publishing to /drone/odom: pos=(0.000,0.000,2.499)
[DBG RENDER] Viewport sync triggered at pos (0.000, 0.000, 2.498)

────────────────────────────────────────────────────────────────────────────────
[FRAME 3978] Δt = 1.00s
────────────────────────────────────────────────────────────────────────────────
  State      : Armed=True, Mode=LOITER
  Position   : (  0.000,   0.000,   2.498)
  Velocity   : (  0.000,   0.000,  -0.129)
  Target Pos : (  0.000,   0.000,   2.498)
  Error      : (  0.000,   0.000,  -0.000) = 0.000m
  PID Output : (  0.000,   0.000,   0.001) m/s
  Applied Force: (   0.00,    0.00,    5.89) N (|F|=5.89N)
  ✅ Gravity compensation active (Fz > 0)
  Actual Vel: (  0.000,   0.000,   0.067) m/s
  ℹ️  Velocity differs from PID (hybrid physics integration active)
────────────────────────────────────────────────────────────────────────────────

[DBG RENDER] Viewport sync triggered at pos (0.000, 0.000, 2.498)

────────────────────────────────────────────────────────────────────────────────
[FRAME 3997] Δt = 1.00s
────────────────────────────────────────────────────────────────────────────────
  State      : Armed=True, Mode=LOITER
  Position   : (  0.000,   0.000,   2.498)
  Velocity   : (  0.000,   0.000,  -0.129)
  Target Pos : (  0.000,   0.000,   2.498)
  Error      : (  0.000,   0.000,  -0.000) = 0.000m
  PID Output : (  0.000,   0.000,   0.001) m/s
  Applied Force: (   0.00,    0.00,    5.89) N (|F|=5.89N)
  ✅ Gravity compensation active (Fz > 0)
  Actual Vel: (  0.000,   0.000,   0.067) m/s
  ℹ️  Velocity differs from PID (hybrid physics integration active)
────────────────────────────────────────────────────────────────────────────────

[VIEWPORT FIX] Setting drone position to (0.000, 0.000, 2.499)
[DBG RENDER] Viewport sync triggered at pos (0.000, 0.000, 2.498)

────────────────────────────────────────────────────────────────────────────────
[FRAME 4015] Δt = 1.00s
────────────────────────────────────────────────────────────────────────────────
  State      : Armed=True, Mode=LOITER
  Position   : (  0.000,   0.000,   2.498)
  Velocity   : (  0.000,   0.000,  -0.129)
  Target Pos : (  0.000,   0.000,   2.498)
  Error      : (  0.000,   0.000,  -0.000) = 0.000m
  PID Output : (  0.000,   0.000,   0.001) m/s
  Applied Force: (   0.00,    0.00,    5.89) N (|F|=5.89N)
  ✅ Gravity compensation active (Fz > 0)
  Actual Vel: (  0.000,   0.000,   0.067) m/s
  ℹ️  Velocity differs from PID (hybrid physics integration active)
────────────────────────────────────────────────────────────────────────────────

[DBG CACHE] Frame 4020: Updating cache with pos=(0.000,0.000,2.499)
[DBG ROS2] Publishing to /drone/odom: pos=(0.000,0.000,2.499)
[DBG RENDER] Viewport sync triggered at pos (0.000, 0.000, 2.498)

────────────────────────────────────────────────────────────────────────────────
[FRAME 4034] Δt = 1.00s
────────────────────────────────────────────────────────────────────────────────
  State      : Armed=True, Mode=LOITER
  Position   : (  0.000,   0.000,   2.498)
  Velocity   : (  0.000,   0.000,  -0.129)
  Target Pos : (  0.000,   0.000,   2.498)
  Error      : (  0.000,   0.000,  -0.000) = 0.000m
  PID Output : (  0.000,   0.000,   0.001) m/s
  Applied Force: (   0.00,    0.00,    5.89) N (|F|=5.89N)
  ✅ Gravity compensation active (Fz > 0)
  Actual Vel: (  0.000,   0.000,   0.067) m/s
  ℹ️  Velocity differs from PID (hybrid physics integration active)
────────────────────────────────────────────────────────────────────────────────

[DBG RENDER] Viewport sync triggered at pos (0.000, 0.000, 2.498)
[VIEWPORT FIX] Setting drone position to (0.000, 0.000, 2.499)

────────────────────────────────────────────────────────────────────────────────
[FRAME 4053] Δt = 1.00s
────────────────────────────────────────────────────────────────────────────────
  State      : Armed=True, Mode=LOITER
  Position   : (  0.000,   0.000,   2.498)
  Velocity   : (  0.000,   0.000,  -0.129)
  Target Pos : (  0.000,   0.000,   2.498)
  Error      : (  0.000,   0.000,  -0.000) = 0.000m
  PID Output : (  0.000,   0.000,   0.001) m/s
  Applied Force: (   0.00,    0.00,    5.89) N (|F|=5.89N)
  ✅ Gravity compensation active (Fz > 0)
  Actual Vel: (  0.000,   0.000,   0.067) m/s
  ℹ️  Velocity differs from PID (hybrid physics integration active)
────────────────────────────────────────────────────────────────────────────────

[DBG RENDER] Viewport sync triggered at pos (0.000, 0.000, 2.498)

────────────────────────────────────────────────────────────────────────────────
[FRAME 4073] Δt = 1.00s
────────────────────────────────────────────────────────────────────────────────
  State      : Armed=True, Mode=LOITER
  Position   : (  0.000,   0.000,   2.498)
  Velocity   : (  0.000,   0.000,  -0.129)
  Target Pos : (  0.000,   0.000,   2.498)
  Error      : (  0.000,   0.000,  -0.000) = 0.000m
  PID Output : (  0.000,   0.000,   0.001) m/s
  Applied Force: (   0.00,    0.00,    5.89) N (|F|=5.89N)
  ✅ Gravity compensation active (Fz > 0)
  Actual Vel: (  0.000,   0.000,   0.067) m/s
  ℹ️  Velocity differs from PID (hybrid physics integration active)
────────────────────────────────────────────────────────────────────────────────

[DBG CACHE] Frame 4080: Updating cache with pos=(0.000,0.000,2.499)
[DBG ROS2] Publishing to /drone/odom: pos=(0.000,0.000,2.499)
[DBG RENDER] Viewport sync triggered at pos (0.000, 0.000, 2.498)

────────────────────────────────────────────────────────────────────────────────
[FRAME 4093] Δt = 1.00s
────────────────────────────────────────────────────────────────────────────────
  State      : Armed=True, Mode=LOITER
  Position   : (  0.000,   0.000,   2.498)
  Velocity   : (  0.000,   0.000,  -0.129)
  Target Pos : (  0.000,   0.000,   2.498)
  Error      : (  0.000,   0.000,  -0.000) = 0.000m
  PID Output : (  0.000,   0.000,   0.001) m/s
  Applied Force: (   0.00,    0.00,    5.89) N (|F|=5.89N)
  ✅ Gravity compensation active (Fz > 0)
  Actual Vel: (  0.000,   0.000,   0.067) m/s
  ℹ️  Velocity differs from PID (hybrid physics integration active)
────────────────────────────────────────────────────────────────────────────────

[VIEWPORT FIX] Setting drone position to (0.000, 0.000, 2.499)
[DBG RENDER] Viewport sync triggered at pos (0.000, 0.000, 2.498)

────────────────────────────────────────────────────────────────────────────────
[FRAME 4112] Δt = 1.00s
────────────────────────────────────────────────────────────────────────────────
  State      : Armed=True, Mode=LOITER
  Position   : (  0.000,   0.000,   2.498)
  Velocity   : (  0.000,   0.000,  -0.129)
  Target Pos : (  0.000,   0.000,   2.498)
  Error      : (  0.000,   0.000,  -0.000) = 0.000m
  PID Output : (  0.000,   0.000,   0.001) m/s
  Applied Force: (   0.00,    0.00,    5.89) N (|F|=5.89N)
  ✅ Gravity compensation active (Fz > 0)
  Actual Vel: (  0.000,   0.000,   0.067) m/s
  ℹ️  Velocity differs from PID (hybrid physics integration active)
────────────────────────────────────────────────────────────────────────────────

[DBG RENDER] Viewport sync triggered at pos (0.000, 0.000, 2.498)

────────────────────────────────────────────────────────────────────────────────
[FRAME 4131] Δt = 1.00s
────────────────────────────────────────────────────────────────────────────────
  State      : Armed=True, Mode=LOITER
  Position   : (  0.000,   0.000,   2.498)
  Velocity   : (  0.000,   0.000,  -0.129)
  Target Pos : (  0.000,   0.000,   2.498)
  Error      : (  0.000,   0.000,  -0.000) = 0.000m
  PID Output : (  0.000,   0.000,   0.001) m/s
  Applied Force: (   0.00,    0.00,    5.89) N (|F|=5.89N)
  ✅ Gravity compensation active (Fz > 0)
  Actual Vel: (  0.000,   0.000,   0.067) m/s
  ℹ️  Velocity differs from PID (hybrid physics integration active)
────────────────────────────────────────────────────────────────────────────────

[DBG CACHE] Frame 4140: Updating cache with pos=(0.000,0.000,2.499)
[DBG ROS2] Publishing to /drone/odom: pos=(0.000,0.000,2.499)
[DBG RENDER] Viewport sync triggered at pos (0.000, 0.000, 2.498)
[VIEWPORT FIX] Setting drone position to (0.000, 0.000, 2.499)

────────────────────────────────────────────────────────────────────────────────
[FRAME 4151] Δt = 1.00s
────────────────────────────────────────────────────────────────────────────────
  State      : Armed=True, Mode=LOITER
  Position   : (  0.000,   0.000,   2.498)
  Velocity   : (  0.000,   0.000,  -0.129)
  Target Pos : (  0.000,   0.000,   2.498)
  Error      : (  0.000,   0.000,  -0.000) = 0.000m
  PID Output : (  0.000,   0.000,   0.001) m/s
  Applied Force: (   0.00,    0.00,    5.89) N (|F|=5.89N)
  ✅ Gravity compensation active (Fz > 0)
  Actual Vel: (  0.000,   0.000,   0.067) m/s
  ℹ️  Velocity differs from PID (hybrid physics integration active)
────────────────────────────────────────────────────────────────────────────────

[DBG RENDER] Viewport sync triggered at pos (0.000, 0.000, 2.498)

────────────────────────────────────────────────────────────────────────────────
[FRAME 4171] Δt = 1.00s
────────────────────────────────────────────────────────────────────────────────
  State      : Armed=True, Mode=LOITER
  Position   : (  0.000,   0.000,   2.498)
  Velocity   : (  0.000,   0.000,  -0.129)
  Target Pos : (  0.000,   0.000,   2.498)
  Error      : (  0.000,   0.000,  -0.000) = 0.000m
  PID Output : (  0.000,   0.000,   0.001) m/s
  Applied Force: (   0.00,    0.00,    5.89) N (|F|=5.89N)
  ✅ Gravity compensation active (Fz > 0)
  Actual Vel: (  0.000,   0.000,   0.067) m/s
  ℹ️  Velocity differs from PID (hybrid physics integration active)
────────────────────────────────────────────────────────────────────────────────

[DBG RENDER] Viewport sync triggered at pos (0.000, 0.000, 2.498)

────────────────────────────────────────────────────────────────────────────────
[FRAME 4191] Δt = 1.00s
────────────────────────────────────────────────────────────────────────────────
  State      : Armed=True, Mode=LOITER
  Position   : (  0.000,   0.000,   2.498)
  Velocity   : (  0.000,   0.000,  -0.129)
  Target Pos : (  0.000,   0.000,   2.498)
  Error      : (  0.000,   0.000,  -0.000) = 0.000m
  PID Output : (  0.000,   0.000,   0.001) m/s
  Applied Force: (   0.00,    0.00,    5.89) N (|F|=5.89N)
  ✅ Gravity compensation active (Fz > 0)
  Actual Vel: (  0.000,   0.000,   0.067) m/s
  ℹ️  Velocity differs from PID (hybrid physics integration active)
────────────────────────────────────────────────────────────────────────────────

[DBG CACHE] Frame 4200: Updating cache with pos=(0.000,0.000,2.499)
[DBG ROS2] Publishing to /drone/odom: pos=(0.000,0.000,2.499)
[VIEWPORT FIX] Setting drone position to (0.000, 0.000, 2.499)
[DBG RENDER] Viewport sync triggered at pos (0.000, 0.000, 2.498)

────────────────────────────────────────────────────────────────────────────────
[FRAME 4210] Δt = 1.00s
────────────────────────────────────────────────────────────────────────────────
  State      : Armed=True, Mode=LOITER
  Position   : (  0.000,   0.000,   2.498)
  Velocity   : (  0.000,   0.000,  -0.129)
  Target Pos : (  0.000,   0.000,   2.498)
  Error      : (  0.000,   0.000,  -0.000) = 0.000m
  PID Output : (  0.000,   0.000,   0.001) m/s
  Applied Force: (   0.00,    0.00,    5.89) N (|F|=5.89N)
  ✅ Gravity compensation active (Fz > 0)
  Actual Vel: (  0.000,   0.000,   0.067) m/s
  ℹ️  Velocity differs from PID (hybrid physics integration active)
────────────────────────────────────────────────────────────────────────────────

[DBG RENDER] Viewport sync triggered at pos (0.000, 0.000, 2.498)

────────────────────────────────────────────────────────────────────────────────
[FRAME 4227] Δt = 1.00s
────────────────────────────────────────────────────────────────────────────────
  State      : Armed=True, Mode=LOITER
  Position   : (  0.000,   0.000,   2.498)
  Velocity   : (  0.000,   0.000,  -0.129)
  Target Pos : (  0.000,   0.000,   2.498)
  Error      : (  0.000,   0.000,  -0.000) = 0.000m
  PID Output : (  0.000,   0.000,   0.001) m/s
  Applied Force: (   0.00,    0.00,    5.89) N (|F|=5.89N)
  ✅ Gravity compensation active (Fz > 0)
  Actual Vel: (  0.000,   0.000,   0.067) m/s
  ℹ️  Velocity differs from PID (hybrid physics integration active)
────────────────────────────────────────────────────────────────────────────────

[DBG RENDER] Viewport sync triggered at pos (0.000, 0.000, 2.498)

────────────────────────────────────────────────────────────────────────────────
[FRAME 4244] Δt = 1.00s
────────────────────────────────────────────────────────────────────────────────
  State      : Armed=True, Mode=LOITER
  Position   : (  0.000,   0.000,   2.498)
  Velocity   : (  0.000,   0.000,  -0.129)
  Target Pos : (  0.000,   0.000,   2.498)
  Error      : (  0.000,   0.000,  -0.000) = 0.000m
  PID Output : (  0.000,   0.000,   0.001) m/s
  Applied Force: (   0.00,    0.00,    5.89) N (|F|=5.89N)
  ✅ Gravity compensation active (Fz > 0)
  Actual Vel: (  0.000,   0.000,   0.067) m/s
  ℹ️  Velocity differs from PID (hybrid physics integration active)
────────────────────────────────────────────────────────────────────────────────

[VIEWPORT FIX] Setting drone position to (0.000, 0.000, 2.499)
[DBG CACHE] Frame 4260: Updating cache with pos=(0.000,0.000,2.499)
[DBG ROS2] Publishing to /drone/odom: pos=(0.000,0.000,2.499)
[DBG RENDER] Viewport sync triggered at pos (0.000, 0.000, 2.498)

────────────────────────────────────────────────────────────────────────────────
[FRAME 4262] Δt = 1.00s
────────────────────────────────────────────────────────────────────────────────
  State      : Armed=True, Mode=LOITER
  Position   : (  0.000,   0.000,   2.498)
  Velocity   : (  0.000,   0.000,  -0.129)
  Target Pos : (  0.000,   0.000,   2.498)
  Error      : (  0.000,   0.000,  -0.000) = 0.000m
  PID Output : (  0.000,   0.000,   0.001) m/s
  Applied Force: (   0.00,    0.00,    5.89) N (|F|=5.89N)
  ✅ Gravity compensation active (Fz > 0)
  Actual Vel: (  0.000,   0.000,   0.067) m/s
  ℹ️  Velocity differs from PID (hybrid physics integration active)
────────────────────────────────────────────────────────────────────────────────

[DBG RENDER] Viewport sync triggered at pos (0.000, 0.000, 2.498)

────────────────────────────────────────────────────────────────────────────────
[FRAME 4281] Δt = 1.00s
────────────────────────────────────────────────────────────────────────────────
  State      : Armed=True, Mode=LOITER
  Position   : (  0.000,   0.000,   2.498)
  Velocity   : (  0.000,   0.000,  -0.129)
  Target Pos : (  0.000,   0.000,   2.498)
  Error      : (  0.000,   0.000,  -0.000) = 0.000m
  PID Output : (  0.000,   0.000,   0.001) m/s
  Applied Force: (   0.00,    0.00,    5.89) N (|F|=5.89N)
  ✅ Gravity compensation active (Fz > 0)
  Actual Vel: (  0.000,   0.000,   0.067) m/s
  ℹ️  Velocity differs from PID (hybrid physics integration active)
────────────────────────────────────────────────────────────────────────────────


────────────────────────────────────────────────────────────────────────────────
[FRAME 4300] Δt = 1.00s
────────────────────────────────────────────────────────────────────────────────
  State      : Armed=True, Mode=LOITER
  Position   : (  0.000,   0.000,   2.498)
  Velocity   : (  0.000,   0.000,  -0.129)
  Target Pos : (  0.000,   0.000,   2.498)
  Error      : (  0.000,   0.000,  -0.000) = 0.000m
  PID Output : (  0.000,   0.000,   0.001) m/s
  Applied Force: (   0.00,    0.00,    5.89) N (|F|=5.89N)
  ✅ Gravity compensation active (Fz > 0)
  Actual Vel: (  0.000,   0.000,   0.067) m/s
  ℹ️  Velocity differs from PID (hybrid physics integration active)
────────────────────────────────────────────────────────────────────────────────

[VIEWPORT FIX] Setting drone position to (0.000, 0.000, 2.499)
[DBG RENDER] Viewport sync triggered at pos (0.000, 0.000, 2.498)

────────────────────────────────────────────────────────────────────────────────
[FRAME 4319] Δt = 1.00s
────────────────────────────────────────────────────────────────────────────────
  State      : Armed=True, Mode=LOITER
  Position   : (  0.000,   0.000,   2.498)
  Velocity   : (  0.000,   0.000,  -0.129)
  Target Pos : (  0.000,   0.000,   2.498)
  Error      : (  0.000,   0.000,  -0.000) = 0.000m
  PID Output : (  0.000,   0.000,   0.001) m/s
  Applied Force: (   0.00,    0.00,    5.89) N (|F|=5.89N)
  ✅ Gravity compensation active (Fz > 0)
  Actual Vel: (  0.000,   0.000,   0.067) m/s
  ℹ️  Velocity differs from PID (hybrid physics integration active)
────────────────────────────────────────────────────────────────────────────────

[DBG CACHE] Frame 4320: Updating cache with pos=(0.000,0.000,2.499)
[DBG ROS2] Publishing to /drone/odom: pos=(0.000,0.000,2.499)
[DBG RENDER] Viewport sync triggered at pos (0.000, 0.000, 2.498)

────────────────────────────────────────────────────────────────────────────────
[FRAME 4338] Δt = 1.00s
────────────────────────────────────────────────────────────────────────────────
  State      : Armed=True, Mode=LOITER
  Position   : (  0.000,   0.000,   2.498)
  Velocity   : (  0.000,   0.000,  -0.129)
  Target Pos : (  0.000,   0.000,   2.498)
  Error      : (  0.000,   0.000,  -0.000) = 0.000m
  PID Output : (  0.000,   0.000,   0.001) m/s
  Applied Force: (   0.00,    0.00,    5.89) N (|F|=5.89N)
  ✅ Gravity compensation active (Fz > 0)
  Actual Vel: (  0.000,   0.000,   0.067) m/s
  ℹ️  Velocity differs from PID (hybrid physics integration active)
────────────────────────────────────────────────────────────────────────────────

[DBG RENDER] Viewport sync triggered at pos (0.000, 0.000, 2.498)
[VIEWPORT FIX] Setting drone position to (0.000, 0.000, 2.499)

────────────────────────────────────────────────────────────────────────────────
[FRAME 4357] Δt = 1.00s
────────────────────────────────────────────────────────────────────────────────
  State      : Armed=True, Mode=LOITER
  Position   : (  0.000,   0.000,   2.498)
  Velocity   : (  0.000,   0.000,  -0.129)
  Target Pos : (  0.000,   0.000,   2.498)
  Error      : (  0.000,   0.000,  -0.000) = 0.000m
  PID Output : (  0.000,   0.000,   0.001) m/s
  Applied Force: (   0.00,    0.00,    5.89) N (|F|=5.89N)
  ✅ Gravity compensation active (Fz > 0)
  Actual Vel: (  0.000,   0.000,   0.067) m/s
  ℹ️  Velocity differs from PID (hybrid physics integration active)
────────────────────────────────────────────────────────────────────────────────

[DBG RENDER] Viewport sync triggered at pos (0.000, 0.000, 2.498)

────────────────────────────────────────────────────────────────────────────────
[FRAME 4377] Δt = 1.00s
────────────────────────────────────────────────────────────────────────────────
  State      : Armed=True, Mode=LOITER
  Position   : (  0.000,   0.000,   2.498)
  Velocity   : (  0.000,   0.000,  -0.129)
  Target Pos : (  0.000,   0.000,   2.498)
  Error      : (  0.000,   0.000,  -0.000) = 0.000m
  PID Output : (  0.000,   0.000,   0.001) m/s
  Applied Force: (   0.00,    0.00,    5.89) N (|F|=5.89N)
  ✅ Gravity compensation active (Fz > 0)
  Actual Vel: (  0.000,   0.000,   0.067) m/s
  ℹ️  Velocity differs from PID (hybrid physics integration active)
────────────────────────────────────────────────────────────────────────────────

[DBG CACHE] Frame 4380: Updating cache with pos=(0.000,0.000,2.499)
[DBG ROS2] Publishing to /drone/odom: pos=(0.000,0.000,2.499)
[DBG RENDER] Viewport sync triggered at pos (0.000, 0.000, 2.498)

────────────────────────────────────────────────────────────────────────────────
[FRAME 4397] Δt = 1.00s
────────────────────────────────────────────────────────────────────────────────
  State      : Armed=True, Mode=LOITER
  Position   : (  0.000,   0.000,   2.498)
  Velocity   : (  0.000,   0.000,  -0.129)
  Target Pos : (  0.000,   0.000,   2.498)
  Error      : (  0.000,   0.000,  -0.000) = 0.000m
  PID Output : (  0.000,   0.000,   0.001) m/s
  Applied Force: (   0.00,    0.00,    5.89) N (|F|=5.89N)
  ✅ Gravity compensation active (Fz > 0)
  Actual Vel: (  0.000,   0.000,   0.067) m/s
  ℹ️  Velocity differs from PID (hybrid physics integration active)
────────────────────────────────────────────────────────────────────────────────

[VIEWPORT FIX] Setting drone position to (0.000, 0.000, 2.499)
[DBG RENDER] Viewport sync triggered at pos (0.000, 0.000, 2.498)

────────────────────────────────────────────────────────────────────────────────
[FRAME 4416] Δt = 1.00s
────────────────────────────────────────────────────────────────────────────────
  State      : Armed=True, Mode=LOITER
  Position   : (  0.000,   0.000,   2.498)
  Velocity   : (  0.000,   0.000,  -0.129)
  Target Pos : (  0.000,   0.000,   2.498)
  Error      : (  0.000,   0.000,  -0.000) = 0.000m
  PID Output : (  0.000,   0.000,   0.001) m/s
  Applied Force: (   0.00,    0.00,    5.89) N (|F|=5.89N)
  ✅ Gravity compensation active (Fz > 0)
  Actual Vel: (  0.000,   0.000,   0.067) m/s
  ℹ️  Velocity differs from PID (hybrid physics integration active)
────────────────────────────────────────────────────────────────────────────────

[DBG RENDER] Viewport sync triggered at pos (0.000, 0.000, 2.498)

────────────────────────────────────────────────────────────────────────────────
[FRAME 4436] Δt = 1.00s
────────────────────────────────────────────────────────────────────────────────
  State      : Armed=True, Mode=LOITER
  Position   : (  0.000,   0.000,   2.498)
  Velocity   : (  0.000,   0.000,  -0.129)
  Target Pos : (  0.000,   0.000,   2.498)
  Error      : (  0.000,   0.000,  -0.000) = 0.000m
  PID Output : (  0.000,   0.000,   0.001) m/s
  Applied Force: (   0.00,    0.00,    5.89) N (|F|=5.89N)
  ✅ Gravity compensation active (Fz > 0)
  Actual Vel: (  0.000,   0.000,   0.067) m/s
  ℹ️  Velocity differs from PID (hybrid physics integration active)
────────────────────────────────────────────────────────────────────────────────

[DBG CACHE] Frame 4440: Updating cache with pos=(0.000,0.000,2.499)
[DBG ROS2] Publishing to /drone/odom: pos=(0.000,0.000,2.499)
[DBG RENDER] Viewport sync triggered at pos (0.000, 0.000, 2.498)
[VIEWPORT FIX] Setting drone position to (0.000, 0.000, 2.499)

────────────────────────────────────────────────────────────────────────────────
[FRAME 4456] Δt = 1.00s
────────────────────────────────────────────────────────────────────────────────
  State      : Armed=True, Mode=LOITER
  Position   : (  0.000,   0.000,   2.498)
  Velocity   : (  0.000,   0.000,  -0.129)
  Target Pos : (  0.000,   0.000,   2.498)
  Error      : (  0.000,   0.000,  -0.000) = 0.000m
  PID Output : (  0.000,   0.000,   0.001) m/s
  Applied Force: (   0.00,    0.00,    5.89) N (|F|=5.89N)
  ✅ Gravity compensation active (Fz > 0)
  Actual Vel: (  0.000,   0.000,   0.067) m/s
  ℹ️  Velocity differs from PID (hybrid physics integration active)
────────────────────────────────────────────────────────────────────────────────

[DBG RENDER] Viewport sync triggered at pos (0.000, 0.000, 2.498)

────────────────────────────────────────────────────────────────────────────────
[FRAME 4476] Δt = 1.00s
────────────────────────────────────────────────────────────────────────────────
  State      : Armed=True, Mode=LOITER
  Position   : (  0.000,   0.000,   2.498)
  Velocity   : (  0.000,   0.000,  -0.129)
  Target Pos : (  0.000,   0.000,   2.498)
  Error      : (  0.000,   0.000,  -0.000) = 0.000m
  PID Output : (  0.000,   0.000,   0.001) m/s
  Applied Force: (   0.00,    0.00,    5.89) N (|F|=5.89N)
  ✅ Gravity compensation active (Fz > 0)
  Actual Vel: (  0.000,   0.000,   0.067) m/s
  ℹ️  Velocity differs from PID (hybrid physics integration active)
────────────────────────────────────────────────────────────────────────────────

[DBG RENDER] Viewport sync triggered at pos (0.000, 0.000, 2.498)

────────────────────────────────────────────────────────────────────────────────
[FRAME 4496] Δt = 1.00s
────────────────────────────────────────────────────────────────────────────────
  State      : Armed=True, Mode=LOITER
  Position   : (  0.000,   0.000,   2.498)
  Velocity   : (  0.000,   0.000,  -0.129)
  Target Pos : (  0.000,   0.000,   2.498)
  Error      : (  0.000,   0.000,  -0.000) = 0.000m
  PID Output : (  0.000,   0.000,   0.001) m/s
  Applied Force: (   0.00,    0.00,    5.89) N (|F|=5.89N)
  ✅ Gravity compensation active (Fz > 0)
  Actual Vel: (  0.000,   0.000,   0.067) m/s
  ℹ️  Velocity differs from PID (hybrid physics integration active)
────────────────────────────────────────────────────────────────────────────────

[DBG CACHE] Frame 4500: Updating cache with pos=(0.000,0.000,2.499)
[DBG ROS2] Publishing to /drone/odom: pos=(0.000,0.000,2.499)
[VIEWPORT FIX] Setting drone position to (0.000, 0.000, 2.499)
[DBG RENDER] Viewport sync triggered at pos (0.000, 0.000, 2.498)

────────────────────────────────────────────────────────────────────────────────
[FRAME 4515] Δt = 1.00s
────────────────────────────────────────────────────────────────────────────────
  State      : Armed=True, Mode=LOITER
  Position   : (  0.000,   0.000,   2.498)
  Velocity   : (  0.000,   0.000,  -0.129)
  Target Pos : (  0.000,   0.000,   2.498)
  Error      : (  0.000,   0.000,  -0.000) = 0.000m
  PID Output : (  0.000,   0.000,   0.001) m/s
  Applied Force: (   0.00,    0.00,    5.89) N (|F|=5.89N)
  ✅ Gravity compensation active (Fz > 0)
  Actual Vel: (  0.000,   0.000,   0.067) m/s
  ℹ️  Velocity differs from PID (hybrid physics integration active)
────────────────────────────────────────────────────────────────────────────────

[DBG RENDER] Viewport sync triggered at pos (0.000, 0.000, 2.498)

────────────────────────────────────────────────────────────────────────────────
[FRAME 4535] Δt = 1.00s
────────────────────────────────────────────────────────────────────────────────
  State      : Armed=True, Mode=LOITER
  Position   : (  0.000,   0.000,   2.498)
  Velocity   : (  0.000,   0.000,  -0.129)
  Target Pos : (  0.000,   0.000,   2.498)
  Error      : (  0.000,   0.000,  -0.000) = 0.000m
  PID Output : (  0.000,   0.000,   0.001) m/s
  Applied Force: (   0.00,    0.00,    5.89) N (|F|=5.89N)
  ✅ Gravity compensation active (Fz > 0)
  Actual Vel: (  0.000,   0.000,   0.067) m/s
  ℹ️  Velocity differs from PID (hybrid physics integration active)
────────────────────────────────────────────────────────────────────────────────

[DBG RENDER] Viewport sync triggered at pos (0.000, 0.000, 2.498)
[VIEWPORT FIX] Setting drone position to (0.000, 0.000, 2.499)

────────────────────────────────────────────────────────────────────────────────
[FRAME 4555] Δt = 1.00s
────────────────────────────────────────────────────────────────────────────────
  State      : Armed=True, Mode=LOITER
  Position   : (  0.000,   0.000,   2.498)
  Velocity   : (  0.000,   0.000,  -0.129)
  Target Pos : (  0.000,   0.000,   2.498)
  Error      : (  0.000,   0.000,  -0.000) = 0.000m
  PID Output : (  0.000,   0.000,   0.001) m/s
  Applied Force: (   0.00,    0.00,    5.89) N (|F|=5.89N)
  ✅ Gravity compensation active (Fz > 0)
  Actual Vel: (  0.000,   0.000,   0.067) m/s
  ℹ️  Velocity differs from PID (hybrid physics integration active)
────────────────────────────────────────────────────────────────────────────────

[DBG CACHE] Frame 4560: Updating cache with pos=(0.000,0.000,2.499)
[DBG ROS2] Publishing to /drone/odom: pos=(0.000,0.000,2.499)
[DBG RENDER] Viewport sync triggered at pos (0.000, 0.000, 2.498)

────────────────────────────────────────────────────────────────────────────────
[FRAME 4575] Δt = 1.00s
────────────────────────────────────────────────────────────────────────────────
  State      : Armed=True, Mode=LOITER
  Position   : (  0.000,   0.000,   2.498)
  Velocity   : (  0.000,   0.000,  -0.129)
  Target Pos : (  0.000,   0.000,   2.498)
  Error      : (  0.000,   0.000,  -0.000) = 0.000m
  PID Output : (  0.000,   0.000,   0.001) m/s
  Applied Force: (   0.00,    0.00,    5.89) N (|F|=5.89N)
  ✅ Gravity compensation active (Fz > 0)
  Actual Vel: (  0.000,   0.000,   0.067) m/s
  ℹ️  Velocity differs from PID (hybrid physics integration active)
────────────────────────────────────────────────────────────────────────────────

[DBG RENDER] Viewport sync triggered at pos (0.000, 0.000, 2.498)

────────────────────────────────────────────────────────────────────────────────
[FRAME 4593] Δt = 1.00s
────────────────────────────────────────────────────────────────────────────────
  State      : Armed=True, Mode=LOITER
  Position   : (  0.000,   0.000,   2.498)
  Velocity   : (  0.000,   0.000,  -0.129)
  Target Pos : (  0.000,   0.000,   2.498)
  Error      : (  0.000,   0.000,  -0.000) = 0.000m
  PID Output : (  0.000,   0.000,   0.001) m/s
  Applied Force: (   0.00,    0.00,    5.89) N (|F|=5.89N)
  ✅ Gravity compensation active (Fz > 0)
  Actual Vel: (  0.000,   0.000,   0.067) m/s
  ℹ️  Velocity differs from PID (hybrid physics integration active)
────────────────────────────────────────────────────────────────────────────────

[VIEWPORT FIX] Setting drone position to (0.000, 0.000, 2.499)
[DBG RENDER] Viewport sync triggered at pos (0.000, 0.000, 2.498)

────────────────────────────────────────────────────────────────────────────────
[FRAME 4610] Δt = 1.00s
────────────────────────────────────────────────────────────────────────────────
  State      : Armed=True, Mode=LOITER
  Position   : (  0.000,   0.000,   2.498)
  Velocity   : (  0.000,   0.000,  -0.129)
  Target Pos : (  0.000,   0.000,   2.498)
  Error      : (  0.000,   0.000,  -0.000) = 0.000m
  PID Output : (  0.000,   0.000,   0.001) m/s
  Applied Force: (   0.00,    0.00,    5.89) N (|F|=5.89N)
  ✅ Gravity compensation active (Fz > 0)
  Actual Vel: (  0.000,   0.000,   0.067) m/s
  ℹ️  Velocity differs from PID (hybrid physics integration active)
────────────────────────────────────────────────────────────────────────────────

[DBG CACHE] Frame 4620: Updating cache with pos=(0.000,0.000,2.499)
[DBG ROS2] Publishing to /drone/odom: pos=(0.000,0.000,2.499)
[DBG RENDER] Viewport sync triggered at pos (0.000, 0.000, 2.498)

────────────────────────────────────────────────────────────────────────────────
[FRAME 4628] Δt = 1.00s
────────────────────────────────────────────────────────────────────────────────
  State      : Armed=True, Mode=LOITER
  Position   : (  0.000,   0.000,   2.498)
  Velocity   : (  0.000,   0.000,  -0.129)
  Target Pos : (  0.000,   0.000,   2.498)
  Error      : (  0.000,   0.000,  -0.000) = 0.000m
  PID Output : (  0.000,   0.000,   0.001) m/s
  Applied Force: (   0.00,    0.00,    5.89) N (|F|=5.89N)
  ✅ Gravity compensation active (Fz > 0)
  Actual Vel: (  0.000,   0.000,   0.067) m/s
  ℹ️  Velocity differs from PID (hybrid physics integration active)
────────────────────────────────────────────────────────────────────────────────

[DBG RENDER] Viewport sync triggered at pos (0.000, 0.000, 2.498)

────────────────────────────────────────────────────────────────────────────────
[FRAME 4646] Δt = 1.00s
────────────────────────────────────────────────────────────────────────────────
  State      : Armed=True, Mode=LOITER
  Position   : (  0.000,   0.000,   2.498)
  Velocity   : (  0.000,   0.000,  -0.129)
  Target Pos : (  0.000,   0.000,   2.498)
  Error      : (  0.000,   0.000,  -0.000) = 0.000m
  PID Output : (  0.000,   0.000,   0.001) m/s
  Applied Force: (   0.00,    0.00,    5.89) N (|F|=5.89N)
  ✅ Gravity compensation active (Fz > 0)
  Actual Vel: (  0.000,   0.000,   0.067) m/s
  ℹ️  Velocity differs from PID (hybrid physics integration active)
────────────────────────────────────────────────────────────────────────────────

[VIEWPORT FIX] Setting drone position to (0.000, 0.000, 2.499)
[DBG RENDER] Viewport sync triggered at pos (0.000, 0.000, 2.498)

────────────────────────────────────────────────────────────────────────────────
[FRAME 4665] Δt = 1.00s
────────────────────────────────────────────────────────────────────────────────
  State      : Armed=True, Mode=LOITER
  Position   : (  0.000,   0.000,   2.498)
  Velocity   : (  0.000,   0.000,  -0.129)
  Target Pos : (  0.000,   0.000,   2.498)
  Error      : (  0.000,   0.000,  -0.000) = 0.000m
  PID Output : (  0.000,   0.000,   0.001) m/s
  Applied Force: (   0.00,    0.00,    5.89) N (|F|=5.89N)
  ✅ Gravity compensation active (Fz > 0)
  Actual Vel: (  0.000,   0.000,   0.067) m/s
  ℹ️  Velocity differs from PID (hybrid physics integration active)
────────────────────────────────────────────────────────────────────────────────

[DBG CACHE] Frame 4680: Updating cache with pos=(0.000,0.000,2.499)
[DBG ROS2] Publishing to /drone/odom: pos=(0.000,0.000,2.499)
[DBG RENDER] Viewport sync triggered at pos (0.000, 0.000, 2.498)

────────────────────────────────────────────────────────────────────────────────
[FRAME 4684] Δt = 1.00s
────────────────────────────────────────────────────────────────────────────────
  State      : Armed=True, Mode=LOITER
  Position   : (  0.000,   0.000,   2.498)
  Velocity   : (  0.000,   0.000,  -0.129)
  Target Pos : (  0.000,   0.000,   2.498)
  Error      : (  0.000,   0.000,  -0.000) = 0.000m
  PID Output : (  0.000,   0.000,   0.001) m/s
  Applied Force: (   0.00,    0.00,    5.89) N (|F|=5.89N)
  ✅ Gravity compensation active (Fz > 0)
  Actual Vel: (  0.000,   0.000,   0.067) m/s
  ℹ️  Velocity differs from PID (hybrid physics integration active)
────────────────────────────────────────────────────────────────────────────────

[VIEWPORT FIX] Setting drone position to (0.000, 0.000, 2.499)
[DBG RENDER] Viewport sync triggered at pos (0.000, 0.000, 2.498)

────────────────────────────────────────────────────────────────────────────────
[FRAME 4703] Δt = 1.00s
────────────────────────────────────────────────────────────────────────────────
  State      : Armed=True, Mode=LOITER
  Position   : (  0.000,   0.000,   2.498)
  Velocity   : (  0.000,   0.000,  -0.129)
  Target Pos : (  0.000,   0.000,   2.498)
  Error      : (  0.000,   0.000,  -0.000) = 0.000m
  PID Output : (  0.000,   0.000,   0.001) m/s
  Applied Force: (   0.00,    0.00,    5.89) N (|F|=5.89N)
  ✅ Gravity compensation active (Fz > 0)
  Actual Vel: (  0.000,   0.000,   0.067) m/s
  ℹ️  Velocity differs from PID (hybrid physics integration active)
────────────────────────────────────────────────────────────────────────────────

[DBG RENDER] Viewport sync triggered at pos (0.000, 0.000, 2.498)

────────────────────────────────────────────────────────────────────────────────
[FRAME 4722] Δt = 1.00s
────────────────────────────────────────────────────────────────────────────────
  State      : Armed=True, Mode=LOITER
  Position   : (  0.000,   0.000,   2.498)
  Velocity   : (  0.000,   0.000,  -0.129)
  Target Pos : (  0.000,   0.000,   2.498)
  Error      : (  0.000,   0.000,  -0.000) = 0.000m
  PID Output : (  0.000,   0.000,   0.001) m/s
  Applied Force: (   0.00,    0.00,    5.89) N (|F|=5.89N)
  ✅ Gravity compensation active (Fz > 0)
  Actual Vel: (  0.000,   0.000,   0.067) m/s
  ℹ️  Velocity differs from PID (hybrid physics integration active)
────────────────────────────────────────────────────────────────────────────────

[DBG CACHE] Frame 4740: Updating cache with pos=(0.000,0.000,2.499)
[DBG ROS2] Publishing to /drone/odom: pos=(0.000,0.000,2.499)
[DBG RENDER] Viewport sync triggered at pos (0.000, 0.000, 2.498)

────────────────────────────────────────────────────────────────────────────────
[FRAME 4742] Δt = 1.00s
────────────────────────────────────────────────────────────────────────────────
  State      : Armed=True, Mode=LOITER
  Position   : (  0.000,   0.000,   2.498)
  Velocity   : (  0.000,   0.000,  -0.129)
  Target Pos : (  0.000,   0.000,   2.498)
  Error      : (  0.000,   0.000,  -0.000) = 0.000m
  PID Output : (  0.000,   0.000,   0.001) m/s
  Applied Force: (   0.00,    0.00,    5.89) N (|F|=5.89N)
  ✅ Gravity compensation active (Fz > 0)
  Actual Vel: (  0.000,   0.000,   0.067) m/s
  ℹ️  Velocity differs from PID (hybrid physics integration active)
────────────────────────────────────────────────────────────────────────────────

[VIEWPORT FIX] Setting drone position to (0.000, 0.000, 2.499)
[DBG RENDER] Viewport sync triggered at pos (0.000, 0.000, 2.498)

────────────────────────────────────────────────────────────────────────────────
[FRAME 4762] Δt = 1.00s
────────────────────────────────────────────────────────────────────────────────
  State      : Armed=True, Mode=LOITER
  Position   : (  0.000,   0.000,   2.498)
  Velocity   : (  0.000,   0.000,  -0.129)
  Target Pos : (  0.000,   0.000,   2.498)
  Error      : (  0.000,   0.000,  -0.000) = 0.000m
  PID Output : (  0.000,   0.000,   0.001) m/s
  Applied Force: (   0.00,    0.00,    5.89) N (|F|=5.89N)
  ✅ Gravity compensation active (Fz > 0)
  Actual Vel: (  0.000,   0.000,   0.067) m/s
  ℹ️  Velocity differs from PID (hybrid physics integration active)
────────────────────────────────────────────────────────────────────────────────

[DBG RENDER] Viewport sync triggered at pos (0.000, 0.000, 2.498)

────────────────────────────────────────────────────────────────────────────────
[FRAME 4781] Δt = 1.00s
────────────────────────────────────────────────────────────────────────────────
  State      : Armed=True, Mode=LOITER
  Position   : (  0.000,   0.000,   2.498)
  Velocity   : (  0.000,   0.000,  -0.129)
  Target Pos : (  0.000,   0.000,   2.498)
  Error      : (  0.000,   0.000,  -0.000) = 0.000m
  PID Output : (  0.000,   0.000,   0.001) m/s
  Applied Force: (   0.00,    0.00,    5.89) N (|F|=5.89N)
  ✅ Gravity compensation active (Fz > 0)
  Actual Vel: (  0.000,   0.000,   0.067) m/s
  ℹ️  Velocity differs from PID (hybrid physics integration active)
────────────────────────────────────────────────────────────────────────────────


────────────────────────────────────────────────────────────────────────────────
[FRAME 4800] Δt = 1.00s
────────────────────────────────────────────────────────────────────────────────
  State      : Armed=True, Mode=LOITER
  Position   : (  0.000,   0.000,   2.498)
  Velocity   : (  0.000,   0.000,  -0.129)
  Target Pos : (  0.000,   0.000,   2.498)
  Error      : (  0.000,   0.000,  -0.000) = 0.000m
  PID Output : (  0.000,   0.000,   0.001) m/s
  Applied Force: (   0.00,    0.00,    5.89) N (|F|=5.89N)
  ✅ Gravity compensation active (Fz > 0)
  Actual Vel: (  0.000,   0.000,   0.067) m/s
  ℹ️  Velocity differs from PID (hybrid physics integration active)
────────────────────────────────────────────────────────────────────────────────

[DBG CACHE] Frame 4800: Updating cache with pos=(0.000,0.000,2.499)
[DBG ROS2] Publishing to /drone/odom: pos=(0.000,0.000,2.499)
[VIEWPORT FIX] Setting drone position to (0.000, 0.000, 2.499)
[DBG RENDER] Viewport sync triggered at pos (0.000, 0.000, 2.498)

────────────────────────────────────────────────────────────────────────────────
[FRAME 4819] Δt = 1.00s
────────────────────────────────────────────────────────────────────────────────
  State      : Armed=True, Mode=LOITER
  Position   : (  0.000,   0.000,   2.498)
  Velocity   : (  0.000,   0.000,  -0.129)
  Target Pos : (  0.000,   0.000,   2.498)
  Error      : (  0.000,   0.000,  -0.000) = 0.000m
  PID Output : (  0.000,   0.000,   0.001) m/s
  Applied Force: (   0.00,    0.00,    5.89) N (|F|=5.89N)
  ✅ Gravity compensation active (Fz > 0)
  Actual Vel: (  0.000,   0.000,   0.067) m/s
  ℹ️  Velocity differs from PID (hybrid physics integration active)
────────────────────────────────────────────────────────────────────────────────

[DBG RENDER] Viewport sync triggered at pos (0.000, 0.000, 2.498)

────────────────────────────────────────────────────────────────────────────────
[FRAME 4838] Δt = 1.00s
────────────────────────────────────────────────────────────────────────────────
  State      : Armed=True, Mode=LOITER
  Position   : (  0.000,   0.000,   2.498)
  Velocity   : (  0.000,   0.000,  -0.129)
  Target Pos : (  0.000,   0.000,   2.498)
  Error      : (  0.000,   0.000,  -0.000) = 0.000m
  PID Output : (  0.000,   0.000,   0.001) m/s
  Applied Force: (   0.00,    0.00,    5.89) N (|F|=5.89N)
  ✅ Gravity compensation active (Fz > 0)
  Actual Vel: (  0.000,   0.000,   0.067) m/s
  ℹ️  Velocity differs from PID (hybrid physics integration active)
────────────────────────────────────────────────────────────────────────────────

[DBG RENDER] Viewport sync triggered at pos (0.000, 0.000, 2.498)
[VIEWPORT FIX] Setting drone position to (0.000, 0.000, 2.499)

────────────────────────────────────────────────────────────────────────────────
[FRAME 4857] Δt = 1.00s
────────────────────────────────────────────────────────────────────────────────
  State      : Armed=True, Mode=LOITER
  Position   : (  0.000,   0.000,   2.498)
  Velocity   : (  0.000,   0.000,  -0.129)
  Target Pos : (  0.000,   0.000,   2.498)
  Error      : (  0.000,   0.000,  -0.000) = 0.000m
  PID Output : (  0.000,   0.000,   0.001) m/s
  Applied Force: (   0.00,    0.00,    5.89) N (|F|=5.89N)
  ✅ Gravity compensation active (Fz > 0)
  Actual Vel: (  0.000,   0.000,   0.067) m/s
  ℹ️  Velocity differs from PID (hybrid physics integration active)
────────────────────────────────────────────────────────────────────────────────

[DBG CACHE] Frame 4860: Updating cache with pos=(0.000,0.000,2.499)
[DBG ROS2] Publishing to /drone/odom: pos=(0.000,0.000,2.499)
[DBG RENDER] Viewport sync triggered at pos (0.000, 0.000, 2.498)

────────────────────────────────────────────────────────────────────────────────
[FRAME 4876] Δt = 1.00s
────────────────────────────────────────────────────────────────────────────────
  State      : Armed=True, Mode=LOITER
  Position   : (  0.000,   0.000,   2.498)
  Velocity   : (  0.000,   0.000,  -0.129)
  Target Pos : (  0.000,   0.000,   2.498)
  Error      : (  0.000,   0.000,  -0.000) = 0.000m
  PID Output : (  0.000,   0.000,   0.001) m/s
  Applied Force: (   0.00,    0.00,    5.89) N (|F|=5.89N)
  ✅ Gravity compensation active (Fz > 0)
  Actual Vel: (  0.000,   0.000,   0.067) m/s
  ℹ️  Velocity differs from PID (hybrid physics integration active)
────────────────────────────────────────────────────────────────────────────────

[DBG RENDER] Viewport sync triggered at pos (0.000, 0.000, 2.498)

────────────────────────────────────────────────────────────────────────────────
[FRAME 4895] Δt = 1.00s
────────────────────────────────────────────────────────────────────────────────
  State      : Armed=True, Mode=LOITER
  Position   : (  0.000,   0.000,   2.498)
  Velocity   : (  0.000,   0.000,  -0.129)
  Target Pos : (  0.000,   0.000,   2.498)
  Error      : (  0.000,   0.000,  -0.000) = 0.000m
  PID Output : (  0.000,   0.000,   0.001) m/s
  Applied Force: (   0.00,    0.00,    5.89) N (|F|=5.89N)
  ✅ Gravity compensation active (Fz > 0)
  Actual Vel: (  0.000,   0.000,   0.067) m/s
  ℹ️  Velocity differs from PID (hybrid physics integration active)
────────────────────────────────────────────────────────────────────────────────

[VIEWPORT FIX] Setting drone position to (0.000, 0.000, 2.499)
[DBG RENDER] Viewport sync triggered at pos (0.000, 0.000, 2.498)

────────────────────────────────────────────────────────────────────────────────
[FRAME 4915] Δt = 1.00s
────────────────────────────────────────────────────────────────────────────────
  State      : Armed=True, Mode=LOITER
  Position   : (  0.000,   0.000,   2.498)
  Velocity   : (  0.000,   0.000,  -0.129)
  Target Pos : (  0.000,   0.000,   2.498)
  Error      : (  0.000,   0.000,  -0.000) = 0.000m
  PID Output : (  0.000,   0.000,   0.001) m/s
  Applied Force: (   0.00,    0.00,    5.89) N (|F|=5.89N)
  ✅ Gravity compensation active (Fz > 0)
  Actual Vel: (  0.000,   0.000,   0.067) m/s
  ℹ️  Velocity differs from PID (hybrid physics integration active)
────────────────────────────────────────────────────────────────────────────────

[DBG CACHE] Frame 4920: Updating cache with pos=(0.000,0.000,2.499)
[DBG ROS2] Publishing to /drone/odom: pos=(0.000,0.000,2.499)
[DBG RENDER] Viewport sync triggered at pos (0.000, 0.000, 2.498)

────────────────────────────────────────────────────────────────────────────────
[FRAME 4934] Δt = 1.00s
────────────────────────────────────────────────────────────────────────────────
  State      : Armed=True, Mode=LOITER
  Position   : (  0.000,   0.000,   2.498)
  Velocity   : (  0.000,   0.000,  -0.129)
  Target Pos : (  0.000,   0.000,   2.498)
  Error      : (  0.000,   0.000,  -0.000) = 0.000m
  PID Output : (  0.000,   0.000,   0.001) m/s
  Applied Force: (   0.00,    0.00,    5.89) N (|F|=5.89N)
  ✅ Gravity compensation active (Fz > 0)
  Actual Vel: (  0.000,   0.000,   0.067) m/s
  ℹ️  Velocity differs from PID (hybrid physics integration active)
────────────────────────────────────────────────────────────────────────────────

[DBG RENDER] Viewport sync triggered at pos (0.000, 0.000, 2.498)
[VIEWPORT FIX] Setting drone position to (0.000, 0.000, 2.499)

────────────────────────────────────────────────────────────────────────────────
[FRAME 4954] Δt = 1.00s
────────────────────────────────────────────────────────────────────────────────
  State      : Armed=True, Mode=LOITER
  Position   : (  0.000,   0.000,   2.498)
  Velocity   : (  0.000,   0.000,  -0.129)
  Target Pos : (  0.000,   0.000,   2.498)
  Error      : (  0.000,   0.000,  -0.000) = 0.000m
  PID Output : (  0.000,   0.000,   0.001) m/s
  Applied Force: (   0.00,    0.00,    5.89) N (|F|=5.89N)
  ✅ Gravity compensation active (Fz > 0)
  Actual Vel: (  0.000,   0.000,   0.067) m/s
  ℹ️  Velocity differs from PID (hybrid physics integration active)
────────────────────────────────────────────────────────────────────────────────

[DBG RENDER] Viewport sync triggered at pos (0.000, 0.000, 2.498)
[INFO] Shutting down simulation...
[INFO] ROS2 shutdown complete
[INFO] Simulation shutdown complete
