================================================================================
SIMULATION LOG - 2026-01-28 14:02:59
Log file: /home/kishi/ResQoUnity/logs/simulation/drone_sim_20260128_140259.log
================================================================================

[INFO] CPU physics mode enabled - GPU PhysX disabled
[INFO] Creating environment: Isaac-Velocity-Rough-Unitree-Go2-v0
[INFO] Robot: go2, Amount: 1, Terrain: flat
[INFO]: Base environment:
	Environment device    : cpu
	Physics step-size     : 0.005
	Rendering step-size   : 0.005
	Environment step-size : 0.02
	Physics GPU pipeline  : True
	Physics GPU simulation: True
[INFO]: Time taken for scene creation : 0.383741 seconds
[INFO]: Scene manager:  <class InteractiveScene>
	Number of environments: 1
	Environment spacing   : 2.5
	Source prim name      : /World/envs/env_0
	Global prim paths     : ['/World/ground']
	Replicate physics     : True
[INFO]: Starting the simulation. This may take a few seconds. Please wait...
[INFO]: Time taken for simulation start : 0.742243 seconds
[INFO] Command Manager:  <CommandManager> contains 1 active terms.
+------------------------------------------------+
|              Active Command Terms              |
+-------+---------------+------------------------+
| Index | Name          |          Type          |
+-------+---------------+------------------------+
|   0   | base_velocity | UniformVelocityCommand |
+-------+---------------+------------------------+

[INFO] Action Manager:  <ActionManager> contains 1 active terms.
+------------------------------------+
|  Active Action Terms (shape: 12)   |
+--------+-------------+-------------+
| Index  | Name        |   Dimension |
+--------+-------------+-------------+
|   0    | joint_pos   |          12 |
+--------+-------------+-------------+

Module omni.isaac.orbit.utils.warp.kernels load on device 'cpu' took 1.52 ms
[INFO] Observation Manager: <ObservationManager> contains 1 groups.
+----------------------------------------------------------+
| Active Observation Terms in Group: 'policy' (shape: (235,)) |
+-----------+--------------------------------+-------------+
|   Index   | Name                           |    Shape    |
+-----------+--------------------------------+-------------+
|     0     | base_lin_vel                   |     (3,)    |
|     1     | base_ang_vel                   |     (3,)    |
|     2     | projected_gravity              |     (3,)    |
|     3     | velocity_commands              |     (3,)    |
|     4     | joint_pos                      |    (12,)    |
|     5     | joint_vel                      |    (12,)    |
|     6     | actions                        |    (12,)    |
|     7     | height_scan                    |    (187,)   |
+-----------+--------------------------------+-------------+

[INFO] Event Manager:  <EventManager> contains 1 active terms.
+--------------------------------------+
| Active Event Terms in Mode: 'startup' |
+----------+---------------------------+
|  Index   | Name                      |
+----------+---------------------------+
|    0     | physics_material          |
+----------+---------------------------+

[INFO] Termination Manager:  <TerminationManager> contains 2 active terms.
+---------------------------------+
|     Active Termination Terms    |
+-------+--------------+----------+
| Index | Name         | Time Out |
+-------+--------------+----------+
|   0   | time_out     |   True   |
|   1   | base_contact |  False   |
+-------+--------------+----------+

[INFO] Reward Manager:  <RewardManager> contains 10 active terms.
+-----------------------------------------+
|           Active Reward Terms           |
+-------+----------------------+----------+
| Index | Name                 |   Weight |
+-------+----------------------+----------+
|   0   | track_lin_vel_xy_exp |      1.5 |
|   1   | track_ang_vel_z_exp  |     0.75 |
|   2   | lin_vel_z_l2         |     -2.0 |
|   3   | ang_vel_xy_l2        |    -0.05 |
|   4   | dof_torques_l2       |  -0.0002 |
|   5   | dof_acc_l2           | -2.5e-07 |
|   6   | action_rate_l2       |    -0.01 |
|   7   | feet_air_time        |     0.01 |
|   8   | flat_orientation_l2  |      0.0 |
|   9   | dof_pos_limits       |      0.0 |
+-------+----------------------+----------+

[INFO] Curriculum Manager:  <CurriculumManager> contains 0 active terms.
+----------------------+
| Active Curriculum Terms |
+-----------+----------+
|   Index   | Name     |
+-----------+----------+
+-----------+----------+

Creating window for environment.
[INFO]: Completed setting up the environment...
[INFO] Environment created successfully!
[INFO] ========================================
[INFO] PHYSICS MODE: CPU (GPU PhysX DISABLED)
[INFO] Direct pose manipulation is ALLOWED
[INFO] ========================================
[INFO] Environment wrapped for RSL-RL
[INFO] Loading experiment from directory: /home/kishi/ResQoUnity/logs/rsl_rl/unitree_go2_rough
[INFO]: Loading model checkpoint from: /home/kishi/ResQoUnity/logs/rsl_rl/unitree_go2_rough/2024-04-06_02-37-07/model_7850.pt
--------------------------------------------------------------------------------
Resolved observation sets: 
	 policy :  ['policy']
	 critic :  ['policy']
--------------------------------------------------------------------------------
Actor MLP: MLP(
  (0): Linear(in_features=235, out_features=512, bias=True)
  (1): ELU(alpha=1.0)
  (2): Linear(in_features=512, out_features=256, bias=True)
  (3): ELU(alpha=1.0)
  (4): Linear(in_features=256, out_features=128, bias=True)
  (5): ELU(alpha=1.0)
  (6): Linear(in_features=128, out_features=12, bias=True)
)
Critic MLP: MLP(
  (0): Linear(in_features=235, out_features=512, bias=True)
  (1): ELU(alpha=1.0)
  (2): Linear(in_features=512, out_features=256, bias=True)
  (3): ELU(alpha=1.0)
  (4): Linear(in_features=256, out_features=128, bias=True)
  (5): ELU(alpha=1.0)
  (6): Linear(in_features=128, out_features=1, bias=True)
)
[INFO]: Checkpoint loaded successfully
[INFO] Resetting environment and getting initial observations...
[INFO] Environment reset complete, starting simulation loop...
[INFO] Spawning world-level drone alongside environment robots...
[INFO] Spawning drone at /World/envs/env_0/Drone (inside env for physics stepping)
[INFO] Drone USD loaded at /World/envs/env_0/Drone
[INFO] Drone spawned at position (0.0, 0.0, 2.5)
[INFO] ArticulationView will be initialized after first physics step
[Drone drone] Mode: DISARMED → IDLE

================================================================================
DRONE DEBUG LOGGER INITIALIZED FOR world_drone
================================================================================

[INFO] Drone controller initialized in ARMED mode (auto-armed)
[INFO] Mode set to IDLE - will switch to LOITER after spawn
[INFO] Debug logger enabled - verbose output active
[INFO] Drone bottom camera initialized
[INFO] Drone ROS2 publishers initialized on /drone namespace
[INFO] Adding /drone namespace ROS2 interface
[INFO] Drone topics created: cmd_vel, cmd_position, cmd_altitude
[INFO] Drone services created:
  - /drone/arm: True
  - /drone/takeoff: True
  - /drone/land: True
  - /drone/emergency_stop: True
[INFO] Drone control interface ready on /drone namespace
Error loading custom environment. You should download custom envs folder from: https://drive.google.com/drive/folders/1vVGuO1KIX1K6mD6mBHDZGm9nk2vaRyj3?usp=sharing
[INFO] Setting up viewport camera...
[INFO] Camera positioned to view robot
[INFO] Robot(s) should now be visible in the viewport!
[INFO] Use these controls to navigate:
  - Press 'F' to focus on robot
  - Mouse wheel: Zoom in/out
  - Middle mouse: Pan camera
  - Alt+Left mouse: Orbit view
  - WASD keys: Move robot (forward/back/left/right)
  - Q/E keys: Rotate left/right
[INFO] Initializing ArticulationView after physics step...
[INFO] Drone mass set to: 0.5 kg (Crazyflie scaled estimate)
[INFO] Using Hybrid Physics-Velocity Control (GPU PhysX compatible)
[INFO] Forces → Acceleration → Velocity integration (F=ma)
[INFO] LOITER target set to spawn position: (0.00, 0.00, 2.50)
[SAFETY] World drone initialized:
  Current pos: (0.000, 0.000, 2.498)
  Target pos:  (0.000, 0.000, 2.498)
  Mode: IDLE, Armed: True
[INIT] Drone spawned at position: (0.000, 0.000, 2.498)
[INIT] Initial velocity: (0.000, 0.000, -0.196)
[INIT] Initial mode: IDLE
[INIT] Ready for control


********************************************************************************
[ARM EVENT] Drone ARMED
********************************************************************************

[INFO] ArticulationView ready - found 1 drone(s)
[DEBUG] ArticulationView prim paths: ['/World/envs/env_0/Drone']
[DEBUG] Controller initialized at position: (0.00, 0.00, 2.50)
[DEBUG] Drone has 4 DOFs: ['m1_joint', 'm2_joint', 'm3_joint', 'm4_joint']
[DEBUG] Prim at /World/envs/env_0/Drone exists: True
[DEBUG] Found root body (fallback) at: /World/envs/env_0/Drone/body
[DEBUG] Found articulation root at: /World/envs/env_0/Drone
[Drone drone] Mode: IDLE → LOITER
[INFO] World drone switched to LOITER at position (0.00, 0.00, 2.50)
[VIEWPORT FIX] Setting drone position to (0.000, 0.000, 2.498)
[DBG RENDER] Viewport sync triggered at pos (0.000, 0.000, 2.498)

────────────────────────────────────────────────────────────────────────────────
[FRAME 10] Δt = 1.00s
────────────────────────────────────────────────────────────────────────────────
  State      : Armed=True, Mode=LOITER
  Position   : (  0.000,   0.000,   2.492)
  Velocity   : (  0.000,   0.000,  -0.126)
  Target Pos : (  0.000,   0.000,   2.498)
  Error      : (  0.000,   0.000,   0.005) = 0.005m
  PID Output : (  0.000,   0.000,   0.011) m/s
  Applied Force: (   0.00,    0.00,    5.94) N (|F|=5.94N)
  ✅ Gravity compensation active (Fz > 0)
  Actual Vel: (  0.000,   0.000,   0.072) m/s
  ℹ️  Velocity differs from PID (hybrid physics integration active)
────────────────────────────────────────────────────────────────────────────────

[DBG RENDER] Viewport sync triggered at pos (0.000, 0.000, 2.495)

────────────────────────────────────────────────────────────────────────────────
[FRAME 30] Δt = 1.00s
────────────────────────────────────────────────────────────────────────────────
  State      : Armed=True, Mode=LOITER
  Position   : (  0.000,   0.000,   2.496)
  Velocity   : (  0.000,   0.000,  -0.126)
  Target Pos : (  0.000,   0.000,   2.498)
  Error      : (  0.000,   0.000,   0.001) = 0.001m
  PID Output : (  0.000,   0.000,   0.003) m/s
  Applied Force: (   0.00,    0.00,    5.88) N (|F|=5.88N)
  ✅ Gravity compensation active (Fz > 0)
  Actual Vel: (  0.000,   0.000,   0.070) m/s
  ℹ️  Velocity differs from PID (hybrid physics integration active)
────────────────────────────────────────────────────────────────────────────────

[DBG RENDER] Viewport sync triggered at pos (0.000, 0.000, 2.497)

────────────────────────────────────────────────────────────────────────────────
[FRAME 49] Δt = 1.00s
────────────────────────────────────────────────────────────────────────────────
  State      : Armed=True, Mode=LOITER
  Position   : (  0.000,   0.000,   2.497)
  Velocity   : (  0.000,   0.000,  -0.129)
  Target Pos : (  0.000,   0.000,   2.498)
  Error      : (  0.000,   0.000,   0.001) = 0.001m
  PID Output : (  0.000,   0.000,   0.002) m/s
  Applied Force: (   0.00,    0.00,    5.88) N (|F|=5.88N)
  ✅ Gravity compensation active (Fz > 0)
  Actual Vel: (  0.000,   0.000,   0.067) m/s
  ℹ️  Velocity differs from PID (hybrid physics integration active)
────────────────────────────────────────────────────────────────────────────────

[VIEWPORT FIX] Setting drone position to (0.000, 0.000, 2.498)
[DBG CACHE] Frame 60: Updating cache with pos=(0.000,0.000,2.498)
[DBG ROS2] Publishing to /drone/odom: pos=(0.000,0.000,2.498)
[DBG RENDER] Viewport sync triggered at pos (0.000, 0.000, 2.497)

────────────────────────────────────────────────────────────────────────────────
[FRAME 68] Δt = 1.00s
────────────────────────────────────────────────────────────────────────────────
  State      : Armed=True, Mode=LOITER
  Position   : (  0.000,   0.000,   2.497)
  Velocity   : (  0.000,   0.000,  -0.129)
  Target Pos : (  0.000,   0.000,   2.498)
  Error      : (  0.000,   0.000,   0.000) = 0.000m
  PID Output : (  0.000,   0.000,   0.002) m/s
  Applied Force: (   0.00,    0.00,    5.89) N (|F|=5.89N)
  ✅ Gravity compensation active (Fz > 0)
  Actual Vel: (  0.000,   0.000,   0.067) m/s
  ℹ️  Velocity differs from PID (hybrid physics integration active)
────────────────────────────────────────────────────────────────────────────────

[DBG RENDER] Viewport sync triggered at pos (0.000, 0.000, 2.497)

────────────────────────────────────────────────────────────────────────────────
[FRAME 88] Δt = 1.00s
────────────────────────────────────────────────────────────────────────────────
  State      : Armed=True, Mode=LOITER
  Position   : (  0.000,   0.000,   2.497)
  Velocity   : (  0.000,   0.000,  -0.129)
  Target Pos : (  0.000,   0.000,   2.498)
  Error      : (  0.000,   0.000,   0.000) = 0.000m
  PID Output : (  0.000,   0.000,   0.002) m/s
  Applied Force: (   0.00,    0.00,    5.89) N (|F|=5.89N)
  ✅ Gravity compensation active (Fz > 0)
  Actual Vel: (  0.000,   0.000,   0.067) m/s
  ℹ️  Velocity differs from PID (hybrid physics integration active)
────────────────────────────────────────────────────────────────────────────────

[VIEWPORT FIX] Setting drone position to (0.000, 0.000, 2.498)
[DBG RENDER] Viewport sync triggered at pos (0.000, 0.000, 2.497)

────────────────────────────────────────────────────────────────────────────────
[FRAME 108] Δt = 1.00s
────────────────────────────────────────────────────────────────────────────────
  State      : Armed=True, Mode=LOITER
  Position   : (  0.000,   0.000,   2.497)
  Velocity   : (  0.000,   0.000,  -0.129)
  Target Pos : (  0.000,   0.000,   2.498)
  Error      : (  0.000,   0.000,   0.000) = 0.000m
  PID Output : (  0.000,   0.000,   0.002) m/s
  Applied Force: (   0.00,    0.00,    5.89) N (|F|=5.89N)
  ✅ Gravity compensation active (Fz > 0)
  Actual Vel: (  0.000,   0.000,   0.067) m/s
  ℹ️  Velocity differs from PID (hybrid physics integration active)
────────────────────────────────────────────────────────────────────────────────

[DBG CACHE] Frame 120: Updating cache with pos=(0.000,0.000,2.498)
[DBG ROS2] Publishing to /drone/odom: pos=(0.000,0.000,2.498)
[DBG RENDER] Viewport sync triggered at pos (0.000, 0.000, 2.497)

────────────────────────────────────────────────────────────────────────────────
[FRAME 127] Δt = 1.00s
────────────────────────────────────────────────────────────────────────────────
  State      : Armed=True, Mode=LOITER
  Position   : (  0.000,   0.000,   2.497)
  Velocity   : (  0.000,   0.000,  -0.129)
  Target Pos : (  0.000,   0.000,   2.498)
  Error      : (  0.000,   0.000,   0.000) = 0.000m
  PID Output : (  0.000,   0.000,   0.002) m/s
  Applied Force: (   0.00,    0.00,    5.89) N (|F|=5.89N)
  ✅ Gravity compensation active (Fz > 0)
  Actual Vel: (  0.000,   0.000,   0.067) m/s
  ℹ️  Velocity differs from PID (hybrid physics integration active)
────────────────────────────────────────────────────────────────────────────────

[DBG RENDER] Viewport sync triggered at pos (0.000, 0.000, 2.497)

────────────────────────────────────────────────────────────────────────────────
[FRAME 146] Δt = 1.00s
────────────────────────────────────────────────────────────────────────────────
  State      : Armed=True, Mode=LOITER
  Position   : (  0.000,   0.000,   2.497)
  Velocity   : (  0.000,   0.000,  -0.129)
  Target Pos : (  0.000,   0.000,   2.498)
  Error      : (  0.000,   0.000,   0.000) = 0.000m
  PID Output : (  0.000,   0.000,   0.002) m/s
  Applied Force: (   0.00,    0.00,    5.89) N (|F|=5.89N)
  ✅ Gravity compensation active (Fz > 0)
  Actual Vel: (  0.000,   0.000,   0.067) m/s
  ℹ️  Velocity differs from PID (hybrid physics integration active)
────────────────────────────────────────────────────────────────────────────────

[VIEWPORT FIX] Setting drone position to (0.000, 0.000, 2.498)
[DBG RENDER] Viewport sync triggered at pos (0.000, 0.000, 2.497)

────────────────────────────────────────────────────────────────────────────────
[FRAME 165] Δt = 1.00s
────────────────────────────────────────────────────────────────────────────────
  State      : Armed=True, Mode=LOITER
  Position   : (  0.000,   0.000,   2.497)
  Velocity   : (  0.000,   0.000,  -0.129)
  Target Pos : (  0.000,   0.000,   2.498)
  Error      : (  0.000,   0.000,   0.000) = 0.000m
  PID Output : (  0.000,   0.000,   0.002) m/s
  Applied Force: (   0.00,    0.00,    5.89) N (|F|=5.89N)
  ✅ Gravity compensation active (Fz > 0)
  Actual Vel: (  0.000,   0.000,   0.067) m/s
  ℹ️  Velocity differs from PID (hybrid physics integration active)
────────────────────────────────────────────────────────────────────────────────

[DBG CACHE] Frame 180: Updating cache with pos=(0.000,0.000,2.498)
[DBG ROS2] Publishing to /drone/odom: pos=(0.000,0.000,2.498)
[DBG RENDER] Viewport sync triggered at pos (0.000, 0.000, 2.497)

────────────────────────────────────────────────────────────────────────────────
[FRAME 184] Δt = 1.00s
────────────────────────────────────────────────────────────────────────────────
  State      : Armed=True, Mode=LOITER
  Position   : (  0.000,   0.000,   2.497)
  Velocity   : (  0.000,   0.000,  -0.129)
  Target Pos : (  0.000,   0.000,   2.498)
  Error      : (  0.000,   0.000,   0.000) = 0.000m
  PID Output : (  0.000,   0.000,   0.002) m/s
  Applied Force: (   0.00,    0.00,    5.89) N (|F|=5.89N)
  ✅ Gravity compensation active (Fz > 0)
  Actual Vel: (  0.000,   0.000,   0.067) m/s
  ℹ️  Velocity differs from PID (hybrid physics integration active)
────────────────────────────────────────────────────────────────────────────────

[VIEWPORT FIX] Setting drone position to (0.000, 0.000, 2.498)
[DBG RENDER] Viewport sync triggered at pos (0.000, 0.000, 2.497)

────────────────────────────────────────────────────────────────────────────────
[FRAME 204] Δt = 1.00s
────────────────────────────────────────────────────────────────────────────────
  State      : Armed=True, Mode=LOITER
  Position   : (  0.000,   0.000,   2.497)
  Velocity   : (  0.000,   0.000,  -0.129)
  Target Pos : (  0.000,   0.000,   2.498)
  Error      : (  0.000,   0.000,   0.000) = 0.000m
  PID Output : (  0.000,   0.000,   0.002) m/s
  Applied Force: (   0.00,    0.00,    5.89) N (|F|=5.89N)
  ✅ Gravity compensation active (Fz > 0)
  Actual Vel: (  0.000,   0.000,   0.067) m/s
  ℹ️  Velocity differs from PID (hybrid physics integration active)
────────────────────────────────────────────────────────────────────────────────

[DBG RENDER] Viewport sync triggered at pos (0.000, 0.000, 2.497)

────────────────────────────────────────────────────────────────────────────────
[FRAME 223] Δt = 1.00s
────────────────────────────────────────────────────────────────────────────────
  State      : Armed=True, Mode=LOITER
  Position   : (  0.000,   0.000,   2.497)
  Velocity   : (  0.000,   0.000,  -0.129)
  Target Pos : (  0.000,   0.000,   2.498)
  Error      : (  0.000,   0.000,   0.000) = 0.000m
  PID Output : (  0.000,   0.000,   0.002) m/s
  Applied Force: (   0.00,    0.00,    5.89) N (|F|=5.89N)
  ✅ Gravity compensation active (Fz > 0)
  Actual Vel: (  0.000,   0.000,   0.067) m/s
  ℹ️  Velocity differs from PID (hybrid physics integration active)
────────────────────────────────────────────────────────────────────────────────

[DBG CACHE] Frame 240: Updating cache with pos=(0.000,0.000,2.498)
[DBG ROS2] Publishing to /drone/odom: pos=(0.000,0.000,2.498)
[DBG RENDER] Viewport sync triggered at pos (0.000, 0.000, 2.497)

────────────────────────────────────────────────────────────────────────────────
[FRAME 243] Δt = 1.00s
────────────────────────────────────────────────────────────────────────────────
  State      : Armed=True, Mode=LOITER
  Position   : (  0.000,   0.000,   2.497)
  Velocity   : (  0.000,   0.000,  -0.129)
  Target Pos : (  0.000,   0.000,   2.498)
  Error      : (  0.000,   0.000,   0.000) = 0.000m
  PID Output : (  0.000,   0.000,   0.002) m/s
  Applied Force: (   0.00,    0.00,    5.89) N (|F|=5.89N)
  ✅ Gravity compensation active (Fz > 0)
  Actual Vel: (  0.000,   0.000,   0.067) m/s
  ℹ️  Velocity differs from PID (hybrid physics integration active)
────────────────────────────────────────────────────────────────────────────────

[VIEWPORT FIX] Setting drone position to (0.000, 0.000, 2.498)
[DBG RENDER] Viewport sync triggered at pos (0.000, 0.000, 2.497)

────────────────────────────────────────────────────────────────────────────────
[FRAME 262] Δt = 1.00s
────────────────────────────────────────────────────────────────────────────────
  State      : Armed=True, Mode=LOITER
  Position   : (  0.000,   0.000,   2.497)
  Velocity   : (  0.000,   0.000,  -0.129)
  Target Pos : (  0.000,   0.000,   2.498)
  Error      : (  0.000,   0.000,   0.000) = 0.000m
  PID Output : (  0.000,   0.000,   0.002) m/s
  Applied Force: (   0.00,    0.00,    5.89) N (|F|=5.89N)
  ✅ Gravity compensation active (Fz > 0)
  Actual Vel: (  0.000,   0.000,   0.067) m/s
  ℹ️  Velocity differs from PID (hybrid physics integration active)
────────────────────────────────────────────────────────────────────────────────

[DBG RENDER] Viewport sync triggered at pos (0.000, 0.000, 2.497)

────────────────────────────────────────────────────────────────────────────────
[FRAME 282] Δt = 1.00s
────────────────────────────────────────────────────────────────────────────────
  State      : Armed=True, Mode=LOITER
  Position   : (  0.000,   0.000,   2.497)
  Velocity   : (  0.000,   0.000,  -0.129)
  Target Pos : (  0.000,   0.000,   2.498)
  Error      : (  0.000,   0.000,   0.000) = 0.000m
  PID Output : (  0.000,   0.000,   0.002) m/s
  Applied Force: (   0.00,    0.00,    5.89) N (|F|=5.89N)
  ✅ Gravity compensation active (Fz > 0)
  Actual Vel: (  0.000,   0.000,   0.067) m/s
  ℹ️  Velocity differs from PID (hybrid physics integration active)
────────────────────────────────────────────────────────────────────────────────

[DBG CACHE] Frame 300: Updating cache with pos=(0.000,0.000,2.498)
[DBG ROS2] Publishing to /drone/odom: pos=(0.000,0.000,2.498)
[VIEWPORT FIX] Setting drone position to (0.000, 0.000, 2.498)
[DBG RENDER] Viewport sync triggered at pos (0.000, 0.000, 2.497)

────────────────────────────────────────────────────────────────────────────────
[FRAME 301] Δt = 1.00s
────────────────────────────────────────────────────────────────────────────────
  State      : Armed=True, Mode=LOITER
  Position   : (  0.000,   0.000,   2.497)
  Velocity   : (  0.000,   0.000,  -0.129)
  Target Pos : (  0.000,   0.000,   2.498)
  Error      : (  0.000,   0.000,   0.000) = 0.000m
  PID Output : (  0.000,   0.000,   0.002) m/s
  Applied Force: (   0.00,    0.00,    5.89) N (|F|=5.89N)
  ✅ Gravity compensation active (Fz > 0)
  Actual Vel: (  0.000,   0.000,   0.067) m/s
  ℹ️  Velocity differs from PID (hybrid physics integration active)
────────────────────────────────────────────────────────────────────────────────


────────────────────────────────────────────────────────────────────────────────
[FRAME 320] Δt = 1.00s
────────────────────────────────────────────────────────────────────────────────
  State      : Armed=True, Mode=LOITER
  Position   : (  0.000,   0.000,   2.497)
  Velocity   : (  0.000,   0.000,  -0.129)
  Target Pos : (  0.000,   0.000,   2.498)
  Error      : (  0.000,   0.000,   0.000) = 0.000m
  PID Output : (  0.000,   0.000,   0.002) m/s
  Applied Force: (   0.00,    0.00,    5.89) N (|F|=5.89N)
  ✅ Gravity compensation active (Fz > 0)
  Actual Vel: (  0.000,   0.000,   0.067) m/s
  ℹ️  Velocity differs from PID (hybrid physics integration active)
────────────────────────────────────────────────────────────────────────────────

[DBG RENDER] Viewport sync triggered at pos (0.000, 0.000, 2.497)

────────────────────────────────────────────────────────────────────────────────
[FRAME 339] Δt = 1.00s
────────────────────────────────────────────────────────────────────────────────
  State      : Armed=True, Mode=LOITER
  Position   : (  0.000,   0.000,   2.497)
  Velocity   : (  0.000,   0.000,  -0.129)
  Target Pos : (  0.000,   0.000,   2.498)
  Error      : (  0.000,   0.000,   0.000) = 0.000m
  PID Output : (  0.000,   0.000,   0.002) m/s
  Applied Force: (   0.00,    0.00,    5.89) N (|F|=5.89N)
  ✅ Gravity compensation active (Fz > 0)
  Actual Vel: (  0.000,   0.000,   0.067) m/s
  ℹ️  Velocity differs from PID (hybrid physics integration active)
────────────────────────────────────────────────────────────────────────────────

[DBG RENDER] Viewport sync triggered at pos (0.000, 0.000, 2.497)
[VIEWPORT FIX] Setting drone position to (0.000, 0.000, 2.498)

────────────────────────────────────────────────────────────────────────────────
[FRAME 357] Δt = 1.00s
────────────────────────────────────────────────────────────────────────────────
  State      : Armed=True, Mode=LOITER
  Position   : (  0.000,   0.000,   2.497)
  Velocity   : (  0.000,   0.000,  -0.129)
  Target Pos : (  0.000,   0.000,   2.498)
  Error      : (  0.000,   0.000,   0.000) = 0.000m
  PID Output : (  0.000,   0.000,   0.002) m/s
  Applied Force: (   0.00,    0.00,    5.89) N (|F|=5.89N)
  ✅ Gravity compensation active (Fz > 0)
  Actual Vel: (  0.000,   0.000,   0.067) m/s
  ℹ️  Velocity differs from PID (hybrid physics integration active)
────────────────────────────────────────────────────────────────────────────────

[DBG CACHE] Frame 360: Updating cache with pos=(0.000,0.000,2.498)
[DBG ROS2] Publishing to /drone/odom: pos=(0.000,0.000,2.498)
[DBG RENDER] Viewport sync triggered at pos (0.000, 0.000, 2.497)

────────────────────────────────────────────────────────────────────────────────
[FRAME 375] Δt = 1.00s
────────────────────────────────────────────────────────────────────────────────
  State      : Armed=True, Mode=LOITER
  Position   : (  0.000,   0.000,   2.497)
  Velocity   : (  0.000,   0.000,  -0.129)
  Target Pos : (  0.000,   0.000,   2.498)
  Error      : (  0.000,   0.000,   0.000) = 0.000m
  PID Output : (  0.000,   0.000,   0.002) m/s
  Applied Force: (   0.00,    0.00,    5.89) N (|F|=5.89N)
  ✅ Gravity compensation active (Fz > 0)
  Actual Vel: (  0.000,   0.000,   0.067) m/s
  ℹ️  Velocity differs from PID (hybrid physics integration active)
────────────────────────────────────────────────────────────────────────────────

[DBG RENDER] Viewport sync triggered at pos (0.000, 0.000, 2.497)

────────────────────────────────────────────────────────────────────────────────
[FRAME 393] Δt = 1.00s
────────────────────────────────────────────────────────────────────────────────
  State      : Armed=True, Mode=LOITER
  Position   : (  0.000,   0.000,   2.497)
  Velocity   : (  0.000,   0.000,  -0.129)
  Target Pos : (  0.000,   0.000,   2.498)
  Error      : (  0.000,   0.000,   0.000) = 0.000m
  PID Output : (  0.000,   0.000,   0.002) m/s
  Applied Force: (   0.00,    0.00,    5.89) N (|F|=5.89N)
  ✅ Gravity compensation active (Fz > 0)
  Actual Vel: (  0.000,   0.000,   0.067) m/s
  ℹ️  Velocity differs from PID (hybrid physics integration active)
────────────────────────────────────────────────────────────────────────────────

[VIEWPORT FIX] Setting drone position to (0.000, 0.000, 2.498)
[DBG RENDER] Viewport sync triggered at pos (0.000, 0.000, 2.497)

────────────────────────────────────────────────────────────────────────────────
[FRAME 411] Δt = 1.00s
────────────────────────────────────────────────────────────────────────────────
  State      : Armed=True, Mode=LOITER
  Position   : (  0.000,   0.000,   2.497)
  Velocity   : (  0.000,   0.000,  -0.129)
  Target Pos : (  0.000,   0.000,   2.498)
  Error      : (  0.000,   0.000,   0.000) = 0.000m
  PID Output : (  0.000,   0.000,   0.002) m/s
  Applied Force: (   0.00,    0.00,    5.89) N (|F|=5.89N)
  ✅ Gravity compensation active (Fz > 0)
  Actual Vel: (  0.000,   0.000,   0.067) m/s
  ℹ️  Velocity differs from PID (hybrid physics integration active)
────────────────────────────────────────────────────────────────────────────────

[DBG CACHE] Frame 420: Updating cache with pos=(0.000,0.000,2.499)
[DBG ROS2] Publishing to /drone/odom: pos=(0.000,0.000,2.499)
[DBG RENDER] Viewport sync triggered at pos (0.000, 0.000, 2.497)

────────────────────────────────────────────────────────────────────────────────
[FRAME 429] Δt = 1.00s
────────────────────────────────────────────────────────────────────────────────
  State      : Armed=True, Mode=LOITER
  Position   : (  0.000,   0.000,   2.497)
  Velocity   : (  0.000,   0.000,  -0.129)
  Target Pos : (  0.000,   0.000,   2.498)
  Error      : (  0.000,   0.000,   0.000) = 0.000m
  PID Output : (  0.000,   0.000,   0.002) m/s
  Applied Force: (   0.00,    0.00,    5.89) N (|F|=5.89N)
  ✅ Gravity compensation active (Fz > 0)
  Actual Vel: (  0.000,   0.000,   0.067) m/s
  ℹ️  Velocity differs from PID (hybrid physics integration active)
────────────────────────────────────────────────────────────────────────────────

[DBG RENDER] Viewport sync triggered at pos (0.000, 0.000, 2.497)

────────────────────────────────────────────────────────────────────────────────
[FRAME 447] Δt = 1.00s
────────────────────────────────────────────────────────────────────────────────
  State      : Armed=True, Mode=LOITER
  Position   : (  0.000,   0.000,   2.497)
  Velocity   : (  0.000,   0.000,  -0.129)
  Target Pos : (  0.000,   0.000,   2.498)
  Error      : (  0.000,   0.000,   0.000) = 0.000m
  PID Output : (  0.000,   0.000,   0.002) m/s
  Applied Force: (   0.00,    0.00,    5.89) N (|F|=5.89N)
  ✅ Gravity compensation active (Fz > 0)
  Actual Vel: (  0.000,   0.000,   0.067) m/s
  ℹ️  Velocity differs from PID (hybrid physics integration active)
────────────────────────────────────────────────────────────────────────────────

[VIEWPORT FIX] Setting drone position to (0.000, 0.000, 2.499)
[DBG RENDER] Viewport sync triggered at pos (0.000, 0.000, 2.497)

────────────────────────────────────────────────────────────────────────────────
[FRAME 465] Δt = 1.00s
────────────────────────────────────────────────────────────────────────────────
  State      : Armed=True, Mode=LOITER
  Position   : (  0.000,   0.000,   2.497)
  Velocity   : (  0.000,   0.000,  -0.129)
  Target Pos : (  0.000,   0.000,   2.498)
  Error      : (  0.000,   0.000,   0.000) = 0.000m
  PID Output : (  0.000,   0.000,   0.002) m/s
  Applied Force: (   0.00,    0.00,    5.89) N (|F|=5.89N)
  ✅ Gravity compensation active (Fz > 0)
  Actual Vel: (  0.000,   0.000,   0.067) m/s
  ℹ️  Velocity differs from PID (hybrid physics integration active)
────────────────────────────────────────────────────────────────────────────────

[DBG CACHE] Frame 480: Updating cache with pos=(0.000,0.000,2.499)
[DBG ROS2] Publishing to /drone/odom: pos=(0.000,0.000,2.499)
[DBG RENDER] Viewport sync triggered at pos (0.000, 0.000, 2.497)

────────────────────────────────────────────────────────────────────────────────
[FRAME 483] Δt = 1.00s
────────────────────────────────────────────────────────────────────────────────
  State      : Armed=True, Mode=LOITER
  Position   : (  0.000,   0.000,   2.497)
  Velocity   : (  0.000,   0.000,  -0.129)
  Target Pos : (  0.000,   0.000,   2.498)
  Error      : (  0.000,   0.000,   0.000) = 0.000m
  PID Output : (  0.000,   0.000,   0.002) m/s
  Applied Force: (   0.00,    0.00,    5.89) N (|F|=5.89N)
  ✅ Gravity compensation active (Fz > 0)
  Actual Vel: (  0.000,   0.000,   0.067) m/s
  ℹ️  Velocity differs from PID (hybrid physics integration active)
────────────────────────────────────────────────────────────────────────────────

[VIEWPORT FIX] Setting drone position to (0.000, 0.000, 2.499)
[DBG RENDER] Viewport sync triggered at pos (0.000, 0.000, 2.497)

────────────────────────────────────────────────────────────────────────────────
[FRAME 501] Δt = 1.00s
────────────────────────────────────────────────────────────────────────────────
  State      : Armed=True, Mode=LOITER
  Position   : (  0.000,   0.000,   2.497)
  Velocity   : (  0.000,   0.000,  -0.129)
  Target Pos : (  0.000,   0.000,   2.498)
  Error      : (  0.000,   0.000,   0.000) = 0.000m
  PID Output : (  0.000,   0.000,   0.002) m/s
  Applied Force: (   0.00,    0.00,    5.89) N (|F|=5.89N)
  ✅ Gravity compensation active (Fz > 0)
  Actual Vel: (  0.000,   0.000,   0.067) m/s
  ℹ️  Velocity differs from PID (hybrid physics integration active)
────────────────────────────────────────────────────────────────────────────────


────────────────────────────────────────────────────────────────────────────────
[FRAME 519] Δt = 1.00s
────────────────────────────────────────────────────────────────────────────────
  State      : Armed=True, Mode=LOITER
  Position   : (  0.000,   0.000,   2.497)
  Velocity   : (  0.000,   0.000,  -0.129)
  Target Pos : (  0.000,   0.000,   2.498)
  Error      : (  0.000,   0.000,   0.000) = 0.000m
  PID Output : (  0.000,   0.000,   0.002) m/s
  Applied Force: (   0.00,    0.00,    5.89) N (|F|=5.89N)
  ✅ Gravity compensation active (Fz > 0)
  Actual Vel: (  0.000,   0.000,   0.067) m/s
  ℹ️  Velocity differs from PID (hybrid physics integration active)
────────────────────────────────────────────────────────────────────────────────

[DBG RENDER] Viewport sync triggered at pos (0.000, 0.000, 2.497)

────────────────────────────────────────────────────────────────────────────────
[FRAME 537] Δt = 1.00s
────────────────────────────────────────────────────────────────────────────────
  State      : Armed=True, Mode=LOITER
  Position   : (  0.000,   0.000,   2.497)
  Velocity   : (  0.000,   0.000,  -0.129)
  Target Pos : (  0.000,   0.000,   2.498)
  Error      : (  0.000,   0.000,   0.000) = 0.000m
  PID Output : (  0.000,   0.000,   0.002) m/s
  Applied Force: (   0.00,    0.00,    5.89) N (|F|=5.89N)
  ✅ Gravity compensation active (Fz > 0)
  Actual Vel: (  0.000,   0.000,   0.067) m/s
  ℹ️  Velocity differs from PID (hybrid physics integration active)
────────────────────────────────────────────────────────────────────────────────

[DBG CACHE] Frame 540: Updating cache with pos=(0.000,0.000,2.499)
[DBG ROS2] Publishing to /drone/odom: pos=(0.000,0.000,2.499)
[DBG RENDER] Viewport sync triggered at pos (0.000, 0.000, 2.497)
[VIEWPORT FIX] Setting drone position to (0.000, 0.000, 2.499)

────────────────────────────────────────────────────────────────────────────────
[FRAME 555] Δt = 1.00s
────────────────────────────────────────────────────────────────────────────────
  State      : Armed=True, Mode=LOITER
  Position   : (  0.000,   0.000,   2.497)
  Velocity   : (  0.000,   0.000,  -0.129)
  Target Pos : (  0.000,   0.000,   2.498)
  Error      : (  0.000,   0.000,   0.000) = 0.000m
  PID Output : (  0.000,   0.000,   0.002) m/s
  Applied Force: (   0.00,    0.00,    5.89) N (|F|=5.89N)
  ✅ Gravity compensation active (Fz > 0)
  Actual Vel: (  0.000,   0.000,   0.067) m/s
  ℹ️  Velocity differs from PID (hybrid physics integration active)
────────────────────────────────────────────────────────────────────────────────

[DBG RENDER] Viewport sync triggered at pos (0.000, 0.000, 2.497)

────────────────────────────────────────────────────────────────────────────────
[FRAME 573] Δt = 1.00s
────────────────────────────────────────────────────────────────────────────────
  State      : Armed=True, Mode=LOITER
  Position   : (  0.000,   0.000,   2.497)
  Velocity   : (  0.000,   0.000,  -0.129)
  Target Pos : (  0.000,   0.000,   2.498)
  Error      : (  0.000,   0.000,   0.000) = 0.000m
  PID Output : (  0.000,   0.000,   0.002) m/s
  Applied Force: (   0.00,    0.00,    5.89) N (|F|=5.89N)
  ✅ Gravity compensation active (Fz > 0)
  Actual Vel: (  0.000,   0.000,   0.067) m/s
  ℹ️  Velocity differs from PID (hybrid physics integration active)
────────────────────────────────────────────────────────────────────────────────

[DBG RENDER] Viewport sync triggered at pos (0.000, 0.000, 2.497)

────────────────────────────────────────────────────────────────────────────────
[FRAME 591] Δt = 1.00s
────────────────────────────────────────────────────────────────────────────────
  State      : Armed=True, Mode=LOITER
  Position   : (  0.000,   0.000,   2.497)
  Velocity   : (  0.000,   0.000,  -0.129)
  Target Pos : (  0.000,   0.000,   2.498)
  Error      : (  0.000,   0.000,   0.000) = 0.000m
  PID Output : (  0.000,   0.000,   0.002) m/s
  Applied Force: (   0.00,    0.00,    5.89) N (|F|=5.89N)
  ✅ Gravity compensation active (Fz > 0)
  Actual Vel: (  0.000,   0.000,   0.067) m/s
  ℹ️  Velocity differs from PID (hybrid physics integration active)
────────────────────────────────────────────────────────────────────────────────

[DBG CACHE] Frame 600: Updating cache with pos=(0.000,0.000,2.499)
[DBG ROS2] Publishing to /drone/odom: pos=(0.000,0.000,2.499)
[VIEWPORT FIX] Setting drone position to (0.000, 0.000, 2.499)
[DBG RENDER] Viewport sync triggered at pos (0.000, 0.000, 2.497)

────────────────────────────────────────────────────────────────────────────────
[FRAME 609] Δt = 1.00s
────────────────────────────────────────────────────────────────────────────────
  State      : Armed=True, Mode=LOITER
  Position   : (  0.000,   0.000,   2.497)
  Velocity   : (  0.000,   0.000,  -0.129)
  Target Pos : (  0.000,   0.000,   2.498)
  Error      : (  0.000,   0.000,   0.000) = 0.000m
  PID Output : (  0.000,   0.000,   0.002) m/s
  Applied Force: (   0.00,    0.00,    5.89) N (|F|=5.89N)
  ✅ Gravity compensation active (Fz > 0)
  Actual Vel: (  0.000,   0.000,   0.067) m/s
  ℹ️  Velocity differs from PID (hybrid physics integration active)
────────────────────────────────────────────────────────────────────────────────

[DBG RENDER] Viewport sync triggered at pos (0.000, 0.000, 2.497)

────────────────────────────────────────────────────────────────────────────────
[FRAME 627] Δt = 1.00s
────────────────────────────────────────────────────────────────────────────────
  State      : Armed=True, Mode=LOITER
  Position   : (  0.000,   0.000,   2.497)
  Velocity   : (  0.000,   0.000,  -0.129)
  Target Pos : (  0.000,   0.000,   2.498)
  Error      : (  0.000,   0.000,   0.000) = 0.000m
  PID Output : (  0.000,   0.000,   0.002) m/s
  Applied Force: (   0.00,    0.00,    5.89) N (|F|=5.89N)
  ✅ Gravity compensation active (Fz > 0)
  Actual Vel: (  0.000,   0.000,   0.067) m/s
  ℹ️  Velocity differs from PID (hybrid physics integration active)
────────────────────────────────────────────────────────────────────────────────

[DBG RENDER] Viewport sync triggered at pos (0.000, 0.000, 2.497)

────────────────────────────────────────────────────────────────────────────────
[FRAME 645] Δt = 1.00s
────────────────────────────────────────────────────────────────────────────────
  State      : Armed=True, Mode=LOITER
  Position   : (  0.000,   0.000,   2.497)
  Velocity   : (  0.000,   0.000,  -0.129)
  Target Pos : (  0.000,   0.000,   2.498)
  Error      : (  0.000,   0.000,   0.000) = 0.000m
  PID Output : (  0.000,   0.000,   0.002) m/s
  Applied Force: (   0.00,    0.00,    5.89) N (|F|=5.89N)
  ✅ Gravity compensation active (Fz > 0)
  Actual Vel: (  0.000,   0.000,   0.067) m/s
  ℹ️  Velocity differs from PID (hybrid physics integration active)
────────────────────────────────────────────────────────────────────────────────

[VIEWPORT FIX] Setting drone position to (0.000, 0.000, 2.499)
[DBG CACHE] Frame 660: Updating cache with pos=(0.000,0.000,2.499)
[DBG ROS2] Publishing to /drone/odom: pos=(0.000,0.000,2.499)
[DBG RENDER] Viewport sync triggered at pos (0.000, 0.000, 2.497)

────────────────────────────────────────────────────────────────────────────────
[FRAME 663] Δt = 1.00s
────────────────────────────────────────────────────────────────────────────────
  State      : Armed=True, Mode=LOITER
  Position   : (  0.000,   0.000,   2.497)
  Velocity   : (  0.000,   0.000,  -0.129)
  Target Pos : (  0.000,   0.000,   2.498)
  Error      : (  0.000,   0.000,   0.000) = 0.000m
  PID Output : (  0.000,   0.000,   0.002) m/s
  Applied Force: (   0.00,    0.00,    5.89) N (|F|=5.89N)
  ✅ Gravity compensation active (Fz > 0)
  Actual Vel: (  0.000,   0.000,   0.067) m/s
  ℹ️  Velocity differs from PID (hybrid physics integration active)
────────────────────────────────────────────────────────────────────────────────

[DBG RENDER] Viewport sync triggered at pos (0.000, 0.000, 2.497)

────────────────────────────────────────────────────────────────────────────────
[FRAME 681] Δt = 1.00s
────────────────────────────────────────────────────────────────────────────────
  State      : Armed=True, Mode=LOITER
  Position   : (  0.000,   0.000,   2.497)
  Velocity   : (  0.000,   0.000,  -0.129)
  Target Pos : (  0.000,   0.000,   2.498)
  Error      : (  0.000,   0.000,   0.000) = 0.000m
  PID Output : (  0.000,   0.000,   0.002) m/s
  Applied Force: (   0.00,    0.00,    5.89) N (|F|=5.89N)
  ✅ Gravity compensation active (Fz > 0)
  Actual Vel: (  0.000,   0.000,   0.067) m/s
  ℹ️  Velocity differs from PID (hybrid physics integration active)
────────────────────────────────────────────────────────────────────────────────


────────────────────────────────────────────────────────────────────────────────
[FRAME 699] Δt = 1.00s
────────────────────────────────────────────────────────────────────────────────
  State      : Armed=True, Mode=LOITER
  Position   : (  0.000,   0.000,   2.497)
  Velocity   : (  0.000,   0.000,  -0.129)
  Target Pos : (  0.000,   0.000,   2.498)
  Error      : (  0.000,   0.000,   0.000) = 0.000m
  PID Output : (  0.000,   0.000,   0.002) m/s
  Applied Force: (   0.00,    0.00,    5.89) N (|F|=5.89N)
  ✅ Gravity compensation active (Fz > 0)
  Actual Vel: (  0.000,   0.000,   0.067) m/s
  ℹ️  Velocity differs from PID (hybrid physics integration active)
────────────────────────────────────────────────────────────────────────────────

[VIEWPORT FIX] Setting drone position to (0.000, 0.000, 2.499)
[DBG RENDER] Viewport sync triggered at pos (0.000, 0.000, 2.497)

────────────────────────────────────────────────────────────────────────────────
[FRAME 717] Δt = 1.00s
────────────────────────────────────────────────────────────────────────────────
  State      : Armed=True, Mode=LOITER
  Position   : (  0.000,   0.000,   2.497)
  Velocity   : (  0.000,   0.000,  -0.129)
  Target Pos : (  0.000,   0.000,   2.498)
  Error      : (  0.000,   0.000,   0.000) = 0.000m
  PID Output : (  0.000,   0.000,   0.002) m/s
  Applied Force: (   0.00,    0.00,    5.89) N (|F|=5.89N)
  ✅ Gravity compensation active (Fz > 0)
  Actual Vel: (  0.000,   0.000,   0.067) m/s
  ℹ️  Velocity differs from PID (hybrid physics integration active)
────────────────────────────────────────────────────────────────────────────────

[DBG CACHE] Frame 720: Updating cache with pos=(0.000,0.000,2.499)
[DBG ROS2] Publishing to /drone/odom: pos=(0.000,0.000,2.499)
[DBG RENDER] Viewport sync triggered at pos (0.000, 0.000, 2.497)

────────────────────────────────────────────────────────────────────────────────
[FRAME 734] Δt = 1.00s
────────────────────────────────────────────────────────────────────────────────
  State      : Armed=True, Mode=LOITER
  Position   : (  0.000,   0.000,   2.497)
  Velocity   : (  0.000,   0.000,  -0.129)
  Target Pos : (  0.000,   0.000,   2.498)
  Error      : (  0.000,   0.000,   0.000) = 0.000m
  PID Output : (  0.000,   0.000,   0.002) m/s
  Applied Force: (   0.00,    0.00,    5.89) N (|F|=5.89N)
  ✅ Gravity compensation active (Fz > 0)
  Actual Vel: (  0.000,   0.000,   0.067) m/s
  ℹ️  Velocity differs from PID (hybrid physics integration active)
────────────────────────────────────────────────────────────────────────────────

[DBG RENDER] Viewport sync triggered at pos (0.000, 0.000, 2.497)
[VIEWPORT FIX] Setting drone position to (0.000, 0.000, 2.499)

────────────────────────────────────────────────────────────────────────────────
[FRAME 752] Δt = 1.00s
────────────────────────────────────────────────────────────────────────────────
  State      : Armed=True, Mode=LOITER
  Position   : (  0.000,   0.000,   2.497)
  Velocity   : (  0.000,   0.000,  -0.129)
  Target Pos : (  0.000,   0.000,   2.498)
  Error      : (  0.000,   0.000,   0.000) = 0.000m
  PID Output : (  0.000,   0.000,   0.002) m/s
  Applied Force: (   0.00,    0.00,    5.89) N (|F|=5.89N)
  ✅ Gravity compensation active (Fz > 0)
  Actual Vel: (  0.000,   0.000,   0.067) m/s
  ℹ️  Velocity differs from PID (hybrid physics integration active)
────────────────────────────────────────────────────────────────────────────────

[DBG RENDER] Viewport sync triggered at pos (0.000, 0.000, 2.497)

────────────────────────────────────────────────────────────────────────────────
[FRAME 770] Δt = 1.00s
────────────────────────────────────────────────────────────────────────────────
  State      : Armed=True, Mode=LOITER
  Position   : (  0.000,   0.000,   2.497)
  Velocity   : (  0.000,   0.000,  -0.129)
  Target Pos : (  0.000,   0.000,   2.498)
  Error      : (  0.000,   0.000,   0.000) = 0.000m
  PID Output : (  0.000,   0.000,   0.002) m/s
  Applied Force: (   0.00,    0.00,    5.89) N (|F|=5.89N)
  ✅ Gravity compensation active (Fz > 0)
  Actual Vel: (  0.000,   0.000,   0.067) m/s
  ℹ️  Velocity differs from PID (hybrid physics integration active)
────────────────────────────────────────────────────────────────────────────────

[DBG CACHE] Frame 780: Updating cache with pos=(0.000,0.000,2.499)
[DBG ROS2] Publishing to /drone/odom: pos=(0.000,0.000,2.499)
[DBG RENDER] Viewport sync triggered at pos (0.000, 0.000, 2.497)

────────────────────────────────────────────────────────────────────────────────
[FRAME 788] Δt = 1.00s
────────────────────────────────────────────────────────────────────────────────
  State      : Armed=True, Mode=LOITER
  Position   : (  0.000,   0.000,   2.497)
  Velocity   : (  0.000,   0.000,  -0.129)
  Target Pos : (  0.000,   0.000,   2.498)
  Error      : (  0.000,   0.000,   0.000) = 0.000m
  PID Output : (  0.000,   0.000,   0.002) m/s
  Applied Force: (   0.00,    0.00,    5.89) N (|F|=5.89N)
  ✅ Gravity compensation active (Fz > 0)
  Actual Vel: (  0.000,   0.000,   0.067) m/s
  ℹ️  Velocity differs from PID (hybrid physics integration active)
────────────────────────────────────────────────────────────────────────────────

[VIEWPORT FIX] Setting drone position to (0.000, 0.000, 2.499)
[DBG RENDER] Viewport sync triggered at pos (0.000, 0.000, 2.497)

────────────────────────────────────────────────────────────────────────────────
[FRAME 805] Δt = 1.00s
────────────────────────────────────────────────────────────────────────────────
  State      : Armed=True, Mode=LOITER
  Position   : (  0.000,   0.000,   2.497)
  Velocity   : (  0.000,   0.000,  -0.129)
  Target Pos : (  0.000,   0.000,   2.498)
  Error      : (  0.000,   0.000,   0.000) = 0.000m
  PID Output : (  0.000,   0.000,   0.002) m/s
  Applied Force: (   0.00,    0.00,    5.89) N (|F|=5.89N)
  ✅ Gravity compensation active (Fz > 0)
  Actual Vel: (  0.000,   0.000,   0.067) m/s
  ℹ️  Velocity differs from PID (hybrid physics integration active)
────────────────────────────────────────────────────────────────────────────────

[DBG RENDER] Viewport sync triggered at pos (0.000, 0.000, 2.497)

────────────────────────────────────────────────────────────────────────────────
[FRAME 823] Δt = 1.00s
────────────────────────────────────────────────────────────────────────────────
  State      : Armed=True, Mode=LOITER
  Position   : (  0.000,   0.000,   2.497)
  Velocity   : (  0.000,   0.000,  -0.129)
  Target Pos : (  0.000,   0.000,   2.498)
  Error      : (  0.000,   0.000,   0.000) = 0.000m
  PID Output : (  0.000,   0.000,   0.002) m/s
  Applied Force: (   0.00,    0.00,    5.89) N (|F|=5.89N)
  ✅ Gravity compensation active (Fz > 0)
  Actual Vel: (  0.000,   0.000,   0.067) m/s
  ℹ️  Velocity differs from PID (hybrid physics integration active)
────────────────────────────────────────────────────────────────────────────────

[DBG CACHE] Frame 840: Updating cache with pos=(0.000,0.000,2.499)
[DBG ROS2] Publishing to /drone/odom: pos=(0.000,0.000,2.499)
[DBG RENDER] Viewport sync triggered at pos (0.000, 0.000, 2.497)

────────────────────────────────────────────────────────────────────────────────
[FRAME 841] Δt = 1.00s
────────────────────────────────────────────────────────────────────────────────
  State      : Armed=True, Mode=LOITER
  Position   : (  0.000,   0.000,   2.497)
  Velocity   : (  0.000,   0.000,  -0.129)
  Target Pos : (  0.000,   0.000,   2.498)
  Error      : (  0.000,   0.000,   0.000) = 0.000m
  PID Output : (  0.000,   0.000,   0.002) m/s
  Applied Force: (   0.00,    0.00,    5.89) N (|F|=5.89N)
  ✅ Gravity compensation active (Fz > 0)
  Actual Vel: (  0.000,   0.000,   0.067) m/s
  ℹ️  Velocity differs from PID (hybrid physics integration active)
────────────────────────────────────────────────────────────────────────────────

[VIEWPORT FIX] Setting drone position to (0.000, 0.000, 2.499)

────────────────────────────────────────────────────────────────────────────────
[FRAME 859] Δt = 1.00s
────────────────────────────────────────────────────────────────────────────────
  State      : Armed=True, Mode=LOITER
  Position   : (  0.000,   0.000,   2.498)
  Velocity   : (  0.000,   0.000,  -0.129)
  Target Pos : (  0.000,   0.000,   2.498)
  Error      : (  0.000,   0.000,   0.000) = 0.000m
  PID Output : (  0.000,   0.000,   0.002) m/s
  Applied Force: (   0.00,    0.00,    5.89) N (|F|=5.89N)
  ✅ Gravity compensation active (Fz > 0)
  Actual Vel: (  0.000,   0.000,   0.067) m/s
  ℹ️  Velocity differs from PID (hybrid physics integration active)
────────────────────────────────────────────────────────────────────────────────

[DBG RENDER] Viewport sync triggered at pos (0.000, 0.000, 2.498)

────────────────────────────────────────────────────────────────────────────────
[FRAME 877] Δt = 1.00s
────────────────────────────────────────────────────────────────────────────────
  State      : Armed=True, Mode=LOITER
  Position   : (  0.000,   0.000,   2.498)
  Velocity   : (  0.000,   0.000,  -0.129)
  Target Pos : (  0.000,   0.000,   2.498)
  Error      : (  0.000,   0.000,   0.000) = 0.000m
  PID Output : (  0.000,   0.000,   0.002) m/s
  Applied Force: (   0.00,    0.00,    5.89) N (|F|=5.89N)
  ✅ Gravity compensation active (Fz > 0)
  Actual Vel: (  0.000,   0.000,   0.067) m/s
  ℹ️  Velocity differs from PID (hybrid physics integration active)
────────────────────────────────────────────────────────────────────────────────

[DBG RENDER] Viewport sync triggered at pos (0.000, 0.000, 2.498)

────────────────────────────────────────────────────────────────────────────────
[FRAME 895] Δt = 1.00s
────────────────────────────────────────────────────────────────────────────────
  State      : Armed=True, Mode=LOITER
  Position   : (  0.000,   0.000,   2.498)
  Velocity   : (  0.000,   0.000,  -0.129)
  Target Pos : (  0.000,   0.000,   2.498)
  Error      : (  0.000,   0.000,   0.000) = 0.000m
  PID Output : (  0.000,   0.000,   0.002) m/s
  Applied Force: (   0.00,    0.00,    5.89) N (|F|=5.89N)
  ✅ Gravity compensation active (Fz > 0)
  Actual Vel: (  0.000,   0.000,   0.067) m/s
  ℹ️  Velocity differs from PID (hybrid physics integration active)
────────────────────────────────────────────────────────────────────────────────

[DBG CACHE] Frame 900: Updating cache with pos=(0.000,0.000,2.499)
[DBG ROS2] Publishing to /drone/odom: pos=(0.000,0.000,2.499)
[VIEWPORT FIX] Setting drone position to (0.000, 0.000, 2.499)
[DBG RENDER] Viewport sync triggered at pos (0.000, 0.000, 2.498)

────────────────────────────────────────────────────────────────────────────────
[FRAME 912] Δt = 1.00s
────────────────────────────────────────────────────────────────────────────────
  State      : Armed=True, Mode=LOITER
  Position   : (  0.000,   0.000,   2.498)
  Velocity   : (  0.000,   0.000,  -0.129)
  Target Pos : (  0.000,   0.000,   2.498)
  Error      : (  0.000,   0.000,   0.000) = 0.000m
  PID Output : (  0.000,   0.000,   0.002) m/s
  Applied Force: (   0.00,    0.00,    5.89) N (|F|=5.89N)
  ✅ Gravity compensation active (Fz > 0)
  Actual Vel: (  0.000,   0.000,   0.067) m/s
  ℹ️  Velocity differs from PID (hybrid physics integration active)
────────────────────────────────────────────────────────────────────────────────

[DBG RENDER] Viewport sync triggered at pos (0.000, 0.000, 2.498)

────────────────────────────────────────────────────────────────────────────────
[FRAME 929] Δt = 1.00s
────────────────────────────────────────────────────────────────────────────────
  State      : Armed=True, Mode=LOITER
  Position   : (  0.000,   0.000,   2.498)
  Velocity   : (  0.000,   0.000,  -0.129)
  Target Pos : (  0.000,   0.000,   2.498)
  Error      : (  0.000,   0.000,   0.000) = 0.000m
  PID Output : (  0.000,   0.000,   0.002) m/s
  Applied Force: (   0.00,    0.00,    5.89) N (|F|=5.89N)
  ✅ Gravity compensation active (Fz > 0)
  Actual Vel: (  0.000,   0.000,   0.067) m/s
  ℹ️  Velocity differs from PID (hybrid physics integration active)
────────────────────────────────────────────────────────────────────────────────

[DBG RENDER] Viewport sync triggered at pos (0.000, 0.000, 2.498)

────────────────────────────────────────────────────────────────────────────────
[FRAME 947] Δt = 1.00s
────────────────────────────────────────────────────────────────────────────────
  State      : Armed=True, Mode=LOITER
  Position   : (  0.000,   0.000,   2.498)
  Velocity   : (  0.000,   0.000,  -0.129)
  Target Pos : (  0.000,   0.000,   2.498)
  Error      : (  0.000,   0.000,   0.000) = 0.000m
  PID Output : (  0.000,   0.000,   0.002) m/s
  Applied Force: (   0.00,    0.00,    5.89) N (|F|=5.89N)
  ✅ Gravity compensation active (Fz > 0)
  Actual Vel: (  0.000,   0.000,   0.067) m/s
  ℹ️  Velocity differs from PID (hybrid physics integration active)
────────────────────────────────────────────────────────────────────────────────

[VIEWPORT FIX] Setting drone position to (0.000, 0.000, 2.499)
[DBG CACHE] Frame 960: Updating cache with pos=(0.000,0.000,2.499)
[DBG ROS2] Publishing to /drone/odom: pos=(0.000,0.000,2.499)
[DBG RENDER] Viewport sync triggered at pos (0.000, 0.000, 2.498)

────────────────────────────────────────────────────────────────────────────────
[FRAME 964] Δt = 1.00s
────────────────────────────────────────────────────────────────────────────────
  State      : Armed=True, Mode=LOITER
  Position   : (  0.000,   0.000,   2.498)
  Velocity   : (  0.000,   0.000,  -0.129)
  Target Pos : (  0.000,   0.000,   2.498)
  Error      : (  0.000,   0.000,   0.000) = 0.000m
  PID Output : (  0.000,   0.000,   0.002) m/s
  Applied Force: (   0.00,    0.00,    5.89) N (|F|=5.89N)
  ✅ Gravity compensation active (Fz > 0)
  Actual Vel: (  0.000,   0.000,   0.067) m/s
  ℹ️  Velocity differs from PID (hybrid physics integration active)
────────────────────────────────────────────────────────────────────────────────

[DBG RENDER] Viewport sync triggered at pos (0.000, 0.000, 2.498)

────────────────────────────────────────────────────────────────────────────────
[FRAME 982] Δt = 1.00s
────────────────────────────────────────────────────────────────────────────────
  State      : Armed=True, Mode=LOITER
  Position   : (  0.000,   0.000,   2.498)
  Velocity   : (  0.000,   0.000,  -0.129)
  Target Pos : (  0.000,   0.000,   2.498)
  Error      : (  0.000,   0.000,   0.000) = 0.000m
  PID Output : (  0.000,   0.000,   0.002) m/s
  Applied Force: (   0.00,    0.00,    5.89) N (|F|=5.89N)
  ✅ Gravity compensation active (Fz > 0)
  Actual Vel: (  0.000,   0.000,   0.067) m/s
  ℹ️  Velocity differs from PID (hybrid physics integration active)
────────────────────────────────────────────────────────────────────────────────


────────────────────────────────────────────────────────────────────────────────
[FRAME 1000] Δt = 1.00s
────────────────────────────────────────────────────────────────────────────────
  State      : Armed=True, Mode=LOITER
  Position   : (  0.000,   0.000,   2.498)
  Velocity   : (  0.000,   0.000,  -0.129)
  Target Pos : (  0.000,   0.000,   2.498)
  Error      : (  0.000,   0.000,   0.000) = 0.000m
  PID Output : (  0.000,   0.000,   0.002) m/s
  Applied Force: (   0.00,    0.00,    5.89) N (|F|=5.89N)
  ✅ Gravity compensation active (Fz > 0)
  Actual Vel: (  0.000,   0.000,   0.067) m/s
  ℹ️  Velocity differs from PID (hybrid physics integration active)
────────────────────────────────────────────────────────────────────────────────

[VIEWPORT FIX] Setting drone position to (0.000, 0.000, 2.499)
[DBG RENDER] Viewport sync triggered at pos (0.000, 0.000, 2.498)

────────────────────────────────────────────────────────────────────────────────
[FRAME 1018] Δt = 1.00s
────────────────────────────────────────────────────────────────────────────────
  State      : Armed=True, Mode=LOITER
  Position   : (  0.000,   0.000,   2.498)
  Velocity   : (  0.000,   0.000,  -0.129)
  Target Pos : (  0.000,   0.000,   2.498)
  Error      : (  0.000,   0.000,   0.000) = 0.000m
  PID Output : (  0.000,   0.000,   0.002) m/s
  Applied Force: (   0.00,    0.00,    5.89) N (|F|=5.89N)
  ✅ Gravity compensation active (Fz > 0)
  Actual Vel: (  0.000,   0.000,   0.067) m/s
  ℹ️  Velocity differs from PID (hybrid physics integration active)
────────────────────────────────────────────────────────────────────────────────

[DBG CACHE] Frame 1020: Updating cache with pos=(0.000,0.000,2.499)
[DBG ROS2] Publishing to /drone/odom: pos=(0.000,0.000,2.499)
[DBG RENDER] Viewport sync triggered at pos (0.000, 0.000, 2.498)

────────────────────────────────────────────────────────────────────────────────
[FRAME 1036] Δt = 1.00s
────────────────────────────────────────────────────────────────────────────────
  State      : Armed=True, Mode=LOITER
  Position   : (  0.000,   0.000,   2.498)
  Velocity   : (  0.000,   0.000,  -0.129)
  Target Pos : (  0.000,   0.000,   2.498)
  Error      : (  0.000,   0.000,   0.000) = 0.000m
  PID Output : (  0.000,   0.000,   0.002) m/s
  Applied Force: (   0.00,    0.00,    5.89) N (|F|=5.89N)
  ✅ Gravity compensation active (Fz > 0)
  Actual Vel: (  0.000,   0.000,   0.067) m/s
  ℹ️  Velocity differs from PID (hybrid physics integration active)
────────────────────────────────────────────────────────────────────────────────

[DBG RENDER] Viewport sync triggered at pos (0.000, 0.000, 2.498)
[VIEWPORT FIX] Setting drone position to (0.000, 0.000, 2.499)

────────────────────────────────────────────────────────────────────────────────
[FRAME 1053] Δt = 1.00s
────────────────────────────────────────────────────────────────────────────────
  State      : Armed=True, Mode=LOITER
  Position   : (  0.000,   0.000,   2.498)
  Velocity   : (  0.000,   0.000,  -0.129)
  Target Pos : (  0.000,   0.000,   2.498)
  Error      : (  0.000,   0.000,   0.000) = 0.000m
  PID Output : (  0.000,   0.000,   0.002) m/s
  Applied Force: (   0.00,    0.00,    5.89) N (|F|=5.89N)
  ✅ Gravity compensation active (Fz > 0)
  Actual Vel: (  0.000,   0.000,   0.067) m/s
  ℹ️  Velocity differs from PID (hybrid physics integration active)
────────────────────────────────────────────────────────────────────────────────

[DBG RENDER] Viewport sync triggered at pos (0.000, 0.000, 2.498)

────────────────────────────────────────────────────────────────────────────────
[FRAME 1071] Δt = 1.00s
────────────────────────────────────────────────────────────────────────────────
  State      : Armed=True, Mode=LOITER
  Position   : (  0.000,   0.000,   2.498)
  Velocity   : (  0.000,   0.000,  -0.129)
  Target Pos : (  0.000,   0.000,   2.498)
  Error      : (  0.000,   0.000,   0.000) = 0.000m
  PID Output : (  0.000,   0.000,   0.002) m/s
  Applied Force: (   0.00,    0.00,    5.89) N (|F|=5.89N)
  ✅ Gravity compensation active (Fz > 0)
  Actual Vel: (  0.000,   0.000,   0.067) m/s
  ℹ️  Velocity differs from PID (hybrid physics integration active)
────────────────────────────────────────────────────────────────────────────────

[DBG CACHE] Frame 1080: Updating cache with pos=(0.000,0.000,2.499)
[DBG ROS2] Publishing to /drone/odom: pos=(0.000,0.000,2.499)
[DBG RENDER] Viewport sync triggered at pos (0.000, 0.000, 2.498)

────────────────────────────────────────────────────────────────────────────────
[FRAME 1089] Δt = 1.00s
────────────────────────────────────────────────────────────────────────────────
  State      : Armed=True, Mode=LOITER
  Position   : (  0.000,   0.000,   2.498)
  Velocity   : (  0.000,   0.000,  -0.129)
  Target Pos : (  0.000,   0.000,   2.498)
  Error      : (  0.000,   0.000,   0.000) = 0.000m
  PID Output : (  0.000,   0.000,   0.002) m/s
  Applied Force: (   0.00,    0.00,    5.89) N (|F|=5.89N)
  ✅ Gravity compensation active (Fz > 0)
  Actual Vel: (  0.000,   0.000,   0.067) m/s
  ℹ️  Velocity differs from PID (hybrid physics integration active)
────────────────────────────────────────────────────────────────────────────────

[VIEWPORT FIX] Setting drone position to (0.000, 0.000, 2.499)
[DBG RENDER] Viewport sync triggered at pos (0.000, 0.000, 2.498)

────────────────────────────────────────────────────────────────────────────────
[FRAME 1107] Δt = 1.00s
────────────────────────────────────────────────────────────────────────────────
  State      : Armed=True, Mode=LOITER
  Position   : (  0.000,   0.000,   2.498)
  Velocity   : (  0.000,   0.000,  -0.129)
  Target Pos : (  0.000,   0.000,   2.498)
  Error      : (  0.000,   0.000,   0.000) = 0.000m
  PID Output : (  0.000,   0.000,   0.002) m/s
  Applied Force: (   0.00,    0.00,    5.89) N (|F|=5.89N)
  ✅ Gravity compensation active (Fz > 0)
  Actual Vel: (  0.000,   0.000,   0.067) m/s
  ℹ️  Velocity differs from PID (hybrid physics integration active)
────────────────────────────────────────────────────────────────────────────────

[DBG RENDER] Viewport sync triggered at pos (0.000, 0.000, 2.498)

────────────────────────────────────────────────────────────────────────────────
[FRAME 1125] Δt = 1.00s
────────────────────────────────────────────────────────────────────────────────
  State      : Armed=True, Mode=LOITER
  Position   : (  0.000,   0.000,   2.498)
  Velocity   : (  0.000,   0.000,  -0.129)
  Target Pos : (  0.000,   0.000,   2.498)
  Error      : (  0.000,   0.000,   0.000) = 0.000m
  PID Output : (  0.000,   0.000,   0.002) m/s
  Applied Force: (   0.00,    0.00,    5.89) N (|F|=5.89N)
  ✅ Gravity compensation active (Fz > 0)
  Actual Vel: (  0.000,   0.000,   0.067) m/s
  ℹ️  Velocity differs from PID (hybrid physics integration active)
────────────────────────────────────────────────────────────────────────────────

[DBG CACHE] Frame 1140: Updating cache with pos=(0.000,0.000,2.499)
[DBG ROS2] Publishing to /drone/odom: pos=(0.000,0.000,2.499)
[DBG RENDER] Viewport sync triggered at pos (0.000, 0.000, 2.498)

────────────────────────────────────────────────────────────────────────────────
[FRAME 1142] Δt = 1.00s
────────────────────────────────────────────────────────────────────────────────
  State      : Armed=True, Mode=LOITER
  Position   : (  0.000,   0.000,   2.498)
  Velocity   : (  0.000,   0.000,  -0.129)
  Target Pos : (  0.000,   0.000,   2.498)
  Error      : (  0.000,   0.000,   0.000) = 0.000m
  PID Output : (  0.000,   0.000,   0.002) m/s
  Applied Force: (   0.00,    0.00,    5.89) N (|F|=5.89N)
  ✅ Gravity compensation active (Fz > 0)
  Actual Vel: (  0.000,   0.000,   0.067) m/s
  ℹ️  Velocity differs from PID (hybrid physics integration active)
────────────────────────────────────────────────────────────────────────────────

[VIEWPORT FIX] Setting drone position to (0.000, 0.000, 2.499)

────────────────────────────────────────────────────────────────────────────────
[FRAME 1160] Δt = 1.00s
────────────────────────────────────────────────────────────────────────────────
  State      : Armed=True, Mode=LOITER
  Position   : (  0.000,   0.000,   2.498)
  Velocity   : (  0.000,   0.000,  -0.129)
  Target Pos : (  0.000,   0.000,   2.498)
  Error      : (  0.000,   0.000,   0.000) = 0.000m
  PID Output : (  0.000,   0.000,   0.002) m/s
  Applied Force: (   0.00,    0.00,    5.89) N (|F|=5.89N)
  ✅ Gravity compensation active (Fz > 0)
  Actual Vel: (  0.000,   0.000,   0.067) m/s
  ℹ️  Velocity differs from PID (hybrid physics integration active)
────────────────────────────────────────────────────────────────────────────────

[DBG RENDER] Viewport sync triggered at pos (0.000, 0.000, 2.498)

────────────────────────────────────────────────────────────────────────────────
[FRAME 1177] Δt = 1.00s
────────────────────────────────────────────────────────────────────────────────
  State      : Armed=True, Mode=LOITER
  Position   : (  0.000,   0.000,   2.498)
  Velocity   : (  0.000,   0.000,  -0.129)
  Target Pos : (  0.000,   0.000,   2.498)
  Error      : (  0.000,   0.000,   0.000) = 0.000m
  PID Output : (  0.000,   0.000,   0.002) m/s
  Applied Force: (   0.00,    0.00,    5.89) N (|F|=5.89N)
  ✅ Gravity compensation active (Fz > 0)
  Actual Vel: (  0.000,   0.000,   0.067) m/s
  ℹ️  Velocity differs from PID (hybrid physics integration active)
────────────────────────────────────────────────────────────────────────────────

[DBG RENDER] Viewport sync triggered at pos (0.000, 0.000, 2.498)

────────────────────────────────────────────────────────────────────────────────
[FRAME 1194] Δt = 1.00s
────────────────────────────────────────────────────────────────────────────────
  State      : Armed=True, Mode=LOITER
  Position   : (  0.000,   0.000,   2.498)
  Velocity   : (  0.000,   0.000,  -0.129)
  Target Pos : (  0.000,   0.000,   2.498)
  Error      : (  0.000,   0.000,   0.000) = 0.000m
  PID Output : (  0.000,   0.000,   0.002) m/s
  Applied Force: (   0.00,    0.00,    5.89) N (|F|=5.89N)
  ✅ Gravity compensation active (Fz > 0)
  Actual Vel: (  0.000,   0.000,   0.067) m/s
  ℹ️  Velocity differs from PID (hybrid physics integration active)
────────────────────────────────────────────────────────────────────────────────

[DBG CACHE] Frame 1200: Updating cache with pos=(0.000,0.000,2.499)
[DBG ROS2] Publishing to /drone/odom: pos=(0.000,0.000,2.499)
[VIEWPORT FIX] Setting drone position to (0.000, 0.000, 2.499)
[DBG RENDER] Viewport sync triggered at pos (0.000, 0.000, 2.498)

────────────────────────────────────────────────────────────────────────────────
[FRAME 1212] Δt = 1.00s
────────────────────────────────────────────────────────────────────────────────
  State      : Armed=True, Mode=LOITER
  Position   : (  0.000,   0.000,   2.498)
  Velocity   : (  0.000,   0.000,  -0.129)
  Target Pos : (  0.000,   0.000,   2.498)
  Error      : (  0.000,   0.000,   0.000) = 0.000m
  PID Output : (  0.000,   0.000,   0.002) m/s
  Applied Force: (   0.00,    0.00,    5.89) N (|F|=5.89N)
  ✅ Gravity compensation active (Fz > 0)
  Actual Vel: (  0.000,   0.000,   0.067) m/s
  ℹ️  Velocity differs from PID (hybrid physics integration active)
────────────────────────────────────────────────────────────────────────────────

[DBG RENDER] Viewport sync triggered at pos (0.000, 0.000, 2.498)

────────────────────────────────────────────────────────────────────────────────
[FRAME 1229] Δt = 1.00s
────────────────────────────────────────────────────────────────────────────────
  State      : Armed=True, Mode=LOITER
  Position   : (  0.000,   0.000,   2.498)
  Velocity   : (  0.000,   0.000,  -0.129)
  Target Pos : (  0.000,   0.000,   2.498)
  Error      : (  0.000,   0.000,   0.000) = 0.000m
  PID Output : (  0.000,   0.000,   0.002) m/s
  Applied Force: (   0.00,    0.00,    5.89) N (|F|=5.89N)
  ✅ Gravity compensation active (Fz > 0)
  Actual Vel: (  0.000,   0.000,   0.067) m/s
  ℹ️  Velocity differs from PID (hybrid physics integration active)
────────────────────────────────────────────────────────────────────────────────

[DBG RENDER] Viewport sync triggered at pos (0.000, 0.000, 2.498)

────────────────────────────────────────────────────────────────────────────────
[FRAME 1247] Δt = 1.00s
────────────────────────────────────────────────────────────────────────────────
  State      : Armed=True, Mode=LOITER
  Position   : (  0.000,   0.000,   2.498)
  Velocity   : (  0.000,   0.000,  -0.129)
  Target Pos : (  0.000,   0.000,   2.498)
  Error      : (  0.000,   0.000,   0.000) = 0.000m
  PID Output : (  0.000,   0.000,   0.002) m/s
  Applied Force: (   0.00,    0.00,    5.89) N (|F|=5.89N)
  ✅ Gravity compensation active (Fz > 0)
  Actual Vel: (  0.000,   0.000,   0.067) m/s
  ℹ️  Velocity differs from PID (hybrid physics integration active)
────────────────────────────────────────────────────────────────────────────────

[VIEWPORT FIX] Setting drone position to (0.000, 0.000, 2.499)
[DBG CACHE] Frame 1260: Updating cache with pos=(0.000,0.000,2.499)
[DBG ROS2] Publishing to /drone/odom: pos=(0.000,0.000,2.499)
[DBG RENDER] Viewport sync triggered at pos (0.000, 0.000, 2.498)

────────────────────────────────────────────────────────────────────────────────
[FRAME 1265] Δt = 1.00s
────────────────────────────────────────────────────────────────────────────────
  State      : Armed=True, Mode=LOITER
  Position   : (  0.000,   0.000,   2.498)
  Velocity   : (  0.000,   0.000,  -0.129)
  Target Pos : (  0.000,   0.000,   2.498)
  Error      : (  0.000,   0.000,   0.000) = 0.000m
  PID Output : (  0.000,   0.000,   0.002) m/s
  Applied Force: (   0.00,    0.00,    5.89) N (|F|=5.89N)
  ✅ Gravity compensation active (Fz > 0)
  Actual Vel: (  0.000,   0.000,   0.067) m/s
  ℹ️  Velocity differs from PID (hybrid physics integration active)
────────────────────────────────────────────────────────────────────────────────

[DBG RENDER] Viewport sync triggered at pos (0.000, 0.000, 2.498)

────────────────────────────────────────────────────────────────────────────────
[FRAME 1283] Δt = 1.00s
────────────────────────────────────────────────────────────────────────────────
  State      : Armed=True, Mode=LOITER
  Position   : (  0.000,   0.000,   2.498)
  Velocity   : (  0.000,   0.000,  -0.129)
  Target Pos : (  0.000,   0.000,   2.498)
  Error      : (  0.000,   0.000,   0.000) = 0.000m
  PID Output : (  0.000,   0.000,   0.002) m/s
  Applied Force: (   0.00,    0.00,    5.89) N (|F|=5.89N)
  ✅ Gravity compensation active (Fz > 0)
  Actual Vel: (  0.000,   0.000,   0.067) m/s
  ℹ️  Velocity differs from PID (hybrid physics integration active)
────────────────────────────────────────────────────────────────────────────────

[VIEWPORT FIX] Setting drone position to (0.000, 0.000, 2.499)
[DBG RENDER] Viewport sync triggered at pos (0.000, 0.000, 2.498)

────────────────────────────────────────────────────────────────────────────────
[FRAME 1301] Δt = 1.00s
────────────────────────────────────────────────────────────────────────────────
  State      : Armed=True, Mode=LOITER
  Position   : (  0.000,   0.000,   2.498)
  Velocity   : (  0.000,   0.000,  -0.129)
  Target Pos : (  0.000,   0.000,   2.498)
  Error      : (  0.000,   0.000,   0.000) = 0.000m
  PID Output : (  0.000,   0.000,   0.002) m/s
  Applied Force: (   0.00,    0.00,    5.89) N (|F|=5.89N)
  ✅ Gravity compensation active (Fz > 0)
  Actual Vel: (  0.000,   0.000,   0.067) m/s
  ℹ️  Velocity differs from PID (hybrid physics integration active)
────────────────────────────────────────────────────────────────────────────────


────────────────────────────────────────────────────────────────────────────────
[FRAME 1319] Δt = 1.00s
────────────────────────────────────────────────────────────────────────────────
  State      : Armed=True, Mode=LOITER
  Position   : (  0.000,   0.000,   2.498)
  Velocity   : (  0.000,   0.000,  -0.129)
  Target Pos : (  0.000,   0.000,   2.498)
  Error      : (  0.000,   0.000,   0.000) = 0.000m
  PID Output : (  0.000,   0.000,   0.002) m/s
  Applied Force: (   0.00,    0.00,    5.89) N (|F|=5.89N)
  ✅ Gravity compensation active (Fz > 0)
  Actual Vel: (  0.000,   0.000,   0.067) m/s
  ℹ️  Velocity differs from PID (hybrid physics integration active)
────────────────────────────────────────────────────────────────────────────────

[DBG CACHE] Frame 1320: Updating cache with pos=(0.000,0.000,2.499)
[DBG ROS2] Publishing to /drone/odom: pos=(0.000,0.000,2.499)
[DBG RENDER] Viewport sync triggered at pos (0.000, 0.000, 2.498)

────────────────────────────────────────────────────────────────────────────────
[FRAME 1337] Δt = 1.00s
────────────────────────────────────────────────────────────────────────────────
  State      : Armed=True, Mode=LOITER
  Position   : (  0.000,   0.000,   2.498)
  Velocity   : (  0.000,   0.000,  -0.129)
  Target Pos : (  0.000,   0.000,   2.498)
  Error      : (  0.000,   0.000,   0.000) = 0.000m
  PID Output : (  0.000,   0.000,   0.002) m/s
  Applied Force: (   0.00,    0.00,    5.89) N (|F|=5.89N)
  ✅ Gravity compensation active (Fz > 0)
  Actual Vel: (  0.000,   0.000,   0.067) m/s
  ℹ️  Velocity differs from PID (hybrid physics integration active)
────────────────────────────────────────────────────────────────────────────────

[DBG RENDER] Viewport sync triggered at pos (0.000, 0.000, 2.498)
[VIEWPORT FIX] Setting drone position to (0.000, 0.000, 2.499)

────────────────────────────────────────────────────────────────────────────────
[FRAME 1355] Δt = 1.00s
────────────────────────────────────────────────────────────────────────────────
  State      : Armed=True, Mode=LOITER
  Position   : (  0.000,   0.000,   2.498)
  Velocity   : (  0.000,   0.000,  -0.129)
  Target Pos : (  0.000,   0.000,   2.498)
  Error      : (  0.000,   0.000,   0.000) = 0.000m
  PID Output : (  0.000,   0.000,   0.002) m/s
  Applied Force: (   0.00,    0.00,    5.89) N (|F|=5.89N)
  ✅ Gravity compensation active (Fz > 0)
  Actual Vel: (  0.000,   0.000,   0.067) m/s
  ℹ️  Velocity differs from PID (hybrid physics integration active)
────────────────────────────────────────────────────────────────────────────────

[DBG RENDER] Viewport sync triggered at pos (0.000, 0.000, 2.498)

────────────────────────────────────────────────────────────────────────────────
[FRAME 1373] Δt = 1.00s
────────────────────────────────────────────────────────────────────────────────
  State      : Armed=True, Mode=LOITER
  Position   : (  0.000,   0.000,   2.498)
  Velocity   : (  0.000,   0.000,  -0.129)
  Target Pos : (  0.000,   0.000,   2.498)
  Error      : (  0.000,   0.000,   0.000) = 0.000m
  PID Output : (  0.000,   0.000,   0.002) m/s
  Applied Force: (   0.00,    0.00,    5.89) N (|F|=5.89N)
  ✅ Gravity compensation active (Fz > 0)
  Actual Vel: (  0.000,   0.000,   0.067) m/s
  ℹ️  Velocity differs from PID (hybrid physics integration active)
────────────────────────────────────────────────────────────────────────────────

[DBG CACHE] Frame 1380: Updating cache with pos=(0.000,0.000,2.499)
[DBG ROS2] Publishing to /drone/odom: pos=(0.000,0.000,2.499)
[DBG RENDER] Viewport sync triggered at pos (0.000, 0.000, 2.498)

────────────────────────────────────────────────────────────────────────────────
[FRAME 1391] Δt = 1.00s
────────────────────────────────────────────────────────────────────────────────
  State      : Armed=True, Mode=LOITER
  Position   : (  0.000,   0.000,   2.498)
  Velocity   : (  0.000,   0.000,  -0.129)
  Target Pos : (  0.000,   0.000,   2.498)
  Error      : (  0.000,   0.000,   0.000) = 0.000m
  PID Output : (  0.000,   0.000,   0.002) m/s
  Applied Force: (   0.00,    0.00,    5.89) N (|F|=5.89N)
  ✅ Gravity compensation active (Fz > 0)
  Actual Vel: (  0.000,   0.000,   0.067) m/s
  ℹ️  Velocity differs from PID (hybrid physics integration active)
────────────────────────────────────────────────────────────────────────────────

[VIEWPORT FIX] Setting drone position to (0.000, 0.000, 2.499)
[DBG RENDER] Viewport sync triggered at pos (0.000, 0.000, 2.498)

────────────────────────────────────────────────────────────────────────────────
[FRAME 1409] Δt = 1.00s
────────────────────────────────────────────────────────────────────────────────
  State      : Armed=True, Mode=LOITER
  Position   : (  0.000,   0.000,   2.498)
  Velocity   : (  0.000,   0.000,  -0.129)
  Target Pos : (  0.000,   0.000,   2.498)
  Error      : (  0.000,   0.000,   0.000) = 0.000m
  PID Output : (  0.000,   0.000,   0.002) m/s
  Applied Force: (   0.00,    0.00,    5.89) N (|F|=5.89N)
  ✅ Gravity compensation active (Fz > 0)
  Actual Vel: (  0.000,   0.000,   0.067) m/s
  ℹ️  Velocity differs from PID (hybrid physics integration active)
────────────────────────────────────────────────────────────────────────────────

[DBG RENDER] Viewport sync triggered at pos (0.000, 0.000, 2.498)

────────────────────────────────────────────────────────────────────────────────
[FRAME 1427] Δt = 1.00s
────────────────────────────────────────────────────────────────────────────────
  State      : Armed=True, Mode=LOITER
  Position   : (  0.000,   0.000,   2.498)
  Velocity   : (  0.000,   0.000,  -0.129)
  Target Pos : (  0.000,   0.000,   2.498)
  Error      : (  0.000,   0.000,   0.000) = 0.000m
  PID Output : (  0.000,   0.000,   0.002) m/s
  Applied Force: (   0.00,    0.00,    5.89) N (|F|=5.89N)
  ✅ Gravity compensation active (Fz > 0)
  Actual Vel: (  0.000,   0.000,   0.067) m/s
  ℹ️  Velocity differs from PID (hybrid physics integration active)
────────────────────────────────────────────────────────────────────────────────

[DBG CACHE] Frame 1440: Updating cache with pos=(0.000,0.000,2.499)
[DBG ROS2] Publishing to /drone/odom: pos=(0.000,0.000,2.499)
[DBG RENDER] Viewport sync triggered at pos (0.000, 0.000, 2.498)

────────────────────────────────────────────────────────────────────────────────
[FRAME 1445] Δt = 1.00s
────────────────────────────────────────────────────────────────────────────────
  State      : Armed=True, Mode=LOITER
  Position   : (  0.000,   0.000,   2.498)
  Velocity   : (  0.000,   0.000,  -0.129)
  Target Pos : (  0.000,   0.000,   2.498)
  Error      : (  0.000,   0.000,   0.000) = 0.000m
  PID Output : (  0.000,   0.000,   0.002) m/s
  Applied Force: (   0.00,    0.00,    5.89) N (|F|=5.89N)
  ✅ Gravity compensation active (Fz > 0)
  Actual Vel: (  0.000,   0.000,   0.067) m/s
  ℹ️  Velocity differs from PID (hybrid physics integration active)
────────────────────────────────────────────────────────────────────────────────

[VIEWPORT FIX] Setting drone position to (0.000, 0.000, 2.499)
[DBG RENDER] Viewport sync triggered at pos (0.000, 0.000, 2.498)

────────────────────────────────────────────────────────────────────────────────
[FRAME 1464] Δt = 1.00s
────────────────────────────────────────────────────────────────────────────────
  State      : Armed=True, Mode=LOITER
  Position   : (  0.000,   0.000,   2.498)
  Velocity   : (  0.000,   0.000,  -0.129)
  Target Pos : (  0.000,   0.000,   2.498)
  Error      : (  0.000,   0.000,   0.000) = 0.000m
  PID Output : (  0.000,   0.000,   0.002) m/s
  Applied Force: (   0.00,    0.00,    5.89) N (|F|=5.89N)
  ✅ Gravity compensation active (Fz > 0)
  Actual Vel: (  0.000,   0.000,   0.067) m/s
  ℹ️  Velocity differs from PID (hybrid physics integration active)
────────────────────────────────────────────────────────────────────────────────

[DBG RENDER] Viewport sync triggered at pos (0.000, 0.000, 2.498)

────────────────────────────────────────────────────────────────────────────────
[FRAME 1482] Δt = 1.00s
────────────────────────────────────────────────────────────────────────────────
  State      : Armed=True, Mode=LOITER
  Position   : (  0.000,   0.000,   2.498)
  Velocity   : (  0.000,   0.000,  -0.129)
  Target Pos : (  0.000,   0.000,   2.498)
  Error      : (  0.000,   0.000,   0.000) = 0.000m
  PID Output : (  0.000,   0.000,   0.002) m/s
  Applied Force: (   0.00,    0.00,    5.89) N (|F|=5.89N)
  ✅ Gravity compensation active (Fz > 0)
  Actual Vel: (  0.000,   0.000,   0.067) m/s
  ℹ️  Velocity differs from PID (hybrid physics integration active)
────────────────────────────────────────────────────────────────────────────────

[DBG CACHE] Frame 1500: Updating cache with pos=(0.000,0.000,2.499)
[DBG ROS2] Publishing to /drone/odom: pos=(0.000,0.000,2.499)
[VIEWPORT FIX] Setting drone position to (0.000, 0.000, 2.499)
[DBG RENDER] Viewport sync triggered at pos (0.000, 0.000, 2.498)

────────────────────────────────────────────────────────────────────────────────
[FRAME 1501] Δt = 1.00s
────────────────────────────────────────────────────────────────────────────────
  State      : Armed=True, Mode=LOITER
  Position   : (  0.000,   0.000,   2.498)
  Velocity   : (  0.000,   0.000,  -0.129)
  Target Pos : (  0.000,   0.000,   2.498)
  Error      : (  0.000,   0.000,   0.000) = 0.000m
  PID Output : (  0.000,   0.000,   0.002) m/s
  Applied Force: (   0.00,    0.00,    5.89) N (|F|=5.89N)
  ✅ Gravity compensation active (Fz > 0)
  Actual Vel: (  0.000,   0.000,   0.067) m/s
  ℹ️  Velocity differs from PID (hybrid physics integration active)
────────────────────────────────────────────────────────────────────────────────


────────────────────────────────────────────────────────────────────────────────
[FRAME 1520] Δt = 1.00s
────────────────────────────────────────────────────────────────────────────────
  State      : Armed=True, Mode=LOITER
  Position   : (  0.000,   0.000,   2.498)
  Velocity   : (  0.000,   0.000,  -0.129)
  Target Pos : (  0.000,   0.000,   2.498)
  Error      : (  0.000,   0.000,   0.000) = 0.000m
  PID Output : (  0.000,   0.000,   0.002) m/s
  Applied Force: (   0.00,    0.00,    5.89) N (|F|=5.89N)
  ✅ Gravity compensation active (Fz > 0)
  Actual Vel: (  0.000,   0.000,   0.067) m/s
  ℹ️  Velocity differs from PID (hybrid physics integration active)
────────────────────────────────────────────────────────────────────────────────

[DBG RENDER] Viewport sync triggered at pos (0.000, 0.000, 2.498)

────────────────────────────────────────────────────────────────────────────────
[FRAME 1538] Δt = 1.00s
────────────────────────────────────────────────────────────────────────────────
  State      : Armed=True, Mode=LOITER
  Position   : (  0.000,   0.000,   2.498)
  Velocity   : (  0.000,   0.000,  -0.129)
  Target Pos : (  0.000,   0.000,   2.498)
  Error      : (  0.000,   0.000,   0.000) = 0.000m
  PID Output : (  0.000,   0.000,   0.002) m/s
  Applied Force: (   0.00,    0.00,    5.89) N (|F|=5.89N)
  ✅ Gravity compensation active (Fz > 0)
  Actual Vel: (  0.000,   0.000,   0.067) m/s
  ℹ️  Velocity differs from PID (hybrid physics integration active)
────────────────────────────────────────────────────────────────────────────────

[DBG RENDER] Viewport sync triggered at pos (0.000, 0.000, 2.498)
[VIEWPORT FIX] Setting drone position to (0.000, 0.000, 2.499)

────────────────────────────────────────────────────────────────────────────────
[FRAME 1556] Δt = 1.00s
────────────────────────────────────────────────────────────────────────────────
  State      : Armed=True, Mode=LOITER
  Position   : (  0.000,   0.000,   2.498)
  Velocity   : (  0.000,   0.000,  -0.129)
  Target Pos : (  0.000,   0.000,   2.498)
  Error      : (  0.000,   0.000,   0.000) = 0.000m
  PID Output : (  0.000,   0.000,   0.002) m/s
  Applied Force: (   0.00,    0.00,    5.89) N (|F|=5.89N)
  ✅ Gravity compensation active (Fz > 0)
  Actual Vel: (  0.000,   0.000,   0.067) m/s
  ℹ️  Velocity differs from PID (hybrid physics integration active)
────────────────────────────────────────────────────────────────────────────────

[DBG CACHE] Frame 1560: Updating cache with pos=(0.000,0.000,2.499)
[DBG ROS2] Publishing to /drone/odom: pos=(0.000,0.000,2.499)
[DBG RENDER] Viewport sync triggered at pos (0.000, 0.000, 2.498)

────────────────────────────────────────────────────────────────────────────────
[FRAME 1574] Δt = 1.00s
────────────────────────────────────────────────────────────────────────────────
  State      : Armed=True, Mode=LOITER
  Position   : (  0.000,   0.000,   2.498)
  Velocity   : (  0.000,   0.000,  -0.129)
  Target Pos : (  0.000,   0.000,   2.498)
  Error      : (  0.000,   0.000,   0.000) = 0.000m
  PID Output : (  0.000,   0.000,   0.002) m/s
  Applied Force: (   0.00,    0.00,    5.89) N (|F|=5.89N)
  ✅ Gravity compensation active (Fz > 0)
  Actual Vel: (  0.000,   0.000,   0.067) m/s
  ℹ️  Velocity differs from PID (hybrid physics integration active)
────────────────────────────────────────────────────────────────────────────────

[DBG RENDER] Viewport sync triggered at pos (0.000, 0.000, 2.498)

────────────────────────────────────────────────────────────────────────────────
[FRAME 1592] Δt = 1.00s
────────────────────────────────────────────────────────────────────────────────
  State      : Armed=True, Mode=LOITER
  Position   : (  0.000,   0.000,   2.498)
  Velocity   : (  0.000,   0.000,  -0.129)
  Target Pos : (  0.000,   0.000,   2.498)
  Error      : (  0.000,   0.000,   0.000) = 0.000m
  PID Output : (  0.000,   0.000,   0.002) m/s
  Applied Force: (   0.00,    0.00,    5.89) N (|F|=5.89N)
  ✅ Gravity compensation active (Fz > 0)
  Actual Vel: (  0.000,   0.000,   0.067) m/s
  ℹ️  Velocity differs from PID (hybrid physics integration active)
────────────────────────────────────────────────────────────────────────────────

[VIEWPORT FIX] Setting drone position to (0.000, 0.000, 2.499)
[DBG RENDER] Viewport sync triggered at pos (0.000, 0.000, 2.498)

────────────────────────────────────────────────────────────────────────────────
[FRAME 1611] Δt = 1.00s
────────────────────────────────────────────────────────────────────────────────
  State      : Armed=True, Mode=LOITER
  Position   : (  0.000,   0.000,   2.498)
  Velocity   : (  0.000,   0.000,  -0.129)
  Target Pos : (  0.000,   0.000,   2.498)
  Error      : (  0.000,   0.000,   0.000) = 0.000m
  PID Output : (  0.000,   0.000,   0.002) m/s
  Applied Force: (   0.00,    0.00,    5.89) N (|F|=5.89N)
  ✅ Gravity compensation active (Fz > 0)
  Actual Vel: (  0.000,   0.000,   0.067) m/s
  ℹ️  Velocity differs from PID (hybrid physics integration active)
────────────────────────────────────────────────────────────────────────────────

[DBG CACHE] Frame 1620: Updating cache with pos=(0.000,0.000,2.499)
[DBG ROS2] Publishing to /drone/odom: pos=(0.000,0.000,2.499)
[DBG RENDER] Viewport sync triggered at pos (0.000, 0.000, 2.498)

────────────────────────────────────────────────────────────────────────────────
[FRAME 1629] Δt = 1.00s
────────────────────────────────────────────────────────────────────────────────
  State      : Armed=True, Mode=LOITER
  Position   : (  0.000,   0.000,   2.498)
  Velocity   : (  0.000,   0.000,  -0.129)
  Target Pos : (  0.000,   0.000,   2.498)
  Error      : (  0.000,   0.000,   0.000) = 0.000m
  PID Output : (  0.000,   0.000,   0.002) m/s
  Applied Force: (   0.00,    0.00,    5.89) N (|F|=5.89N)
  ✅ Gravity compensation active (Fz > 0)
  Actual Vel: (  0.000,   0.000,   0.067) m/s
  ℹ️  Velocity differs from PID (hybrid physics integration active)
────────────────────────────────────────────────────────────────────────────────

[DBG RENDER] Viewport sync triggered at pos (0.000, 0.000, 2.498)

────────────────────────────────────────────────────────────────────────────────
[FRAME 1648] Δt = 1.00s
────────────────────────────────────────────────────────────────────────────────
  State      : Armed=True, Mode=LOITER
  Position   : (  0.000,   0.000,   2.498)
  Velocity   : (  0.000,   0.000,  -0.129)
  Target Pos : (  0.000,   0.000,   2.498)
  Error      : (  0.000,   0.000,   0.000) = 0.000m
  PID Output : (  0.000,   0.000,   0.002) m/s
  Applied Force: (   0.00,    0.00,    5.89) N (|F|=5.89N)
  ✅ Gravity compensation active (Fz > 0)
  Actual Vel: (  0.000,   0.000,   0.067) m/s
  ℹ️  Velocity differs from PID (hybrid physics integration active)
────────────────────────────────────────────────────────────────────────────────

[VIEWPORT FIX] Setting drone position to (0.000, 0.000, 2.499)
[DBG RENDER] Viewport sync triggered at pos (0.000, 0.000, 2.498)

────────────────────────────────────────────────────────────────────────────────
[FRAME 1666] Δt = 1.00s
────────────────────────────────────────────────────────────────────────────────
  State      : Armed=True, Mode=LOITER
  Position   : (  0.000,   0.000,   2.498)
  Velocity   : (  0.000,   0.000,  -0.129)
  Target Pos : (  0.000,   0.000,   2.498)
  Error      : (  0.000,   0.000,   0.000) = 0.000m
  PID Output : (  0.000,   0.000,   0.002) m/s
  Applied Force: (   0.00,    0.00,    5.89) N (|F|=5.89N)
  ✅ Gravity compensation active (Fz > 0)
  Actual Vel: (  0.000,   0.000,   0.067) m/s
  ℹ️  Velocity differs from PID (hybrid physics integration active)
────────────────────────────────────────────────────────────────────────────────

[DBG CACHE] Frame 1680: Updating cache with pos=(0.000,0.000,2.499)
[DBG ROS2] Publishing to /drone/odom: pos=(0.000,0.000,2.499)
[DBG RENDER] Viewport sync triggered at pos (0.000, 0.000, 2.498)

────────────────────────────────────────────────────────────────────────────────
[FRAME 1684] Δt = 1.00s
────────────────────────────────────────────────────────────────────────────────
  State      : Armed=True, Mode=LOITER
  Position   : (  0.000,   0.000,   2.498)
  Velocity   : (  0.000,   0.000,  -0.129)
  Target Pos : (  0.000,   0.000,   2.498)
  Error      : (  0.000,   0.000,   0.000) = 0.000m
  PID Output : (  0.000,   0.000,   0.002) m/s
  Applied Force: (   0.00,    0.00,    5.89) N (|F|=5.89N)
  ✅ Gravity compensation active (Fz > 0)
  Actual Vel: (  0.000,   0.000,   0.067) m/s
  ℹ️  Velocity differs from PID (hybrid physics integration active)
────────────────────────────────────────────────────────────────────────────────

[VIEWPORT FIX] Setting drone position to (0.000, 0.000, 2.499)
[DBG RENDER] Viewport sync triggered at pos (0.000, 0.000, 2.498)

────────────────────────────────────────────────────────────────────────────────
[FRAME 1703] Δt = 1.00s
────────────────────────────────────────────────────────────────────────────────
  State      : Armed=True, Mode=LOITER
  Position   : (  0.000,   0.000,   2.498)
  Velocity   : (  0.000,   0.000,  -0.129)
  Target Pos : (  0.000,   0.000,   2.498)
  Error      : (  0.000,   0.000,   0.000) = 0.000m
  PID Output : (  0.000,   0.000,   0.002) m/s
  Applied Force: (   0.00,    0.00,    5.89) N (|F|=5.89N)
  ✅ Gravity compensation active (Fz > 0)
  Actual Vel: (  0.000,   0.000,   0.067) m/s
  ℹ️  Velocity differs from PID (hybrid physics integration active)
────────────────────────────────────────────────────────────────────────────────

[DBG RENDER] Viewport sync triggered at pos (0.000, 0.000, 2.498)

────────────────────────────────────────────────────────────────────────────────
[FRAME 1721] Δt = 1.00s
────────────────────────────────────────────────────────────────────────────────
  State      : Armed=True, Mode=LOITER
  Position   : (  0.000,   0.000,   2.498)
  Velocity   : (  0.000,   0.000,  -0.129)
  Target Pos : (  0.000,   0.000,   2.498)
  Error      : (  0.000,   0.000,   0.000) = 0.000m
  PID Output : (  0.000,   0.000,   0.002) m/s
  Applied Force: (   0.00,    0.00,    5.89) N (|F|=5.89N)
  ✅ Gravity compensation active (Fz > 0)
  Actual Vel: (  0.000,   0.000,   0.067) m/s
  ℹ️  Velocity differs from PID (hybrid physics integration active)
────────────────────────────────────────────────────────────────────────────────


────────────────────────────────────────────────────────────────────────────────
[FRAME 1740] Δt = 1.00s
────────────────────────────────────────────────────────────────────────────────
  State      : Armed=True, Mode=LOITER
  Position   : (  0.000,   0.000,   2.498)
  Velocity   : (  0.000,   0.000,  -0.129)
  Target Pos : (  0.000,   0.000,   2.498)
  Error      : (  0.000,   0.000,   0.000) = 0.000m
  PID Output : (  0.000,   0.000,   0.002) m/s
  Applied Force: (   0.00,    0.00,    5.89) N (|F|=5.89N)
  ✅ Gravity compensation active (Fz > 0)
  Actual Vel: (  0.000,   0.000,   0.067) m/s
  ℹ️  Velocity differs from PID (hybrid physics integration active)
────────────────────────────────────────────────────────────────────────────────

[DBG CACHE] Frame 1740: Updating cache with pos=(0.000,0.000,2.499)
[DBG ROS2] Publishing to /drone/odom: pos=(0.000,0.000,2.499)
[DBG RENDER] Viewport sync triggered at pos (0.000, 0.000, 2.498)
[VIEWPORT FIX] Setting drone position to (0.000, 0.000, 2.499)

────────────────────────────────────────────────────────────────────────────────
[FRAME 1758] Δt = 1.00s
────────────────────────────────────────────────────────────────────────────────
  State      : Armed=True, Mode=LOITER
  Position   : (  0.000,   0.000,   2.498)
  Velocity   : (  0.000,   0.000,  -0.129)
  Target Pos : (  0.000,   0.000,   2.498)
  Error      : (  0.000,   0.000,   0.000) = 0.000m
  PID Output : (  0.000,   0.000,   0.002) m/s
  Applied Force: (   0.00,    0.00,    5.89) N (|F|=5.89N)
  ✅ Gravity compensation active (Fz > 0)
  Actual Vel: (  0.000,   0.000,   0.067) m/s
  ℹ️  Velocity differs from PID (hybrid physics integration active)
────────────────────────────────────────────────────────────────────────────────

[DBG RENDER] Viewport sync triggered at pos (0.000, 0.000, 2.498)

────────────────────────────────────────────────────────────────────────────────
[FRAME 1776] Δt = 1.00s
────────────────────────────────────────────────────────────────────────────────
  State      : Armed=True, Mode=LOITER
  Position   : (  0.000,   0.000,   2.498)
  Velocity   : (  0.000,   0.000,  -0.129)
  Target Pos : (  0.000,   0.000,   2.498)
  Error      : (  0.000,   0.000,   0.000) = 0.000m
  PID Output : (  0.000,   0.000,   0.002) m/s
  Applied Force: (   0.00,    0.00,    5.89) N (|F|=5.89N)
  ✅ Gravity compensation active (Fz > 0)
  Actual Vel: (  0.000,   0.000,   0.067) m/s
  ℹ️  Velocity differs from PID (hybrid physics integration active)
────────────────────────────────────────────────────────────────────────────────

[DBG RENDER] Viewport sync triggered at pos (0.000, 0.000, 2.498)

────────────────────────────────────────────────────────────────────────────────
[FRAME 1794] Δt = 1.00s
────────────────────────────────────────────────────────────────────────────────
  State      : Armed=True, Mode=LOITER
  Position   : (  0.000,   0.000,   2.498)
  Velocity   : (  0.000,   0.000,  -0.129)
  Target Pos : (  0.000,   0.000,   2.498)
  Error      : (  0.000,   0.000,  -0.000) = 0.000m
  PID Output : (  0.000,   0.000,   0.002) m/s
  Applied Force: (   0.00,    0.00,    5.89) N (|F|=5.89N)
  ✅ Gravity compensation active (Fz > 0)
  Actual Vel: (  0.000,   0.000,   0.067) m/s
  ℹ️  Velocity differs from PID (hybrid physics integration active)
────────────────────────────────────────────────────────────────────────────────

[DBG CACHE] Frame 1800: Updating cache with pos=(0.000,0.000,2.499)
[DBG ROS2] Publishing to /drone/odom: pos=(0.000,0.000,2.499)
[VIEWPORT FIX] Setting drone position to (0.000, 0.000, 2.499)
[DBG RENDER] Viewport sync triggered at pos (0.000, 0.000, 2.498)

────────────────────────────────────────────────────────────────────────────────
[FRAME 1813] Δt = 1.00s
────────────────────────────────────────────────────────────────────────────────
  State      : Armed=True, Mode=LOITER
  Position   : (  0.000,   0.000,   2.498)
  Velocity   : (  0.000,   0.000,  -0.129)
  Target Pos : (  0.000,   0.000,   2.498)
  Error      : (  0.000,   0.000,  -0.000) = 0.000m
  PID Output : (  0.000,   0.000,   0.002) m/s
  Applied Force: (   0.00,    0.00,    5.89) N (|F|=5.89N)
  ✅ Gravity compensation active (Fz > 0)
  Actual Vel: (  0.000,   0.000,   0.067) m/s
  ℹ️  Velocity differs from PID (hybrid physics integration active)
────────────────────────────────────────────────────────────────────────────────

[DBG RENDER] Viewport sync triggered at pos (0.000, 0.000, 2.498)

────────────────────────────────────────────────────────────────────────────────
[FRAME 1831] Δt = 1.00s
────────────────────────────────────────────────────────────────────────────────
  State      : Armed=True, Mode=LOITER
  Position   : (  0.000,   0.000,   2.498)
  Velocity   : (  0.000,   0.000,  -0.129)
  Target Pos : (  0.000,   0.000,   2.498)
  Error      : (  0.000,   0.000,  -0.000) = 0.000m
  PID Output : (  0.000,   0.000,   0.002) m/s
  Applied Force: (   0.00,    0.00,    5.89) N (|F|=5.89N)
  ✅ Gravity compensation active (Fz > 0)
  Actual Vel: (  0.000,   0.000,   0.067) m/s
  ℹ️  Velocity differs from PID (hybrid physics integration active)
────────────────────────────────────────────────────────────────────────────────

[DBG RENDER] Viewport sync triggered at pos (0.000, 0.000, 2.498)

────────────────────────────────────────────────────────────────────────────────
[FRAME 1850] Δt = 1.00s
────────────────────────────────────────────────────────────────────────────────
  State      : Armed=True, Mode=LOITER
  Position   : (  0.000,   0.000,   2.498)
  Velocity   : (  0.000,   0.000,  -0.129)
  Target Pos : (  0.000,   0.000,   2.498)
  Error      : (  0.000,   0.000,  -0.000) = 0.000m
  PID Output : (  0.000,   0.000,   0.002) m/s
  Applied Force: (   0.00,    0.00,    5.89) N (|F|=5.89N)
  ✅ Gravity compensation active (Fz > 0)
  Actual Vel: (  0.000,   0.000,   0.067) m/s
  ℹ️  Velocity differs from PID (hybrid physics integration active)
────────────────────────────────────────────────────────────────────────────────

[VIEWPORT FIX] Setting drone position to (0.000, 0.000, 2.499)
[DBG CACHE] Frame 1860: Updating cache with pos=(0.000,0.000,2.499)
[DBG ROS2] Publishing to /drone/odom: pos=(0.000,0.000,2.499)
[DBG RENDER] Viewport sync triggered at pos (0.000, 0.000, 2.498)

────────────────────────────────────────────────────────────────────────────────
[FRAME 1868] Δt = 1.00s
────────────────────────────────────────────────────────────────────────────────
  State      : Armed=True, Mode=LOITER
  Position   : (  0.000,   0.000,   2.498)
  Velocity   : (  0.000,   0.000,  -0.129)
  Target Pos : (  0.000,   0.000,   2.498)
  Error      : (  0.000,   0.000,  -0.000) = 0.000m
  PID Output : (  0.000,   0.000,   0.002) m/s
  Applied Force: (   0.00,    0.00,    5.89) N (|F|=5.89N)
  ✅ Gravity compensation active (Fz > 0)
  Actual Vel: (  0.000,   0.000,   0.067) m/s
  ℹ️  Velocity differs from PID (hybrid physics integration active)
────────────────────────────────────────────────────────────────────────────────

[DBG RENDER] Viewport sync triggered at pos (0.000, 0.000, 2.498)

────────────────────────────────────────────────────────────────────────────────
[FRAME 1886] Δt = 1.00s
────────────────────────────────────────────────────────────────────────────────
  State      : Armed=True, Mode=LOITER
  Position   : (  0.000,   0.000,   2.498)
  Velocity   : (  0.000,   0.000,  -0.129)
  Target Pos : (  0.000,   0.000,   2.498)
  Error      : (  0.000,   0.000,  -0.000) = 0.000m
  PID Output : (  0.000,   0.000,   0.002) m/s
  Applied Force: (   0.00,    0.00,    5.89) N (|F|=5.89N)
  ✅ Gravity compensation active (Fz > 0)
  Actual Vel: (  0.000,   0.000,   0.067) m/s
  ℹ️  Velocity differs from PID (hybrid physics integration active)
────────────────────────────────────────────────────────────────────────────────

[VIEWPORT FIX] Setting drone position to (0.000, 0.000, 2.499)
[DBG RENDER] Viewport sync triggered at pos (0.000, 0.000, 2.498)

────────────────────────────────────────────────────────────────────────────────
[FRAME 1904] Δt = 1.00s
────────────────────────────────────────────────────────────────────────────────
  State      : Armed=True, Mode=LOITER
  Position   : (  0.000,   0.000,   2.498)
  Velocity   : (  0.000,   0.000,  -0.129)
  Target Pos : (  0.000,   0.000,   2.498)
  Error      : (  0.000,   0.000,  -0.000) = 0.000m
  PID Output : (  0.000,   0.000,   0.002) m/s
  Applied Force: (   0.00,    0.00,    5.89) N (|F|=5.89N)
  ✅ Gravity compensation active (Fz > 0)
  Actual Vel: (  0.000,   0.000,   0.067) m/s
  ℹ️  Velocity differs from PID (hybrid physics integration active)
────────────────────────────────────────────────────────────────────────────────

[DBG CACHE] Frame 1920: Updating cache with pos=(0.000,0.000,2.499)
[DBG ROS2] Publishing to /drone/odom: pos=(0.000,0.000,2.499)
[DBG RENDER] Viewport sync triggered at pos (0.000, 0.000, 2.498)

────────────────────────────────────────────────────────────────────────────────
[FRAME 1922] Δt = 1.00s
────────────────────────────────────────────────────────────────────────────────
  State      : Armed=True, Mode=LOITER
  Position   : (  0.000,   0.000,   2.498)
  Velocity   : (  0.000,   0.000,  -0.129)
  Target Pos : (  0.000,   0.000,   2.498)
  Error      : (  0.000,   0.000,  -0.000) = 0.000m
  PID Output : (  0.000,   0.000,   0.002) m/s
  Applied Force: (   0.00,    0.00,    5.89) N (|F|=5.89N)
  ✅ Gravity compensation active (Fz > 0)
  Actual Vel: (  0.000,   0.000,   0.067) m/s
  ℹ️  Velocity differs from PID (hybrid physics integration active)
────────────────────────────────────────────────────────────────────────────────


────────────────────────────────────────────────────────────────────────────────
[FRAME 1940] Δt = 1.00s
────────────────────────────────────────────────────────────────────────────────
  State      : Armed=True, Mode=LOITER
  Position   : (  0.000,   0.000,   2.498)
  Velocity   : (  0.000,   0.000,  -0.129)
  Target Pos : (  0.000,   0.000,   2.498)
  Error      : (  0.000,   0.000,  -0.000) = 0.000m
  PID Output : (  0.000,   0.000,   0.002) m/s
  Applied Force: (   0.00,    0.00,    5.89) N (|F|=5.89N)
  ✅ Gravity compensation active (Fz > 0)
  Actual Vel: (  0.000,   0.000,   0.067) m/s
  ℹ️  Velocity differs from PID (hybrid physics integration active)
────────────────────────────────────────────────────────────────────────────────

[DBG RENDER] Viewport sync triggered at pos (0.000, 0.000, 2.498)
[VIEWPORT FIX] Setting drone position to (0.000, 0.000, 2.499)

────────────────────────────────────────────────────────────────────────────────
[FRAME 1958] Δt = 1.00s
────────────────────────────────────────────────────────────────────────────────
  State      : Armed=True, Mode=LOITER
  Position   : (  0.000,   0.000,   2.498)
  Velocity   : (  0.000,   0.000,  -0.129)
  Target Pos : (  0.000,   0.000,   2.498)
  Error      : (  0.000,   0.000,  -0.000) = 0.000m
  PID Output : (  0.000,   0.000,   0.002) m/s
  Applied Force: (   0.00,    0.00,    5.89) N (|F|=5.89N)
  ✅ Gravity compensation active (Fz > 0)
  Actual Vel: (  0.000,   0.000,   0.067) m/s
  ℹ️  Velocity differs from PID (hybrid physics integration active)
────────────────────────────────────────────────────────────────────────────────

[DBG RENDER] Viewport sync triggered at pos (0.000, 0.000, 2.498)

────────────────────────────────────────────────────────────────────────────────
[FRAME 1976] Δt = 1.00s
────────────────────────────────────────────────────────────────────────────────
  State      : Armed=True, Mode=LOITER
  Position   : (  0.000,   0.000,   2.498)
  Velocity   : (  0.000,   0.000,  -0.129)
  Target Pos : (  0.000,   0.000,   2.498)
  Error      : (  0.000,   0.000,  -0.000) = 0.000m
  PID Output : (  0.000,   0.000,   0.002) m/s
  Applied Force: (   0.00,    0.00,    5.89) N (|F|=5.89N)
  ✅ Gravity compensation active (Fz > 0)
  Actual Vel: (  0.000,   0.000,   0.067) m/s
  ℹ️  Velocity differs from PID (hybrid physics integration active)
────────────────────────────────────────────────────────────────────────────────

[DBG CACHE] Frame 1980: Updating cache with pos=(0.000,0.000,2.499)
[DBG ROS2] Publishing to /drone/odom: pos=(0.000,0.000,2.499)
[DBG RENDER] Viewport sync triggered at pos (0.000, 0.000, 2.498)

────────────────────────────────────────────────────────────────────────────────
[FRAME 1994] Δt = 1.00s
────────────────────────────────────────────────────────────────────────────────
  State      : Armed=True, Mode=LOITER
  Position   : (  0.000,   0.000,   2.498)
  Velocity   : (  0.000,   0.000,  -0.129)
  Target Pos : (  0.000,   0.000,   2.498)
  Error      : (  0.000,   0.000,  -0.000) = 0.000m
  PID Output : (  0.000,   0.000,   0.002) m/s
  Applied Force: (   0.00,    0.00,    5.89) N (|F|=5.89N)
  ✅ Gravity compensation active (Fz > 0)
  Actual Vel: (  0.000,   0.000,   0.067) m/s
  ℹ️  Velocity differs from PID (hybrid physics integration active)
────────────────────────────────────────────────────────────────────────────────

[VIEWPORT FIX] Setting drone position to (0.000, 0.000, 2.499)
[DBG RENDER] Viewport sync triggered at pos (0.000, 0.000, 2.498)

────────────────────────────────────────────────────────────────────────────────
[FRAME 2012] Δt = 1.00s
────────────────────────────────────────────────────────────────────────────────
  State      : Armed=True, Mode=LOITER
  Position   : (  0.000,   0.000,   2.498)
  Velocity   : (  0.000,   0.000,  -0.129)
  Target Pos : (  0.000,   0.000,   2.498)
  Error      : (  0.000,   0.000,  -0.000) = 0.000m
  PID Output : (  0.000,   0.000,   0.002) m/s
  Applied Force: (   0.00,    0.00,    5.89) N (|F|=5.89N)
  ✅ Gravity compensation active (Fz > 0)
  Actual Vel: (  0.000,   0.000,   0.067) m/s
  ℹ️  Velocity differs from PID (hybrid physics integration active)
────────────────────────────────────────────────────────────────────────────────

[DBG RENDER] Viewport sync triggered at pos (0.000, 0.000, 2.498)

────────────────────────────────────────────────────────────────────────────────
[FRAME 2030] Δt = 1.00s
────────────────────────────────────────────────────────────────────────────────
  State      : Armed=True, Mode=LOITER
  Position   : (  0.000,   0.000,   2.498)
  Velocity   : (  0.000,   0.000,  -0.129)
  Target Pos : (  0.000,   0.000,   2.498)
  Error      : (  0.000,   0.000,  -0.000) = 0.000m
  PID Output : (  0.000,   0.000,   0.002) m/s
  Applied Force: (   0.00,    0.00,    5.89) N (|F|=5.89N)
  ✅ Gravity compensation active (Fz > 0)
  Actual Vel: (  0.000,   0.000,   0.067) m/s
  ℹ️  Velocity differs from PID (hybrid physics integration active)
────────────────────────────────────────────────────────────────────────────────

[DBG CACHE] Frame 2040: Updating cache with pos=(0.000,0.000,2.499)
[DBG ROS2] Publishing to /drone/odom: pos=(0.000,0.000,2.499)
[DBG RENDER] Viewport sync triggered at pos (0.000, 0.000, 2.498)

────────────────────────────────────────────────────────────────────────────────
[FRAME 2048] Δt = 1.00s
────────────────────────────────────────────────────────────────────────────────
  State      : Armed=True, Mode=LOITER
  Position   : (  0.000,   0.000,   2.498)
  Velocity   : (  0.000,   0.000,  -0.129)
  Target Pos : (  0.000,   0.000,   2.498)
  Error      : (  0.000,   0.000,  -0.000) = 0.000m
  PID Output : (  0.000,   0.000,   0.002) m/s
  Applied Force: (   0.00,    0.00,    5.89) N (|F|=5.89N)
  ✅ Gravity compensation active (Fz > 0)
  Actual Vel: (  0.000,   0.000,   0.067) m/s
  ℹ️  Velocity differs from PID (hybrid physics integration active)
────────────────────────────────────────────────────────────────────────────────

[VIEWPORT FIX] Setting drone position to (0.000, 0.000, 2.499)
[DBG RENDER] Viewport sync triggered at pos (0.000, 0.000, 2.498)

────────────────────────────────────────────────────────────────────────────────
[FRAME 2066] Δt = 1.00s
────────────────────────────────────────────────────────────────────────────────
  State      : Armed=True, Mode=LOITER
  Position   : (  0.000,   0.000,   2.498)
  Velocity   : (  0.000,   0.000,  -0.129)
  Target Pos : (  0.000,   0.000,   2.498)
  Error      : (  0.000,   0.000,  -0.000) = 0.000m
  PID Output : (  0.000,   0.000,   0.002) m/s
  Applied Force: (   0.00,    0.00,    5.89) N (|F|=5.89N)
  ✅ Gravity compensation active (Fz > 0)
  Actual Vel: (  0.000,   0.000,   0.067) m/s
  ℹ️  Velocity differs from PID (hybrid physics integration active)
────────────────────────────────────────────────────────────────────────────────

[INFO] Shutting down simulation...
[INFO] ROS2 shutdown complete
[INFO] Simulation shutdown complete
