================================================================================
SIMULATION LOG - 2026-01-28 13:25:38
Log file: /home/kishi/ResQoUnity/logs/simulation/drone_sim_20260128_132538.log
================================================================================

[INFO] CPU physics mode enabled - GPU PhysX disabled
[INFO] Creating environment: Isaac-Velocity-Rough-Unitree-Go2-v0
[INFO] Robot: go2, Amount: 1, Terrain: flat
[INFO]: Base environment:
	Environment device    : cpu
	Physics step-size     : 0.005
	Rendering step-size   : 0.005
	Environment step-size : 0.02
	Physics GPU pipeline  : True
	Physics GPU simulation: True
[INFO]: Time taken for scene creation : 0.332974 seconds
[INFO]: Scene manager:  <class InteractiveScene>
	Number of environments: 1
	Environment spacing   : 2.5
	Source prim name      : /World/envs/env_0
	Global prim paths     : ['/World/ground']
	Replicate physics     : True
[INFO]: Starting the simulation. This may take a few seconds. Please wait...
[INFO]: Time taken for simulation start : 0.736817 seconds
[INFO] Command Manager:  <CommandManager> contains 1 active terms.
+------------------------------------------------+
|              Active Command Terms              |
+-------+---------------+------------------------+
| Index | Name          |          Type          |
+-------+---------------+------------------------+
|   0   | base_velocity | UniformVelocityCommand |
+-------+---------------+------------------------+

[INFO] Action Manager:  <ActionManager> contains 1 active terms.
+------------------------------------+
|  Active Action Terms (shape: 12)   |
+--------+-------------+-------------+
| Index  | Name        |   Dimension |
+--------+-------------+-------------+
|   0    | joint_pos   |          12 |
+--------+-------------+-------------+

Module omni.isaac.orbit.utils.warp.kernels load on device 'cpu' took 520.90 ms
[INFO] Observation Manager: <ObservationManager> contains 1 groups.
+----------------------------------------------------------+
| Active Observation Terms in Group: 'policy' (shape: (235,)) |
+-----------+--------------------------------+-------------+
|   Index   | Name                           |    Shape    |
+-----------+--------------------------------+-------------+
|     0     | base_lin_vel                   |     (3,)    |
|     1     | base_ang_vel                   |     (3,)    |
|     2     | projected_gravity              |     (3,)    |
|     3     | velocity_commands              |     (3,)    |
|     4     | joint_pos                      |    (12,)    |
|     5     | joint_vel                      |    (12,)    |
|     6     | actions                        |    (12,)    |
|     7     | height_scan                    |    (187,)   |
+-----------+--------------------------------+-------------+

[INFO] Event Manager:  <EventManager> contains 1 active terms.
+--------------------------------------+
| Active Event Terms in Mode: 'startup' |
+----------+---------------------------+
|  Index   | Name                      |
+----------+---------------------------+
|    0     | physics_material          |
+----------+---------------------------+

[INFO] Termination Manager:  <TerminationManager> contains 2 active terms.
+---------------------------------+
|     Active Termination Terms    |
+-------+--------------+----------+
| Index | Name         | Time Out |
+-------+--------------+----------+
|   0   | time_out     |   True   |
|   1   | base_contact |  False   |
+-------+--------------+----------+

[INFO] Reward Manager:  <RewardManager> contains 10 active terms.
+-----------------------------------------+
|           Active Reward Terms           |
+-------+----------------------+----------+
| Index | Name                 |   Weight |
+-------+----------------------+----------+
|   0   | track_lin_vel_xy_exp |      1.5 |
|   1   | track_ang_vel_z_exp  |     0.75 |
|   2   | lin_vel_z_l2         |     -2.0 |
|   3   | ang_vel_xy_l2        |    -0.05 |
|   4   | dof_torques_l2       |  -0.0002 |
|   5   | dof_acc_l2           | -2.5e-07 |
|   6   | action_rate_l2       |    -0.01 |
|   7   | feet_air_time        |     0.01 |
|   8   | flat_orientation_l2  |      0.0 |
|   9   | dof_pos_limits       |      0.0 |
+-------+----------------------+----------+

[INFO] Curriculum Manager:  <CurriculumManager> contains 0 active terms.
+----------------------+
| Active Curriculum Terms |
+-----------+----------+
|   Index   | Name     |
+-----------+----------+
+-----------+----------+

Creating window for environment.
[INFO]: Completed setting up the environment...
[INFO] Environment created successfully!
[INFO] ========================================
[INFO] PHYSICS MODE: CPU (GPU PhysX DISABLED)
[INFO] Direct pose manipulation is ALLOWED
[INFO] ========================================
[INFO] Environment wrapped for RSL-RL
[INFO] Loading experiment from directory: /home/kishi/ResQoUnity/logs/rsl_rl/unitree_go2_rough
[INFO]: Loading model checkpoint from: /home/kishi/ResQoUnity/logs/rsl_rl/unitree_go2_rough/2024-04-06_02-37-07/model_7850.pt
--------------------------------------------------------------------------------
Resolved observation sets: 
	 policy :  ['policy']
	 critic :  ['policy']
--------------------------------------------------------------------------------
Actor MLP: MLP(
  (0): Linear(in_features=235, out_features=512, bias=True)
  (1): ELU(alpha=1.0)
  (2): Linear(in_features=512, out_features=256, bias=True)
  (3): ELU(alpha=1.0)
  (4): Linear(in_features=256, out_features=128, bias=True)
  (5): ELU(alpha=1.0)
  (6): Linear(in_features=128, out_features=12, bias=True)
)
Critic MLP: MLP(
  (0): Linear(in_features=235, out_features=512, bias=True)
  (1): ELU(alpha=1.0)
  (2): Linear(in_features=512, out_features=256, bias=True)
  (3): ELU(alpha=1.0)
  (4): Linear(in_features=256, out_features=128, bias=True)
  (5): ELU(alpha=1.0)
  (6): Linear(in_features=128, out_features=1, bias=True)
)
[INFO]: Checkpoint loaded successfully
[INFO] Resetting environment and getting initial observations...
[INFO] Environment reset complete, starting simulation loop...
[INFO] Spawning world-level drone alongside environment robots...
[INFO] Spawning drone at /World/envs/env_0/Drone (inside env for physics stepping)
[INFO] Drone USD loaded at /World/envs/env_0/Drone
[INFO] Drone spawned at position (0.0, 0.0, 2.5)
[INFO] ArticulationView will be initialized after first physics step
[Drone drone] Mode: DISARMED → IDLE

================================================================================
DRONE DEBUG LOGGER INITIALIZED FOR world_drone
================================================================================

[INFO] Drone controller initialized in ARMED mode (auto-armed)
[INFO] Mode set to IDLE - will switch to LOITER after spawn
[INFO] Debug logger enabled - verbose output active
[INFO] Drone bottom camera initialized
[INFO] Drone ROS2 publishers initialized on /drone namespace
[INFO] Adding /drone namespace ROS2 interface
[INFO] Drone topics created: cmd_vel, cmd_position, cmd_altitude
[INFO] Drone services created:
  - /drone/arm: True
  - /drone/takeoff: True
  - /drone/land: True
  - /drone/emergency_stop: True
[INFO] Drone control interface ready on /drone namespace
Error loading custom environment. You should download custom envs folder from: https://drive.google.com/drive/folders/1vVGuO1KIX1K6mD6mBHDZGm9nk2vaRyj3?usp=sharing
[INFO] Setting up viewport camera...
[INFO] Camera positioned to view robot
[INFO] Robot(s) should now be visible in the viewport!
[INFO] Use these controls to navigate:
  - Press 'F' to focus on robot
  - Mouse wheel: Zoom in/out
  - Middle mouse: Pan camera
  - Alt+Left mouse: Orbit view
  - WASD keys: Move robot (forward/back/left/right)
  - Q/E keys: Rotate left/right
[INFO] Initializing ArticulationView after physics step...
[INFO] Drone mass set to: 0.5 kg (Crazyflie scaled estimate)
[INFO] Using Hybrid Physics-Velocity Control (GPU PhysX compatible)
[INFO] Forces → Acceleration → Velocity integration (F=ma)
[INFO] LOITER target set to spawn position: (0.00, 0.00, 2.50)
[SAFETY] World drone initialized:
  Current pos: (0.000, 0.000, 2.498)
  Target pos:  (0.000, 0.000, 2.498)
  Mode: IDLE, Armed: True
[INIT] Drone spawned at position: (0.000, 0.000, 2.498)
[INIT] Initial velocity: (0.000, 0.000, -0.196)
[INIT] Initial mode: IDLE
[INIT] Ready for control


********************************************************************************
[ARM EVENT] Drone ARMED
********************************************************************************

[INFO] ArticulationView ready - found 1 drone(s)
[DEBUG] ArticulationView prim paths: ['/World/envs/env_0/Drone']
[DEBUG] Controller initialized at position: (0.00, 0.00, 2.50)
[DEBUG] Drone has 4 DOFs: ['m1_joint', 'm2_joint', 'm3_joint', 'm4_joint']
[DEBUG] Prim at /World/envs/env_0/Drone exists: True
[DEBUG] Found root body (fallback) at: /World/envs/env_0/Drone/body
[DEBUG] Found articulation root at: /World/envs/env_0/Drone
[Drone drone] Mode: IDLE → LOITER
[INFO] World drone switched to LOITER at position (0.00, 0.00, 2.50)
[VIEWPORT FIX] Setting drone position to (0.000, 0.000, 2.498)
[DBG RENDER] Viewport sync triggered at pos (0.000, 0.000, 2.498)

────────────────────────────────────────────────────────────────────────────────
[FRAME 9] Δt = 1.00s
────────────────────────────────────────────────────────────────────────────────
  State      : Armed=True, Mode=LOITER
  Position   : (  0.000,   0.000,   2.492)
  Velocity   : (  0.000,   0.000,  -0.129)
  Target Pos : (  0.000,   0.000,   2.498)
  Error      : (  0.000,   0.000,   0.006) = 0.006m
  PID Output : (  0.000,   0.000,   0.011) m/s
  Applied Force: (   0.00,    0.00,    5.96) N (|F|=5.96N)
  ✅ Gravity compensation active (Fz > 0)
  Actual Vel: (  0.000,   0.000,   0.070) m/s
  ℹ️  Velocity differs from PID (hybrid physics integration active)
────────────────────────────────────────────────────────────────────────────────

[DBG RENDER] Viewport sync triggered at pos (0.000, 0.000, 2.495)

────────────────────────────────────────────────────────────────────────────────
[FRAME 29] Δt = 1.00s
────────────────────────────────────────────────────────────────────────────────
  State      : Armed=True, Mode=LOITER
  Position   : (  0.000,   0.000,   2.496)
  Velocity   : (  0.000,   0.000,  -0.126)
  Target Pos : (  0.000,   0.000,   2.498)
  Error      : (  0.000,   0.000,   0.002) = 0.002m
  PID Output : (  0.000,   0.000,   0.004) m/s
  Applied Force: (   0.00,    0.00,    5.88) N (|F|=5.88N)
  ✅ Gravity compensation active (Fz > 0)
  Actual Vel: (  0.000,   0.000,   0.070) m/s
  ℹ️  Velocity differs from PID (hybrid physics integration active)
────────────────────────────────────────────────────────────────────────────────

[DBG RENDER] Viewport sync triggered at pos (0.000, 0.000, 2.497)

────────────────────────────────────────────────────────────────────────────────
[FRAME 49] Δt = 1.00s
────────────────────────────────────────────────────────────────────────────────
  State      : Armed=True, Mode=LOITER
  Position   : (  0.000,   0.000,   2.497)
  Velocity   : (  0.000,   0.000,  -0.129)
  Target Pos : (  0.000,   0.000,   2.498)
  Error      : (  0.000,   0.000,   0.001) = 0.001m
  PID Output : (  0.000,   0.000,   0.002) m/s
  Applied Force: (   0.00,    0.00,    5.88) N (|F|=5.88N)
  ✅ Gravity compensation active (Fz > 0)
  Actual Vel: (  0.000,   0.000,   0.067) m/s
  ℹ️  Velocity differs from PID (hybrid physics integration active)
────────────────────────────────────────────────────────────────────────────────

[VIEWPORT FIX] Setting drone position to (0.000, 0.000, 2.498)
[DBG CACHE] Frame 60: Updating cache with pos=(0.000,0.000,2.498)
[DBG ROS2] Publishing to /drone/odom: pos=(0.000,0.000,2.498)
[DBG RENDER] Viewport sync triggered at pos (0.000, 0.000, 2.497)

────────────────────────────────────────────────────────────────────────────────
[FRAME 69] Δt = 1.00s
────────────────────────────────────────────────────────────────────────────────
  State      : Armed=True, Mode=LOITER
  Position   : (  0.000,   0.000,   2.497)
  Velocity   : (  0.000,   0.000,  -0.129)
  Target Pos : (  0.000,   0.000,   2.498)
  Error      : (  0.000,   0.000,   0.000) = 0.000m
  PID Output : (  0.000,   0.000,   0.002) m/s
  Applied Force: (   0.00,    0.00,    5.89) N (|F|=5.89N)
  ✅ Gravity compensation active (Fz > 0)
  Actual Vel: (  0.000,   0.000,   0.067) m/s
  ℹ️  Velocity differs from PID (hybrid physics integration active)
────────────────────────────────────────────────────────────────────────────────

[DBG RENDER] Viewport sync triggered at pos (0.000, 0.000, 2.497)

────────────────────────────────────────────────────────────────────────────────
[FRAME 89] Δt = 1.00s
────────────────────────────────────────────────────────────────────────────────
  State      : Armed=True, Mode=LOITER
  Position   : (  0.000,   0.000,   2.497)
  Velocity   : (  0.000,   0.000,  -0.129)
  Target Pos : (  0.000,   0.000,   2.498)
  Error      : (  0.000,   0.000,   0.000) = 0.000m
  PID Output : (  0.000,   0.000,   0.002) m/s
  Applied Force: (   0.00,    0.00,    5.89) N (|F|=5.89N)
  ✅ Gravity compensation active (Fz > 0)
  Actual Vel: (  0.000,   0.000,   0.067) m/s
  ℹ️  Velocity differs from PID (hybrid physics integration active)
────────────────────────────────────────────────────────────────────────────────

[VIEWPORT FIX] Setting drone position to (0.000, 0.000, 2.498)
[DBG RENDER] Viewport sync triggered at pos (0.000, 0.000, 2.497)

────────────────────────────────────────────────────────────────────────────────
[FRAME 109] Δt = 1.00s
────────────────────────────────────────────────────────────────────────────────
  State      : Armed=True, Mode=LOITER
  Position   : (  0.000,   0.000,   2.497)
  Velocity   : (  0.000,   0.000,  -0.129)
  Target Pos : (  0.000,   0.000,   2.498)
  Error      : (  0.000,   0.000,   0.000) = 0.000m
  PID Output : (  0.000,   0.000,   0.002) m/s
  Applied Force: (   0.00,    0.00,    5.89) N (|F|=5.89N)
  ✅ Gravity compensation active (Fz > 0)
  Actual Vel: (  0.000,   0.000,   0.067) m/s
  ℹ️  Velocity differs from PID (hybrid physics integration active)
────────────────────────────────────────────────────────────────────────────────

[DBG CACHE] Frame 120: Updating cache with pos=(0.000,0.000,2.498)
[DBG ROS2] Publishing to /drone/odom: pos=(0.000,0.000,2.498)
[DBG RENDER] Viewport sync triggered at pos (0.000, 0.000, 2.497)

────────────────────────────────────────────────────────────────────────────────
[FRAME 129] Δt = 1.00s
────────────────────────────────────────────────────────────────────────────────
  State      : Armed=True, Mode=LOITER
  Position   : (  0.000,   0.000,   2.497)
  Velocity   : (  0.000,   0.000,  -0.129)
  Target Pos : (  0.000,   0.000,   2.498)
  Error      : (  0.000,   0.000,   0.000) = 0.000m
  PID Output : (  0.000,   0.000,   0.002) m/s
  Applied Force: (   0.00,    0.00,    5.89) N (|F|=5.89N)
  ✅ Gravity compensation active (Fz > 0)
  Actual Vel: (  0.000,   0.000,   0.067) m/s
  ℹ️  Velocity differs from PID (hybrid physics integration active)
────────────────────────────────────────────────────────────────────────────────

[DBG RENDER] Viewport sync triggered at pos (0.000, 0.000, 2.497)

────────────────────────────────────────────────────────────────────────────────
[FRAME 149] Δt = 1.00s
────────────────────────────────────────────────────────────────────────────────
  State      : Armed=True, Mode=LOITER
  Position   : (  0.000,   0.000,   2.497)
  Velocity   : (  0.000,   0.000,  -0.129)
  Target Pos : (  0.000,   0.000,   2.498)
  Error      : (  0.000,   0.000,   0.000) = 0.000m
  PID Output : (  0.000,   0.000,   0.002) m/s
  Applied Force: (   0.00,    0.00,    5.89) N (|F|=5.89N)
  ✅ Gravity compensation active (Fz > 0)
  Actual Vel: (  0.000,   0.000,   0.067) m/s
  ℹ️  Velocity differs from PID (hybrid physics integration active)
────────────────────────────────────────────────────────────────────────────────

[VIEWPORT FIX] Setting drone position to (0.000, 0.000, 2.498)
[DBG RENDER] Viewport sync triggered at pos (0.000, 0.000, 2.497)

────────────────────────────────────────────────────────────────────────────────
[FRAME 169] Δt = 1.00s
────────────────────────────────────────────────────────────────────────────────
  State      : Armed=True, Mode=LOITER
  Position   : (  0.000,   0.000,   2.497)
  Velocity   : (  0.000,   0.000,  -0.129)
  Target Pos : (  0.000,   0.000,   2.498)
  Error      : (  0.000,   0.000,   0.000) = 0.000m
  PID Output : (  0.000,   0.000,   0.002) m/s
  Applied Force: (   0.00,    0.00,    5.89) N (|F|=5.89N)
  ✅ Gravity compensation active (Fz > 0)
  Actual Vel: (  0.000,   0.000,   0.067) m/s
  ℹ️  Velocity differs from PID (hybrid physics integration active)
────────────────────────────────────────────────────────────────────────────────

[DBG CACHE] Frame 180: Updating cache with pos=(0.000,0.000,2.498)
[DBG ROS2] Publishing to /drone/odom: pos=(0.000,0.000,2.498)
[DBG RENDER] Viewport sync triggered at pos (0.000, 0.000, 2.497)

────────────────────────────────────────────────────────────────────────────────
[FRAME 189] Δt = 1.00s
────────────────────────────────────────────────────────────────────────────────
  State      : Armed=True, Mode=LOITER
  Position   : (  0.000,   0.000,   2.497)
  Velocity   : (  0.000,   0.000,  -0.129)
  Target Pos : (  0.000,   0.000,   2.498)
  Error      : (  0.000,   0.000,   0.000) = 0.000m
  PID Output : (  0.000,   0.000,   0.002) m/s
  Applied Force: (   0.00,    0.00,    5.89) N (|F|=5.89N)
  ✅ Gravity compensation active (Fz > 0)
  Actual Vel: (  0.000,   0.000,   0.067) m/s
  ℹ️  Velocity differs from PID (hybrid physics integration active)
────────────────────────────────────────────────────────────────────────────────

[VIEWPORT FIX] Setting drone position to (0.000, 0.000, 2.498)
[DBG RENDER] Viewport sync triggered at pos (0.000, 0.000, 2.497)

────────────────────────────────────────────────────────────────────────────────
[FRAME 209] Δt = 1.00s
────────────────────────────────────────────────────────────────────────────────
  State      : Armed=True, Mode=LOITER
  Position   : (  0.000,   0.000,   2.497)
  Velocity   : (  0.000,   0.000,  -0.129)
  Target Pos : (  0.000,   0.000,   2.498)
  Error      : (  0.000,   0.000,   0.000) = 0.000m
  PID Output : (  0.000,   0.000,   0.002) m/s
  Applied Force: (   0.00,    0.00,    5.89) N (|F|=5.89N)
  ✅ Gravity compensation active (Fz > 0)
  Actual Vel: (  0.000,   0.000,   0.067) m/s
  ℹ️  Velocity differs from PID (hybrid physics integration active)
────────────────────────────────────────────────────────────────────────────────

[DBG RENDER] Viewport sync triggered at pos (0.000, 0.000, 2.497)

────────────────────────────────────────────────────────────────────────────────
[FRAME 229] Δt = 1.00s
────────────────────────────────────────────────────────────────────────────────
  State      : Armed=True, Mode=LOITER
  Position   : (  0.000,   0.000,   2.497)
  Velocity   : (  0.000,   0.000,  -0.129)
  Target Pos : (  0.000,   0.000,   2.498)
  Error      : (  0.000,   0.000,   0.000) = 0.000m
  PID Output : (  0.000,   0.000,   0.002) m/s
  Applied Force: (   0.00,    0.00,    5.89) N (|F|=5.89N)
  ✅ Gravity compensation active (Fz > 0)
  Actual Vel: (  0.000,   0.000,   0.067) m/s
  ℹ️  Velocity differs from PID (hybrid physics integration active)
────────────────────────────────────────────────────────────────────────────────

[DBG CACHE] Frame 240: Updating cache with pos=(0.000,0.000,2.498)
[DBG ROS2] Publishing to /drone/odom: pos=(0.000,0.000,2.498)
[DBG RENDER] Viewport sync triggered at pos (0.000, 0.000, 2.497)

────────────────────────────────────────────────────────────────────────────────
[FRAME 249] Δt = 1.00s
────────────────────────────────────────────────────────────────────────────────
  State      : Armed=True, Mode=LOITER
  Position   : (  0.000,   0.000,   2.497)
  Velocity   : (  0.000,   0.000,  -0.129)
  Target Pos : (  0.000,   0.000,   2.498)
  Error      : (  0.000,   0.000,   0.000) = 0.000m
  PID Output : (  0.000,   0.000,   0.002) m/s
  Applied Force: (   0.00,    0.00,    5.89) N (|F|=5.89N)
  ✅ Gravity compensation active (Fz > 0)
  Actual Vel: (  0.000,   0.000,   0.067) m/s
  ℹ️  Velocity differs from PID (hybrid physics integration active)
────────────────────────────────────────────────────────────────────────────────

[VIEWPORT FIX] Setting drone position to (0.000, 0.000, 2.498)
[DBG RENDER] Viewport sync triggered at pos (0.000, 0.000, 2.497)

────────────────────────────────────────────────────────────────────────────────
[FRAME 269] Δt = 1.00s
────────────────────────────────────────────────────────────────────────────────
  State      : Armed=True, Mode=LOITER
  Position   : (  0.000,   0.000,   2.497)
  Velocity   : (  0.000,   0.000,  -0.129)
  Target Pos : (  0.000,   0.000,   2.498)
  Error      : (  0.000,   0.000,   0.000) = 0.000m
  PID Output : (  0.000,   0.000,   0.002) m/s
  Applied Force: (   0.00,    0.00,    5.89) N (|F|=5.89N)
  ✅ Gravity compensation active (Fz > 0)
  Actual Vel: (  0.000,   0.000,   0.067) m/s
  ℹ️  Velocity differs from PID (hybrid physics integration active)
────────────────────────────────────────────────────────────────────────────────

[DBG RENDER] Viewport sync triggered at pos (0.000, 0.000, 2.497)

────────────────────────────────────────────────────────────────────────────────
[FRAME 289] Δt = 1.00s
────────────────────────────────────────────────────────────────────────────────
  State      : Armed=True, Mode=LOITER
  Position   : (  0.000,   0.000,   2.497)
  Velocity   : (  0.000,   0.000,  -0.129)
  Target Pos : (  0.000,   0.000,   2.498)
  Error      : (  0.000,   0.000,   0.000) = 0.000m
  PID Output : (  0.000,   0.000,   0.002) m/s
  Applied Force: (   0.00,    0.00,    5.89) N (|F|=5.89N)
  ✅ Gravity compensation active (Fz > 0)
  Actual Vel: (  0.000,   0.000,   0.067) m/s
  ℹ️  Velocity differs from PID (hybrid physics integration active)
────────────────────────────────────────────────────────────────────────────────

[DBG CACHE] Frame 300: Updating cache with pos=(0.000,0.000,2.498)
[DBG ROS2] Publishing to /drone/odom: pos=(0.000,0.000,2.498)
[VIEWPORT FIX] Setting drone position to (0.000, 0.000, 2.498)
[DBG RENDER] Viewport sync triggered at pos (0.000, 0.000, 2.497)

────────────────────────────────────────────────────────────────────────────────
[FRAME 309] Δt = 1.00s
────────────────────────────────────────────────────────────────────────────────
  State      : Armed=True, Mode=LOITER
  Position   : (  0.000,   0.000,   2.497)
  Velocity   : (  0.000,   0.000,  -0.129)
  Target Pos : (  0.000,   0.000,   2.498)
  Error      : (  0.000,   0.000,   0.000) = 0.000m
  PID Output : (  0.000,   0.000,   0.002) m/s
  Applied Force: (   0.00,    0.00,    5.89) N (|F|=5.89N)
  ✅ Gravity compensation active (Fz > 0)
  Actual Vel: (  0.000,   0.000,   0.067) m/s
  ℹ️  Velocity differs from PID (hybrid physics integration active)
────────────────────────────────────────────────────────────────────────────────

[DBG RENDER] Viewport sync triggered at pos (0.000, 0.000, 2.497)

────────────────────────────────────────────────────────────────────────────────
[FRAME 329] Δt = 1.00s
────────────────────────────────────────────────────────────────────────────────
  State      : Armed=True, Mode=LOITER
  Position   : (  0.000,   0.000,   2.497)
  Velocity   : (  0.000,   0.000,  -0.129)
  Target Pos : (  0.000,   0.000,   2.498)
  Error      : (  0.000,   0.000,   0.000) = 0.000m
  PID Output : (  0.000,   0.000,   0.002) m/s
  Applied Force: (   0.00,    0.00,    5.89) N (|F|=5.89N)
  ✅ Gravity compensation active (Fz > 0)
  Actual Vel: (  0.000,   0.000,   0.067) m/s
  ℹ️  Velocity differs from PID (hybrid physics integration active)
────────────────────────────────────────────────────────────────────────────────

[DBG RENDER] Viewport sync triggered at pos (0.000, 0.000, 2.497)

────────────────────────────────────────────────────────────────────────────────
[FRAME 348] Δt = 1.00s
────────────────────────────────────────────────────────────────────────────────
  State      : Armed=True, Mode=LOITER
  Position   : (  0.000,   0.000,   2.497)
  Velocity   : (  0.000,   0.000,  -0.129)
  Target Pos : (  0.000,   0.000,   2.498)
  Error      : (  0.000,   0.000,   0.000) = 0.000m
  PID Output : (  0.000,   0.000,   0.002) m/s
  Applied Force: (   0.00,    0.00,    5.89) N (|F|=5.89N)
  ✅ Gravity compensation active (Fz > 0)
  Actual Vel: (  0.000,   0.000,   0.067) m/s
  ℹ️  Velocity differs from PID (hybrid physics integration active)
────────────────────────────────────────────────────────────────────────────────

[VIEWPORT FIX] Setting drone position to (0.000, 0.000, 2.498)
[DBG CACHE] Frame 360: Updating cache with pos=(0.000,0.000,2.498)
[DBG ROS2] Publishing to /drone/odom: pos=(0.000,0.000,2.498)
[DBG RENDER] Viewport sync triggered at pos (0.000, 0.000, 2.497)

────────────────────────────────────────────────────────────────────────────────
[FRAME 368] Δt = 1.00s
────────────────────────────────────────────────────────────────────────────────
  State      : Armed=True, Mode=LOITER
  Position   : (  0.000,   0.000,   2.497)
  Velocity   : (  0.000,   0.000,  -0.129)
  Target Pos : (  0.000,   0.000,   2.498)
  Error      : (  0.000,   0.000,   0.000) = 0.000m
  PID Output : (  0.000,   0.000,   0.002) m/s
  Applied Force: (   0.00,    0.00,    5.89) N (|F|=5.89N)
  ✅ Gravity compensation active (Fz > 0)
  Actual Vel: (  0.000,   0.000,   0.067) m/s
  ℹ️  Velocity differs from PID (hybrid physics integration active)
────────────────────────────────────────────────────────────────────────────────

[DBG RENDER] Viewport sync triggered at pos (0.000, 0.000, 2.497)

────────────────────────────────────────────────────────────────────────────────
[FRAME 387] Δt = 1.00s
────────────────────────────────────────────────────────────────────────────────
  State      : Armed=True, Mode=LOITER
  Position   : (  0.000,   0.000,   2.497)
  Velocity   : (  0.000,   0.000,  -0.129)
  Target Pos : (  0.000,   0.000,   2.498)
  Error      : (  0.000,   0.000,   0.000) = 0.000m
  PID Output : (  0.000,   0.000,   0.002) m/s
  Applied Force: (   0.00,    0.00,    5.89) N (|F|=5.89N)
  ✅ Gravity compensation active (Fz > 0)
  Actual Vel: (  0.000,   0.000,   0.067) m/s
  ℹ️  Velocity differs from PID (hybrid physics integration active)
────────────────────────────────────────────────────────────────────────────────

[VIEWPORT FIX] Setting drone position to (0.000, 0.000, 2.498)
[DBG RENDER] Viewport sync triggered at pos (0.000, 0.000, 2.497)

────────────────────────────────────────────────────────────────────────────────
[FRAME 407] Δt = 1.00s
────────────────────────────────────────────────────────────────────────────────
  State      : Armed=True, Mode=LOITER
  Position   : (  0.000,   0.000,   2.497)
  Velocity   : (  0.000,   0.000,  -0.129)
  Target Pos : (  0.000,   0.000,   2.498)
  Error      : (  0.000,   0.000,   0.000) = 0.000m
  PID Output : (  0.000,   0.000,   0.002) m/s
  Applied Force: (   0.00,    0.00,    5.89) N (|F|=5.89N)
  ✅ Gravity compensation active (Fz > 0)
  Actual Vel: (  0.000,   0.000,   0.067) m/s
  ℹ️  Velocity differs from PID (hybrid physics integration active)
────────────────────────────────────────────────────────────────────────────────

[DBG CACHE] Frame 420: Updating cache with pos=(0.000,0.000,2.499)
[DBG ROS2] Publishing to /drone/odom: pos=(0.000,0.000,2.499)
[DBG RENDER] Viewport sync triggered at pos (0.000, 0.000, 2.497)

────────────────────────────────────────────────────────────────────────────────
[FRAME 427] Δt = 1.00s
────────────────────────────────────────────────────────────────────────────────
  State      : Armed=True, Mode=LOITER
  Position   : (  0.000,   0.000,   2.497)
  Velocity   : (  0.000,   0.000,  -0.129)
  Target Pos : (  0.000,   0.000,   2.498)
  Error      : (  0.000,   0.000,   0.000) = 0.000m
  PID Output : (  0.000,   0.000,   0.002) m/s
  Applied Force: (   0.00,    0.00,    5.89) N (|F|=5.89N)
  ✅ Gravity compensation active (Fz > 0)
  Actual Vel: (  0.000,   0.000,   0.067) m/s
  ℹ️  Velocity differs from PID (hybrid physics integration active)
────────────────────────────────────────────────────────────────────────────────

[DBG RENDER] Viewport sync triggered at pos (0.000, 0.000, 2.497)

────────────────────────────────────────────────────────────────────────────────
[FRAME 447] Δt = 1.00s
────────────────────────────────────────────────────────────────────────────────
  State      : Armed=True, Mode=LOITER
  Position   : (  0.000,   0.000,   2.497)
  Velocity   : (  0.000,   0.000,  -0.129)
  Target Pos : (  0.000,   0.000,   2.498)
  Error      : (  0.000,   0.000,   0.000) = 0.000m
  PID Output : (  0.000,   0.000,   0.002) m/s
  Applied Force: (   0.00,    0.00,    5.89) N (|F|=5.89N)
  ✅ Gravity compensation active (Fz > 0)
  Actual Vel: (  0.000,   0.000,   0.067) m/s
  ℹ️  Velocity differs from PID (hybrid physics integration active)
────────────────────────────────────────────────────────────────────────────────

[VIEWPORT FIX] Setting drone position to (0.000, 0.000, 2.499)
[DBG RENDER] Viewport sync triggered at pos (0.000, 0.000, 2.497)

────────────────────────────────────────────────────────────────────────────────
[FRAME 466] Δt = 1.00s
────────────────────────────────────────────────────────────────────────────────
  State      : Armed=True, Mode=LOITER
  Position   : (  0.000,   0.000,   2.497)
  Velocity   : (  0.000,   0.000,  -0.129)
  Target Pos : (  0.000,   0.000,   2.498)
  Error      : (  0.000,   0.000,   0.000) = 0.000m
  PID Output : (  0.000,   0.000,   0.002) m/s
  Applied Force: (   0.00,    0.00,    5.89) N (|F|=5.89N)
  ✅ Gravity compensation active (Fz > 0)
  Actual Vel: (  0.000,   0.000,   0.067) m/s
  ℹ️  Velocity differs from PID (hybrid physics integration active)
────────────────────────────────────────────────────────────────────────────────

[DBG CACHE] Frame 480: Updating cache with pos=(0.000,0.000,2.499)
[DBG ROS2] Publishing to /drone/odom: pos=(0.000,0.000,2.499)
[DBG RENDER] Viewport sync triggered at pos (0.000, 0.000, 2.497)

────────────────────────────────────────────────────────────────────────────────
[FRAME 486] Δt = 1.00s
────────────────────────────────────────────────────────────────────────────────
  State      : Armed=True, Mode=LOITER
  Position   : (  0.000,   0.000,   2.497)
  Velocity   : (  0.000,   0.000,  -0.129)
  Target Pos : (  0.000,   0.000,   2.498)
  Error      : (  0.000,   0.000,   0.000) = 0.000m
  PID Output : (  0.000,   0.000,   0.002) m/s
  Applied Force: (   0.00,    0.00,    5.89) N (|F|=5.89N)
  ✅ Gravity compensation active (Fz > 0)
  Actual Vel: (  0.000,   0.000,   0.067) m/s
  ℹ️  Velocity differs from PID (hybrid physics integration active)
────────────────────────────────────────────────────────────────────────────────

[VIEWPORT FIX] Setting drone position to (0.000, 0.000, 2.499)
[DBG RENDER] Viewport sync triggered at pos (0.000, 0.000, 2.497)

────────────────────────────────────────────────────────────────────────────────
[FRAME 506] Δt = 1.00s
────────────────────────────────────────────────────────────────────────────────
  State      : Armed=True, Mode=LOITER
  Position   : (  0.000,   0.000,   2.497)
  Velocity   : (  0.000,   0.000,  -0.129)
  Target Pos : (  0.000,   0.000,   2.498)
  Error      : (  0.000,   0.000,   0.000) = 0.000m
  PID Output : (  0.000,   0.000,   0.002) m/s
  Applied Force: (   0.00,    0.00,    5.89) N (|F|=5.89N)
  ✅ Gravity compensation active (Fz > 0)
  Actual Vel: (  0.000,   0.000,   0.067) m/s
  ℹ️  Velocity differs from PID (hybrid physics integration active)
────────────────────────────────────────────────────────────────────────────────

[DBG RENDER] Viewport sync triggered at pos (0.000, 0.000, 2.497)

────────────────────────────────────────────────────────────────────────────────
[FRAME 525] Δt = 1.00s
────────────────────────────────────────────────────────────────────────────────
  State      : Armed=True, Mode=LOITER
  Position   : (  0.000,   0.000,   2.497)
  Velocity   : (  0.000,   0.000,  -0.129)
  Target Pos : (  0.000,   0.000,   2.498)
  Error      : (  0.000,   0.000,   0.000) = 0.000m
  PID Output : (  0.000,   0.000,   0.002) m/s
  Applied Force: (   0.00,    0.00,    5.89) N (|F|=5.89N)
  ✅ Gravity compensation active (Fz > 0)
  Actual Vel: (  0.000,   0.000,   0.067) m/s
  ℹ️  Velocity differs from PID (hybrid physics integration active)
────────────────────────────────────────────────────────────────────────────────

[DBG CACHE] Frame 540: Updating cache with pos=(0.000,0.000,2.499)
[DBG ROS2] Publishing to /drone/odom: pos=(0.000,0.000,2.499)
[DBG RENDER] Viewport sync triggered at pos (0.000, 0.000, 2.497)

────────────────────────────────────────────────────────────────────────────────
[FRAME 544] Δt = 1.00s
────────────────────────────────────────────────────────────────────────────────
  State      : Armed=True, Mode=LOITER
  Position   : (  0.000,   0.000,   2.497)
  Velocity   : (  0.000,   0.000,  -0.129)
  Target Pos : (  0.000,   0.000,   2.498)
  Error      : (  0.000,   0.000,   0.000) = 0.000m
  PID Output : (  0.000,   0.000,   0.002) m/s
  Applied Force: (   0.00,    0.00,    5.89) N (|F|=5.89N)
  ✅ Gravity compensation active (Fz > 0)
  Actual Vel: (  0.000,   0.000,   0.067) m/s
  ℹ️  Velocity differs from PID (hybrid physics integration active)
────────────────────────────────────────────────────────────────────────────────

[VIEWPORT FIX] Setting drone position to (0.000, 0.000, 2.499)
[DBG RENDER] Viewport sync triggered at pos (0.000, 0.000, 2.497)

────────────────────────────────────────────────────────────────────────────────
[FRAME 563] Δt = 1.00s
────────────────────────────────────────────────────────────────────────────────
  State      : Armed=True, Mode=LOITER
  Position   : (  0.000,   0.000,   2.497)
  Velocity   : (  0.000,   0.000,  -0.129)
  Target Pos : (  0.000,   0.000,   2.498)
  Error      : (  0.000,   0.000,   0.000) = 0.000m
  PID Output : (  0.000,   0.000,   0.002) m/s
  Applied Force: (   0.00,    0.00,    5.89) N (|F|=5.89N)
  ✅ Gravity compensation active (Fz > 0)
  Actual Vel: (  0.000,   0.000,   0.067) m/s
  ℹ️  Velocity differs from PID (hybrid physics integration active)
────────────────────────────────────────────────────────────────────────────────

[DBG RENDER] Viewport sync triggered at pos (0.000, 0.000, 2.497)

────────────────────────────────────────────────────────────────────────────────
[FRAME 583] Δt = 1.00s
────────────────────────────────────────────────────────────────────────────────
  State      : Armed=True, Mode=LOITER
  Position   : (  0.000,   0.000,   2.497)
  Velocity   : (  0.000,   0.000,  -0.129)
  Target Pos : (  0.000,   0.000,   2.498)
  Error      : (  0.000,   0.000,   0.000) = 0.000m
  PID Output : (  0.000,   0.000,   0.002) m/s
  Applied Force: (   0.00,    0.00,    5.89) N (|F|=5.89N)
  ✅ Gravity compensation active (Fz > 0)
  Actual Vel: (  0.000,   0.000,   0.067) m/s
  ℹ️  Velocity differs from PID (hybrid physics integration active)
────────────────────────────────────────────────────────────────────────────────

[DBG CACHE] Frame 600: Updating cache with pos=(0.000,0.000,2.499)
[DBG ROS2] Publishing to /drone/odom: pos=(0.000,0.000,2.499)
[VIEWPORT FIX] Setting drone position to (0.000, 0.000, 2.499)
[DBG RENDER] Viewport sync triggered at pos (0.000, 0.000, 2.497)

────────────────────────────────────────────────────────────────────────────────
[FRAME 602] Δt = 1.00s
────────────────────────────────────────────────────────────────────────────────
  State      : Armed=True, Mode=LOITER
  Position   : (  0.000,   0.000,   2.497)
  Velocity   : (  0.000,   0.000,  -0.129)
  Target Pos : (  0.000,   0.000,   2.498)
  Error      : (  0.000,   0.000,   0.000) = 0.000m
  PID Output : (  0.000,   0.000,   0.002) m/s
  Applied Force: (   0.00,    0.00,    5.89) N (|F|=5.89N)
  ✅ Gravity compensation active (Fz > 0)
  Actual Vel: (  0.000,   0.000,   0.067) m/s
  ℹ️  Velocity differs from PID (hybrid physics integration active)
────────────────────────────────────────────────────────────────────────────────

[DBG RENDER] Viewport sync triggered at pos (0.000, 0.000, 2.497)

────────────────────────────────────────────────────────────────────────────────
[FRAME 622] Δt = 1.00s
────────────────────────────────────────────────────────────────────────────────
  State      : Armed=True, Mode=LOITER
  Position   : (  0.000,   0.000,   2.497)
  Velocity   : (  0.000,   0.000,  -0.129)
  Target Pos : (  0.000,   0.000,   2.498)
  Error      : (  0.000,   0.000,   0.000) = 0.000m
  PID Output : (  0.000,   0.000,   0.001) m/s
  Applied Force: (   0.00,    0.00,    5.89) N (|F|=5.89N)
  ✅ Gravity compensation active (Fz > 0)
  Actual Vel: (  0.000,   0.000,   0.067) m/s
  ℹ️  Velocity differs from PID (hybrid physics integration active)
────────────────────────────────────────────────────────────────────────────────

[DBG RENDER] Viewport sync triggered at pos (0.000, 0.000, 2.497)

────────────────────────────────────────────────────────────────────────────────
[FRAME 643] Δt = 1.00s
────────────────────────────────────────────────────────────────────────────────
  State      : Armed=True, Mode=LOITER
  Position   : (  0.000,   0.000,   2.497)
  Velocity   : (  0.000,   0.000,  -0.129)
  Target Pos : (  0.000,   0.000,   2.498)
  Error      : (  0.000,   0.000,   0.000) = 0.000m
  PID Output : (  0.000,   0.000,   0.002) m/s
  Applied Force: (   0.00,    0.00,    5.89) N (|F|=5.89N)
  ✅ Gravity compensation active (Fz > 0)
  Actual Vel: (  0.000,   0.000,   0.067) m/s
  ℹ️  Velocity differs from PID (hybrid physics integration active)
────────────────────────────────────────────────────────────────────────────────

[VIEWPORT FIX] Setting drone position to (0.000, 0.000, 2.499)
[DBG CACHE] Frame 660: Updating cache with pos=(0.000,0.000,2.499)
[DBG ROS2] Publishing to /drone/odom: pos=(0.000,0.000,2.499)
[DBG RENDER] Viewport sync triggered at pos (0.000, 0.000, 2.497)

────────────────────────────────────────────────────────────────────────────────
[FRAME 664] Δt = 1.00s
────────────────────────────────────────────────────────────────────────────────
  State      : Armed=True, Mode=LOITER
  Position   : (  0.000,   0.000,   2.497)
  Velocity   : (  0.000,   0.000,  -0.129)
  Target Pos : (  0.000,   0.000,   2.498)
  Error      : (  0.000,   0.000,   0.000) = 0.000m
  PID Output : (  0.000,   0.000,   0.002) m/s
  Applied Force: (   0.00,    0.00,    5.89) N (|F|=5.89N)
  ✅ Gravity compensation active (Fz > 0)
  Actual Vel: (  0.000,   0.000,   0.067) m/s
  ℹ️  Velocity differs from PID (hybrid physics integration active)
────────────────────────────────────────────────────────────────────────────────

[DBG RENDER] Viewport sync triggered at pos (0.000, 0.000, 2.497)

────────────────────────────────────────────────────────────────────────────────
[FRAME 684] Δt = 1.00s
────────────────────────────────────────────────────────────────────────────────
  State      : Armed=True, Mode=LOITER
  Position   : (  0.000,   0.000,   2.497)
  Velocity   : (  0.000,   0.000,  -0.129)
  Target Pos : (  0.000,   0.000,   2.498)
  Error      : (  0.000,   0.000,   0.000) = 0.000m
  PID Output : (  0.000,   0.000,   0.002) m/s
  Applied Force: (   0.00,    0.00,    5.89) N (|F|=5.89N)
  ✅ Gravity compensation active (Fz > 0)
  Actual Vel: (  0.000,   0.000,   0.067) m/s
  ℹ️  Velocity differs from PID (hybrid physics integration active)
────────────────────────────────────────────────────────────────────────────────

[VIEWPORT FIX] Setting drone position to (0.000, 0.000, 2.499)
[DBG RENDER] Viewport sync triggered at pos (0.000, 0.000, 2.497)

────────────────────────────────────────────────────────────────────────────────
[FRAME 703] Δt = 1.00s
────────────────────────────────────────────────────────────────────────────────
  State      : Armed=True, Mode=LOITER
  Position   : (  0.000,   0.000,   2.497)
  Velocity   : (  0.000,   0.000,  -0.129)
  Target Pos : (  0.000,   0.000,   2.498)
  Error      : (  0.000,   0.000,   0.000) = 0.000m
  PID Output : (  0.000,   0.000,   0.002) m/s
  Applied Force: (   0.00,    0.00,    5.89) N (|F|=5.89N)
  ✅ Gravity compensation active (Fz > 0)
  Actual Vel: (  0.000,   0.000,   0.067) m/s
  ℹ️  Velocity differs from PID (hybrid physics integration active)
────────────────────────────────────────────────────────────────────────────────

[DBG CACHE] Frame 720: Updating cache with pos=(0.000,0.000,2.499)
[DBG ROS2] Publishing to /drone/odom: pos=(0.000,0.000,2.499)
[DBG RENDER] Viewport sync triggered at pos (0.000, 0.000, 2.497)

────────────────────────────────────────────────────────────────────────────────
[FRAME 723] Δt = 1.00s
────────────────────────────────────────────────────────────────────────────────
  State      : Armed=True, Mode=LOITER
  Position   : (  0.000,   0.000,   2.497)
  Velocity   : (  0.000,   0.000,  -0.129)
  Target Pos : (  0.000,   0.000,   2.498)
  Error      : (  0.000,   0.000,   0.000) = 0.000m
  PID Output : (  0.000,   0.000,   0.002) m/s
  Applied Force: (   0.00,    0.00,    5.89) N (|F|=5.89N)
  ✅ Gravity compensation active (Fz > 0)
  Actual Vel: (  0.000,   0.000,   0.067) m/s
  ℹ️  Velocity differs from PID (hybrid physics integration active)
────────────────────────────────────────────────────────────────────────────────

[DBG RENDER] Viewport sync triggered at pos (0.000, 0.000, 2.497)

────────────────────────────────────────────────────────────────────────────────
[FRAME 743] Δt = 1.00s
────────────────────────────────────────────────────────────────────────────────
  State      : Armed=True, Mode=LOITER
  Position   : (  0.000,   0.000,   2.497)
  Velocity   : (  0.000,   0.000,  -0.129)
  Target Pos : (  0.000,   0.000,   2.498)
  Error      : (  0.000,   0.000,   0.000) = 0.000m
  PID Output : (  0.000,   0.000,   0.002) m/s
  Applied Force: (   0.00,    0.00,    5.89) N (|F|=5.89N)
  ✅ Gravity compensation active (Fz > 0)
  Actual Vel: (  0.000,   0.000,   0.067) m/s
  ℹ️  Velocity differs from PID (hybrid physics integration active)
────────────────────────────────────────────────────────────────────────────────

[VIEWPORT FIX] Setting drone position to (0.000, 0.000, 2.499)
[DBG RENDER] Viewport sync triggered at pos (0.000, 0.000, 2.497)

────────────────────────────────────────────────────────────────────────────────
[FRAME 762] Δt = 1.00s
────────────────────────────────────────────────────────────────────────────────
  State      : Armed=True, Mode=LOITER
  Position   : (  0.000,   0.000,   2.497)
  Velocity   : (  0.000,   0.000,  -0.129)
  Target Pos : (  0.000,   0.000,   2.498)
  Error      : (  0.000,   0.000,   0.000) = 0.000m
  PID Output : (  0.000,   0.000,   0.002) m/s
  Applied Force: (   0.00,    0.00,    5.89) N (|F|=5.89N)
  ✅ Gravity compensation active (Fz > 0)
  Actual Vel: (  0.000,   0.000,   0.067) m/s
  ℹ️  Velocity differs from PID (hybrid physics integration active)
────────────────────────────────────────────────────────────────────────────────

[DBG CACHE] Frame 780: Updating cache with pos=(0.000,0.000,2.499)
[DBG ROS2] Publishing to /drone/odom: pos=(0.000,0.000,2.499)
[DBG RENDER] Viewport sync triggered at pos (0.000, 0.000, 2.497)

────────────────────────────────────────────────────────────────────────────────
[FRAME 782] Δt = 1.00s
────────────────────────────────────────────────────────────────────────────────
  State      : Armed=True, Mode=LOITER
  Position   : (  0.000,   0.000,   2.497)
  Velocity   : (  0.000,   0.000,  -0.129)
  Target Pos : (  0.000,   0.000,   2.498)
  Error      : (  0.000,   0.000,   0.000) = 0.000m
  PID Output : (  0.000,   0.000,   0.002) m/s
  Applied Force: (   0.00,    0.00,    5.89) N (|F|=5.89N)
  ✅ Gravity compensation active (Fz > 0)
  Actual Vel: (  0.000,   0.000,   0.067) m/s
  ℹ️  Velocity differs from PID (hybrid physics integration active)
────────────────────────────────────────────────────────────────────────────────

[VIEWPORT FIX] Setting drone position to (0.000, 0.000, 2.499)
[DBG RENDER] Viewport sync triggered at pos (0.000, 0.000, 2.497)

────────────────────────────────────────────────────────────────────────────────
[FRAME 802] Δt = 1.00s
────────────────────────────────────────────────────────────────────────────────
  State      : Armed=True, Mode=LOITER
  Position   : (  0.000,   0.000,   2.497)
  Velocity   : (  0.000,   0.000,  -0.129)
  Target Pos : (  0.000,   0.000,   2.498)
  Error      : (  0.000,   0.000,   0.000) = 0.000m
  PID Output : (  0.000,   0.000,   0.002) m/s
  Applied Force: (   0.00,    0.00,    5.89) N (|F|=5.89N)
  ✅ Gravity compensation active (Fz > 0)
  Actual Vel: (  0.000,   0.000,   0.067) m/s
  ℹ️  Velocity differs from PID (hybrid physics integration active)
────────────────────────────────────────────────────────────────────────────────

[DBG RENDER] Viewport sync triggered at pos (0.000, 0.000, 2.497)

────────────────────────────────────────────────────────────────────────────────
[FRAME 821] Δt = 1.00s
────────────────────────────────────────────────────────────────────────────────
  State      : Armed=True, Mode=LOITER
  Position   : (  0.000,   0.000,   2.497)
  Velocity   : (  0.000,   0.000,  -0.129)
  Target Pos : (  0.000,   0.000,   2.498)
  Error      : (  0.000,   0.000,   0.000) = 0.000m
  PID Output : (  0.000,   0.000,   0.002) m/s
  Applied Force: (   0.00,    0.00,    5.89) N (|F|=5.89N)
  ✅ Gravity compensation active (Fz > 0)
  Actual Vel: (  0.000,   0.000,   0.067) m/s
  ℹ️  Velocity differs from PID (hybrid physics integration active)
────────────────────────────────────────────────────────────────────────────────

[DBG CACHE] Frame 840: Updating cache with pos=(0.000,0.000,2.499)
[DBG ROS2] Publishing to /drone/odom: pos=(0.000,0.000,2.499)
[DBG RENDER] Viewport sync triggered at pos (0.000, 0.000, 2.497)

────────────────────────────────────────────────────────────────────────────────
[FRAME 841] Δt = 1.00s
────────────────────────────────────────────────────────────────────────────────
  State      : Armed=True, Mode=LOITER
  Position   : (  0.000,   0.000,   2.497)
  Velocity   : (  0.000,   0.000,  -0.129)
  Target Pos : (  0.000,   0.000,   2.498)
  Error      : (  0.000,   0.000,   0.000) = 0.000m
  PID Output : (  0.000,   0.000,   0.002) m/s
  Applied Force: (   0.00,    0.00,    5.89) N (|F|=5.89N)
  ✅ Gravity compensation active (Fz > 0)
  Actual Vel: (  0.000,   0.000,   0.067) m/s
  ℹ️  Velocity differs from PID (hybrid physics integration active)
────────────────────────────────────────────────────────────────────────────────

[VIEWPORT FIX] Setting drone position to (0.000, 0.000, 2.499)
[DBG RENDER] Viewport sync triggered at pos (0.000, 0.000, 2.498)

────────────────────────────────────────────────────────────────────────────────
[FRAME 861] Δt = 1.00s
────────────────────────────────────────────────────────────────────────────────
  State      : Armed=True, Mode=LOITER
  Position   : (  0.000,   0.000,   2.498)
  Velocity   : (  0.000,   0.000,  -0.129)
  Target Pos : (  0.000,   0.000,   2.498)
  Error      : (  0.000,   0.000,   0.000) = 0.000m
  PID Output : (  0.000,   0.000,   0.002) m/s
  Applied Force: (   0.00,    0.00,    5.89) N (|F|=5.89N)
  ✅ Gravity compensation active (Fz > 0)
  Actual Vel: (  0.000,   0.000,   0.067) m/s
  ℹ️  Velocity differs from PID (hybrid physics integration active)
────────────────────────────────────────────────────────────────────────────────


────────────────────────────────────────────────────────────────────────────────
[FRAME 880] Δt = 1.00s
────────────────────────────────────────────────────────────────────────────────
  State      : Armed=True, Mode=LOITER
  Position   : (  0.000,   0.000,   2.498)
  Velocity   : (  0.000,   0.000,  -0.129)
  Target Pos : (  0.000,   0.000,   2.498)
  Error      : (  0.000,   0.000,   0.000) = 0.000m
  PID Output : (  0.000,   0.000,   0.002) m/s
  Applied Force: (   0.00,    0.00,    5.89) N (|F|=5.89N)
  ✅ Gravity compensation active (Fz > 0)
  Actual Vel: (  0.000,   0.000,   0.067) m/s
  ℹ️  Velocity differs from PID (hybrid physics integration active)
────────────────────────────────────────────────────────────────────────────────

[DBG RENDER] Viewport sync triggered at pos (0.000, 0.000, 2.498)

────────────────────────────────────────────────────────────────────────────────
[FRAME 900] Δt = 1.00s
────────────────────────────────────────────────────────────────────────────────
  State      : Armed=True, Mode=LOITER
  Position   : (  0.000,   0.000,   2.498)
  Velocity   : (  0.000,   0.000,  -0.129)
  Target Pos : (  0.000,   0.000,   2.498)
  Error      : (  0.000,   0.000,   0.000) = 0.000m
  PID Output : (  0.000,   0.000,   0.002) m/s
  Applied Force: (   0.00,    0.00,    5.89) N (|F|=5.89N)
  ✅ Gravity compensation active (Fz > 0)
  Actual Vel: (  0.000,   0.000,   0.067) m/s
  ℹ️  Velocity differs from PID (hybrid physics integration active)
────────────────────────────────────────────────────────────────────────────────

[DBG CACHE] Frame 900: Updating cache with pos=(0.000,0.000,2.499)
[DBG ROS2] Publishing to /drone/odom: pos=(0.000,0.000,2.499)
[VIEWPORT FIX] Setting drone position to (0.000, 0.000, 2.499)
[DBG RENDER] Viewport sync triggered at pos (0.000, 0.000, 2.498)

────────────────────────────────────────────────────────────────────────────────
[FRAME 919] Δt = 1.00s
────────────────────────────────────────────────────────────────────────────────
  State      : Armed=True, Mode=LOITER
  Position   : (  0.000,   0.000,   2.498)
  Velocity   : (  0.000,   0.000,  -0.129)
  Target Pos : (  0.000,   0.000,   2.498)
  Error      : (  0.000,   0.000,   0.000) = 0.000m
  PID Output : (  0.000,   0.000,   0.002) m/s
  Applied Force: (   0.00,    0.00,    5.89) N (|F|=5.89N)
  ✅ Gravity compensation active (Fz > 0)
  Actual Vel: (  0.000,   0.000,   0.067) m/s
  ℹ️  Velocity differs from PID (hybrid physics integration active)
────────────────────────────────────────────────────────────────────────────────

[DBG RENDER] Viewport sync triggered at pos (0.000, 0.000, 2.498)

────────────────────────────────────────────────────────────────────────────────
[FRAME 939] Δt = 1.00s
────────────────────────────────────────────────────────────────────────────────
  State      : Armed=True, Mode=LOITER
  Position   : (  0.000,   0.000,   2.498)
  Velocity   : (  0.000,   0.000,  -0.129)
  Target Pos : (  0.000,   0.000,   2.498)
  Error      : (  0.000,   0.000,   0.000) = 0.000m
  PID Output : (  0.000,   0.000,   0.002) m/s
  Applied Force: (   0.00,    0.00,    5.89) N (|F|=5.89N)
  ✅ Gravity compensation active (Fz > 0)
  Actual Vel: (  0.000,   0.000,   0.067) m/s
  ℹ️  Velocity differs from PID (hybrid physics integration active)
────────────────────────────────────────────────────────────────────────────────

[DBG RENDER] Viewport sync triggered at pos (0.000, 0.000, 2.498)
[VIEWPORT FIX] Setting drone position to (0.000, 0.000, 2.499)

────────────────────────────────────────────────────────────────────────────────
[FRAME 959] Δt = 1.00s
────────────────────────────────────────────────────────────────────────────────
  State      : Armed=True, Mode=LOITER
  Position   : (  0.000,   0.000,   2.498)
  Velocity   : (  0.000,   0.000,  -0.129)
  Target Pos : (  0.000,   0.000,   2.498)
  Error      : (  0.000,   0.000,   0.000) = 0.000m
  PID Output : (  0.000,   0.000,   0.002) m/s
  Applied Force: (   0.00,    0.00,    5.89) N (|F|=5.89N)
  ✅ Gravity compensation active (Fz > 0)
  Actual Vel: (  0.000,   0.000,   0.067) m/s
  ℹ️  Velocity differs from PID (hybrid physics integration active)
────────────────────────────────────────────────────────────────────────────────

[DBG CACHE] Frame 960: Updating cache with pos=(0.000,0.000,2.499)
[DBG ROS2] Publishing to /drone/odom: pos=(0.000,0.000,2.499)
[DBG RENDER] Viewport sync triggered at pos (0.000, 0.000, 2.498)

────────────────────────────────────────────────────────────────────────────────
[FRAME 979] Δt = 1.00s
────────────────────────────────────────────────────────────────────────────────
  State      : Armed=True, Mode=LOITER
  Position   : (  0.000,   0.000,   2.498)
  Velocity   : (  0.000,   0.000,  -0.129)
  Target Pos : (  0.000,   0.000,   2.498)
  Error      : (  0.000,   0.000,   0.000) = 0.000m
  PID Output : (  0.000,   0.000,   0.002) m/s
  Applied Force: (   0.00,    0.00,    5.89) N (|F|=5.89N)
  ✅ Gravity compensation active (Fz > 0)
  Actual Vel: (  0.000,   0.000,   0.067) m/s
  ℹ️  Velocity differs from PID (hybrid physics integration active)
────────────────────────────────────────────────────────────────────────────────

[DBG RENDER] Viewport sync triggered at pos (0.000, 0.000, 2.498)

────────────────────────────────────────────────────────────────────────────────
[FRAME 999] Δt = 1.00s
────────────────────────────────────────────────────────────────────────────────
  State      : Armed=True, Mode=LOITER
  Position   : (  0.000,   0.000,   2.498)
  Velocity   : (  0.000,   0.000,  -0.129)
  Target Pos : (  0.000,   0.000,   2.498)
  Error      : (  0.000,   0.000,   0.000) = 0.000m
  PID Output : (  0.000,   0.000,   0.002) m/s
  Applied Force: (   0.00,    0.00,    5.89) N (|F|=5.89N)
  ✅ Gravity compensation active (Fz > 0)
  Actual Vel: (  0.000,   0.000,   0.067) m/s
  ℹ️  Velocity differs from PID (hybrid physics integration active)
────────────────────────────────────────────────────────────────────────────────

[VIEWPORT FIX] Setting drone position to (0.000, 0.000, 2.499)
[DBG RENDER] Viewport sync triggered at pos (0.000, 0.000, 2.498)

────────────────────────────────────────────────────────────────────────────────
[FRAME 1019] Δt = 1.00s
────────────────────────────────────────────────────────────────────────────────
  State      : Armed=True, Mode=LOITER
  Position   : (  0.000,   0.000,   2.498)
  Velocity   : (  0.000,   0.000,  -0.129)
  Target Pos : (  0.000,   0.000,   2.498)
  Error      : (  0.000,   0.000,   0.000) = 0.000m
  PID Output : (  0.000,   0.000,   0.002) m/s
  Applied Force: (   0.00,    0.00,    5.89) N (|F|=5.89N)
  ✅ Gravity compensation active (Fz > 0)
  Actual Vel: (  0.000,   0.000,   0.067) m/s
  ℹ️  Velocity differs from PID (hybrid physics integration active)
────────────────────────────────────────────────────────────────────────────────

[DBG CACHE] Frame 1020: Updating cache with pos=(0.000,0.000,2.499)
[DBG ROS2] Publishing to /drone/odom: pos=(0.000,0.000,2.499)
[DBG RENDER] Viewport sync triggered at pos (0.000, 0.000, 2.498)

────────────────────────────────────────────────────────────────────────────────
[FRAME 1039] Δt = 1.00s
────────────────────────────────────────────────────────────────────────────────
  State      : Armed=True, Mode=LOITER
  Position   : (  0.000,   0.000,   2.498)
  Velocity   : (  0.000,   0.000,  -0.129)
  Target Pos : (  0.000,   0.000,   2.498)
  Error      : (  0.000,   0.000,   0.000) = 0.000m
  PID Output : (  0.000,   0.000,   0.002) m/s
  Applied Force: (   0.00,    0.00,    5.89) N (|F|=5.89N)
  ✅ Gravity compensation active (Fz > 0)
  Actual Vel: (  0.000,   0.000,   0.067) m/s
  ℹ️  Velocity differs from PID (hybrid physics integration active)
────────────────────────────────────────────────────────────────────────────────

[DBG RENDER] Viewport sync triggered at pos (0.000, 0.000, 2.498)
[VIEWPORT FIX] Setting drone position to (0.000, 0.000, 2.499)

────────────────────────────────────────────────────────────────────────────────
[FRAME 1059] Δt = 1.00s
────────────────────────────────────────────────────────────────────────────────
  State      : Armed=True, Mode=LOITER
  Position   : (  0.000,   0.000,   2.498)
  Velocity   : (  0.000,   0.000,  -0.129)
  Target Pos : (  0.000,   0.000,   2.498)
  Error      : (  0.000,   0.000,   0.000) = 0.000m
  PID Output : (  0.000,   0.000,   0.002) m/s
  Applied Force: (   0.00,    0.00,    5.89) N (|F|=5.89N)
  ✅ Gravity compensation active (Fz > 0)
  Actual Vel: (  0.000,   0.000,   0.067) m/s
  ℹ️  Velocity differs from PID (hybrid physics integration active)
────────────────────────────────────────────────────────────────────────────────

[DBG RENDER] Viewport sync triggered at pos (0.000, 0.000, 2.498)

────────────────────────────────────────────────────────────────────────────────
[FRAME 1078] Δt = 1.00s
────────────────────────────────────────────────────────────────────────────────
  State      : Armed=True, Mode=LOITER
  Position   : (  0.000,   0.000,   2.498)
  Velocity   : (  0.000,   0.000,  -0.129)
  Target Pos : (  0.000,   0.000,   2.498)
  Error      : (  0.000,   0.000,   0.000) = 0.000m
  PID Output : (  0.000,   0.000,   0.002) m/s
  Applied Force: (   0.00,    0.00,    5.89) N (|F|=5.89N)
  ✅ Gravity compensation active (Fz > 0)
  Actual Vel: (  0.000,   0.000,   0.067) m/s
  ℹ️  Velocity differs from PID (hybrid physics integration active)
────────────────────────────────────────────────────────────────────────────────

[DBG CACHE] Frame 1080: Updating cache with pos=(0.000,0.000,2.499)
[DBG ROS2] Publishing to /drone/odom: pos=(0.000,0.000,2.499)
[DBG RENDER] Viewport sync triggered at pos (0.000, 0.000, 2.498)

────────────────────────────────────────────────────────────────────────────────
[FRAME 1098] Δt = 1.00s
────────────────────────────────────────────────────────────────────────────────
  State      : Armed=True, Mode=LOITER
  Position   : (  0.000,   0.000,   2.498)
  Velocity   : (  0.000,   0.000,  -0.129)
  Target Pos : (  0.000,   0.000,   2.498)
  Error      : (  0.000,   0.000,   0.000) = 0.000m
  PID Output : (  0.000,   0.000,   0.002) m/s
  Applied Force: (   0.00,    0.00,    5.89) N (|F|=5.89N)
  ✅ Gravity compensation active (Fz > 0)
  Actual Vel: (  0.000,   0.000,   0.067) m/s
  ℹ️  Velocity differs from PID (hybrid physics integration active)
────────────────────────────────────────────────────────────────────────────────

[VIEWPORT FIX] Setting drone position to (0.000, 0.000, 2.499)
[DBG RENDER] Viewport sync triggered at pos (0.000, 0.000, 2.498)

────────────────────────────────────────────────────────────────────────────────
[FRAME 1118] Δt = 1.00s
────────────────────────────────────────────────────────────────────────────────
  State      : Armed=True, Mode=LOITER
  Position   : (  0.000,   0.000,   2.498)
  Velocity   : (  0.000,   0.000,  -0.129)
  Target Pos : (  0.000,   0.000,   2.498)
  Error      : (  0.000,   0.000,   0.000) = 0.000m
  PID Output : (  0.000,   0.000,   0.002) m/s
  Applied Force: (   0.00,    0.00,    5.89) N (|F|=5.89N)
  ✅ Gravity compensation active (Fz > 0)
  Actual Vel: (  0.000,   0.000,   0.067) m/s
  ℹ️  Velocity differs from PID (hybrid physics integration active)
────────────────────────────────────────────────────────────────────────────────

[DBG RENDER] Viewport sync triggered at pos (0.000, 0.000, 2.498)

────────────────────────────────────────────────────────────────────────────────
[FRAME 1138] Δt = 1.00s
────────────────────────────────────────────────────────────────────────────────
  State      : Armed=True, Mode=LOITER
  Position   : (  0.000,   0.000,   2.498)
  Velocity   : (  0.000,   0.000,  -0.129)
  Target Pos : (  0.000,   0.000,   2.498)
  Error      : (  0.000,   0.000,   0.000) = 0.000m
  PID Output : (  0.000,   0.000,   0.002) m/s
  Applied Force: (   0.00,    0.00,    5.89) N (|F|=5.89N)
  ✅ Gravity compensation active (Fz > 0)
  Actual Vel: (  0.000,   0.000,   0.067) m/s
  ℹ️  Velocity differs from PID (hybrid physics integration active)
────────────────────────────────────────────────────────────────────────────────

[DBG CACHE] Frame 1140: Updating cache with pos=(0.000,0.000,2.499)
[DBG ROS2] Publishing to /drone/odom: pos=(0.000,0.000,2.499)
[DBG RENDER] Viewport sync triggered at pos (0.000, 0.000, 2.498)
[VIEWPORT FIX] Setting drone position to (0.000, 0.000, 2.499)

────────────────────────────────────────────────────────────────────────────────
[FRAME 1158] Δt = 1.00s
────────────────────────────────────────────────────────────────────────────────
  State      : Armed=True, Mode=LOITER
  Position   : (  0.000,   0.000,   2.498)
  Velocity   : (  0.000,   0.000,  -0.129)
  Target Pos : (  0.000,   0.000,   2.498)
  Error      : (  0.000,   0.000,   0.000) = 0.000m
  PID Output : (  0.000,   0.000,   0.002) m/s
  Applied Force: (   0.00,    0.00,    5.89) N (|F|=5.89N)
  ✅ Gravity compensation active (Fz > 0)
  Actual Vel: (  0.000,   0.000,   0.067) m/s
  ℹ️  Velocity differs from PID (hybrid physics integration active)
────────────────────────────────────────────────────────────────────────────────

[DBG RENDER] Viewport sync triggered at pos (0.000, 0.000, 2.498)

────────────────────────────────────────────────────────────────────────────────
[FRAME 1177] Δt = 1.00s
────────────────────────────────────────────────────────────────────────────────
  State      : Armed=True, Mode=LOITER
  Position   : (  0.000,   0.000,   2.498)
  Velocity   : (  0.000,   0.000,  -0.129)
  Target Pos : (  0.000,   0.000,   2.498)
  Error      : (  0.000,   0.000,   0.000) = 0.000m
  PID Output : (  0.000,   0.000,   0.002) m/s
  Applied Force: (   0.00,    0.00,    5.89) N (|F|=5.89N)
  ✅ Gravity compensation active (Fz > 0)
  Actual Vel: (  0.000,   0.000,   0.067) m/s
  ℹ️  Velocity differs from PID (hybrid physics integration active)
────────────────────────────────────────────────────────────────────────────────

[DBG RENDER] Viewport sync triggered at pos (0.000, 0.000, 2.498)

────────────────────────────────────────────────────────────────────────────────
[FRAME 1197] Δt = 1.00s
────────────────────────────────────────────────────────────────────────────────
  State      : Armed=True, Mode=LOITER
  Position   : (  0.000,   0.000,   2.498)
  Velocity   : (  0.000,   0.000,  -0.129)
  Target Pos : (  0.000,   0.000,   2.498)
  Error      : (  0.000,   0.000,   0.000) = 0.000m
  PID Output : (  0.000,   0.000,   0.002) m/s
  Applied Force: (   0.00,    0.00,    5.89) N (|F|=5.89N)
  ✅ Gravity compensation active (Fz > 0)
  Actual Vel: (  0.000,   0.000,   0.067) m/s
  ℹ️  Velocity differs from PID (hybrid physics integration active)
────────────────────────────────────────────────────────────────────────────────

[DBG CACHE] Frame 1200: Updating cache with pos=(0.000,0.000,2.499)
[DBG ROS2] Publishing to /drone/odom: pos=(0.000,0.000,2.499)
[VIEWPORT FIX] Setting drone position to (0.000, 0.000, 2.499)
[DBG RENDER] Viewport sync triggered at pos (0.000, 0.000, 2.498)

────────────────────────────────────────────────────────────────────────────────
[FRAME 1217] Δt = 1.00s
────────────────────────────────────────────────────────────────────────────────
  State      : Armed=True, Mode=LOITER
  Position   : (  0.000,   0.000,   2.498)
  Velocity   : (  0.000,   0.000,  -0.129)
  Target Pos : (  0.000,   0.000,   2.498)
  Error      : (  0.000,   0.000,   0.000) = 0.000m
  PID Output : (  0.000,   0.000,   0.002) m/s
  Applied Force: (   0.00,    0.00,    5.89) N (|F|=5.89N)
  ✅ Gravity compensation active (Fz > 0)
  Actual Vel: (  0.000,   0.000,   0.067) m/s
  ℹ️  Velocity differs from PID (hybrid physics integration active)
────────────────────────────────────────────────────────────────────────────────

[DBG RENDER] Viewport sync triggered at pos (0.000, 0.000, 2.498)

────────────────────────────────────────────────────────────────────────────────
[FRAME 1237] Δt = 1.00s
────────────────────────────────────────────────────────────────────────────────
  State      : Armed=True, Mode=LOITER
  Position   : (  0.000,   0.000,   2.498)
  Velocity   : (  0.000,   0.000,  -0.129)
  Target Pos : (  0.000,   0.000,   2.498)
  Error      : (  0.000,   0.000,   0.000) = 0.000m
  PID Output : (  0.000,   0.000,   0.002) m/s
  Applied Force: (   0.00,    0.00,    5.89) N (|F|=5.89N)
  ✅ Gravity compensation active (Fz > 0)
  Actual Vel: (  0.000,   0.000,   0.067) m/s
  ℹ️  Velocity differs from PID (hybrid physics integration active)
────────────────────────────────────────────────────────────────────────────────

[DBG RENDER] Viewport sync triggered at pos (0.000, 0.000, 2.498)
[VIEWPORT FIX] Setting drone position to (0.000, 0.000, 2.499)

────────────────────────────────────────────────────────────────────────────────
[FRAME 1257] Δt = 1.00s
────────────────────────────────────────────────────────────────────────────────
  State      : Armed=True, Mode=LOITER
  Position   : (  0.000,   0.000,   2.498)
  Velocity   : (  0.000,   0.000,  -0.129)
  Target Pos : (  0.000,   0.000,   2.498)
  Error      : (  0.000,   0.000,   0.000) = 0.000m
  PID Output : (  0.000,   0.000,   0.002) m/s
  Applied Force: (   0.00,    0.00,    5.89) N (|F|=5.89N)
  ✅ Gravity compensation active (Fz > 0)
  Actual Vel: (  0.000,   0.000,   0.067) m/s
  ℹ️  Velocity differs from PID (hybrid physics integration active)
────────────────────────────────────────────────────────────────────────────────

[DBG CACHE] Frame 1260: Updating cache with pos=(0.000,0.000,2.499)
[DBG ROS2] Publishing to /drone/odom: pos=(0.000,0.000,2.499)
[DBG RENDER] Viewport sync triggered at pos (0.000, 0.000, 2.498)

────────────────────────────────────────────────────────────────────────────────
[FRAME 1277] Δt = 1.00s
────────────────────────────────────────────────────────────────────────────────
  State      : Armed=True, Mode=LOITER
  Position   : (  0.000,   0.000,   2.498)
  Velocity   : (  0.000,   0.000,  -0.129)
  Target Pos : (  0.000,   0.000,   2.498)
  Error      : (  0.000,   0.000,   0.000) = 0.000m
  PID Output : (  0.000,   0.000,   0.002) m/s
  Applied Force: (   0.00,    0.00,    5.89) N (|F|=5.89N)
  ✅ Gravity compensation active (Fz > 0)
  Actual Vel: (  0.000,   0.000,   0.067) m/s
  ℹ️  Velocity differs from PID (hybrid physics integration active)
────────────────────────────────────────────────────────────────────────────────

[DBG RENDER] Viewport sync triggered at pos (0.000, 0.000, 2.498)

────────────────────────────────────────────────────────────────────────────────
[FRAME 1297] Δt = 1.00s
────────────────────────────────────────────────────────────────────────────────
  State      : Armed=True, Mode=LOITER
  Position   : (  0.000,   0.000,   2.498)
  Velocity   : (  0.000,   0.000,  -0.129)
  Target Pos : (  0.000,   0.000,   2.498)
  Error      : (  0.000,   0.000,   0.000) = 0.000m
  PID Output : (  0.000,   0.000,   0.002) m/s
  Applied Force: (   0.00,    0.00,    5.89) N (|F|=5.89N)
  ✅ Gravity compensation active (Fz > 0)
  Actual Vel: (  0.000,   0.000,   0.067) m/s
  ℹ️  Velocity differs from PID (hybrid physics integration active)
────────────────────────────────────────────────────────────────────────────────

[VIEWPORT FIX] Setting drone position to (0.000, 0.000, 2.499)
[DBG RENDER] Viewport sync triggered at pos (0.000, 0.000, 2.498)

────────────────────────────────────────────────────────────────────────────────
[FRAME 1317] Δt = 1.00s
────────────────────────────────────────────────────────────────────────────────
  State      : Armed=True, Mode=LOITER
  Position   : (  0.000,   0.000,   2.498)
  Velocity   : (  0.000,   0.000,  -0.129)
  Target Pos : (  0.000,   0.000,   2.498)
  Error      : (  0.000,   0.000,   0.000) = 0.000m
  PID Output : (  0.000,   0.000,   0.002) m/s
  Applied Force: (   0.00,    0.00,    5.89) N (|F|=5.89N)
  ✅ Gravity compensation active (Fz > 0)
  Actual Vel: (  0.000,   0.000,   0.067) m/s
  ℹ️  Velocity differs from PID (hybrid physics integration active)
────────────────────────────────────────────────────────────────────────────────

[DBG CACHE] Frame 1320: Updating cache with pos=(0.000,0.000,2.499)
[DBG ROS2] Publishing to /drone/odom: pos=(0.000,0.000,2.499)
[DBG RENDER] Viewport sync triggered at pos (0.000, 0.000, 2.498)

────────────────────────────────────────────────────────────────────────────────
[FRAME 1337] Δt = 1.00s
────────────────────────────────────────────────────────────────────────────────
  State      : Armed=True, Mode=LOITER
  Position   : (  0.000,   0.000,   2.498)
  Velocity   : (  0.000,   0.000,  -0.129)
  Target Pos : (  0.000,   0.000,   2.498)
  Error      : (  0.000,   0.000,   0.000) = 0.000m
  PID Output : (  0.000,   0.000,   0.002) m/s
  Applied Force: (   0.00,    0.00,    5.89) N (|F|=5.89N)
  ✅ Gravity compensation active (Fz > 0)
  Actual Vel: (  0.000,   0.000,   0.067) m/s
  ℹ️  Velocity differs from PID (hybrid physics integration active)
────────────────────────────────────────────────────────────────────────────────

[DBG RENDER] Viewport sync triggered at pos (0.000, 0.000, 2.498)
[VIEWPORT FIX] Setting drone position to (0.000, 0.000, 2.499)

────────────────────────────────────────────────────────────────────────────────
[FRAME 1358] Δt = 1.00s
────────────────────────────────────────────────────────────────────────────────
  State      : Armed=True, Mode=LOITER
  Position   : (  0.000,   0.000,   2.498)
  Velocity   : (  0.000,   0.000,  -0.129)
  Target Pos : (  0.000,   0.000,   2.498)
  Error      : (  0.000,   0.000,   0.000) = 0.000m
  PID Output : (  0.000,   0.000,   0.002) m/s
  Applied Force: (   0.00,    0.00,    5.89) N (|F|=5.89N)
  ✅ Gravity compensation active (Fz > 0)
  Actual Vel: (  0.000,   0.000,   0.067) m/s
  ℹ️  Velocity differs from PID (hybrid physics integration active)
────────────────────────────────────────────────────────────────────────────────

[DBG RENDER] Viewport sync triggered at pos (0.000, 0.000, 2.498)

────────────────────────────────────────────────────────────────────────────────
[FRAME 1378] Δt = 1.00s
────────────────────────────────────────────────────────────────────────────────
  State      : Armed=True, Mode=LOITER
  Position   : (  0.000,   0.000,   2.498)
  Velocity   : (  0.000,   0.000,  -0.129)
  Target Pos : (  0.000,   0.000,   2.498)
  Error      : (  0.000,   0.000,   0.000) = 0.000m
  PID Output : (  0.000,   0.000,   0.002) m/s
  Applied Force: (   0.00,    0.00,    5.89) N (|F|=5.89N)
  ✅ Gravity compensation active (Fz > 0)
  Actual Vel: (  0.000,   0.000,   0.067) m/s
  ℹ️  Velocity differs from PID (hybrid physics integration active)
────────────────────────────────────────────────────────────────────────────────

[DBG CACHE] Frame 1380: Updating cache with pos=(0.000,0.000,2.499)
[DBG ROS2] Publishing to /drone/odom: pos=(0.000,0.000,2.499)
[DBG RENDER] Viewport sync triggered at pos (0.000, 0.000, 2.498)

────────────────────────────────────────────────────────────────────────────────
[FRAME 1398] Δt = 1.00s
────────────────────────────────────────────────────────────────────────────────
  State      : Armed=True, Mode=LOITER
  Position   : (  0.000,   0.000,   2.498)
  Velocity   : (  0.000,   0.000,  -0.129)
  Target Pos : (  0.000,   0.000,   2.498)
  Error      : (  0.000,   0.000,   0.000) = 0.000m
  PID Output : (  0.000,   0.000,   0.002) m/s
  Applied Force: (   0.00,    0.00,    5.89) N (|F|=5.89N)
  ✅ Gravity compensation active (Fz > 0)
  Actual Vel: (  0.000,   0.000,   0.067) m/s
  ℹ️  Velocity differs from PID (hybrid physics integration active)
────────────────────────────────────────────────────────────────────────────────

[VIEWPORT FIX] Setting drone position to (0.000, 0.000, 2.499)
[DBG RENDER] Viewport sync triggered at pos (0.000, 0.000, 2.498)

────────────────────────────────────────────────────────────────────────────────
[FRAME 1418] Δt = 1.00s
────────────────────────────────────────────────────────────────────────────────
  State      : Armed=True, Mode=LOITER
  Position   : (  0.000,   0.000,   2.498)
  Velocity   : (  0.000,   0.000,  -0.129)
  Target Pos : (  0.000,   0.000,   2.498)
  Error      : (  0.000,   0.000,   0.000) = 0.000m
  PID Output : (  0.000,   0.000,   0.002) m/s
  Applied Force: (   0.00,    0.00,    5.89) N (|F|=5.89N)
  ✅ Gravity compensation active (Fz > 0)
  Actual Vel: (  0.000,   0.000,   0.067) m/s
  ℹ️  Velocity differs from PID (hybrid physics integration active)
────────────────────────────────────────────────────────────────────────────────

[DBG RENDER] Viewport sync triggered at pos (0.000, 0.000, 2.498)

────────────────────────────────────────────────────────────────────────────────
[FRAME 1438] Δt = 1.00s
────────────────────────────────────────────────────────────────────────────────
  State      : Armed=True, Mode=LOITER
  Position   : (  0.000,   0.000,   2.498)
  Velocity   : (  0.000,   0.000,  -0.129)
  Target Pos : (  0.000,   0.000,   2.498)
  Error      : (  0.000,   0.000,   0.000) = 0.000m
  PID Output : (  0.000,   0.000,   0.002) m/s
  Applied Force: (   0.00,    0.00,    5.89) N (|F|=5.89N)
  ✅ Gravity compensation active (Fz > 0)
  Actual Vel: (  0.000,   0.000,   0.067) m/s
  ℹ️  Velocity differs from PID (hybrid physics integration active)
────────────────────────────────────────────────────────────────────────────────

[DBG CACHE] Frame 1440: Updating cache with pos=(0.000,0.000,2.499)
[DBG ROS2] Publishing to /drone/odom: pos=(0.000,0.000,2.499)
[DBG RENDER] Viewport sync triggered at pos (0.000, 0.000, 2.498)
[VIEWPORT FIX] Setting drone position to (0.000, 0.000, 2.499)

────────────────────────────────────────────────────────────────────────────────
[FRAME 1457] Δt = 1.00s
────────────────────────────────────────────────────────────────────────────────
  State      : Armed=True, Mode=LOITER
  Position   : (  0.000,   0.000,   2.498)
  Velocity   : (  0.000,   0.000,  -0.129)
  Target Pos : (  0.000,   0.000,   2.498)
  Error      : (  0.000,   0.000,   0.000) = 0.000m
  PID Output : (  0.000,   0.000,   0.002) m/s
  Applied Force: (   0.00,    0.00,    5.89) N (|F|=5.89N)
  ✅ Gravity compensation active (Fz > 0)
  Actual Vel: (  0.000,   0.000,   0.067) m/s
  ℹ️  Velocity differs from PID (hybrid physics integration active)
────────────────────────────────────────────────────────────────────────────────

[DBG RENDER] Viewport sync triggered at pos (0.000, 0.000, 2.498)

────────────────────────────────────────────────────────────────────────────────
[FRAME 1477] Δt = 1.00s
────────────────────────────────────────────────────────────────────────────────
  State      : Armed=True, Mode=LOITER
  Position   : (  0.000,   0.000,   2.498)
  Velocity   : (  0.000,   0.000,  -0.129)
  Target Pos : (  0.000,   0.000,   2.498)
  Error      : (  0.000,   0.000,   0.000) = 0.000m
  PID Output : (  0.000,   0.000,   0.002) m/s
  Applied Force: (   0.00,    0.00,    5.89) N (|F|=5.89N)
  ✅ Gravity compensation active (Fz > 0)
  Actual Vel: (  0.000,   0.000,   0.067) m/s
  ℹ️  Velocity differs from PID (hybrid physics integration active)
────────────────────────────────────────────────────────────────────────────────

[DBG RENDER] Viewport sync triggered at pos (0.000, 0.000, 2.498)

────────────────────────────────────────────────────────────────────────────────
[FRAME 1497] Δt = 1.00s
────────────────────────────────────────────────────────────────────────────────
  State      : Armed=True, Mode=LOITER
  Position   : (  0.000,   0.000,   2.498)
  Velocity   : (  0.000,   0.000,  -0.129)
  Target Pos : (  0.000,   0.000,   2.498)
  Error      : (  0.000,   0.000,   0.000) = 0.000m
  PID Output : (  0.000,   0.000,   0.002) m/s
  Applied Force: (   0.00,    0.00,    5.89) N (|F|=5.89N)
  ✅ Gravity compensation active (Fz > 0)
  Actual Vel: (  0.000,   0.000,   0.067) m/s
  ℹ️  Velocity differs from PID (hybrid physics integration active)
────────────────────────────────────────────────────────────────────────────────

[DBG CACHE] Frame 1500: Updating cache with pos=(0.000,0.000,2.499)
[DBG ROS2] Publishing to /drone/odom: pos=(0.000,0.000,2.499)
[VIEWPORT FIX] Setting drone position to (0.000, 0.000, 2.499)
[DBG RENDER] Viewport sync triggered at pos (0.000, 0.000, 2.498)

────────────────────────────────────────────────────────────────────────────────
[FRAME 1516] Δt = 1.00s
────────────────────────────────────────────────────────────────────────────────
  State      : Armed=True, Mode=LOITER
  Position   : (  0.000,   0.000,   2.498)
  Velocity   : (  0.000,   0.000,  -0.129)
  Target Pos : (  0.000,   0.000,   2.498)
  Error      : (  0.000,   0.000,   0.000) = 0.000m
  PID Output : (  0.000,   0.000,   0.002) m/s
  Applied Force: (   0.00,    0.00,    5.89) N (|F|=5.89N)
  ✅ Gravity compensation active (Fz > 0)
  Actual Vel: (  0.000,   0.000,   0.067) m/s
  ℹ️  Velocity differs from PID (hybrid physics integration active)
────────────────────────────────────────────────────────────────────────────────

[DBG RENDER] Viewport sync triggered at pos (0.000, 0.000, 2.498)

────────────────────────────────────────────────────────────────────────────────
[FRAME 1536] Δt = 1.00s
────────────────────────────────────────────────────────────────────────────────
  State      : Armed=True, Mode=LOITER
  Position   : (  0.000,   0.000,   2.498)
  Velocity   : (  0.000,   0.000,  -0.129)
  Target Pos : (  0.000,   0.000,   2.498)
  Error      : (  0.000,   0.000,   0.000) = 0.000m
  PID Output : (  0.000,   0.000,   0.002) m/s
  Applied Force: (   0.00,    0.00,    5.89) N (|F|=5.89N)
  ✅ Gravity compensation active (Fz > 0)
  Actual Vel: (  0.000,   0.000,   0.067) m/s
  ℹ️  Velocity differs from PID (hybrid physics integration active)
────────────────────────────────────────────────────────────────────────────────

[DBG RENDER] Viewport sync triggered at pos (0.000, 0.000, 2.498)
[VIEWPORT FIX] Setting drone position to (0.000, 0.000, 2.499)

────────────────────────────────────────────────────────────────────────────────
[FRAME 1556] Δt = 1.00s
────────────────────────────────────────────────────────────────────────────────
  State      : Armed=True, Mode=LOITER
  Position   : (  0.000,   0.000,   2.498)
  Velocity   : (  0.000,   0.000,  -0.129)
  Target Pos : (  0.000,   0.000,   2.498)
  Error      : (  0.000,   0.000,   0.000) = 0.000m
  PID Output : (  0.000,   0.000,   0.002) m/s
  Applied Force: (   0.00,    0.00,    5.89) N (|F|=5.89N)
  ✅ Gravity compensation active (Fz > 0)
  Actual Vel: (  0.000,   0.000,   0.067) m/s
  ℹ️  Velocity differs from PID (hybrid physics integration active)
────────────────────────────────────────────────────────────────────────────────

[DBG CACHE] Frame 1560: Updating cache with pos=(0.000,0.000,2.499)
[DBG ROS2] Publishing to /drone/odom: pos=(0.000,0.000,2.499)
[DBG RENDER] Viewport sync triggered at pos (0.000, 0.000, 2.498)

────────────────────────────────────────────────────────────────────────────────
[FRAME 1576] Δt = 1.00s
────────────────────────────────────────────────────────────────────────────────
  State      : Armed=True, Mode=LOITER
  Position   : (  0.000,   0.000,   2.498)
  Velocity   : (  0.000,   0.000,  -0.129)
  Target Pos : (  0.000,   0.000,   2.498)
  Error      : (  0.000,   0.000,   0.000) = 0.000m
  PID Output : (  0.000,   0.000,   0.002) m/s
  Applied Force: (   0.00,    0.00,    5.89) N (|F|=5.89N)
  ✅ Gravity compensation active (Fz > 0)
  Actual Vel: (  0.000,   0.000,   0.067) m/s
  ℹ️  Velocity differs from PID (hybrid physics integration active)
────────────────────────────────────────────────────────────────────────────────

[DBG RENDER] Viewport sync triggered at pos (0.000, 0.000, 2.498)

────────────────────────────────────────────────────────────────────────────────
[FRAME 1595] Δt = 1.00s
────────────────────────────────────────────────────────────────────────────────
  State      : Armed=True, Mode=LOITER
  Position   : (  0.000,   0.000,   2.498)
  Velocity   : (  0.000,   0.000,  -0.129)
  Target Pos : (  0.000,   0.000,   2.498)
  Error      : (  0.000,   0.000,   0.000) = 0.000m
  PID Output : (  0.000,   0.000,   0.002) m/s
  Applied Force: (   0.00,    0.00,    5.89) N (|F|=5.89N)
  ✅ Gravity compensation active (Fz > 0)
  Actual Vel: (  0.000,   0.000,   0.067) m/s
  ℹ️  Velocity differs from PID (hybrid physics integration active)
────────────────────────────────────────────────────────────────────────────────

[VIEWPORT FIX] Setting drone position to (0.000, 0.000, 2.499)
[DBG RENDER] Viewport sync triggered at pos (0.000, 0.000, 2.498)

────────────────────────────────────────────────────────────────────────────────
[FRAME 1615] Δt = 1.00s
────────────────────────────────────────────────────────────────────────────────
  State      : Armed=True, Mode=LOITER
  Position   : (  0.000,   0.000,   2.498)
  Velocity   : (  0.000,   0.000,  -0.129)
  Target Pos : (  0.000,   0.000,   2.498)
  Error      : (  0.000,   0.000,   0.000) = 0.000m
  PID Output : (  0.000,   0.000,   0.002) m/s
  Applied Force: (   0.00,    0.00,    5.89) N (|F|=5.89N)
  ✅ Gravity compensation active (Fz > 0)
  Actual Vel: (  0.000,   0.000,   0.067) m/s
  ℹ️  Velocity differs from PID (hybrid physics integration active)
────────────────────────────────────────────────────────────────────────────────

[DBG CACHE] Frame 1620: Updating cache with pos=(0.000,0.000,2.499)
[DBG ROS2] Publishing to /drone/odom: pos=(0.000,0.000,2.499)
[DBG RENDER] Viewport sync triggered at pos (0.000, 0.000, 2.498)

────────────────────────────────────────────────────────────────────────────────
[FRAME 1636] Δt = 1.00s
────────────────────────────────────────────────────────────────────────────────
  State      : Armed=True, Mode=LOITER
  Position   : (  0.000,   0.000,   2.498)
  Velocity   : (  0.000,   0.000,  -0.129)
  Target Pos : (  0.000,   0.000,   2.498)
  Error      : (  0.000,   0.000,   0.000) = 0.000m
  PID Output : (  0.000,   0.000,   0.002) m/s
  Applied Force: (   0.00,    0.00,    5.89) N (|F|=5.89N)
  ✅ Gravity compensation active (Fz > 0)
  Actual Vel: (  0.000,   0.000,   0.067) m/s
  ℹ️  Velocity differs from PID (hybrid physics integration active)
────────────────────────────────────────────────────────────────────────────────

[DBG RENDER] Viewport sync triggered at pos (0.000, 0.000, 2.498)
[VIEWPORT FIX] Setting drone position to (0.000, 0.000, 2.499)

────────────────────────────────────────────────────────────────────────────────
[FRAME 1656] Δt = 1.00s
────────────────────────────────────────────────────────────────────────────────
  State      : Armed=True, Mode=LOITER
  Position   : (  0.000,   0.000,   2.498)
  Velocity   : (  0.000,   0.000,  -0.129)
  Target Pos : (  0.000,   0.000,   2.498)
  Error      : (  0.000,   0.000,   0.000) = 0.000m
  PID Output : (  0.000,   0.000,   0.002) m/s
  Applied Force: (   0.00,    0.00,    5.89) N (|F|=5.89N)
  ✅ Gravity compensation active (Fz > 0)
  Actual Vel: (  0.000,   0.000,   0.067) m/s
  ℹ️  Velocity differs from PID (hybrid physics integration active)
────────────────────────────────────────────────────────────────────────────────

[DBG RENDER] Viewport sync triggered at pos (0.000, 0.000, 2.498)

────────────────────────────────────────────────────────────────────────────────
[FRAME 1676] Δt = 1.00s
────────────────────────────────────────────────────────────────────────────────
  State      : Armed=True, Mode=LOITER
  Position   : (  0.000,   0.000,   2.498)
  Velocity   : (  0.000,   0.000,  -0.129)
  Target Pos : (  0.000,   0.000,   2.498)
  Error      : (  0.000,   0.000,   0.000) = 0.000m
  PID Output : (  0.000,   0.000,   0.002) m/s
  Applied Force: (   0.00,    0.00,    5.89) N (|F|=5.89N)
  ✅ Gravity compensation active (Fz > 0)
  Actual Vel: (  0.000,   0.000,   0.067) m/s
  ℹ️  Velocity differs from PID (hybrid physics integration active)
────────────────────────────────────────────────────────────────────────────────

[DBG CACHE] Frame 1680: Updating cache with pos=(0.000,0.000,2.499)
[DBG ROS2] Publishing to /drone/odom: pos=(0.000,0.000,2.499)
[DBG RENDER] Viewport sync triggered at pos (0.000, 0.000, 2.498)

────────────────────────────────────────────────────────────────────────────────
[FRAME 1695] Δt = 1.00s
────────────────────────────────────────────────────────────────────────────────
  State      : Armed=True, Mode=LOITER
  Position   : (  0.000,   0.000,   2.498)
  Velocity   : (  0.000,   0.000,  -0.129)
  Target Pos : (  0.000,   0.000,   2.498)
  Error      : (  0.000,   0.000,   0.000) = 0.000m
  PID Output : (  0.000,   0.000,   0.002) m/s
  Applied Force: (   0.00,    0.00,    5.89) N (|F|=5.89N)
  ✅ Gravity compensation active (Fz > 0)
  Actual Vel: (  0.000,   0.000,   0.067) m/s
  ℹ️  Velocity differs from PID (hybrid physics integration active)
────────────────────────────────────────────────────────────────────────────────

[VIEWPORT FIX] Setting drone position to (0.000, 0.000, 2.499)
[DBG RENDER] Viewport sync triggered at pos (0.000, 0.000, 2.498)

────────────────────────────────────────────────────────────────────────────────
[FRAME 1715] Δt = 1.00s
────────────────────────────────────────────────────────────────────────────────
  State      : Armed=True, Mode=LOITER
  Position   : (  0.000,   0.000,   2.498)
  Velocity   : (  0.000,   0.000,  -0.129)
  Target Pos : (  0.000,   0.000,   2.498)
  Error      : (  0.000,   0.000,   0.000) = 0.000m
  PID Output : (  0.000,   0.000,   0.002) m/s
  Applied Force: (   0.00,    0.00,    5.89) N (|F|=5.89N)
  ✅ Gravity compensation active (Fz > 0)
  Actual Vel: (  0.000,   0.000,   0.067) m/s
  ℹ️  Velocity differs from PID (hybrid physics integration active)
────────────────────────────────────────────────────────────────────────────────

[DBG RENDER] Viewport sync triggered at pos (0.000, 0.000, 2.498)

────────────────────────────────────────────────────────────────────────────────
[FRAME 1735] Δt = 1.00s
────────────────────────────────────────────────────────────────────────────────
  State      : Armed=True, Mode=LOITER
  Position   : (  0.000,   0.000,   2.498)
  Velocity   : (  0.000,   0.000,  -0.129)
  Target Pos : (  0.000,   0.000,   2.498)
  Error      : (  0.000,   0.000,   0.000) = 0.000m
  PID Output : (  0.000,   0.000,   0.002) m/s
  Applied Force: (   0.00,    0.00,    5.89) N (|F|=5.89N)
  ✅ Gravity compensation active (Fz > 0)
  Actual Vel: (  0.000,   0.000,   0.067) m/s
  ℹ️  Velocity differs from PID (hybrid physics integration active)
────────────────────────────────────────────────────────────────────────────────

[DBG CACHE] Frame 1740: Updating cache with pos=(0.000,0.000,2.499)
[DBG ROS2] Publishing to /drone/odom: pos=(0.000,0.000,2.499)
[DBG RENDER] Viewport sync triggered at pos (0.000, 0.000, 2.498)
[VIEWPORT FIX] Setting drone position to (0.000, 0.000, 2.499)

────────────────────────────────────────────────────────────────────────────────
[FRAME 1754] Δt = 1.00s
────────────────────────────────────────────────────────────────────────────────
  State      : Armed=True, Mode=LOITER
  Position   : (  0.000,   0.000,   2.498)
  Velocity   : (  0.000,   0.000,  -0.129)
  Target Pos : (  0.000,   0.000,   2.498)
  Error      : (  0.000,   0.000,   0.000) = 0.000m
  PID Output : (  0.000,   0.000,   0.002) m/s
  Applied Force: (   0.00,    0.00,    5.89) N (|F|=5.89N)
  ✅ Gravity compensation active (Fz > 0)
  Actual Vel: (  0.000,   0.000,   0.067) m/s
  ℹ️  Velocity differs from PID (hybrid physics integration active)
────────────────────────────────────────────────────────────────────────────────

[DBG RENDER] Viewport sync triggered at pos (0.000, 0.000, 2.498)

────────────────────────────────────────────────────────────────────────────────
[FRAME 1774] Δt = 1.00s
────────────────────────────────────────────────────────────────────────────────
  State      : Armed=True, Mode=LOITER
  Position   : (  0.000,   0.000,   2.498)
  Velocity   : (  0.000,   0.000,  -0.129)
  Target Pos : (  0.000,   0.000,   2.498)
  Error      : (  0.000,   0.000,   0.000) = 0.000m
  PID Output : (  0.000,   0.000,   0.002) m/s
  Applied Force: (   0.00,    0.00,    5.89) N (|F|=5.89N)
  ✅ Gravity compensation active (Fz > 0)
  Actual Vel: (  0.000,   0.000,   0.067) m/s
  ℹ️  Velocity differs from PID (hybrid physics integration active)
────────────────────────────────────────────────────────────────────────────────

[DBG RENDER] Viewport sync triggered at pos (0.000, 0.000, 2.498)

────────────────────────────────────────────────────────────────────────────────
[FRAME 1793] Δt = 1.00s
────────────────────────────────────────────────────────────────────────────────
  State      : Armed=True, Mode=LOITER
  Position   : (  0.000,   0.000,   2.498)
  Velocity   : (  0.000,   0.000,  -0.129)
  Target Pos : (  0.000,   0.000,   2.498)
  Error      : (  0.000,   0.000,  -0.000) = 0.000m
  PID Output : (  0.000,   0.000,   0.002) m/s
  Applied Force: (   0.00,    0.00,    5.89) N (|F|=5.89N)
  ✅ Gravity compensation active (Fz > 0)
  Actual Vel: (  0.000,   0.000,   0.067) m/s
  ℹ️  Velocity differs from PID (hybrid physics integration active)
────────────────────────────────────────────────────────────────────────────────

[DBG CACHE] Frame 1800: Updating cache with pos=(0.000,0.000,2.499)
[DBG ROS2] Publishing to /drone/odom: pos=(0.000,0.000,2.499)
[VIEWPORT FIX] Setting drone position to (0.000, 0.000, 2.499)
[DBG RENDER] Viewport sync triggered at pos (0.000, 0.000, 2.498)

────────────────────────────────────────────────────────────────────────────────
[FRAME 1812] Δt = 1.00s
────────────────────────────────────────────────────────────────────────────────
  State      : Armed=True, Mode=LOITER
  Position   : (  0.000,   0.000,   2.498)
  Velocity   : (  0.000,   0.000,  -0.129)
  Target Pos : (  0.000,   0.000,   2.498)
  Error      : (  0.000,   0.000,  -0.000) = 0.000m
  PID Output : (  0.000,   0.000,   0.002) m/s
  Applied Force: (   0.00,    0.00,    5.89) N (|F|=5.89N)
  ✅ Gravity compensation active (Fz > 0)
  Actual Vel: (  0.000,   0.000,   0.067) m/s
  ℹ️  Velocity differs from PID (hybrid physics integration active)
────────────────────────────────────────────────────────────────────────────────

[DBG RENDER] Viewport sync triggered at pos (0.000, 0.000, 2.498)

────────────────────────────────────────────────────────────────────────────────
[FRAME 1832] Δt = 1.00s
────────────────────────────────────────────────────────────────────────────────
  State      : Armed=True, Mode=LOITER
  Position   : (  0.000,   0.000,   2.498)
  Velocity   : (  0.000,   0.000,  -0.129)
  Target Pos : (  0.000,   0.000,   2.498)
  Error      : (  0.000,   0.000,  -0.000) = 0.000m
  PID Output : (  0.000,   0.000,   0.002) m/s
  Applied Force: (   0.00,    0.00,    5.89) N (|F|=5.89N)
  ✅ Gravity compensation active (Fz > 0)
  Actual Vel: (  0.000,   0.000,   0.067) m/s
  ℹ️  Velocity differs from PID (hybrid physics integration active)
────────────────────────────────────────────────────────────────────────────────

[DBG RENDER] Viewport sync triggered at pos (0.000, 0.000, 2.498)
[VIEWPORT FIX] Setting drone position to (0.000, 0.000, 2.499)

────────────────────────────────────────────────────────────────────────────────
[FRAME 1852] Δt = 1.00s
────────────────────────────────────────────────────────────────────────────────
  State      : Armed=True, Mode=LOITER
  Position   : (  0.000,   0.000,   2.498)
  Velocity   : (  0.000,   0.000,  -0.129)
  Target Pos : (  0.000,   0.000,   2.498)
  Error      : (  0.000,   0.000,  -0.000) = 0.000m
  PID Output : (  0.000,   0.000,   0.002) m/s
  Applied Force: (   0.00,    0.00,    5.89) N (|F|=5.89N)
  ✅ Gravity compensation active (Fz > 0)
  Actual Vel: (  0.000,   0.000,   0.067) m/s
  ℹ️  Velocity differs from PID (hybrid physics integration active)
────────────────────────────────────────────────────────────────────────────────

[DBG CACHE] Frame 1860: Updating cache with pos=(0.000,0.000,2.499)
[DBG ROS2] Publishing to /drone/odom: pos=(0.000,0.000,2.499)
[DBG RENDER] Viewport sync triggered at pos (0.000, 0.000, 2.498)

────────────────────────────────────────────────────────────────────────────────
[FRAME 1872] Δt = 1.00s
────────────────────────────────────────────────────────────────────────────────
  State      : Armed=True, Mode=LOITER
  Position   : (  0.000,   0.000,   2.498)
  Velocity   : (  0.000,   0.000,  -0.129)
  Target Pos : (  0.000,   0.000,   2.498)
  Error      : (  0.000,   0.000,  -0.000) = 0.000m
  PID Output : (  0.000,   0.000,   0.002) m/s
  Applied Force: (   0.00,    0.00,    5.89) N (|F|=5.89N)
  ✅ Gravity compensation active (Fz > 0)
  Actual Vel: (  0.000,   0.000,   0.067) m/s
  ℹ️  Velocity differs from PID (hybrid physics integration active)
────────────────────────────────────────────────────────────────────────────────

[DBG RENDER] Viewport sync triggered at pos (0.000, 0.000, 2.498)

────────────────────────────────────────────────────────────────────────────────
[FRAME 1892] Δt = 1.00s
────────────────────────────────────────────────────────────────────────────────
  State      : Armed=True, Mode=LOITER
  Position   : (  0.000,   0.000,   2.498)
  Velocity   : (  0.000,   0.000,  -0.129)
  Target Pos : (  0.000,   0.000,   2.498)
  Error      : (  0.000,   0.000,  -0.000) = 0.000m
  PID Output : (  0.000,   0.000,   0.002) m/s
  Applied Force: (   0.00,    0.00,    5.89) N (|F|=5.89N)
  ✅ Gravity compensation active (Fz > 0)
  Actual Vel: (  0.000,   0.000,   0.067) m/s
  ℹ️  Velocity differs from PID (hybrid physics integration active)
────────────────────────────────────────────────────────────────────────────────

[VIEWPORT FIX] Setting drone position to (0.000, 0.000, 2.499)
[DBG RENDER] Viewport sync triggered at pos (0.000, 0.000, 2.498)

────────────────────────────────────────────────────────────────────────────────
[FRAME 1912] Δt = 1.00s
────────────────────────────────────────────────────────────────────────────────
  State      : Armed=True, Mode=LOITER
  Position   : (  0.000,   0.000,   2.498)
  Velocity   : (  0.000,   0.000,  -0.129)
  Target Pos : (  0.000,   0.000,   2.498)
  Error      : (  0.000,   0.000,  -0.000) = 0.000m
  PID Output : (  0.000,   0.000,   0.002) m/s
  Applied Force: (   0.00,    0.00,    5.89) N (|F|=5.89N)
  ✅ Gravity compensation active (Fz > 0)
  Actual Vel: (  0.000,   0.000,   0.067) m/s
  ℹ️  Velocity differs from PID (hybrid physics integration active)
────────────────────────────────────────────────────────────────────────────────

[DBG CACHE] Frame 1920: Updating cache with pos=(0.000,0.000,2.499)
[DBG ROS2] Publishing to /drone/odom: pos=(0.000,0.000,2.499)
[DBG RENDER] Viewport sync triggered at pos (0.000, 0.000, 2.498)

────────────────────────────────────────────────────────────────────────────────
[FRAME 1932] Δt = 1.00s
────────────────────────────────────────────────────────────────────────────────
  State      : Armed=True, Mode=LOITER
  Position   : (  0.000,   0.000,   2.498)
  Velocity   : (  0.000,   0.000,  -0.129)
  Target Pos : (  0.000,   0.000,   2.498)
  Error      : (  0.000,   0.000,  -0.000) = 0.000m
  PID Output : (  0.000,   0.000,   0.002) m/s
  Applied Force: (   0.00,    0.00,    5.89) N (|F|=5.89N)
  ✅ Gravity compensation active (Fz > 0)
  Actual Vel: (  0.000,   0.000,   0.067) m/s
  ℹ️  Velocity differs from PID (hybrid physics integration active)
────────────────────────────────────────────────────────────────────────────────

[DBG RENDER] Viewport sync triggered at pos (0.000, 0.000, 2.498)
[VIEWPORT FIX] Setting drone position to (0.000, 0.000, 2.499)

────────────────────────────────────────────────────────────────────────────────
[FRAME 1952] Δt = 1.00s
────────────────────────────────────────────────────────────────────────────────
  State      : Armed=True, Mode=LOITER
  Position   : (  0.000,   0.000,   2.498)
  Velocity   : (  0.000,   0.000,  -0.129)
  Target Pos : (  0.000,   0.000,   2.498)
  Error      : (  0.000,   0.000,  -0.000) = 0.000m
  PID Output : (  0.000,   0.000,   0.002) m/s
  Applied Force: (   0.00,    0.00,    5.89) N (|F|=5.89N)
  ✅ Gravity compensation active (Fz > 0)
  Actual Vel: (  0.000,   0.000,   0.067) m/s
  ℹ️  Velocity differs from PID (hybrid physics integration active)
────────────────────────────────────────────────────────────────────────────────

[DBG RENDER] Viewport sync triggered at pos (0.000, 0.000, 2.498)

────────────────────────────────────────────────────────────────────────────────
[FRAME 1972] Δt = 1.00s
────────────────────────────────────────────────────────────────────────────────
  State      : Armed=True, Mode=LOITER
  Position   : (  0.000,   0.000,   2.498)
  Velocity   : (  0.000,   0.000,  -0.129)
  Target Pos : (  0.000,   0.000,   2.498)
  Error      : (  0.000,   0.000,  -0.000) = 0.000m
  PID Output : (  0.000,   0.000,   0.002) m/s
  Applied Force: (   0.00,    0.00,    5.89) N (|F|=5.89N)
  ✅ Gravity compensation active (Fz > 0)
  Actual Vel: (  0.000,   0.000,   0.067) m/s
  ℹ️  Velocity differs from PID (hybrid physics integration active)
────────────────────────────────────────────────────────────────────────────────

[DBG CACHE] Frame 1980: Updating cache with pos=(0.000,0.000,2.499)
[DBG ROS2] Publishing to /drone/odom: pos=(0.000,0.000,2.499)
[DBG RENDER] Viewport sync triggered at pos (0.000, 0.000, 2.498)

────────────────────────────────────────────────────────────────────────────────
[FRAME 1992] Δt = 1.00s
────────────────────────────────────────────────────────────────────────────────
  State      : Armed=True, Mode=LOITER
  Position   : (  0.000,   0.000,   2.498)
  Velocity   : (  0.000,   0.000,  -0.129)
  Target Pos : (  0.000,   0.000,   2.498)
  Error      : (  0.000,   0.000,  -0.000) = 0.000m
  PID Output : (  0.000,   0.000,   0.002) m/s
  Applied Force: (   0.00,    0.00,    5.89) N (|F|=5.89N)
  ✅ Gravity compensation active (Fz > 0)
  Actual Vel: (  0.000,   0.000,   0.067) m/s
  ℹ️  Velocity differs from PID (hybrid physics integration active)
────────────────────────────────────────────────────────────────────────────────

[VIEWPORT FIX] Setting drone position to (0.000, 0.000, 2.499)
[DBG RENDER] Viewport sync triggered at pos (0.000, 0.000, 2.498)

────────────────────────────────────────────────────────────────────────────────
[FRAME 2012] Δt = 1.00s
────────────────────────────────────────────────────────────────────────────────
  State      : Armed=True, Mode=LOITER
  Position   : (  0.000,   0.000,   2.498)
  Velocity   : (  0.000,   0.000,  -0.129)
  Target Pos : (  0.000,   0.000,   2.498)
  Error      : (  0.000,   0.000,  -0.000) = 0.000m
  PID Output : (  0.000,   0.000,   0.002) m/s
  Applied Force: (   0.00,    0.00,    5.89) N (|F|=5.89N)
  ✅ Gravity compensation active (Fz > 0)
  Actual Vel: (  0.000,   0.000,   0.067) m/s
  ℹ️  Velocity differs from PID (hybrid physics integration active)
────────────────────────────────────────────────────────────────────────────────

[DBG RENDER] Viewport sync triggered at pos (0.000, 0.000, 2.498)

────────────────────────────────────────────────────────────────────────────────
[FRAME 2032] Δt = 1.00s
────────────────────────────────────────────────────────────────────────────────
  State      : Armed=True, Mode=LOITER
  Position   : (  0.000,   0.000,   2.498)
  Velocity   : (  0.000,   0.000,  -0.129)
  Target Pos : (  0.000,   0.000,   2.498)
  Error      : (  0.000,   0.000,  -0.000) = 0.000m
  PID Output : (  0.000,   0.000,   0.002) m/s
  Applied Force: (   0.00,    0.00,    5.89) N (|F|=5.89N)
  ✅ Gravity compensation active (Fz > 0)
  Actual Vel: (  0.000,   0.000,   0.067) m/s
  ℹ️  Velocity differs from PID (hybrid physics integration active)
────────────────────────────────────────────────────────────────────────────────

[DBG CACHE] Frame 2040: Updating cache with pos=(0.000,0.000,2.499)
[DBG ROS2] Publishing to /drone/odom: pos=(0.000,0.000,2.499)
[DBG RENDER] Viewport sync triggered at pos (0.000, 0.000, 2.498)
[VIEWPORT FIX] Setting drone position to (0.000, 0.000, 2.499)

────────────────────────────────────────────────────────────────────────────────
[FRAME 2051] Δt = 1.00s
────────────────────────────────────────────────────────────────────────────────
  State      : Armed=True, Mode=LOITER
  Position   : (  0.000,   0.000,   2.498)
  Velocity   : (  0.000,   0.000,  -0.129)
  Target Pos : (  0.000,   0.000,   2.498)
  Error      : (  0.000,   0.000,  -0.000) = 0.000m
  PID Output : (  0.000,   0.000,   0.002) m/s
  Applied Force: (   0.00,    0.00,    5.89) N (|F|=5.89N)
  ✅ Gravity compensation active (Fz > 0)
  Actual Vel: (  0.000,   0.000,   0.067) m/s
  ℹ️  Velocity differs from PID (hybrid physics integration active)
────────────────────────────────────────────────────────────────────────────────

[DBG RENDER] Viewport sync triggered at pos (0.000, 0.000, 2.498)

────────────────────────────────────────────────────────────────────────────────
[FRAME 2071] Δt = 1.00s
────────────────────────────────────────────────────────────────────────────────
  State      : Armed=True, Mode=LOITER
  Position   : (  0.000,   0.000,   2.498)
  Velocity   : (  0.000,   0.000,  -0.129)
  Target Pos : (  0.000,   0.000,   2.498)
  Error      : (  0.000,   0.000,  -0.000) = 0.000m
  PID Output : (  0.000,   0.000,   0.002) m/s
  Applied Force: (   0.00,    0.00,    5.89) N (|F|=5.89N)
  ✅ Gravity compensation active (Fz > 0)
  Actual Vel: (  0.000,   0.000,   0.067) m/s
  ℹ️  Velocity differs from PID (hybrid physics integration active)
────────────────────────────────────────────────────────────────────────────────

[DBG RENDER] Viewport sync triggered at pos (0.000, 0.000, 2.498)

────────────────────────────────────────────────────────────────────────────────
[FRAME 2091] Δt = 1.00s
────────────────────────────────────────────────────────────────────────────────
  State      : Armed=True, Mode=LOITER
  Position   : (  0.000,   0.000,   2.498)
  Velocity   : (  0.000,   0.000,  -0.129)
  Target Pos : (  0.000,   0.000,   2.498)
  Error      : (  0.000,   0.000,  -0.000) = 0.000m
  PID Output : (  0.000,   0.000,   0.002) m/s
  Applied Force: (   0.00,    0.00,    5.89) N (|F|=5.89N)
  ✅ Gravity compensation active (Fz > 0)
  Actual Vel: (  0.000,   0.000,   0.067) m/s
  ℹ️  Velocity differs from PID (hybrid physics integration active)
────────────────────────────────────────────────────────────────────────────────

[DBG CACHE] Frame 2100: Updating cache with pos=(0.000,0.000,2.499)
[DBG ROS2] Publishing to /drone/odom: pos=(0.000,0.000,2.499)
[VIEWPORT FIX] Setting drone position to (0.000, 0.000, 2.499)
[DBG RENDER] Viewport sync triggered at pos (0.000, 0.000, 2.498)

────────────────────────────────────────────────────────────────────────────────
[FRAME 2111] Δt = 1.00s
────────────────────────────────────────────────────────────────────────────────
  State      : Armed=True, Mode=LOITER
  Position   : (  0.000,   0.000,   2.498)
  Velocity   : (  0.000,   0.000,  -0.129)
  Target Pos : (  0.000,   0.000,   2.498)
  Error      : (  0.000,   0.000,  -0.000) = 0.000m
  PID Output : (  0.000,   0.000,   0.002) m/s
  Applied Force: (   0.00,    0.00,    5.89) N (|F|=5.89N)
  ✅ Gravity compensation active (Fz > 0)
  Actual Vel: (  0.000,   0.000,   0.067) m/s
  ℹ️  Velocity differs from PID (hybrid physics integration active)
────────────────────────────────────────────────────────────────────────────────

[DBG RENDER] Viewport sync triggered at pos (0.000, 0.000, 2.498)

────────────────────────────────────────────────────────────────────────────────
[FRAME 2130] Δt = 1.00s
────────────────────────────────────────────────────────────────────────────────
  State      : Armed=True, Mode=LOITER
  Position   : (  0.000,   0.000,   2.498)
  Velocity   : (  0.000,   0.000,  -0.129)
  Target Pos : (  0.000,   0.000,   2.498)
  Error      : (  0.000,   0.000,  -0.000) = 0.000m
  PID Output : (  0.000,   0.000,   0.002) m/s
  Applied Force: (   0.00,    0.00,    5.89) N (|F|=5.89N)
  ✅ Gravity compensation active (Fz > 0)
  Actual Vel: (  0.000,   0.000,   0.067) m/s
  ℹ️  Velocity differs from PID (hybrid physics integration active)
────────────────────────────────────────────────────────────────────────────────

[DBG RENDER] Viewport sync triggered at pos (0.000, 0.000, 2.498)

────────────────────────────────────────────────────────────────────────────────
[FRAME 2149] Δt = 1.00s
────────────────────────────────────────────────────────────────────────────────
  State      : Armed=True, Mode=LOITER
  Position   : (  0.000,   0.000,   2.498)
  Velocity   : (  0.000,   0.000,  -0.129)
  Target Pos : (  0.000,   0.000,   2.498)
  Error      : (  0.000,   0.000,  -0.000) = 0.000m
  PID Output : (  0.000,   0.000,   0.002) m/s
  Applied Force: (   0.00,    0.00,    5.89) N (|F|=5.89N)
  ✅ Gravity compensation active (Fz > 0)
  Actual Vel: (  0.000,   0.000,   0.067) m/s
  ℹ️  Velocity differs from PID (hybrid physics integration active)
────────────────────────────────────────────────────────────────────────────────

[VIEWPORT FIX] Setting drone position to (0.000, 0.000, 2.499)
[DBG CACHE] Frame 2160: Updating cache with pos=(0.000,0.000,2.499)
[DBG ROS2] Publishing to /drone/odom: pos=(0.000,0.000,2.499)
[DBG RENDER] Viewport sync triggered at pos (0.000, 0.000, 2.498)

────────────────────────────────────────────────────────────────────────────────
[FRAME 2168] Δt = 1.00s
────────────────────────────────────────────────────────────────────────────────
  State      : Armed=True, Mode=LOITER
  Position   : (  0.000,   0.000,   2.498)
  Velocity   : (  0.000,   0.000,  -0.129)
  Target Pos : (  0.000,   0.000,   2.498)
  Error      : (  0.000,   0.000,  -0.000) = 0.000m
  PID Output : (  0.000,   0.000,   0.002) m/s
  Applied Force: (   0.00,    0.00,    5.89) N (|F|=5.89N)
  ✅ Gravity compensation active (Fz > 0)
  Actual Vel: (  0.000,   0.000,   0.067) m/s
  ℹ️  Velocity differs from PID (hybrid physics integration active)
────────────────────────────────────────────────────────────────────────────────

[DBG RENDER] Viewport sync triggered at pos (0.000, 0.000, 2.498)

────────────────────────────────────────────────────────────────────────────────
[FRAME 2187] Δt = 1.00s
────────────────────────────────────────────────────────────────────────────────
  State      : Armed=True, Mode=LOITER
  Position   : (  0.000,   0.000,   2.498)
  Velocity   : (  0.000,   0.000,  -0.129)
  Target Pos : (  0.000,   0.000,   2.498)
  Error      : (  0.000,   0.000,  -0.000) = 0.000m
  PID Output : (  0.000,   0.000,   0.002) m/s
  Applied Force: (   0.00,    0.00,    5.89) N (|F|=5.89N)
  ✅ Gravity compensation active (Fz > 0)
  Actual Vel: (  0.000,   0.000,   0.067) m/s
  ℹ️  Velocity differs from PID (hybrid physics integration active)
────────────────────────────────────────────────────────────────────────────────

[VIEWPORT FIX] Setting drone position to (0.000, 0.000, 2.499)
[DBG RENDER] Viewport sync triggered at pos (0.000, 0.000, 2.498)

────────────────────────────────────────────────────────────────────────────────
[FRAME 2206] Δt = 1.00s
────────────────────────────────────────────────────────────────────────────────
  State      : Armed=True, Mode=LOITER
  Position   : (  0.000,   0.000,   2.498)
  Velocity   : (  0.000,   0.000,  -0.129)
  Target Pos : (  0.000,   0.000,   2.498)
  Error      : (  0.000,   0.000,  -0.000) = 0.000m
  PID Output : (  0.000,   0.000,   0.002) m/s
  Applied Force: (   0.00,    0.00,    5.89) N (|F|=5.89N)
  ✅ Gravity compensation active (Fz > 0)
  Actual Vel: (  0.000,   0.000,   0.067) m/s
  ℹ️  Velocity differs from PID (hybrid physics integration active)
────────────────────────────────────────────────────────────────────────────────

[DBG CACHE] Frame 2220: Updating cache with pos=(0.000,0.000,2.499)
[DBG ROS2] Publishing to /drone/odom: pos=(0.000,0.000,2.499)
[DBG RENDER] Viewport sync triggered at pos (0.000, 0.000, 2.498)

────────────────────────────────────────────────────────────────────────────────
[FRAME 2226] Δt = 1.00s
────────────────────────────────────────────────────────────────────────────────
  State      : Armed=True, Mode=LOITER
  Position   : (  0.000,   0.000,   2.498)
  Velocity   : (  0.000,   0.000,  -0.129)
  Target Pos : (  0.000,   0.000,   2.498)
  Error      : (  0.000,   0.000,  -0.000) = 0.000m
  PID Output : (  0.000,   0.000,   0.002) m/s
  Applied Force: (   0.00,    0.00,    5.89) N (|F|=5.89N)
  ✅ Gravity compensation active (Fz > 0)
  Actual Vel: (  0.000,   0.000,   0.067) m/s
  ℹ️  Velocity differs from PID (hybrid physics integration active)
────────────────────────────────────────────────────────────────────────────────

[DBG RENDER] Viewport sync triggered at pos (0.000, 0.000, 2.498)

────────────────────────────────────────────────────────────────────────────────
[FRAME 2245] Δt = 1.00s
────────────────────────────────────────────────────────────────────────────────
  State      : Armed=True, Mode=LOITER
  Position   : (  0.000,   0.000,   2.498)
  Velocity   : (  0.000,   0.000,  -0.129)
  Target Pos : (  0.000,   0.000,   2.498)
  Error      : (  0.000,   0.000,  -0.000) = 0.000m
  PID Output : (  0.000,   0.000,   0.002) m/s
  Applied Force: (   0.00,    0.00,    5.89) N (|F|=5.89N)
  ✅ Gravity compensation active (Fz > 0)
  Actual Vel: (  0.000,   0.000,   0.067) m/s
  ℹ️  Velocity differs from PID (hybrid physics integration active)
────────────────────────────────────────────────────────────────────────────────

[VIEWPORT FIX] Setting drone position to (0.000, 0.000, 2.499)
[DBG RENDER] Viewport sync triggered at pos (0.000, 0.000, 2.498)

────────────────────────────────────────────────────────────────────────────────
[FRAME 2264] Δt = 1.00s
────────────────────────────────────────────────────────────────────────────────
  State      : Armed=True, Mode=LOITER
  Position   : (  0.000,   0.000,   2.498)
  Velocity   : (  0.000,   0.000,  -0.129)
  Target Pos : (  0.000,   0.000,   2.498)
  Error      : (  0.000,   0.000,  -0.000) = 0.000m
  PID Output : (  0.000,   0.000,   0.002) m/s
  Applied Force: (   0.00,    0.00,    5.89) N (|F|=5.89N)
  ✅ Gravity compensation active (Fz > 0)
  Actual Vel: (  0.000,   0.000,   0.067) m/s
  ℹ️  Velocity differs from PID (hybrid physics integration active)
────────────────────────────────────────────────────────────────────────────────

[DBG CACHE] Frame 2280: Updating cache with pos=(0.000,0.000,2.499)
[DBG ROS2] Publishing to /drone/odom: pos=(0.000,0.000,2.499)
[DBG RENDER] Viewport sync triggered at pos (0.000, 0.000, 2.498)

────────────────────────────────────────────────────────────────────────────────
[FRAME 2284] Δt = 1.00s
────────────────────────────────────────────────────────────────────────────────
  State      : Armed=True, Mode=LOITER
  Position   : (  0.000,   0.000,   2.498)
  Velocity   : (  0.000,   0.000,  -0.129)
  Target Pos : (  0.000,   0.000,   2.498)
  Error      : (  0.000,   0.000,  -0.000) = 0.000m
  PID Output : (  0.000,   0.000,   0.001) m/s
  Applied Force: (   0.00,    0.00,    5.89) N (|F|=5.89N)
  ✅ Gravity compensation active (Fz > 0)
  Actual Vel: (  0.000,   0.000,   0.067) m/s
  ℹ️  Velocity differs from PID (hybrid physics integration active)
────────────────────────────────────────────────────────────────────────────────

[VIEWPORT FIX] Setting drone position to (0.000, 0.000, 2.499)
[DBG RENDER] Viewport sync triggered at pos (0.000, 0.000, 2.498)

────────────────────────────────────────────────────────────────────────────────
[FRAME 2304] Δt = 1.00s
────────────────────────────────────────────────────────────────────────────────
  State      : Armed=True, Mode=LOITER
  Position   : (  0.000,   0.000,   2.498)
  Velocity   : (  0.000,   0.000,  -0.129)
  Target Pos : (  0.000,   0.000,   2.498)
  Error      : (  0.000,   0.000,  -0.000) = 0.000m
  PID Output : (  0.000,   0.000,   0.001) m/s
  Applied Force: (   0.00,    0.00,    5.89) N (|F|=5.89N)
  ✅ Gravity compensation active (Fz > 0)
  Actual Vel: (  0.000,   0.000,   0.067) m/s
  ℹ️  Velocity differs from PID (hybrid physics integration active)
────────────────────────────────────────────────────────────────────────────────

[DBG RENDER] Viewport sync triggered at pos (0.000, 0.000, 2.498)

────────────────────────────────────────────────────────────────────────────────
[FRAME 2324] Δt = 1.00s
────────────────────────────────────────────────────────────────────────────────
  State      : Armed=True, Mode=LOITER
  Position   : (  0.000,   0.000,   2.498)
  Velocity   : (  0.000,   0.000,  -0.129)
  Target Pos : (  0.000,   0.000,   2.498)
  Error      : (  0.000,   0.000,  -0.000) = 0.000m
  PID Output : (  0.000,   0.000,   0.001) m/s
  Applied Force: (   0.00,    0.00,    5.89) N (|F|=5.89N)
  ✅ Gravity compensation active (Fz > 0)
  Actual Vel: (  0.000,   0.000,   0.067) m/s
  ℹ️  Velocity differs from PID (hybrid physics integration active)
────────────────────────────────────────────────────────────────────────────────

[DBG CACHE] Frame 2340: Updating cache with pos=(0.000,0.000,2.499)
[DBG ROS2] Publishing to /drone/odom: pos=(0.000,0.000,2.499)
[DBG RENDER] Viewport sync triggered at pos (0.000, 0.000, 2.498)

────────────────────────────────────────────────────────────────────────────────
[FRAME 2344] Δt = 1.00s
────────────────────────────────────────────────────────────────────────────────
  State      : Armed=True, Mode=LOITER
  Position   : (  0.000,   0.000,   2.498)
  Velocity   : (  0.000,   0.000,  -0.129)
  Target Pos : (  0.000,   0.000,   2.498)
  Error      : (  0.000,   0.000,  -0.000) = 0.000m
  PID Output : (  0.000,   0.000,   0.001) m/s
  Applied Force: (   0.00,    0.00,    5.89) N (|F|=5.89N)
  ✅ Gravity compensation active (Fz > 0)
  Actual Vel: (  0.000,   0.000,   0.067) m/s
  ℹ️  Velocity differs from PID (hybrid physics integration active)
────────────────────────────────────────────────────────────────────────────────

[VIEWPORT FIX] Setting drone position to (0.000, 0.000, 2.499)
[DBG RENDER] Viewport sync triggered at pos (0.000, 0.000, 2.498)

────────────────────────────────────────────────────────────────────────────────
[FRAME 2364] Δt = 1.00s
────────────────────────────────────────────────────────────────────────────────
  State      : Armed=True, Mode=LOITER
  Position   : (  0.000,   0.000,   2.498)
  Velocity   : (  0.000,   0.000,  -0.129)
  Target Pos : (  0.000,   0.000,   2.498)
  Error      : (  0.000,   0.000,  -0.000) = 0.000m
  PID Output : (  0.000,   0.000,   0.001) m/s
  Applied Force: (   0.00,    0.00,    5.89) N (|F|=5.89N)
  ✅ Gravity compensation active (Fz > 0)
  Actual Vel: (  0.000,   0.000,   0.067) m/s
  ℹ️  Velocity differs from PID (hybrid physics integration active)
────────────────────────────────────────────────────────────────────────────────

[DBG RENDER] Viewport sync triggered at pos (0.000, 0.000, 2.498)

────────────────────────────────────────────────────────────────────────────────
[FRAME 2383] Δt = 1.00s
────────────────────────────────────────────────────────────────────────────────
  State      : Armed=True, Mode=LOITER
  Position   : (  0.000,   0.000,   2.498)
  Velocity   : (  0.000,   0.000,  -0.129)
  Target Pos : (  0.000,   0.000,   2.498)
  Error      : (  0.000,   0.000,  -0.000) = 0.000m
  PID Output : (  0.000,   0.000,   0.001) m/s
  Applied Force: (   0.00,    0.00,    5.89) N (|F|=5.89N)
  ✅ Gravity compensation active (Fz > 0)
  Actual Vel: (  0.000,   0.000,   0.067) m/s
  ℹ️  Velocity differs from PID (hybrid physics integration active)
────────────────────────────────────────────────────────────────────────────────

[DBG CACHE] Frame 2400: Updating cache with pos=(0.000,0.000,2.499)
[DBG ROS2] Publishing to /drone/odom: pos=(0.000,0.000,2.499)
[VIEWPORT FIX] Setting drone position to (0.000, 0.000, 2.499)
[DBG RENDER] Viewport sync triggered at pos (0.000, 0.000, 2.498)

────────────────────────────────────────────────────────────────────────────────
[FRAME 2402] Δt = 1.00s
────────────────────────────────────────────────────────────────────────────────
  State      : Armed=True, Mode=LOITER
  Position   : (  0.000,   0.000,   2.498)
  Velocity   : (  0.000,   0.000,  -0.129)
  Target Pos : (  0.000,   0.000,   2.498)
  Error      : (  0.000,   0.000,  -0.000) = 0.000m
  PID Output : (  0.000,   0.000,   0.001) m/s
  Applied Force: (   0.00,    0.00,    5.89) N (|F|=5.89N)
  ✅ Gravity compensation active (Fz > 0)
  Actual Vel: (  0.000,   0.000,   0.067) m/s
  ℹ️  Velocity differs from PID (hybrid physics integration active)
────────────────────────────────────────────────────────────────────────────────

[DBG RENDER] Viewport sync triggered at pos (0.000, 0.000, 2.498)

────────────────────────────────────────────────────────────────────────────────
[FRAME 2421] Δt = 1.00s
────────────────────────────────────────────────────────────────────────────────
  State      : Armed=True, Mode=LOITER
  Position   : (  0.000,   0.000,   2.498)
  Velocity   : (  0.000,   0.000,  -0.129)
  Target Pos : (  0.000,   0.000,   2.498)
  Error      : (  0.000,   0.000,  -0.000) = 0.000m
  PID Output : (  0.000,   0.000,   0.001) m/s
  Applied Force: (   0.00,    0.00,    5.89) N (|F|=5.89N)
  ✅ Gravity compensation active (Fz > 0)
  Actual Vel: (  0.000,   0.000,   0.067) m/s
  ℹ️  Velocity differs from PID (hybrid physics integration active)
────────────────────────────────────────────────────────────────────────────────


────────────────────────────────────────────────────────────────────────────────
[FRAME 2440] Δt = 1.00s
────────────────────────────────────────────────────────────────────────────────
  State      : Armed=True, Mode=LOITER
  Position   : (  0.000,   0.000,   2.498)
  Velocity   : (  0.000,   0.000,  -0.129)
  Target Pos : (  0.000,   0.000,   2.498)
  Error      : (  0.000,   0.000,  -0.000) = 0.000m
  PID Output : (  0.000,   0.000,   0.001) m/s
  Applied Force: (   0.00,    0.00,    5.89) N (|F|=5.89N)
  ✅ Gravity compensation active (Fz > 0)
  Actual Vel: (  0.000,   0.000,   0.067) m/s
  ℹ️  Velocity differs from PID (hybrid physics integration active)
────────────────────────────────────────────────────────────────────────────────

[DBG RENDER] Viewport sync triggered at pos (0.000, 0.000, 2.498)
[VIEWPORT FIX] Setting drone position to (0.000, 0.000, 2.499)

────────────────────────────────────────────────────────────────────────────────
[FRAME 2460] Δt = 1.00s
────────────────────────────────────────────────────────────────────────────────
  State      : Armed=True, Mode=LOITER
  Position   : (  0.000,   0.000,   2.498)
  Velocity   : (  0.000,   0.000,  -0.129)
  Target Pos : (  0.000,   0.000,   2.498)
  Error      : (  0.000,   0.000,  -0.000) = 0.000m
  PID Output : (  0.000,   0.000,   0.001) m/s
  Applied Force: (   0.00,    0.00,    5.89) N (|F|=5.89N)
  ✅ Gravity compensation active (Fz > 0)
  Actual Vel: (  0.000,   0.000,   0.067) m/s
  ℹ️  Velocity differs from PID (hybrid physics integration active)
────────────────────────────────────────────────────────────────────────────────

[DBG CACHE] Frame 2460: Updating cache with pos=(0.000,0.000,2.499)
[DBG ROS2] Publishing to /drone/odom: pos=(0.000,0.000,2.499)
[DBG RENDER] Viewport sync triggered at pos (0.000, 0.000, 2.498)

────────────────────────────────────────────────────────────────────────────────
[FRAME 2480] Δt = 1.00s
────────────────────────────────────────────────────────────────────────────────
  State      : Armed=True, Mode=LOITER
  Position   : (  0.000,   0.000,   2.498)
  Velocity   : (  0.000,   0.000,  -0.129)
  Target Pos : (  0.000,   0.000,   2.498)
  Error      : (  0.000,   0.000,  -0.000) = 0.000m
  PID Output : (  0.000,   0.000,   0.001) m/s
  Applied Force: (   0.00,    0.00,    5.89) N (|F|=5.89N)
  ✅ Gravity compensation active (Fz > 0)
  Actual Vel: (  0.000,   0.000,   0.067) m/s
  ℹ️  Velocity differs from PID (hybrid physics integration active)
────────────────────────────────────────────────────────────────────────────────

[DBG RENDER] Viewport sync triggered at pos (0.000, 0.000, 2.498)

────────────────────────────────────────────────────────────────────────────────
[FRAME 2500] Δt = 1.00s
────────────────────────────────────────────────────────────────────────────────
  State      : Armed=True, Mode=LOITER
  Position   : (  0.000,   0.000,   2.498)
  Velocity   : (  0.000,   0.000,  -0.129)
  Target Pos : (  0.000,   0.000,   2.498)
  Error      : (  0.000,   0.000,  -0.000) = 0.000m
  PID Output : (  0.000,   0.000,   0.001) m/s
  Applied Force: (   0.00,    0.00,    5.89) N (|F|=5.89N)
  ✅ Gravity compensation active (Fz > 0)
  Actual Vel: (  0.000,   0.000,   0.067) m/s
  ℹ️  Velocity differs from PID (hybrid physics integration active)
────────────────────────────────────────────────────────────────────────────────

[VIEWPORT FIX] Setting drone position to (0.000, 0.000, 2.499)
[DBG RENDER] Viewport sync triggered at pos (0.000, 0.000, 2.498)

────────────────────────────────────────────────────────────────────────────────
[FRAME 2519] Δt = 1.00s
────────────────────────────────────────────────────────────────────────────────
  State      : Armed=True, Mode=LOITER
  Position   : (  0.000,   0.000,   2.498)
  Velocity   : (  0.000,   0.000,  -0.129)
  Target Pos : (  0.000,   0.000,   2.498)
  Error      : (  0.000,   0.000,  -0.000) = 0.000m
  PID Output : (  0.000,   0.000,   0.001) m/s
  Applied Force: (   0.00,    0.00,    5.89) N (|F|=5.89N)
  ✅ Gravity compensation active (Fz > 0)
  Actual Vel: (  0.000,   0.000,   0.067) m/s
  ℹ️  Velocity differs from PID (hybrid physics integration active)
────────────────────────────────────────────────────────────────────────────────

[DBG CACHE] Frame 2520: Updating cache with pos=(0.000,0.000,2.499)
[DBG ROS2] Publishing to /drone/odom: pos=(0.000,0.000,2.499)
[DBG RENDER] Viewport sync triggered at pos (0.000, 0.000, 2.498)

────────────────────────────────────────────────────────────────────────────────
[FRAME 2538] Δt = 1.00s
────────────────────────────────────────────────────────────────────────────────
  State      : Armed=True, Mode=LOITER
  Position   : (  0.000,   0.000,   2.498)
  Velocity   : (  0.000,   0.000,  -0.129)
  Target Pos : (  0.000,   0.000,   2.498)
  Error      : (  0.000,   0.000,  -0.000) = 0.000m
  PID Output : (  0.000,   0.000,   0.001) m/s
  Applied Force: (   0.00,    0.00,    5.89) N (|F|=5.89N)
  ✅ Gravity compensation active (Fz > 0)
  Actual Vel: (  0.000,   0.000,   0.067) m/s
  ℹ️  Velocity differs from PID (hybrid physics integration active)
────────────────────────────────────────────────────────────────────────────────

[DBG RENDER] Viewport sync triggered at pos (0.000, 0.000, 2.498)
[VIEWPORT FIX] Setting drone position to (0.000, 0.000, 2.499)

────────────────────────────────────────────────────────────────────────────────
[FRAME 2558] Δt = 1.00s
────────────────────────────────────────────────────────────────────────────────
  State      : Armed=True, Mode=LOITER
  Position   : (  0.000,   0.000,   2.498)
  Velocity   : (  0.000,   0.000,  -0.129)
  Target Pos : (  0.000,   0.000,   2.498)
  Error      : (  0.000,   0.000,  -0.000) = 0.000m
  PID Output : (  0.000,   0.000,   0.001) m/s
  Applied Force: (   0.00,    0.00,    5.89) N (|F|=5.89N)
  ✅ Gravity compensation active (Fz > 0)
  Actual Vel: (  0.000,   0.000,   0.067) m/s
  ℹ️  Velocity differs from PID (hybrid physics integration active)
────────────────────────────────────────────────────────────────────────────────

[DBG RENDER] Viewport sync triggered at pos (0.000, 0.000, 2.498)

────────────────────────────────────────────────────────────────────────────────
[FRAME 2578] Δt = 1.00s
────────────────────────────────────────────────────────────────────────────────
  State      : Armed=True, Mode=LOITER
  Position   : (  0.000,   0.000,   2.498)
  Velocity   : (  0.000,   0.000,  -0.129)
  Target Pos : (  0.000,   0.000,   2.498)
  Error      : (  0.000,   0.000,  -0.000) = 0.000m
  PID Output : (  0.000,   0.000,   0.001) m/s
  Applied Force: (   0.00,    0.00,    5.89) N (|F|=5.89N)
  ✅ Gravity compensation active (Fz > 0)
  Actual Vel: (  0.000,   0.000,   0.067) m/s
  ℹ️  Velocity differs from PID (hybrid physics integration active)
────────────────────────────────────────────────────────────────────────────────

[DBG CACHE] Frame 2580: Updating cache with pos=(0.000,0.000,2.499)
[DBG ROS2] Publishing to /drone/odom: pos=(0.000,0.000,2.499)
[DBG RENDER] Viewport sync triggered at pos (0.000, 0.000, 2.498)

────────────────────────────────────────────────────────────────────────────────
[FRAME 2598] Δt = 1.00s
────────────────────────────────────────────────────────────────────────────────
  State      : Armed=True, Mode=LOITER
  Position   : (  0.000,   0.000,   2.498)
  Velocity   : (  0.000,   0.000,  -0.129)
  Target Pos : (  0.000,   0.000,   2.498)
  Error      : (  0.000,   0.000,  -0.000) = 0.000m
  PID Output : (  0.000,   0.000,   0.001) m/s
  Applied Force: (   0.00,    0.00,    5.89) N (|F|=5.89N)
  ✅ Gravity compensation active (Fz > 0)
  Actual Vel: (  0.000,   0.000,   0.067) m/s
  ℹ️  Velocity differs from PID (hybrid physics integration active)
────────────────────────────────────────────────────────────────────────────────

[VIEWPORT FIX] Setting drone position to (0.000, 0.000, 2.499)
[DBG RENDER] Viewport sync triggered at pos (0.000, 0.000, 2.498)

────────────────────────────────────────────────────────────────────────────────
[FRAME 2618] Δt = 1.00s
────────────────────────────────────────────────────────────────────────────────
  State      : Armed=True, Mode=LOITER
  Position   : (  0.000,   0.000,   2.498)
  Velocity   : (  0.000,   0.000,  -0.129)
  Target Pos : (  0.000,   0.000,   2.498)
  Error      : (  0.000,   0.000,  -0.000) = 0.000m
  PID Output : (  0.000,   0.000,   0.001) m/s
  Applied Force: (   0.00,    0.00,    5.89) N (|F|=5.89N)
  ✅ Gravity compensation active (Fz > 0)
  Actual Vel: (  0.000,   0.000,   0.067) m/s
  ℹ️  Velocity differs from PID (hybrid physics integration active)
────────────────────────────────────────────────────────────────────────────────

[DBG RENDER] Viewport sync triggered at pos (0.000, 0.000, 2.498)

────────────────────────────────────────────────────────────────────────────────
[FRAME 2637] Δt = 1.00s
────────────────────────────────────────────────────────────────────────────────
  State      : Armed=True, Mode=LOITER
  Position   : (  0.000,   0.000,   2.498)
  Velocity   : (  0.000,   0.000,  -0.129)
  Target Pos : (  0.000,   0.000,   2.498)
  Error      : (  0.000,   0.000,  -0.000) = 0.000m
  PID Output : (  0.000,   0.000,   0.001) m/s
  Applied Force: (   0.00,    0.00,    5.89) N (|F|=5.89N)
  ✅ Gravity compensation active (Fz > 0)
  Actual Vel: (  0.000,   0.000,   0.067) m/s
  ℹ️  Velocity differs from PID (hybrid physics integration active)
────────────────────────────────────────────────────────────────────────────────

[DBG CACHE] Frame 2640: Updating cache with pos=(0.000,0.000,2.499)
[DBG ROS2] Publishing to /drone/odom: pos=(0.000,0.000,2.499)
[DBG RENDER] Viewport sync triggered at pos (0.000, 0.000, 2.498)
[VIEWPORT FIX] Setting drone position to (0.000, 0.000, 2.499)

────────────────────────────────────────────────────────────────────────────────
[FRAME 2656] Δt = 1.00s
────────────────────────────────────────────────────────────────────────────────
  State      : Armed=True, Mode=LOITER
  Position   : (  0.000,   0.000,   2.498)
  Velocity   : (  0.000,   0.000,  -0.129)
  Target Pos : (  0.000,   0.000,   2.498)
  Error      : (  0.000,   0.000,  -0.000) = 0.000m
  PID Output : (  0.000,   0.000,   0.001) m/s
  Applied Force: (   0.00,    0.00,    5.89) N (|F|=5.89N)
  ✅ Gravity compensation active (Fz > 0)
  Actual Vel: (  0.000,   0.000,   0.067) m/s
  ℹ️  Velocity differs from PID (hybrid physics integration active)
────────────────────────────────────────────────────────────────────────────────

[DBG RENDER] Viewport sync triggered at pos (0.000, 0.000, 2.498)

────────────────────────────────────────────────────────────────────────────────
[FRAME 2676] Δt = 1.00s
────────────────────────────────────────────────────────────────────────────────
  State      : Armed=True, Mode=LOITER
  Position   : (  0.000,   0.000,   2.498)
  Velocity   : (  0.000,   0.000,  -0.129)
  Target Pos : (  0.000,   0.000,   2.498)
  Error      : (  0.000,   0.000,  -0.000) = 0.000m
  PID Output : (  0.000,   0.000,   0.001) m/s
  Applied Force: (   0.00,    0.00,    5.89) N (|F|=5.89N)
  ✅ Gravity compensation active (Fz > 0)
  Actual Vel: (  0.000,   0.000,   0.067) m/s
  ℹ️  Velocity differs from PID (hybrid physics integration active)
────────────────────────────────────────────────────────────────────────────────

[DBG RENDER] Viewport sync triggered at pos (0.000, 0.000, 2.498)

────────────────────────────────────────────────────────────────────────────────
[FRAME 2696] Δt = 1.00s
────────────────────────────────────────────────────────────────────────────────
  State      : Armed=True, Mode=LOITER
  Position   : (  0.000,   0.000,   2.498)
  Velocity   : (  0.000,   0.000,  -0.129)
  Target Pos : (  0.000,   0.000,   2.498)
  Error      : (  0.000,   0.000,  -0.000) = 0.000m
  PID Output : (  0.000,   0.000,   0.001) m/s
  Applied Force: (   0.00,    0.00,    5.89) N (|F|=5.89N)
  ✅ Gravity compensation active (Fz > 0)
  Actual Vel: (  0.000,   0.000,   0.067) m/s
  ℹ️  Velocity differs from PID (hybrid physics integration active)
────────────────────────────────────────────────────────────────────────────────

[DBG CACHE] Frame 2700: Updating cache with pos=(0.000,0.000,2.499)
[DBG ROS2] Publishing to /drone/odom: pos=(0.000,0.000,2.499)
[VIEWPORT FIX] Setting drone position to (0.000, 0.000, 2.499)
[DBG RENDER] Viewport sync triggered at pos (0.000, 0.000, 2.498)

────────────────────────────────────────────────────────────────────────────────
[FRAME 2716] Δt = 1.00s
────────────────────────────────────────────────────────────────────────────────
  State      : Armed=True, Mode=LOITER
  Position   : (  0.000,   0.000,   2.498)
  Velocity   : (  0.000,   0.000,  -0.129)
  Target Pos : (  0.000,   0.000,   2.498)
  Error      : (  0.000,   0.000,  -0.000) = 0.000m
  PID Output : (  0.000,   0.000,   0.001) m/s
  Applied Force: (   0.00,    0.00,    5.89) N (|F|=5.89N)
  ✅ Gravity compensation active (Fz > 0)
  Actual Vel: (  0.000,   0.000,   0.067) m/s
  ℹ️  Velocity differs from PID (hybrid physics integration active)
────────────────────────────────────────────────────────────────────────────────

[DBG RENDER] Viewport sync triggered at pos (0.000, 0.000, 2.498)

────────────────────────────────────────────────────────────────────────────────
[FRAME 2736] Δt = 1.00s
────────────────────────────────────────────────────────────────────────────────
  State      : Armed=True, Mode=LOITER
  Position   : (  0.000,   0.000,   2.498)
  Velocity   : (  0.000,   0.000,  -0.129)
  Target Pos : (  0.000,   0.000,   2.498)
  Error      : (  0.000,   0.000,  -0.000) = 0.000m
  PID Output : (  0.000,   0.000,   0.001) m/s
  Applied Force: (   0.00,    0.00,    5.89) N (|F|=5.89N)
  ✅ Gravity compensation active (Fz > 0)
  Actual Vel: (  0.000,   0.000,   0.067) m/s
  ℹ️  Velocity differs from PID (hybrid physics integration active)
────────────────────────────────────────────────────────────────────────────────

[DBG RENDER] Viewport sync triggered at pos (0.000, 0.000, 2.498)
[VIEWPORT FIX] Setting drone position to (0.000, 0.000, 2.499)

────────────────────────────────────────────────────────────────────────────────
[FRAME 2755] Δt = 1.00s
────────────────────────────────────────────────────────────────────────────────
  State      : Armed=True, Mode=LOITER
  Position   : (  0.000,   0.000,   2.498)
  Velocity   : (  0.000,   0.000,  -0.129)
  Target Pos : (  0.000,   0.000,   2.498)
  Error      : (  0.000,   0.000,  -0.000) = 0.000m
  PID Output : (  0.000,   0.000,   0.001) m/s
  Applied Force: (   0.00,    0.00,    5.89) N (|F|=5.89N)
  ✅ Gravity compensation active (Fz > 0)
  Actual Vel: (  0.000,   0.000,   0.067) m/s
  ℹ️  Velocity differs from PID (hybrid physics integration active)
────────────────────────────────────────────────────────────────────────────────

[DBG CACHE] Frame 2760: Updating cache with pos=(0.000,0.000,2.499)
[DBG ROS2] Publishing to /drone/odom: pos=(0.000,0.000,2.499)
[DBG RENDER] Viewport sync triggered at pos (0.000, 0.000, 2.498)

────────────────────────────────────────────────────────────────────────────────
[FRAME 2775] Δt = 1.00s
────────────────────────────────────────────────────────────────────────────────
  State      : Armed=True, Mode=LOITER
  Position   : (  0.000,   0.000,   2.498)
  Velocity   : (  0.000,   0.000,  -0.129)
  Target Pos : (  0.000,   0.000,   2.498)
  Error      : (  0.000,   0.000,  -0.000) = 0.000m
  PID Output : (  0.000,   0.000,   0.001) m/s
  Applied Force: (   0.00,    0.00,    5.89) N (|F|=5.89N)
  ✅ Gravity compensation active (Fz > 0)
  Actual Vel: (  0.000,   0.000,   0.067) m/s
  ℹ️  Velocity differs from PID (hybrid physics integration active)
────────────────────────────────────────────────────────────────────────────────

[DBG RENDER] Viewport sync triggered at pos (0.000, 0.000, 2.498)

────────────────────────────────────────────────────────────────────────────────
[FRAME 2794] Δt = 1.00s
────────────────────────────────────────────────────────────────────────────────
  State      : Armed=True, Mode=LOITER
  Position   : (  0.000,   0.000,   2.498)
  Velocity   : (  0.000,   0.000,  -0.129)
  Target Pos : (  0.000,   0.000,   2.498)
  Error      : (  0.000,   0.000,  -0.000) = 0.000m
  PID Output : (  0.000,   0.000,   0.001) m/s
  Applied Force: (   0.00,    0.00,    5.89) N (|F|=5.89N)
  ✅ Gravity compensation active (Fz > 0)
  Actual Vel: (  0.000,   0.000,   0.067) m/s
  ℹ️  Velocity differs from PID (hybrid physics integration active)
────────────────────────────────────────────────────────────────────────────────

[VIEWPORT FIX] Setting drone position to (0.000, 0.000, 2.499)
[DBG RENDER] Viewport sync triggered at pos (0.000, 0.000, 2.498)

────────────────────────────────────────────────────────────────────────────────
[FRAME 2814] Δt = 1.00s
────────────────────────────────────────────────────────────────────────────────
  State      : Armed=True, Mode=LOITER
  Position   : (  0.000,   0.000,   2.498)
  Velocity   : (  0.000,   0.000,  -0.129)
  Target Pos : (  0.000,   0.000,   2.498)
  Error      : (  0.000,   0.000,  -0.000) = 0.000m
  PID Output : (  0.000,   0.000,   0.001) m/s
  Applied Force: (   0.00,    0.00,    5.89) N (|F|=5.89N)
  ✅ Gravity compensation active (Fz > 0)
  Actual Vel: (  0.000,   0.000,   0.067) m/s
  ℹ️  Velocity differs from PID (hybrid physics integration active)
────────────────────────────────────────────────────────────────────────────────

[DBG CACHE] Frame 2820: Updating cache with pos=(0.000,0.000,2.499)
[DBG ROS2] Publishing to /drone/odom: pos=(0.000,0.000,2.499)
[DBG RENDER] Viewport sync triggered at pos (0.000, 0.000, 2.498)

────────────────────────────────────────────────────────────────────────────────
[FRAME 2833] Δt = 1.00s
────────────────────────────────────────────────────────────────────────────────
  State      : Armed=True, Mode=LOITER
  Position   : (  0.000,   0.000,   2.498)
  Velocity   : (  0.000,   0.000,  -0.129)
  Target Pos : (  0.000,   0.000,   2.498)
  Error      : (  0.000,   0.000,  -0.000) = 0.000m
  PID Output : (  0.000,   0.000,   0.001) m/s
  Applied Force: (   0.00,    0.00,    5.89) N (|F|=5.89N)
  ✅ Gravity compensation active (Fz > 0)
  Actual Vel: (  0.000,   0.000,   0.067) m/s
  ℹ️  Velocity differs from PID (hybrid physics integration active)
────────────────────────────────────────────────────────────────────────────────

[DBG RENDER] Viewport sync triggered at pos (0.000, 0.000, 2.498)
[VIEWPORT FIX] Setting drone position to (0.000, 0.000, 2.499)

────────────────────────────────────────────────────────────────────────────────
[FRAME 2852] Δt = 1.00s
────────────────────────────────────────────────────────────────────────────────
  State      : Armed=True, Mode=LOITER
  Position   : (  0.000,   0.000,   2.498)
  Velocity   : (  0.000,   0.000,  -0.129)
  Target Pos : (  0.000,   0.000,   2.498)
  Error      : (  0.000,   0.000,  -0.000) = 0.000m
  PID Output : (  0.000,   0.000,   0.001) m/s
  Applied Force: (   0.00,    0.00,    5.89) N (|F|=5.89N)
  ✅ Gravity compensation active (Fz > 0)
  Actual Vel: (  0.000,   0.000,   0.067) m/s
  ℹ️  Velocity differs from PID (hybrid physics integration active)
────────────────────────────────────────────────────────────────────────────────

[DBG RENDER] Viewport sync triggered at pos (0.000, 0.000, 2.498)

────────────────────────────────────────────────────────────────────────────────
[FRAME 2872] Δt = 1.00s
────────────────────────────────────────────────────────────────────────────────
  State      : Armed=True, Mode=LOITER
  Position   : (  0.000,   0.000,   2.498)
  Velocity   : (  0.000,   0.000,  -0.129)
  Target Pos : (  0.000,   0.000,   2.498)
  Error      : (  0.000,   0.000,  -0.000) = 0.000m
  PID Output : (  0.000,   0.000,   0.001) m/s
  Applied Force: (   0.00,    0.00,    5.89) N (|F|=5.89N)
  ✅ Gravity compensation active (Fz > 0)
  Actual Vel: (  0.000,   0.000,   0.067) m/s
  ℹ️  Velocity differs from PID (hybrid physics integration active)
────────────────────────────────────────────────────────────────────────────────

[DBG CACHE] Frame 2880: Updating cache with pos=(0.000,0.000,2.499)
[DBG ROS2] Publishing to /drone/odom: pos=(0.000,0.000,2.499)
[DBG RENDER] Viewport sync triggered at pos (0.000, 0.000, 2.498)

────────────────────────────────────────────────────────────────────────────────
[FRAME 2892] Δt = 1.00s
────────────────────────────────────────────────────────────────────────────────
  State      : Armed=True, Mode=LOITER
  Position   : (  0.000,   0.000,   2.498)
  Velocity   : (  0.000,   0.000,  -0.129)
  Target Pos : (  0.000,   0.000,   2.498)
  Error      : (  0.000,   0.000,  -0.000) = 0.000m
  PID Output : (  0.000,   0.000,   0.001) m/s
  Applied Force: (   0.00,    0.00,    5.89) N (|F|=5.89N)
  ✅ Gravity compensation active (Fz > 0)
  Actual Vel: (  0.000,   0.000,   0.067) m/s
  ℹ️  Velocity differs from PID (hybrid physics integration active)
────────────────────────────────────────────────────────────────────────────────

[VIEWPORT FIX] Setting drone position to (0.000, 0.000, 2.499)
[DBG RENDER] Viewport sync triggered at pos (0.000, 0.000, 2.498)

────────────────────────────────────────────────────────────────────────────────
[FRAME 2911] Δt = 1.00s
────────────────────────────────────────────────────────────────────────────────
  State      : Armed=True, Mode=LOITER
  Position   : (  0.000,   0.000,   2.498)
  Velocity   : (  0.000,   0.000,  -0.129)
  Target Pos : (  0.000,   0.000,   2.498)
  Error      : (  0.000,   0.000,  -0.000) = 0.000m
  PID Output : (  0.000,   0.000,   0.001) m/s
  Applied Force: (   0.00,    0.00,    5.89) N (|F|=5.89N)
  ✅ Gravity compensation active (Fz > 0)
  Actual Vel: (  0.000,   0.000,   0.067) m/s
  ℹ️  Velocity differs from PID (hybrid physics integration active)
────────────────────────────────────────────────────────────────────────────────

[DBG RENDER] Viewport sync triggered at pos (0.000, 0.000, 2.498)

────────────────────────────────────────────────────────────────────────────────
[FRAME 2931] Δt = 1.00s
────────────────────────────────────────────────────────────────────────────────
  State      : Armed=True, Mode=LOITER
  Position   : (  0.000,   0.000,   2.498)
  Velocity   : (  0.000,   0.000,  -0.129)
  Target Pos : (  0.000,   0.000,   2.498)
  Error      : (  0.000,   0.000,  -0.000) = 0.000m
  PID Output : (  0.000,   0.000,   0.001) m/s
  Applied Force: (   0.00,    0.00,    5.89) N (|F|=5.89N)
  ✅ Gravity compensation active (Fz > 0)
  Actual Vel: (  0.000,   0.000,   0.067) m/s
  ℹ️  Velocity differs from PID (hybrid physics integration active)
────────────────────────────────────────────────────────────────────────────────

[DBG CACHE] Frame 2940: Updating cache with pos=(0.000,0.000,2.499)
[DBG ROS2] Publishing to /drone/odom: pos=(0.000,0.000,2.499)
[DBG RENDER] Viewport sync triggered at pos (0.000, 0.000, 2.498)
[VIEWPORT FIX] Setting drone position to (0.000, 0.000, 2.499)

────────────────────────────────────────────────────────────────────────────────
[FRAME 2951] Δt = 1.00s
────────────────────────────────────────────────────────────────────────────────
  State      : Armed=True, Mode=LOITER
  Position   : (  0.000,   0.000,   2.498)
  Velocity   : (  0.000,   0.000,  -0.129)
  Target Pos : (  0.000,   0.000,   2.498)
  Error      : (  0.000,   0.000,  -0.000) = 0.000m
  PID Output : (  0.000,   0.000,   0.001) m/s
  Applied Force: (   0.00,    0.00,    5.89) N (|F|=5.89N)
  ✅ Gravity compensation active (Fz > 0)
  Actual Vel: (  0.000,   0.000,   0.067) m/s
  ℹ️  Velocity differs from PID (hybrid physics integration active)
────────────────────────────────────────────────────────────────────────────────

[DBG RENDER] Viewport sync triggered at pos (0.000, 0.000, 2.498)

────────────────────────────────────────────────────────────────────────────────
[FRAME 2970] Δt = 1.00s
────────────────────────────────────────────────────────────────────────────────
  State      : Armed=True, Mode=LOITER
  Position   : (  0.000,   0.000,   2.498)
  Velocity   : (  0.000,   0.000,  -0.129)
  Target Pos : (  0.000,   0.000,   2.498)
  Error      : (  0.000,   0.000,  -0.000) = 0.000m
  PID Output : (  0.000,   0.000,   0.001) m/s
  Applied Force: (   0.00,    0.00,    5.89) N (|F|=5.89N)
  ✅ Gravity compensation active (Fz > 0)
  Actual Vel: (  0.000,   0.000,   0.067) m/s
  ℹ️  Velocity differs from PID (hybrid physics integration active)
────────────────────────────────────────────────────────────────────────────────

[DBG RENDER] Viewport sync triggered at pos (0.000, 0.000, 2.498)

────────────────────────────────────────────────────────────────────────────────
[FRAME 2990] Δt = 1.00s
────────────────────────────────────────────────────────────────────────────────
  State      : Armed=True, Mode=LOITER
  Position   : (  0.000,   0.000,   2.498)
  Velocity   : (  0.000,   0.000,  -0.129)
  Target Pos : (  0.000,   0.000,   2.498)
  Error      : (  0.000,   0.000,  -0.000) = 0.000m
  PID Output : (  0.000,   0.000,   0.001) m/s
  Applied Force: (   0.00,    0.00,    5.89) N (|F|=5.89N)
  ✅ Gravity compensation active (Fz > 0)
  Actual Vel: (  0.000,   0.000,   0.067) m/s
  ℹ️  Velocity differs from PID (hybrid physics integration active)
────────────────────────────────────────────────────────────────────────────────

[DBG CACHE] Frame 3000: Updating cache with pos=(0.000,0.000,2.499)
[DBG ROS2] Publishing to /drone/odom: pos=(0.000,0.000,2.499)
[VIEWPORT FIX] Setting drone position to (0.000, 0.000, 2.499)
[DBG RENDER] Viewport sync triggered at pos (0.000, 0.000, 2.498)

────────────────────────────────────────────────────────────────────────────────
[FRAME 3010] Δt = 1.00s
────────────────────────────────────────────────────────────────────────────────
  State      : Armed=True, Mode=LOITER
  Position   : (  0.000,   0.000,   2.498)
  Velocity   : (  0.000,   0.000,  -0.129)
  Target Pos : (  0.000,   0.000,   2.498)
  Error      : (  0.000,   0.000,  -0.000) = 0.000m
  PID Output : (  0.000,   0.000,   0.001) m/s
  Applied Force: (   0.00,    0.00,    5.89) N (|F|=5.89N)
  ✅ Gravity compensation active (Fz > 0)
  Actual Vel: (  0.000,   0.000,   0.067) m/s
  ℹ️  Velocity differs from PID (hybrid physics integration active)
────────────────────────────────────────────────────────────────────────────────

[DBG RENDER] Viewport sync triggered at pos (0.000, 0.000, 2.498)

────────────────────────────────────────────────────────────────────────────────
[FRAME 3029] Δt = 1.00s
────────────────────────────────────────────────────────────────────────────────
  State      : Armed=True, Mode=LOITER
  Position   : (  0.000,   0.000,   2.498)
  Velocity   : (  0.000,   0.000,  -0.129)
  Target Pos : (  0.000,   0.000,   2.498)
  Error      : (  0.000,   0.000,  -0.000) = 0.000m
  PID Output : (  0.000,   0.000,   0.001) m/s
  Applied Force: (   0.00,    0.00,    5.89) N (|F|=5.89N)
  ✅ Gravity compensation active (Fz > 0)
  Actual Vel: (  0.000,   0.000,   0.067) m/s
  ℹ️  Velocity differs from PID (hybrid physics integration active)
────────────────────────────────────────────────────────────────────────────────

[DBG RENDER] Viewport sync triggered at pos (0.000, 0.000, 2.498)

────────────────────────────────────────────────────────────────────────────────
[FRAME 3049] Δt = 1.00s
────────────────────────────────────────────────────────────────────────────────
  State      : Armed=True, Mode=LOITER
  Position   : (  0.000,   0.000,   2.498)
  Velocity   : (  0.000,   0.000,  -0.129)
  Target Pos : (  0.000,   0.000,   2.498)
  Error      : (  0.000,   0.000,  -0.000) = 0.000m
  PID Output : (  0.000,   0.000,   0.001) m/s
  Applied Force: (   0.00,    0.00,    5.89) N (|F|=5.89N)
  ✅ Gravity compensation active (Fz > 0)
  Actual Vel: (  0.000,   0.000,   0.067) m/s
  ℹ️  Velocity differs from PID (hybrid physics integration active)
────────────────────────────────────────────────────────────────────────────────

[VIEWPORT FIX] Setting drone position to (0.000, 0.000, 2.499)
[DBG CACHE] Frame 3060: Updating cache with pos=(0.000,0.000,2.499)
[DBG ROS2] Publishing to /drone/odom: pos=(0.000,0.000,2.499)
[DBG RENDER] Viewport sync triggered at pos (0.000, 0.000, 2.498)

────────────────────────────────────────────────────────────────────────────────
[FRAME 3068] Δt = 1.00s
────────────────────────────────────────────────────────────────────────────────
  State      : Armed=True, Mode=LOITER
  Position   : (  0.000,   0.000,   2.498)
  Velocity   : (  0.000,   0.000,  -0.129)
  Target Pos : (  0.000,   0.000,   2.498)
  Error      : (  0.000,   0.000,  -0.000) = 0.000m
  PID Output : (  0.000,   0.000,   0.001) m/s
  Applied Force: (   0.00,    0.00,    5.89) N (|F|=5.89N)
  ✅ Gravity compensation active (Fz > 0)
  Actual Vel: (  0.000,   0.000,   0.067) m/s
  ℹ️  Velocity differs from PID (hybrid physics integration active)
────────────────────────────────────────────────────────────────────────────────

[DBG RENDER] Viewport sync triggered at pos (0.000, 0.000, 2.498)

────────────────────────────────────────────────────────────────────────────────
[FRAME 3088] Δt = 1.00s
────────────────────────────────────────────────────────────────────────────────
  State      : Armed=True, Mode=LOITER
  Position   : (  0.000,   0.000,   2.498)
  Velocity   : (  0.000,   0.000,  -0.129)
  Target Pos : (  0.000,   0.000,   2.498)
  Error      : (  0.000,   0.000,  -0.000) = 0.000m
  PID Output : (  0.000,   0.000,   0.001) m/s
  Applied Force: (   0.00,    0.00,    5.89) N (|F|=5.89N)
  ✅ Gravity compensation active (Fz > 0)
  Actual Vel: (  0.000,   0.000,   0.067) m/s
  ℹ️  Velocity differs from PID (hybrid physics integration active)
────────────────────────────────────────────────────────────────────────────────

[VIEWPORT FIX] Setting drone position to (0.000, 0.000, 2.499)
[DBG RENDER] Viewport sync triggered at pos (0.000, 0.000, 2.498)

────────────────────────────────────────────────────────────────────────────────
[FRAME 3107] Δt = 1.00s
────────────────────────────────────────────────────────────────────────────────
  State      : Armed=True, Mode=LOITER
  Position   : (  0.000,   0.000,   2.498)
  Velocity   : (  0.000,   0.000,  -0.129)
  Target Pos : (  0.000,   0.000,   2.498)
  Error      : (  0.000,   0.000,  -0.000) = 0.000m
  PID Output : (  0.000,   0.000,   0.001) m/s
  Applied Force: (   0.00,    0.00,    5.89) N (|F|=5.89N)
  ✅ Gravity compensation active (Fz > 0)
  Actual Vel: (  0.000,   0.000,   0.067) m/s
  ℹ️  Velocity differs from PID (hybrid physics integration active)
────────────────────────────────────────────────────────────────────────────────

[DBG CACHE] Frame 3120: Updating cache with pos=(0.000,0.000,2.499)
[DBG ROS2] Publishing to /drone/odom: pos=(0.000,0.000,2.499)
[DBG RENDER] Viewport sync triggered at pos (0.000, 0.000, 2.498)

────────────────────────────────────────────────────────────────────────────────
[FRAME 3126] Δt = 1.00s
────────────────────────────────────────────────────────────────────────────────
  State      : Armed=True, Mode=LOITER
  Position   : (  0.000,   0.000,   2.498)
  Velocity   : (  0.000,   0.000,  -0.129)
  Target Pos : (  0.000,   0.000,   2.498)
  Error      : (  0.000,   0.000,  -0.000) = 0.000m
  PID Output : (  0.000,   0.000,   0.001) m/s
  Applied Force: (   0.00,    0.00,    5.89) N (|F|=5.89N)
  ✅ Gravity compensation active (Fz > 0)
  Actual Vel: (  0.000,   0.000,   0.067) m/s
  ℹ️  Velocity differs from PID (hybrid physics integration active)
────────────────────────────────────────────────────────────────────────────────

[DBG RENDER] Viewport sync triggered at pos (0.000, 0.000, 2.498)

────────────────────────────────────────────────────────────────────────────────
[FRAME 3146] Δt = 1.00s
────────────────────────────────────────────────────────────────────────────────
  State      : Armed=True, Mode=LOITER
  Position   : (  0.000,   0.000,   2.498)
  Velocity   : (  0.000,   0.000,  -0.129)
  Target Pos : (  0.000,   0.000,   2.498)
  Error      : (  0.000,   0.000,  -0.000) = 0.000m
  PID Output : (  0.000,   0.000,   0.001) m/s
  Applied Force: (   0.00,    0.00,    5.89) N (|F|=5.89N)
  ✅ Gravity compensation active (Fz > 0)
  Actual Vel: (  0.000,   0.000,   0.067) m/s
  ℹ️  Velocity differs from PID (hybrid physics integration active)
────────────────────────────────────────────────────────────────────────────────

[VIEWPORT FIX] Setting drone position to (0.000, 0.000, 2.499)
[DBG RENDER] Viewport sync triggered at pos (0.000, 0.000, 2.498)

────────────────────────────────────────────────────────────────────────────────
[FRAME 3166] Δt = 1.00s
────────────────────────────────────────────────────────────────────────────────
  State      : Armed=True, Mode=LOITER
  Position   : (  0.000,   0.000,   2.498)
  Velocity   : (  0.000,   0.000,  -0.129)
  Target Pos : (  0.000,   0.000,   2.498)
  Error      : (  0.000,   0.000,  -0.000) = 0.000m
  PID Output : (  0.000,   0.000,   0.001) m/s
  Applied Force: (   0.00,    0.00,    5.89) N (|F|=5.89N)
  ✅ Gravity compensation active (Fz > 0)
  Actual Vel: (  0.000,   0.000,   0.067) m/s
  ℹ️  Velocity differs from PID (hybrid physics integration active)
────────────────────────────────────────────────────────────────────────────────

[DBG CACHE] Frame 3180: Updating cache with pos=(0.000,0.000,2.499)
[DBG ROS2] Publishing to /drone/odom: pos=(0.000,0.000,2.499)
[DBG RENDER] Viewport sync triggered at pos (0.000, 0.000, 2.498)

────────────────────────────────────────────────────────────────────────────────
[FRAME 3184] Δt = 1.00s
────────────────────────────────────────────────────────────────────────────────
  State      : Armed=True, Mode=LOITER
  Position   : (  0.000,   0.000,   2.498)
  Velocity   : (  0.000,   0.000,  -0.129)
  Target Pos : (  0.000,   0.000,   2.498)
  Error      : (  0.000,   0.000,  -0.000) = 0.000m
  PID Output : (  0.000,   0.000,   0.001) m/s
  Applied Force: (   0.00,    0.00,    5.89) N (|F|=5.89N)
  ✅ Gravity compensation active (Fz > 0)
  Actual Vel: (  0.000,   0.000,   0.067) m/s
  ℹ️  Velocity differs from PID (hybrid physics integration active)
────────────────────────────────────────────────────────────────────────────────

[VIEWPORT FIX] Setting drone position to (0.000, 0.000, 2.499)
[DBG RENDER] Viewport sync triggered at pos (0.000, 0.000, 2.498)

────────────────────────────────────────────────────────────────────────────────
[FRAME 3203] Δt = 1.00s
────────────────────────────────────────────────────────────────────────────────
  State      : Armed=True, Mode=LOITER
  Position   : (  0.000,   0.000,   2.498)
  Velocity   : (  0.000,   0.000,  -0.129)
  Target Pos : (  0.000,   0.000,   2.498)
  Error      : (  0.000,   0.000,  -0.000) = 0.000m
  PID Output : (  0.000,   0.000,   0.001) m/s
  Applied Force: (   0.00,    0.00,    5.89) N (|F|=5.89N)
  ✅ Gravity compensation active (Fz > 0)
  Actual Vel: (  0.000,   0.000,   0.067) m/s
  ℹ️  Velocity differs from PID (hybrid physics integration active)
────────────────────────────────────────────────────────────────────────────────

[DBG RENDER] Viewport sync triggered at pos (0.000, 0.000, 2.498)

────────────────────────────────────────────────────────────────────────────────
[FRAME 3223] Δt = 1.00s
────────────────────────────────────────────────────────────────────────────────
  State      : Armed=True, Mode=LOITER
  Position   : (  0.000,   0.000,   2.498)
  Velocity   : (  0.000,   0.000,  -0.129)
  Target Pos : (  0.000,   0.000,   2.498)
  Error      : (  0.000,   0.000,  -0.000) = 0.000m
  PID Output : (  0.000,   0.000,   0.001) m/s
  Applied Force: (   0.00,    0.00,    5.89) N (|F|=5.89N)
  ✅ Gravity compensation active (Fz > 0)
  Actual Vel: (  0.000,   0.000,   0.067) m/s
  ℹ️  Velocity differs from PID (hybrid physics integration active)
────────────────────────────────────────────────────────────────────────────────

[DBG CACHE] Frame 3240: Updating cache with pos=(0.000,0.000,2.499)
[DBG ROS2] Publishing to /drone/odom: pos=(0.000,0.000,2.499)
[DBG RENDER] Viewport sync triggered at pos (0.000, 0.000, 2.498)

────────────────────────────────────────────────────────────────────────────────
[FRAME 3242] Δt = 1.00s
────────────────────────────────────────────────────────────────────────────────
  State      : Armed=True, Mode=LOITER
  Position   : (  0.000,   0.000,   2.498)
  Velocity   : (  0.000,   0.000,  -0.129)
  Target Pos : (  0.000,   0.000,   2.498)
  Error      : (  0.000,   0.000,  -0.000) = 0.000m
  PID Output : (  0.000,   0.000,   0.001) m/s
  Applied Force: (   0.00,    0.00,    5.89) N (|F|=5.89N)
  ✅ Gravity compensation active (Fz > 0)
  Actual Vel: (  0.000,   0.000,   0.067) m/s
  ℹ️  Velocity differs from PID (hybrid physics integration active)
────────────────────────────────────────────────────────────────────────────────

[VIEWPORT FIX] Setting drone position to (0.000, 0.000, 2.499)
[DBG RENDER] Viewport sync triggered at pos (0.000, 0.000, 2.498)

────────────────────────────────────────────────────────────────────────────────
[FRAME 3262] Δt = 1.00s
────────────────────────────────────────────────────────────────────────────────
  State      : Armed=True, Mode=LOITER
  Position   : (  0.000,   0.000,   2.498)
  Velocity   : (  0.000,   0.000,  -0.129)
  Target Pos : (  0.000,   0.000,   2.498)
  Error      : (  0.000,   0.000,  -0.000) = 0.000m
  PID Output : (  0.000,   0.000,   0.001) m/s
  Applied Force: (   0.00,    0.00,    5.89) N (|F|=5.89N)
  ✅ Gravity compensation active (Fz > 0)
  Actual Vel: (  0.000,   0.000,   0.067) m/s
  ℹ️  Velocity differs from PID (hybrid physics integration active)
────────────────────────────────────────────────────────────────────────────────

[DBG RENDER] Viewport sync triggered at pos (0.000, 0.000, 2.498)

────────────────────────────────────────────────────────────────────────────────
[FRAME 3282] Δt = 1.00s
────────────────────────────────────────────────────────────────────────────────
  State      : Armed=True, Mode=LOITER
  Position   : (  0.000,   0.000,   2.498)
  Velocity   : (  0.000,   0.000,  -0.129)
  Target Pos : (  0.000,   0.000,   2.498)
  Error      : (  0.000,   0.000,  -0.000) = 0.000m
  PID Output : (  0.000,   0.000,   0.001) m/s
  Applied Force: (   0.00,    0.00,    5.89) N (|F|=5.89N)
  ✅ Gravity compensation active (Fz > 0)
  Actual Vel: (  0.000,   0.000,   0.067) m/s
  ℹ️  Velocity differs from PID (hybrid physics integration active)
────────────────────────────────────────────────────────────────────────────────

[DBG CACHE] Frame 3300: Updating cache with pos=(0.000,0.000,2.499)
[DBG ROS2] Publishing to /drone/odom: pos=(0.000,0.000,2.499)
[VIEWPORT FIX] Setting drone position to (0.000, 0.000, 2.499)
[DBG RENDER] Viewport sync triggered at pos (0.000, 0.000, 2.498)

────────────────────────────────────────────────────────────────────────────────
[FRAME 3302] Δt = 1.00s
────────────────────────────────────────────────────────────────────────────────
  State      : Armed=True, Mode=LOITER
  Position   : (  0.000,   0.000,   2.498)
  Velocity   : (  0.000,   0.000,  -0.129)
  Target Pos : (  0.000,   0.000,   2.498)
  Error      : (  0.000,   0.000,  -0.000) = 0.000m
  PID Output : (  0.000,   0.000,   0.001) m/s
  Applied Force: (   0.00,    0.00,    5.89) N (|F|=5.89N)
  ✅ Gravity compensation active (Fz > 0)
  Actual Vel: (  0.000,   0.000,   0.067) m/s
  ℹ️  Velocity differs from PID (hybrid physics integration active)
────────────────────────────────────────────────────────────────────────────────

[DBG RENDER] Viewport sync triggered at pos (0.000, 0.000, 2.498)

────────────────────────────────────────────────────────────────────────────────
[FRAME 3322] Δt = 1.00s
────────────────────────────────────────────────────────────────────────────────
  State      : Armed=True, Mode=LOITER
  Position   : (  0.000,   0.000,   2.498)
  Velocity   : (  0.000,   0.000,  -0.129)
  Target Pos : (  0.000,   0.000,   2.498)
  Error      : (  0.000,   0.000,  -0.000) = 0.000m
  PID Output : (  0.000,   0.000,   0.001) m/s
  Applied Force: (   0.00,    0.00,    5.89) N (|F|=5.89N)
  ✅ Gravity compensation active (Fz > 0)
  Actual Vel: (  0.000,   0.000,   0.067) m/s
  ℹ️  Velocity differs from PID (hybrid physics integration active)
────────────────────────────────────────────────────────────────────────────────

[DBG RENDER] Viewport sync triggered at pos (0.000, 0.000, 2.498)

────────────────────────────────────────────────────────────────────────────────
[FRAME 3342] Δt = 1.00s
────────────────────────────────────────────────────────────────────────────────
  State      : Armed=True, Mode=LOITER
  Position   : (  0.000,   0.000,   2.498)
  Velocity   : (  0.000,   0.000,  -0.129)
  Target Pos : (  0.000,   0.000,   2.498)
  Error      : (  0.000,   0.000,  -0.000) = 0.000m
  PID Output : (  0.000,   0.000,   0.001) m/s
  Applied Force: (   0.00,    0.00,    5.89) N (|F|=5.89N)
  ✅ Gravity compensation active (Fz > 0)
  Actual Vel: (  0.000,   0.000,   0.067) m/s
  ℹ️  Velocity differs from PID (hybrid physics integration active)
────────────────────────────────────────────────────────────────────────────────

[VIEWPORT FIX] Setting drone position to (0.000, 0.000, 2.499)
[DBG CACHE] Frame 3360: Updating cache with pos=(0.000,0.000,2.499)
[DBG ROS2] Publishing to /drone/odom: pos=(0.000,0.000,2.499)
[DBG RENDER] Viewport sync triggered at pos (0.000, 0.000, 2.498)

────────────────────────────────────────────────────────────────────────────────
[FRAME 3362] Δt = 1.00s
────────────────────────────────────────────────────────────────────────────────
  State      : Armed=True, Mode=LOITER
  Position   : (  0.000,   0.000,   2.498)
  Velocity   : (  0.000,   0.000,  -0.129)
  Target Pos : (  0.000,   0.000,   2.498)
  Error      : (  0.000,   0.000,  -0.000) = 0.000m
  PID Output : (  0.000,   0.000,   0.001) m/s
  Applied Force: (   0.00,    0.00,    5.89) N (|F|=5.89N)
  ✅ Gravity compensation active (Fz > 0)
  Actual Vel: (  0.000,   0.000,   0.067) m/s
  ℹ️  Velocity differs from PID (hybrid physics integration active)
────────────────────────────────────────────────────────────────────────────────

[DBG RENDER] Viewport sync triggered at pos (0.000, 0.000, 2.498)

────────────────────────────────────────────────────────────────────────────────
[FRAME 3382] Δt = 1.00s
────────────────────────────────────────────────────────────────────────────────
  State      : Armed=True, Mode=LOITER
  Position   : (  0.000,   0.000,   2.498)
  Velocity   : (  0.000,   0.000,  -0.129)
  Target Pos : (  0.000,   0.000,   2.498)
  Error      : (  0.000,   0.000,  -0.000) = 0.000m
  PID Output : (  0.000,   0.000,   0.001) m/s
  Applied Force: (   0.00,    0.00,    5.89) N (|F|=5.89N)
  ✅ Gravity compensation active (Fz > 0)
  Actual Vel: (  0.000,   0.000,   0.067) m/s
  ℹ️  Velocity differs from PID (hybrid physics integration active)
────────────────────────────────────────────────────────────────────────────────

[VIEWPORT FIX] Setting drone position to (0.000, 0.000, 2.499)
[DBG RENDER] Viewport sync triggered at pos (0.000, 0.000, 2.498)

────────────────────────────────────────────────────────────────────────────────
[FRAME 3402] Δt = 1.00s
────────────────────────────────────────────────────────────────────────────────
  State      : Armed=True, Mode=LOITER
  Position   : (  0.000,   0.000,   2.498)
  Velocity   : (  0.000,   0.000,  -0.129)
  Target Pos : (  0.000,   0.000,   2.498)
  Error      : (  0.000,   0.000,  -0.000) = 0.000m
  PID Output : (  0.000,   0.000,   0.001) m/s
  Applied Force: (   0.00,    0.00,    5.89) N (|F|=5.89N)
  ✅ Gravity compensation active (Fz > 0)
  Actual Vel: (  0.000,   0.000,   0.067) m/s
  ℹ️  Velocity differs from PID (hybrid physics integration active)
────────────────────────────────────────────────────────────────────────────────

[DBG CACHE] Frame 3420: Updating cache with pos=(0.000,0.000,2.499)
[DBG ROS2] Publishing to /drone/odom: pos=(0.000,0.000,2.499)
[DBG RENDER] Viewport sync triggered at pos (0.000, 0.000, 2.498)

────────────────────────────────────────────────────────────────────────────────
[FRAME 3422] Δt = 1.00s
────────────────────────────────────────────────────────────────────────────────
  State      : Armed=True, Mode=LOITER
  Position   : (  0.000,   0.000,   2.498)
  Velocity   : (  0.000,   0.000,  -0.129)
  Target Pos : (  0.000,   0.000,   2.498)
  Error      : (  0.000,   0.000,  -0.000) = 0.000m
  PID Output : (  0.000,   0.000,   0.001) m/s
  Applied Force: (   0.00,    0.00,    5.89) N (|F|=5.89N)
  ✅ Gravity compensation active (Fz > 0)
  Actual Vel: (  0.000,   0.000,   0.067) m/s
  ℹ️  Velocity differs from PID (hybrid physics integration active)
────────────────────────────────────────────────────────────────────────────────

[DBG RENDER] Viewport sync triggered at pos (0.000, 0.000, 2.498)

────────────────────────────────────────────────────────────────────────────────
[FRAME 3442] Δt = 1.00s
────────────────────────────────────────────────────────────────────────────────
  State      : Armed=True, Mode=LOITER
  Position   : (  0.000,   0.000,   2.498)
  Velocity   : (  0.000,   0.000,  -0.129)
  Target Pos : (  0.000,   0.000,   2.498)
  Error      : (  0.000,   0.000,  -0.000) = 0.000m
  PID Output : (  0.000,   0.000,   0.001) m/s
  Applied Force: (   0.00,    0.00,    5.89) N (|F|=5.89N)
  ✅ Gravity compensation active (Fz > 0)
  Actual Vel: (  0.000,   0.000,   0.067) m/s
  ℹ️  Velocity differs from PID (hybrid physics integration active)
────────────────────────────────────────────────────────────────────────────────

[VIEWPORT FIX] Setting drone position to (0.000, 0.000, 2.499)
[DBG RENDER] Viewport sync triggered at pos (0.000, 0.000, 2.498)

────────────────────────────────────────────────────────────────────────────────
[FRAME 3462] Δt = 1.00s
────────────────────────────────────────────────────────────────────────────────
  State      : Armed=True, Mode=LOITER
  Position   : (  0.000,   0.000,   2.498)
  Velocity   : (  0.000,   0.000,  -0.129)
  Target Pos : (  0.000,   0.000,   2.498)
  Error      : (  0.000,   0.000,  -0.000) = 0.000m
  PID Output : (  0.000,   0.000,   0.001) m/s
  Applied Force: (   0.00,    0.00,    5.89) N (|F|=5.89N)
  ✅ Gravity compensation active (Fz > 0)
  Actual Vel: (  0.000,   0.000,   0.067) m/s
  ℹ️  Velocity differs from PID (hybrid physics integration active)
────────────────────────────────────────────────────────────────────────────────

[DBG CACHE] Frame 3480: Updating cache with pos=(0.000,0.000,2.499)
[DBG ROS2] Publishing to /drone/odom: pos=(0.000,0.000,2.499)
[DBG RENDER] Viewport sync triggered at pos (0.000, 0.000, 2.498)

────────────────────────────────────────────────────────────────────────────────
[FRAME 3482] Δt = 1.00s
────────────────────────────────────────────────────────────────────────────────
  State      : Armed=True, Mode=LOITER
  Position   : (  0.000,   0.000,   2.498)
  Velocity   : (  0.000,   0.000,  -0.129)
  Target Pos : (  0.000,   0.000,   2.498)
  Error      : (  0.000,   0.000,  -0.000) = 0.000m
  PID Output : (  0.000,   0.000,   0.001) m/s
  Applied Force: (   0.00,    0.00,    5.89) N (|F|=5.89N)
  ✅ Gravity compensation active (Fz > 0)
  Actual Vel: (  0.000,   0.000,   0.067) m/s
  ℹ️  Velocity differs from PID (hybrid physics integration active)
────────────────────────────────────────────────────────────────────────────────

[VIEWPORT FIX] Setting drone position to (0.000, 0.000, 2.499)
[DBG RENDER] Viewport sync triggered at pos (0.000, 0.000, 2.498)

────────────────────────────────────────────────────────────────────────────────
[FRAME 3502] Δt = 1.00s
────────────────────────────────────────────────────────────────────────────────
  State      : Armed=True, Mode=LOITER
  Position   : (  0.000,   0.000,   2.498)
  Velocity   : (  0.000,   0.000,  -0.129)
  Target Pos : (  0.000,   0.000,   2.498)
  Error      : (  0.000,   0.000,  -0.000) = 0.000m
  PID Output : (  0.000,   0.000,   0.001) m/s
  Applied Force: (   0.00,    0.00,    5.89) N (|F|=5.89N)
  ✅ Gravity compensation active (Fz > 0)
  Actual Vel: (  0.000,   0.000,   0.067) m/s
  ℹ️  Velocity differs from PID (hybrid physics integration active)
────────────────────────────────────────────────────────────────────────────────

[DBG RENDER] Viewport sync triggered at pos (0.000, 0.000, 2.498)

────────────────────────────────────────────────────────────────────────────────
[FRAME 3522] Δt = 1.00s
────────────────────────────────────────────────────────────────────────────────
  State      : Armed=True, Mode=LOITER
  Position   : (  0.000,   0.000,   2.498)
  Velocity   : (  0.000,   0.000,  -0.129)
  Target Pos : (  0.000,   0.000,   2.498)
  Error      : (  0.000,   0.000,  -0.000) = 0.000m
  PID Output : (  0.000,   0.000,   0.001) m/s
  Applied Force: (   0.00,    0.00,    5.89) N (|F|=5.89N)
  ✅ Gravity compensation active (Fz > 0)
  Actual Vel: (  0.000,   0.000,   0.067) m/s
  ℹ️  Velocity differs from PID (hybrid physics integration active)
────────────────────────────────────────────────────────────────────────────────

[DBG CACHE] Frame 3540: Updating cache with pos=(0.000,0.000,2.499)
[DBG ROS2] Publishing to /drone/odom: pos=(0.000,0.000,2.499)
[DBG RENDER] Viewport sync triggered at pos (0.000, 0.000, 2.498)

────────────────────────────────────────────────────────────────────────────────
[FRAME 3542] Δt = 1.00s
────────────────────────────────────────────────────────────────────────────────
  State      : Armed=True, Mode=LOITER
  Position   : (  0.000,   0.000,   2.498)
  Velocity   : (  0.000,   0.000,  -0.129)
  Target Pos : (  0.000,   0.000,   2.498)
  Error      : (  0.000,   0.000,  -0.000) = 0.000m
  PID Output : (  0.000,   0.000,   0.001) m/s
  Applied Force: (   0.00,    0.00,    5.89) N (|F|=5.89N)
  ✅ Gravity compensation active (Fz > 0)
  Actual Vel: (  0.000,   0.000,   0.067) m/s
  ℹ️  Velocity differs from PID (hybrid physics integration active)
────────────────────────────────────────────────────────────────────────────────

[VIEWPORT FIX] Setting drone position to (0.000, 0.000, 2.499)
[DBG RENDER] Viewport sync triggered at pos (0.000, 0.000, 2.498)

────────────────────────────────────────────────────────────────────────────────
[FRAME 3562] Δt = 1.00s
────────────────────────────────────────────────────────────────────────────────
  State      : Armed=True, Mode=LOITER
  Position   : (  0.000,   0.000,   2.498)
  Velocity   : (  0.000,   0.000,  -0.129)
  Target Pos : (  0.000,   0.000,   2.498)
  Error      : (  0.000,   0.000,  -0.000) = 0.000m
  PID Output : (  0.000,   0.000,   0.001) m/s
  Applied Force: (   0.00,    0.00,    5.89) N (|F|=5.89N)
  ✅ Gravity compensation active (Fz > 0)
  Actual Vel: (  0.000,   0.000,   0.067) m/s
  ℹ️  Velocity differs from PID (hybrid physics integration active)
────────────────────────────────────────────────────────────────────────────────

[DBG RENDER] Viewport sync triggered at pos (0.000, 0.000, 2.498)

────────────────────────────────────────────────────────────────────────────────
[FRAME 3582] Δt = 1.00s
────────────────────────────────────────────────────────────────────────────────
  State      : Armed=True, Mode=LOITER
  Position   : (  0.000,   0.000,   2.498)
  Velocity   : (  0.000,   0.000,  -0.129)
  Target Pos : (  0.000,   0.000,   2.498)
  Error      : (  0.000,   0.000,  -0.000) = 0.000m
  PID Output : (  0.000,   0.000,   0.001) m/s
  Applied Force: (   0.00,    0.00,    5.89) N (|F|=5.89N)
  ✅ Gravity compensation active (Fz > 0)
  Actual Vel: (  0.000,   0.000,   0.067) m/s
  ℹ️  Velocity differs from PID (hybrid physics integration active)
────────────────────────────────────────────────────────────────────────────────

[DBG CACHE] Frame 3600: Updating cache with pos=(0.000,0.000,2.499)
[DBG ROS2] Publishing to /drone/odom: pos=(0.000,0.000,2.499)
[VIEWPORT FIX] Setting drone position to (0.000, 0.000, 2.499)
[DBG RENDER] Viewport sync triggered at pos (0.000, 0.000, 2.498)

────────────────────────────────────────────────────────────────────────────────
[FRAME 3602] Δt = 1.00s
────────────────────────────────────────────────────────────────────────────────
  State      : Armed=True, Mode=LOITER
  Position   : (  0.000,   0.000,   2.498)
  Velocity   : (  0.000,   0.000,  -0.129)
  Target Pos : (  0.000,   0.000,   2.498)
  Error      : (  0.000,   0.000,  -0.000) = 0.000m
  PID Output : (  0.000,   0.000,   0.001) m/s
  Applied Force: (   0.00,    0.00,    5.89) N (|F|=5.89N)
  ✅ Gravity compensation active (Fz > 0)
  Actual Vel: (  0.000,   0.000,   0.067) m/s
  ℹ️  Velocity differs from PID (hybrid physics integration active)
────────────────────────────────────────────────────────────────────────────────

[DBG RENDER] Viewport sync triggered at pos (0.000, 0.000, 2.498)

────────────────────────────────────────────────────────────────────────────────
[FRAME 3622] Δt = 1.00s
────────────────────────────────────────────────────────────────────────────────
  State      : Armed=True, Mode=LOITER
  Position   : (  0.000,   0.000,   2.498)
  Velocity   : (  0.000,   0.000,  -0.129)
  Target Pos : (  0.000,   0.000,   2.498)
  Error      : (  0.000,   0.000,  -0.000) = 0.000m
  PID Output : (  0.000,   0.000,   0.001) m/s
  Applied Force: (   0.00,    0.00,    5.89) N (|F|=5.89N)
  ✅ Gravity compensation active (Fz > 0)
  Actual Vel: (  0.000,   0.000,   0.067) m/s
  ℹ️  Velocity differs from PID (hybrid physics integration active)
────────────────────────────────────────────────────────────────────────────────

[DBG RENDER] Viewport sync triggered at pos (0.000, 0.000, 2.498)

────────────────────────────────────────────────────────────────────────────────
[FRAME 3642] Δt = 1.00s
────────────────────────────────────────────────────────────────────────────────
  State      : Armed=True, Mode=LOITER
  Position   : (  0.000,   0.000,   2.498)
  Velocity   : (  0.000,   0.000,  -0.129)
  Target Pos : (  0.000,   0.000,   2.498)
  Error      : (  0.000,   0.000,  -0.000) = 0.000m
  PID Output : (  0.000,   0.000,   0.001) m/s
  Applied Force: (   0.00,    0.00,    5.89) N (|F|=5.89N)
  ✅ Gravity compensation active (Fz > 0)
  Actual Vel: (  0.000,   0.000,   0.067) m/s
  ℹ️  Velocity differs from PID (hybrid physics integration active)
────────────────────────────────────────────────────────────────────────────────

[VIEWPORT FIX] Setting drone position to (0.000, 0.000, 2.499)
[DBG CACHE] Frame 3660: Updating cache with pos=(0.000,0.000,2.499)
[DBG ROS2] Publishing to /drone/odom: pos=(0.000,0.000,2.499)
[DBG RENDER] Viewport sync triggered at pos (0.000, 0.000, 2.498)

────────────────────────────────────────────────────────────────────────────────
[FRAME 3662] Δt = 1.00s
────────────────────────────────────────────────────────────────────────────────
  State      : Armed=True, Mode=LOITER
  Position   : (  0.000,   0.000,   2.498)
  Velocity   : (  0.000,   0.000,  -0.129)
  Target Pos : (  0.000,   0.000,   2.498)
  Error      : (  0.000,   0.000,  -0.000) = 0.000m
  PID Output : (  0.000,   0.000,   0.001) m/s
  Applied Force: (   0.00,    0.00,    5.89) N (|F|=5.89N)
  ✅ Gravity compensation active (Fz > 0)
  Actual Vel: (  0.000,   0.000,   0.067) m/s
  ℹ️  Velocity differs from PID (hybrid physics integration active)
────────────────────────────────────────────────────────────────────────────────

[DBG RENDER] Viewport sync triggered at pos (0.000, 0.000, 2.498)

────────────────────────────────────────────────────────────────────────────────
[FRAME 3682] Δt = 1.00s
────────────────────────────────────────────────────────────────────────────────
  State      : Armed=True, Mode=LOITER
  Position   : (  0.000,   0.000,   2.498)
  Velocity   : (  0.000,   0.000,  -0.129)
  Target Pos : (  0.000,   0.000,   2.498)
  Error      : (  0.000,   0.000,  -0.000) = 0.000m
  PID Output : (  0.000,   0.000,   0.001) m/s
  Applied Force: (   0.00,    0.00,    5.89) N (|F|=5.89N)
  ✅ Gravity compensation active (Fz > 0)
  Actual Vel: (  0.000,   0.000,   0.067) m/s
  ℹ️  Velocity differs from PID (hybrid physics integration active)
────────────────────────────────────────────────────────────────────────────────

[VIEWPORT FIX] Setting drone position to (0.000, 0.000, 2.499)
[DBG RENDER] Viewport sync triggered at pos (0.000, 0.000, 2.498)

────────────────────────────────────────────────────────────────────────────────
[FRAME 3702] Δt = 1.00s
────────────────────────────────────────────────────────────────────────────────
  State      : Armed=True, Mode=LOITER
  Position   : (  0.000,   0.000,   2.498)
  Velocity   : (  0.000,   0.000,  -0.129)
  Target Pos : (  0.000,   0.000,   2.498)
  Error      : (  0.000,   0.000,  -0.000) = 0.000m
  PID Output : (  0.000,   0.000,   0.001) m/s
  Applied Force: (   0.00,    0.00,    5.89) N (|F|=5.89N)
  ✅ Gravity compensation active (Fz > 0)
  Actual Vel: (  0.000,   0.000,   0.067) m/s
  ℹ️  Velocity differs from PID (hybrid physics integration active)
────────────────────────────────────────────────────────────────────────────────

[DBG CACHE] Frame 3720: Updating cache with pos=(0.000,0.000,2.499)
[DBG ROS2] Publishing to /drone/odom: pos=(0.000,0.000,2.499)
[DBG RENDER] Viewport sync triggered at pos (0.000, 0.000, 2.498)

────────────────────────────────────────────────────────────────────────────────
[FRAME 3722] Δt = 1.00s
────────────────────────────────────────────────────────────────────────────────
  State      : Armed=True, Mode=LOITER
  Position   : (  0.000,   0.000,   2.498)
  Velocity   : (  0.000,   0.000,  -0.129)
  Target Pos : (  0.000,   0.000,   2.498)
  Error      : (  0.000,   0.000,  -0.000) = 0.000m
  PID Output : (  0.000,   0.000,   0.001) m/s
  Applied Force: (   0.00,    0.00,    5.89) N (|F|=5.89N)
  ✅ Gravity compensation active (Fz > 0)
  Actual Vel: (  0.000,   0.000,   0.067) m/s
  ℹ️  Velocity differs from PID (hybrid physics integration active)
────────────────────────────────────────────────────────────────────────────────

[DBG RENDER] Viewport sync triggered at pos (0.000, 0.000, 2.498)

────────────────────────────────────────────────────────────────────────────────
[FRAME 3742] Δt = 1.00s
────────────────────────────────────────────────────────────────────────────────
  State      : Armed=True, Mode=LOITER
  Position   : (  0.000,   0.000,   2.498)
  Velocity   : (  0.000,   0.000,  -0.129)
  Target Pos : (  0.000,   0.000,   2.498)
  Error      : (  0.000,   0.000,  -0.000) = 0.000m
  PID Output : (  0.000,   0.000,   0.001) m/s
  Applied Force: (   0.00,    0.00,    5.89) N (|F|=5.89N)
  ✅ Gravity compensation active (Fz > 0)
  Actual Vel: (  0.000,   0.000,   0.067) m/s
  ℹ️  Velocity differs from PID (hybrid physics integration active)
────────────────────────────────────────────────────────────────────────────────

[VIEWPORT FIX] Setting drone position to (0.000, 0.000, 2.499)
[DBG RENDER] Viewport sync triggered at pos (0.000, 0.000, 2.498)

────────────────────────────────────────────────────────────────────────────────
[FRAME 3762] Δt = 1.00s
────────────────────────────────────────────────────────────────────────────────
  State      : Armed=True, Mode=LOITER
  Position   : (  0.000,   0.000,   2.498)
  Velocity   : (  0.000,   0.000,  -0.129)
  Target Pos : (  0.000,   0.000,   2.498)
  Error      : (  0.000,   0.000,  -0.000) = 0.000m
  PID Output : (  0.000,   0.000,   0.001) m/s
  Applied Force: (   0.00,    0.00,    5.89) N (|F|=5.89N)
  ✅ Gravity compensation active (Fz > 0)
  Actual Vel: (  0.000,   0.000,   0.067) m/s
  ℹ️  Velocity differs from PID (hybrid physics integration active)
────────────────────────────────────────────────────────────────────────────────

[DBG CACHE] Frame 3780: Updating cache with pos=(0.000,0.000,2.499)
[DBG ROS2] Publishing to /drone/odom: pos=(0.000,0.000,2.499)
[DBG RENDER] Viewport sync triggered at pos (0.000, 0.000, 2.498)

────────────────────────────────────────────────────────────────────────────────
[FRAME 3782] Δt = 1.00s
────────────────────────────────────────────────────────────────────────────────
  State      : Armed=True, Mode=LOITER
  Position   : (  0.000,   0.000,   2.498)
  Velocity   : (  0.000,   0.000,  -0.129)
  Target Pos : (  0.000,   0.000,   2.498)
  Error      : (  0.000,   0.000,  -0.000) = 0.000m
  PID Output : (  0.000,   0.000,   0.001) m/s
  Applied Force: (   0.00,    0.00,    5.89) N (|F|=5.89N)
  ✅ Gravity compensation active (Fz > 0)
  Actual Vel: (  0.000,   0.000,   0.067) m/s
  ℹ️  Velocity differs from PID (hybrid physics integration active)
────────────────────────────────────────────────────────────────────────────────

[VIEWPORT FIX] Setting drone position to (0.000, 0.000, 2.499)
[DBG RENDER] Viewport sync triggered at pos (0.000, 0.000, 2.498)

────────────────────────────────────────────────────────────────────────────────
[FRAME 3802] Δt = 1.00s
────────────────────────────────────────────────────────────────────────────────
  State      : Armed=True, Mode=LOITER
  Position   : (  0.000,   0.000,   2.498)
  Velocity   : (  0.000,   0.000,  -0.129)
  Target Pos : (  0.000,   0.000,   2.498)
  Error      : (  0.000,   0.000,  -0.000) = 0.000m
  PID Output : (  0.000,   0.000,   0.001) m/s
  Applied Force: (   0.00,    0.00,    5.89) N (|F|=5.89N)
  ✅ Gravity compensation active (Fz > 0)
  Actual Vel: (  0.000,   0.000,   0.067) m/s
  ℹ️  Velocity differs from PID (hybrid physics integration active)
────────────────────────────────────────────────────────────────────────────────

[DBG RENDER] Viewport sync triggered at pos (0.000, 0.000, 2.498)

────────────────────────────────────────────────────────────────────────────────
[FRAME 3822] Δt = 1.00s
────────────────────────────────────────────────────────────────────────────────
  State      : Armed=True, Mode=LOITER
  Position   : (  0.000,   0.000,   2.498)
  Velocity   : (  0.000,   0.000,  -0.129)
  Target Pos : (  0.000,   0.000,   2.498)
  Error      : (  0.000,   0.000,  -0.000) = 0.000m
  PID Output : (  0.000,   0.000,   0.001) m/s
  Applied Force: (   0.00,    0.00,    5.89) N (|F|=5.89N)
  ✅ Gravity compensation active (Fz > 0)
  Actual Vel: (  0.000,   0.000,   0.067) m/s
  ℹ️  Velocity differs from PID (hybrid physics integration active)
────────────────────────────────────────────────────────────────────────────────

[DBG CACHE] Frame 3840: Updating cache with pos=(0.000,0.000,2.499)
[DBG ROS2] Publishing to /drone/odom: pos=(0.000,0.000,2.499)
[DBG RENDER] Viewport sync triggered at pos (0.000, 0.000, 2.498)

────────────────────────────────────────────────────────────────────────────────
[FRAME 3842] Δt = 1.00s
────────────────────────────────────────────────────────────────────────────────
  State      : Armed=True, Mode=LOITER
  Position   : (  0.000,   0.000,   2.498)
  Velocity   : (  0.000,   0.000,  -0.129)
  Target Pos : (  0.000,   0.000,   2.498)
  Error      : (  0.000,   0.000,  -0.000) = 0.000m
  PID Output : (  0.000,   0.000,   0.001) m/s
  Applied Force: (   0.00,    0.00,    5.89) N (|F|=5.89N)
  ✅ Gravity compensation active (Fz > 0)
  Actual Vel: (  0.000,   0.000,   0.067) m/s
  ℹ️  Velocity differs from PID (hybrid physics integration active)
────────────────────────────────────────────────────────────────────────────────

[VIEWPORT FIX] Setting drone position to (0.000, 0.000, 2.499)
[DBG RENDER] Viewport sync triggered at pos (0.000, 0.000, 2.498)

────────────────────────────────────────────────────────────────────────────────
[FRAME 3862] Δt = 1.00s
────────────────────────────────────────────────────────────────────────────────
  State      : Armed=True, Mode=LOITER
  Position   : (  0.000,   0.000,   2.498)
  Velocity   : (  0.000,   0.000,  -0.129)
  Target Pos : (  0.000,   0.000,   2.498)
  Error      : (  0.000,   0.000,  -0.000) = 0.000m
  PID Output : (  0.000,   0.000,   0.001) m/s
  Applied Force: (   0.00,    0.00,    5.89) N (|F|=5.89N)
  ✅ Gravity compensation active (Fz > 0)
  Actual Vel: (  0.000,   0.000,   0.067) m/s
  ℹ️  Velocity differs from PID (hybrid physics integration active)
────────────────────────────────────────────────────────────────────────────────

[DBG RENDER] Viewport sync triggered at pos (0.000, 0.000, 2.498)

────────────────────────────────────────────────────────────────────────────────
[FRAME 3882] Δt = 1.00s
────────────────────────────────────────────────────────────────────────────────
  State      : Armed=True, Mode=LOITER
  Position   : (  0.000,   0.000,   2.498)
  Velocity   : (  0.000,   0.000,  -0.129)
  Target Pos : (  0.000,   0.000,   2.498)
  Error      : (  0.000,   0.000,  -0.000) = 0.000m
  PID Output : (  0.000,   0.000,   0.001) m/s
  Applied Force: (   0.00,    0.00,    5.89) N (|F|=5.89N)
  ✅ Gravity compensation active (Fz > 0)
  Actual Vel: (  0.000,   0.000,   0.067) m/s
  ℹ️  Velocity differs from PID (hybrid physics integration active)
────────────────────────────────────────────────────────────────────────────────

[DBG CACHE] Frame 3900: Updating cache with pos=(0.000,0.000,2.499)
[DBG ROS2] Publishing to /drone/odom: pos=(0.000,0.000,2.499)
[VIEWPORT FIX] Setting drone position to (0.000, 0.000, 2.499)
[DBG RENDER] Viewport sync triggered at pos (0.000, 0.000, 2.498)

────────────────────────────────────────────────────────────────────────────────
[FRAME 3902] Δt = 1.00s
────────────────────────────────────────────────────────────────────────────────
  State      : Armed=True, Mode=LOITER
  Position   : (  0.000,   0.000,   2.498)
  Velocity   : (  0.000,   0.000,  -0.129)
  Target Pos : (  0.000,   0.000,   2.498)
  Error      : (  0.000,   0.000,  -0.000) = 0.000m
  PID Output : (  0.000,   0.000,   0.001) m/s
  Applied Force: (   0.00,    0.00,    5.89) N (|F|=5.89N)
  ✅ Gravity compensation active (Fz > 0)
  Actual Vel: (  0.000,   0.000,   0.067) m/s
  ℹ️  Velocity differs from PID (hybrid physics integration active)
────────────────────────────────────────────────────────────────────────────────

[DBG RENDER] Viewport sync triggered at pos (0.000, 0.000, 2.498)

────────────────────────────────────────────────────────────────────────────────
[FRAME 3922] Δt = 1.00s
────────────────────────────────────────────────────────────────────────────────
  State      : Armed=True, Mode=LOITER
  Position   : (  0.000,   0.000,   2.498)
  Velocity   : (  0.000,   0.000,  -0.129)
  Target Pos : (  0.000,   0.000,   2.498)
  Error      : (  0.000,   0.000,  -0.000) = 0.000m
  PID Output : (  0.000,   0.000,   0.001) m/s
  Applied Force: (   0.00,    0.00,    5.89) N (|F|=5.89N)
  ✅ Gravity compensation active (Fz > 0)
  Actual Vel: (  0.000,   0.000,   0.067) m/s
  ℹ️  Velocity differs from PID (hybrid physics integration active)
────────────────────────────────────────────────────────────────────────────────

[DBG RENDER] Viewport sync triggered at pos (0.000, 0.000, 2.498)

────────────────────────────────────────────────────────────────────────────────
[FRAME 3942] Δt = 1.00s
────────────────────────────────────────────────────────────────────────────────
  State      : Armed=True, Mode=LOITER
  Position   : (  0.000,   0.000,   2.498)
  Velocity   : (  0.000,   0.000,  -0.129)
  Target Pos : (  0.000,   0.000,   2.498)
  Error      : (  0.000,   0.000,  -0.000) = 0.000m
  PID Output : (  0.000,   0.000,   0.001) m/s
  Applied Force: (   0.00,    0.00,    5.89) N (|F|=5.89N)
  ✅ Gravity compensation active (Fz > 0)
  Actual Vel: (  0.000,   0.000,   0.067) m/s
  ℹ️  Velocity differs from PID (hybrid physics integration active)
────────────────────────────────────────────────────────────────────────────────

[VIEWPORT FIX] Setting drone position to (0.000, 0.000, 2.499)
[DBG CACHE] Frame 3960: Updating cache with pos=(0.000,0.000,2.499)
[DBG ROS2] Publishing to /drone/odom: pos=(0.000,0.000,2.499)
[DBG RENDER] Viewport sync triggered at pos (0.000, 0.000, 2.498)

────────────────────────────────────────────────────────────────────────────────
[FRAME 3962] Δt = 1.00s
────────────────────────────────────────────────────────────────────────────────
  State      : Armed=True, Mode=LOITER
  Position   : (  0.000,   0.000,   2.498)
  Velocity   : (  0.000,   0.000,  -0.129)
  Target Pos : (  0.000,   0.000,   2.498)
  Error      : (  0.000,   0.000,  -0.000) = 0.000m
  PID Output : (  0.000,   0.000,   0.001) m/s
  Applied Force: (   0.00,    0.00,    5.89) N (|F|=5.89N)
  ✅ Gravity compensation active (Fz > 0)
  Actual Vel: (  0.000,   0.000,   0.067) m/s
  ℹ️  Velocity differs from PID (hybrid physics integration active)
────────────────────────────────────────────────────────────────────────────────

[DBG RENDER] Viewport sync triggered at pos (0.000, 0.000, 2.498)

────────────────────────────────────────────────────────────────────────────────
[FRAME 3982] Δt = 1.00s
────────────────────────────────────────────────────────────────────────────────
  State      : Armed=True, Mode=LOITER
  Position   : (  0.000,   0.000,   2.498)
  Velocity   : (  0.000,   0.000,  -0.129)
  Target Pos : (  0.000,   0.000,   2.498)
  Error      : (  0.000,   0.000,  -0.000) = 0.000m
  PID Output : (  0.000,   0.000,   0.001) m/s
  Applied Force: (   0.00,    0.00,    5.89) N (|F|=5.89N)
  ✅ Gravity compensation active (Fz > 0)
  Actual Vel: (  0.000,   0.000,   0.067) m/s
  ℹ️  Velocity differs from PID (hybrid physics integration active)
────────────────────────────────────────────────────────────────────────────────

[VIEWPORT FIX] Setting drone position to (0.000, 0.000, 2.499)
[DBG RENDER] Viewport sync triggered at pos (0.000, 0.000, 2.498)

────────────────────────────────────────────────────────────────────────────────
[FRAME 4001] Δt = 1.00s
────────────────────────────────────────────────────────────────────────────────
  State      : Armed=True, Mode=LOITER
  Position   : (  0.000,   0.000,   2.498)
  Velocity   : (  0.000,   0.000,  -0.129)
  Target Pos : (  0.000,   0.000,   2.498)
  Error      : (  0.000,   0.000,  -0.000) = 0.000m
  PID Output : (  0.000,   0.000,   0.001) m/s
  Applied Force: (   0.00,    0.00,    5.89) N (|F|=5.89N)
  ✅ Gravity compensation active (Fz > 0)
  Actual Vel: (  0.000,   0.000,   0.067) m/s
  ℹ️  Velocity differs from PID (hybrid physics integration active)
────────────────────────────────────────────────────────────────────────────────


────────────────────────────────────────────────────────────────────────────────
[FRAME 4020] Δt = 1.00s
────────────────────────────────────────────────────────────────────────────────
  State      : Armed=True, Mode=LOITER
  Position   : (  0.000,   0.000,   2.498)
  Velocity   : (  0.000,   0.000,  -0.129)
  Target Pos : (  0.000,   0.000,   2.498)
  Error      : (  0.000,   0.000,  -0.000) = 0.000m
  PID Output : (  0.000,   0.000,   0.001) m/s
  Applied Force: (   0.00,    0.00,    5.89) N (|F|=5.89N)
  ✅ Gravity compensation active (Fz > 0)
  Actual Vel: (  0.000,   0.000,   0.067) m/s
  ℹ️  Velocity differs from PID (hybrid physics integration active)
────────────────────────────────────────────────────────────────────────────────

[DBG CACHE] Frame 4020: Updating cache with pos=(0.000,0.000,2.499)
[DBG ROS2] Publishing to /drone/odom: pos=(0.000,0.000,2.499)
[DBG RENDER] Viewport sync triggered at pos (0.000, 0.000, 2.498)

────────────────────────────────────────────────────────────────────────────────
[FRAME 4039] Δt = 1.00s
────────────────────────────────────────────────────────────────────────────────
  State      : Armed=True, Mode=LOITER
  Position   : (  0.000,   0.000,   2.498)
  Velocity   : (  0.000,   0.000,  -0.129)
  Target Pos : (  0.000,   0.000,   2.498)
  Error      : (  0.000,   0.000,  -0.000) = 0.000m
  PID Output : (  0.000,   0.000,   0.001) m/s
  Applied Force: (   0.00,    0.00,    5.89) N (|F|=5.89N)
  ✅ Gravity compensation active (Fz > 0)
  Actual Vel: (  0.000,   0.000,   0.067) m/s
  ℹ️  Velocity differs from PID (hybrid physics integration active)
────────────────────────────────────────────────────────────────────────────────

[DBG RENDER] Viewport sync triggered at pos (0.000, 0.000, 2.498)
[VIEWPORT FIX] Setting drone position to (0.000, 0.000, 2.499)

────────────────────────────────────────────────────────────────────────────────
[FRAME 4058] Δt = 1.00s
────────────────────────────────────────────────────────────────────────────────
  State      : Armed=True, Mode=LOITER
  Position   : (  0.000,   0.000,   2.498)
  Velocity   : (  0.000,   0.000,  -0.129)
  Target Pos : (  0.000,   0.000,   2.498)
  Error      : (  0.000,   0.000,  -0.000) = 0.000m
  PID Output : (  0.000,   0.000,   0.001) m/s
  Applied Force: (   0.00,    0.00,    5.89) N (|F|=5.89N)
  ✅ Gravity compensation active (Fz > 0)
  Actual Vel: (  0.000,   0.000,   0.067) m/s
  ℹ️  Velocity differs from PID (hybrid physics integration active)
────────────────────────────────────────────────────────────────────────────────

[DBG RENDER] Viewport sync triggered at pos (0.000, 0.000, 2.498)

────────────────────────────────────────────────────────────────────────────────
[FRAME 4078] Δt = 1.00s
────────────────────────────────────────────────────────────────────────────────
  State      : Armed=True, Mode=LOITER
  Position   : (  0.000,   0.000,   2.498)
  Velocity   : (  0.000,   0.000,  -0.129)
  Target Pos : (  0.000,   0.000,   2.498)
  Error      : (  0.000,   0.000,  -0.000) = 0.000m
  PID Output : (  0.000,   0.000,   0.001) m/s
  Applied Force: (   0.00,    0.00,    5.89) N (|F|=5.89N)
  ✅ Gravity compensation active (Fz > 0)
  Actual Vel: (  0.000,   0.000,   0.067) m/s
  ℹ️  Velocity differs from PID (hybrid physics integration active)
────────────────────────────────────────────────────────────────────────────────

[DBG CACHE] Frame 4080: Updating cache with pos=(0.000,0.000,2.499)
[DBG ROS2] Publishing to /drone/odom: pos=(0.000,0.000,2.499)
[DBG RENDER] Viewport sync triggered at pos (0.000, 0.000, 2.498)

────────────────────────────────────────────────────────────────────────────────
[FRAME 4098] Δt = 1.00s
────────────────────────────────────────────────────────────────────────────────
  State      : Armed=True, Mode=LOITER
  Position   : (  0.000,   0.000,   2.498)
  Velocity   : (  0.000,   0.000,  -0.129)
  Target Pos : (  0.000,   0.000,   2.498)
  Error      : (  0.000,   0.000,  -0.000) = 0.000m
  PID Output : (  0.000,   0.000,   0.001) m/s
  Applied Force: (   0.00,    0.00,    5.89) N (|F|=5.89N)
  ✅ Gravity compensation active (Fz > 0)
  Actual Vel: (  0.000,   0.000,   0.067) m/s
  ℹ️  Velocity differs from PID (hybrid physics integration active)
────────────────────────────────────────────────────────────────────────────────

[VIEWPORT FIX] Setting drone position to (0.000, 0.000, 2.499)
[DBG RENDER] Viewport sync triggered at pos (0.000, 0.000, 2.498)

────────────────────────────────────────────────────────────────────────────────
[FRAME 4118] Δt = 1.00s
────────────────────────────────────────────────────────────────────────────────
  State      : Armed=True, Mode=LOITER
  Position   : (  0.000,   0.000,   2.498)
  Velocity   : (  0.000,   0.000,  -0.129)
  Target Pos : (  0.000,   0.000,   2.498)
  Error      : (  0.000,   0.000,  -0.000) = 0.000m
  PID Output : (  0.000,   0.000,   0.001) m/s
  Applied Force: (   0.00,    0.00,    5.89) N (|F|=5.89N)
  ✅ Gravity compensation active (Fz > 0)
  Actual Vel: (  0.000,   0.000,   0.067) m/s
  ℹ️  Velocity differs from PID (hybrid physics integration active)
────────────────────────────────────────────────────────────────────────────────

[DBG RENDER] Viewport sync triggered at pos (0.000, 0.000, 2.498)

────────────────────────────────────────────────────────────────────────────────
[FRAME 4138] Δt = 1.00s
────────────────────────────────────────────────────────────────────────────────
  State      : Armed=True, Mode=LOITER
  Position   : (  0.000,   0.000,   2.498)
  Velocity   : (  0.000,   0.000,  -0.129)
  Target Pos : (  0.000,   0.000,   2.498)
  Error      : (  0.000,   0.000,  -0.000) = 0.000m
  PID Output : (  0.000,   0.000,   0.001) m/s
  Applied Force: (   0.00,    0.00,    5.89) N (|F|=5.89N)
  ✅ Gravity compensation active (Fz > 0)
  Actual Vel: (  0.000,   0.000,   0.067) m/s
  ℹ️  Velocity differs from PID (hybrid physics integration active)
────────────────────────────────────────────────────────────────────────────────

[DBG CACHE] Frame 4140: Updating cache with pos=(0.000,0.000,2.499)
[DBG ROS2] Publishing to /drone/odom: pos=(0.000,0.000,2.499)
[DBG RENDER] Viewport sync triggered at pos (0.000, 0.000, 2.498)
[VIEWPORT FIX] Setting drone position to (0.000, 0.000, 2.499)

────────────────────────────────────────────────────────────────────────────────
[FRAME 4158] Δt = 1.00s
────────────────────────────────────────────────────────────────────────────────
  State      : Armed=True, Mode=LOITER
  Position   : (  0.000,   0.000,   2.498)
  Velocity   : (  0.000,   0.000,  -0.129)
  Target Pos : (  0.000,   0.000,   2.498)
  Error      : (  0.000,   0.000,  -0.000) = 0.000m
  PID Output : (  0.000,   0.000,   0.001) m/s
  Applied Force: (   0.00,    0.00,    5.89) N (|F|=5.89N)
  ✅ Gravity compensation active (Fz > 0)
  Actual Vel: (  0.000,   0.000,   0.067) m/s
  ℹ️  Velocity differs from PID (hybrid physics integration active)
────────────────────────────────────────────────────────────────────────────────

[DBG RENDER] Viewport sync triggered at pos (0.000, 0.000, 2.498)

────────────────────────────────────────────────────────────────────────────────
[FRAME 4178] Δt = 1.00s
────────────────────────────────────────────────────────────────────────────────
  State      : Armed=True, Mode=LOITER
  Position   : (  0.000,   0.000,   2.498)
  Velocity   : (  0.000,   0.000,  -0.129)
  Target Pos : (  0.000,   0.000,   2.498)
  Error      : (  0.000,   0.000,  -0.000) = 0.000m
  PID Output : (  0.000,   0.000,   0.001) m/s
  Applied Force: (   0.00,    0.00,    5.89) N (|F|=5.89N)
  ✅ Gravity compensation active (Fz > 0)
  Actual Vel: (  0.000,   0.000,   0.067) m/s
  ℹ️  Velocity differs from PID (hybrid physics integration active)
────────────────────────────────────────────────────────────────────────────────

[DBG RENDER] Viewport sync triggered at pos (0.000, 0.000, 2.498)

────────────────────────────────────────────────────────────────────────────────
[FRAME 4197] Δt = 1.00s
────────────────────────────────────────────────────────────────────────────────
  State      : Armed=True, Mode=LOITER
  Position   : (  0.000,   0.000,   2.498)
  Velocity   : (  0.000,   0.000,  -0.129)
  Target Pos : (  0.000,   0.000,   2.498)
  Error      : (  0.000,   0.000,  -0.000) = 0.000m
  PID Output : (  0.000,   0.000,   0.001) m/s
  Applied Force: (   0.00,    0.00,    5.89) N (|F|=5.89N)
  ✅ Gravity compensation active (Fz > 0)
  Actual Vel: (  0.000,   0.000,   0.067) m/s
  ℹ️  Velocity differs from PID (hybrid physics integration active)
────────────────────────────────────────────────────────────────────────────────

[DBG CACHE] Frame 4200: Updating cache with pos=(0.000,0.000,2.499)
[DBG ROS2] Publishing to /drone/odom: pos=(0.000,0.000,2.499)
[VIEWPORT FIX] Setting drone position to (0.000, 0.000, 2.499)
[DBG RENDER] Viewport sync triggered at pos (0.000, 0.000, 2.498)

────────────────────────────────────────────────────────────────────────────────
[FRAME 4216] Δt = 1.00s
────────────────────────────────────────────────────────────────────────────────
  State      : Armed=True, Mode=LOITER
  Position   : (  0.000,   0.000,   2.498)
  Velocity   : (  0.000,   0.000,  -0.129)
  Target Pos : (  0.000,   0.000,   2.498)
  Error      : (  0.000,   0.000,  -0.000) = 0.000m
  PID Output : (  0.000,   0.000,   0.001) m/s
  Applied Force: (   0.00,    0.00,    5.89) N (|F|=5.89N)
  ✅ Gravity compensation active (Fz > 0)
  Actual Vel: (  0.000,   0.000,   0.067) m/s
  ℹ️  Velocity differs from PID (hybrid physics integration active)
────────────────────────────────────────────────────────────────────────────────

[DBG RENDER] Viewport sync triggered at pos (0.000, 0.000, 2.498)

────────────────────────────────────────────────────────────────────────────────
[FRAME 4235] Δt = 1.00s
────────────────────────────────────────────────────────────────────────────────
  State      : Armed=True, Mode=LOITER
  Position   : (  0.000,   0.000,   2.498)
  Velocity   : (  0.000,   0.000,  -0.129)
  Target Pos : (  0.000,   0.000,   2.498)
  Error      : (  0.000,   0.000,  -0.000) = 0.000m
  PID Output : (  0.000,   0.000,   0.001) m/s
  Applied Force: (   0.00,    0.00,    5.89) N (|F|=5.89N)
  ✅ Gravity compensation active (Fz > 0)
  Actual Vel: (  0.000,   0.000,   0.067) m/s
  ℹ️  Velocity differs from PID (hybrid physics integration active)
────────────────────────────────────────────────────────────────────────────────

[DBG RENDER] Viewport sync triggered at pos (0.000, 0.000, 2.498)
[VIEWPORT FIX] Setting drone position to (0.000, 0.000, 2.499)

────────────────────────────────────────────────────────────────────────────────
[FRAME 4255] Δt = 1.00s
────────────────────────────────────────────────────────────────────────────────
  State      : Armed=True, Mode=LOITER
  Position   : (  0.000,   0.000,   2.498)
  Velocity   : (  0.000,   0.000,  -0.129)
  Target Pos : (  0.000,   0.000,   2.498)
  Error      : (  0.000,   0.000,  -0.000) = 0.000m
  PID Output : (  0.000,   0.000,   0.001) m/s
  Applied Force: (   0.00,    0.00,    5.89) N (|F|=5.89N)
  ✅ Gravity compensation active (Fz > 0)
  Actual Vel: (  0.000,   0.000,   0.067) m/s
  ℹ️  Velocity differs from PID (hybrid physics integration active)
────────────────────────────────────────────────────────────────────────────────

[DBG CACHE] Frame 4260: Updating cache with pos=(0.000,0.000,2.499)
[DBG ROS2] Publishing to /drone/odom: pos=(0.000,0.000,2.499)
[DBG RENDER] Viewport sync triggered at pos (0.000, 0.000, 2.498)

────────────────────────────────────────────────────────────────────────────────
[FRAME 4274] Δt = 1.00s
────────────────────────────────────────────────────────────────────────────────
  State      : Armed=True, Mode=LOITER
  Position   : (  0.000,   0.000,   2.498)
  Velocity   : (  0.000,   0.000,  -0.129)
  Target Pos : (  0.000,   0.000,   2.498)
  Error      : (  0.000,   0.000,  -0.000) = 0.000m
  PID Output : (  0.000,   0.000,   0.001) m/s
  Applied Force: (   0.00,    0.00,    5.89) N (|F|=5.89N)
  ✅ Gravity compensation active (Fz > 0)
  Actual Vel: (  0.000,   0.000,   0.067) m/s
  ℹ️  Velocity differs from PID (hybrid physics integration active)
────────────────────────────────────────────────────────────────────────────────

[DBG RENDER] Viewport sync triggered at pos (0.000, 0.000, 2.498)

────────────────────────────────────────────────────────────────────────────────
[FRAME 4293] Δt = 1.00s
────────────────────────────────────────────────────────────────────────────────
  State      : Armed=True, Mode=LOITER
  Position   : (  0.000,   0.000,   2.498)
  Velocity   : (  0.000,   0.000,  -0.129)
  Target Pos : (  0.000,   0.000,   2.498)
  Error      : (  0.000,   0.000,  -0.000) = 0.000m
  PID Output : (  0.000,   0.000,   0.001) m/s
  Applied Force: (   0.00,    0.00,    5.89) N (|F|=5.89N)
  ✅ Gravity compensation active (Fz > 0)
  Actual Vel: (  0.000,   0.000,   0.067) m/s
  ℹ️  Velocity differs from PID (hybrid physics integration active)
────────────────────────────────────────────────────────────────────────────────

[VIEWPORT FIX] Setting drone position to (0.000, 0.000, 2.499)
[DBG RENDER] Viewport sync triggered at pos (0.000, 0.000, 2.498)

────────────────────────────────────────────────────────────────────────────────
[FRAME 4312] Δt = 1.00s
────────────────────────────────────────────────────────────────────────────────
  State      : Armed=True, Mode=LOITER
  Position   : (  0.000,   0.000,   2.498)
  Velocity   : (  0.000,   0.000,  -0.129)
  Target Pos : (  0.000,   0.000,   2.498)
  Error      : (  0.000,   0.000,  -0.000) = 0.000m
  PID Output : (  0.000,   0.000,   0.001) m/s
  Applied Force: (   0.00,    0.00,    5.89) N (|F|=5.89N)
  ✅ Gravity compensation active (Fz > 0)
  Actual Vel: (  0.000,   0.000,   0.067) m/s
  ℹ️  Velocity differs from PID (hybrid physics integration active)
────────────────────────────────────────────────────────────────────────────────

[DBG CACHE] Frame 4320: Updating cache with pos=(0.000,0.000,2.499)
[DBG ROS2] Publishing to /drone/odom: pos=(0.000,0.000,2.499)
[DBG RENDER] Viewport sync triggered at pos (0.000, 0.000, 2.498)

────────────────────────────────────────────────────────────────────────────────
[FRAME 4330] Δt = 1.00s
────────────────────────────────────────────────────────────────────────────────
  State      : Armed=True, Mode=LOITER
  Position   : (  0.000,   0.000,   2.498)
  Velocity   : (  0.000,   0.000,  -0.129)
  Target Pos : (  0.000,   0.000,   2.498)
  Error      : (  0.000,   0.000,  -0.000) = 0.000m
  PID Output : (  0.000,   0.000,   0.001) m/s
  Applied Force: (   0.00,    0.00,    5.89) N (|F|=5.89N)
  ✅ Gravity compensation active (Fz > 0)
  Actual Vel: (  0.000,   0.000,   0.067) m/s
  ℹ️  Velocity differs from PID (hybrid physics integration active)
────────────────────────────────────────────────────────────────────────────────

[DBG RENDER] Viewport sync triggered at pos (0.000, 0.000, 2.498)

────────────────────────────────────────────────────────────────────────────────
[FRAME 4348] Δt = 1.00s
────────────────────────────────────────────────────────────────────────────────
  State      : Armed=True, Mode=LOITER
  Position   : (  0.000,   0.000,   2.498)
  Velocity   : (  0.000,   0.000,  -0.129)
  Target Pos : (  0.000,   0.000,   2.498)
  Error      : (  0.000,   0.000,  -0.000) = 0.000m
  PID Output : (  0.000,   0.000,   0.001) m/s
  Applied Force: (   0.00,    0.00,    5.89) N (|F|=5.89N)
  ✅ Gravity compensation active (Fz > 0)
  Actual Vel: (  0.000,   0.000,   0.067) m/s
  ℹ️  Velocity differs from PID (hybrid physics integration active)
────────────────────────────────────────────────────────────────────────────────

[VIEWPORT FIX] Setting drone position to (0.000, 0.000, 2.499)
[DBG RENDER] Viewport sync triggered at pos (0.000, 0.000, 2.498)

────────────────────────────────────────────────────────────────────────────────
[FRAME 4368] Δt = 1.00s
────────────────────────────────────────────────────────────────────────────────
  State      : Armed=True, Mode=LOITER
  Position   : (  0.000,   0.000,   2.498)
  Velocity   : (  0.000,   0.000,  -0.129)
  Target Pos : (  0.000,   0.000,   2.498)
  Error      : (  0.000,   0.000,  -0.000) = 0.000m
  PID Output : (  0.000,   0.000,   0.001) m/s
  Applied Force: (   0.00,    0.00,    5.89) N (|F|=5.89N)
  ✅ Gravity compensation active (Fz > 0)
  Actual Vel: (  0.000,   0.000,   0.067) m/s
  ℹ️  Velocity differs from PID (hybrid physics integration active)
────────────────────────────────────────────────────────────────────────────────

[DBG CACHE] Frame 4380: Updating cache with pos=(0.000,0.000,2.499)
[DBG ROS2] Publishing to /drone/odom: pos=(0.000,0.000,2.499)
[DBG RENDER] Viewport sync triggered at pos (0.000, 0.000, 2.498)

────────────────────────────────────────────────────────────────────────────────
[FRAME 4388] Δt = 1.00s
────────────────────────────────────────────────────────────────────────────────
  State      : Armed=True, Mode=LOITER
  Position   : (  0.000,   0.000,   2.498)
  Velocity   : (  0.000,   0.000,  -0.129)
  Target Pos : (  0.000,   0.000,   2.498)
  Error      : (  0.000,   0.000,  -0.000) = 0.000m
  PID Output : (  0.000,   0.000,   0.001) m/s
  Applied Force: (   0.00,    0.00,    5.89) N (|F|=5.89N)
  ✅ Gravity compensation active (Fz > 0)
  Actual Vel: (  0.000,   0.000,   0.067) m/s
  ℹ️  Velocity differs from PID (hybrid physics integration active)
────────────────────────────────────────────────────────────────────────────────

[VIEWPORT FIX] Setting drone position to (0.000, 0.000, 2.499)
[DBG RENDER] Viewport sync triggered at pos (0.000, 0.000, 2.498)

────────────────────────────────────────────────────────────────────────────────
[FRAME 4407] Δt = 1.00s
────────────────────────────────────────────────────────────────────────────────
  State      : Armed=True, Mode=LOITER
  Position   : (  0.000,   0.000,   2.498)
  Velocity   : (  0.000,   0.000,  -0.129)
  Target Pos : (  0.000,   0.000,   2.498)
  Error      : (  0.000,   0.000,  -0.000) = 0.000m
  PID Output : (  0.000,   0.000,   0.001) m/s
  Applied Force: (   0.00,    0.00,    5.89) N (|F|=5.89N)
  ✅ Gravity compensation active (Fz > 0)
  Actual Vel: (  0.000,   0.000,   0.067) m/s
  ℹ️  Velocity differs from PID (hybrid physics integration active)
────────────────────────────────────────────────────────────────────────────────

[DBG RENDER] Viewport sync triggered at pos (0.000, 0.000, 2.498)

────────────────────────────────────────────────────────────────────────────────
[FRAME 4427] Δt = 1.00s
────────────────────────────────────────────────────────────────────────────────
  State      : Armed=True, Mode=LOITER
  Position   : (  0.000,   0.000,   2.498)
  Velocity   : (  0.000,   0.000,  -0.129)
  Target Pos : (  0.000,   0.000,   2.498)
  Error      : (  0.000,   0.000,  -0.000) = 0.000m
  PID Output : (  0.000,   0.000,   0.001) m/s
  Applied Force: (   0.00,    0.00,    5.89) N (|F|=5.89N)
  ✅ Gravity compensation active (Fz > 0)
  Actual Vel: (  0.000,   0.000,   0.067) m/s
  ℹ️  Velocity differs from PID (hybrid physics integration active)
────────────────────────────────────────────────────────────────────────────────

[DBG CACHE] Frame 4440: Updating cache with pos=(0.000,0.000,2.499)
[DBG ROS2] Publishing to /drone/odom: pos=(0.000,0.000,2.499)
[DBG RENDER] Viewport sync triggered at pos (0.000, 0.000, 2.498)

────────────────────────────────────────────────────────────────────────────────
[FRAME 4447] Δt = 1.00s
────────────────────────────────────────────────────────────────────────────────
  State      : Armed=True, Mode=LOITER
  Position   : (  0.000,   0.000,   2.498)
  Velocity   : (  0.000,   0.000,  -0.129)
  Target Pos : (  0.000,   0.000,   2.498)
  Error      : (  0.000,   0.000,  -0.000) = 0.000m
  PID Output : (  0.000,   0.000,   0.001) m/s
  Applied Force: (   0.00,    0.00,    5.89) N (|F|=5.89N)
  ✅ Gravity compensation active (Fz > 0)
  Actual Vel: (  0.000,   0.000,   0.067) m/s
  ℹ️  Velocity differs from PID (hybrid physics integration active)
────────────────────────────────────────────────────────────────────────────────

[VIEWPORT FIX] Setting drone position to (0.000, 0.000, 2.499)
[DBG RENDER] Viewport sync triggered at pos (0.000, 0.000, 2.498)

────────────────────────────────────────────────────────────────────────────────
[FRAME 4467] Δt = 1.00s
────────────────────────────────────────────────────────────────────────────────
  State      : Armed=True, Mode=LOITER
  Position   : (  0.000,   0.000,   2.498)
  Velocity   : (  0.000,   0.000,  -0.129)
  Target Pos : (  0.000,   0.000,   2.498)
  Error      : (  0.000,   0.000,  -0.000) = 0.000m
  PID Output : (  0.000,   0.000,   0.001) m/s
  Applied Force: (   0.00,    0.00,    5.89) N (|F|=5.89N)
  ✅ Gravity compensation active (Fz > 0)
  Actual Vel: (  0.000,   0.000,   0.067) m/s
  ℹ️  Velocity differs from PID (hybrid physics integration active)
────────────────────────────────────────────────────────────────────────────────

[DBG RENDER] Viewport sync triggered at pos (0.000, 0.000, 2.498)

────────────────────────────────────────────────────────────────────────────────
[FRAME 4487] Δt = 1.00s
────────────────────────────────────────────────────────────────────────────────
  State      : Armed=True, Mode=LOITER
  Position   : (  0.000,   0.000,   2.498)
  Velocity   : (  0.000,   0.000,  -0.129)
  Target Pos : (  0.000,   0.000,   2.498)
  Error      : (  0.000,   0.000,  -0.000) = 0.000m
  PID Output : (  0.000,   0.000,   0.001) m/s
  Applied Force: (   0.00,    0.00,    5.89) N (|F|=5.89N)
  ✅ Gravity compensation active (Fz > 0)
  Actual Vel: (  0.000,   0.000,   0.067) m/s
  ℹ️  Velocity differs from PID (hybrid physics integration active)
────────────────────────────────────────────────────────────────────────────────

[DBG CACHE] Frame 4500: Updating cache with pos=(0.000,0.000,2.499)
[DBG ROS2] Publishing to /drone/odom: pos=(0.000,0.000,2.499)
[VIEWPORT FIX] Setting drone position to (0.000, 0.000, 2.499)
[DBG RENDER] Viewport sync triggered at pos (0.000, 0.000, 2.498)

────────────────────────────────────────────────────────────────────────────────
[FRAME 4507] Δt = 1.00s
────────────────────────────────────────────────────────────────────────────────
  State      : Armed=True, Mode=LOITER
  Position   : (  0.000,   0.000,   2.498)
  Velocity   : (  0.000,   0.000,  -0.129)
  Target Pos : (  0.000,   0.000,   2.498)
  Error      : (  0.000,   0.000,  -0.000) = 0.000m
  PID Output : (  0.000,   0.000,   0.001) m/s
  Applied Force: (   0.00,    0.00,    5.89) N (|F|=5.89N)
  ✅ Gravity compensation active (Fz > 0)
  Actual Vel: (  0.000,   0.000,   0.067) m/s
  ℹ️  Velocity differs from PID (hybrid physics integration active)
────────────────────────────────────────────────────────────────────────────────

[DBG RENDER] Viewport sync triggered at pos (0.000, 0.000, 2.498)

────────────────────────────────────────────────────────────────────────────────
[FRAME 4527] Δt = 1.00s
────────────────────────────────────────────────────────────────────────────────
  State      : Armed=True, Mode=LOITER
  Position   : (  0.000,   0.000,   2.498)
  Velocity   : (  0.000,   0.000,  -0.129)
  Target Pos : (  0.000,   0.000,   2.498)
  Error      : (  0.000,   0.000,  -0.000) = 0.000m
  PID Output : (  0.000,   0.000,   0.001) m/s
  Applied Force: (   0.00,    0.00,    5.89) N (|F|=5.89N)
  ✅ Gravity compensation active (Fz > 0)
  Actual Vel: (  0.000,   0.000,   0.067) m/s
  ℹ️  Velocity differs from PID (hybrid physics integration active)
────────────────────────────────────────────────────────────────────────────────

[DBG RENDER] Viewport sync triggered at pos (0.000, 0.000, 2.498)

────────────────────────────────────────────────────────────────────────────────
[FRAME 4546] Δt = 1.00s
────────────────────────────────────────────────────────────────────────────────
  State      : Armed=True, Mode=LOITER
  Position   : (  0.000,   0.000,   2.498)
  Velocity   : (  0.000,   0.000,  -0.129)
  Target Pos : (  0.000,   0.000,   2.498)
  Error      : (  0.000,   0.000,  -0.000) = 0.000m
  PID Output : (  0.000,   0.000,   0.001) m/s
  Applied Force: (   0.00,    0.00,    5.89) N (|F|=5.89N)
  ✅ Gravity compensation active (Fz > 0)
  Actual Vel: (  0.000,   0.000,   0.067) m/s
  ℹ️  Velocity differs from PID (hybrid physics integration active)
────────────────────────────────────────────────────────────────────────────────

[VIEWPORT FIX] Setting drone position to (0.000, 0.000, 2.499)
[DBG CACHE] Frame 4560: Updating cache with pos=(0.000,0.000,2.499)
[DBG ROS2] Publishing to /drone/odom: pos=(0.000,0.000,2.499)
[DBG RENDER] Viewport sync triggered at pos (0.000, 0.000, 2.498)

────────────────────────────────────────────────────────────────────────────────
[FRAME 4566] Δt = 1.00s
────────────────────────────────────────────────────────────────────────────────
  State      : Armed=True, Mode=LOITER
  Position   : (  0.000,   0.000,   2.498)
  Velocity   : (  0.000,   0.000,  -0.129)
  Target Pos : (  0.000,   0.000,   2.498)
  Error      : (  0.000,   0.000,  -0.000) = 0.000m
  PID Output : (  0.000,   0.000,   0.001) m/s
  Applied Force: (   0.00,    0.00,    5.89) N (|F|=5.89N)
  ✅ Gravity compensation active (Fz > 0)
  Actual Vel: (  0.000,   0.000,   0.067) m/s
  ℹ️  Velocity differs from PID (hybrid physics integration active)
────────────────────────────────────────────────────────────────────────────────

[DBG RENDER] Viewport sync triggered at pos (0.000, 0.000, 2.498)

────────────────────────────────────────────────────────────────────────────────
[FRAME 4586] Δt = 1.00s
────────────────────────────────────────────────────────────────────────────────
  State      : Armed=True, Mode=LOITER
  Position   : (  0.000,   0.000,   2.498)
  Velocity   : (  0.000,   0.000,  -0.129)
  Target Pos : (  0.000,   0.000,   2.498)
  Error      : (  0.000,   0.000,  -0.000) = 0.000m
  PID Output : (  0.000,   0.000,   0.001) m/s
  Applied Force: (   0.00,    0.00,    5.89) N (|F|=5.89N)
  ✅ Gravity compensation active (Fz > 0)
  Actual Vel: (  0.000,   0.000,   0.067) m/s
  ℹ️  Velocity differs from PID (hybrid physics integration active)
────────────────────────────────────────────────────────────────────────────────

[VIEWPORT FIX] Setting drone position to (0.000, 0.000, 2.499)
[DBG RENDER] Viewport sync triggered at pos (0.000, 0.000, 2.498)

────────────────────────────────────────────────────────────────────────────────
[FRAME 4606] Δt = 1.00s
────────────────────────────────────────────────────────────────────────────────
  State      : Armed=True, Mode=LOITER
  Position   : (  0.000,   0.000,   2.498)
  Velocity   : (  0.000,   0.000,  -0.129)
  Target Pos : (  0.000,   0.000,   2.498)
  Error      : (  0.000,   0.000,  -0.000) = 0.000m
  PID Output : (  0.000,   0.000,   0.001) m/s
  Applied Force: (   0.00,    0.00,    5.89) N (|F|=5.89N)
  ✅ Gravity compensation active (Fz > 0)
  Actual Vel: (  0.000,   0.000,   0.067) m/s
  ℹ️  Velocity differs from PID (hybrid physics integration active)
────────────────────────────────────────────────────────────────────────────────

[DBG CACHE] Frame 4620: Updating cache with pos=(0.000,0.000,2.499)
[DBG ROS2] Publishing to /drone/odom: pos=(0.000,0.000,2.499)
[DBG RENDER] Viewport sync triggered at pos (0.000, 0.000, 2.498)

────────────────────────────────────────────────────────────────────────────────
[FRAME 4626] Δt = 1.00s
────────────────────────────────────────────────────────────────────────────────
  State      : Armed=True, Mode=LOITER
  Position   : (  0.000,   0.000,   2.498)
  Velocity   : (  0.000,   0.000,  -0.129)
  Target Pos : (  0.000,   0.000,   2.498)
  Error      : (  0.000,   0.000,  -0.000) = 0.000m
  PID Output : (  0.000,   0.000,   0.001) m/s
  Applied Force: (   0.00,    0.00,    5.89) N (|F|=5.89N)
  ✅ Gravity compensation active (Fz > 0)
  Actual Vel: (  0.000,   0.000,   0.067) m/s
  ℹ️  Velocity differs from PID (hybrid physics integration active)
────────────────────────────────────────────────────────────────────────────────

[DBG RENDER] Viewport sync triggered at pos (0.000, 0.000, 2.498)

────────────────────────────────────────────────────────────────────────────────
[FRAME 4646] Δt = 1.00s
────────────────────────────────────────────────────────────────────────────────
  State      : Armed=True, Mode=LOITER
  Position   : (  0.000,   0.000,   2.498)
  Velocity   : (  0.000,   0.000,  -0.129)
  Target Pos : (  0.000,   0.000,   2.498)
  Error      : (  0.000,   0.000,  -0.000) = 0.000m
  PID Output : (  0.000,   0.000,   0.001) m/s
  Applied Force: (   0.00,    0.00,    5.89) N (|F|=5.89N)
  ✅ Gravity compensation active (Fz > 0)
  Actual Vel: (  0.000,   0.000,   0.067) m/s
  ℹ️  Velocity differs from PID (hybrid physics integration active)
────────────────────────────────────────────────────────────────────────────────

[VIEWPORT FIX] Setting drone position to (0.000, 0.000, 2.499)
[DBG RENDER] Viewport sync triggered at pos (0.000, 0.000, 2.498)

────────────────────────────────────────────────────────────────────────────────
[FRAME 4666] Δt = 1.00s
────────────────────────────────────────────────────────────────────────────────
  State      : Armed=True, Mode=LOITER
  Position   : (  0.000,   0.000,   2.498)
  Velocity   : (  0.000,   0.000,  -0.129)
  Target Pos : (  0.000,   0.000,   2.498)
  Error      : (  0.000,   0.000,  -0.000) = 0.000m
  PID Output : (  0.000,   0.000,   0.001) m/s
  Applied Force: (   0.00,    0.00,    5.89) N (|F|=5.89N)
  ✅ Gravity compensation active (Fz > 0)
  Actual Vel: (  0.000,   0.000,   0.067) m/s
  ℹ️  Velocity differs from PID (hybrid physics integration active)
────────────────────────────────────────────────────────────────────────────────

[DBG CACHE] Frame 4680: Updating cache with pos=(0.000,0.000,2.499)
[DBG ROS2] Publishing to /drone/odom: pos=(0.000,0.000,2.499)
[DBG RENDER] Viewport sync triggered at pos (0.000, 0.000, 2.498)

────────────────────────────────────────────────────────────────────────────────
[FRAME 4686] Δt = 1.00s
────────────────────────────────────────────────────────────────────────────────
  State      : Armed=True, Mode=LOITER
  Position   : (  0.000,   0.000,   2.498)
  Velocity   : (  0.000,   0.000,  -0.129)
  Target Pos : (  0.000,   0.000,   2.498)
  Error      : (  0.000,   0.000,  -0.000) = 0.000m
  PID Output : (  0.000,   0.000,   0.001) m/s
  Applied Force: (   0.00,    0.00,    5.89) N (|F|=5.89N)
  ✅ Gravity compensation active (Fz > 0)
  Actual Vel: (  0.000,   0.000,   0.067) m/s
  ℹ️  Velocity differs from PID (hybrid physics integration active)
────────────────────────────────────────────────────────────────────────────────

[VIEWPORT FIX] Setting drone position to (0.000, 0.000, 2.499)
[DBG RENDER] Viewport sync triggered at pos (0.000, 0.000, 2.498)

────────────────────────────────────────────────────────────────────────────────
[FRAME 4706] Δt = 1.00s
────────────────────────────────────────────────────────────────────────────────
  State      : Armed=True, Mode=LOITER
  Position   : (  0.000,   0.000,   2.498)
  Velocity   : (  0.000,   0.000,  -0.129)
  Target Pos : (  0.000,   0.000,   2.498)
  Error      : (  0.000,   0.000,  -0.000) = 0.000m
  PID Output : (  0.000,   0.000,   0.001) m/s
  Applied Force: (   0.00,    0.00,    5.89) N (|F|=5.89N)
  ✅ Gravity compensation active (Fz > 0)
  Actual Vel: (  0.000,   0.000,   0.067) m/s
  ℹ️  Velocity differs from PID (hybrid physics integration active)
────────────────────────────────────────────────────────────────────────────────

[DBG RENDER] Viewport sync triggered at pos (0.000, 0.000, 2.498)

────────────────────────────────────────────────────────────────────────────────
[FRAME 4725] Δt = 1.00s
────────────────────────────────────────────────────────────────────────────────
  State      : Armed=True, Mode=LOITER
  Position   : (  0.000,   0.000,   2.498)
  Velocity   : (  0.000,   0.000,  -0.129)
  Target Pos : (  0.000,   0.000,   2.498)
  Error      : (  0.000,   0.000,  -0.000) = 0.000m
  PID Output : (  0.000,   0.000,   0.001) m/s
  Applied Force: (   0.00,    0.00,    5.89) N (|F|=5.89N)
  ✅ Gravity compensation active (Fz > 0)
  Actual Vel: (  0.000,   0.000,   0.067) m/s
  ℹ️  Velocity differs from PID (hybrid physics integration active)
────────────────────────────────────────────────────────────────────────────────

[DBG CACHE] Frame 4740: Updating cache with pos=(0.000,0.000,2.499)
[DBG ROS2] Publishing to /drone/odom: pos=(0.000,0.000,2.499)
[DBG RENDER] Viewport sync triggered at pos (0.000, 0.000, 2.498)

────────────────────────────────────────────────────────────────────────────────
[FRAME 4745] Δt = 1.00s
────────────────────────────────────────────────────────────────────────────────
  State      : Armed=True, Mode=LOITER
  Position   : (  0.000,   0.000,   2.498)
  Velocity   : (  0.000,   0.000,  -0.129)
  Target Pos : (  0.000,   0.000,   2.498)
  Error      : (  0.000,   0.000,  -0.000) = 0.000m
  PID Output : (  0.000,   0.000,   0.001) m/s
  Applied Force: (   0.00,    0.00,    5.89) N (|F|=5.89N)
  ✅ Gravity compensation active (Fz > 0)
  Actual Vel: (  0.000,   0.000,   0.067) m/s
  ℹ️  Velocity differs from PID (hybrid physics integration active)
────────────────────────────────────────────────────────────────────────────────

[VIEWPORT FIX] Setting drone position to (0.000, 0.000, 2.499)
[DBG RENDER] Viewport sync triggered at pos (0.000, 0.000, 2.498)

────────────────────────────────────────────────────────────────────────────────
[FRAME 4764] Δt = 1.00s
────────────────────────────────────────────────────────────────────────────────
  State      : Armed=True, Mode=LOITER
  Position   : (  0.000,   0.000,   2.498)
  Velocity   : (  0.000,   0.000,  -0.129)
  Target Pos : (  0.000,   0.000,   2.498)
  Error      : (  0.000,   0.000,  -0.000) = 0.000m
  PID Output : (  0.000,   0.000,   0.001) m/s
  Applied Force: (   0.00,    0.00,    5.89) N (|F|=5.89N)
  ✅ Gravity compensation active (Fz > 0)
  Actual Vel: (  0.000,   0.000,   0.067) m/s
  ℹ️  Velocity differs from PID (hybrid physics integration active)
────────────────────────────────────────────────────────────────────────────────

[DBG RENDER] Viewport sync triggered at pos (0.000, 0.000, 2.498)

────────────────────────────────────────────────────────────────────────────────
[FRAME 4783] Δt = 1.00s
────────────────────────────────────────────────────────────────────────────────
  State      : Armed=True, Mode=LOITER
  Position   : (  0.000,   0.000,   2.498)
  Velocity   : (  0.000,   0.000,  -0.129)
  Target Pos : (  0.000,   0.000,   2.498)
  Error      : (  0.000,   0.000,  -0.000) = 0.000m
  PID Output : (  0.000,   0.000,   0.001) m/s
  Applied Force: (   0.00,    0.00,    5.89) N (|F|=5.89N)
  ✅ Gravity compensation active (Fz > 0)
  Actual Vel: (  0.000,   0.000,   0.067) m/s
  ℹ️  Velocity differs from PID (hybrid physics integration active)
────────────────────────────────────────────────────────────────────────────────

[DBG CACHE] Frame 4800: Updating cache with pos=(0.000,0.000,2.499)
[DBG ROS2] Publishing to /drone/odom: pos=(0.000,0.000,2.499)
[VIEWPORT FIX] Setting drone position to (0.000, 0.000, 2.499)
[DBG RENDER] Viewport sync triggered at pos (0.000, 0.000, 2.498)

────────────────────────────────────────────────────────────────────────────────
[FRAME 4803] Δt = 1.00s
────────────────────────────────────────────────────────────────────────────────
  State      : Armed=True, Mode=LOITER
  Position   : (  0.000,   0.000,   2.498)
  Velocity   : (  0.000,   0.000,  -0.129)
  Target Pos : (  0.000,   0.000,   2.498)
  Error      : (  0.000,   0.000,  -0.000) = 0.000m
  PID Output : (  0.000,   0.000,   0.001) m/s
  Applied Force: (   0.00,    0.00,    5.89) N (|F|=5.89N)
  ✅ Gravity compensation active (Fz > 0)
  Actual Vel: (  0.000,   0.000,   0.067) m/s
  ℹ️  Velocity differs from PID (hybrid physics integration active)
────────────────────────────────────────────────────────────────────────────────

[DBG RENDER] Viewport sync triggered at pos (0.000, 0.000, 2.498)

────────────────────────────────────────────────────────────────────────────────
[FRAME 4823] Δt = 1.00s
────────────────────────────────────────────────────────────────────────────────
  State      : Armed=True, Mode=LOITER
  Position   : (  0.000,   0.000,   2.498)
  Velocity   : (  0.000,   0.000,  -0.129)
  Target Pos : (  0.000,   0.000,   2.498)
  Error      : (  0.000,   0.000,  -0.000) = 0.000m
  PID Output : (  0.000,   0.000,   0.001) m/s
  Applied Force: (   0.00,    0.00,    5.89) N (|F|=5.89N)
  ✅ Gravity compensation active (Fz > 0)
  Actual Vel: (  0.000,   0.000,   0.067) m/s
  ℹ️  Velocity differs from PID (hybrid physics integration active)
────────────────────────────────────────────────────────────────────────────────

[DBG RENDER] Viewport sync triggered at pos (0.000, 0.000, 2.498)

────────────────────────────────────────────────────────────────────────────────
[FRAME 4843] Δt = 1.00s
────────────────────────────────────────────────────────────────────────────────
  State      : Armed=True, Mode=LOITER
  Position   : (  0.000,   0.000,   2.498)
  Velocity   : (  0.000,   0.000,  -0.129)
  Target Pos : (  0.000,   0.000,   2.498)
  Error      : (  0.000,   0.000,  -0.000) = 0.000m
  PID Output : (  0.000,   0.000,   0.001) m/s
  Applied Force: (   0.00,    0.00,    5.89) N (|F|=5.89N)
  ✅ Gravity compensation active (Fz > 0)
  Actual Vel: (  0.000,   0.000,   0.067) m/s
  ℹ️  Velocity differs from PID (hybrid physics integration active)
────────────────────────────────────────────────────────────────────────────────

[VIEWPORT FIX] Setting drone position to (0.000, 0.000, 2.499)
[DBG CACHE] Frame 4860: Updating cache with pos=(0.000,0.000,2.499)
[DBG ROS2] Publishing to /drone/odom: pos=(0.000,0.000,2.499)
[DBG RENDER] Viewport sync triggered at pos (0.000, 0.000, 2.498)

────────────────────────────────────────────────────────────────────────────────
[FRAME 4863] Δt = 1.00s
────────────────────────────────────────────────────────────────────────────────
  State      : Armed=True, Mode=LOITER
  Position   : (  0.000,   0.000,   2.498)
  Velocity   : (  0.000,   0.000,  -0.129)
  Target Pos : (  0.000,   0.000,   2.498)
  Error      : (  0.000,   0.000,  -0.000) = 0.000m
  PID Output : (  0.000,   0.000,   0.001) m/s
  Applied Force: (   0.00,    0.00,    5.89) N (|F|=5.89N)
  ✅ Gravity compensation active (Fz > 0)
  Actual Vel: (  0.000,   0.000,   0.067) m/s
  ℹ️  Velocity differs from PID (hybrid physics integration active)
────────────────────────────────────────────────────────────────────────────────

[DBG RENDER] Viewport sync triggered at pos (0.000, 0.000, 2.498)

────────────────────────────────────────────────────────────────────────────────
[FRAME 4883] Δt = 1.00s
────────────────────────────────────────────────────────────────────────────────
  State      : Armed=True, Mode=LOITER
  Position   : (  0.000,   0.000,   2.498)
  Velocity   : (  0.000,   0.000,  -0.129)
  Target Pos : (  0.000,   0.000,   2.498)
  Error      : (  0.000,   0.000,  -0.000) = 0.000m
  PID Output : (  0.000,   0.000,   0.001) m/s
  Applied Force: (   0.00,    0.00,    5.89) N (|F|=5.89N)
  ✅ Gravity compensation active (Fz > 0)
  Actual Vel: (  0.000,   0.000,   0.067) m/s
  ℹ️  Velocity differs from PID (hybrid physics integration active)
────────────────────────────────────────────────────────────────────────────────

[VIEWPORT FIX] Setting drone position to (0.000, 0.000, 2.499)
[DBG RENDER] Viewport sync triggered at pos (0.000, 0.000, 2.498)

────────────────────────────────────────────────────────────────────────────────
[FRAME 4903] Δt = 1.00s
────────────────────────────────────────────────────────────────────────────────
  State      : Armed=True, Mode=LOITER
  Position   : (  0.000,   0.000,   2.498)
  Velocity   : (  0.000,   0.000,  -0.129)
  Target Pos : (  0.000,   0.000,   2.498)
  Error      : (  0.000,   0.000,  -0.000) = 0.000m
  PID Output : (  0.000,   0.000,   0.001) m/s
  Applied Force: (   0.00,    0.00,    5.89) N (|F|=5.89N)
  ✅ Gravity compensation active (Fz > 0)
  Actual Vel: (  0.000,   0.000,   0.067) m/s
  ℹ️  Velocity differs from PID (hybrid physics integration active)
────────────────────────────────────────────────────────────────────────────────

[DBG CACHE] Frame 4920: Updating cache with pos=(0.000,0.000,2.499)
[DBG ROS2] Publishing to /drone/odom: pos=(0.000,0.000,2.499)
[DBG RENDER] Viewport sync triggered at pos (0.000, 0.000, 2.498)

────────────────────────────────────────────────────────────────────────────────
[FRAME 4923] Δt = 1.00s
────────────────────────────────────────────────────────────────────────────────
  State      : Armed=True, Mode=LOITER
  Position   : (  0.000,   0.000,   2.498)
  Velocity   : (  0.000,   0.000,  -0.129)
  Target Pos : (  0.000,   0.000,   2.498)
  Error      : (  0.000,   0.000,  -0.000) = 0.000m
  PID Output : (  0.000,   0.000,   0.001) m/s
  Applied Force: (   0.00,    0.00,    5.89) N (|F|=5.89N)
  ✅ Gravity compensation active (Fz > 0)
  Actual Vel: (  0.000,   0.000,   0.067) m/s
  ℹ️  Velocity differs from PID (hybrid physics integration active)
────────────────────────────────────────────────────────────────────────────────

[DBG RENDER] Viewport sync triggered at pos (0.000, 0.000, 2.498)

────────────────────────────────────────────────────────────────────────────────
[FRAME 4943] Δt = 1.00s
────────────────────────────────────────────────────────────────────────────────
  State      : Armed=True, Mode=LOITER
  Position   : (  0.000,   0.000,   2.498)
  Velocity   : (  0.000,   0.000,  -0.129)
  Target Pos : (  0.000,   0.000,   2.498)
  Error      : (  0.000,   0.000,  -0.000) = 0.000m
  PID Output : (  0.000,   0.000,   0.001) m/s
  Applied Force: (   0.00,    0.00,    5.89) N (|F|=5.89N)
  ✅ Gravity compensation active (Fz > 0)
  Actual Vel: (  0.000,   0.000,   0.067) m/s
  ℹ️  Velocity differs from PID (hybrid physics integration active)
────────────────────────────────────────────────────────────────────────────────

[VIEWPORT FIX] Setting drone position to (0.000, 0.000, 2.499)
[DBG RENDER] Viewport sync triggered at pos (0.000, 0.000, 2.498)

────────────────────────────────────────────────────────────────────────────────
[FRAME 4963] Δt = 1.00s
────────────────────────────────────────────────────────────────────────────────
  State      : Armed=True, Mode=LOITER
  Position   : (  0.000,   0.000,   2.498)
  Velocity   : (  0.000,   0.000,  -0.129)
  Target Pos : (  0.000,   0.000,   2.498)
  Error      : (  0.000,   0.000,  -0.000) = 0.000m
  PID Output : (  0.000,   0.000,   0.001) m/s
  Applied Force: (   0.00,    0.00,    5.89) N (|F|=5.89N)
  ✅ Gravity compensation active (Fz > 0)
  Actual Vel: (  0.000,   0.000,   0.067) m/s
  ℹ️  Velocity differs from PID (hybrid physics integration active)
────────────────────────────────────────────────────────────────────────────────

[DBG CACHE] Frame 4980: Updating cache with pos=(0.000,0.000,2.499)
[DBG ROS2] Publishing to /drone/odom: pos=(0.000,0.000,2.499)
[DBG RENDER] Viewport sync triggered at pos (0.000, 0.000, 2.498)

────────────────────────────────────────────────────────────────────────────────
[FRAME 4983] Δt = 1.00s
────────────────────────────────────────────────────────────────────────────────
  State      : Armed=True, Mode=LOITER
  Position   : (  0.000,   0.000,   2.498)
  Velocity   : (  0.000,   0.000,  -0.129)
  Target Pos : (  0.000,   0.000,   2.498)
  Error      : (  0.000,   0.000,  -0.000) = 0.000m
  PID Output : (  0.000,   0.000,   0.001) m/s
  Applied Force: (   0.00,    0.00,    5.89) N (|F|=5.89N)
  ✅ Gravity compensation active (Fz > 0)
  Actual Vel: (  0.000,   0.000,   0.067) m/s
  ℹ️  Velocity differs from PID (hybrid physics integration active)
────────────────────────────────────────────────────────────────────────────────

[VIEWPORT FIX] Setting drone position to (0.000, 0.000, 2.499)
[DBG RENDER] Viewport sync triggered at pos (0.000, 0.000, 2.498)

────────────────────────────────────────────────────────────────────────────────
[FRAME 5003] Δt = 1.00s
────────────────────────────────────────────────────────────────────────────────
  State      : Armed=True, Mode=LOITER
  Position   : (  0.000,   0.000,   2.498)
  Velocity   : (  0.000,   0.000,  -0.129)
  Target Pos : (  0.000,   0.000,   2.498)
  Error      : (  0.000,   0.000,  -0.000) = 0.000m
  PID Output : (  0.000,   0.000,   0.001) m/s
  Applied Force: (   0.00,    0.00,    5.89) N (|F|=5.89N)
  ✅ Gravity compensation active (Fz > 0)
  Actual Vel: (  0.000,   0.000,   0.067) m/s
  ℹ️  Velocity differs from PID (hybrid physics integration active)
────────────────────────────────────────────────────────────────────────────────

[DBG RENDER] Viewport sync triggered at pos (0.000, 0.000, 2.498)

────────────────────────────────────────────────────────────────────────────────
[FRAME 5023] Δt = 1.00s
────────────────────────────────────────────────────────────────────────────────
  State      : Armed=True, Mode=LOITER
  Position   : (  0.000,   0.000,   2.498)
  Velocity   : (  0.000,   0.000,  -0.129)
  Target Pos : (  0.000,   0.000,   2.498)
  Error      : (  0.000,   0.000,  -0.000) = 0.000m
  PID Output : (  0.000,   0.000,   0.001) m/s
  Applied Force: (   0.00,    0.00,    5.89) N (|F|=5.89N)
  ✅ Gravity compensation active (Fz > 0)
  Actual Vel: (  0.000,   0.000,   0.067) m/s
  ℹ️  Velocity differs from PID (hybrid physics integration active)
────────────────────────────────────────────────────────────────────────────────

[DBG CACHE] Frame 5040: Updating cache with pos=(0.000,0.000,2.499)
[DBG ROS2] Publishing to /drone/odom: pos=(0.000,0.000,2.499)
[DBG RENDER] Viewport sync triggered at pos (0.000, 0.000, 2.498)

────────────────────────────────────────────────────────────────────────────────
[FRAME 5042] Δt = 1.00s
────────────────────────────────────────────────────────────────────────────────
  State      : Armed=True, Mode=LOITER
  Position   : (  0.000,   0.000,   2.498)
  Velocity   : (  0.000,   0.000,  -0.129)
  Target Pos : (  0.000,   0.000,   2.498)
  Error      : (  0.000,   0.000,  -0.000) = 0.000m
  PID Output : (  0.000,   0.000,   0.001) m/s
  Applied Force: (   0.00,    0.00,    5.89) N (|F|=5.89N)
  ✅ Gravity compensation active (Fz > 0)
  Actual Vel: (  0.000,   0.000,   0.067) m/s
  ℹ️  Velocity differs from PID (hybrid physics integration active)
────────────────────────────────────────────────────────────────────────────────

[VIEWPORT FIX] Setting drone position to (0.000, 0.000, 2.499)
[DBG RENDER] Viewport sync triggered at pos (0.000, 0.000, 2.498)

────────────────────────────────────────────────────────────────────────────────
[FRAME 5062] Δt = 1.00s
────────────────────────────────────────────────────────────────────────────────
  State      : Armed=True, Mode=LOITER
  Position   : (  0.000,   0.000,   2.498)
  Velocity   : (  0.000,   0.000,  -0.129)
  Target Pos : (  0.000,   0.000,   2.498)
  Error      : (  0.000,   0.000,  -0.000) = 0.000m
  PID Output : (  0.000,   0.000,   0.001) m/s
  Applied Force: (   0.00,    0.00,    5.89) N (|F|=5.89N)
  ✅ Gravity compensation active (Fz > 0)
  Actual Vel: (  0.000,   0.000,   0.067) m/s
  ℹ️  Velocity differs from PID (hybrid physics integration active)
────────────────────────────────────────────────────────────────────────────────

[DBG RENDER] Viewport sync triggered at pos (0.000, 0.000, 2.498)

────────────────────────────────────────────────────────────────────────────────
[FRAME 5082] Δt = 1.00s
────────────────────────────────────────────────────────────────────────────────
  State      : Armed=True, Mode=LOITER
  Position   : (  0.000,   0.000,   2.498)
  Velocity   : (  0.000,   0.000,  -0.129)
  Target Pos : (  0.000,   0.000,   2.498)
  Error      : (  0.000,   0.000,  -0.000) = 0.000m
  PID Output : (  0.000,   0.000,   0.001) m/s
  Applied Force: (   0.00,    0.00,    5.89) N (|F|=5.89N)
  ✅ Gravity compensation active (Fz > 0)
  Actual Vel: (  0.000,   0.000,   0.067) m/s
  ℹ️  Velocity differs from PID (hybrid physics integration active)
────────────────────────────────────────────────────────────────────────────────

[DBG CACHE] Frame 5100: Updating cache with pos=(0.000,0.000,2.499)
[DBG ROS2] Publishing to /drone/odom: pos=(0.000,0.000,2.499)
[VIEWPORT FIX] Setting drone position to (0.000, 0.000, 2.499)
[DBG RENDER] Viewport sync triggered at pos (0.000, 0.000, 2.498)

────────────────────────────────────────────────────────────────────────────────
[FRAME 5102] Δt = 1.00s
────────────────────────────────────────────────────────────────────────────────
  State      : Armed=True, Mode=LOITER
  Position   : (  0.000,   0.000,   2.498)
  Velocity   : (  0.000,   0.000,  -0.129)
  Target Pos : (  0.000,   0.000,   2.498)
  Error      : (  0.000,   0.000,  -0.000) = 0.000m
  PID Output : (  0.000,   0.000,   0.001) m/s
  Applied Force: (   0.00,    0.00,    5.89) N (|F|=5.89N)
  ✅ Gravity compensation active (Fz > 0)
  Actual Vel: (  0.000,   0.000,   0.067) m/s
  ℹ️  Velocity differs from PID (hybrid physics integration active)
────────────────────────────────────────────────────────────────────────────────

[DBG RENDER] Viewport sync triggered at pos (0.000, 0.000, 2.498)

────────────────────────────────────────────────────────────────────────────────
[FRAME 5121] Δt = 1.00s
────────────────────────────────────────────────────────────────────────────────
  State      : Armed=True, Mode=LOITER
  Position   : (  0.000,   0.000,   2.498)
  Velocity   : (  0.000,   0.000,  -0.129)
  Target Pos : (  0.000,   0.000,   2.498)
  Error      : (  0.000,   0.000,  -0.000) = 0.000m
  PID Output : (  0.000,   0.000,   0.001) m/s
  Applied Force: (   0.00,    0.00,    5.89) N (|F|=5.89N)
  ✅ Gravity compensation active (Fz > 0)
  Actual Vel: (  0.000,   0.000,   0.067) m/s
  ℹ️  Velocity differs from PID (hybrid physics integration active)
────────────────────────────────────────────────────────────────────────────────

[DBG RENDER] Viewport sync triggered at pos (0.000, 0.000, 2.498)

────────────────────────────────────────────────────────────────────────────────
[FRAME 5141] Δt = 1.00s
────────────────────────────────────────────────────────────────────────────────
  State      : Armed=True, Mode=LOITER
  Position   : (  0.000,   0.000,   2.498)
  Velocity   : (  0.000,   0.000,  -0.129)
  Target Pos : (  0.000,   0.000,   2.498)
  Error      : (  0.000,   0.000,  -0.000) = 0.000m
  PID Output : (  0.000,   0.000,   0.001) m/s
  Applied Force: (   0.00,    0.00,    5.89) N (|F|=5.89N)
  ✅ Gravity compensation active (Fz > 0)
  Actual Vel: (  0.000,   0.000,   0.067) m/s
  ℹ️  Velocity differs from PID (hybrid physics integration active)
────────────────────────────────────────────────────────────────────────────────

[VIEWPORT FIX] Setting drone position to (0.000, 0.000, 2.499)

────────────────────────────────────────────────────────────────────────────────
[FRAME 5160] Δt = 1.00s
────────────────────────────────────────────────────────────────────────────────
  State      : Armed=True, Mode=LOITER
  Position   : (  0.000,   0.000,   2.498)
  Velocity   : (  0.000,   0.000,  -0.129)
  Target Pos : (  0.000,   0.000,   2.498)
  Error      : (  0.000,   0.000,  -0.000) = 0.000m
  PID Output : (  0.000,   0.000,   0.001) m/s
  Applied Force: (   0.00,    0.00,    5.89) N (|F|=5.89N)
  ✅ Gravity compensation active (Fz > 0)
  Actual Vel: (  0.000,   0.000,   0.067) m/s
  ℹ️  Velocity differs from PID (hybrid physics integration active)
────────────────────────────────────────────────────────────────────────────────

[DBG CACHE] Frame 5160: Updating cache with pos=(0.000,0.000,2.499)
[DBG ROS2] Publishing to /drone/odom: pos=(0.000,0.000,2.499)
[DBG RENDER] Viewport sync triggered at pos (0.000, 0.000, 2.498)

────────────────────────────────────────────────────────────────────────────────
[FRAME 5179] Δt = 1.00s
────────────────────────────────────────────────────────────────────────────────
  State      : Armed=True, Mode=LOITER
  Position   : (  0.000,   0.000,   2.498)
  Velocity   : (  0.000,   0.000,  -0.129)
  Target Pos : (  0.000,   0.000,   2.498)
  Error      : (  0.000,   0.000,  -0.000) = 0.000m
  PID Output : (  0.000,   0.000,   0.001) m/s
  Applied Force: (   0.00,    0.00,    5.89) N (|F|=5.89N)
  ✅ Gravity compensation active (Fz > 0)
  Actual Vel: (  0.000,   0.000,   0.067) m/s
  ℹ️  Velocity differs from PID (hybrid physics integration active)
────────────────────────────────────────────────────────────────────────────────

[DBG RENDER] Viewport sync triggered at pos (0.000, 0.000, 2.498)

────────────────────────────────────────────────────────────────────────────────
[FRAME 5198] Δt = 1.00s
────────────────────────────────────────────────────────────────────────────────
  State      : Armed=True, Mode=LOITER
  Position   : (  0.000,   0.000,   2.498)
  Velocity   : (  0.000,   0.000,  -0.129)
  Target Pos : (  0.000,   0.000,   2.498)
  Error      : (  0.000,   0.000,  -0.000) = 0.000m
  PID Output : (  0.000,   0.000,   0.001) m/s
  Applied Force: (   0.00,    0.00,    5.89) N (|F|=5.89N)
  ✅ Gravity compensation active (Fz > 0)
  Actual Vel: (  0.000,   0.000,   0.067) m/s
  ℹ️  Velocity differs from PID (hybrid physics integration active)
────────────────────────────────────────────────────────────────────────────────

[VIEWPORT FIX] Setting drone position to (0.000, 0.000, 2.499)
[DBG RENDER] Viewport sync triggered at pos (0.000, 0.000, 2.498)

────────────────────────────────────────────────────────────────────────────────
[FRAME 5217] Δt = 1.00s
────────────────────────────────────────────────────────────────────────────────
  State      : Armed=True, Mode=LOITER
  Position   : (  0.000,   0.000,   2.498)
  Velocity   : (  0.000,   0.000,  -0.129)
  Target Pos : (  0.000,   0.000,   2.498)
  Error      : (  0.000,   0.000,  -0.000) = 0.000m
  PID Output : (  0.000,   0.000,   0.001) m/s
  Applied Force: (   0.00,    0.00,    5.89) N (|F|=5.89N)
  ✅ Gravity compensation active (Fz > 0)
  Actual Vel: (  0.000,   0.000,   0.067) m/s
  ℹ️  Velocity differs from PID (hybrid physics integration active)
────────────────────────────────────────────────────────────────────────────────

[DBG CACHE] Frame 5220: Updating cache with pos=(0.000,0.000,2.499)
[DBG ROS2] Publishing to /drone/odom: pos=(0.000,0.000,2.499)
[DBG RENDER] Viewport sync triggered at pos (0.000, 0.000, 2.498)

────────────────────────────────────────────────────────────────────────────────
[FRAME 5237] Δt = 1.00s
────────────────────────────────────────────────────────────────────────────────
  State      : Armed=True, Mode=LOITER
  Position   : (  0.000,   0.000,   2.498)
  Velocity   : (  0.000,   0.000,  -0.129)
  Target Pos : (  0.000,   0.000,   2.498)
  Error      : (  0.000,   0.000,  -0.000) = 0.000m
  PID Output : (  0.000,   0.000,   0.001) m/s
  Applied Force: (   0.00,    0.00,    5.89) N (|F|=5.89N)
  ✅ Gravity compensation active (Fz > 0)
  Actual Vel: (  0.000,   0.000,   0.067) m/s
  ℹ️  Velocity differs from PID (hybrid physics integration active)
────────────────────────────────────────────────────────────────────────────────

[DBG RENDER] Viewport sync triggered at pos (0.000, 0.000, 2.498)
[VIEWPORT FIX] Setting drone position to (0.000, 0.000, 2.499)

────────────────────────────────────────────────────────────────────────────────
[FRAME 5257] Δt = 1.00s
────────────────────────────────────────────────────────────────────────────────
  State      : Armed=True, Mode=LOITER
  Position   : (  0.000,   0.000,   2.498)
  Velocity   : (  0.000,   0.000,  -0.129)
  Target Pos : (  0.000,   0.000,   2.498)
  Error      : (  0.000,   0.000,  -0.000) = 0.000m
  PID Output : (  0.000,   0.000,   0.001) m/s
  Applied Force: (   0.00,    0.00,    5.89) N (|F|=5.89N)
  ✅ Gravity compensation active (Fz > 0)
  Actual Vel: (  0.000,   0.000,   0.067) m/s
  ℹ️  Velocity differs from PID (hybrid physics integration active)
────────────────────────────────────────────────────────────────────────────────

[DBG RENDER] Viewport sync triggered at pos (0.000, 0.000, 2.498)

────────────────────────────────────────────────────────────────────────────────
[FRAME 5277] Δt = 1.00s
────────────────────────────────────────────────────────────────────────────────
  State      : Armed=True, Mode=LOITER
  Position   : (  0.000,   0.000,   2.498)
  Velocity   : (  0.000,   0.000,  -0.129)
  Target Pos : (  0.000,   0.000,   2.498)
  Error      : (  0.000,   0.000,  -0.000) = 0.000m
  PID Output : (  0.000,   0.000,   0.001) m/s
  Applied Force: (   0.00,    0.00,    5.89) N (|F|=5.89N)
  ✅ Gravity compensation active (Fz > 0)
  Actual Vel: (  0.000,   0.000,   0.067) m/s
  ℹ️  Velocity differs from PID (hybrid physics integration active)
────────────────────────────────────────────────────────────────────────────────

[DBG CACHE] Frame 5280: Updating cache with pos=(0.000,0.000,2.499)
[DBG ROS2] Publishing to /drone/odom: pos=(0.000,0.000,2.499)
[DBG RENDER] Viewport sync triggered at pos (0.000, 0.000, 2.498)

────────────────────────────────────────────────────────────────────────────────
[FRAME 5297] Δt = 1.00s
────────────────────────────────────────────────────────────────────────────────
  State      : Armed=True, Mode=LOITER
  Position   : (  0.000,   0.000,   2.498)
  Velocity   : (  0.000,   0.000,  -0.129)
  Target Pos : (  0.000,   0.000,   2.498)
  Error      : (  0.000,   0.000,  -0.000) = 0.000m
  PID Output : (  0.000,   0.000,   0.001) m/s
  Applied Force: (   0.00,    0.00,    5.89) N (|F|=5.89N)
  ✅ Gravity compensation active (Fz > 0)
  Actual Vel: (  0.000,   0.000,   0.067) m/s
  ℹ️  Velocity differs from PID (hybrid physics integration active)
────────────────────────────────────────────────────────────────────────────────

[VIEWPORT FIX] Setting drone position to (0.000, 0.000, 2.499)
[DBG RENDER] Viewport sync triggered at pos (0.000, 0.000, 2.498)

────────────────────────────────────────────────────────────────────────────────
[FRAME 5317] Δt = 1.00s
────────────────────────────────────────────────────────────────────────────────
  State      : Armed=True, Mode=LOITER
  Position   : (  0.000,   0.000,   2.498)
  Velocity   : (  0.000,   0.000,  -0.129)
  Target Pos : (  0.000,   0.000,   2.498)
  Error      : (  0.000,   0.000,  -0.000) = 0.000m
  PID Output : (  0.000,   0.000,   0.001) m/s
  Applied Force: (   0.00,    0.00,    5.89) N (|F|=5.89N)
  ✅ Gravity compensation active (Fz > 0)
  Actual Vel: (  0.000,   0.000,   0.067) m/s
  ℹ️  Velocity differs from PID (hybrid physics integration active)
────────────────────────────────────────────────────────────────────────────────

[DBG RENDER] Viewport sync triggered at pos (0.000, 0.000, 2.498)

────────────────────────────────────────────────────────────────────────────────
[FRAME 5337] Δt = 1.00s
────────────────────────────────────────────────────────────────────────────────
  State      : Armed=True, Mode=LOITER
  Position   : (  0.000,   0.000,   2.498)
  Velocity   : (  0.000,   0.000,  -0.129)
  Target Pos : (  0.000,   0.000,   2.498)
  Error      : (  0.000,   0.000,  -0.000) = 0.000m
  PID Output : (  0.000,   0.000,   0.001) m/s
  Applied Force: (   0.00,    0.00,    5.89) N (|F|=5.89N)
  ✅ Gravity compensation active (Fz > 0)
  Actual Vel: (  0.000,   0.000,   0.067) m/s
  ℹ️  Velocity differs from PID (hybrid physics integration active)
────────────────────────────────────────────────────────────────────────────────

[DBG CACHE] Frame 5340: Updating cache with pos=(0.000,0.000,2.499)
[DBG ROS2] Publishing to /drone/odom: pos=(0.000,0.000,2.499)
[DBG RENDER] Viewport sync triggered at pos (0.000, 0.000, 2.498)
[VIEWPORT FIX] Setting drone position to (0.000, 0.000, 2.499)

────────────────────────────────────────────────────────────────────────────────
[FRAME 5357] Δt = 1.00s
────────────────────────────────────────────────────────────────────────────────
  State      : Armed=True, Mode=LOITER
  Position   : (  0.000,   0.000,   2.498)
  Velocity   : (  0.000,   0.000,  -0.129)
  Target Pos : (  0.000,   0.000,   2.498)
  Error      : (  0.000,   0.000,  -0.000) = 0.000m
  PID Output : (  0.000,   0.000,   0.001) m/s
  Applied Force: (   0.00,    0.00,    5.89) N (|F|=5.89N)
  ✅ Gravity compensation active (Fz > 0)
  Actual Vel: (  0.000,   0.000,   0.067) m/s
  ℹ️  Velocity differs from PID (hybrid physics integration active)
────────────────────────────────────────────────────────────────────────────────

[DBG RENDER] Viewport sync triggered at pos (0.000, 0.000, 2.498)

────────────────────────────────────────────────────────────────────────────────
[FRAME 5377] Δt = 1.00s
────────────────────────────────────────────────────────────────────────────────
  State      : Armed=True, Mode=LOITER
  Position   : (  0.000,   0.000,   2.498)
  Velocity   : (  0.000,   0.000,  -0.129)
  Target Pos : (  0.000,   0.000,   2.498)
  Error      : (  0.000,   0.000,  -0.000) = 0.000m
  PID Output : (  0.000,   0.000,   0.001) m/s
  Applied Force: (   0.00,    0.00,    5.89) N (|F|=5.89N)
  ✅ Gravity compensation active (Fz > 0)
  Actual Vel: (  0.000,   0.000,   0.067) m/s
  ℹ️  Velocity differs from PID (hybrid physics integration active)
────────────────────────────────────────────────────────────────────────────────

[DBG RENDER] Viewport sync triggered at pos (0.000, 0.000, 2.498)

────────────────────────────────────────────────────────────────────────────────
[FRAME 5397] Δt = 1.00s
────────────────────────────────────────────────────────────────────────────────
  State      : Armed=True, Mode=LOITER
  Position   : (  0.000,   0.000,   2.498)
  Velocity   : (  0.000,   0.000,  -0.129)
  Target Pos : (  0.000,   0.000,   2.498)
  Error      : (  0.000,   0.000,  -0.000) = 0.000m
  PID Output : (  0.000,   0.000,   0.001) m/s
  Applied Force: (   0.00,    0.00,    5.89) N (|F|=5.89N)
  ✅ Gravity compensation active (Fz > 0)
  Actual Vel: (  0.000,   0.000,   0.067) m/s
  ℹ️  Velocity differs from PID (hybrid physics integration active)
────────────────────────────────────────────────────────────────────────────────

[DBG CACHE] Frame 5400: Updating cache with pos=(0.000,0.000,2.499)
[DBG ROS2] Publishing to /drone/odom: pos=(0.000,0.000,2.499)
[VIEWPORT FIX] Setting drone position to (0.000, 0.000, 2.499)
[DBG RENDER] Viewport sync triggered at pos (0.000, 0.000, 2.498)

────────────────────────────────────────────────────────────────────────────────
[FRAME 5416] Δt = 1.00s
────────────────────────────────────────────────────────────────────────────────
  State      : Armed=True, Mode=LOITER
  Position   : (  0.000,   0.000,   2.498)
  Velocity   : (  0.000,   0.000,  -0.129)
  Target Pos : (  0.000,   0.000,   2.498)
  Error      : (  0.000,   0.000,  -0.000) = 0.000m
  PID Output : (  0.000,   0.000,   0.001) m/s
  Applied Force: (   0.00,    0.00,    5.89) N (|F|=5.89N)
  ✅ Gravity compensation active (Fz > 0)
  Actual Vel: (  0.000,   0.000,   0.067) m/s
  ℹ️  Velocity differs from PID (hybrid physics integration active)
────────────────────────────────────────────────────────────────────────────────

[DBG RENDER] Viewport sync triggered at pos (0.000, 0.000, 2.498)

────────────────────────────────────────────────────────────────────────────────
[FRAME 5436] Δt = 1.00s
────────────────────────────────────────────────────────────────────────────────
  State      : Armed=True, Mode=LOITER
  Position   : (  0.000,   0.000,   2.498)
  Velocity   : (  0.000,   0.000,  -0.129)
  Target Pos : (  0.000,   0.000,   2.498)
  Error      : (  0.000,   0.000,  -0.000) = 0.000m
  PID Output : (  0.000,   0.000,   0.001) m/s
  Applied Force: (   0.00,    0.00,    5.89) N (|F|=5.89N)
  ✅ Gravity compensation active (Fz > 0)
  Actual Vel: (  0.000,   0.000,   0.067) m/s
  ℹ️  Velocity differs from PID (hybrid physics integration active)
────────────────────────────────────────────────────────────────────────────────

[DBG RENDER] Viewport sync triggered at pos (0.000, 0.000, 2.498)
[VIEWPORT FIX] Setting drone position to (0.000, 0.000, 2.499)

────────────────────────────────────────────────────────────────────────────────
[FRAME 5455] Δt = 1.00s
────────────────────────────────────────────────────────────────────────────────
  State      : Armed=True, Mode=LOITER
  Position   : (  0.000,   0.000,   2.498)
  Velocity   : (  0.000,   0.000,  -0.129)
  Target Pos : (  0.000,   0.000,   2.498)
  Error      : (  0.000,   0.000,  -0.000) = 0.000m
  PID Output : (  0.000,   0.000,   0.001) m/s
  Applied Force: (   0.00,    0.00,    5.89) N (|F|=5.89N)
  ✅ Gravity compensation active (Fz > 0)
  Actual Vel: (  0.000,   0.000,   0.067) m/s
  ℹ️  Velocity differs from PID (hybrid physics integration active)
────────────────────────────────────────────────────────────────────────────────

[DBG CACHE] Frame 5460: Updating cache with pos=(0.000,0.000,2.499)
[DBG ROS2] Publishing to /drone/odom: pos=(0.000,0.000,2.499)
[DBG RENDER] Viewport sync triggered at pos (0.000, 0.000, 2.498)

────────────────────────────────────────────────────────────────────────────────
[FRAME 5475] Δt = 1.00s
────────────────────────────────────────────────────────────────────────────────
  State      : Armed=True, Mode=LOITER
  Position   : (  0.000,   0.000,   2.498)
  Velocity   : (  0.000,   0.000,  -0.129)
  Target Pos : (  0.000,   0.000,   2.498)
  Error      : (  0.000,   0.000,  -0.000) = 0.000m
  PID Output : (  0.000,   0.000,   0.001) m/s
  Applied Force: (   0.00,    0.00,    5.89) N (|F|=5.89N)
  ✅ Gravity compensation active (Fz > 0)
  Actual Vel: (  0.000,   0.000,   0.067) m/s
  ℹ️  Velocity differs from PID (hybrid physics integration active)
────────────────────────────────────────────────────────────────────────────────

[DBG RENDER] Viewport sync triggered at pos (0.000, 0.000, 2.498)

────────────────────────────────────────────────────────────────────────────────
[FRAME 5495] Δt = 1.00s
────────────────────────────────────────────────────────────────────────────────
  State      : Armed=True, Mode=LOITER
  Position   : (  0.000,   0.000,   2.498)
  Velocity   : (  0.000,   0.000,  -0.129)
  Target Pos : (  0.000,   0.000,   2.498)
  Error      : (  0.000,   0.000,  -0.000) = 0.000m
  PID Output : (  0.000,   0.000,   0.001) m/s
  Applied Force: (   0.00,    0.00,    5.89) N (|F|=5.89N)
  ✅ Gravity compensation active (Fz > 0)
  Actual Vel: (  0.000,   0.000,   0.067) m/s
  ℹ️  Velocity differs from PID (hybrid physics integration active)
────────────────────────────────────────────────────────────────────────────────

[VIEWPORT FIX] Setting drone position to (0.000, 0.000, 2.499)
[DBG RENDER] Viewport sync triggered at pos (0.000, 0.000, 2.498)

────────────────────────────────────────────────────────────────────────────────
[FRAME 5515] Δt = 1.00s
────────────────────────────────────────────────────────────────────────────────
  State      : Armed=True, Mode=LOITER
  Position   : (  0.000,   0.000,   2.498)
  Velocity   : (  0.000,   0.000,  -0.129)
  Target Pos : (  0.000,   0.000,   2.498)
  Error      : (  0.000,   0.000,  -0.000) = 0.000m
  PID Output : (  0.000,   0.000,   0.001) m/s
  Applied Force: (   0.00,    0.00,    5.89) N (|F|=5.89N)
  ✅ Gravity compensation active (Fz > 0)
  Actual Vel: (  0.000,   0.000,   0.067) m/s
  ℹ️  Velocity differs from PID (hybrid physics integration active)
────────────────────────────────────────────────────────────────────────────────

[DBG CACHE] Frame 5520: Updating cache with pos=(0.000,0.000,2.499)
[DBG ROS2] Publishing to /drone/odom: pos=(0.000,0.000,2.499)
[DBG RENDER] Viewport sync triggered at pos (0.000, 0.000, 2.498)

────────────────────────────────────────────────────────────────────────────────
[FRAME 5535] Δt = 1.00s
────────────────────────────────────────────────────────────────────────────────
  State      : Armed=True, Mode=LOITER
  Position   : (  0.000,   0.000,   2.498)
  Velocity   : (  0.000,   0.000,  -0.129)
  Target Pos : (  0.000,   0.000,   2.498)
  Error      : (  0.000,   0.000,  -0.000) = 0.000m
  PID Output : (  0.000,   0.000,   0.001) m/s
  Applied Force: (   0.00,    0.00,    5.89) N (|F|=5.89N)
  ✅ Gravity compensation active (Fz > 0)
  Actual Vel: (  0.000,   0.000,   0.067) m/s
  ℹ️  Velocity differs from PID (hybrid physics integration active)
────────────────────────────────────────────────────────────────────────────────

[DBG RENDER] Viewport sync triggered at pos (0.000, 0.000, 2.498)
[VIEWPORT FIX] Setting drone position to (0.000, 0.000, 2.499)

────────────────────────────────────────────────────────────────────────────────
[FRAME 5555] Δt = 1.00s
────────────────────────────────────────────────────────────────────────────────
  State      : Armed=True, Mode=LOITER
  Position   : (  0.000,   0.000,   2.498)
  Velocity   : (  0.000,   0.000,  -0.129)
  Target Pos : (  0.000,   0.000,   2.498)
  Error      : (  0.000,   0.000,  -0.000) = 0.000m
  PID Output : (  0.000,   0.000,   0.001) m/s
  Applied Force: (   0.00,    0.00,    5.89) N (|F|=5.89N)
  ✅ Gravity compensation active (Fz > 0)
  Actual Vel: (  0.000,   0.000,   0.067) m/s
  ℹ️  Velocity differs from PID (hybrid physics integration active)
────────────────────────────────────────────────────────────────────────────────

[DBG RENDER] Viewport sync triggered at pos (0.000, 0.000, 2.498)

────────────────────────────────────────────────────────────────────────────────
[FRAME 5575] Δt = 1.00s
────────────────────────────────────────────────────────────────────────────────
  State      : Armed=True, Mode=LOITER
  Position   : (  0.000,   0.000,   2.498)
  Velocity   : (  0.000,   0.000,  -0.129)
  Target Pos : (  0.000,   0.000,   2.498)
  Error      : (  0.000,   0.000,  -0.000) = 0.000m
  PID Output : (  0.000,   0.000,   0.001) m/s
  Applied Force: (   0.00,    0.00,    5.89) N (|F|=5.89N)
  ✅ Gravity compensation active (Fz > 0)
  Actual Vel: (  0.000,   0.000,   0.067) m/s
  ℹ️  Velocity differs from PID (hybrid physics integration active)
────────────────────────────────────────────────────────────────────────────────

[DBG CACHE] Frame 5580: Updating cache with pos=(0.000,0.000,2.499)
[DBG ROS2] Publishing to /drone/odom: pos=(0.000,0.000,2.499)
[DBG RENDER] Viewport sync triggered at pos (0.000, 0.000, 2.498)

────────────────────────────────────────────────────────────────────────────────
[FRAME 5595] Δt = 1.00s
────────────────────────────────────────────────────────────────────────────────
  State      : Armed=True, Mode=LOITER
  Position   : (  0.000,   0.000,   2.498)
  Velocity   : (  0.000,   0.000,  -0.129)
  Target Pos : (  0.000,   0.000,   2.498)
  Error      : (  0.000,   0.000,  -0.000) = 0.000m
  PID Output : (  0.000,   0.000,   0.001) m/s
  Applied Force: (   0.00,    0.00,    5.89) N (|F|=5.89N)
  ✅ Gravity compensation active (Fz > 0)
  Actual Vel: (  0.000,   0.000,   0.067) m/s
  ℹ️  Velocity differs from PID (hybrid physics integration active)
────────────────────────────────────────────────────────────────────────────────

[VIEWPORT FIX] Setting drone position to (0.000, 0.000, 2.499)
[DBG RENDER] Viewport sync triggered at pos (0.000, 0.000, 2.498)

────────────────────────────────────────────────────────────────────────────────
[FRAME 5615] Δt = 1.00s
────────────────────────────────────────────────────────────────────────────────
  State      : Armed=True, Mode=LOITER
  Position   : (  0.000,   0.000,   2.498)
  Velocity   : (  0.000,   0.000,  -0.129)
  Target Pos : (  0.000,   0.000,   2.498)
  Error      : (  0.000,   0.000,  -0.000) = 0.000m
  PID Output : (  0.000,   0.000,   0.001) m/s
  Applied Force: (   0.00,    0.00,    5.89) N (|F|=5.89N)
  ✅ Gravity compensation active (Fz > 0)
  Actual Vel: (  0.000,   0.000,   0.067) m/s
  ℹ️  Velocity differs from PID (hybrid physics integration active)
────────────────────────────────────────────────────────────────────────────────

[DBG RENDER] Viewport sync triggered at pos (0.000, 0.000, 2.498)

────────────────────────────────────────────────────────────────────────────────
[FRAME 5635] Δt = 1.00s
────────────────────────────────────────────────────────────────────────────────
  State      : Armed=True, Mode=LOITER
  Position   : (  0.000,   0.000,   2.498)
  Velocity   : (  0.000,   0.000,  -0.129)
  Target Pos : (  0.000,   0.000,   2.498)
  Error      : (  0.000,   0.000,  -0.000) = 0.000m
  PID Output : (  0.000,   0.000,   0.001) m/s
  Applied Force: (   0.00,    0.00,    5.89) N (|F|=5.89N)
  ✅ Gravity compensation active (Fz > 0)
  Actual Vel: (  0.000,   0.000,   0.067) m/s
  ℹ️  Velocity differs from PID (hybrid physics integration active)
────────────────────────────────────────────────────────────────────────────────

[DBG CACHE] Frame 5640: Updating cache with pos=(0.000,0.000,2.499)
[DBG ROS2] Publishing to /drone/odom: pos=(0.000,0.000,2.499)
[DBG RENDER] Viewport sync triggered at pos (0.000, 0.000, 2.498)
[VIEWPORT FIX] Setting drone position to (0.000, 0.000, 2.499)

────────────────────────────────────────────────────────────────────────────────
[FRAME 5655] Δt = 1.00s
────────────────────────────────────────────────────────────────────────────────
  State      : Armed=True, Mode=LOITER
  Position   : (  0.000,   0.000,   2.498)
  Velocity   : (  0.000,   0.000,  -0.129)
  Target Pos : (  0.000,   0.000,   2.498)
  Error      : (  0.000,   0.000,  -0.000) = 0.000m
  PID Output : (  0.000,   0.000,   0.001) m/s
  Applied Force: (   0.00,    0.00,    5.89) N (|F|=5.89N)
  ✅ Gravity compensation active (Fz > 0)
  Actual Vel: (  0.000,   0.000,   0.067) m/s
  ℹ️  Velocity differs from PID (hybrid physics integration active)
────────────────────────────────────────────────────────────────────────────────

[DBG RENDER] Viewport sync triggered at pos (0.000, 0.000, 2.498)

────────────────────────────────────────────────────────────────────────────────
[FRAME 5675] Δt = 1.00s
────────────────────────────────────────────────────────────────────────────────
  State      : Armed=True, Mode=LOITER
  Position   : (  0.000,   0.000,   2.498)
  Velocity   : (  0.000,   0.000,  -0.129)
  Target Pos : (  0.000,   0.000,   2.498)
  Error      : (  0.000,   0.000,  -0.000) = 0.000m
  PID Output : (  0.000,   0.000,   0.001) m/s
  Applied Force: (   0.00,    0.00,    5.89) N (|F|=5.89N)
  ✅ Gravity compensation active (Fz > 0)
  Actual Vel: (  0.000,   0.000,   0.067) m/s
  ℹ️  Velocity differs from PID (hybrid physics integration active)
────────────────────────────────────────────────────────────────────────────────

[DBG RENDER] Viewport sync triggered at pos (0.000, 0.000, 2.498)

────────────────────────────────────────────────────────────────────────────────
[FRAME 5695] Δt = 1.00s
────────────────────────────────────────────────────────────────────────────────
  State      : Armed=True, Mode=LOITER
  Position   : (  0.000,   0.000,   2.498)
  Velocity   : (  0.000,   0.000,  -0.129)
  Target Pos : (  0.000,   0.000,   2.498)
  Error      : (  0.000,   0.000,  -0.000) = 0.000m
  PID Output : (  0.000,   0.000,   0.001) m/s
  Applied Force: (   0.00,    0.00,    5.89) N (|F|=5.89N)
  ✅ Gravity compensation active (Fz > 0)
  Actual Vel: (  0.000,   0.000,   0.067) m/s
  ℹ️  Velocity differs from PID (hybrid physics integration active)
────────────────────────────────────────────────────────────────────────────────

[DBG CACHE] Frame 5700: Updating cache with pos=(0.000,0.000,2.499)
[DBG ROS2] Publishing to /drone/odom: pos=(0.000,0.000,2.499)
[VIEWPORT FIX] Setting drone position to (0.000, 0.000, 2.499)
[DBG RENDER] Viewport sync triggered at pos (0.000, 0.000, 2.498)

────────────────────────────────────────────────────────────────────────────────
[FRAME 5715] Δt = 1.00s
────────────────────────────────────────────────────────────────────────────────
  State      : Armed=True, Mode=LOITER
  Position   : (  0.000,   0.000,   2.498)
  Velocity   : (  0.000,   0.000,  -0.129)
  Target Pos : (  0.000,   0.000,   2.498)
  Error      : (  0.000,   0.000,  -0.000) = 0.000m
  PID Output : (  0.000,   0.000,   0.001) m/s
  Applied Force: (   0.00,    0.00,    5.89) N (|F|=5.89N)
  ✅ Gravity compensation active (Fz > 0)
  Actual Vel: (  0.000,   0.000,   0.067) m/s
  ℹ️  Velocity differs from PID (hybrid physics integration active)
────────────────────────────────────────────────────────────────────────────────

[DBG RENDER] Viewport sync triggered at pos (0.000, 0.000, 2.498)

────────────────────────────────────────────────────────────────────────────────
[FRAME 5735] Δt = 1.00s
────────────────────────────────────────────────────────────────────────────────
  State      : Armed=True, Mode=LOITER
  Position   : (  0.000,   0.000,   2.498)
  Velocity   : (  0.000,   0.000,  -0.129)
  Target Pos : (  0.000,   0.000,   2.498)
  Error      : (  0.000,   0.000,  -0.000) = 0.000m
  PID Output : (  0.000,   0.000,   0.001) m/s
  Applied Force: (   0.00,    0.00,    5.89) N (|F|=5.89N)
  ✅ Gravity compensation active (Fz > 0)
  Actual Vel: (  0.000,   0.000,   0.067) m/s
  ℹ️  Velocity differs from PID (hybrid physics integration active)
────────────────────────────────────────────────────────────────────────────────

[DBG RENDER] Viewport sync triggered at pos (0.000, 0.000, 2.498)
[VIEWPORT FIX] Setting drone position to (0.000, 0.000, 2.499)

────────────────────────────────────────────────────────────────────────────────
[FRAME 5755] Δt = 1.00s
────────────────────────────────────────────────────────────────────────────────
  State      : Armed=True, Mode=LOITER
  Position   : (  0.000,   0.000,   2.498)
  Velocity   : (  0.000,   0.000,  -0.129)
  Target Pos : (  0.000,   0.000,   2.498)
  Error      : (  0.000,   0.000,  -0.000) = 0.000m
  PID Output : (  0.000,   0.000,   0.001) m/s
  Applied Force: (   0.00,    0.00,    5.89) N (|F|=5.89N)
  ✅ Gravity compensation active (Fz > 0)
  Actual Vel: (  0.000,   0.000,   0.067) m/s
  ℹ️  Velocity differs from PID (hybrid physics integration active)
────────────────────────────────────────────────────────────────────────────────

[DBG CACHE] Frame 5760: Updating cache with pos=(0.000,0.000,2.499)
[DBG ROS2] Publishing to /drone/odom: pos=(0.000,0.000,2.499)
[DBG RENDER] Viewport sync triggered at pos (0.000, 0.000, 2.498)

────────────────────────────────────────────────────────────────────────────────
[FRAME 5775] Δt = 1.00s
────────────────────────────────────────────────────────────────────────────────
  State      : Armed=True, Mode=LOITER
  Position   : (  0.000,   0.000,   2.498)
  Velocity   : (  0.000,   0.000,  -0.129)
  Target Pos : (  0.000,   0.000,   2.498)
  Error      : (  0.000,   0.000,  -0.000) = 0.000m
  PID Output : (  0.000,   0.000,   0.001) m/s
  Applied Force: (   0.00,    0.00,    5.89) N (|F|=5.89N)
  ✅ Gravity compensation active (Fz > 0)
  Actual Vel: (  0.000,   0.000,   0.067) m/s
  ℹ️  Velocity differs from PID (hybrid physics integration active)
────────────────────────────────────────────────────────────────────────────────

[DBG RENDER] Viewport sync triggered at pos (0.000, 0.000, 2.498)

────────────────────────────────────────────────────────────────────────────────
[FRAME 5795] Δt = 1.00s
────────────────────────────────────────────────────────────────────────────────
  State      : Armed=True, Mode=LOITER
  Position   : (  0.000,   0.000,   2.498)
  Velocity   : (  0.000,   0.000,  -0.129)
  Target Pos : (  0.000,   0.000,   2.498)
  Error      : (  0.000,   0.000,  -0.000) = 0.000m
  PID Output : (  0.000,   0.000,   0.001) m/s
  Applied Force: (   0.00,    0.00,    5.89) N (|F|=5.89N)
  ✅ Gravity compensation active (Fz > 0)
  Actual Vel: (  0.000,   0.000,   0.067) m/s
  ℹ️  Velocity differs from PID (hybrid physics integration active)
────────────────────────────────────────────────────────────────────────────────

[VIEWPORT FIX] Setting drone position to (0.000, 0.000, 2.499)
[DBG RENDER] Viewport sync triggered at pos (0.000, 0.000, 2.498)

────────────────────────────────────────────────────────────────────────────────
[FRAME 5815] Δt = 1.00s
────────────────────────────────────────────────────────────────────────────────
  State      : Armed=True, Mode=LOITER
  Position   : (  0.000,   0.000,   2.498)
  Velocity   : (  0.000,   0.000,  -0.129)
  Target Pos : (  0.000,   0.000,   2.498)
  Error      : (  0.000,   0.000,  -0.000) = 0.000m
  PID Output : (  0.000,   0.000,   0.001) m/s
  Applied Force: (   0.00,    0.00,    5.89) N (|F|=5.89N)
  ✅ Gravity compensation active (Fz > 0)
  Actual Vel: (  0.000,   0.000,   0.067) m/s
  ℹ️  Velocity differs from PID (hybrid physics integration active)
────────────────────────────────────────────────────────────────────────────────

[DBG CACHE] Frame 5820: Updating cache with pos=(0.000,0.000,2.499)
[DBG ROS2] Publishing to /drone/odom: pos=(0.000,0.000,2.499)
[DBG RENDER] Viewport sync triggered at pos (0.000, 0.000, 2.498)

────────────────────────────────────────────────────────────────────────────────
[FRAME 5835] Δt = 1.00s
────────────────────────────────────────────────────────────────────────────────
  State      : Armed=True, Mode=LOITER
  Position   : (  0.000,   0.000,   2.498)
  Velocity   : (  0.000,   0.000,  -0.129)
  Target Pos : (  0.000,   0.000,   2.498)
  Error      : (  0.000,   0.000,   0.000) = 0.000m
  PID Output : (  0.000,   0.000,   0.001) m/s
  Applied Force: (   0.00,    0.00,    5.89) N (|F|=5.89N)
  ✅ Gravity compensation active (Fz > 0)
  Actual Vel: (  0.000,   0.000,   0.067) m/s
  ℹ️  Velocity differs from PID (hybrid physics integration active)
────────────────────────────────────────────────────────────────────────────────

[DBG RENDER] Viewport sync triggered at pos (0.000, 0.000, 2.498)
[VIEWPORT FIX] Setting drone position to (0.000, 0.000, 2.499)

────────────────────────────────────────────────────────────────────────────────
[FRAME 5855] Δt = 1.00s
────────────────────────────────────────────────────────────────────────────────
  State      : Armed=True, Mode=LOITER
  Position   : (  0.000,   0.000,   2.498)
  Velocity   : (  0.000,   0.000,  -0.129)
  Target Pos : (  0.000,   0.000,   2.498)
  Error      : (  0.000,   0.000,   0.000) = 0.000m
  PID Output : (  0.000,   0.000,   0.001) m/s
  Applied Force: (   0.00,    0.00,    5.89) N (|F|=5.89N)
  ✅ Gravity compensation active (Fz > 0)
  Actual Vel: (  0.000,   0.000,   0.067) m/s
  ℹ️  Velocity differs from PID (hybrid physics integration active)
────────────────────────────────────────────────────────────────────────────────

[DBG RENDER] Viewport sync triggered at pos (0.000, 0.000, 2.498)

────────────────────────────────────────────────────────────────────────────────
[FRAME 5875] Δt = 1.00s
────────────────────────────────────────────────────────────────────────────────
  State      : Armed=True, Mode=LOITER
  Position   : (  0.000,   0.000,   2.498)
  Velocity   : (  0.000,   0.000,  -0.129)
  Target Pos : (  0.000,   0.000,   2.498)
  Error      : (  0.000,   0.000,   0.000) = 0.000m
  PID Output : (  0.000,   0.000,   0.001) m/s
  Applied Force: (   0.00,    0.00,    5.89) N (|F|=5.89N)
  ✅ Gravity compensation active (Fz > 0)
  Actual Vel: (  0.000,   0.000,   0.067) m/s
  ℹ️  Velocity differs from PID (hybrid physics integration active)
────────────────────────────────────────────────────────────────────────────────

[DBG CACHE] Frame 5880: Updating cache with pos=(0.000,0.000,2.499)
[DBG ROS2] Publishing to /drone/odom: pos=(0.000,0.000,2.499)
[DBG RENDER] Viewport sync triggered at pos (0.000, 0.000, 2.498)

────────────────────────────────────────────────────────────────────────────────
[FRAME 5895] Δt = 1.00s
────────────────────────────────────────────────────────────────────────────────
  State      : Armed=True, Mode=LOITER
  Position   : (  0.000,   0.000,   2.498)
  Velocity   : (  0.000,   0.000,  -0.129)
  Target Pos : (  0.000,   0.000,   2.498)
  Error      : (  0.000,   0.000,   0.000) = 0.000m
  PID Output : (  0.000,   0.000,   0.001) m/s
  Applied Force: (   0.00,    0.00,    5.89) N (|F|=5.89N)
  ✅ Gravity compensation active (Fz > 0)
  Actual Vel: (  0.000,   0.000,   0.067) m/s
  ℹ️  Velocity differs from PID (hybrid physics integration active)
────────────────────────────────────────────────────────────────────────────────

[VIEWPORT FIX] Setting drone position to (0.000, 0.000, 2.499)
[DBG RENDER] Viewport sync triggered at pos (0.000, 0.000, 2.498)

────────────────────────────────────────────────────────────────────────────────
[FRAME 5914] Δt = 1.00s
────────────────────────────────────────────────────────────────────────────────
  State      : Armed=True, Mode=LOITER
  Position   : (  0.000,   0.000,   2.498)
  Velocity   : (  0.000,   0.000,  -0.129)
  Target Pos : (  0.000,   0.000,   2.498)
  Error      : (  0.000,   0.000,   0.000) = 0.000m
  PID Output : (  0.000,   0.000,   0.001) m/s
  Applied Force: (   0.00,    0.00,    5.89) N (|F|=5.89N)
  ✅ Gravity compensation active (Fz > 0)
  Actual Vel: (  0.000,   0.000,   0.067) m/s
  ℹ️  Velocity differs from PID (hybrid physics integration active)
────────────────────────────────────────────────────────────────────────────────

[DBG RENDER] Viewport sync triggered at pos (0.000, 0.000, 2.498)

────────────────────────────────────────────────────────────────────────────────
[FRAME 5934] Δt = 1.00s
────────────────────────────────────────────────────────────────────────────────
  State      : Armed=True, Mode=LOITER
  Position   : (  0.000,   0.000,   2.498)
  Velocity   : (  0.000,   0.000,  -0.129)
  Target Pos : (  0.000,   0.000,   2.498)
  Error      : (  0.000,   0.000,   0.000) = 0.000m
  PID Output : (  0.000,   0.000,   0.001) m/s
  Applied Force: (   0.00,    0.00,    5.89) N (|F|=5.89N)
  ✅ Gravity compensation active (Fz > 0)
  Actual Vel: (  0.000,   0.000,   0.067) m/s
  ℹ️  Velocity differs from PID (hybrid physics integration active)
────────────────────────────────────────────────────────────────────────────────

[DBG CACHE] Frame 5940: Updating cache with pos=(0.000,0.000,2.499)
[DBG ROS2] Publishing to /drone/odom: pos=(0.000,0.000,2.499)
[DBG RENDER] Viewport sync triggered at pos (0.000, 0.000, 2.498)
[VIEWPORT FIX] Setting drone position to (0.000, 0.000, 2.499)

────────────────────────────────────────────────────────────────────────────────
[FRAME 5954] Δt = 1.00s
────────────────────────────────────────────────────────────────────────────────
  State      : Armed=True, Mode=LOITER
  Position   : (  0.000,   0.000,   2.498)
  Velocity   : (  0.000,   0.000,  -0.129)
  Target Pos : (  0.000,   0.000,   2.498)
  Error      : (  0.000,   0.000,   0.000) = 0.000m
  PID Output : (  0.000,   0.000,   0.001) m/s
  Applied Force: (   0.00,    0.00,    5.89) N (|F|=5.89N)
  ✅ Gravity compensation active (Fz > 0)
  Actual Vel: (  0.000,   0.000,   0.067) m/s
  ℹ️  Velocity differs from PID (hybrid physics integration active)
────────────────────────────────────────────────────────────────────────────────

[DBG RENDER] Viewport sync triggered at pos (0.000, 0.000, 2.498)

────────────────────────────────────────────────────────────────────────────────
[FRAME 5974] Δt = 1.00s
────────────────────────────────────────────────────────────────────────────────
  State      : Armed=True, Mode=LOITER
  Position   : (  0.000,   0.000,   2.498)
  Velocity   : (  0.000,   0.000,  -0.129)
  Target Pos : (  0.000,   0.000,   2.498)
  Error      : (  0.000,   0.000,   0.000) = 0.000m
  PID Output : (  0.000,   0.000,   0.001) m/s
  Applied Force: (   0.00,    0.00,    5.89) N (|F|=5.89N)
  ✅ Gravity compensation active (Fz > 0)
  Actual Vel: (  0.000,   0.000,   0.067) m/s
  ℹ️  Velocity differs from PID (hybrid physics integration active)
────────────────────────────────────────────────────────────────────────────────

[DBG RENDER] Viewport sync triggered at pos (0.000, 0.000, 2.498)

────────────────────────────────────────────────────────────────────────────────
[FRAME 5991] Δt = 1.00s
────────────────────────────────────────────────────────────────────────────────
  State      : Armed=True, Mode=LOITER
  Position   : (  0.000,   0.000,   2.498)
  Velocity   : (  0.000,   0.000,  -0.129)
  Target Pos : (  0.000,   0.000,   2.498)
  Error      : (  0.000,   0.000,   0.000) = 0.000m
  PID Output : (  0.000,   0.000,   0.001) m/s
  Applied Force: (   0.00,    0.00,    5.89) N (|F|=5.89N)
  ✅ Gravity compensation active (Fz > 0)
  Actual Vel: (  0.000,   0.000,   0.067) m/s
  ℹ️  Velocity differs from PID (hybrid physics integration active)
────────────────────────────────────────────────────────────────────────────────

[DBG CACHE] Frame 6000: Updating cache with pos=(0.000,0.000,2.499)
[DBG ROS2] Publishing to /drone/odom: pos=(0.000,0.000,2.499)
[VIEWPORT FIX] Setting drone position to (0.000, 0.000, 2.499)
[DBG RENDER] Viewport sync triggered at pos (0.000, 0.000, 2.498)

────────────────────────────────────────────────────────────────────────────────
[FRAME 6010] Δt = 1.00s
────────────────────────────────────────────────────────────────────────────────
  State      : Armed=True, Mode=LOITER
  Position   : (  0.000,   0.000,   2.498)
  Velocity   : (  0.000,   0.000,  -0.129)
  Target Pos : (  0.000,   0.000,   2.498)
  Error      : (  0.000,   0.000,   0.000) = 0.000m
  PID Output : (  0.000,   0.000,   0.001) m/s
  Applied Force: (   0.00,    0.00,    5.89) N (|F|=5.89N)
  ✅ Gravity compensation active (Fz > 0)
  Actual Vel: (  0.000,   0.000,   0.067) m/s
  ℹ️  Velocity differs from PID (hybrid physics integration active)
────────────────────────────────────────────────────────────────────────────────

[DBG RENDER] Viewport sync triggered at pos (0.000, 0.000, 2.498)

────────────────────────────────────────────────────────────────────────────────
[FRAME 6030] Δt = 1.00s
────────────────────────────────────────────────────────────────────────────────
  State      : Armed=True, Mode=LOITER
  Position   : (  0.000,   0.000,   2.498)
  Velocity   : (  0.000,   0.000,  -0.129)
  Target Pos : (  0.000,   0.000,   2.498)
  Error      : (  0.000,   0.000,   0.000) = 0.000m
  PID Output : (  0.000,   0.000,   0.001) m/s
  Applied Force: (   0.00,    0.00,    5.89) N (|F|=5.89N)
  ✅ Gravity compensation active (Fz > 0)
  Actual Vel: (  0.000,   0.000,   0.067) m/s
  ℹ️  Velocity differs from PID (hybrid physics integration active)
────────────────────────────────────────────────────────────────────────────────

[DBG RENDER] Viewport sync triggered at pos (0.000, 0.000, 2.498)

────────────────────────────────────────────────────────────────────────────────
[FRAME 6050] Δt = 1.00s
────────────────────────────────────────────────────────────────────────────────
  State      : Armed=True, Mode=LOITER
  Position   : (  0.000,   0.000,   2.498)
  Velocity   : (  0.000,   0.000,  -0.129)
  Target Pos : (  0.000,   0.000,   2.498)
  Error      : (  0.000,   0.000,   0.000) = 0.000m
  PID Output : (  0.000,   0.000,   0.001) m/s
  Applied Force: (   0.00,    0.00,    5.89) N (|F|=5.89N)
  ✅ Gravity compensation active (Fz > 0)
  Actual Vel: (  0.000,   0.000,   0.067) m/s
  ℹ️  Velocity differs from PID (hybrid physics integration active)
────────────────────────────────────────────────────────────────────────────────

[VIEWPORT FIX] Setting drone position to (0.000, 0.000, 2.499)
[DBG CACHE] Frame 6060: Updating cache with pos=(0.000,0.000,2.499)
[DBG ROS2] Publishing to /drone/odom: pos=(0.000,0.000,2.499)
[DBG RENDER] Viewport sync triggered at pos (0.000, 0.000, 2.498)

────────────────────────────────────────────────────────────────────────────────
[FRAME 6070] Δt = 1.00s
────────────────────────────────────────────────────────────────────────────────
  State      : Armed=True, Mode=LOITER
  Position   : (  0.000,   0.000,   2.498)
  Velocity   : (  0.000,   0.000,  -0.129)
  Target Pos : (  0.000,   0.000,   2.498)
  Error      : (  0.000,   0.000,   0.000) = 0.000m
  PID Output : (  0.000,   0.000,   0.001) m/s
  Applied Force: (   0.00,    0.00,    5.89) N (|F|=5.89N)
  ✅ Gravity compensation active (Fz > 0)
  Actual Vel: (  0.000,   0.000,   0.067) m/s
  ℹ️  Velocity differs from PID (hybrid physics integration active)
────────────────────────────────────────────────────────────────────────────────

[DBG RENDER] Viewport sync triggered at pos (0.000, 0.000, 2.498)

────────────────────────────────────────────────────────────────────────────────
[FRAME 6090] Δt = 1.00s
────────────────────────────────────────────────────────────────────────────────
  State      : Armed=True, Mode=LOITER
  Position   : (  0.000,   0.000,   2.498)
  Velocity   : (  0.000,   0.000,  -0.129)
  Target Pos : (  0.000,   0.000,   2.498)
  Error      : (  0.000,   0.000,   0.000) = 0.000m
  PID Output : (  0.000,   0.000,   0.001) m/s
  Applied Force: (   0.00,    0.00,    5.89) N (|F|=5.89N)
  ✅ Gravity compensation active (Fz > 0)
  Actual Vel: (  0.000,   0.000,   0.067) m/s
  ℹ️  Velocity differs from PID (hybrid physics integration active)
────────────────────────────────────────────────────────────────────────────────

[VIEWPORT FIX] Setting drone position to (0.000, 0.000, 2.499)
[DBG RENDER] Viewport sync triggered at pos (0.000, 0.000, 2.498)

────────────────────────────────────────────────────────────────────────────────
[FRAME 6109] Δt = 1.00s
────────────────────────────────────────────────────────────────────────────────
  State      : Armed=True, Mode=LOITER
  Position   : (  0.000,   0.000,   2.498)
  Velocity   : (  0.000,   0.000,  -0.129)
  Target Pos : (  0.000,   0.000,   2.498)
  Error      : (  0.000,   0.000,   0.000) = 0.000m
  PID Output : (  0.000,   0.000,   0.001) m/s
  Applied Force: (   0.00,    0.00,    5.89) N (|F|=5.89N)
  ✅ Gravity compensation active (Fz > 0)
  Actual Vel: (  0.000,   0.000,   0.067) m/s
  ℹ️  Velocity differs from PID (hybrid physics integration active)
────────────────────────────────────────────────────────────────────────────────

[DBG CACHE] Frame 6120: Updating cache with pos=(0.000,0.000,2.499)
[DBG ROS2] Publishing to /drone/odom: pos=(0.000,0.000,2.499)
[DBG RENDER] Viewport sync triggered at pos (0.000, 0.000, 2.498)

────────────────────────────────────────────────────────────────────────────────
[FRAME 6128] Δt = 1.00s
────────────────────────────────────────────────────────────────────────────────
  State      : Armed=True, Mode=LOITER
  Position   : (  0.000,   0.000,   2.498)
  Velocity   : (  0.000,   0.000,  -0.129)
  Target Pos : (  0.000,   0.000,   2.498)
  Error      : (  0.000,   0.000,   0.000) = 0.000m
  PID Output : (  0.000,   0.000,   0.001) m/s
  Applied Force: (   0.00,    0.00,    5.89) N (|F|=5.89N)
  ✅ Gravity compensation active (Fz > 0)
  Actual Vel: (  0.000,   0.000,   0.067) m/s
  ℹ️  Velocity differs from PID (hybrid physics integration active)
────────────────────────────────────────────────────────────────────────────────

[DBG RENDER] Viewport sync triggered at pos (0.000, 0.000, 2.498)

────────────────────────────────────────────────────────────────────────────────
[FRAME 6148] Δt = 1.00s
────────────────────────────────────────────────────────────────────────────────
  State      : Armed=True, Mode=LOITER
  Position   : (  0.000,   0.000,   2.498)
  Velocity   : (  0.000,   0.000,  -0.129)
  Target Pos : (  0.000,   0.000,   2.498)
  Error      : (  0.000,   0.000,   0.000) = 0.000m
  PID Output : (  0.000,   0.000,   0.001) m/s
  Applied Force: (   0.00,    0.00,    5.89) N (|F|=5.89N)
  ✅ Gravity compensation active (Fz > 0)
  Actual Vel: (  0.000,   0.000,   0.067) m/s
  ℹ️  Velocity differs from PID (hybrid physics integration active)
────────────────────────────────────────────────────────────────────────────────

[VIEWPORT FIX] Setting drone position to (0.000, 0.000, 2.499)
[DBG RENDER] Viewport sync triggered at pos (0.000, 0.000, 2.498)

────────────────────────────────────────────────────────────────────────────────
[FRAME 6167] Δt = 1.00s
────────────────────────────────────────────────────────────────────────────────
  State      : Armed=True, Mode=LOITER
  Position   : (  0.000,   0.000,   2.498)
  Velocity   : (  0.000,   0.000,  -0.129)
  Target Pos : (  0.000,   0.000,   2.498)
  Error      : (  0.000,   0.000,   0.000) = 0.000m
  PID Output : (  0.000,   0.000,   0.001) m/s
  Applied Force: (   0.00,    0.00,    5.89) N (|F|=5.89N)
  ✅ Gravity compensation active (Fz > 0)
  Actual Vel: (  0.000,   0.000,   0.067) m/s
  ℹ️  Velocity differs from PID (hybrid physics integration active)
────────────────────────────────────────────────────────────────────────────────

[DBG CACHE] Frame 6180: Updating cache with pos=(0.000,0.000,2.499)
[DBG ROS2] Publishing to /drone/odom: pos=(0.000,0.000,2.499)
[DBG RENDER] Viewport sync triggered at pos (0.000, 0.000, 2.498)

────────────────────────────────────────────────────────────────────────────────
[FRAME 6186] Δt = 1.00s
────────────────────────────────────────────────────────────────────────────────
  State      : Armed=True, Mode=LOITER
  Position   : (  0.000,   0.000,   2.498)
  Velocity   : (  0.000,   0.000,  -0.129)
  Target Pos : (  0.000,   0.000,   2.498)
  Error      : (  0.000,   0.000,   0.000) = 0.000m
  PID Output : (  0.000,   0.000,   0.001) m/s
  Applied Force: (   0.00,    0.00,    5.89) N (|F|=5.89N)
  ✅ Gravity compensation active (Fz > 0)
  Actual Vel: (  0.000,   0.000,   0.067) m/s
  ℹ️  Velocity differs from PID (hybrid physics integration active)
────────────────────────────────────────────────────────────────────────────────

[VIEWPORT FIX] Setting drone position to (0.000, 0.000, 2.499)
[DBG RENDER] Viewport sync triggered at pos (0.000, 0.000, 2.498)

────────────────────────────────────────────────────────────────────────────────
[FRAME 6206] Δt = 1.00s
────────────────────────────────────────────────────────────────────────────────
  State      : Armed=True, Mode=LOITER
  Position   : (  0.000,   0.000,   2.498)
  Velocity   : (  0.000,   0.000,  -0.129)
  Target Pos : (  0.000,   0.000,   2.498)
  Error      : (  0.000,   0.000,   0.000) = 0.000m
  PID Output : (  0.000,   0.000,   0.001) m/s
  Applied Force: (   0.00,    0.00,    5.89) N (|F|=5.89N)
  ✅ Gravity compensation active (Fz > 0)
  Actual Vel: (  0.000,   0.000,   0.067) m/s
  ℹ️  Velocity differs from PID (hybrid physics integration active)
────────────────────────────────────────────────────────────────────────────────

[DBG RENDER] Viewport sync triggered at pos (0.000, 0.000, 2.498)

────────────────────────────────────────────────────────────────────────────────
[FRAME 6226] Δt = 1.00s
────────────────────────────────────────────────────────────────────────────────
  State      : Armed=True, Mode=LOITER
  Position   : (  0.000,   0.000,   2.498)
  Velocity   : (  0.000,   0.000,  -0.129)
  Target Pos : (  0.000,   0.000,   2.498)
  Error      : (  0.000,   0.000,   0.000) = 0.000m
  PID Output : (  0.000,   0.000,   0.001) m/s
  Applied Force: (   0.00,    0.00,    5.89) N (|F|=5.89N)
  ✅ Gravity compensation active (Fz > 0)
  Actual Vel: (  0.000,   0.000,   0.067) m/s
  ℹ️  Velocity differs from PID (hybrid physics integration active)
────────────────────────────────────────────────────────────────────────────────

[DBG CACHE] Frame 6240: Updating cache with pos=(0.000,0.000,2.499)
[DBG ROS2] Publishing to /drone/odom: pos=(0.000,0.000,2.499)
[DBG RENDER] Viewport sync triggered at pos (0.000, 0.000, 2.498)

────────────────────────────────────────────────────────────────────────────────
[FRAME 6245] Δt = 1.00s
────────────────────────────────────────────────────────────────────────────────
  State      : Armed=True, Mode=LOITER
  Position   : (  0.000,   0.000,   2.498)
  Velocity   : (  0.000,   0.000,  -0.129)
  Target Pos : (  0.000,   0.000,   2.498)
  Error      : (  0.000,   0.000,   0.000) = 0.000m
  PID Output : (  0.000,   0.000,   0.001) m/s
  Applied Force: (   0.00,    0.00,    5.89) N (|F|=5.89N)
  ✅ Gravity compensation active (Fz > 0)
  Actual Vel: (  0.000,   0.000,   0.067) m/s
  ℹ️  Velocity differs from PID (hybrid physics integration active)
────────────────────────────────────────────────────────────────────────────────

[VIEWPORT FIX] Setting drone position to (0.000, 0.000, 2.499)
[DBG RENDER] Viewport sync triggered at pos (0.000, 0.000, 2.498)

────────────────────────────────────────────────────────────────────────────────
[FRAME 6265] Δt = 1.00s
────────────────────────────────────────────────────────────────────────────────
  State      : Armed=True, Mode=LOITER
  Position   : (  0.000,   0.000,   2.498)
  Velocity   : (  0.000,   0.000,  -0.129)
  Target Pos : (  0.000,   0.000,   2.498)
  Error      : (  0.000,   0.000,   0.000) = 0.000m
  PID Output : (  0.000,   0.000,   0.001) m/s
  Applied Force: (   0.00,    0.00,    5.89) N (|F|=5.89N)
  ✅ Gravity compensation active (Fz > 0)
  Actual Vel: (  0.000,   0.000,   0.067) m/s
  ℹ️  Velocity differs from PID (hybrid physics integration active)
────────────────────────────────────────────────────────────────────────────────

[DBG RENDER] Viewport sync triggered at pos (0.000, 0.000, 2.498)

────────────────────────────────────────────────────────────────────────────────
[FRAME 6285] Δt = 1.00s
────────────────────────────────────────────────────────────────────────────────
  State      : Armed=True, Mode=LOITER
  Position   : (  0.000,   0.000,   2.498)
  Velocity   : (  0.000,   0.000,  -0.129)
  Target Pos : (  0.000,   0.000,   2.498)
  Error      : (  0.000,   0.000,   0.000) = 0.000m
  PID Output : (  0.000,   0.000,   0.001) m/s
  Applied Force: (   0.00,    0.00,    5.89) N (|F|=5.89N)
  ✅ Gravity compensation active (Fz > 0)
  Actual Vel: (  0.000,   0.000,   0.067) m/s
  ℹ️  Velocity differs from PID (hybrid physics integration active)
────────────────────────────────────────────────────────────────────────────────

[DBG CACHE] Frame 6300: Updating cache with pos=(0.000,0.000,2.499)
[DBG ROS2] Publishing to /drone/odom: pos=(0.000,0.000,2.499)
[VIEWPORT FIX] Setting drone position to (0.000, 0.000, 2.499)
[DBG RENDER] Viewport sync triggered at pos (0.000, 0.000, 2.498)

────────────────────────────────────────────────────────────────────────────────
[FRAME 6304] Δt = 1.00s
────────────────────────────────────────────────────────────────────────────────
  State      : Armed=True, Mode=LOITER
  Position   : (  0.000,   0.000,   2.498)
  Velocity   : (  0.000,   0.000,  -0.129)
  Target Pos : (  0.000,   0.000,   2.498)
  Error      : (  0.000,   0.000,   0.000) = 0.000m
  PID Output : (  0.000,   0.000,   0.001) m/s
  Applied Force: (   0.00,    0.00,    5.89) N (|F|=5.89N)
  ✅ Gravity compensation active (Fz > 0)
  Actual Vel: (  0.000,   0.000,   0.067) m/s
  ℹ️  Velocity differs from PID (hybrid physics integration active)
────────────────────────────────────────────────────────────────────────────────

[DBG RENDER] Viewport sync triggered at pos (0.000, 0.000, 2.498)

────────────────────────────────────────────────────────────────────────────────
[FRAME 6324] Δt = 1.00s
────────────────────────────────────────────────────────────────────────────────
  State      : Armed=True, Mode=LOITER
  Position   : (  0.000,   0.000,   2.498)
  Velocity   : (  0.000,   0.000,  -0.129)
  Target Pos : (  0.000,   0.000,   2.498)
  Error      : (  0.000,   0.000,   0.000) = 0.000m
  PID Output : (  0.000,   0.000,   0.001) m/s
  Applied Force: (   0.00,    0.00,    5.89) N (|F|=5.89N)
  ✅ Gravity compensation active (Fz > 0)
  Actual Vel: (  0.000,   0.000,   0.067) m/s
  ℹ️  Velocity differs from PID (hybrid physics integration active)
────────────────────────────────────────────────────────────────────────────────

[DBG RENDER] Viewport sync triggered at pos (0.000, 0.000, 2.498)

────────────────────────────────────────────────────────────────────────────────
[FRAME 6344] Δt = 1.00s
────────────────────────────────────────────────────────────────────────────────
  State      : Armed=True, Mode=LOITER
  Position   : (  0.000,   0.000,   2.498)
  Velocity   : (  0.000,   0.000,  -0.129)
  Target Pos : (  0.000,   0.000,   2.498)
  Error      : (  0.000,   0.000,   0.000) = 0.000m
  PID Output : (  0.000,   0.000,   0.001) m/s
  Applied Force: (   0.00,    0.00,    5.89) N (|F|=5.89N)
  ✅ Gravity compensation active (Fz > 0)
  Actual Vel: (  0.000,   0.000,   0.067) m/s
  ℹ️  Velocity differs from PID (hybrid physics integration active)
────────────────────────────────────────────────────────────────────────────────

[VIEWPORT FIX] Setting drone position to (0.000, 0.000, 2.499)
[DBG CACHE] Frame 6360: Updating cache with pos=(0.000,0.000,2.499)
[DBG ROS2] Publishing to /drone/odom: pos=(0.000,0.000,2.499)
[DBG RENDER] Viewport sync triggered at pos (0.000, 0.000, 2.498)

────────────────────────────────────────────────────────────────────────────────
[FRAME 6364] Δt = 1.00s
────────────────────────────────────────────────────────────────────────────────
  State      : Armed=True, Mode=LOITER
  Position   : (  0.000,   0.000,   2.498)
  Velocity   : (  0.000,   0.000,  -0.129)
  Target Pos : (  0.000,   0.000,   2.498)
  Error      : (  0.000,   0.000,   0.000) = 0.000m
  PID Output : (  0.000,   0.000,   0.001) m/s
  Applied Force: (   0.00,    0.00,    5.89) N (|F|=5.89N)
  ✅ Gravity compensation active (Fz > 0)
  Actual Vel: (  0.000,   0.000,   0.067) m/s
  ℹ️  Velocity differs from PID (hybrid physics integration active)
────────────────────────────────────────────────────────────────────────────────

[DBG RENDER] Viewport sync triggered at pos (0.000, 0.000, 2.498)

────────────────────────────────────────────────────────────────────────────────
[FRAME 6384] Δt = 1.00s
────────────────────────────────────────────────────────────────────────────────
  State      : Armed=True, Mode=LOITER
  Position   : (  0.000,   0.000,   2.498)
  Velocity   : (  0.000,   0.000,  -0.129)
  Target Pos : (  0.000,   0.000,   2.498)
  Error      : (  0.000,   0.000,   0.000) = 0.000m
  PID Output : (  0.000,   0.000,   0.001) m/s
  Applied Force: (   0.00,    0.00,    5.89) N (|F|=5.89N)
  ✅ Gravity compensation active (Fz > 0)
  Actual Vel: (  0.000,   0.000,   0.067) m/s
  ℹ️  Velocity differs from PID (hybrid physics integration active)
────────────────────────────────────────────────────────────────────────────────

[VIEWPORT FIX] Setting drone position to (0.000, 0.000, 2.499)
[DBG RENDER] Viewport sync triggered at pos (0.000, 0.000, 2.498)

────────────────────────────────────────────────────────────────────────────────
[FRAME 6404] Δt = 1.00s
────────────────────────────────────────────────────────────────────────────────
  State      : Armed=True, Mode=LOITER
  Position   : (  0.000,   0.000,   2.498)
  Velocity   : (  0.000,   0.000,  -0.129)
  Target Pos : (  0.000,   0.000,   2.498)
  Error      : (  0.000,   0.000,   0.000) = 0.000m
  PID Output : (  0.000,   0.000,   0.001) m/s
  Applied Force: (   0.00,    0.00,    5.89) N (|F|=5.89N)
  ✅ Gravity compensation active (Fz > 0)
  Actual Vel: (  0.000,   0.000,   0.067) m/s
  ℹ️  Velocity differs from PID (hybrid physics integration active)
────────────────────────────────────────────────────────────────────────────────

[DBG CACHE] Frame 6420: Updating cache with pos=(0.000,0.000,2.499)
[DBG ROS2] Publishing to /drone/odom: pos=(0.000,0.000,2.499)
[DBG RENDER] Viewport sync triggered at pos (0.000, 0.000, 2.498)

────────────────────────────────────────────────────────────────────────────────
[FRAME 6423] Δt = 1.00s
────────────────────────────────────────────────────────────────────────────────
  State      : Armed=True, Mode=LOITER
  Position   : (  0.000,   0.000,   2.498)
  Velocity   : (  0.000,   0.000,  -0.129)
  Target Pos : (  0.000,   0.000,   2.498)
  Error      : (  0.000,   0.000,   0.000) = 0.000m
  PID Output : (  0.000,   0.000,   0.001) m/s
  Applied Force: (   0.00,    0.00,    5.89) N (|F|=5.89N)
  ✅ Gravity compensation active (Fz > 0)
  Actual Vel: (  0.000,   0.000,   0.067) m/s
  ℹ️  Velocity differs from PID (hybrid physics integration active)
────────────────────────────────────────────────────────────────────────────────

[DBG RENDER] Viewport sync triggered at pos (0.000, 0.000, 2.498)

────────────────────────────────────────────────────────────────────────────────
[FRAME 6442] Δt = 1.00s
────────────────────────────────────────────────────────────────────────────────
  State      : Armed=True, Mode=LOITER
  Position   : (  0.000,   0.000,   2.498)
  Velocity   : (  0.000,   0.000,  -0.129)
  Target Pos : (  0.000,   0.000,   2.498)
  Error      : (  0.000,   0.000,   0.000) = 0.000m
  PID Output : (  0.000,   0.000,   0.001) m/s
  Applied Force: (   0.00,    0.00,    5.89) N (|F|=5.89N)
  ✅ Gravity compensation active (Fz > 0)
  Actual Vel: (  0.000,   0.000,   0.067) m/s
  ℹ️  Velocity differs from PID (hybrid physics integration active)
────────────────────────────────────────────────────────────────────────────────

[VIEWPORT FIX] Setting drone position to (0.000, 0.000, 2.499)
[DBG RENDER] Viewport sync triggered at pos (0.000, 0.000, 2.498)

────────────────────────────────────────────────────────────────────────────────
[FRAME 6462] Δt = 1.00s
────────────────────────────────────────────────────────────────────────────────
  State      : Armed=True, Mode=LOITER
  Position   : (  0.000,   0.000,   2.498)
  Velocity   : (  0.000,   0.000,  -0.129)
  Target Pos : (  0.000,   0.000,   2.498)
  Error      : (  0.000,   0.000,   0.000) = 0.000m
  PID Output : (  0.000,   0.000,   0.001) m/s
  Applied Force: (   0.00,    0.00,    5.89) N (|F|=5.89N)
  ✅ Gravity compensation active (Fz > 0)
  Actual Vel: (  0.000,   0.000,   0.067) m/s
  ℹ️  Velocity differs from PID (hybrid physics integration active)
────────────────────────────────────────────────────────────────────────────────

[DBG CACHE] Frame 6480: Updating cache with pos=(0.000,0.000,2.499)
[DBG ROS2] Publishing to /drone/odom: pos=(0.000,0.000,2.499)
[DBG RENDER] Viewport sync triggered at pos (0.000, 0.000, 2.498)

────────────────────────────────────────────────────────────────────────────────
[FRAME 6482] Δt = 1.00s
────────────────────────────────────────────────────────────────────────────────
  State      : Armed=True, Mode=LOITER
  Position   : (  0.000,   0.000,   2.498)
  Velocity   : (  0.000,   0.000,  -0.129)
  Target Pos : (  0.000,   0.000,   2.498)
  Error      : (  0.000,   0.000,   0.000) = 0.000m
  PID Output : (  0.000,   0.000,   0.001) m/s
  Applied Force: (   0.00,    0.00,    5.89) N (|F|=5.89N)
  ✅ Gravity compensation active (Fz > 0)
  Actual Vel: (  0.000,   0.000,   0.067) m/s
  ℹ️  Velocity differs from PID (hybrid physics integration active)
────────────────────────────────────────────────────────────────────────────────

[VIEWPORT FIX] Setting drone position to (0.000, 0.000, 2.499)
[DBG RENDER] Viewport sync triggered at pos (0.000, 0.000, 2.498)

────────────────────────────────────────────────────────────────────────────────
[FRAME 6502] Δt = 1.00s
────────────────────────────────────────────────────────────────────────────────
  State      : Armed=True, Mode=LOITER
  Position   : (  0.000,   0.000,   2.498)
  Velocity   : (  0.000,   0.000,  -0.129)
  Target Pos : (  0.000,   0.000,   2.498)
  Error      : (  0.000,   0.000,   0.000) = 0.000m
  PID Output : (  0.000,   0.000,   0.001) m/s
  Applied Force: (   0.00,    0.00,    5.89) N (|F|=5.89N)
  ✅ Gravity compensation active (Fz > 0)
  Actual Vel: (  0.000,   0.000,   0.067) m/s
  ℹ️  Velocity differs from PID (hybrid physics integration active)
────────────────────────────────────────────────────────────────────────────────

[DBG RENDER] Viewport sync triggered at pos (0.000, 0.000, 2.498)

────────────────────────────────────────────────────────────────────────────────
[FRAME 6522] Δt = 1.00s
────────────────────────────────────────────────────────────────────────────────
  State      : Armed=True, Mode=LOITER
  Position   : (  0.000,   0.000,   2.498)
  Velocity   : (  0.000,   0.000,  -0.129)
  Target Pos : (  0.000,   0.000,   2.498)
  Error      : (  0.000,   0.000,   0.000) = 0.000m
  PID Output : (  0.000,   0.000,   0.001) m/s
  Applied Force: (   0.00,    0.00,    5.89) N (|F|=5.89N)
  ✅ Gravity compensation active (Fz > 0)
  Actual Vel: (  0.000,   0.000,   0.067) m/s
  ℹ️  Velocity differs from PID (hybrid physics integration active)
────────────────────────────────────────────────────────────────────────────────

[DBG CACHE] Frame 6540: Updating cache with pos=(0.000,0.000,2.499)
[DBG ROS2] Publishing to /drone/odom: pos=(0.000,0.000,2.499)
[DBG RENDER] Viewport sync triggered at pos (0.000, 0.000, 2.498)

────────────────────────────────────────────────────────────────────────────────
[FRAME 6542] Δt = 1.00s
────────────────────────────────────────────────────────────────────────────────
  State      : Armed=True, Mode=LOITER
  Position   : (  0.000,   0.000,   2.498)
  Velocity   : (  0.000,   0.000,  -0.129)
  Target Pos : (  0.000,   0.000,   2.498)
  Error      : (  0.000,   0.000,   0.000) = 0.000m
  PID Output : (  0.000,   0.000,   0.001) m/s
  Applied Force: (   0.00,    0.00,    5.89) N (|F|=5.89N)
  ✅ Gravity compensation active (Fz > 0)
  Actual Vel: (  0.000,   0.000,   0.067) m/s
  ℹ️  Velocity differs from PID (hybrid physics integration active)
────────────────────────────────────────────────────────────────────────────────

[VIEWPORT FIX] Setting drone position to (0.000, 0.000, 2.499)
[DBG RENDER] Viewport sync triggered at pos (0.000, 0.000, 2.498)

────────────────────────────────────────────────────────────────────────────────
[FRAME 6561] Δt = 1.00s
────────────────────────────────────────────────────────────────────────────────
  State      : Armed=True, Mode=LOITER
  Position   : (  0.000,   0.000,   2.498)
  Velocity   : (  0.000,   0.000,  -0.129)
  Target Pos : (  0.000,   0.000,   2.498)
  Error      : (  0.000,   0.000,   0.000) = 0.000m
  PID Output : (  0.000,   0.000,   0.001) m/s
  Applied Force: (   0.00,    0.00,    5.89) N (|F|=5.89N)
  ✅ Gravity compensation active (Fz > 0)
  Actual Vel: (  0.000,   0.000,   0.067) m/s
  ℹ️  Velocity differs from PID (hybrid physics integration active)
────────────────────────────────────────────────────────────────────────────────

[DBG RENDER] Viewport sync triggered at pos (0.000, 0.000, 2.498)

────────────────────────────────────────────────────────────────────────────────
[FRAME 6581] Δt = 1.00s
────────────────────────────────────────────────────────────────────────────────
  State      : Armed=True, Mode=LOITER
  Position   : (  0.000,   0.000,   2.498)
  Velocity   : (  0.000,   0.000,  -0.129)
  Target Pos : (  0.000,   0.000,   2.498)
  Error      : (  0.000,   0.000,   0.000) = 0.000m
  PID Output : (  0.000,   0.000,   0.001) m/s
  Applied Force: (   0.00,    0.00,    5.89) N (|F|=5.89N)
  ✅ Gravity compensation active (Fz > 0)
  Actual Vel: (  0.000,   0.000,   0.067) m/s
  ℹ️  Velocity differs from PID (hybrid physics integration active)
────────────────────────────────────────────────────────────────────────────────

[DBG CACHE] Frame 6600: Updating cache with pos=(0.000,0.000,2.499)
[DBG ROS2] Publishing to /drone/odom: pos=(0.000,0.000,2.499)
[VIEWPORT FIX] Setting drone position to (0.000, 0.000, 2.499)
[DBG RENDER] Viewport sync triggered at pos (0.000, 0.000, 2.498)

────────────────────────────────────────────────────────────────────────────────
[FRAME 6601] Δt = 1.00s
────────────────────────────────────────────────────────────────────────────────
  State      : Armed=True, Mode=LOITER
  Position   : (  0.000,   0.000,   2.498)
  Velocity   : (  0.000,   0.000,  -0.129)
  Target Pos : (  0.000,   0.000,   2.498)
  Error      : (  0.000,   0.000,   0.000) = 0.000m
  PID Output : (  0.000,   0.000,   0.001) m/s
  Applied Force: (   0.00,    0.00,    5.89) N (|F|=5.89N)
  ✅ Gravity compensation active (Fz > 0)
  Actual Vel: (  0.000,   0.000,   0.067) m/s
  ℹ️  Velocity differs from PID (hybrid physics integration active)
────────────────────────────────────────────────────────────────────────────────

[DBG RENDER] Viewport sync triggered at pos (0.000, 0.000, 2.498)

────────────────────────────────────────────────────────────────────────────────
[FRAME 6621] Δt = 1.00s
────────────────────────────────────────────────────────────────────────────────
  State      : Armed=True, Mode=LOITER
  Position   : (  0.000,   0.000,   2.498)
  Velocity   : (  0.000,   0.000,  -0.129)
  Target Pos : (  0.000,   0.000,   2.498)
  Error      : (  0.000,   0.000,   0.000) = 0.000m
  PID Output : (  0.000,   0.000,   0.001) m/s
  Applied Force: (   0.00,    0.00,    5.89) N (|F|=5.89N)
  ✅ Gravity compensation active (Fz > 0)
  Actual Vel: (  0.000,   0.000,   0.067) m/s
  ℹ️  Velocity differs from PID (hybrid physics integration active)
────────────────────────────────────────────────────────────────────────────────

[DBG RENDER] Viewport sync triggered at pos (0.000, 0.000, 2.498)

────────────────────────────────────────────────────────────────────────────────
[FRAME 6641] Δt = 1.00s
────────────────────────────────────────────────────────────────────────────────
  State      : Armed=True, Mode=LOITER
  Position   : (  0.000,   0.000,   2.498)
  Velocity   : (  0.000,   0.000,  -0.129)
  Target Pos : (  0.000,   0.000,   2.498)
  Error      : (  0.000,   0.000,   0.000) = 0.000m
  PID Output : (  0.000,   0.000,   0.001) m/s
  Applied Force: (   0.00,    0.00,    5.89) N (|F|=5.89N)
  ✅ Gravity compensation active (Fz > 0)
  Actual Vel: (  0.000,   0.000,   0.067) m/s
  ℹ️  Velocity differs from PID (hybrid physics integration active)
────────────────────────────────────────────────────────────────────────────────

[VIEWPORT FIX] Setting drone position to (0.000, 0.000, 2.499)

────────────────────────────────────────────────────────────────────────────────
[FRAME 6660] Δt = 1.00s
────────────────────────────────────────────────────────────────────────────────
  State      : Armed=True, Mode=LOITER
  Position   : (  0.000,   0.000,   2.498)
  Velocity   : (  0.000,   0.000,  -0.129)
  Target Pos : (  0.000,   0.000,   2.498)
  Error      : (  0.000,   0.000,   0.000) = 0.000m
  PID Output : (  0.000,   0.000,   0.001) m/s
  Applied Force: (   0.00,    0.00,    5.89) N (|F|=5.89N)
  ✅ Gravity compensation active (Fz > 0)
  Actual Vel: (  0.000,   0.000,   0.067) m/s
  ℹ️  Velocity differs from PID (hybrid physics integration active)
────────────────────────────────────────────────────────────────────────────────

[DBG CACHE] Frame 6660: Updating cache with pos=(0.000,0.000,2.499)
[DBG ROS2] Publishing to /drone/odom: pos=(0.000,0.000,2.499)
[DBG RENDER] Viewport sync triggered at pos (0.000, 0.000, 2.498)

────────────────────────────────────────────────────────────────────────────────
[FRAME 6680] Δt = 1.00s
────────────────────────────────────────────────────────────────────────────────
  State      : Armed=True, Mode=LOITER
  Position   : (  0.000,   0.000,   2.498)
  Velocity   : (  0.000,   0.000,  -0.129)
  Target Pos : (  0.000,   0.000,   2.498)
  Error      : (  0.000,   0.000,   0.000) = 0.000m
  PID Output : (  0.000,   0.000,   0.001) m/s
  Applied Force: (   0.00,    0.00,    5.89) N (|F|=5.89N)
  ✅ Gravity compensation active (Fz > 0)
  Actual Vel: (  0.000,   0.000,   0.067) m/s
  ℹ️  Velocity differs from PID (hybrid physics integration active)
────────────────────────────────────────────────────────────────────────────────

[DBG RENDER] Viewport sync triggered at pos (0.000, 0.000, 2.498)

────────────────────────────────────────────────────────────────────────────────
[FRAME 6700] Δt = 1.00s
────────────────────────────────────────────────────────────────────────────────
  State      : Armed=True, Mode=LOITER
  Position   : (  0.000,   0.000,   2.498)
  Velocity   : (  0.000,   0.000,  -0.129)
  Target Pos : (  0.000,   0.000,   2.498)
  Error      : (  0.000,   0.000,   0.000) = 0.000m
  PID Output : (  0.000,   0.000,   0.001) m/s
  Applied Force: (   0.00,    0.00,    5.89) N (|F|=5.89N)
  ✅ Gravity compensation active (Fz > 0)
  Actual Vel: (  0.000,   0.000,   0.067) m/s
  ℹ️  Velocity differs from PID (hybrid physics integration active)
────────────────────────────────────────────────────────────────────────────────

[VIEWPORT FIX] Setting drone position to (0.000, 0.000, 2.499)
[DBG RENDER] Viewport sync triggered at pos (0.000, 0.000, 2.498)

────────────────────────────────────────────────────────────────────────────────
[FRAME 6720] Δt = 1.00s
────────────────────────────────────────────────────────────────────────────────
  State      : Armed=True, Mode=LOITER
  Position   : (  0.000,   0.000,   2.498)
  Velocity   : (  0.000,   0.000,  -0.129)
  Target Pos : (  0.000,   0.000,   2.498)
  Error      : (  0.000,   0.000,   0.000) = 0.000m
  PID Output : (  0.000,   0.000,   0.001) m/s
  Applied Force: (   0.00,    0.00,    5.89) N (|F|=5.89N)
  ✅ Gravity compensation active (Fz > 0)
  Actual Vel: (  0.000,   0.000,   0.067) m/s
  ℹ️  Velocity differs from PID (hybrid physics integration active)
────────────────────────────────────────────────────────────────────────────────

[DBG CACHE] Frame 6720: Updating cache with pos=(0.000,0.000,2.499)
[DBG ROS2] Publishing to /drone/odom: pos=(0.000,0.000,2.499)
[DBG RENDER] Viewport sync triggered at pos (0.000, 0.000, 2.498)

────────────────────────────────────────────────────────────────────────────────
[FRAME 6740] Δt = 1.00s
────────────────────────────────────────────────────────────────────────────────
  State      : Armed=True, Mode=LOITER
  Position   : (  0.000,   0.000,   2.498)
  Velocity   : (  0.000,   0.000,  -0.129)
  Target Pos : (  0.000,   0.000,   2.498)
  Error      : (  0.000,   0.000,   0.000) = 0.000m
  PID Output : (  0.000,   0.000,   0.001) m/s
  Applied Force: (   0.00,    0.00,    5.89) N (|F|=5.89N)
  ✅ Gravity compensation active (Fz > 0)
  Actual Vel: (  0.000,   0.000,   0.067) m/s
  ℹ️  Velocity differs from PID (hybrid physics integration active)
────────────────────────────────────────────────────────────────────────────────

[DBG RENDER] Viewport sync triggered at pos (0.000, 0.000, 2.498)
[VIEWPORT FIX] Setting drone position to (0.000, 0.000, 2.499)

────────────────────────────────────────────────────────────────────────────────
[FRAME 6760] Δt = 1.00s
────────────────────────────────────────────────────────────────────────────────
  State      : Armed=True, Mode=LOITER
  Position   : (  0.000,   0.000,   2.498)
  Velocity   : (  0.000,   0.000,  -0.129)
  Target Pos : (  0.000,   0.000,   2.498)
  Error      : (  0.000,   0.000,   0.000) = 0.000m
  PID Output : (  0.000,   0.000,   0.001) m/s
  Applied Force: (   0.00,    0.00,    5.89) N (|F|=5.89N)
  ✅ Gravity compensation active (Fz > 0)
  Actual Vel: (  0.000,   0.000,   0.067) m/s
  ℹ️  Velocity differs from PID (hybrid physics integration active)
────────────────────────────────────────────────────────────────────────────────

[DBG RENDER] Viewport sync triggered at pos (0.000, 0.000, 2.498)

────────────────────────────────────────────────────────────────────────────────
[FRAME 6780] Δt = 1.00s
────────────────────────────────────────────────────────────────────────────────
  State      : Armed=True, Mode=LOITER
  Position   : (  0.000,   0.000,   2.498)
  Velocity   : (  0.000,   0.000,  -0.129)
  Target Pos : (  0.000,   0.000,   2.498)
  Error      : (  0.000,   0.000,   0.000) = 0.000m
  PID Output : (  0.000,   0.000,   0.001) m/s
  Applied Force: (   0.00,    0.00,    5.89) N (|F|=5.89N)
  ✅ Gravity compensation active (Fz > 0)
  Actual Vel: (  0.000,   0.000,   0.067) m/s
  ℹ️  Velocity differs from PID (hybrid physics integration active)
────────────────────────────────────────────────────────────────────────────────

[DBG CACHE] Frame 6780: Updating cache with pos=(0.000,0.000,2.499)
[DBG ROS2] Publishing to /drone/odom: pos=(0.000,0.000,2.499)
[DBG RENDER] Viewport sync triggered at pos (0.000, 0.000, 2.498)

────────────────────────────────────────────────────────────────────────────────
[FRAME 6800] Δt = 1.00s
────────────────────────────────────────────────────────────────────────────────
  State      : Armed=True, Mode=LOITER
  Position   : (  0.000,   0.000,   2.498)
  Velocity   : (  0.000,   0.000,  -0.129)
  Target Pos : (  0.000,   0.000,   2.498)
  Error      : (  0.000,   0.000,   0.000) = 0.000m
  PID Output : (  0.000,   0.000,   0.001) m/s
  Applied Force: (   0.00,    0.00,    5.89) N (|F|=5.89N)
  ✅ Gravity compensation active (Fz > 0)
  Actual Vel: (  0.000,   0.000,   0.067) m/s
  ℹ️  Velocity differs from PID (hybrid physics integration active)
────────────────────────────────────────────────────────────────────────────────

[VIEWPORT FIX] Setting drone position to (0.000, 0.000, 2.499)
[DBG RENDER] Viewport sync triggered at pos (0.000, 0.000, 2.498)

────────────────────────────────────────────────────────────────────────────────
[FRAME 6820] Δt = 1.00s
────────────────────────────────────────────────────────────────────────────────
  State      : Armed=True, Mode=LOITER
  Position   : (  0.000,   0.000,   2.498)
  Velocity   : (  0.000,   0.000,  -0.129)
  Target Pos : (  0.000,   0.000,   2.498)
  Error      : (  0.000,   0.000,   0.000) = 0.000m
  PID Output : (  0.000,   0.000,   0.001) m/s
  Applied Force: (   0.00,    0.00,    5.89) N (|F|=5.89N)
  ✅ Gravity compensation active (Fz > 0)
  Actual Vel: (  0.000,   0.000,   0.067) m/s
  ℹ️  Velocity differs from PID (hybrid physics integration active)
────────────────────────────────────────────────────────────────────────────────

[DBG RENDER] Viewport sync triggered at pos (0.000, 0.000, 2.498)

────────────────────────────────────────────────────────────────────────────────
[FRAME 6839] Δt = 1.00s
────────────────────────────────────────────────────────────────────────────────
  State      : Armed=True, Mode=LOITER
  Position   : (  0.000,   0.000,   2.498)
  Velocity   : (  0.000,   0.000,  -0.129)
  Target Pos : (  0.000,   0.000,   2.498)
  Error      : (  0.000,   0.000,   0.000) = 0.000m
  PID Output : (  0.000,   0.000,   0.001) m/s
  Applied Force: (   0.00,    0.00,    5.89) N (|F|=5.89N)
  ✅ Gravity compensation active (Fz > 0)
  Actual Vel: (  0.000,   0.000,   0.067) m/s
  ℹ️  Velocity differs from PID (hybrid physics integration active)
────────────────────────────────────────────────────────────────────────────────

[DBG CACHE] Frame 6840: Updating cache with pos=(0.000,0.000,2.499)
[DBG ROS2] Publishing to /drone/odom: pos=(0.000,0.000,2.499)
[DBG RENDER] Viewport sync triggered at pos (0.000, 0.000, 2.498)
[VIEWPORT FIX] Setting drone position to (0.000, 0.000, 2.499)

────────────────────────────────────────────────────────────────────────────────
[FRAME 6858] Δt = 1.00s
────────────────────────────────────────────────────────────────────────────────
  State      : Armed=True, Mode=LOITER
  Position   : (  0.000,   0.000,   2.498)
  Velocity   : (  0.000,   0.000,  -0.129)
  Target Pos : (  0.000,   0.000,   2.498)
  Error      : (  0.000,   0.000,   0.000) = 0.000m
  PID Output : (  0.000,   0.000,   0.001) m/s
  Applied Force: (   0.00,    0.00,    5.89) N (|F|=5.89N)
  ✅ Gravity compensation active (Fz > 0)
  Actual Vel: (  0.000,   0.000,   0.067) m/s
  ℹ️  Velocity differs from PID (hybrid physics integration active)
────────────────────────────────────────────────────────────────────────────────

[DBG RENDER] Viewport sync triggered at pos (0.000, 0.000, 2.498)

────────────────────────────────────────────────────────────────────────────────
[FRAME 6878] Δt = 1.00s
────────────────────────────────────────────────────────────────────────────────
  State      : Armed=True, Mode=LOITER
  Position   : (  0.000,   0.000,   2.498)
  Velocity   : (  0.000,   0.000,  -0.129)
  Target Pos : (  0.000,   0.000,   2.498)
  Error      : (  0.000,   0.000,   0.000) = 0.000m
  PID Output : (  0.000,   0.000,   0.001) m/s
  Applied Force: (   0.00,    0.00,    5.89) N (|F|=5.89N)
  ✅ Gravity compensation active (Fz > 0)
  Actual Vel: (  0.000,   0.000,   0.067) m/s
  ℹ️  Velocity differs from PID (hybrid physics integration active)
────────────────────────────────────────────────────────────────────────────────

[DBG RENDER] Viewport sync triggered at pos (0.000, 0.000, 2.498)

────────────────────────────────────────────────────────────────────────────────
[FRAME 6898] Δt = 1.00s
────────────────────────────────────────────────────────────────────────────────
  State      : Armed=True, Mode=LOITER
  Position   : (  0.000,   0.000,   2.498)
  Velocity   : (  0.000,   0.000,  -0.129)
  Target Pos : (  0.000,   0.000,   2.498)
  Error      : (  0.000,   0.000,   0.000) = 0.000m
  PID Output : (  0.000,   0.000,   0.001) m/s
  Applied Force: (   0.00,    0.00,    5.89) N (|F|=5.89N)
  ✅ Gravity compensation active (Fz > 0)
  Actual Vel: (  0.000,   0.000,   0.067) m/s
  ℹ️  Velocity differs from PID (hybrid physics integration active)
────────────────────────────────────────────────────────────────────────────────

[DBG CACHE] Frame 6900: Updating cache with pos=(0.000,0.000,2.499)
[DBG ROS2] Publishing to /drone/odom: pos=(0.000,0.000,2.499)
[VIEWPORT FIX] Setting drone position to (0.000, 0.000, 2.499)
[DBG RENDER] Viewport sync triggered at pos (0.000, 0.000, 2.498)

────────────────────────────────────────────────────────────────────────────────
[FRAME 6918] Δt = 1.00s
────────────────────────────────────────────────────────────────────────────────
  State      : Armed=True, Mode=LOITER
  Position   : (  0.000,   0.000,   2.498)
  Velocity   : (  0.000,   0.000,  -0.129)
  Target Pos : (  0.000,   0.000,   2.498)
  Error      : (  0.000,   0.000,   0.000) = 0.000m
  PID Output : (  0.000,   0.000,   0.001) m/s
  Applied Force: (   0.00,    0.00,    5.89) N (|F|=5.89N)
  ✅ Gravity compensation active (Fz > 0)
  Actual Vel: (  0.000,   0.000,   0.067) m/s
  ℹ️  Velocity differs from PID (hybrid physics integration active)
────────────────────────────────────────────────────────────────────────────────

[DBG RENDER] Viewport sync triggered at pos (0.000, 0.000, 2.498)

────────────────────────────────────────────────────────────────────────────────
[FRAME 6938] Δt = 1.00s
────────────────────────────────────────────────────────────────────────────────
  State      : Armed=True, Mode=LOITER
  Position   : (  0.000,   0.000,   2.498)
  Velocity   : (  0.000,   0.000,  -0.129)
  Target Pos : (  0.000,   0.000,   2.498)
  Error      : (  0.000,   0.000,   0.000) = 0.000m
  PID Output : (  0.000,   0.000,   0.001) m/s
  Applied Force: (   0.00,    0.00,    5.89) N (|F|=5.89N)
  ✅ Gravity compensation active (Fz > 0)
  Actual Vel: (  0.000,   0.000,   0.067) m/s
  ℹ️  Velocity differs from PID (hybrid physics integration active)
────────────────────────────────────────────────────────────────────────────────

[DBG RENDER] Viewport sync triggered at pos (0.000, 0.000, 2.498)
[VIEWPORT FIX] Setting drone position to (0.000, 0.000, 2.499)

────────────────────────────────────────────────────────────────────────────────
[FRAME 6958] Δt = 1.00s
────────────────────────────────────────────────────────────────────────────────
  State      : Armed=True, Mode=LOITER
  Position   : (  0.000,   0.000,   2.498)
  Velocity   : (  0.000,   0.000,  -0.129)
  Target Pos : (  0.000,   0.000,   2.498)
  Error      : (  0.000,   0.000,   0.000) = 0.000m
  PID Output : (  0.000,   0.000,   0.001) m/s
  Applied Force: (   0.00,    0.00,    5.89) N (|F|=5.89N)
  ✅ Gravity compensation active (Fz > 0)
  Actual Vel: (  0.000,   0.000,   0.067) m/s
  ℹ️  Velocity differs from PID (hybrid physics integration active)
────────────────────────────────────────────────────────────────────────────────

[DBG CACHE] Frame 6960: Updating cache with pos=(0.000,0.000,2.499)
[DBG ROS2] Publishing to /drone/odom: pos=(0.000,0.000,2.499)
[DBG RENDER] Viewport sync triggered at pos (0.000, 0.000, 2.498)

────────────────────────────────────────────────────────────────────────────────
[FRAME 6978] Δt = 1.00s
────────────────────────────────────────────────────────────────────────────────
  State      : Armed=True, Mode=LOITER
  Position   : (  0.000,   0.000,   2.498)
  Velocity   : (  0.000,   0.000,  -0.129)
  Target Pos : (  0.000,   0.000,   2.498)
  Error      : (  0.000,   0.000,   0.000) = 0.000m
  PID Output : (  0.000,   0.000,   0.001) m/s
  Applied Force: (   0.00,    0.00,    5.89) N (|F|=5.89N)
  ✅ Gravity compensation active (Fz > 0)
  Actual Vel: (  0.000,   0.000,   0.067) m/s
  ℹ️  Velocity differs from PID (hybrid physics integration active)
────────────────────────────────────────────────────────────────────────────────

[DBG RENDER] Viewport sync triggered at pos (0.000, 0.000, 2.498)

────────────────────────────────────────────────────────────────────────────────
[FRAME 6997] Δt = 1.00s
────────────────────────────────────────────────────────────────────────────────
  State      : Armed=True, Mode=LOITER
  Position   : (  0.000,   0.000,   2.498)
  Velocity   : (  0.000,   0.000,  -0.129)
  Target Pos : (  0.000,   0.000,   2.498)
  Error      : (  0.000,   0.000,   0.000) = 0.000m
  PID Output : (  0.000,   0.000,   0.001) m/s
  Applied Force: (   0.00,    0.00,    5.89) N (|F|=5.89N)
  ✅ Gravity compensation active (Fz > 0)
  Actual Vel: (  0.000,   0.000,   0.067) m/s
  ℹ️  Velocity differs from PID (hybrid physics integration active)
────────────────────────────────────────────────────────────────────────────────

[VIEWPORT FIX] Setting drone position to (0.000, 0.000, 2.499)
[DBG RENDER] Viewport sync triggered at pos (0.000, 0.000, 2.498)

────────────────────────────────────────────────────────────────────────────────
[FRAME 7016] Δt = 1.00s
────────────────────────────────────────────────────────────────────────────────
  State      : Armed=True, Mode=LOITER
  Position   : (  0.000,   0.000,   2.498)
  Velocity   : (  0.000,   0.000,  -0.129)
  Target Pos : (  0.000,   0.000,   2.498)
  Error      : (  0.000,   0.000,   0.000) = 0.000m
  PID Output : (  0.000,   0.000,   0.001) m/s
  Applied Force: (   0.00,    0.00,    5.89) N (|F|=5.89N)
  ✅ Gravity compensation active (Fz > 0)
  Actual Vel: (  0.000,   0.000,   0.067) m/s
  ℹ️  Velocity differs from PID (hybrid physics integration active)
────────────────────────────────────────────────────────────────────────────────

[DBG CACHE] Frame 7020: Updating cache with pos=(0.000,0.000,2.499)
[DBG ROS2] Publishing to /drone/odom: pos=(0.000,0.000,2.499)
[DBG RENDER] Viewport sync triggered at pos (0.000, 0.000, 2.498)

────────────────────────────────────────────────────────────────────────────────
[FRAME 7036] Δt = 1.00s
────────────────────────────────────────────────────────────────────────────────
  State      : Armed=True, Mode=LOITER
  Position   : (  0.000,   0.000,   2.498)
  Velocity   : (  0.000,   0.000,  -0.129)
  Target Pos : (  0.000,   0.000,   2.498)
  Error      : (  0.000,   0.000,   0.000) = 0.000m
  PID Output : (  0.000,   0.000,   0.001) m/s
  Applied Force: (   0.00,    0.00,    5.89) N (|F|=5.89N)
  ✅ Gravity compensation active (Fz > 0)
  Actual Vel: (  0.000,   0.000,   0.067) m/s
  ℹ️  Velocity differs from PID (hybrid physics integration active)
────────────────────────────────────────────────────────────────────────────────

[DBG RENDER] Viewport sync triggered at pos (0.000, 0.000, 2.498)
[VIEWPORT FIX] Setting drone position to (0.000, 0.000, 2.499)

────────────────────────────────────────────────────────────────────────────────
[FRAME 7056] Δt = 1.00s
────────────────────────────────────────────────────────────────────────────────
  State      : Armed=True, Mode=LOITER
  Position   : (  0.000,   0.000,   2.498)
  Velocity   : (  0.000,   0.000,  -0.129)
  Target Pos : (  0.000,   0.000,   2.498)
  Error      : (  0.000,   0.000,   0.000) = 0.000m
  PID Output : (  0.000,   0.000,   0.001) m/s
  Applied Force: (   0.00,    0.00,    5.89) N (|F|=5.89N)
  ✅ Gravity compensation active (Fz > 0)
  Actual Vel: (  0.000,   0.000,   0.067) m/s
  ℹ️  Velocity differs from PID (hybrid physics integration active)
────────────────────────────────────────────────────────────────────────────────

[DBG RENDER] Viewport sync triggered at pos (0.000, 0.000, 2.498)

────────────────────────────────────────────────────────────────────────────────
[FRAME 7075] Δt = 1.00s
────────────────────────────────────────────────────────────────────────────────
  State      : Armed=True, Mode=LOITER
  Position   : (  0.000,   0.000,   2.498)
  Velocity   : (  0.000,   0.000,  -0.129)
  Target Pos : (  0.000,   0.000,   2.498)
  Error      : (  0.000,   0.000,   0.000) = 0.000m
  PID Output : (  0.000,   0.000,   0.001) m/s
  Applied Force: (   0.00,    0.00,    5.89) N (|F|=5.89N)
  ✅ Gravity compensation active (Fz > 0)
  Actual Vel: (  0.000,   0.000,   0.067) m/s
  ℹ️  Velocity differs from PID (hybrid physics integration active)
────────────────────────────────────────────────────────────────────────────────

[DBG CACHE] Frame 7080: Updating cache with pos=(0.000,0.000,2.499)
[DBG ROS2] Publishing to /drone/odom: pos=(0.000,0.000,2.499)
[DBG RENDER] Viewport sync triggered at pos (0.000, 0.000, 2.498)

────────────────────────────────────────────────────────────────────────────────
[FRAME 7095] Δt = 1.00s
────────────────────────────────────────────────────────────────────────────────
  State      : Armed=True, Mode=LOITER
  Position   : (  0.000,   0.000,   2.498)
  Velocity   : (  0.000,   0.000,  -0.129)
  Target Pos : (  0.000,   0.000,   2.498)
  Error      : (  0.000,   0.000,   0.000) = 0.000m
  PID Output : (  0.000,   0.000,   0.001) m/s
  Applied Force: (   0.00,    0.00,    5.89) N (|F|=5.89N)
  ✅ Gravity compensation active (Fz > 0)
  Actual Vel: (  0.000,   0.000,   0.067) m/s
  ℹ️  Velocity differs from PID (hybrid physics integration active)
────────────────────────────────────────────────────────────────────────────────

[VIEWPORT FIX] Setting drone position to (0.000, 0.000, 2.499)
[DBG RENDER] Viewport sync triggered at pos (0.000, 0.000, 2.498)

────────────────────────────────────────────────────────────────────────────────
[FRAME 7115] Δt = 1.00s
────────────────────────────────────────────────────────────────────────────────
  State      : Armed=True, Mode=LOITER
  Position   : (  0.000,   0.000,   2.498)
  Velocity   : (  0.000,   0.000,  -0.129)
  Target Pos : (  0.000,   0.000,   2.498)
  Error      : (  0.000,   0.000,   0.000) = 0.000m
  PID Output : (  0.000,   0.000,   0.001) m/s
  Applied Force: (   0.00,    0.00,    5.89) N (|F|=5.89N)
  ✅ Gravity compensation active (Fz > 0)
  Actual Vel: (  0.000,   0.000,   0.067) m/s
  ℹ️  Velocity differs from PID (hybrid physics integration active)
────────────────────────────────────────────────────────────────────────────────

[DBG RENDER] Viewport sync triggered at pos (0.000, 0.000, 2.498)

────────────────────────────────────────────────────────────────────────────────
[FRAME 7135] Δt = 1.00s
────────────────────────────────────────────────────────────────────────────────
  State      : Armed=True, Mode=LOITER
  Position   : (  0.000,   0.000,   2.498)
  Velocity   : (  0.000,   0.000,  -0.129)
  Target Pos : (  0.000,   0.000,   2.498)
  Error      : (  0.000,   0.000,   0.000) = 0.000m
  PID Output : (  0.000,   0.000,   0.001) m/s
  Applied Force: (   0.00,    0.00,    5.89) N (|F|=5.89N)
  ✅ Gravity compensation active (Fz > 0)
  Actual Vel: (  0.000,   0.000,   0.067) m/s
  ℹ️  Velocity differs from PID (hybrid physics integration active)
────────────────────────────────────────────────────────────────────────────────

[DBG CACHE] Frame 7140: Updating cache with pos=(0.000,0.000,2.499)
[DBG ROS2] Publishing to /drone/odom: pos=(0.000,0.000,2.499)
[DBG RENDER] Viewport sync triggered at pos (0.000, 0.000, 2.498)
[VIEWPORT FIX] Setting drone position to (0.000, 0.000, 2.499)

────────────────────────────────────────────────────────────────────────────────
[FRAME 7154] Δt = 1.00s
────────────────────────────────────────────────────────────────────────────────
  State      : Armed=True, Mode=LOITER
  Position   : (  0.000,   0.000,   2.498)
  Velocity   : (  0.000,   0.000,  -0.129)
  Target Pos : (  0.000,   0.000,   2.498)
  Error      : (  0.000,   0.000,   0.000) = 0.000m
  PID Output : (  0.000,   0.000,   0.001) m/s
  Applied Force: (   0.00,    0.00,    5.89) N (|F|=5.89N)
  ✅ Gravity compensation active (Fz > 0)
  Actual Vel: (  0.000,   0.000,   0.067) m/s
  ℹ️  Velocity differs from PID (hybrid physics integration active)
────────────────────────────────────────────────────────────────────────────────

[DBG RENDER] Viewport sync triggered at pos (0.000, 0.000, 2.498)

────────────────────────────────────────────────────────────────────────────────
[FRAME 7174] Δt = 1.00s
────────────────────────────────────────────────────────────────────────────────
  State      : Armed=True, Mode=LOITER
  Position   : (  0.000,   0.000,   2.498)
  Velocity   : (  0.000,   0.000,  -0.129)
  Target Pos : (  0.000,   0.000,   2.498)
  Error      : (  0.000,   0.000,   0.000) = 0.000m
  PID Output : (  0.000,   0.000,   0.001) m/s
  Applied Force: (   0.00,    0.00,    5.89) N (|F|=5.89N)
  ✅ Gravity compensation active (Fz > 0)
  Actual Vel: (  0.000,   0.000,   0.067) m/s
  ℹ️  Velocity differs from PID (hybrid physics integration active)
────────────────────────────────────────────────────────────────────────────────

[DBG RENDER] Viewport sync triggered at pos (0.000, 0.000, 2.498)

────────────────────────────────────────────────────────────────────────────────
[FRAME 7194] Δt = 1.00s
────────────────────────────────────────────────────────────────────────────────
  State      : Armed=True, Mode=LOITER
  Position   : (  0.000,   0.000,   2.498)
  Velocity   : (  0.000,   0.000,  -0.129)
  Target Pos : (  0.000,   0.000,   2.498)
  Error      : (  0.000,   0.000,   0.000) = 0.000m
  PID Output : (  0.000,   0.000,   0.001) m/s
  Applied Force: (   0.00,    0.00,    5.89) N (|F|=5.89N)
  ✅ Gravity compensation active (Fz > 0)
  Actual Vel: (  0.000,   0.000,   0.067) m/s
  ℹ️  Velocity differs from PID (hybrid physics integration active)
────────────────────────────────────────────────────────────────────────────────

[DBG CACHE] Frame 7200: Updating cache with pos=(0.000,0.000,2.499)
[DBG ROS2] Publishing to /drone/odom: pos=(0.000,0.000,2.499)
[VIEWPORT FIX] Setting drone position to (0.000, 0.000, 2.499)
[DBG RENDER] Viewport sync triggered at pos (0.000, 0.000, 2.498)

────────────────────────────────────────────────────────────────────────────────
[FRAME 7214] Δt = 1.00s
────────────────────────────────────────────────────────────────────────────────
  State      : Armed=True, Mode=LOITER
  Position   : (  0.000,   0.000,   2.498)
  Velocity   : (  0.000,   0.000,  -0.129)
  Target Pos : (  0.000,   0.000,   2.498)
  Error      : (  0.000,   0.000,   0.000) = 0.000m
  PID Output : (  0.000,   0.000,   0.001) m/s
  Applied Force: (   0.00,    0.00,    5.89) N (|F|=5.89N)
  ✅ Gravity compensation active (Fz > 0)
  Actual Vel: (  0.000,   0.000,   0.067) m/s
  ℹ️  Velocity differs from PID (hybrid physics integration active)
────────────────────────────────────────────────────────────────────────────────

[DBG RENDER] Viewport sync triggered at pos (0.000, 0.000, 2.498)

────────────────────────────────────────────────────────────────────────────────
[FRAME 7233] Δt = 1.00s
────────────────────────────────────────────────────────────────────────────────
  State      : Armed=True, Mode=LOITER
  Position   : (  0.000,   0.000,   2.498)
  Velocity   : (  0.000,   0.000,  -0.129)
  Target Pos : (  0.000,   0.000,   2.498)
  Error      : (  0.000,   0.000,   0.000) = 0.000m
  PID Output : (  0.000,   0.000,   0.001) m/s
  Applied Force: (   0.00,    0.00,    5.89) N (|F|=5.89N)
  ✅ Gravity compensation active (Fz > 0)
  Actual Vel: (  0.000,   0.000,   0.067) m/s
  ℹ️  Velocity differs from PID (hybrid physics integration active)
────────────────────────────────────────────────────────────────────────────────

[DBG RENDER] Viewport sync triggered at pos (0.000, 0.000, 2.498)
[VIEWPORT FIX] Setting drone position to (0.000, 0.000, 2.499)

────────────────────────────────────────────────────────────────────────────────
[FRAME 7253] Δt = 1.00s
────────────────────────────────────────────────────────────────────────────────
  State      : Armed=True, Mode=LOITER
  Position   : (  0.000,   0.000,   2.498)
  Velocity   : (  0.000,   0.000,  -0.129)
  Target Pos : (  0.000,   0.000,   2.498)
  Error      : (  0.000,   0.000,   0.000) = 0.000m
  PID Output : (  0.000,   0.000,   0.001) m/s
  Applied Force: (   0.00,    0.00,    5.89) N (|F|=5.89N)
  ✅ Gravity compensation active (Fz > 0)
  Actual Vel: (  0.000,   0.000,   0.067) m/s
  ℹ️  Velocity differs from PID (hybrid physics integration active)
────────────────────────────────────────────────────────────────────────────────

[DBG CACHE] Frame 7260: Updating cache with pos=(0.000,0.000,2.499)
[DBG ROS2] Publishing to /drone/odom: pos=(0.000,0.000,2.499)
[DBG RENDER] Viewport sync triggered at pos (0.000, 0.000, 2.498)

────────────────────────────────────────────────────────────────────────────────
[FRAME 7272] Δt = 1.00s
────────────────────────────────────────────────────────────────────────────────
  State      : Armed=True, Mode=LOITER
  Position   : (  0.000,   0.000,   2.498)
  Velocity   : (  0.000,   0.000,  -0.129)
  Target Pos : (  0.000,   0.000,   2.498)
  Error      : (  0.000,   0.000,   0.000) = 0.000m
  PID Output : (  0.000,   0.000,   0.001) m/s
  Applied Force: (   0.00,    0.00,    5.89) N (|F|=5.89N)
  ✅ Gravity compensation active (Fz > 0)
  Actual Vel: (  0.000,   0.000,   0.067) m/s
  ℹ️  Velocity differs from PID (hybrid physics integration active)
────────────────────────────────────────────────────────────────────────────────

[DBG RENDER] Viewport sync triggered at pos (0.000, 0.000, 2.498)

────────────────────────────────────────────────────────────────────────────────
[FRAME 7292] Δt = 1.00s
────────────────────────────────────────────────────────────────────────────────
  State      : Armed=True, Mode=LOITER
  Position   : (  0.000,   0.000,   2.498)
  Velocity   : (  0.000,   0.000,  -0.129)
  Target Pos : (  0.000,   0.000,   2.498)
  Error      : (  0.000,   0.000,   0.000) = 0.000m
  PID Output : (  0.000,   0.000,   0.001) m/s
  Applied Force: (   0.00,    0.00,    5.89) N (|F|=5.89N)
  ✅ Gravity compensation active (Fz > 0)
  Actual Vel: (  0.000,   0.000,   0.067) m/s
  ℹ️  Velocity differs from PID (hybrid physics integration active)
────────────────────────────────────────────────────────────────────────────────

[VIEWPORT FIX] Setting drone position to (0.000, 0.000, 2.499)
[DBG RENDER] Viewport sync triggered at pos (0.000, 0.000, 2.498)

────────────────────────────────────────────────────────────────────────────────
[FRAME 7311] Δt = 1.00s
────────────────────────────────────────────────────────────────────────────────
  State      : Armed=True, Mode=LOITER
  Position   : (  0.000,   0.000,   2.498)
  Velocity   : (  0.000,   0.000,  -0.129)
  Target Pos : (  0.000,   0.000,   2.498)
  Error      : (  0.000,   0.000,   0.000) = 0.000m
  PID Output : (  0.000,   0.000,   0.001) m/s
  Applied Force: (   0.00,    0.00,    5.89) N (|F|=5.89N)
  ✅ Gravity compensation active (Fz > 0)
  Actual Vel: (  0.000,   0.000,   0.067) m/s
  ℹ️  Velocity differs from PID (hybrid physics integration active)
────────────────────────────────────────────────────────────────────────────────

[DBG CACHE] Frame 7320: Updating cache with pos=(0.000,0.000,2.499)
[DBG ROS2] Publishing to /drone/odom: pos=(0.000,0.000,2.499)
[DBG RENDER] Viewport sync triggered at pos (0.000, 0.000, 2.498)

────────────────────────────────────────────────────────────────────────────────
[FRAME 7331] Δt = 1.00s
────────────────────────────────────────────────────────────────────────────────
  State      : Armed=True, Mode=LOITER
  Position   : (  0.000,   0.000,   2.498)
  Velocity   : (  0.000,   0.000,  -0.129)
  Target Pos : (  0.000,   0.000,   2.498)
  Error      : (  0.000,   0.000,   0.000) = 0.000m
  PID Output : (  0.000,   0.000,   0.001) m/s
  Applied Force: (   0.00,    0.00,    5.89) N (|F|=5.89N)
  ✅ Gravity compensation active (Fz > 0)
  Actual Vel: (  0.000,   0.000,   0.067) m/s
  ℹ️  Velocity differs from PID (hybrid physics integration active)
────────────────────────────────────────────────────────────────────────────────

[DBG RENDER] Viewport sync triggered at pos (0.000, 0.000, 2.498)

────────────────────────────────────────────────────────────────────────────────
[FRAME 7350] Δt = 1.00s
────────────────────────────────────────────────────────────────────────────────
  State      : Armed=True, Mode=LOITER
  Position   : (  0.000,   0.000,   2.498)
  Velocity   : (  0.000,   0.000,  -0.129)
  Target Pos : (  0.000,   0.000,   2.498)
  Error      : (  0.000,   0.000,   0.000) = 0.000m
  PID Output : (  0.000,   0.000,   0.001) m/s
  Applied Force: (   0.00,    0.00,    5.89) N (|F|=5.89N)
  ✅ Gravity compensation active (Fz > 0)
  Actual Vel: (  0.000,   0.000,   0.067) m/s
  ℹ️  Velocity differs from PID (hybrid physics integration active)
────────────────────────────────────────────────────────────────────────────────

[VIEWPORT FIX] Setting drone position to (0.000, 0.000, 2.499)
[DBG RENDER] Viewport sync triggered at pos (0.000, 0.000, 2.498)

────────────────────────────────────────────────────────────────────────────────
[FRAME 7369] Δt = 1.00s
────────────────────────────────────────────────────────────────────────────────
  State      : Armed=True, Mode=LOITER
  Position   : (  0.000,   0.000,   2.498)
  Velocity   : (  0.000,   0.000,  -0.129)
  Target Pos : (  0.000,   0.000,   2.498)
  Error      : (  0.000,   0.000,   0.000) = 0.000m
  PID Output : (  0.000,   0.000,   0.001) m/s
  Applied Force: (   0.00,    0.00,    5.89) N (|F|=5.89N)
  ✅ Gravity compensation active (Fz > 0)
  Actual Vel: (  0.000,   0.000,   0.067) m/s
  ℹ️  Velocity differs from PID (hybrid physics integration active)
────────────────────────────────────────────────────────────────────────────────

[DBG CACHE] Frame 7380: Updating cache with pos=(0.000,0.000,2.499)
[DBG ROS2] Publishing to /drone/odom: pos=(0.000,0.000,2.499)
[DBG RENDER] Viewport sync triggered at pos (0.000, 0.000, 2.498)

────────────────────────────────────────────────────────────────────────────────
[FRAME 7388] Δt = 1.00s
────────────────────────────────────────────────────────────────────────────────
  State      : Armed=True, Mode=LOITER
  Position   : (  0.000,   0.000,   2.498)
  Velocity   : (  0.000,   0.000,  -0.129)
  Target Pos : (  0.000,   0.000,   2.498)
  Error      : (  0.000,   0.000,   0.000) = 0.000m
  PID Output : (  0.000,   0.000,   0.001) m/s
  Applied Force: (   0.00,    0.00,    5.89) N (|F|=5.89N)
  ✅ Gravity compensation active (Fz > 0)
  Actual Vel: (  0.000,   0.000,   0.067) m/s
  ℹ️  Velocity differs from PID (hybrid physics integration active)
────────────────────────────────────────────────────────────────────────────────

[VIEWPORT FIX] Setting drone position to (0.000, 0.000, 2.499)
[DBG RENDER] Viewport sync triggered at pos (0.000, 0.000, 2.498)

────────────────────────────────────────────────────────────────────────────────
[FRAME 7407] Δt = 1.00s
────────────────────────────────────────────────────────────────────────────────
  State      : Armed=True, Mode=LOITER
  Position   : (  0.000,   0.000,   2.498)
  Velocity   : (  0.000,   0.000,  -0.129)
  Target Pos : (  0.000,   0.000,   2.498)
  Error      : (  0.000,   0.000,   0.000) = 0.000m
  PID Output : (  0.000,   0.000,   0.001) m/s
  Applied Force: (   0.00,    0.00,    5.89) N (|F|=5.89N)
  ✅ Gravity compensation active (Fz > 0)
  Actual Vel: (  0.000,   0.000,   0.067) m/s
  ℹ️  Velocity differs from PID (hybrid physics integration active)
────────────────────────────────────────────────────────────────────────────────

[DBG RENDER] Viewport sync triggered at pos (0.000, 0.000, 2.498)

────────────────────────────────────────────────────────────────────────────────
[FRAME 7427] Δt = 1.00s
────────────────────────────────────────────────────────────────────────────────
  State      : Armed=True, Mode=LOITER
  Position   : (  0.000,   0.000,   2.498)
  Velocity   : (  0.000,   0.000,  -0.129)
  Target Pos : (  0.000,   0.000,   2.498)
  Error      : (  0.000,   0.000,   0.000) = 0.000m
  PID Output : (  0.000,   0.000,   0.001) m/s
  Applied Force: (   0.00,    0.00,    5.89) N (|F|=5.89N)
  ✅ Gravity compensation active (Fz > 0)
  Actual Vel: (  0.000,   0.000,   0.067) m/s
  ℹ️  Velocity differs from PID (hybrid physics integration active)
────────────────────────────────────────────────────────────────────────────────

[DBG CACHE] Frame 7440: Updating cache with pos=(0.000,0.000,2.499)
[DBG ROS2] Publishing to /drone/odom: pos=(0.000,0.000,2.499)
[DBG RENDER] Viewport sync triggered at pos (0.000, 0.000, 2.498)

────────────────────────────────────────────────────────────────────────────────
[FRAME 7447] Δt = 1.00s
────────────────────────────────────────────────────────────────────────────────
  State      : Armed=True, Mode=LOITER
  Position   : (  0.000,   0.000,   2.498)
  Velocity   : (  0.000,   0.000,  -0.129)
  Target Pos : (  0.000,   0.000,   2.498)
  Error      : (  0.000,   0.000,   0.000) = 0.000m
  PID Output : (  0.000,   0.000,   0.001) m/s
  Applied Force: (   0.00,    0.00,    5.89) N (|F|=5.89N)
  ✅ Gravity compensation active (Fz > 0)
  Actual Vel: (  0.000,   0.000,   0.067) m/s
  ℹ️  Velocity differs from PID (hybrid physics integration active)
────────────────────────────────────────────────────────────────────────────────

[VIEWPORT FIX] Setting drone position to (0.000, 0.000, 2.499)
[DBG RENDER] Viewport sync triggered at pos (0.000, 0.000, 2.498)

────────────────────────────────────────────────────────────────────────────────
[FRAME 7467] Δt = 1.00s
────────────────────────────────────────────────────────────────────────────────
  State      : Armed=True, Mode=LOITER
  Position   : (  0.000,   0.000,   2.498)
  Velocity   : (  0.000,   0.000,  -0.129)
  Target Pos : (  0.000,   0.000,   2.498)
  Error      : (  0.000,   0.000,   0.000) = 0.000m
  PID Output : (  0.000,   0.000,   0.001) m/s
  Applied Force: (   0.00,    0.00,    5.89) N (|F|=5.89N)
  ✅ Gravity compensation active (Fz > 0)
  Actual Vel: (  0.000,   0.000,   0.067) m/s
  ℹ️  Velocity differs from PID (hybrid physics integration active)
────────────────────────────────────────────────────────────────────────────────

[DBG RENDER] Viewport sync triggered at pos (0.000, 0.000, 2.498)

────────────────────────────────────────────────────────────────────────────────
[FRAME 7487] Δt = 1.00s
────────────────────────────────────────────────────────────────────────────────
  State      : Armed=True, Mode=LOITER
  Position   : (  0.000,   0.000,   2.498)
  Velocity   : (  0.000,   0.000,  -0.129)
  Target Pos : (  0.000,   0.000,   2.498)
  Error      : (  0.000,   0.000,   0.000) = 0.000m
  PID Output : (  0.000,   0.000,   0.001) m/s
  Applied Force: (   0.00,    0.00,    5.89) N (|F|=5.89N)
  ✅ Gravity compensation active (Fz > 0)
  Actual Vel: (  0.000,   0.000,   0.067) m/s
  ℹ️  Velocity differs from PID (hybrid physics integration active)
────────────────────────────────────────────────────────────────────────────────

[DBG CACHE] Frame 7500: Updating cache with pos=(0.000,0.000,2.499)
[DBG ROS2] Publishing to /drone/odom: pos=(0.000,0.000,2.499)
[VIEWPORT FIX] Setting drone position to (0.000, 0.000, 2.499)
[DBG RENDER] Viewport sync triggered at pos (0.000, 0.000, 2.498)

────────────────────────────────────────────────────────────────────────────────
[FRAME 7507] Δt = 1.00s
────────────────────────────────────────────────────────────────────────────────
  State      : Armed=True, Mode=LOITER
  Position   : (  0.000,   0.000,   2.498)
  Velocity   : (  0.000,   0.000,  -0.129)
  Target Pos : (  0.000,   0.000,   2.498)
  Error      : (  0.000,   0.000,   0.000) = 0.000m
  PID Output : (  0.000,   0.000,   0.001) m/s
  Applied Force: (   0.00,    0.00,    5.89) N (|F|=5.89N)
  ✅ Gravity compensation active (Fz > 0)
  Actual Vel: (  0.000,   0.000,   0.067) m/s
  ℹ️  Velocity differs from PID (hybrid physics integration active)
────────────────────────────────────────────────────────────────────────────────

[DBG RENDER] Viewport sync triggered at pos (0.000, 0.000, 2.498)

────────────────────────────────────────────────────────────────────────────────
[FRAME 7527] Δt = 1.00s
────────────────────────────────────────────────────────────────────────────────
  State      : Armed=True, Mode=LOITER
  Position   : (  0.000,   0.000,   2.498)
  Velocity   : (  0.000,   0.000,  -0.129)
  Target Pos : (  0.000,   0.000,   2.498)
  Error      : (  0.000,   0.000,   0.000) = 0.000m
  PID Output : (  0.000,   0.000,   0.001) m/s
  Applied Force: (   0.00,    0.00,    5.89) N (|F|=5.89N)
  ✅ Gravity compensation active (Fz > 0)
  Actual Vel: (  0.000,   0.000,   0.067) m/s
  ℹ️  Velocity differs from PID (hybrid physics integration active)
────────────────────────────────────────────────────────────────────────────────

[DBG RENDER] Viewport sync triggered at pos (0.000, 0.000, 2.498)

────────────────────────────────────────────────────────────────────────────────
[FRAME 7547] Δt = 1.00s
────────────────────────────────────────────────────────────────────────────────
  State      : Armed=True, Mode=LOITER
  Position   : (  0.000,   0.000,   2.498)
  Velocity   : (  0.000,   0.000,  -0.129)
  Target Pos : (  0.000,   0.000,   2.498)
  Error      : (  0.000,   0.000,   0.000) = 0.000m
  PID Output : (  0.000,   0.000,   0.001) m/s
  Applied Force: (   0.00,    0.00,    5.89) N (|F|=5.89N)
  ✅ Gravity compensation active (Fz > 0)
  Actual Vel: (  0.000,   0.000,   0.067) m/s
  ℹ️  Velocity differs from PID (hybrid physics integration active)
────────────────────────────────────────────────────────────────────────────────

[VIEWPORT FIX] Setting drone position to (0.000, 0.000, 2.499)
[DBG CACHE] Frame 7560: Updating cache with pos=(0.000,0.000,2.499)
[DBG ROS2] Publishing to /drone/odom: pos=(0.000,0.000,2.499)
[DBG RENDER] Viewport sync triggered at pos (0.000, 0.000, 2.498)

────────────────────────────────────────────────────────────────────────────────
[FRAME 7567] Δt = 1.00s
────────────────────────────────────────────────────────────────────────────────
  State      : Armed=True, Mode=LOITER
  Position   : (  0.000,   0.000,   2.498)
  Velocity   : (  0.000,   0.000,  -0.129)
  Target Pos : (  0.000,   0.000,   2.498)
  Error      : (  0.000,   0.000,   0.000) = 0.000m
  PID Output : (  0.000,   0.000,   0.001) m/s
  Applied Force: (   0.00,    0.00,    5.89) N (|F|=5.89N)
  ✅ Gravity compensation active (Fz > 0)
  Actual Vel: (  0.000,   0.000,   0.067) m/s
  ℹ️  Velocity differs from PID (hybrid physics integration active)
────────────────────────────────────────────────────────────────────────────────

[DBG RENDER] Viewport sync triggered at pos (0.000, 0.000, 2.498)

────────────────────────────────────────────────────────────────────────────────
[FRAME 7586] Δt = 1.00s
────────────────────────────────────────────────────────────────────────────────
  State      : Armed=True, Mode=LOITER
  Position   : (  0.000,   0.000,   2.498)
  Velocity   : (  0.000,   0.000,  -0.129)
  Target Pos : (  0.000,   0.000,   2.498)
  Error      : (  0.000,   0.000,   0.000) = 0.000m
  PID Output : (  0.000,   0.000,   0.001) m/s
  Applied Force: (   0.00,    0.00,    5.89) N (|F|=5.89N)
  ✅ Gravity compensation active (Fz > 0)
  Actual Vel: (  0.000,   0.000,   0.067) m/s
  ℹ️  Velocity differs from PID (hybrid physics integration active)
────────────────────────────────────────────────────────────────────────────────

[VIEWPORT FIX] Setting drone position to (0.000, 0.000, 2.499)
[DBG RENDER] Viewport sync triggered at pos (0.000, 0.000, 2.498)

────────────────────────────────────────────────────────────────────────────────
[FRAME 7605] Δt = 1.00s
────────────────────────────────────────────────────────────────────────────────
  State      : Armed=True, Mode=LOITER
  Position   : (  0.000,   0.000,   2.498)
  Velocity   : (  0.000,   0.000,  -0.129)
  Target Pos : (  0.000,   0.000,   2.498)
  Error      : (  0.000,   0.000,   0.000) = 0.000m
  PID Output : (  0.000,   0.000,   0.001) m/s
  Applied Force: (   0.00,    0.00,    5.89) N (|F|=5.89N)
  ✅ Gravity compensation active (Fz > 0)
  Actual Vel: (  0.000,   0.000,   0.067) m/s
  ℹ️  Velocity differs from PID (hybrid physics integration active)
────────────────────────────────────────────────────────────────────────────────

[DBG CACHE] Frame 7620: Updating cache with pos=(0.000,0.000,2.499)
[DBG ROS2] Publishing to /drone/odom: pos=(0.000,0.000,2.499)
[DBG RENDER] Viewport sync triggered at pos (0.000, 0.000, 2.498)

────────────────────────────────────────────────────────────────────────────────
[FRAME 7625] Δt = 1.00s
────────────────────────────────────────────────────────────────────────────────
  State      : Armed=True, Mode=LOITER
  Position   : (  0.000,   0.000,   2.498)
  Velocity   : (  0.000,   0.000,  -0.129)
  Target Pos : (  0.000,   0.000,   2.498)
  Error      : (  0.000,   0.000,   0.000) = 0.000m
  PID Output : (  0.000,   0.000,   0.001) m/s
  Applied Force: (   0.00,    0.00,    5.89) N (|F|=5.89N)
  ✅ Gravity compensation active (Fz > 0)
  Actual Vel: (  0.000,   0.000,   0.067) m/s
  ℹ️  Velocity differs from PID (hybrid physics integration active)
────────────────────────────────────────────────────────────────────────────────

[DBG RENDER] Viewport sync triggered at pos (0.000, 0.000, 2.498)

────────────────────────────────────────────────────────────────────────────────
[FRAME 7645] Δt = 1.00s
────────────────────────────────────────────────────────────────────────────────
  State      : Armed=True, Mode=LOITER
  Position   : (  0.000,   0.000,   2.498)
  Velocity   : (  0.000,   0.000,  -0.129)
  Target Pos : (  0.000,   0.000,   2.498)
  Error      : (  0.000,   0.000,   0.000) = 0.000m
  PID Output : (  0.000,   0.000,   0.001) m/s
  Applied Force: (   0.00,    0.00,    5.89) N (|F|=5.89N)
  ✅ Gravity compensation active (Fz > 0)
  Actual Vel: (  0.000,   0.000,   0.067) m/s
  ℹ️  Velocity differs from PID (hybrid physics integration active)
────────────────────────────────────────────────────────────────────────────────

[VIEWPORT FIX] Setting drone position to (0.000, 0.000, 2.499)
[DBG RENDER] Viewport sync triggered at pos (0.000, 0.000, 2.498)

────────────────────────────────────────────────────────────────────────────────
[FRAME 7665] Δt = 1.00s
────────────────────────────────────────────────────────────────────────────────
  State      : Armed=True, Mode=LOITER
  Position   : (  0.000,   0.000,   2.498)
  Velocity   : (  0.000,   0.000,  -0.129)
  Target Pos : (  0.000,   0.000,   2.498)
  Error      : (  0.000,   0.000,   0.000) = 0.000m
  PID Output : (  0.000,   0.000,   0.001) m/s
  Applied Force: (   0.00,    0.00,    5.89) N (|F|=5.89N)
  ✅ Gravity compensation active (Fz > 0)
  Actual Vel: (  0.000,   0.000,   0.067) m/s
  ℹ️  Velocity differs from PID (hybrid physics integration active)
────────────────────────────────────────────────────────────────────────────────

[DBG CACHE] Frame 7680: Updating cache with pos=(0.000,0.000,2.499)
[DBG ROS2] Publishing to /drone/odom: pos=(0.000,0.000,2.499)
[DBG RENDER] Viewport sync triggered at pos (0.000, 0.000, 2.498)

────────────────────────────────────────────────────────────────────────────────
[FRAME 7684] Δt = 1.00s
────────────────────────────────────────────────────────────────────────────────
  State      : Armed=True, Mode=LOITER
  Position   : (  0.000,   0.000,   2.498)
  Velocity   : (  0.000,   0.000,  -0.129)
  Target Pos : (  0.000,   0.000,   2.498)
  Error      : (  0.000,   0.000,   0.000) = 0.000m
  PID Output : (  0.000,   0.000,   0.001) m/s
  Applied Force: (   0.00,    0.00,    5.89) N (|F|=5.89N)
  ✅ Gravity compensation active (Fz > 0)
  Actual Vel: (  0.000,   0.000,   0.067) m/s
  ℹ️  Velocity differs from PID (hybrid physics integration active)
────────────────────────────────────────────────────────────────────────────────

[VIEWPORT FIX] Setting drone position to (0.000, 0.000, 2.499)
[DBG RENDER] Viewport sync triggered at pos (0.000, 0.000, 2.498)

────────────────────────────────────────────────────────────────────────────────
[FRAME 7704] Δt = 1.00s
────────────────────────────────────────────────────────────────────────────────
  State      : Armed=True, Mode=LOITER
  Position   : (  0.000,   0.000,   2.498)
  Velocity   : (  0.000,   0.000,  -0.129)
  Target Pos : (  0.000,   0.000,   2.498)
  Error      : (  0.000,   0.000,   0.000) = 0.000m
  PID Output : (  0.000,   0.000,   0.001) m/s
  Applied Force: (   0.00,    0.00,    5.89) N (|F|=5.89N)
  ✅ Gravity compensation active (Fz > 0)
  Actual Vel: (  0.000,   0.000,   0.067) m/s
  ℹ️  Velocity differs from PID (hybrid physics integration active)
────────────────────────────────────────────────────────────────────────────────

[DBG RENDER] Viewport sync triggered at pos (0.000, 0.000, 2.498)

────────────────────────────────────────────────────────────────────────────────
[FRAME 7723] Δt = 1.00s
────────────────────────────────────────────────────────────────────────────────
  State      : Armed=True, Mode=LOITER
  Position   : (  0.000,   0.000,   2.498)
  Velocity   : (  0.000,   0.000,  -0.129)
  Target Pos : (  0.000,   0.000,   2.498)
  Error      : (  0.000,   0.000,   0.000) = 0.000m
  PID Output : (  0.000,   0.000,   0.001) m/s
  Applied Force: (   0.00,    0.00,    5.89) N (|F|=5.89N)
  ✅ Gravity compensation active (Fz > 0)
  Actual Vel: (  0.000,   0.000,   0.067) m/s
  ℹ️  Velocity differs from PID (hybrid physics integration active)
────────────────────────────────────────────────────────────────────────────────

[DBG CACHE] Frame 7740: Updating cache with pos=(0.000,0.000,2.499)
[DBG ROS2] Publishing to /drone/odom: pos=(0.000,0.000,2.499)
[DBG RENDER] Viewport sync triggered at pos (0.000, 0.000, 2.498)

────────────────────────────────────────────────────────────────────────────────
[FRAME 7742] Δt = 1.00s
────────────────────────────────────────────────────────────────────────────────
  State      : Armed=True, Mode=LOITER
  Position   : (  0.000,   0.000,   2.498)
  Velocity   : (  0.000,   0.000,  -0.129)
  Target Pos : (  0.000,   0.000,   2.498)
  Error      : (  0.000,   0.000,   0.000) = 0.000m
  PID Output : (  0.000,   0.000,   0.001) m/s
  Applied Force: (   0.00,    0.00,    5.89) N (|F|=5.89N)
  ✅ Gravity compensation active (Fz > 0)
  Actual Vel: (  0.000,   0.000,   0.067) m/s
  ℹ️  Velocity differs from PID (hybrid physics integration active)
────────────────────────────────────────────────────────────────────────────────

[VIEWPORT FIX] Setting drone position to (0.000, 0.000, 2.499)
[DBG RENDER] Viewport sync triggered at pos (0.000, 0.000, 2.498)

────────────────────────────────────────────────────────────────────────────────
[FRAME 7761] Δt = 1.00s
────────────────────────────────────────────────────────────────────────────────
  State      : Armed=True, Mode=LOITER
  Position   : (  0.000,   0.000,   2.498)
  Velocity   : (  0.000,   0.000,  -0.129)
  Target Pos : (  0.000,   0.000,   2.498)
  Error      : (  0.000,   0.000,   0.000) = 0.000m
  PID Output : (  0.000,   0.000,   0.001) m/s
  Applied Force: (   0.00,    0.00,    5.89) N (|F|=5.89N)
  ✅ Gravity compensation active (Fz > 0)
  Actual Vel: (  0.000,   0.000,   0.067) m/s
  ℹ️  Velocity differs from PID (hybrid physics integration active)
────────────────────────────────────────────────────────────────────────────────


────────────────────────────────────────────────────────────────────────────────
[FRAME 7780] Δt = 1.00s
────────────────────────────────────────────────────────────────────────────────
  State      : Armed=True, Mode=LOITER
  Position   : (  0.000,   0.000,   2.498)
  Velocity   : (  0.000,   0.000,  -0.129)
  Target Pos : (  0.000,   0.000,   2.498)
  Error      : (  0.000,   0.000,   0.000) = 0.000m
  PID Output : (  0.000,   0.000,   0.001) m/s
  Applied Force: (   0.00,    0.00,    5.89) N (|F|=5.89N)
  ✅ Gravity compensation active (Fz > 0)
  Actual Vel: (  0.000,   0.000,   0.067) m/s
  ℹ️  Velocity differs from PID (hybrid physics integration active)
────────────────────────────────────────────────────────────────────────────────

[DBG RENDER] Viewport sync triggered at pos (0.000, 0.000, 2.498)

────────────────────────────────────────────────────────────────────────────────
[FRAME 7799] Δt = 1.00s
────────────────────────────────────────────────────────────────────────────────
  State      : Armed=True, Mode=LOITER
  Position   : (  0.000,   0.000,   2.498)
  Velocity   : (  0.000,   0.000,  -0.129)
  Target Pos : (  0.000,   0.000,   2.498)
  Error      : (  0.000,   0.000,   0.000) = 0.000m
  PID Output : (  0.000,   0.000,   0.001) m/s
  Applied Force: (   0.00,    0.00,    5.89) N (|F|=5.89N)
  ✅ Gravity compensation active (Fz > 0)
  Actual Vel: (  0.000,   0.000,   0.067) m/s
  ℹ️  Velocity differs from PID (hybrid physics integration active)
────────────────────────────────────────────────────────────────────────────────

[DBG CACHE] Frame 7800: Updating cache with pos=(0.000,0.000,2.499)
[DBG ROS2] Publishing to /drone/odom: pos=(0.000,0.000,2.499)
[VIEWPORT FIX] Setting drone position to (0.000, 0.000, 2.499)
[DBG RENDER] Viewport sync triggered at pos (0.000, 0.000, 2.498)

────────────────────────────────────────────────────────────────────────────────
[FRAME 7818] Δt = 1.00s
────────────────────────────────────────────────────────────────────────────────
  State      : Armed=True, Mode=LOITER
  Position   : (  0.000,   0.000,   2.498)
  Velocity   : (  0.000,   0.000,  -0.129)
  Target Pos : (  0.000,   0.000,   2.498)
  Error      : (  0.000,   0.000,   0.000) = 0.000m
  PID Output : (  0.000,   0.000,   0.001) m/s
  Applied Force: (   0.00,    0.00,    5.89) N (|F|=5.89N)
  ✅ Gravity compensation active (Fz > 0)
  Actual Vel: (  0.000,   0.000,   0.067) m/s
  ℹ️  Velocity differs from PID (hybrid physics integration active)
────────────────────────────────────────────────────────────────────────────────

[DBG RENDER] Viewport sync triggered at pos (0.000, 0.000, 2.498)

────────────────────────────────────────────────────────────────────────────────
[FRAME 7837] Δt = 1.00s
────────────────────────────────────────────────────────────────────────────────
  State      : Armed=True, Mode=LOITER
  Position   : (  0.000,   0.000,   2.498)
  Velocity   : (  0.000,   0.000,  -0.129)
  Target Pos : (  0.000,   0.000,   2.498)
  Error      : (  0.000,   0.000,   0.000) = 0.000m
  PID Output : (  0.000,   0.000,   0.001) m/s
  Applied Force: (   0.00,    0.00,    5.89) N (|F|=5.89N)
  ✅ Gravity compensation active (Fz > 0)
  Actual Vel: (  0.000,   0.000,   0.067) m/s
  ℹ️  Velocity differs from PID (hybrid physics integration active)
────────────────────────────────────────────────────────────────────────────────

[DBG RENDER] Viewport sync triggered at pos (0.000, 0.000, 2.498)
[VIEWPORT FIX] Setting drone position to (0.000, 0.000, 2.499)

────────────────────────────────────────────────────────────────────────────────
[FRAME 7856] Δt = 1.00s
────────────────────────────────────────────────────────────────────────────────
  State      : Armed=True, Mode=LOITER
  Position   : (  0.000,   0.000,   2.498)
  Velocity   : (  0.000,   0.000,  -0.129)
  Target Pos : (  0.000,   0.000,   2.498)
  Error      : (  0.000,   0.000,   0.000) = 0.000m
  PID Output : (  0.000,   0.000,   0.001) m/s
  Applied Force: (   0.00,    0.00,    5.89) N (|F|=5.89N)
  ✅ Gravity compensation active (Fz > 0)
  Actual Vel: (  0.000,   0.000,   0.067) m/s
  ℹ️  Velocity differs from PID (hybrid physics integration active)
────────────────────────────────────────────────────────────────────────────────

[DBG CACHE] Frame 7860: Updating cache with pos=(0.000,0.000,2.499)
[DBG ROS2] Publishing to /drone/odom: pos=(0.000,0.000,2.499)
[DBG RENDER] Viewport sync triggered at pos (0.000, 0.000, 2.498)

────────────────────────────────────────────────────────────────────────────────
[FRAME 7875] Δt = 1.00s
────────────────────────────────────────────────────────────────────────────────
  State      : Armed=True, Mode=LOITER
  Position   : (  0.000,   0.000,   2.498)
  Velocity   : (  0.000,   0.000,  -0.129)
  Target Pos : (  0.000,   0.000,   2.498)
  Error      : (  0.000,   0.000,   0.000) = 0.000m
  PID Output : (  0.000,   0.000,   0.001) m/s
  Applied Force: (   0.00,    0.00,    5.89) N (|F|=5.89N)
  ✅ Gravity compensation active (Fz > 0)
  Actual Vel: (  0.000,   0.000,   0.067) m/s
  ℹ️  Velocity differs from PID (hybrid physics integration active)
────────────────────────────────────────────────────────────────────────────────

[DBG RENDER] Viewport sync triggered at pos (0.000, 0.000, 2.498)

────────────────────────────────────────────────────────────────────────────────
[FRAME 7895] Δt = 1.00s
────────────────────────────────────────────────────────────────────────────────
  State      : Armed=True, Mode=LOITER
  Position   : (  0.000,   0.000,   2.498)
  Velocity   : (  0.000,   0.000,  -0.129)
  Target Pos : (  0.000,   0.000,   2.498)
  Error      : (  0.000,   0.000,   0.000) = 0.000m
  PID Output : (  0.000,   0.000,   0.001) m/s
  Applied Force: (   0.00,    0.00,    5.89) N (|F|=5.89N)
  ✅ Gravity compensation active (Fz > 0)
  Actual Vel: (  0.000,   0.000,   0.067) m/s
  ℹ️  Velocity differs from PID (hybrid physics integration active)
────────────────────────────────────────────────────────────────────────────────

[VIEWPORT FIX] Setting drone position to (0.000, 0.000, 2.499)
[DBG RENDER] Viewport sync triggered at pos (0.000, 0.000, 2.498)

────────────────────────────────────────────────────────────────────────────────
[FRAME 7915] Δt = 1.00s
────────────────────────────────────────────────────────────────────────────────
  State      : Armed=True, Mode=LOITER
  Position   : (  0.000,   0.000,   2.498)
  Velocity   : (  0.000,   0.000,  -0.129)
  Target Pos : (  0.000,   0.000,   2.498)
  Error      : (  0.000,   0.000,   0.000) = 0.000m
  PID Output : (  0.000,   0.000,   0.001) m/s
  Applied Force: (   0.00,    0.00,    5.89) N (|F|=5.89N)
  ✅ Gravity compensation active (Fz > 0)
  Actual Vel: (  0.000,   0.000,   0.067) m/s
  ℹ️  Velocity differs from PID (hybrid physics integration active)
────────────────────────────────────────────────────────────────────────────────

[DBG CACHE] Frame 7920: Updating cache with pos=(0.000,0.000,2.499)
[DBG ROS2] Publishing to /drone/odom: pos=(0.000,0.000,2.499)
[DBG RENDER] Viewport sync triggered at pos (0.000, 0.000, 2.498)

────────────────────────────────────────────────────────────────────────────────
[FRAME 7934] Δt = 1.00s
────────────────────────────────────────────────────────────────────────────────
  State      : Armed=True, Mode=LOITER
  Position   : (  0.000,   0.000,   2.498)
  Velocity   : (  0.000,   0.000,  -0.129)
  Target Pos : (  0.000,   0.000,   2.498)
  Error      : (  0.000,   0.000,   0.000) = 0.000m
  PID Output : (  0.000,   0.000,   0.001) m/s
  Applied Force: (   0.00,    0.00,    5.89) N (|F|=5.89N)
  ✅ Gravity compensation active (Fz > 0)
  Actual Vel: (  0.000,   0.000,   0.067) m/s
  ℹ️  Velocity differs from PID (hybrid physics integration active)
────────────────────────────────────────────────────────────────────────────────

[DBG RENDER] Viewport sync triggered at pos (0.000, 0.000, 2.498)
[VIEWPORT FIX] Setting drone position to (0.000, 0.000, 2.499)

────────────────────────────────────────────────────────────────────────────────
[FRAME 7952] Δt = 1.00s
────────────────────────────────────────────────────────────────────────────────
  State      : Armed=True, Mode=LOITER
  Position   : (  0.000,   0.000,   2.498)
  Velocity   : (  0.000,   0.000,  -0.129)
  Target Pos : (  0.000,   0.000,   2.498)
  Error      : (  0.000,   0.000,   0.000) = 0.000m
  PID Output : (  0.000,   0.000,   0.001) m/s
  Applied Force: (   0.00,    0.00,    5.89) N (|F|=5.89N)
  ✅ Gravity compensation active (Fz > 0)
  Actual Vel: (  0.000,   0.000,   0.067) m/s
  ℹ️  Velocity differs from PID (hybrid physics integration active)
────────────────────────────────────────────────────────────────────────────────

[DBG RENDER] Viewport sync triggered at pos (0.000, 0.000, 2.498)

────────────────────────────────────────────────────────────────────────────────
[FRAME 7971] Δt = 1.00s
────────────────────────────────────────────────────────────────────────────────
  State      : Armed=True, Mode=LOITER
  Position   : (  0.000,   0.000,   2.498)
  Velocity   : (  0.000,   0.000,  -0.129)
  Target Pos : (  0.000,   0.000,   2.498)
  Error      : (  0.000,   0.000,   0.000) = 0.000m
  PID Output : (  0.000,   0.000,   0.001) m/s
  Applied Force: (   0.00,    0.00,    5.89) N (|F|=5.89N)
  ✅ Gravity compensation active (Fz > 0)
  Actual Vel: (  0.000,   0.000,   0.067) m/s
  ℹ️  Velocity differs from PID (hybrid physics integration active)
────────────────────────────────────────────────────────────────────────────────

[DBG CACHE] Frame 7980: Updating cache with pos=(0.000,0.000,2.499)
[DBG ROS2] Publishing to /drone/odom: pos=(0.000,0.000,2.499)
[DBG RENDER] Viewport sync triggered at pos (0.000, 0.000, 2.498)

────────────────────────────────────────────────────────────────────────────────
[FRAME 7990] Δt = 1.00s
────────────────────────────────────────────────────────────────────────────────
  State      : Armed=True, Mode=LOITER
  Position   : (  0.000,   0.000,   2.498)
  Velocity   : (  0.000,   0.000,  -0.129)
  Target Pos : (  0.000,   0.000,   2.498)
  Error      : (  0.000,   0.000,   0.000) = 0.000m
  PID Output : (  0.000,   0.000,   0.001) m/s
  Applied Force: (   0.00,    0.00,    5.89) N (|F|=5.89N)
  ✅ Gravity compensation active (Fz > 0)
  Actual Vel: (  0.000,   0.000,   0.067) m/s
  ℹ️  Velocity differs from PID (hybrid physics integration active)
────────────────────────────────────────────────────────────────────────────────

[VIEWPORT FIX] Setting drone position to (0.000, 0.000, 2.499)
[DBG RENDER] Viewport sync triggered at pos (0.000, 0.000, 2.498)

────────────────────────────────────────────────────────────────────────────────
[FRAME 8008] Δt = 1.00s
────────────────────────────────────────────────────────────────────────────────
  State      : Armed=True, Mode=LOITER
  Position   : (  0.000,   0.000,   2.498)
  Velocity   : (  0.000,   0.000,  -0.129)
  Target Pos : (  0.000,   0.000,   2.498)
  Error      : (  0.000,   0.000,   0.000) = 0.000m
  PID Output : (  0.000,   0.000,   0.001) m/s
  Applied Force: (   0.00,    0.00,    5.89) N (|F|=5.89N)
  ✅ Gravity compensation active (Fz > 0)
  Actual Vel: (  0.000,   0.000,   0.067) m/s
  ℹ️  Velocity differs from PID (hybrid physics integration active)
────────────────────────────────────────────────────────────────────────────────

[DBG RENDER] Viewport sync triggered at pos (0.000, 0.000, 2.498)

────────────────────────────────────────────────────────────────────────────────
[FRAME 8027] Δt = 1.00s
────────────────────────────────────────────────────────────────────────────────
  State      : Armed=True, Mode=LOITER
  Position   : (  0.000,   0.000,   2.498)
  Velocity   : (  0.000,   0.000,  -0.129)
  Target Pos : (  0.000,   0.000,   2.498)
  Error      : (  0.000,   0.000,   0.000) = 0.000m
  PID Output : (  0.000,   0.000,   0.001) m/s
  Applied Force: (   0.00,    0.00,    5.89) N (|F|=5.89N)
  ✅ Gravity compensation active (Fz > 0)
  Actual Vel: (  0.000,   0.000,   0.067) m/s
  ℹ️  Velocity differs from PID (hybrid physics integration active)
────────────────────────────────────────────────────────────────────────────────

[DBG CACHE] Frame 8040: Updating cache with pos=(0.000,0.000,2.499)
[DBG ROS2] Publishing to /drone/odom: pos=(0.000,0.000,2.499)
[DBG RENDER] Viewport sync triggered at pos (0.000, 0.000, 2.498)

────────────────────────────────────────────────────────────────────────────────
[FRAME 8045] Δt = 1.00s
────────────────────────────────────────────────────────────────────────────────
  State      : Armed=True, Mode=LOITER
  Position   : (  0.000,   0.000,   2.498)
  Velocity   : (  0.000,   0.000,  -0.129)
  Target Pos : (  0.000,   0.000,   2.498)
  Error      : (  0.000,   0.000,   0.000) = 0.000m
  PID Output : (  0.000,   0.000,   0.001) m/s
  Applied Force: (   0.00,    0.00,    5.89) N (|F|=5.89N)
  ✅ Gravity compensation active (Fz > 0)
  Actual Vel: (  0.000,   0.000,   0.067) m/s
  ℹ️  Velocity differs from PID (hybrid physics integration active)
────────────────────────────────────────────────────────────────────────────────

[VIEWPORT FIX] Setting drone position to (0.000, 0.000, 2.499)
[DBG RENDER] Viewport sync triggered at pos (0.000, 0.000, 2.498)

────────────────────────────────────────────────────────────────────────────────
[FRAME 8063] Δt = 1.00s
────────────────────────────────────────────────────────────────────────────────
  State      : Armed=True, Mode=LOITER
  Position   : (  0.000,   0.000,   2.498)
  Velocity   : (  0.000,   0.000,  -0.129)
  Target Pos : (  0.000,   0.000,   2.498)
  Error      : (  0.000,   0.000,   0.000) = 0.000m
  PID Output : (  0.000,   0.000,   0.001) m/s
  Applied Force: (   0.00,    0.00,    5.89) N (|F|=5.89N)
  ✅ Gravity compensation active (Fz > 0)
  Actual Vel: (  0.000,   0.000,   0.067) m/s
  ℹ️  Velocity differs from PID (hybrid physics integration active)
────────────────────────────────────────────────────────────────────────────────

[DBG RENDER] Viewport sync triggered at pos (0.000, 0.000, 2.498)

────────────────────────────────────────────────────────────────────────────────
[FRAME 8082] Δt = 1.00s
────────────────────────────────────────────────────────────────────────────────
  State      : Armed=True, Mode=LOITER
  Position   : (  0.000,   0.000,   2.498)
  Velocity   : (  0.000,   0.000,  -0.129)
  Target Pos : (  0.000,   0.000,   2.498)
  Error      : (  0.000,   0.000,   0.000) = 0.000m
  PID Output : (  0.000,   0.000,   0.001) m/s
  Applied Force: (   0.00,    0.00,    5.89) N (|F|=5.89N)
  ✅ Gravity compensation active (Fz > 0)
  Actual Vel: (  0.000,   0.000,   0.067) m/s
  ℹ️  Velocity differs from PID (hybrid physics integration active)
────────────────────────────────────────────────────────────────────────────────


────────────────────────────────────────────────────────────────────────────────
[FRAME 8100] Δt = 1.00s
────────────────────────────────────────────────────────────────────────────────
  State      : Armed=True, Mode=LOITER
  Position   : (  0.000,   0.000,   2.498)
  Velocity   : (  0.000,   0.000,  -0.129)
  Target Pos : (  0.000,   0.000,   2.498)
  Error      : (  0.000,   0.000,   0.000) = 0.000m
  PID Output : (  0.000,   0.000,   0.001) m/s
  Applied Force: (   0.00,    0.00,    5.89) N (|F|=5.89N)
  ✅ Gravity compensation active (Fz > 0)
  Actual Vel: (  0.000,   0.000,   0.067) m/s
  ℹ️  Velocity differs from PID (hybrid physics integration active)
────────────────────────────────────────────────────────────────────────────────

[DBG CACHE] Frame 8100: Updating cache with pos=(0.000,0.000,2.499)
[DBG ROS2] Publishing to /drone/odom: pos=(0.000,0.000,2.499)
[VIEWPORT FIX] Setting drone position to (0.000, 0.000, 2.499)
[DBG RENDER] Viewport sync triggered at pos (0.000, 0.000, 2.498)

────────────────────────────────────────────────────────────────────────────────
[FRAME 8118] Δt = 1.00s
────────────────────────────────────────────────────────────────────────────────
  State      : Armed=True, Mode=LOITER
  Position   : (  0.000,   0.000,   2.498)
  Velocity   : (  0.000,   0.000,  -0.129)
  Target Pos : (  0.000,   0.000,   2.498)
  Error      : (  0.000,   0.000,   0.000) = 0.000m
  PID Output : (  0.000,   0.000,   0.001) m/s
  Applied Force: (   0.00,    0.00,    5.89) N (|F|=5.89N)
  ✅ Gravity compensation active (Fz > 0)
  Actual Vel: (  0.000,   0.000,   0.067) m/s
  ℹ️  Velocity differs from PID (hybrid physics integration active)
────────────────────────────────────────────────────────────────────────────────

[DBG RENDER] Viewport sync triggered at pos (0.000, 0.000, 2.498)

────────────────────────────────────────────────────────────────────────────────
[FRAME 8136] Δt = 1.00s
────────────────────────────────────────────────────────────────────────────────
  State      : Armed=True, Mode=LOITER
  Position   : (  0.000,   0.000,   2.498)
  Velocity   : (  0.000,   0.000,  -0.129)
  Target Pos : (  0.000,   0.000,   2.498)
  Error      : (  0.000,   0.000,   0.000) = 0.000m
  PID Output : (  0.000,   0.000,   0.001) m/s
  Applied Force: (   0.00,    0.00,    5.89) N (|F|=5.89N)
  ✅ Gravity compensation active (Fz > 0)
  Actual Vel: (  0.000,   0.000,   0.067) m/s
  ℹ️  Velocity differs from PID (hybrid physics integration active)
────────────────────────────────────────────────────────────────────────────────

[DBG RENDER] Viewport sync triggered at pos (0.000, 0.000, 2.498)
[VIEWPORT FIX] Setting drone position to (0.000, 0.000, 2.499)
[INFO] Shutting down simulation...
[INFO] ROS2 shutdown complete
[INFO] Simulation shutdown complete
