================================================================================
SIMULATION LOG - 2026-02-20 11:00:36
Log file: /home/kishi/ResQoUnity/logs/simulation/drone_sim_20260220_110036.log
================================================================================

[INFO] CPU physics mode enabled - GPU PhysX disabled
[INFO] Creating environment: Isaac-Velocity-Rough-Unitree-Go2-v0
[INFO] Robot: go2, Amount: 2, Terrain: flat
[INFO]: Base environment:
	Environment device    : cpu
	Physics step-size     : 0.005
	Rendering step-size   : 0.005
	Environment step-size : 0.02
	Physics GPU pipeline  : True
	Physics GPU simulation: True
[INFO]: Time taken for scene creation : 0.285717 seconds
[INFO]: Scene manager:  <class InteractiveScene>
	Number of environments: 2
	Environment spacing   : 2.5
	Source prim name      : /World/envs/env_0
	Global prim paths     : ['/World/ground']
	Replicate physics     : True
[INFO]: Starting the simulation. This may take a few seconds. Please wait...
[INFO]: Time taken for simulation start : 0.879282 seconds
[INFO] Command Manager:  <CommandManager> contains 1 active terms.
+------------------------------------------------+
|              Active Command Terms              |
+-------+---------------+------------------------+
| Index | Name          |          Type          |
+-------+---------------+------------------------+
|   0   | base_velocity | UniformVelocityCommand |
+-------+---------------+------------------------+

[INFO] Action Manager:  <ActionManager> contains 1 active terms.
+------------------------------------+
|  Active Action Terms (shape: 12)   |
+--------+-------------+-------------+
| Index  | Name        |   Dimension |
+--------+-------------+-------------+
|   0    | joint_pos   |          12 |
+--------+-------------+-------------+

Module omni.isaac.orbit.utils.warp.kernels load on device 'cpu' took 1.67 ms
[INFO] Observation Manager: <ObservationManager> contains 1 groups.
+----------------------------------------------------------+
| Active Observation Terms in Group: 'policy' (shape: (235,)) |
+-----------+--------------------------------+-------------+
|   Index   | Name                           |    Shape    |
+-----------+--------------------------------+-------------+
|     0     | base_lin_vel                   |     (3,)    |
|     1     | base_ang_vel                   |     (3,)    |
|     2     | projected_gravity              |     (3,)    |
|     3     | velocity_commands              |     (3,)    |
|     4     | joint_pos                      |    (12,)    |
|     5     | joint_vel                      |    (12,)    |
|     6     | actions                        |    (12,)    |
|     7     | height_scan                    |    (187,)   |
+-----------+--------------------------------+-------------+

[INFO] Event Manager:  <EventManager> contains 1 active terms.
+--------------------------------------+
| Active Event Terms in Mode: 'startup' |
+----------+---------------------------+
|  Index   | Name                      |
+----------+---------------------------+
|    0     | physics_material          |
+----------+---------------------------+

[INFO] Termination Manager:  <TerminationManager> contains 2 active terms.
+---------------------------------+
|     Active Termination Terms    |
+-------+--------------+----------+
| Index | Name         | Time Out |
+-------+--------------+----------+
|   0   | time_out     |   True   |
|   1   | base_contact |  False   |
+-------+--------------+----------+

[INFO] Reward Manager:  <RewardManager> contains 10 active terms.
+-----------------------------------------+
|           Active Reward Terms           |
+-------+----------------------+----------+
| Index | Name                 |   Weight |
+-------+----------------------+----------+
|   0   | track_lin_vel_xy_exp |      1.5 |
|   1   | track_ang_vel_z_exp  |     0.75 |
|   2   | lin_vel_z_l2         |     -2.0 |
|   3   | ang_vel_xy_l2        |    -0.05 |
|   4   | dof_torques_l2       |  -0.0002 |
|   5   | dof_acc_l2           | -2.5e-07 |
|   6   | action_rate_l2       |    -0.01 |
|   7   | feet_air_time        |     0.01 |
|   8   | flat_orientation_l2  |      0.0 |
|   9   | dof_pos_limits       |      0.0 |
+-------+----------------------+----------+

[INFO] Curriculum Manager:  <CurriculumManager> contains 0 active terms.
+----------------------+
| Active Curriculum Terms |
+-----------+----------+
|   Index   | Name     |
+-----------+----------+
+-----------+----------+

Creating window for environment.
[INFO]: Completed setting up the environment...
[INFO] Environment created successfully!
[INFO] ========================================
[INFO] PHYSICS MODE: CPU (GPU PhysX DISABLED)
[INFO] Direct pose manipulation is ALLOWED
[INFO] ========================================
[INFO] Environment wrapped for RSL-RL
[INFO] Loading experiment from directory: /home/kishi/ResQoUnity/logs/rsl_rl/unitree_go2_rough
[INFO]: Loading model checkpoint from: /home/kishi/ResQoUnity/logs/rsl_rl/unitree_go2_rough/2024-04-06_02-37-07/model_7850.pt
--------------------------------------------------------------------------------
Resolved observation sets: 
	 policy :  ['policy']
	 critic :  ['policy']
--------------------------------------------------------------------------------
Actor MLP: MLP(
  (0): Linear(in_features=235, out_features=512, bias=True)
  (1): ELU(alpha=1.0)
  (2): Linear(in_features=512, out_features=256, bias=True)
  (3): ELU(alpha=1.0)
  (4): Linear(in_features=256, out_features=128, bias=True)
  (5): ELU(alpha=1.0)
  (6): Linear(in_features=128, out_features=12, bias=True)
)
Critic MLP: MLP(
  (0): Linear(in_features=235, out_features=512, bias=True)
  (1): ELU(alpha=1.0)
  (2): Linear(in_features=512, out_features=256, bias=True)
  (3): ELU(alpha=1.0)
  (4): Linear(in_features=256, out_features=128, bias=True)
  (5): ELU(alpha=1.0)
  (6): Linear(in_features=128, out_features=1, bias=True)
)
[INFO]: Checkpoint loaded successfully
[INFO] Resetting environment and getting initial observations...
[INFO] Environment reset complete, starting simulation loop...
[INFO] Spawning world-level drone alongside environment robots...
[INFO] Spawning drone at /World/Drone (inside env for physics stepping)
[INFO] Drone USD loaded at /World/Drone
[INFO] Drone spawned at position (0.0, 0.0, 2.5)
[INFO] ArticulationView will be initialized after first physics step
[Drone drone] Mode: DISARMED → IDLE

================================================================================
DRONE DEBUG LOGGER INITIALIZED FOR world_drone
================================================================================

[INFO] Drone controller initialized in ARMED mode (auto-armed)
[INFO] Mode set to IDLE - will switch to LOITER after spawn
[INFO] Debug logger enabled - verbose output active
[INFO] Drone bottom camera initialized
[INFO] Drone ROS2 publishers initialized on /drone namespace
[INFO] Adding /drone namespace ROS2 interface
[INFO] Drone topics created: cmd_vel, cmd_position, cmd_altitude
[INFO] Drone services created:
  - /drone/arm: True
  - /drone/takeoff: True
  - /drone/land: True
  - /drone/emergency_stop: True
[INFO] Drone control interface ready on /drone namespace
[INFO] Setting up viewport camera...
[INFO] Camera positioned to view robot
[INFO] Robot(s) should now be visible in the viewport!
[INFO] Use these controls to navigate:
  - Press 'F' to focus on robot
  - Mouse wheel: Zoom in/out
  - Middle mouse: Pan camera
  - Alt+Left mouse: Orbit view
  - WASD keys: Move robot (forward/back/left/right)
  - Q/E keys: Rotate left/right
[INFO] Initializing ArticulationView after physics step...
[INFO] Drone mass set to: 0.5 kg (Crazyflie scaled estimate)
[INFO] Using Hybrid Physics-Velocity Control (GPU PhysX compatible)
[INFO] Forces → Acceleration → Velocity integration (F=ma)
[INFO] LOITER target set to spawn position: (0.00, 0.00, 2.50)
[SAFETY] World drone initialized:
  Current pos: (0.000, 0.000, 2.498)
  Target pos:  (0.000, 0.000, 2.498)
  Mode: IDLE, Armed: True
[INIT] Drone spawned at position: (0.000, 0.000, 2.498)
[INIT] Initial velocity: (0.000, 0.000, -0.196)
[INIT] Initial mode: IDLE
[INIT] Ready for control


********************************************************************************
[ARM EVENT] Drone ARMED
********************************************************************************

[INFO] ArticulationView ready - found 1 drone(s)
[DEBUG] ArticulationView prim paths: ['/World/Drone']
[DEBUG] Controller initialized at position: (0.00, 0.00, 2.50)
[DEBUG] Drone has 4 DOFs: ['m1_joint', 'm2_joint', 'm3_joint', 'm4_joint']
[DEBUG] Prim at /World/Drone exists: True
[DEBUG] Found root body (fallback) at: /World/Drone/body
[DEBUG] Found articulation root at: /World/Drone
[Drone drone] Mode: IDLE → LOITER
[INFO] World drone switched to LOITER at position (0.00, 0.00, 2.50)
[INFO] LiDAR publishing to /robot0/point_cloud2 (ROS_DOMAIN_ID=0)
[ROS2 SERVICE] /drone/arm called with data=True
[ROS2 SERVICE] Waiting for lock...
[ROS2 SERVICE] Lock acquired

********************************************************************************
[ARM EVENT] Drone ARMED
********************************************************************************

[Drone drone] Target position: (0.00, 0.00, 1.50)
[Drone drone] Mode: LOITER → POSITION
[SAFETY] Takeoff service executed:
  Mode: POSITION
  Target: (0.000, 0.000, 1.500)
  Current: (0.000, 0.000, 2.497)
[Drone drone] Target position: (0.00, 0.00, 3.00)
[Drone drone] Target position: (0.05, 0.00, 3.00)
[Drone drone] Target position: (0.10, 0.00, 3.00)
[Drone drone] Target position: (0.15, 0.00, 3.00)
[Drone drone] Target position: (0.20, 0.00, 3.00)
[Drone drone] Target position: (0.25, 0.00, 3.00)
[Drone drone] Target position: (0.30, 0.00, 3.00)
[Drone drone] Target position: (0.35, 0.00, 3.00)
[Drone drone] Target position: (0.40, 0.00, 3.00)
[Drone drone] Target position: (0.45, 0.00, 3.00)
[Drone drone] Target position: (0.50, 0.00, 3.00)
[Drone drone] Target position: (0.55, 0.00, 3.00)
[Drone drone] Target position: (0.60, 0.00, 3.00)
[Drone drone] Target position: (0.65, 0.00, 3.00)
[Drone drone] Target position: (0.70, 0.00, 3.00)
[Drone drone] Target position: (0.75, 0.00, 3.00)
[Drone drone] Target position: (0.80, 0.00, 3.00)
[Drone drone] Target position: (0.85, 0.00, 3.00)
[Drone drone] Target position: (0.90, 0.00, 3.00)
[Drone drone] Target position: (0.95, 0.00, 3.00)
[Drone drone] Target position: (1.00, 0.00, 3.00)
[Drone drone] Target position: (1.05, 0.00, 3.00)
[Drone drone] Target position: (1.10, 0.00, 3.00)
[Drone drone] Target position: (1.15, 0.00, 3.00)
[Drone drone] Target position: (1.20, 0.00, 3.00)
[Drone drone] Target position: (1.25, 0.00, 3.00)
[Drone drone] Target position: (1.30, 0.00, 3.00)
[Drone drone] Target position: (1.35, 0.00, 3.00)
[Drone drone] Target position: (1.40, 0.00, 3.00)
[Drone drone] Target position: (1.45, 0.00, 3.00)
[Drone drone] Target position: (1.50, 0.00, 3.00)
[Drone drone] Target position: (1.55, 0.00, 3.00)
[Drone drone] Target position: (1.60, 0.00, 3.00)
[Drone drone] Target position: (1.65, 0.00, 3.00)
[Drone drone] Target position: (1.70, 0.00, 3.00)
[Drone drone] Target position: (1.74, 0.00, 3.00)
[Drone drone] Target position: (1.79, 0.00, 3.00)
[Drone drone] Target position: (1.84, 0.00, 3.00)
[Drone drone] Target position: (1.88, 0.00, 3.00)
[Drone drone] Target position: (1.93, 0.00, 3.00)
[Drone drone] Target position: (1.97, 0.00, 3.00)
[Drone drone] Target position: (2.01, 0.00, 3.00)
[Drone drone] Target position: (2.05, 0.00, 3.00)
[Drone drone] Target position: (2.10, 0.00, 3.00)
[Drone drone] Target position: (2.14, 0.00, 3.00)
[Drone drone] Target position: (2.18, 0.00, 3.00)
[Drone drone] Target position: (2.21, 0.00, 3.00)
[Drone drone] Target position: (2.25, 0.00, 3.00)
[Drone drone] Target position: (2.29, 0.00, 3.00)
[Drone drone] Target position: (2.33, 0.00, 3.00)
[Drone drone] Target position: (2.36, 0.00, 3.00)
[Drone drone] Target position: (2.40, 0.00, 3.00)
[Drone drone] Target position: (2.43, 0.00, 3.00)
[Drone drone] Target position: (2.47, 0.00, 3.00)
[Drone drone] Target position: (2.50, 0.00, 3.00)
[Drone drone] Target position: (2.53, 0.00, 3.00)
[Drone drone] Target position: (2.56, 0.00, 3.00)
[Drone drone] Target position: (2.59, 0.00, 3.00)
[Drone drone] Target position: (2.62, 0.00, 3.00)
[Drone drone] Target position: (2.65, 0.00, 3.00)
[Drone drone] Target position: (2.68, 0.00, 3.00)
[Drone drone] Target position: (2.71, 0.00, 3.00)
[Drone drone] Target position: (2.73, 0.00, 3.00)
[Drone drone] Target position: (2.76, 0.00, 3.00)
[Drone drone] Target position: (2.78, 0.00, 3.00)
[Drone drone] Target position: (2.81, 0.00, 3.00)
[Drone drone] Target position: (2.83, 0.00, 3.00)
[Drone drone] Target position: (2.86, 0.00, 3.00)
[Drone drone] Target position: (2.88, 0.00, 3.00)
[Drone drone] Target position: (2.90, 0.00, 3.00)
[Drone drone] Target position: (2.92, 0.00, 3.00)
[Drone drone] Target position: (2.95, 0.00, 3.00)
[Drone drone] Target position: (2.97, 0.00, 3.00)
[Drone drone] Target position: (2.99, 0.00, 3.00)
[Drone drone] Target position: (3.01, 0.00, 3.00)
[Drone drone] Target position: (3.02, 0.00, 3.00)
[Drone drone] Target position: (3.04, 0.00, 3.00)
[Drone drone] Target position: (3.06, 0.00, 3.00)
[Drone drone] Target position: (3.08, 0.00, 3.00)
[Drone drone] Target position: (3.09, 0.00, 3.00)
[Drone drone] Target position: (3.11, 0.00, 3.00)
[Drone drone] Target position: (3.13, 0.00, 3.00)
[Drone drone] Target position: (3.14, 0.00, 3.00)
[Drone drone] Target position: (3.16, 0.00, 3.00)
[Drone drone] Target position: (3.17, 0.00, 3.00)
[Drone drone] Target position: (3.18, 0.00, 3.00)
[Drone drone] Target position: (3.20, 0.00, 3.00)
[Drone drone] Target position: (3.21, 0.00, 3.00)
[Drone drone] Target position: (3.22, 0.00, 3.00)
[Drone drone] Target position: (3.23, 0.00, 3.00)
[Drone drone] Target position: (3.24, 0.00, 3.00)
[Drone drone] Target position: (3.26, 0.00, 3.00)
[Drone drone] Target position: (3.27, 0.00, 3.00)
[Drone drone] Target position: (3.28, 0.00, 3.00)
[Drone drone] Target position: (3.29, 0.00, 3.00)
[Drone drone] Target position: (3.30, 0.00, 3.00)
[Drone drone] Target position: (3.31, 0.00, 3.00)
[Drone drone] Target position: (3.32, 0.00, 3.00)
[Drone drone] Target position: (3.32, 0.00, 3.00)
[Drone drone] Target position: (3.33, 0.00, 3.00)
[Drone drone] Target position: (3.34, 0.00, 3.00)
[Drone drone] Target position: (3.35, 0.00, 3.00)
[Drone drone] Target position: (3.36, 0.00, 3.00)
[Drone drone] Target position: (3.37, 0.00, 3.00)
[Drone drone] Target position: (3.37, 0.00, 3.00)
[Drone drone] Target position: (3.38, 0.00, 3.00)
[Drone drone] Target position: (3.39, 0.00, 3.00)
[Drone drone] Target position: (3.40, 0.00, 3.00)
[Drone drone] Target position: (3.40, 0.00, 3.00)
[Drone drone] Target position: (3.41, 0.00, 3.00)
[Drone drone] Target position: (3.42, 0.00, 3.00)
[Drone drone] Target position: (3.42, 0.00, 3.00)
[Drone drone] Target position: (3.43, 0.00, 3.00)
[Drone drone] Target position: (3.44, 0.00, 3.00)
[Drone drone] Target position: (3.44, 0.00, 3.00)
[Drone drone] Target position: (3.45, 0.00, 3.00)
[Drone drone] Target position: (3.46, 0.00, 3.00)
[Drone drone] Target position: (3.46, 0.00, 3.00)
[Drone drone] Target position: (3.47, 0.00, 3.00)
[Drone drone] Target position: (3.48, 0.00, 3.00)
[Drone drone] Target position: (3.49, 0.00, 3.00)
[Drone drone] Target position: (3.49, 0.00, 3.00)
[Drone drone] Target position: (3.50, 0.00, 3.00)
[Drone drone] Target position: (3.51, 0.00, 3.00)
[Drone drone] Target position: (3.51, 0.00, 3.00)
[Drone drone] Target position: (3.52, 0.00, 3.00)
[Drone drone] Target position: (3.53, 0.00, 3.00)
[Drone drone] Target position: (3.54, 0.00, 3.00)
[Drone drone] Target position: (3.55, 0.00, 3.00)
[Drone drone] Target position: (3.55, 0.00, 3.00)
[Drone drone] Target position: (3.56, 0.00, 3.00)
[Drone drone] Target position: (3.57, 0.00, 3.00)
[Drone drone] Target position: (3.58, 0.00, 3.00)
[Drone drone] Target position: (3.59, 0.00, 3.00)
[Drone drone] Target position: (3.60, 0.00, 3.00)
[Drone drone] Target position: (3.60, 0.00, 3.00)
[Drone drone] Target position: (3.61, 0.00, 3.00)
[Drone drone] Target position: (3.62, 0.00, 3.00)
[Drone drone] Target position: (3.63, 0.00, 3.00)
[Drone drone] Target position: (3.64, 0.00, 3.00)
[Drone drone] Target position: (3.65, 0.00, 3.00)
[Drone drone] Target position: (3.66, 0.00, 3.00)
[Drone drone] Target position: (3.67, 0.00, 3.00)
[Drone drone] Target position: (3.68, 0.00, 3.00)
[Drone drone] Target position: (3.69, 0.00, 3.00)
[Drone drone] Target position: (3.71, 0.00, 3.00)
[Drone drone] Target position: (3.72, 0.00, 3.00)
[Drone drone] Target position: (3.73, 0.00, 3.00)
[Drone drone] Target position: (3.74, 0.00, 3.00)
[Drone drone] Target position: (3.75, 0.00, 3.00)
[Drone drone] Target position: (3.76, 0.00, 3.00)
[Drone drone] Target position: (3.78, 0.00, 3.00)
[Drone drone] Target position: (3.79, 0.00, 3.00)
[Drone drone] Target position: (3.80, 0.00, 3.00)
[Drone drone] Target position: (3.82, 0.00, 3.00)
[Drone drone] Target position: (3.83, 0.00, 3.00)
[Drone drone] Target position: (3.84, 0.00, 3.00)
[Drone drone] Target position: (3.86, 0.00, 3.00)
[Drone drone] Target position: (3.87, 0.00, 3.00)
[Drone drone] Target position: (3.89, 0.00, 3.00)
[Drone drone] Target position: (3.90, 0.00, 3.00)
[Drone drone] Target position: (3.91, 0.00, 3.00)
[Drone drone] Target position: (3.93, 0.00, 3.00)
[Drone drone] Target position: (3.94, 0.00, 3.00)
[Drone drone] Target position: (3.96, 0.00, 3.00)
[Drone drone] Target position: (3.98, 0.00, 3.00)
[Drone drone] Target position: (3.99, 0.00, 3.00)
[Drone drone] Target position: (4.01, 0.00, 3.00)
[Drone drone] Target position: (4.02, 0.00, 3.00)
[Drone drone] Target position: (4.04, 0.00, 3.00)
[Drone drone] Target position: (4.06, 0.00, 3.00)
[Drone drone] Target position: (4.07, 0.00, 3.00)
[Drone drone] Target position: (4.09, 0.00, 3.00)
[Drone drone] Target position: (4.11, 0.00, 3.00)
[Drone drone] Target position: (4.13, 0.00, 3.00)
[Drone drone] Target position: (4.14, 0.00, 3.00)
[Drone drone] Target position: (4.16, 0.00, 3.00)
[Drone drone] Target position: (4.18, 0.00, 3.00)
[Drone drone] Target position: (4.20, 0.00, 3.00)
[Drone drone] Target position: (4.21, 0.00, 3.00)
[Drone drone] Target position: (4.23, 0.00, 3.00)
[Drone drone] Target position: (4.25, 0.00, 3.00)
[Drone drone] Target position: (4.27, 0.00, 3.00)
[Drone drone] Target position: (4.28, 0.00, 3.00)
[Drone drone] Target position: (4.30, 0.00, 3.00)
[Drone drone] Target position: (4.32, 0.00, 3.00)
[Drone drone] Target position: (4.34, 0.00, 3.00)
[Drone drone] Target position: (4.36, 0.00, 3.00)
[Drone drone] Target position: (4.37, 0.00, 3.00)
[Drone drone] Target position: (4.39, 0.00, 3.00)
[Drone drone] Target position: (4.41, 0.00, 3.00)
[Drone drone] Target position: (4.43, 0.00, 3.00)
[Drone drone] Target position: (4.44, 0.00, 3.00)
[Drone drone] Target position: (4.46, 0.00, 3.00)
[Drone drone] Target position: (4.48, 0.00, 3.00)
[Drone drone] Target position: (4.49, 0.00, 3.00)
[Drone drone] Target position: (4.51, 0.00, 3.00)
[Drone drone] Target position: (4.53, 0.00, 3.00)
[Drone drone] Target position: (4.54, 0.00, 3.00)
[Drone drone] Target position: (4.56, 0.00, 3.00)
[Drone drone] Target position: (4.58, 0.00, 3.00)
[Drone drone] Target position: (4.59, 0.00, 3.00)
[Drone drone] Target position: (4.61, 0.00, 3.00)
[Drone drone] Target position: (4.62, 0.00, 3.00)
[Drone drone] Target position: (4.64, 0.00, 3.00)
[Drone drone] Target position: (4.66, 0.00, 3.00)
[Drone drone] Target position: (4.67, 0.00, 3.00)
[Drone drone] Target position: (4.69, 0.00, 3.00)
[Drone drone] Target position: (4.70, 0.00, 3.00)
[Drone drone] Target position: (4.72, 0.00, 3.00)
[Drone drone] Target position: (4.73, 0.00, 3.00)
[Drone drone] Target position: (4.74, 0.00, 3.00)
[Drone drone] Target position: (4.76, 0.00, 3.00)
[Drone drone] Target position: (4.77, 0.00, 3.00)
[Drone drone] Target position: (4.79, 0.00, 3.00)
[Drone drone] Target position: (4.80, 0.00, 3.00)
[Drone drone] Target position: (4.81, 0.00, 3.00)
[Drone drone] Target position: (4.83, 0.00, 3.00)
[Drone drone] Target position: (4.84, 0.00, 3.00)
[Drone drone] Target position: (4.85, 0.00, 3.00)
[Drone drone] Target position: (4.86, 0.00, 3.00)
[Drone drone] Target position: (4.88, 0.00, 3.00)
[Drone drone] Target position: (4.89, 0.00, 3.00)
[Drone drone] Target position: (4.90, 0.00, 3.00)
[Drone drone] Target position: (4.91, 0.00, 3.00)
[Drone drone] Target position: (4.92, 0.00, 3.00)
[Drone drone] Target position: (4.94, 0.00, 3.00)
[Drone drone] Target position: (4.95, 0.00, 3.00)
[Drone drone] Target position: (4.96, 0.00, 3.00)
[Drone drone] Target position: (4.97, 0.00, 3.00)
[Drone drone] Target position: (4.98, 0.00, 3.00)
[Drone drone] Target position: (4.99, 0.00, 3.00)
[Drone drone] Target position: (5.00, 0.00, 3.00)
[Drone drone] Target position: (5.01, 0.00, 3.00)
[Drone drone] Target position: (5.02, 0.00, 3.00)
[Drone drone] Target position: (5.03, 0.00, 3.00)
[Drone drone] Target position: (5.04, 0.00, 3.00)
[Drone drone] Target position: (5.05, 0.00, 3.00)
[Drone drone] Target position: (5.06, 0.00, 3.00)
[Drone drone] Target position: (5.07, 0.00, 3.00)
[Drone drone] Target position: (5.08, 0.00, 3.00)
[Drone drone] Target position: (5.08, 0.00, 3.00)
[Drone drone] Target position: (5.09, 0.00, 3.00)
[Drone drone] Target position: (5.10, 0.00, 3.00)
[Drone drone] Target position: (5.10, 0.00, 3.00)
[Drone drone] Target position: (5.11, 0.00, 3.00)
[Drone drone] Target position: (5.11, 0.00, 3.00)
[Drone drone] Target position: (5.12, 0.00, 3.00)
[Drone drone] Target position: (5.12, 0.00, 3.00)
[Drone drone] Target position: (5.13, 0.00, 3.00)
[Drone drone] Target position: (5.13, 0.00, 3.00)
[Drone drone] Target position: (5.13, 0.00, 3.00)
[Drone drone] Target position: (5.13, 0.00, 3.00)
[Drone drone] Target position: (5.14, 0.00, 3.00)
[Drone drone] Target position: (5.14, 0.00, 3.00)
[Drone drone] Target position: (5.14, 0.00, 3.00)
[Drone drone] Target position: (5.14, 0.00, 3.00)
[Drone drone] Target position: (5.14, 0.00, 3.00)
[Drone drone] Target position: (5.14, 0.00, 3.00)
[Drone drone] Target position: (5.14, 0.00, 3.00)
[Drone drone] Target position: (5.14, 0.00, 3.00)
[Drone drone] Target position: (5.14, 0.00, 3.00)
[Drone drone] Target position: (5.14, 0.00, 3.00)
[Drone drone] Target position: (5.14, 0.00, 3.00)
[Drone drone] Target position: (5.14, 0.00, 3.00)
[Drone drone] Target position: (5.14, 0.00, 3.00)
[Drone drone] Target position: (5.14, 0.00, 3.00)
[Drone drone] Target position: (5.14, 0.00, 3.00)
[Drone drone] Target position: (5.14, 0.00, 3.00)
[Drone drone] Target position: (5.14, 0.00, 3.00)
[Drone drone] Target position: (5.14, 0.00, 3.00)
[Drone drone] Target position: (5.14, 0.00, 3.00)
[Drone drone] Target position: (5.14, 0.00, 3.00)
[Drone drone] Target position: (5.14, 0.00, 3.00)
[Drone drone] Target position: (5.14, 0.00, 3.00)
[Drone drone] Target position: (5.14, 0.00, 3.00)
[Drone drone] Target position: (5.14, 0.00, 3.00)
[Drone drone] Target position: (5.14, 0.00, 3.00)
[Drone drone] Target position: (5.14, 0.00, 3.00)
[Drone drone] Target position: (5.14, 0.00, 3.00)
[Drone drone] Target position: (5.14, 0.00, 3.00)
[Drone drone] Target position: (5.14, 0.00, 3.00)
[Drone drone] Target position: (5.14, 0.00, 3.00)
[Drone drone] Target position: (5.14, 0.00, 3.00)
[Drone drone] Target position: (5.14, 0.00, 3.00)
[Drone drone] Target position: (5.14, 0.00, 3.00)
[Drone drone] Target position: (5.14, 0.00, 3.00)
[Drone drone] Target position: (5.14, 0.00, 3.00)
[Drone drone] Target position: (5.14, 0.00, 3.00)
[Drone drone] Target position: (5.14, 0.00, 3.00)
[Drone drone] Target position: (5.14, 0.00, 3.00)
[Drone drone] Target position: (5.14, 0.00, 3.00)
[Drone drone] Target position: (5.14, 0.00, 3.00)
[Drone drone] Target position: (5.14, 0.00, 3.00)
[Drone drone] Target position: (5.14, 0.00, 3.00)
[Drone drone] Target position: (5.14, 0.00, 3.00)
[Drone drone] Target position: (5.14, 0.00, 3.00)
[Drone drone] Target position: (5.14, 0.00, 3.00)
[Drone drone] Target position: (5.14, 0.00, 3.00)
[Drone drone] Target position: (5.14, 0.00, 3.00)
[Drone drone] Target position: (5.14, 0.00, 3.00)
[Drone drone] Target position: (5.14, 0.00, 3.00)
[Drone drone] Target position: (5.14, 0.00, 3.00)
[Drone drone] Target position: (5.14, 0.00, 3.00)
[Drone drone] Target position: (5.14, 0.00, 3.00)
[Drone drone] Target position: (5.14, 0.00, 3.00)
[Drone drone] Target position: (5.14, 0.00, 3.00)
[Drone drone] Target position: (5.14, 0.00, 3.00)
[Drone drone] Target position: (5.14, 0.00, 3.00)
[Drone drone] Target position: (5.14, 0.00, 3.00)
[Drone drone] Target position: (5.14, 0.00, 3.00)
[Drone drone] Target position: (5.14, 0.00, 3.00)
[Drone drone] Target position: (5.14, 0.00, 3.00)
[Drone drone] Target position: (5.14, 0.00, 3.00)
[Drone drone] Target position: (5.14, 0.00, 3.00)
[Drone drone] Target position: (5.14, 0.00, 3.00)
[Drone drone] Target position: (5.14, 0.00, 3.00)
[Drone drone] Target position: (5.14, 0.00, 3.00)
[Drone drone] Target position: (5.14, 0.00, 3.00)
[Drone drone] Target position: (5.14, 0.00, 3.00)
[Drone drone] Target position: (5.14, 0.00, 3.00)
[Drone drone] Target position: (5.14, 0.00, 3.00)
[Drone drone] Target position: (5.14, 0.00, 3.00)
[Drone drone] Target position: (5.14, 0.00, 3.00)
[Drone drone] Target position: (5.14, 0.00, 3.00)
[Drone drone] Target position: (5.14, 0.00, 3.00)
[Drone drone] Target position: (5.14, 0.00, 3.00)
[Drone drone] Target position: (5.14, 0.00, 3.00)
[Drone drone] Target position: (5.14, 0.00, 3.00)
[Drone drone] Target position: (5.14, 0.00, 3.00)
[Drone drone] Target position: (5.14, 0.00, 3.00)
[Drone drone] Target position: (5.14, 0.00, 3.00)
[Drone drone] Target position: (5.14, 0.00, 3.00)
[Drone drone] Target position: (5.14, 0.00, 3.00)
[Drone drone] Target position: (5.14, 0.00, 3.00)
[Drone drone] Target position: (5.14, 0.00, 3.00)
[Drone drone] Target position: (5.14, 0.00, 3.00)
[Drone drone] Target position: (5.14, 0.00, 3.00)
[Drone drone] Target position: (5.14, 0.00, 3.00)
[Drone drone] Target position: (5.14, 0.00, 3.00)
[Drone drone] Target position: (5.14, 0.00, 3.00)
[Drone drone] Target position: (5.14, 0.00, 3.00)
[Drone drone] Target position: (5.14, 0.00, 3.00)
[Drone drone] Target position: (5.14, 0.00, 3.00)
[Drone drone] Target position: (5.14, 0.00, 3.00)
[Drone drone] Target position: (5.14, 0.00, 3.00)
[Drone drone] Target position: (5.14, 0.00, 3.00)
[Drone drone] Target position: (5.14, 0.00, 3.00)
[Drone drone] Target position: (5.14, 0.00, 3.00)
[Drone drone] Target position: (5.14, 0.00, 3.00)
[Drone drone] Target position: (5.14, 0.00, 3.00)
[Drone drone] Target position: (5.14, 0.00, 3.00)
[Drone drone] Target position: (5.14, 0.00, 3.00)
[Drone drone] Target position: (5.14, 0.00, 3.00)
[Drone drone] Target position: (5.14, 0.00, 3.00)
[Drone drone] Target position: (5.14, 0.00, 3.00)
[Drone drone] Target position: (5.14, 0.00, 3.00)
[Drone drone] Target position: (5.14, 0.00, 3.00)
[Drone drone] Target position: (5.14, 0.00, 3.00)
[Drone drone] Target position: (5.14, 0.00, 3.00)
[Drone drone] Target position: (5.14, 0.00, 3.00)
[Drone drone] Target position: (5.14, 0.00, 3.00)
[Drone drone] Target position: (5.14, 0.00, 3.00)
[Drone drone] Target position: (5.14, 0.00, 3.00)
[Drone drone] Target position: (5.14, 0.00, 3.00)
[Drone drone] Target position: (5.14, 0.00, 3.00)
[Drone drone] Target position: (5.14, 0.00, 3.00)
[Drone drone] Target position: (5.14, 0.00, 3.00)
[Drone drone] Target position: (5.14, 0.00, 3.00)
[Drone drone] Target position: (5.14, 0.00, 3.00)
[Drone drone] Target position: (5.14, 0.00, 3.00)
[Drone drone] Target position: (5.14, 0.00, 3.00)
[Drone drone] Target position: (5.14, 0.00, 3.00)
[Drone drone] Target position: (5.14, 0.00, 3.00)
[Drone drone] Target position: (5.14, 0.00, 3.00)
[Drone drone] Target position: (5.14, 0.00, 3.00)
[Drone drone] Target position: (5.14, 0.00, 3.00)
[Drone drone] Target position: (5.14, 0.00, 3.00)
[Drone drone] Target position: (5.14, 0.00, 3.00)
[Drone drone] Target position: (5.14, 0.00, 3.00)
[Drone drone] Target position: (5.14, 0.00, 3.00)
[Drone drone] Target position: (5.14, 0.00, 3.00)
[Drone drone] Target position: (5.14, 0.00, 3.00)
[Drone drone] Target position: (5.14, 0.00, 3.00)
[Drone drone] Target position: (5.14, 0.00, 3.00)
[Drone drone] Target position: (5.14, 0.00, 3.00)
[Drone drone] Target position: (5.14, 0.00, 3.00)
[Drone drone] Target position: (5.14, 0.00, 3.00)
[Drone drone] Target position: (5.14, 0.00, 3.00)
[Drone drone] Target position: (5.14, 0.00, 3.00)
[Drone drone] Target position: (5.14, 0.00, 3.00)
[Drone drone] Target position: (5.14, 0.00, 3.00)
[Drone drone] Target position: (5.14, 0.00, 3.00)
[Drone drone] Target position: (5.14, 0.00, 3.00)
[Drone drone] Target position: (5.14, 0.00, 3.00)
[Drone drone] Target position: (5.14, 0.00, 3.00)
[Drone drone] Target position: (5.14, 0.00, 3.00)
[Drone drone] Target position: (5.14, 0.00, 3.00)
[Drone drone] Target position: (5.14, 0.00, 3.00)
[Drone drone] Target position: (5.14, 0.00, 3.00)
[Drone drone] Target position: (5.14, 0.00, 3.00)
[Drone drone] Target position: (5.14, 0.00, 3.00)
[Drone drone] Target position: (5.14, 0.00, 3.00)
[Drone drone] Target position: (5.14, 0.00, 3.00)
[Drone drone] Target position: (5.14, 0.00, 3.00)
[Drone drone] Target position: (5.14, 0.00, 3.00)
[Drone drone] Target position: (5.14, 0.00, 3.00)
[Drone drone] Target position: (5.14, 0.00, 3.00)
[Drone drone] Target position: (5.14, 0.00, 3.00)
[Drone drone] Target position: (5.14, 0.00, 3.00)
[Drone drone] Target position: (5.14, 0.00, 3.00)
[Drone drone] Target position: (5.14, 0.00, 3.00)
[Drone drone] Target position: (5.14, 0.00, 3.00)
[Drone drone] Target position: (5.14, 0.00, 3.00)
[Drone drone] Target position: (5.14, 0.00, 3.00)
[Drone drone] Target position: (5.14, 0.00, 3.00)
[Drone drone] Target position: (5.14, 0.00, 3.00)
[Drone drone] Target position: (5.14, 0.00, 3.00)
[Drone drone] Target position: (5.14, 0.00, 3.00)
[Drone drone] Target position: (5.14, 0.00, 3.00)
[Drone drone] Target position: (5.14, 0.00, 3.00)
[Drone drone] Target position: (5.14, 0.00, 3.00)
[Drone drone] Target position: (5.14, 0.00, 3.00)
[Drone drone] Target position: (5.14, 0.00, 3.00)
[Drone drone] Target position: (5.14, 0.00, 3.00)
[Drone drone] Target position: (5.14, 0.00, 3.00)
[Drone drone] Target position: (5.14, 0.00, 3.00)
[Drone drone] Target position: (5.14, 0.00, 3.00)
[Drone drone] Target position: (5.14, 0.00, 3.00)
[Drone drone] Target position: (5.14, 0.00, 3.00)
[Drone drone] Target position: (5.14, 0.00, 3.00)
[Drone drone] Target position: (5.14, 0.00, 3.00)
[Drone drone] Target position: (5.14, 0.00, 3.00)
[Drone drone] Target position: (5.14, 0.00, 3.00)
[Drone drone] Target position: (5.14, 0.00, 3.00)
[Drone drone] Target position: (5.14, 0.00, 3.00)
[Drone drone] Target position: (5.14, 0.00, 3.00)
[Drone drone] Target position: (5.14, 0.00, 3.00)
[Drone drone] Target position: (5.14, 0.00, 3.00)
[Drone drone] Target position: (5.14, 0.00, 3.00)
[Drone drone] Target position: (5.14, 0.00, 3.00)
[Drone drone] Target position: (5.14, 0.00, 3.00)
[Drone drone] Target position: (5.14, 0.00, 3.00)
[Drone drone] Target position: (5.14, 0.00, 3.00)
[Drone drone] Target position: (5.14, 0.00, 3.00)
[Drone drone] Target position: (5.14, 0.00, 3.00)
[Drone drone] Target position: (5.14, 0.00, 3.00)
[Drone drone] Target position: (5.14, 0.00, 3.00)
[Drone drone] Target position: (5.14, 0.00, 3.00)
[Drone drone] Target position: (5.14, 0.00, 3.00)
[Drone drone] Target position: (5.14, 0.00, 3.00)
[Drone drone] Target position: (5.14, 0.00, 3.00)
[Drone drone] Target position: (5.14, 0.00, 3.00)
[Drone drone] Target position: (5.14, 0.00, 3.00)
[Drone drone] Target position: (5.14, 0.00, 3.00)
[Drone drone] Target position: (5.14, 0.00, 3.00)
[Drone drone] Target position: (5.14, 0.00, 3.00)
[Drone drone] Target position: (5.14, 0.00, 3.00)
[Drone drone] Target position: (5.14, 0.00, 3.00)
[Drone drone] Target position: (5.14, 0.00, 3.00)
[Drone drone] Target position: (5.14, 0.00, 3.00)
[Drone drone] Target position: (5.14, 0.00, 3.00)
[Drone drone] Target position: (5.14, 0.00, 3.00)
[Drone drone] Target position: (5.14, 0.00, 3.00)
[Drone drone] Target position: (5.14, 0.00, 3.00)
[Drone drone] Target position: (5.14, 0.00, 3.00)
[Drone drone] Target position: (5.14, 0.00, 3.00)
[Drone drone] Target position: (5.14, 0.00, 3.00)
[Drone drone] Target position: (5.14, 0.00, 3.00)
[Drone drone] Target position: (5.14, 0.00, 3.00)
[Drone drone] Target position: (5.14, 0.00, 3.00)
[Drone drone] Target position: (5.14, 0.00, 3.00)
[Drone drone] Target position: (5.14, 0.00, 3.00)
[Drone drone] Target position: (5.14, 0.00, 3.00)
[Drone drone] Target position: (5.14, 0.00, 3.00)
[Drone drone] Target position: (5.14, 0.00, 3.00)
[Drone drone] Target position: (5.14, 0.00, 3.00)
[Drone drone] Target position: (5.14, 0.00, 3.00)
[Drone drone] Target position: (5.14, 0.00, 3.00)
[Drone drone] Target position: (5.14, 0.00, 3.00)
[Drone drone] Target position: (5.14, 0.00, 3.00)
[Drone drone] Target position: (5.14, 0.00, 3.00)
[Drone drone] Target position: (5.14, 0.00, 3.00)
[Drone drone] Target position: (5.14, 0.00, 3.00)
[Drone drone] Target position: (5.14, 0.00, 3.00)
[Drone drone] Target position: (5.14, 0.00, 3.00)
[Drone drone] Target position: (5.14, 0.00, 3.00)
[Drone drone] Target position: (5.14, 0.00, 3.00)
[Drone drone] Target position: (5.14, 0.00, 3.00)
[Drone drone] Target position: (5.14, 0.00, 3.00)
[Drone drone] Target position: (5.14, 0.00, 3.00)
[Drone drone] Target position: (5.14, 0.00, 3.00)
[Drone drone] Target position: (5.14, 0.00, 3.00)
[Drone drone] Target position: (5.14, 0.00, 3.00)
[Drone drone] Target position: (5.14, 0.00, 3.00)
[Drone drone] Target position: (5.14, 0.00, 3.00)
[Drone drone] Target position: (5.14, 0.00, 3.00)
[Drone drone] Target position: (5.14, 0.00, 3.00)
[Drone drone] Target position: (5.14, 0.00, 3.00)
[Drone drone] Target position: (5.14, 0.00, 3.00)
[Drone drone] Target position: (5.14, 0.00, 3.00)
[Drone drone] Target position: (5.14, 0.00, 3.00)
[Drone drone] Target position: (5.14, 0.00, 3.00)
[Drone drone] Target position: (5.14, 0.00, 3.00)
[Drone drone] Target position: (5.14, 0.00, 3.00)
[Drone drone] Target position: (5.14, 0.00, 3.00)
[Drone drone] Target position: (5.14, 0.00, 3.00)
[Drone drone] Target position: (5.14, 0.00, 3.00)
[Drone drone] Target position: (5.14, 0.00, 3.00)
[Drone drone] Target position: (5.14, 0.00, 3.00)
[Drone drone] Target position: (5.14, 0.00, 3.00)
[Drone drone] Target position: (5.14, 0.00, 3.00)
[Drone drone] Target position: (5.14, 0.00, 3.00)
[Drone drone] Target position: (5.14, 0.00, 3.00)
[Drone drone] Target position: (5.14, 0.00, 3.00)
[Drone drone] Target position: (5.14, 0.00, 3.00)
[Drone drone] Target position: (5.14, 0.00, 3.00)
[Drone drone] Target position: (5.14, 0.00, 3.00)
[Drone drone] Target position: (5.14, 0.00, 3.00)
[Drone drone] Target position: (5.14, 0.00, 3.00)
[Drone drone] Target position: (5.14, 0.00, 3.00)
[Drone drone] Target position: (5.14, 0.00, 3.00)
[Drone drone] Target position: (5.14, 0.00, 3.00)
[Drone drone] Target position: (5.14, 0.00, 3.00)
[Drone drone] Target position: (5.14, 0.00, 3.00)
[Drone drone] Target position: (5.14, 0.00, 3.00)
[Drone drone] Target position: (5.14, 0.00, 3.00)
[Drone drone] Target position: (5.14, 0.00, 3.00)
[Drone drone] Target position: (5.14, 0.00, 3.00)
[Drone drone] Target position: (5.14, 0.00, 3.00)
[Drone drone] Target position: (5.14, 0.00, 3.00)
[Drone drone] Target position: (5.14, 0.00, 3.00)
[Drone drone] Target position: (5.14, 0.00, 3.00)
[Drone drone] Target position: (5.14, 0.00, 3.00)
[Drone drone] Target position: (5.14, 0.00, 3.00)
[Drone drone] Target position: (5.14, 0.00, 3.00)
[Drone drone] Target position: (5.14, 0.00, 3.00)
[Drone drone] Target position: (5.14, 0.00, 3.00)
[Drone drone] Target position: (5.14, 0.00, 3.00)
[Drone drone] Target position: (5.14, 0.00, 3.00)
[Drone drone] Target position: (5.14, 0.00, 3.00)
[Drone drone] Target position: (5.14, 0.00, 3.00)
[Drone drone] Target position: (5.14, 0.00, 3.00)
[Drone drone] Target position: (5.14, 0.00, 3.00)
[Drone drone] Target position: (5.14, 0.00, 3.00)
[Drone drone] Target position: (5.14, 0.00, 3.00)
[Drone drone] Target position: (5.14, 0.00, 3.00)
[Drone drone] Target position: (5.14, 0.00, 3.00)
[Drone drone] Target position: (5.14, 0.00, 3.00)
[Drone drone] Target position: (5.14, 0.00, 3.00)
[Drone drone] Target position: (5.14, 0.00, 3.00)
[Drone drone] Target position: (5.14, 0.00, 3.00)
[Drone drone] Target position: (5.14, 0.00, 3.00)
[Drone drone] Target position: (5.14, 0.00, 3.00)
[Drone drone] Target position: (5.14, 0.00, 3.00)
[Drone drone] Target position: (5.14, 0.00, 3.00)
[Drone drone] Target position: (5.14, 0.00, 3.00)
[Drone drone] Target position: (5.14, 0.00, 3.00)
[Drone drone] Target position: (5.14, 0.00, 3.00)
[Drone drone] Target position: (5.14, 0.00, 3.00)
[Drone drone] Target position: (5.14, 0.00, 3.00)
[Drone drone] Target position: (5.14, 0.00, 3.00)
[Drone drone] Target position: (5.14, 0.00, 3.00)
[Drone drone] Target position: (5.14, 0.00, 3.00)
[Drone drone] Target position: (5.14, 0.00, 3.00)
[Drone drone] Target position: (5.14, 0.00, 3.00)
[Drone drone] Target position: (5.14, 0.00, 3.00)
[Drone drone] Target position: (5.14, 0.00, 3.00)
[Drone drone] Target position: (5.14, 0.00, 3.00)
[Drone drone] Target position: (5.14, 0.00, 3.00)
[Drone drone] Target position: (5.14, 0.00, 3.00)
[Drone drone] Target position: (5.14, 0.00, 3.00)
[Drone drone] Target position: (5.14, 0.00, 3.00)
[Drone drone] Target position: (5.14, 0.00, 3.00)
[Drone drone] Target position: (5.14, 0.00, 3.00)
[Drone drone] Target position: (5.14, 0.00, 3.00)
[Drone drone] Target position: (5.14, 0.00, 3.00)
[Drone drone] Target position: (5.14, 0.00, 3.00)
[Drone drone] Target position: (5.14, 0.00, 3.00)
[Drone drone] Target position: (5.14, 0.00, 3.00)
[Drone drone] Target position: (5.14, 0.00, 3.00)
[Drone drone] Target position: (5.14, 0.00, 3.00)
[Drone drone] Target position: (5.14, 0.00, 3.00)
[Drone drone] Target position: (5.14, 0.00, 3.00)
[Drone drone] Target position: (5.14, 0.00, 3.00)
[Drone drone] Target position: (5.14, 0.00, 3.00)
[Drone drone] Target position: (5.14, 0.00, 3.00)
[Drone drone] Target position: (5.14, 0.00, 3.00)
[Drone drone] Target position: (5.14, 0.00, 3.00)
[Drone drone] Target position: (5.14, 0.00, 3.00)
[Drone drone] Target position: (5.14, 0.00, 3.00)
[Drone drone] Target position: (5.14, 0.00, 3.00)
[Drone drone] Target position: (5.14, 0.00, 3.00)
[Drone drone] Target position: (5.14, 0.00, 3.00)
[Drone drone] Target position: (5.14, 0.00, 3.00)
[Drone drone] Target position: (5.14, 0.00, 3.00)
[Drone drone] Target position: (5.14, 0.00, 3.00)
[Drone drone] Target position: (5.14, 0.00, 3.00)
[Drone drone] Target position: (5.14, 0.00, 3.00)
[Drone drone] Target position: (5.14, 0.00, 3.00)
[Drone drone] Target position: (5.14, 0.00, 3.00)
[Drone drone] Target position: (5.14, 0.00, 3.00)
[Drone drone] Target position: (5.14, 0.00, 3.00)
[Drone drone] Target position: (5.14, 0.00, 3.00)
[Drone drone] Target position: (5.14, 0.00, 3.00)
[Drone drone] Target position: (5.14, 0.00, 3.00)
[Drone drone] Target position: (5.14, 0.00, 3.00)
[Drone drone] Target position: (5.14, 0.00, 3.00)
[Drone drone] Target position: (5.14, 0.00, 3.00)
[Drone drone] Target position: (5.14, 0.00, 3.00)
[Drone drone] Target position: (5.14, 0.00, 3.00)
[Drone drone] Target position: (5.14, 0.00, 3.00)
[Drone drone] Target position: (5.14, 0.00, 3.00)
[Drone drone] Target position: (5.14, 0.00, 3.00)
[Drone drone] Target position: (5.14, 0.00, 3.00)
[Drone drone] Target position: (5.14, 0.00, 3.00)
[Drone drone] Target position: (5.14, 0.00, 3.00)
[Drone drone] Target position: (5.14, 0.00, 3.00)
[Drone drone] Target position: (5.14, 0.00, 3.00)
[Drone drone] Target position: (5.14, 0.00, 3.00)
[Drone drone] Target position: (5.14, 0.00, 3.00)
[Drone drone] Target position: (5.14, 0.00, 3.00)
[Drone drone] Target position: (5.14, 0.00, 3.00)
[Drone drone] Target position: (5.14, 0.00, 3.00)
[Drone drone] Target position: (5.14, 0.00, 3.00)
[Drone drone] Target position: (5.14, 0.00, 3.00)
[Drone drone] Target position: (5.14, 0.00, 3.00)
[Drone drone] Target position: (5.14, 0.00, 3.00)
[Drone drone] Target position: (5.14, 0.00, 3.00)
[Drone drone] Target position: (5.14, 0.00, 3.00)
[Drone drone] Target position: (5.14, 0.00, 3.00)
[Drone drone] Target position: (5.14, 0.00, 3.00)
[Drone drone] Target position: (5.14, 0.00, 3.00)
[Drone drone] Target position: (5.14, 0.00, 3.00)
[Drone drone] Target position: (5.14, 0.00, 3.00)
[Drone drone] Target position: (5.14, 0.00, 3.00)
[Drone drone] Target position: (5.14, 0.00, 3.00)
[Drone drone] Target position: (5.14, 0.00, 3.00)
[Drone drone] Target position: (5.14, 0.00, 3.00)
[Drone drone] Target position: (5.14, 0.00, 3.00)
[Drone drone] Target position: (5.14, 0.00, 3.00)
[Drone drone] Target position: (5.14, 0.00, 3.00)
[Drone drone] Target position: (5.14, 0.00, 3.00)
[Drone drone] Target position: (5.14, 0.00, 3.00)
[Drone drone] Target position: (5.14, 0.00, 3.00)
[Drone drone] Target position: (5.14, 0.00, 3.00)
[Drone drone] Target position: (5.14, 0.00, 3.00)
[Drone drone] Target position: (5.14, 0.00, 3.00)
[Drone drone] Target position: (5.14, 0.00, 3.00)
[Drone drone] Target position: (5.14, 0.00, 3.00)
[Drone drone] Target position: (5.14, 0.00, 3.00)
[Drone drone] Target position: (5.14, 0.00, 3.00)
[Drone drone] Target position: (5.14, 0.00, 3.00)
[Drone drone] Target position: (5.14, 0.00, 3.00)
[Drone drone] Target position: (5.14, 0.00, 3.00)
[Drone drone] Target position: (5.14, 0.00, 3.00)
[Drone drone] Target position: (5.14, 0.00, 3.00)
[Drone drone] Target position: (5.14, 0.00, 3.00)
[Drone drone] Target position: (5.14, 0.00, 3.00)
[Drone drone] Target position: (5.14, 0.00, 3.00)
[Drone drone] Target position: (5.14, 0.00, 3.00)
[Drone drone] Target position: (5.14, 0.00, 3.00)
[Drone drone] Target position: (5.14, 0.00, 3.00)
[Drone drone] Target position: (5.14, 0.00, 3.00)
[Drone drone] Target position: (5.14, 0.00, 3.00)
[Drone drone] Target position: (5.14, 0.00, 3.00)
[Drone drone] Target position: (5.14, 0.00, 3.00)
[Drone drone] Target position: (5.14, 0.00, 3.00)
[Drone drone] Target position: (5.14, 0.00, 3.00)
[Drone drone] Target position: (5.14, 0.00, 3.00)
[Drone drone] Target position: (5.14, 0.00, 3.00)
[Drone drone] Target position: (5.14, 0.00, 3.00)
[Drone drone] Target position: (5.14, 0.00, 3.00)
[Drone drone] Target position: (5.14, 0.00, 3.00)
[Drone drone] Target position: (5.14, 0.00, 3.00)
[Drone drone] Target position: (5.14, 0.00, 3.00)
[Drone drone] Target position: (5.14, 0.00, 3.00)
[Drone drone] Target position: (5.14, 0.00, 3.00)
[Drone drone] Target position: (5.14, 0.00, 3.00)
[Drone drone] Target position: (5.14, 0.00, 3.00)
[Drone drone] Target position: (5.14, 0.00, 3.00)
[Drone drone] Target position: (5.14, 0.00, 3.00)
[Drone drone] Target position: (5.14, 0.00, 3.00)
[Drone drone] Target position: (5.14, 0.00, 3.00)
[Drone drone] Target position: (5.14, 0.00, 3.00)
[Drone drone] Target position: (5.14, 0.00, 3.00)
[Drone drone] Target position: (5.14, 0.00, 3.00)
[Drone drone] Target position: (5.14, 0.00, 3.00)
[Drone drone] Target position: (5.14, 0.00, 3.00)
[Drone drone] Target position: (5.14, 0.00, 3.00)
[Drone drone] Target position: (5.14, 0.00, 3.00)
[Drone drone] Target position: (5.14, 0.00, 3.00)
[Drone drone] Target position: (5.14, 0.00, 3.00)
[Drone drone] Target position: (5.14, 0.00, 3.00)
[Drone drone] Target position: (5.14, 0.00, 3.00)
[Drone drone] Target position: (5.14, 0.00, 3.00)
[Drone drone] Target position: (5.14, 0.00, 3.00)
[Drone drone] Target position: (5.14, 0.00, 3.00)
[Drone drone] Target position: (5.14, 0.00, 3.00)
[Drone drone] Target position: (5.14, 0.00, 3.00)
[Drone drone] Target position: (5.14, 0.00, 3.00)
[Drone drone] Target position: (5.14, 0.00, 3.00)
[Drone drone] Target position: (5.14, 0.00, 3.00)
[Drone drone] Target position: (5.14, 0.00, 3.00)
[Drone drone] Target position: (5.14, 0.00, 3.00)
[Drone drone] Target position: (5.14, 0.00, 3.00)
[Drone drone] Target position: (5.14, 0.00, 3.00)
[Drone drone] Target position: (5.14, 0.00, 3.00)
[Drone drone] Target position: (5.14, 0.00, 3.00)
[Drone drone] Target position: (5.14, 0.00, 3.00)
[Drone drone] Target position: (5.14, 0.00, 3.00)
[Drone drone] Target position: (5.14, 0.00, 3.00)
[Drone drone] Target position: (5.14, 0.00, 3.00)
[Drone drone] Target position: (5.14, 0.00, 3.00)
[Drone drone] Target position: (5.14, 0.00, 3.00)
[Drone drone] Target position: (5.14, 0.00, 3.00)
[Drone drone] Target position: (5.14, 0.00, 3.00)
[Drone drone] Target position: (5.14, 0.00, 3.00)
[Drone drone] Target position: (5.14, 0.00, 3.00)
[Drone drone] Target position: (5.14, 0.00, 3.00)
[Drone drone] Target position: (5.14, 0.00, 3.00)
[Drone drone] Target position: (5.14, 0.00, 3.00)
[Drone drone] Target position: (5.14, 0.00, 3.00)
[Drone drone] Target position: (5.14, 0.00, 3.00)
[Drone drone] Target position: (5.14, 0.00, 3.00)
[Drone drone] Target position: (5.14, 0.00, 3.00)
[Drone drone] Target position: (5.14, 0.00, 3.00)
[Drone drone] Target position: (5.14, 0.00, 3.00)
[Drone drone] Target position: (5.14, 0.00, 3.00)
[Drone drone] Target position: (5.14, 0.00, 3.00)
[Drone drone] Target position: (5.14, 0.00, 3.00)
[Drone drone] Target position: (5.14, 0.00, 3.00)
[Drone drone] Target position: (5.14, 0.00, 3.00)
[Drone drone] Target position: (5.14, 0.00, 3.00)
[Drone drone] Target position: (5.14, 0.00, 3.00)
[Drone drone] Target position: (5.14, 0.00, 3.00)
[Drone drone] Target position: (5.14, 0.00, 3.00)
[Drone drone] Target position: (5.14, 0.00, 3.00)
[Drone drone] Target position: (5.14, 0.00, 3.00)
[Drone drone] Target position: (5.14, 0.00, 3.00)
[Drone drone] Target position: (5.14, 0.00, 3.00)
[Drone drone] Target position: (5.14, 0.00, 3.00)
[Drone drone] Target position: (5.14, 0.00, 3.00)
[Drone drone] Target position: (5.14, 0.00, 3.00)
[Drone drone] Target position: (5.14, 0.00, 3.00)
[Drone drone] Target position: (5.14, 0.00, 3.00)
[Drone drone] Target position: (5.14, 0.00, 3.00)
[Drone drone] Target position: (5.14, 0.00, 3.00)
[Drone drone] Target position: (5.14, 0.00, 3.00)
[Drone drone] Target position: (5.14, 0.00, 3.00)
[Drone drone] Target position: (5.14, 0.00, 3.00)
[Drone drone] Target position: (5.14, 0.00, 3.00)
[Drone drone] Target position: (5.14, 0.00, 3.00)
[Drone drone] Target position: (5.14, 0.00, 3.00)
[Drone drone] Target position: (5.14, 0.00, 3.00)
[Drone drone] Target position: (5.14, 0.00, 3.00)
[Drone drone] Target position: (5.14, 0.00, 3.00)
[Drone drone] Target position: (5.14, 0.00, 3.00)
[Drone drone] Target position: (5.14, 0.00, 3.00)
[Drone drone] Target position: (5.14, 0.00, 3.00)
[Drone drone] Target position: (5.14, 0.00, 3.00)
[Drone drone] Target position: (5.14, 0.00, 3.00)
[Drone drone] Target position: (5.14, 0.00, 3.00)
[Drone drone] Target position: (5.14, 0.00, 3.00)
[Drone drone] Target position: (5.14, 0.00, 3.00)
[Drone drone] Target position: (5.14, 0.00, 3.00)
[Drone drone] Target position: (5.14, 0.00, 3.00)
[Drone drone] Target position: (5.14, 0.00, 3.00)
[Drone drone] Target position: (5.14, 0.00, 3.00)
[Drone drone] Target position: (5.14, 0.00, 3.00)
[Drone drone] Target position: (5.14, 0.00, 3.00)
[Drone drone] Target position: (5.14, 0.00, 3.00)
[Drone drone] Target position: (5.14, 0.00, 3.00)
[Drone drone] Target position: (5.14, 0.00, 3.00)
[Drone drone] Target position: (5.14, 0.00, 3.00)
[Drone drone] Target position: (5.14, 0.00, 3.00)
[Drone drone] Target position: (5.14, 0.00, 3.00)
[Drone drone] Target position: (5.14, 0.00, 3.00)
[Drone drone] Target position: (5.14, 0.00, 3.00)
[Drone drone] Target position: (5.14, 0.00, 3.00)
[Drone drone] Target position: (5.14, 0.00, 3.00)
[Drone drone] Target position: (5.14, 0.00, 3.00)
[Drone drone] Target position: (5.14, 0.00, 3.00)
[Drone drone] Target position: (5.14, 0.00, 3.00)
[Drone drone] Target position: (5.14, 0.00, 3.00)
[Drone drone] Target position: (5.14, 0.00, 3.00)
[Drone drone] Target position: (5.14, 0.00, 3.00)
[Drone drone] Target position: (5.14, 0.00, 3.00)
[Drone drone] Target position: (5.14, 0.00, 3.00)
[Drone drone] Target position: (5.14, 0.00, 3.00)
[Drone drone] Target position: (5.14, 0.00, 3.00)
[Drone drone] Target position: (5.14, 0.00, 3.00)
[Drone drone] Target position: (5.14, 0.00, 3.00)
[Drone drone] Target position: (5.14, 0.00, 3.00)
[Drone drone] Target position: (5.14, 0.00, 3.00)
[Drone drone] Target position: (5.14, 0.00, 3.00)
[Drone drone] Target position: (5.14, 0.00, 3.00)
[Drone drone] Target position: (5.14, 0.00, 3.00)
[Drone drone] Target position: (5.14, 0.00, 3.00)
[Drone drone] Target position: (5.14, 0.00, 3.00)
[Drone drone] Target position: (5.14, 0.00, 3.00)
[Drone drone] Target position: (5.14, 0.00, 3.00)
[Drone drone] Target position: (5.14, 0.00, 3.00)
[Drone drone] Target position: (5.14, 0.00, 3.00)
[Drone drone] Target position: (5.14, 0.00, 3.00)
[Drone drone] Target position: (5.14, 0.00, 3.00)
[Drone drone] Target position: (5.14, 0.00, 3.00)
[Drone drone] Target position: (5.14, 0.00, 3.00)
[Drone drone] Target position: (5.14, 0.00, 3.00)
[Drone drone] Target position: (5.14, 0.00, 3.00)
[Drone drone] Target position: (5.14, 0.00, 3.00)
[Drone drone] Target position: (5.14, 0.00, 3.00)
[Drone drone] Target position: (5.14, 0.00, 3.00)
[Drone drone] Target position: (5.14, 0.00, 3.00)
[Drone drone] Target position: (5.14, 0.00, 3.00)
[Drone drone] Target position: (5.14, 0.00, 3.00)
[Drone drone] Target position: (5.14, 0.00, 3.00)
[Drone drone] Target position: (5.14, 0.00, 3.00)
[Drone drone] Target position: (5.14, 0.00, 3.00)
[Drone drone] Target position: (5.14, 0.00, 3.00)
[Drone drone] Target position: (5.14, 0.00, 3.00)
[Drone drone] Target position: (5.14, 0.00, 3.00)
[Drone drone] Target position: (5.14, 0.00, 3.00)
[Drone drone] Target position: (5.14, 0.00, 3.00)
[Drone drone] Target position: (5.14, 0.00, 3.00)
[Drone drone] Target position: (5.14, 0.00, 3.00)
[Drone drone] Target position: (5.14, 0.00, 3.00)
[Drone drone] Target position: (5.14, 0.00, 3.00)
[Drone drone] Target position: (5.14, 0.00, 3.00)
[Drone drone] Target position: (5.14, 0.00, 3.00)
[Drone drone] Target position: (5.14, 0.00, 3.00)
[Drone drone] Target position: (5.14, 0.00, 3.00)
[Drone drone] Target position: (5.14, 0.00, 3.00)
[Drone drone] Target position: (5.14, 0.00, 3.00)
[Drone drone] Target position: (5.14, 0.00, 3.00)
[Drone drone] Target position: (5.14, 0.00, 3.00)
[Drone drone] Target position: (5.14, 0.00, 3.00)
[Drone drone] Target position: (5.14, 0.00, 3.00)
[Drone drone] Target position: (5.14, 0.00, 3.00)
[Drone drone] Target position: (5.14, 0.00, 3.00)
[Drone drone] Target position: (5.14, 0.00, 3.00)
[Drone drone] Target position: (5.14, 0.00, 3.00)
[Drone drone] Target position: (5.14, 0.00, 3.00)
[Drone drone] Target position: (5.14, 0.00, 3.00)
[Drone drone] Target position: (5.14, 0.00, 3.00)
[Drone drone] Target position: (5.14, 0.00, 3.00)
[Drone drone] Target position: (5.14, 0.00, 3.00)
[Drone drone] Target position: (5.14, 0.00, 3.00)
[Drone drone] Target position: (5.14, 0.00, 3.00)
[Drone drone] Target position: (5.14, 0.00, 3.00)
[Drone drone] Target position: (5.14, 0.00, 3.00)
[Drone drone] Target position: (5.14, 0.00, 3.00)
[Drone drone] Target position: (5.14, 0.00, 3.00)
[Drone drone] Target position: (5.14, 0.00, 3.00)
[Drone drone] Target position: (5.14, 0.00, 3.00)
[Drone drone] Target position: (5.14, 0.00, 3.00)
[Drone drone] Target position: (5.14, 0.00, 3.00)
[Drone drone] Target position: (5.14, 0.00, 3.00)
[Drone drone] Target position: (5.14, 0.00, 3.00)
[Drone drone] Target position: (5.14, 0.00, 3.00)
[Drone drone] Target position: (5.14, 0.00, 3.00)
[Drone drone] Target position: (5.14, 0.00, 3.00)
[Drone drone] Target position: (5.14, 0.00, 3.00)
[Drone drone] Target position: (5.14, 0.00, 3.00)
[Drone drone] Target position: (5.14, 0.00, 3.00)
[Drone drone] Target position: (5.14, 0.00, 3.00)
[Drone drone] Target position: (5.14, 0.00, 3.00)
[Drone drone] Target position: (5.14, 0.00, 3.00)
[Drone drone] Target position: (5.14, 0.00, 3.00)
[Drone drone] Target position: (5.14, 0.00, 3.00)
[Drone drone] Target position: (5.14, 0.00, 3.00)
[Drone drone] Target position: (5.14, 0.00, 3.00)
[Drone drone] Target position: (5.14, 0.00, 3.00)
[Drone drone] Target position: (5.14, 0.00, 3.00)
[Drone drone] Target position: (5.14, 0.00, 3.00)
[Drone drone] Target position: (5.14, 0.00, 3.00)
[Drone drone] Target position: (5.14, 0.00, 3.00)
[Drone drone] Target position: (5.14, 0.00, 3.00)
[Drone drone] Target position: (5.14, 0.00, 3.00)
[Drone drone] Target position: (5.14, 0.00, 3.00)
[Drone drone] Target position: (5.14, 0.00, 3.00)
[Drone drone] Target position: (5.14, 0.00, 3.00)
[Drone drone] Target position: (5.14, 0.00, 3.00)
[Drone drone] Target position: (5.14, 0.00, 3.00)
[Drone drone] Target position: (5.14, 0.00, 3.00)
[Drone drone] Target position: (5.14, 0.00, 3.00)
[Drone drone] Target position: (5.14, 0.00, 3.00)
[Drone drone] Target position: (5.14, 0.00, 3.00)
[Drone drone] Target position: (5.14, 0.00, 3.00)
[Drone drone] Target position: (5.14, 0.00, 3.00)
[Drone drone] Target position: (5.14, 0.00, 3.00)
[Drone drone] Target position: (5.14, 0.00, 3.00)
[Drone drone] Target position: (5.14, 0.00, 3.00)
[Drone drone] Target position: (5.14, 0.00, 3.00)
[Drone drone] Target position: (5.14, 0.00, 3.00)
[Drone drone] Target position: (5.14, 0.00, 3.00)
[Drone drone] Target position: (5.14, 0.00, 3.00)
[Drone drone] Target position: (5.14, 0.00, 3.00)
[Drone drone] Target position: (5.14, 0.00, 3.00)
[Drone drone] Target position: (5.14, 0.00, 3.00)
[Drone drone] Target position: (5.14, 0.00, 3.00)
[Drone drone] Target position: (5.14, 0.00, 3.00)
[Drone drone] Target position: (5.14, 0.00, 3.00)
[Drone drone] Target position: (5.14, 0.00, 3.00)
[Drone drone] Target position: (5.14, 0.00, 3.00)
[Drone drone] Target position: (5.14, 0.00, 3.00)
[Drone drone] Target position: (5.14, 0.00, 3.00)
[Drone drone] Target position: (5.14, 0.00, 3.00)
[Drone drone] Target position: (5.14, 0.00, 3.00)
[Drone drone] Target position: (5.14, 0.00, 3.00)
[Drone drone] Target position: (5.14, 0.00, 3.00)
[Drone drone] Target position: (5.14, 0.00, 3.00)
[Drone drone] Target position: (5.14, 0.00, 3.00)
[Drone drone] Target position: (5.14, 0.00, 3.00)
[Drone drone] Target position: (5.14, 0.00, 3.00)
[Drone drone] Target position: (5.14, 0.00, 3.00)
[Drone drone] Target position: (5.14, 0.00, 3.00)
[Drone drone] Target position: (5.14, 0.00, 3.00)
[Drone drone] Target position: (5.14, 0.00, 3.00)
[Drone drone] Target position: (5.14, 0.00, 3.00)
[Drone drone] Target position: (5.14, 0.00, 3.00)
[Drone drone] Target position: (5.14, 0.00, 3.00)
[Drone drone] Target position: (5.14, 0.00, 3.00)
[Drone drone] Target position: (5.14, 0.00, 3.00)
[Drone drone] Target position: (5.14, 0.00, 3.00)
[Drone drone] Target position: (5.14, 0.00, 3.00)
[Drone drone] Target position: (5.14, 0.00, 3.00)
[Drone drone] Target position: (5.14, 0.00, 3.00)
[Drone drone] Target position: (5.14, 0.00, 3.00)
[Drone drone] Target position: (5.14, 0.00, 3.00)
[Drone drone] Target position: (5.14, 0.00, 3.00)
[Drone drone] Target position: (5.14, 0.00, 3.00)
[Drone drone] Target position: (5.14, 0.00, 3.00)
[Drone drone] Target position: (5.14, 0.00, 3.00)
[Drone drone] Target position: (5.14, 0.00, 3.00)
[Drone drone] Target position: (5.14, 0.00, 3.00)
[Drone drone] Target position: (5.14, 0.00, 3.00)
[Drone drone] Target position: (5.14, 0.00, 3.00)
[Drone drone] Target position: (5.14, 0.00, 3.00)
[Drone drone] Target position: (5.14, 0.00, 3.00)
[Drone drone] Target position: (5.14, 0.00, 3.00)
[Drone drone] Target position: (5.14, 0.00, 3.00)
[Drone drone] Target position: (5.14, 0.00, 3.00)
[Drone drone] Target position: (5.14, 0.00, 3.00)
[Drone drone] Target position: (5.14, 0.00, 3.00)
[Drone drone] Target position: (5.14, 0.00, 3.00)
[Drone drone] Target position: (5.14, 0.00, 3.00)
[Drone drone] Target position: (5.14, 0.00, 3.00)
[Drone drone] Target position: (5.14, 0.00, 3.00)
[Drone drone] Target position: (5.14, 0.00, 3.00)
[Drone drone] Target position: (5.14, 0.00, 3.00)
[Drone drone] Target position: (5.14, 0.00, 3.00)
[Drone drone] Target position: (5.14, 0.00, 3.00)
[Drone drone] Target position: (5.14, 0.00, 3.00)
[Drone drone] Target position: (5.14, 0.00, 3.00)
[Drone drone] Target position: (5.14, 0.00, 3.00)
[Drone drone] Target position: (5.14, 0.00, 3.00)
[Drone drone] Target position: (5.14, 0.00, 3.00)
[Drone drone] Target position: (5.14, 0.00, 3.00)
[Drone drone] Target position: (5.14, 0.00, 3.00)
[Drone drone] Target position: (5.14, 0.00, 3.00)
[Drone drone] Target position: (5.14, 0.00, 3.00)
[Drone drone] Target position: (5.14, 0.00, 3.00)
[Drone drone] Target position: (5.14, 0.00, 3.00)
[Drone drone] Target position: (5.14, 0.00, 3.00)
[Drone drone] Target position: (5.14, 0.00, 3.00)
[Drone drone] Target position: (5.14, 0.00, 3.00)
[Drone drone] Target position: (5.14, 0.00, 3.00)
[Drone drone] Target position: (5.14, 0.00, 3.00)
[Drone drone] Target position: (5.14, 0.00, 3.00)
[Drone drone] Target position: (5.14, 0.00, 3.00)
[Drone drone] Target position: (5.14, 0.00, 3.00)
[Drone drone] Target position: (5.14, 0.00, 3.00)
[Drone drone] Target position: (5.14, 0.00, 3.00)
[Drone drone] Target position: (5.14, 0.00, 3.00)
[Drone drone] Target position: (5.14, 0.00, 3.00)
[Drone drone] Target position: (5.14, 0.00, 3.00)
[Drone drone] Target position: (5.14, 0.00, 3.00)
[Drone drone] Target position: (5.14, 0.00, 3.00)
[Drone drone] Target position: (5.14, 0.00, 3.00)
[Drone drone] Target position: (5.14, 0.00, 3.00)
[Drone drone] Target position: (5.14, 0.00, 3.00)
[Drone drone] Target position: (5.14, 0.00, 3.00)
[Drone drone] Target position: (5.14, 0.00, 3.00)
[Drone drone] Target position: (5.14, 0.00, 3.00)
[Drone drone] Target position: (5.14, 0.00, 3.00)
[Drone drone] Target position: (5.14, 0.00, 3.00)
[Drone drone] Target position: (5.14, 0.00, 3.00)
[Drone drone] Target position: (5.14, 0.00, 3.00)
[Drone drone] Target position: (5.14, 0.00, 3.00)
[Drone drone] Target position: (5.14, 0.00, 3.00)
[Drone drone] Target position: (5.14, 0.00, 3.00)
[Drone drone] Target position: (5.14, 0.00, 3.00)
[Drone drone] Target position: (5.14, 0.00, 3.00)
[Drone drone] Target position: (5.14, 0.00, 3.00)
[Drone drone] Target position: (5.14, 0.00, 3.00)
[Drone drone] Target position: (5.14, 0.00, 3.00)
[Drone drone] Target position: (5.14, 0.00, 3.00)
[Drone drone] Target position: (5.14, 0.00, 3.00)
[Drone drone] Target position: (5.14, 0.00, 3.00)
[Drone drone] Target position: (5.14, 0.00, 3.00)
[Drone drone] Target position: (5.14, 0.00, 3.00)
[Drone drone] Target position: (5.14, 0.00, 3.00)
[Drone drone] Target position: (5.14, 0.00, 3.00)
[Drone drone] Target position: (5.14, 0.00, 3.00)
[Drone drone] Target position: (5.14, 0.00, 3.00)
[Drone drone] Target position: (5.14, 0.00, 3.00)
[Drone drone] Target position: (5.14, 0.00, 3.00)
[Drone drone] Target position: (5.14, 0.00, 3.00)
[Drone drone] Target position: (5.14, 0.00, 3.00)
[Drone drone] Target position: (5.14, 0.00, 3.00)
[Drone drone] Target position: (5.14, 0.00, 3.00)
[Drone drone] Target position: (5.14, 0.00, 3.00)
[Drone drone] Target position: (5.14, 0.00, 3.00)
[Drone drone] Target position: (5.14, 0.00, 3.00)
[Drone drone] Target position: (5.14, 0.00, 3.00)
[Drone drone] Target position: (5.14, 0.00, 3.00)
[Drone drone] Target position: (5.14, 0.00, 3.00)
[Drone drone] Target position: (5.14, 0.00, 3.00)
[Drone drone] Target position: (5.14, 0.00, 3.00)
[Drone drone] Target position: (5.14, 0.00, 3.00)
[Drone drone] Target position: (5.14, 0.00, 3.00)
[Drone drone] Target position: (5.14, 0.00, 3.00)
[Drone drone] Target position: (5.14, 0.00, 3.00)
[Drone drone] Target position: (5.14, 0.00, 3.00)
[Drone drone] Target position: (5.14, 0.00, 3.00)
[Drone drone] Target position: (5.14, 0.00, 3.00)
[Drone drone] Target position: (5.14, 0.00, 3.00)
[Drone drone] Target position: (5.14, 0.00, 3.00)
[Drone drone] Target position: (5.14, 0.00, 3.00)
[Drone drone] Target position: (5.14, 0.00, 3.00)
[Drone drone] Target position: (5.14, 0.00, 3.00)
[Drone drone] Target position: (5.14, 0.00, 3.00)
[Drone drone] Target position: (5.14, 0.00, 3.00)
[Drone drone] Target position: (5.14, 0.00, 3.00)
[Drone drone] Target position: (5.14, 0.00, 3.00)
[Drone drone] Target position: (5.14, 0.00, 3.00)
[Drone drone] Target position: (5.14, 0.00, 3.00)
[Drone drone] Target position: (5.14, 0.00, 3.00)
[Drone drone] Target position: (5.14, 0.00, 3.00)
[Drone drone] Target position: (5.14, 0.00, 3.00)
[Drone drone] Target position: (5.14, 0.00, 3.00)
[Drone drone] Target position: (5.14, 0.00, 3.00)
[Drone drone] Target position: (5.14, 0.00, 3.00)
[Drone drone] Target position: (5.14, 0.00, 3.00)
[Drone drone] Target position: (5.14, 0.00, 3.00)
[Drone drone] Target position: (5.14, 0.00, 3.00)
[Drone drone] Target position: (5.14, 0.00, 3.00)
[Drone drone] Target position: (5.14, 0.00, 3.00)
[Drone drone] Target position: (5.14, 0.00, 3.00)
[Drone drone] Target position: (5.14, 0.00, 3.00)
[Drone drone] Target position: (5.14, 0.00, 3.00)
[Drone drone] Target position: (5.14, 0.00, 3.00)
[Drone drone] Target position: (5.14, 0.00, 3.00)
[Drone drone] Target position: (5.14, 0.00, 3.00)
[Drone drone] Target position: (5.14, 0.00, 3.00)
[Drone drone] Target position: (5.14, 0.00, 3.00)
[Drone drone] Target position: (5.14, 0.00, 3.00)
[Drone drone] Target position: (5.14, 0.00, 3.00)
[Drone drone] Target position: (5.14, 0.00, 3.00)
[Drone drone] Target position: (5.14, 0.00, 3.00)
[Drone drone] Target position: (5.14, 0.00, 3.00)
[Drone drone] Target position: (5.14, 0.00, 3.00)
[Drone drone] Target position: (5.14, 0.00, 3.00)
[Drone drone] Target position: (5.14, 0.00, 3.00)
[Drone drone] Target position: (5.14, 0.00, 3.00)
[Drone drone] Target position: (5.14, 0.00, 3.00)
[Drone drone] Target position: (5.14, 0.00, 3.00)
[Drone drone] Target position: (5.14, 0.00, 3.00)
[Drone drone] Target position: (5.14, 0.00, 3.00)
[Drone drone] Target position: (5.14, 0.00, 3.00)
[Drone drone] Target position: (5.14, 0.00, 3.00)
[Drone drone] Target position: (5.14, 0.00, 3.00)
[Drone drone] Target position: (5.14, 0.00, 3.00)
[Drone drone] Target position: (5.14, 0.00, 3.00)
[Drone drone] Target position: (5.14, 0.00, 3.00)
[Drone drone] Target position: (5.14, 0.00, 3.00)
[Drone drone] Target position: (5.14, 0.00, 3.00)
[Drone drone] Target position: (5.14, 0.00, 3.00)
[Drone drone] Target position: (5.14, 0.00, 3.00)
[Drone drone] Target position: (5.14, 0.00, 3.00)
[Drone drone] Target position: (5.14, 0.00, 3.00)
[Drone drone] Target position: (5.14, 0.00, 3.00)
[Drone drone] Target position: (5.14, 0.00, 3.00)
[Drone drone] Target position: (5.14, 0.00, 3.00)
[Drone drone] Target position: (5.14, 0.00, 3.00)
[Drone drone] Target position: (5.14, 0.00, 3.00)
[Drone drone] Target position: (5.14, 0.00, 3.00)
[Drone drone] Target position: (5.14, 0.00, 3.00)
[Drone drone] Target position: (5.14, 0.00, 3.00)
[Drone drone] Target position: (5.14, 0.00, 3.00)
[Drone drone] Target position: (5.14, 0.00, 3.00)
[Drone drone] Target position: (5.14, 0.00, 3.00)
[Drone drone] Target position: (5.14, 0.00, 3.00)
[Drone drone] Target position: (5.14, 0.00, 3.00)
[Drone drone] Target position: (5.14, 0.00, 3.00)
[Drone drone] Target position: (5.14, 0.00, 3.00)
[Drone drone] Target position: (5.14, 0.00, 3.00)
[Drone drone] Target position: (5.14, 0.00, 3.00)
[Drone drone] Target position: (5.14, 0.00, 3.00)
[Drone drone] Target position: (5.14, 0.00, 3.00)
[Drone drone] Target position: (5.14, 0.00, 3.00)
[Drone drone] Target position: (5.14, 0.00, 3.00)
[Drone drone] Target position: (5.14, 0.00, 3.00)
[Drone drone] Target position: (5.14, 0.00, 3.00)
[Drone drone] Target position: (5.14, 0.00, 3.00)
[Drone drone] Target position: (5.14, 0.00, 3.00)
[Drone drone] Target position: (5.14, 0.00, 3.00)
[Drone drone] Target position: (5.14, 0.00, 3.00)
[Drone drone] Target position: (5.14, 0.00, 3.00)
[Drone drone] Target position: (5.14, 0.00, 3.00)
[Drone drone] Target position: (5.14, 0.00, 3.00)
[Drone drone] Target position: (5.14, 0.00, 3.00)
[Drone drone] Target position: (5.14, 0.00, 3.00)
[Drone drone] Target position: (5.14, 0.00, 3.00)
[Drone drone] Target position: (5.14, 0.00, 3.00)
[Drone drone] Target position: (5.14, 0.00, 3.00)
[Drone drone] Target position: (5.14, 0.00, 3.00)
[Drone drone] Target position: (5.14, 0.00, 3.00)
[Drone drone] Target position: (5.14, 0.00, 3.00)
[Drone drone] Target position: (5.14, 0.00, 3.00)
[Drone drone] Target position: (5.14, 0.00, 3.00)
[Drone drone] Target position: (5.14, 0.00, 3.00)
[Drone drone] Target position: (5.14, 0.00, 3.00)
[Drone drone] Target position: (5.14, 0.00, 3.00)
[Drone drone] Target position: (5.14, 0.00, 3.00)
[Drone drone] Target position: (5.14, 0.00, 3.00)
[Drone drone] Target position: (5.14, 0.00, 3.00)
[Drone drone] Target position: (5.14, 0.00, 3.00)
[Drone drone] Target position: (5.14, 0.00, 3.00)
[Drone drone] Target position: (5.14, 0.00, 3.00)
[Drone drone] Target position: (5.14, 0.00, 3.00)
[Drone drone] Target position: (5.14, 0.00, 3.00)
[Drone drone] Target position: (5.14, 0.00, 3.00)
[Drone drone] Target position: (5.14, 0.00, 3.00)
[Drone drone] Target position: (5.14, 0.00, 3.00)
[Drone drone] Target position: (5.14, 0.00, 3.00)
[Drone drone] Target position: (5.14, 0.00, 3.00)
[Drone drone] Target position: (5.14, 0.00, 3.00)
[Drone drone] Target position: (5.14, 0.00, 3.00)
[Drone drone] Target position: (5.14, 0.00, 3.00)
[Drone drone] Target position: (5.14, 0.00, 3.00)
[Drone drone] Target position: (5.14, 0.00, 3.00)
[Drone drone] Target position: (5.14, 0.00, 3.00)
[Drone drone] Target position: (5.14, 0.00, 3.00)
[Drone drone] Target position: (5.14, 0.00, 3.00)
[Drone drone] Target position: (5.14, 0.00, 3.00)
[Drone drone] Target position: (5.14, 0.00, 3.00)
[Drone drone] Target position: (5.14, 0.00, 3.00)
[Drone drone] Target position: (5.14, 0.00, 3.00)
[Drone drone] Target position: (5.14, 0.00, 3.00)
[Drone drone] Target position: (5.14, 0.00, 3.00)
[Drone drone] Target position: (5.14, 0.00, 3.00)
[Drone drone] Target position: (5.14, 0.00, 3.00)
[Drone drone] Target position: (5.14, 0.00, 3.00)
[Drone drone] Target position: (5.14, 0.00, 3.00)
[Drone drone] Target position: (5.14, 0.00, 3.00)
[Drone drone] Target position: (5.14, 0.00, 3.00)
[Drone drone] Target position: (5.14, 0.00, 3.00)
[Drone drone] Target position: (5.14, 0.00, 3.00)
[Drone drone] Target position: (5.14, 0.00, 3.00)
[Drone drone] Target position: (5.14, 0.00, 3.00)
[Drone drone] Target position: (5.14, 0.00, 3.00)
[Drone drone] Target position: (5.14, 0.00, 3.00)
[Drone drone] Target position: (5.14, 0.00, 3.00)
[Drone drone] Target position: (5.14, 0.00, 3.00)
[Drone drone] Target position: (5.14, 0.00, 3.00)
[Drone drone] Target position: (5.14, 0.00, 3.00)
[Drone drone] Target position: (5.14, 0.00, 3.00)
[Drone drone] Target position: (5.14, 0.00, 3.00)
[Drone drone] Target position: (5.14, 0.00, 3.00)
[Drone drone] Target position: (5.14, 0.00, 3.00)
[Drone drone] Target position: (5.14, 0.00, 3.00)
[Drone drone] Target position: (5.14, 0.00, 3.00)
[Drone drone] Target position: (5.14, 0.00, 3.00)
[Drone drone] Target position: (5.14, 0.00, 3.00)
[Drone drone] Target position: (5.14, 0.00, 3.00)
[Drone drone] Target position: (5.14, 0.00, 3.00)
[Drone drone] Target position: (5.14, 0.00, 3.00)
[Drone drone] Target position: (5.14, 0.00, 3.00)
[Drone drone] Target position: (5.14, 0.00, 3.00)
[Drone drone] Target position: (5.14, 0.00, 3.00)
[Drone drone] Target position: (5.14, 0.00, 3.00)
[Drone drone] Target position: (5.14, 0.00, 3.00)
[Drone drone] Target position: (5.14, 0.00, 3.00)
[Drone drone] Target position: (5.14, 0.00, 3.00)
[Drone drone] Target position: (5.14, 0.00, 3.00)
[Drone drone] Target position: (5.14, 0.00, 3.00)
[Drone drone] Target position: (5.14, 0.00, 3.00)
[Drone drone] Target position: (5.14, 0.00, 3.00)
[Drone drone] Target position: (5.14, 0.00, 3.00)
[Drone drone] Target position: (5.14, 0.00, 3.00)
[Drone drone] Target position: (5.14, 0.00, 3.00)
[Drone drone] Target position: (5.14, 0.00, 3.00)
[Drone drone] Target position: (5.14, 0.00, 3.00)
[Drone drone] Target position: (5.14, 0.00, 3.00)
[Drone drone] Target position: (5.14, 0.00, 3.00)
[Drone drone] Target position: (5.14, 0.00, 3.00)
[Drone drone] Target position: (5.14, 0.00, 3.00)
[Drone drone] Target position: (5.14, 0.00, 3.00)
[Drone drone] Target position: (5.14, 0.00, 3.00)
[Drone drone] Target position: (5.14, 0.00, 3.00)
[Drone drone] Target position: (5.14, 0.00, 3.00)
[Drone drone] Target position: (5.14, 0.00, 3.00)
[Drone drone] Target position: (5.14, 0.00, 3.00)
[Drone drone] Target position: (5.14, 0.00, 3.00)
[Drone drone] Target position: (5.14, 0.00, 3.00)
[Drone drone] Target position: (5.14, 0.00, 3.00)
[Drone drone] Target position: (5.14, 0.00, 3.00)
[Drone drone] Target position: (5.14, 0.00, 3.00)
[Drone drone] Target position: (5.14, 0.00, 3.00)
[Drone drone] Target position: (5.14, 0.00, 3.00)
[Drone drone] Target position: (5.14, 0.00, 3.00)
[Drone drone] Target position: (5.14, 0.00, 3.00)
[Drone drone] Target position: (5.14, 0.00, 3.00)
[Drone drone] Target position: (5.14, 0.00, 3.00)
[Drone drone] Target position: (5.14, 0.00, 3.00)
[Drone drone] Target position: (5.14, 0.00, 3.00)
[Drone drone] Target position: (5.14, 0.00, 3.00)
[Drone drone] Target position: (5.14, 0.00, 3.00)
[Drone drone] Target position: (5.14, 0.00, 3.00)
[Drone drone] Target position: (5.14, 0.00, 3.00)
[Drone drone] Target position: (5.14, 0.00, 3.00)
[Drone drone] Target position: (5.14, 0.00, 3.00)
[Drone drone] Target position: (5.14, 0.00, 3.00)
[Drone drone] Target position: (5.14, 0.00, 3.00)
[Drone drone] Target position: (5.14, 0.00, 3.00)
[Drone drone] Target position: (5.14, 0.00, 3.00)
[Drone drone] Target position: (5.14, 0.00, 3.00)
[Drone drone] Target position: (5.14, 0.00, 3.00)
[Drone drone] Target position: (5.14, 0.00, 3.00)
[Drone drone] Target position: (5.14, 0.00, 3.00)
[Drone drone] Target position: (5.14, 0.00, 3.00)
[Drone drone] Target position: (5.14, 0.00, 3.00)
[Drone drone] Target position: (5.14, 0.00, 3.00)
[Drone drone] Target position: (5.14, 0.00, 3.00)
[Drone drone] Target position: (5.14, 0.00, 3.00)
[Drone drone] Target position: (5.14, 0.00, 3.00)
[Drone drone] Target position: (5.14, 0.00, 3.00)
[Drone drone] Target position: (5.14, 0.00, 3.00)
[Drone drone] Target position: (5.14, 0.00, 3.00)
[Drone drone] Target position: (5.14, 0.00, 3.00)
[Drone drone] Target position: (5.14, 0.00, 3.00)
[Drone drone] Target position: (5.14, 0.00, 3.00)
[Drone drone] Target position: (5.14, 0.00, 3.00)
[Drone drone] Target position: (5.14, 0.00, 3.00)
[Drone drone] Target position: (5.14, 0.00, 3.00)
[Drone drone] Target position: (5.14, 0.00, 3.00)
[Drone drone] Target position: (5.14, 0.00, 3.00)
[Drone drone] Target position: (5.14, 0.00, 3.00)
[Drone drone] Target position: (5.14, 0.00, 3.00)
[Drone drone] Target position: (5.14, 0.00, 3.00)
[Drone drone] Target position: (5.14, 0.00, 3.00)
[Drone drone] Target position: (5.14, 0.00, 3.00)
[Drone drone] Target position: (5.14, 0.00, 3.00)
[Drone drone] Target position: (5.14, 0.00, 3.00)
[Drone drone] Target position: (5.14, 0.00, 3.00)
[Drone drone] Target position: (5.14, 0.00, 3.00)
[Drone drone] Target position: (5.14, 0.00, 3.00)
[Drone drone] Target position: (5.14, 0.00, 3.00)
[Drone drone] Target position: (5.14, 0.00, 3.00)
[Drone drone] Target position: (5.14, 0.00, 3.00)
[Drone drone] Target position: (5.14, 0.00, 3.00)
[Drone drone] Target position: (5.14, 0.00, 3.00)
[Drone drone] Target position: (5.14, 0.00, 3.00)
[Drone drone] Target position: (5.14, 0.00, 3.00)
[Drone drone] Target position: (5.14, 0.00, 3.00)
[Drone drone] Target position: (5.14, 0.00, 3.00)
[Drone drone] Target position: (5.14, 0.00, 3.00)
[Drone drone] Target position: (5.14, 0.00, 3.00)
[Drone drone] Target position: (5.14, 0.00, 3.00)
[Drone drone] Target position: (5.14, 0.00, 3.00)
[Drone drone] Target position: (5.14, 0.00, 3.00)
[Drone drone] Target position: (5.14, 0.00, 3.00)
[Drone drone] Target position: (5.14, 0.00, 3.00)
[Drone drone] Target position: (5.14, 0.00, 3.00)
[Drone drone] Target position: (5.14, 0.00, 3.00)
[Drone drone] Target position: (5.14, 0.00, 3.00)
[Drone drone] Target position: (5.14, 0.00, 3.00)
[Drone drone] Target position: (5.14, 0.00, 3.00)
[Drone drone] Target position: (5.14, 0.00, 3.00)
[Drone drone] Target position: (5.14, 0.00, 3.00)
[Drone drone] Target position: (5.14, 0.00, 3.00)
[Drone drone] Target position: (5.14, 0.00, 3.00)
[Drone drone] Target position: (5.14, 0.00, 3.00)
[Drone drone] Target position: (5.14, 0.00, 3.00)
[Drone drone] Target position: (5.14, 0.00, 3.00)
[Drone drone] Target position: (5.14, 0.00, 3.00)
[Drone drone] Target position: (5.14, 0.00, 3.00)
[Drone drone] Target position: (5.14, 0.00, 3.00)
[Drone drone] Target position: (5.14, 0.00, 3.00)
[Drone drone] Target position: (5.14, 0.00, 3.00)
[Drone drone] Target position: (5.14, 0.00, 3.00)
[Drone drone] Target position: (5.14, 0.00, 3.00)
[Drone drone] Target position: (5.14, 0.00, 3.00)
[Drone drone] Target position: (5.14, 0.00, 3.00)
[Drone drone] Target position: (5.14, 0.00, 3.00)
[Drone drone] Target position: (5.14, 0.00, 3.00)
[Drone drone] Target position: (5.14, 0.00, 3.00)
[Drone drone] Target position: (5.14, 0.00, 3.00)
[Drone drone] Target position: (5.14, 0.00, 3.00)
[Drone drone] Target position: (5.14, 0.00, 3.00)
[Drone drone] Target position: (5.14, 0.00, 3.00)
[Drone drone] Target position: (5.14, 0.00, 3.00)
[Drone drone] Target position: (5.14, 0.00, 3.00)
[Drone drone] Target position: (5.14, 0.00, 3.00)
[Drone drone] Target position: (5.14, 0.00, 3.00)
[Drone drone] Target position: (5.14, 0.00, 3.00)
[Drone drone] Target position: (5.14, 0.00, 3.00)
[Drone drone] Target position: (5.14, 0.00, 3.00)
[Drone drone] Target position: (5.14, 0.00, 3.00)
[Drone drone] Target position: (5.14, 0.00, 3.00)
[Drone drone] Target position: (5.14, 0.00, 3.00)
[Drone drone] Target position: (5.14, 0.00, 3.00)
[Drone drone] Target position: (5.14, 0.00, 3.00)
[Drone drone] Target position: (5.14, 0.00, 3.00)
[Drone drone] Target position: (5.14, 0.00, 3.00)
[Drone drone] Target position: (5.14, 0.00, 3.00)
[Drone drone] Target position: (5.14, 0.00, 3.00)
[Drone drone] Target position: (5.14, 0.00, 3.00)
[Drone drone] Target position: (5.14, 0.00, 3.00)
[Drone drone] Target position: (5.14, 0.00, 3.00)
[Drone drone] Target position: (5.14, 0.00, 3.00)
[Drone drone] Target position: (5.14, 0.00, 3.00)
[Drone drone] Target position: (5.14, 0.00, 3.00)
[Drone drone] Target position: (5.14, 0.00, 3.00)
[Drone drone] Target position: (5.14, 0.00, 3.00)
[Drone drone] Target position: (5.14, 0.00, 3.00)
[Drone drone] Target position: (5.14, 0.00, 3.00)
[Drone drone] Target position: (5.14, 0.00, 3.00)
[Drone drone] Target position: (5.14, 0.00, 3.00)
[Drone drone] Target position: (5.14, 0.00, 3.00)
[Drone drone] Target position: (5.14, 0.00, 3.00)
[Drone drone] Target position: (5.14, 0.00, 3.00)
[Drone drone] Target position: (5.14, 0.00, 3.00)
[Drone drone] Target position: (5.14, 0.00, 3.00)
[Drone drone] Target position: (5.14, 0.00, 3.00)
[Drone drone] Target position: (5.14, 0.00, 3.00)
[Drone drone] Target position: (5.14, 0.00, 3.00)
[Drone drone] Target position: (5.14, 0.00, 3.00)
[Drone drone] Target position: (5.14, 0.00, 3.00)
[Drone drone] Target position: (5.14, 0.00, 3.00)
[Drone drone] Target position: (5.14, 0.00, 3.00)
[Drone drone] Target position: (5.14, 0.00, 3.00)
[Drone drone] Target position: (5.14, 0.00, 3.00)
[Drone drone] Target position: (5.14, 0.00, 3.00)
[Drone drone] Target position: (5.14, 0.00, 3.00)
[Drone drone] Target position: (5.14, 0.00, 3.00)
[Drone drone] Target position: (5.14, 0.00, 3.00)
[Drone drone] Target position: (5.14, 0.00, 3.00)
[Drone drone] Target position: (5.14, 0.00, 3.00)
[Drone drone] Target position: (5.14, 0.00, 3.00)
[Drone drone] Target position: (5.14, 0.00, 3.00)
[Drone drone] Target position: (5.14, 0.00, 3.00)
[Drone drone] Target position: (5.14, 0.00, 3.00)
[Drone drone] Target position: (5.14, 0.00, 3.00)
[Drone drone] Target position: (5.14, 0.00, 3.00)
[Drone drone] Target position: (5.14, 0.00, 3.00)
[Drone drone] Target position: (5.14, 0.00, 3.00)
[Drone drone] Target position: (5.14, 0.00, 3.00)
[Drone drone] Target position: (5.14, 0.00, 3.00)
[Drone drone] Target position: (5.14, 0.00, 3.00)
[Drone drone] Target position: (5.14, 0.00, 3.00)
[Drone drone] Target position: (5.14, 0.00, 3.00)
[Drone drone] Target position: (5.14, 0.00, 3.00)
[Drone drone] Target position: (5.14, 0.00, 3.00)
[Drone drone] Target position: (5.14, 0.00, 3.00)
[Drone drone] Target position: (5.14, 0.00, 3.00)
[Drone drone] Target position: (5.14, 0.00, 3.00)
[Drone drone] Target position: (5.14, 0.00, 3.00)
[Drone drone] Target position: (5.14, 0.00, 3.00)
[Drone drone] Target position: (5.14, 0.00, 3.00)
[Drone drone] Target position: (5.14, 0.00, 3.00)
[Drone drone] Target position: (5.14, 0.00, 3.00)
[Drone drone] Target position: (5.14, 0.00, 3.00)
[Drone drone] Target position: (5.14, 0.00, 3.00)
[Drone drone] Target position: (5.14, 0.00, 3.00)
[Drone drone] Target position: (5.14, 0.00, 3.00)
[Drone drone] Target position: (5.14, 0.00, 3.00)
[Drone drone] Target position: (5.14, 0.00, 3.00)
[Drone drone] Target position: (5.14, 0.00, 3.00)
[Drone drone] Target position: (5.14, 0.00, 3.00)
[Drone drone] Target position: (5.14, 0.00, 3.00)
[Drone drone] Target position: (5.14, 0.00, 3.00)
[Drone drone] Target position: (5.14, 0.00, 3.00)
[Drone drone] Target position: (5.14, 0.00, 3.00)
[Drone drone] Target position: (5.14, 0.00, 3.00)
[Drone drone] Target position: (5.14, 0.00, 3.00)
[Drone drone] Target position: (5.14, 0.00, 3.00)
[Drone drone] Target position: (5.14, 0.00, 3.00)
[Drone drone] Target position: (5.14, 0.00, 3.00)
[Drone drone] Target position: (5.14, 0.00, 3.00)
[Drone drone] Target position: (5.14, 0.00, 3.00)
[Drone drone] Target position: (5.14, 0.00, 3.00)
[Drone drone] Target position: (5.14, 0.00, 3.00)
[Drone drone] Target position: (5.14, 0.00, 3.00)
[Drone drone] Target position: (5.14, 0.00, 3.00)
[Drone drone] Target position: (5.14, 0.00, 3.00)
[Drone drone] Target position: (5.14, 0.00, 3.00)
[Drone drone] Target position: (5.14, 0.00, 3.00)
[Drone drone] Target position: (5.14, 0.00, 3.00)
[Drone drone] Target position: (5.14, 0.00, 3.00)
[Drone drone] Target position: (5.14, 0.00, 3.00)
[Drone drone] Target position: (5.14, 0.00, 3.00)
[Drone drone] Target position: (5.14, 0.00, 3.00)
[Drone drone] Target position: (5.14, 0.00, 3.00)
[Drone drone] Target position: (5.14, 0.00, 3.00)
[Drone drone] Target position: (5.14, 0.00, 3.00)
[Drone drone] Target position: (5.14, 0.00, 3.00)
[Drone drone] Target position: (5.14, 0.00, 3.00)
[Drone drone] Target position: (5.14, 0.00, 3.00)
[Drone drone] Target position: (5.14, 0.00, 3.00)
[Drone drone] Target position: (5.14, 0.00, 3.00)
[Drone drone] Target position: (5.14, 0.00, 3.00)
[Drone drone] Target position: (5.14, 0.00, 3.00)
[Drone drone] Target position: (5.14, 0.00, 3.00)
[Drone drone] Target position: (5.14, 0.00, 3.00)
[Drone drone] Target position: (5.14, 0.00, 3.00)
[Drone drone] Target position: (5.14, 0.00, 3.00)
[Drone drone] Target position: (5.14, 0.00, 3.00)
[Drone drone] Target position: (5.14, 0.00, 3.00)
[Drone drone] Target position: (5.14, 0.00, 3.00)
[Drone drone] Target position: (5.14, 0.00, 3.00)
[Drone drone] Target position: (5.14, 0.00, 3.00)
[Drone drone] Target position: (5.14, 0.00, 3.00)
[Drone drone] Target position: (5.14, 0.00, 3.00)
[Drone drone] Target position: (5.14, 0.00, 3.00)
[Drone drone] Target position: (5.14, 0.00, 3.00)
[Drone drone] Target position: (5.14, 0.00, 3.00)
[Drone drone] Target position: (5.14, 0.00, 3.00)
[Drone drone] Target position: (5.14, 0.00, 3.00)
[Drone drone] Target position: (5.14, 0.00, 3.00)
[Drone drone] Target position: (5.14, 0.00, 3.00)
[Drone drone] Target position: (5.14, 0.00, 3.00)
[Drone drone] Target position: (5.14, 0.00, 3.00)
[Drone drone] Target position: (5.14, 0.00, 3.00)
[Drone drone] Target position: (5.14, 0.00, 3.00)
[Drone drone] Target position: (5.14, 0.00, 3.00)
[Drone drone] Target position: (5.14, 0.00, 3.00)
[Drone drone] Target position: (5.14, 0.00, 3.00)
[Drone drone] Target position: (5.14, 0.00, 3.00)
[Drone drone] Target position: (5.14, 0.00, 3.00)
[Drone drone] Target position: (5.14, 0.00, 3.00)
[Drone drone] Target position: (5.14, 0.00, 3.00)
[Drone drone] Target position: (5.14, 0.00, 3.00)
[Drone drone] Target position: (5.14, 0.00, 3.00)
[Drone drone] Target position: (5.14, 0.00, 3.00)
[Drone drone] Target position: (5.14, 0.00, 3.00)
[Drone drone] Target position: (5.14, 0.00, 3.00)
[Drone drone] Target position: (5.14, 0.00, 3.00)
[Drone drone] Target position: (5.14, 0.00, 3.00)
[Drone drone] Target position: (5.14, 0.00, 3.00)
[Drone drone] Target position: (5.14, 0.00, 3.00)
[Drone drone] Target position: (5.14, 0.00, 3.00)
[Drone drone] Target position: (5.14, 0.00, 3.00)
[Drone drone] Target position: (5.14, 0.00, 3.00)
[Drone drone] Target position: (5.14, 0.00, 3.00)
[Drone drone] Target position: (5.14, 0.00, 3.00)
[Drone drone] Target position: (5.14, 0.00, 3.00)
[Drone drone] Target position: (5.14, 0.00, 3.00)
[Drone drone] Target position: (5.14, 0.00, 3.00)
[Drone drone] Target position: (5.14, 0.00, 3.00)
[Drone drone] Target position: (5.14, 0.00, 3.00)
[Drone drone] Target position: (5.14, 0.00, 3.00)
[Drone drone] Target position: (5.14, 0.00, 3.00)
[Drone drone] Target position: (5.14, 0.00, 3.00)
[Drone drone] Target position: (5.14, 0.00, 3.00)
[Drone drone] Target position: (5.14, 0.00, 3.00)
[Drone drone] Target position: (5.14, 0.00, 3.00)
[Drone drone] Target position: (5.14, 0.00, 3.00)
[Drone drone] Target position: (5.14, 0.00, 3.00)
[Drone drone] Target position: (5.14, 0.00, 3.00)
[Drone drone] Target position: (5.14, 0.00, 3.00)
[Drone drone] Target position: (5.14, 0.00, 3.00)
[Drone drone] Target position: (5.14, 0.00, 3.00)
[Drone drone] Target position: (5.14, 0.00, 3.00)
[Drone drone] Target position: (5.14, 0.00, 3.00)
[Drone drone] Target position: (5.14, 0.00, 3.00)
[Drone drone] Target position: (5.14, 0.00, 3.00)
[Drone drone] Target position: (5.14, 0.00, 3.00)
[Drone drone] Target position: (5.14, 0.00, 3.00)
[Drone drone] Target position: (5.14, 0.00, 3.00)
[Drone drone] Target position: (5.14, 0.00, 3.00)
[Drone drone] Target position: (5.14, 0.00, 3.00)
[Drone drone] Target position: (5.14, 0.00, 3.00)
[Drone drone] Target position: (5.14, 0.00, 3.00)
[Drone drone] Target position: (5.14, 0.00, 3.00)
[Drone drone] Target position: (5.14, 0.00, 3.00)
[Drone drone] Target position: (5.14, 0.00, 3.00)
[Drone drone] Target position: (5.14, 0.00, 3.00)
[Drone drone] Target position: (5.14, 0.00, 3.00)
[Drone drone] Target position: (5.14, 0.00, 3.00)
[Drone drone] Target position: (5.14, 0.00, 3.00)
[Drone drone] Target position: (5.14, 0.00, 3.00)
[Drone drone] Target position: (5.14, 0.00, 3.00)
[Drone drone] Target position: (5.14, 0.00, 3.00)
[Drone drone] Target position: (5.14, 0.00, 3.00)
[Drone drone] Target position: (5.14, 0.00, 3.00)
[Drone drone] Target position: (5.14, 0.00, 3.00)
[Drone drone] Target position: (5.14, 0.00, 3.00)
[Drone drone] Target position: (5.14, 0.00, 3.00)
[Drone drone] Target position: (5.14, 0.00, 3.00)
[Drone drone] Target position: (5.14, 0.00, 3.00)
[Drone drone] Target position: (5.14, 0.00, 3.00)
[Drone drone] Target position: (5.14, 0.00, 3.00)
[Drone drone] Target position: (5.14, 0.00, 3.00)
[Drone drone] Target position: (5.14, 0.00, 3.00)
[Drone drone] Target position: (5.14, 0.00, 3.00)
[Drone drone] Target position: (5.14, 0.00, 3.00)
[Drone drone] Target position: (5.14, 0.00, 3.00)
[Drone drone] Target position: (5.14, 0.00, 3.00)
[Drone drone] Target position: (5.14, 0.00, 3.00)
[Drone drone] Target position: (5.14, 0.00, 3.00)
[Drone drone] Target position: (5.14, 0.00, 3.00)
[Drone drone] Target position: (5.14, 0.00, 3.00)
[Drone drone] Target position: (5.14, 0.00, 3.00)
[Drone drone] Target position: (5.14, 0.00, 3.00)
[Drone drone] Target position: (5.14, 0.00, 3.00)
[Drone drone] Target position: (5.14, 0.00, 3.00)
[Drone drone] Target position: (5.14, 0.00, 3.00)
[Drone drone] Target position: (5.14, 0.00, 3.00)
[Drone drone] Target position: (5.14, 0.00, 3.00)
[Drone drone] Target position: (5.14, 0.00, 3.00)
[Drone drone] Target position: (5.14, 0.00, 3.00)
[Drone drone] Target position: (5.14, 0.00, 3.00)
[Drone drone] Target position: (5.14, 0.00, 3.00)
[Drone drone] Target position: (5.14, 0.00, 3.00)
[Drone drone] Target position: (5.14, 0.00, 3.00)
[Drone drone] Target position: (5.14, 0.00, 3.00)
[Drone drone] Target position: (5.14, 0.00, 3.00)
[Drone drone] Target position: (5.14, 0.00, 3.00)
[Drone drone] Target position: (5.14, 0.00, 3.00)
[Drone drone] Target position: (5.14, 0.00, 3.00)
[Drone drone] Target position: (5.14, 0.00, 3.00)
[Drone drone] Target position: (5.14, 0.00, 3.00)
[Drone drone] Target position: (5.14, 0.00, 3.00)
[Drone drone] Target position: (5.14, 0.00, 3.00)
[Drone drone] Target position: (5.14, 0.00, 3.00)
[Drone drone] Target position: (5.14, 0.00, 3.00)
[Drone drone] Target position: (5.14, 0.00, 3.00)
[Drone drone] Target position: (5.14, 0.00, 3.00)
[Drone drone] Target position: (5.14, 0.00, 3.00)
[Drone drone] Target position: (5.14, 0.00, 3.00)
[Drone drone] Target position: (5.14, 0.00, 3.00)
[Drone drone] Target position: (5.14, 0.00, 3.00)
[Drone drone] Target position: (5.14, 0.00, 3.00)
[Drone drone] Target position: (5.14, 0.00, 3.00)
[Drone drone] Target position: (5.14, 0.00, 3.00)
[Drone drone] Target position: (5.14, 0.00, 3.00)
[Drone drone] Target position: (5.14, 0.00, 3.00)
[Drone drone] Target position: (5.14, 0.00, 3.00)
[Drone drone] Target position: (5.14, 0.00, 3.00)
[Drone drone] Target position: (5.14, 0.00, 3.00)
[Drone drone] Target position: (5.14, 0.00, 3.00)
[Drone drone] Target position: (5.14, 0.00, 3.00)
[Drone drone] Target position: (5.14, 0.00, 3.00)
[Drone drone] Target position: (5.14, 0.00, 3.00)
[Drone drone] Target position: (5.14, 0.00, 3.00)
[Drone drone] Target position: (5.14, 0.00, 3.00)
[Drone drone] Target position: (5.14, 0.00, 3.00)
[Drone drone] Target position: (5.14, 0.00, 3.00)
[Drone drone] Target position: (5.14, 0.00, 3.00)
[Drone drone] Target position: (5.14, 0.00, 3.00)
[Drone drone] Target position: (5.14, 0.00, 3.00)
[Drone drone] Target position: (5.14, 0.00, 3.00)
[Drone drone] Target position: (5.14, 0.00, 3.00)
[Drone drone] Target position: (5.14, 0.00, 3.00)
[Drone drone] Target position: (5.14, 0.00, 3.00)
[Drone drone] Target position: (5.14, 0.00, 3.00)
[Drone drone] Target position: (5.14, 0.00, 3.00)
[Drone drone] Target position: (5.14, 0.00, 3.00)
[Drone drone] Target position: (5.14, 0.00, 3.00)
[Drone drone] Target position: (5.14, 0.00, 3.00)
[Drone drone] Target position: (5.14, 0.00, 3.00)
[Drone drone] Target position: (5.14, 0.00, 3.00)
[Drone drone] Target position: (5.14, 0.00, 3.00)
[Drone drone] Target position: (5.14, 0.00, 3.00)
[Drone drone] Target position: (5.14, 0.00, 3.00)
[Drone drone] Target position: (5.14, 0.00, 3.00)
[Drone drone] Target position: (5.14, 0.00, 3.00)
[Drone drone] Target position: (5.14, 0.00, 3.00)
[Drone drone] Target position: (5.14, 0.00, 3.00)
[Drone drone] Target position: (5.14, 0.00, 3.00)
[Drone drone] Target position: (5.14, 0.00, 3.00)
[Drone drone] Target position: (5.14, 0.00, 3.00)
[Drone drone] Target position: (5.14, 0.00, 3.00)
[Drone drone] Target position: (5.14, 0.00, 3.00)
[Drone drone] Target position: (5.14, 0.00, 3.00)
[Drone drone] Target position: (5.14, 0.00, 3.00)
[Drone drone] Target position: (5.14, 0.00, 3.00)
[Drone drone] Target position: (5.14, 0.00, 3.00)
[Drone drone] Target position: (5.14, 0.00, 3.00)
[Drone drone] Target position: (5.14, 0.00, 3.00)
[Drone drone] Target position: (5.14, 0.00, 3.00)
[Drone drone] Target position: (5.14, 0.00, 3.00)
[Drone drone] Target position: (5.14, 0.00, 3.00)
[Drone drone] Target position: (5.14, 0.00, 3.00)
[Drone drone] Target position: (5.14, 0.00, 3.00)
[Drone drone] Target position: (5.14, 0.00, 3.00)
[Drone drone] Target position: (5.14, 0.00, 3.00)
[Drone drone] Target position: (5.14, 0.00, 3.00)
[Drone drone] Target position: (5.14, 0.00, 3.00)
[Drone drone] Target position: (5.14, 0.00, 3.00)
[Drone drone] Target position: (5.14, 0.00, 3.00)
[Drone drone] Target position: (5.14, 0.00, 3.00)
[Drone drone] Target position: (5.14, 0.00, 3.00)
[Drone drone] Target position: (5.14, 0.00, 3.00)
[Drone drone] Target position: (5.14, 0.00, 3.00)
[Drone drone] Target position: (5.14, 0.00, 3.00)
[Drone drone] Target position: (5.14, 0.00, 3.00)
[Drone drone] Target position: (5.14, 0.00, 3.00)
[Drone drone] Target position: (5.14, 0.00, 3.00)
[Drone drone] Target position: (5.14, 0.00, 3.00)
[Drone drone] Target position: (5.14, 0.00, 3.00)
[Drone drone] Target position: (5.14, 0.00, 3.00)
[Drone drone] Target position: (5.14, 0.00, 3.00)
[Drone drone] Target position: (5.14, 0.00, 3.00)
[Drone drone] Target position: (5.14, 0.00, 3.00)
[Drone drone] Target position: (5.14, 0.00, 3.00)
[Drone drone] Target position: (5.14, 0.00, 3.00)
[Drone drone] Target position: (5.14, 0.00, 3.00)
[Drone drone] Target position: (5.14, 0.00, 3.00)
[Drone drone] Target position: (5.14, 0.00, 3.00)
[Drone drone] Target position: (5.14, 0.00, 3.00)
[Drone drone] Target position: (5.14, 0.00, 3.00)
[Drone drone] Target position: (5.14, 0.00, 3.00)
[Drone drone] Target position: (5.14, 0.00, 3.00)
[Drone drone] Target position: (5.14, 0.00, 3.00)
[Drone drone] Target position: (5.14, 0.00, 3.00)
[Drone drone] Target position: (5.14, 0.00, 3.00)
[Drone drone] Target position: (5.14, 0.00, 3.00)
[Drone drone] Target position: (5.14, 0.00, 3.00)
[Drone drone] Target position: (5.14, 0.00, 3.00)
[Drone drone] Target position: (5.14, 0.00, 3.00)
[Drone drone] Target position: (5.14, 0.00, 3.00)
[Drone drone] Target position: (5.14, 0.00, 3.00)
[Drone drone] Target position: (5.14, 0.00, 3.00)
[Drone drone] Target position: (5.14, 0.00, 3.00)
[Drone drone] Target position: (5.14, 0.00, 3.00)
[Drone drone] Target position: (5.14, 0.00, 3.00)
[Drone drone] Target position: (5.14, 0.00, 3.00)
[Drone drone] Target position: (5.14, 0.00, 3.00)
[Drone drone] Target position: (5.14, 0.00, 3.00)
[Drone drone] Target position: (5.14, 0.00, 3.00)
[Drone drone] Target position: (5.14, 0.00, 3.00)
[Drone drone] Target position: (5.14, 0.00, 3.00)
[Drone drone] Target position: (5.14, 0.00, 3.00)
[Drone drone] Target position: (5.14, 0.00, 3.00)
[Drone drone] Target position: (5.14, 0.00, 3.00)
[Drone drone] Target position: (5.14, 0.00, 3.00)
[Drone drone] Target position: (5.14, 0.00, 3.00)
[Drone drone] Target position: (5.14, 0.00, 3.00)
[Drone drone] Target position: (5.14, 0.00, 3.00)
[Drone drone] Target position: (5.14, 0.00, 3.00)
[Drone drone] Target position: (5.14, 0.00, 3.00)
[Drone drone] Target position: (5.14, 0.00, 3.00)
[Drone drone] Target position: (5.14, 0.00, 3.00)
[Drone drone] Target position: (5.14, 0.00, 3.00)
[Drone drone] Target position: (5.14, 0.00, 3.00)
[Drone drone] Target position: (5.14, 0.00, 3.00)
[Drone drone] Target position: (5.14, 0.00, 3.00)
[Drone drone] Target position: (5.14, 0.00, 3.00)
[Drone drone] Target position: (5.14, 0.00, 3.00)
[Drone drone] Target position: (5.14, 0.00, 3.00)
[Drone drone] Target position: (5.14, 0.00, 3.00)
[Drone drone] Target position: (5.14, 0.00, 3.00)
[Drone drone] Target position: (5.14, 0.00, 3.00)
[Drone drone] Target position: (5.14, 0.00, 3.00)
[Drone drone] Target position: (5.14, 0.00, 3.00)
[Drone drone] Target position: (5.14, 0.00, 3.00)
[Drone drone] Target position: (5.14, 0.00, 3.00)
[Drone drone] Target position: (5.14, 0.00, 3.00)
[Drone drone] Target position: (5.14, 0.00, 3.00)
[Drone drone] Target position: (5.14, 0.00, 3.00)
[Drone drone] Target position: (5.14, 0.00, 3.00)
[Drone drone] Target position: (5.14, 0.00, 3.00)
[Drone drone] Target position: (5.14, 0.00, 3.00)
[Drone drone] Target position: (5.14, 0.00, 3.00)
[Drone drone] Target position: (5.14, 0.00, 3.00)
[Drone drone] Target position: (5.14, 0.00, 3.00)
[Drone drone] Target position: (5.14, 0.00, 3.00)
[Drone drone] Target position: (5.14, 0.00, 3.00)
[Drone drone] Target position: (5.14, 0.00, 3.00)
[Drone drone] Target position: (5.14, 0.00, 3.00)
[Drone drone] Target position: (5.14, 0.00, 3.00)
[Drone drone] Target position: (5.14, 0.00, 3.00)
[Drone drone] Target position: (5.14, 0.00, 3.00)
[Drone drone] Target position: (5.14, 0.00, 3.00)
[Drone drone] Target position: (5.14, 0.00, 3.00)
[Drone drone] Target position: (5.14, 0.00, 3.00)
[Drone drone] Target position: (5.14, 0.00, 3.00)
[Drone drone] Target position: (5.14, 0.00, 3.00)
[Drone drone] Target position: (5.14, 0.00, 3.00)
[Drone drone] Target position: (5.14, 0.00, 3.00)
[Drone drone] Target position: (5.14, 0.00, 3.00)
[Drone drone] Target position: (5.14, 0.00, 3.00)
[Drone drone] Target position: (5.14, 0.00, 3.00)
[Drone drone] Target position: (5.14, 0.00, 3.00)
[Drone drone] Target position: (5.14, 0.00, 3.00)
[Drone drone] Target position: (5.14, 0.00, 3.00)
[Drone drone] Target position: (5.14, 0.00, 3.00)
[Drone drone] Target position: (5.14, 0.00, 3.00)
[Drone drone] Target position: (5.14, 0.00, 3.00)
[Drone drone] Target position: (5.14, 0.00, 3.00)
[Drone drone] Target position: (5.14, 0.00, 3.00)
[Drone drone] Target position: (5.14, 0.00, 3.00)
[Drone drone] Target position: (5.14, 0.00, 3.00)
[Drone drone] Target position: (5.14, 0.00, 3.00)
[Drone drone] Target position: (5.14, 0.00, 3.00)
[Drone drone] Target position: (5.14, 0.00, 3.00)
[Drone drone] Target position: (5.14, 0.00, 3.00)
[Drone drone] Target position: (5.14, 0.00, 3.00)
[Drone drone] Target position: (5.14, 0.00, 3.00)
[Drone drone] Target position: (5.14, 0.00, 3.00)
[Drone drone] Target position: (5.14, 0.00, 3.00)
[Drone drone] Target position: (5.14, 0.00, 3.00)
[Drone drone] Target position: (5.14, 0.00, 3.00)
[Drone drone] Target position: (5.14, 0.00, 3.00)
[Drone drone] Target position: (5.14, 0.00, 3.00)
[Drone drone] Target position: (5.14, 0.00, 3.00)
[Drone drone] Target position: (5.14, 0.00, 3.00)
[Drone drone] Target position: (5.14, 0.00, 3.00)
[Drone drone] Target position: (5.14, 0.00, 3.00)
[Drone drone] Target position: (5.14, 0.00, 3.00)
[Drone drone] Target position: (5.14, 0.00, 3.00)
[Drone drone] Target position: (5.14, 0.00, 3.00)
[Drone drone] Target position: (5.14, 0.00, 3.00)
[Drone drone] Target position: (5.14, 0.00, 3.00)
[Drone drone] Target position: (5.14, 0.00, 3.00)
[Drone drone] Target position: (5.14, 0.00, 3.00)
[Drone drone] Target position: (5.14, 0.00, 3.00)
[Drone drone] Target position: (5.14, 0.00, 3.00)
[Drone drone] Target position: (5.14, 0.00, 3.00)
[Drone drone] Target position: (5.14, 0.00, 3.00)
[Drone drone] Target position: (5.14, 0.00, 3.00)
[Drone drone] Target position: (5.14, 0.00, 3.00)
[Drone drone] Target position: (5.14, 0.00, 3.00)
[Drone drone] Target position: (5.14, 0.00, 3.00)
[Drone drone] Target position: (5.14, 0.00, 3.00)
[Drone drone] Target position: (5.14, 0.00, 3.00)
[Drone drone] Target position: (5.14, 0.00, 3.00)
[Drone drone] Target position: (5.14, 0.00, 3.00)
[Drone drone] Target position: (5.14, 0.00, 3.00)
[Drone drone] Target position: (5.14, 0.00, 3.00)
[Drone drone] Target position: (5.14, 0.00, 3.00)
[Drone drone] Target position: (5.14, 0.00, 3.00)
[Drone drone] Target position: (5.14, 0.00, 3.00)
[Drone drone] Target position: (5.14, 0.00, 3.00)
[Drone drone] Target position: (5.14, 0.00, 3.00)
[Drone drone] Target position: (5.14, 0.00, 3.00)
[Drone drone] Target position: (5.14, 0.00, 3.00)
[Drone drone] Target position: (5.14, 0.00, 3.00)
[Drone drone] Target position: (5.14, 0.00, 3.00)
[Drone drone] Target position: (5.14, 0.00, 3.00)
[Drone drone] Target position: (5.14, 0.00, 3.00)
[Drone drone] Target position: (5.14, 0.00, 3.00)
[Drone drone] Target position: (5.14, 0.00, 3.00)
[Drone drone] Target position: (5.14, 0.00, 3.00)
[Drone drone] Target position: (5.14, 0.00, 3.00)
[Drone drone] Target position: (5.14, 0.00, 3.00)
[Drone drone] Target position: (5.14, 0.00, 3.00)
[Drone drone] Target position: (5.14, 0.00, 3.00)
[Drone drone] Target position: (5.14, 0.00, 3.00)
[Drone drone] Target position: (5.14, 0.00, 3.00)
[Drone drone] Target position: (5.14, 0.00, 3.00)
[Drone drone] Target position: (5.14, 0.00, 3.00)
[Drone drone] Target position: (5.14, 0.00, 3.00)
[Drone drone] Target position: (5.14, 0.00, 3.00)
[Drone drone] Target position: (5.14, 0.00, 3.00)
[Drone drone] Target position: (5.14, 0.00, 3.00)
[Drone drone] Target position: (5.14, 0.00, 3.00)
[Drone drone] Target position: (5.14, 0.00, 3.00)
[Drone drone] Target position: (5.14, 0.00, 3.00)
[Drone drone] Target position: (5.14, 0.00, 3.00)
[Drone drone] Target position: (5.14, 0.00, 3.00)
[Drone drone] Target position: (5.14, 0.00, 3.00)
[Drone drone] Target position: (5.14, 0.00, 3.00)
[Drone drone] Target position: (5.14, 0.00, 3.00)
[Drone drone] Target position: (5.14, 0.00, 3.00)
[Drone drone] Target position: (5.14, 0.00, 3.00)
[Drone drone] Target position: (5.14, 0.00, 3.00)
[Drone drone] Target position: (5.14, 0.00, 3.00)
[Drone drone] Target position: (5.14, 0.00, 3.00)
[Drone drone] Target position: (5.14, 0.00, 3.00)
[Drone drone] Target position: (5.14, 0.00, 3.00)
[Drone drone] Target position: (5.14, 0.00, 3.00)
[Drone drone] Target position: (5.14, 0.00, 3.00)
[Drone drone] Target position: (5.14, 0.00, 3.00)
[Drone drone] Target position: (5.14, 0.00, 3.00)
[Drone drone] Target position: (5.14, 0.00, 3.00)
[Drone drone] Target position: (5.14, 0.00, 3.00)
[Drone drone] Target position: (5.14, 0.00, 3.00)
[Drone drone] Target position: (5.14, 0.00, 3.00)
[Drone drone] Target position: (5.14, 0.00, 3.00)
[Drone drone] Target position: (5.14, 0.00, 3.00)
[Drone drone] Target position: (5.14, 0.00, 3.00)
[Drone drone] Target position: (5.14, 0.00, 3.00)
[Drone drone] Target position: (5.14, 0.00, 3.00)
[Drone drone] Target position: (5.14, 0.00, 3.00)
[Drone drone] Target position: (5.14, 0.00, 3.00)
[Drone drone] Target position: (5.14, 0.00, 3.00)
[Drone drone] Target position: (5.14, 0.00, 3.00)
[Drone drone] Target position: (5.14, 0.00, 3.00)
[Drone drone] Target position: (5.14, 0.00, 3.00)
[Drone drone] Target position: (5.14, 0.00, 3.00)
[Drone drone] Target position: (5.14, 0.00, 3.00)
[Drone drone] Target position: (5.14, 0.00, 3.00)
[Drone drone] Target position: (5.14, 0.00, 3.00)
[Drone drone] Target position: (5.14, 0.00, 3.00)
[Drone drone] Target position: (5.14, 0.00, 3.00)
[Drone drone] Target position: (5.14, 0.00, 3.00)
[Drone drone] Target position: (5.14, 0.00, 3.00)
[Drone drone] Target position: (5.14, 0.00, 3.00)
[Drone drone] Target position: (5.14, 0.00, 3.00)
[Drone drone] Target position: (5.14, 0.00, 3.00)
[Drone drone] Target position: (5.14, 0.00, 3.00)
[Drone drone] Target position: (5.14, 0.00, 3.00)
[Drone drone] Target position: (5.14, 0.00, 3.00)
[Drone drone] Target position: (5.14, 0.00, 3.00)
[Drone drone] Target position: (5.14, 0.00, 3.00)
[Drone drone] Target position: (5.14, 0.00, 3.00)
[Drone drone] Target position: (5.14, 0.00, 3.00)
[Drone drone] Target position: (5.14, 0.00, 3.00)
[Drone drone] Target position: (5.14, 0.00, 3.00)
[Drone drone] Target position: (5.14, 0.00, 3.00)
[Drone drone] Target position: (5.14, 0.00, 3.00)
[Drone drone] Target position: (5.14, 0.00, 3.00)
[Drone drone] Target position: (5.14, 0.00, 3.00)
[Drone drone] Target position: (5.14, 0.00, 3.00)
[Drone drone] Target position: (5.14, 0.00, 3.00)
[Drone drone] Target position: (5.14, 0.00, 3.00)
[Drone drone] Target position: (5.14, 0.00, 3.00)
[Drone drone] Target position: (5.14, 0.00, 3.00)
[Drone drone] Target position: (5.14, 0.00, 3.00)
[Drone drone] Target position: (5.14, 0.00, 3.00)
[Drone drone] Target position: (5.14, 0.00, 3.00)
[Drone drone] Target position: (5.14, 0.00, 3.00)
[Drone drone] Target position: (5.14, 0.00, 3.00)
[Drone drone] Target position: (5.14, 0.00, 3.00)
[Drone drone] Target position: (5.14, 0.00, 3.00)
[Drone drone] Target position: (5.14, 0.00, 3.00)
[Drone drone] Target position: (5.14, 0.00, 3.00)
[Drone drone] Target position: (5.14, 0.00, 3.00)
[Drone drone] Target position: (5.14, 0.00, 3.00)
[Drone drone] Target position: (5.14, 0.00, 3.00)
[Drone drone] Target position: (5.14, 0.00, 3.00)
[Drone drone] Target position: (5.14, 0.00, 3.00)
[Drone drone] Target position: (5.14, 0.00, 3.00)
[Drone drone] Target position: (5.14, 0.00, 3.00)
[Drone drone] Target position: (5.14, 0.00, 3.00)
[Drone drone] Target position: (5.14, 0.00, 3.00)
[Drone drone] Target position: (5.14, 0.00, 3.00)
[Drone drone] Target position: (5.14, 0.00, 3.00)
[Drone drone] Target position: (5.14, 0.00, 3.00)
[Drone drone] Target position: (5.14, 0.00, 3.00)
[Drone drone] Target position: (5.14, 0.00, 3.00)
[Drone drone] Target position: (5.14, 0.00, 3.00)
[Drone drone] Target position: (5.14, 0.00, 3.00)
[Drone drone] Target position: (5.14, 0.00, 3.00)
[Drone drone] Target position: (5.14, 0.00, 3.00)
[Drone drone] Target position: (5.14, 0.00, 3.00)
[Drone drone] Target position: (5.14, 0.00, 3.00)
[Drone drone] Target position: (5.14, 0.00, 3.00)
[Drone drone] Target position: (5.14, 0.00, 3.00)
[Drone drone] Target position: (5.14, 0.00, 3.00)
[Drone drone] Target position: (5.14, 0.00, 3.00)
[Drone drone] Target position: (5.14, 0.00, 3.00)
[Drone drone] Target position: (5.14, 0.00, 3.00)
[Drone drone] Target position: (5.14, 0.00, 3.00)
[Drone drone] Target position: (5.14, 0.00, 3.00)
[Drone drone] Target position: (5.14, 0.00, 3.00)
[Drone drone] Target position: (5.14, 0.00, 3.00)
[Drone drone] Target position: (5.14, 0.00, 3.00)
[Drone drone] Target position: (5.14, 0.00, 3.00)
[Drone drone] Target position: (5.14, 0.00, 3.00)
[Drone drone] Target position: (5.14, 0.00, 3.00)
[Drone drone] Target position: (5.14, 0.00, 3.00)
[Drone drone] Target position: (5.14, 0.00, 3.00)
[Drone drone] Target position: (5.14, 0.00, 3.00)
[Drone drone] Target position: (5.14, 0.00, 3.00)
[Drone drone] Target position: (5.14, 0.00, 3.00)
[Drone drone] Target position: (5.14, 0.00, 3.00)
[Drone drone] Target position: (5.14, 0.00, 3.00)
[Drone drone] Target position: (5.14, 0.00, 3.00)
[Drone drone] Target position: (5.14, 0.00, 3.00)
[Drone drone] Target position: (5.14, 0.00, 3.00)
[Drone drone] Target position: (5.14, 0.00, 3.00)
[Drone drone] Target position: (5.14, 0.00, 3.00)
[Drone drone] Target position: (5.14, 0.00, 3.00)
[Drone drone] Target position: (5.14, 0.00, 3.00)
[Drone drone] Target position: (5.14, 0.00, 3.00)
[Drone drone] Target position: (5.14, 0.00, 3.00)
[Drone drone] Target position: (5.14, 0.00, 3.00)
[Drone drone] Target position: (5.14, 0.00, 3.00)
[Drone drone] Target position: (5.14, 0.00, 3.00)
[Drone drone] Target position: (5.14, 0.00, 3.00)
[Drone drone] Target position: (5.14, 0.00, 3.00)
[Drone drone] Target position: (5.14, 0.00, 3.00)
[Drone drone] Target position: (5.14, 0.00, 3.00)
[Drone drone] Target position: (5.14, 0.00, 3.00)
[Drone drone] Target position: (5.14, 0.00, 3.00)
[Drone drone] Target position: (5.14, 0.00, 3.00)
[Drone drone] Target position: (5.14, 0.00, 3.00)
[Drone drone] Target position: (5.14, 0.00, 3.00)
[Drone drone] Target position: (5.14, 0.00, 3.00)
[Drone drone] Target position: (5.14, 0.00, 3.00)
[Drone drone] Target position: (5.14, 0.00, 3.00)
[Drone drone] Target position: (5.14, 0.00, 3.00)
[Drone drone] Target position: (5.14, 0.00, 3.00)
[Drone drone] Target position: (5.14, 0.00, 3.00)
[Drone drone] Target position: (5.14, 0.00, 3.00)
[Drone drone] Target position: (5.14, 0.00, 3.00)
[Drone drone] Target position: (5.14, 0.00, 3.00)
[Drone drone] Target position: (5.14, 0.00, 3.00)
[Drone drone] Target position: (5.14, 0.00, 3.00)
[Drone drone] Target position: (5.14, 0.00, 3.00)
[Drone drone] Target position: (5.14, 0.00, 3.00)
[Drone drone] Target position: (5.14, 0.00, 3.00)
[Drone drone] Target position: (5.14, 0.00, 3.00)
[Drone drone] Target position: (5.14, 0.00, 3.00)
[Drone drone] Target position: (5.14, 0.00, 3.00)
[Drone drone] Target position: (5.14, 0.00, 3.00)
[Drone drone] Target position: (5.14, 0.00, 3.00)
[Drone drone] Target position: (5.14, 0.00, 3.00)
[Drone drone] Target position: (5.14, 0.00, 3.00)
[Drone drone] Target position: (5.14, 0.00, 3.00)
[Drone drone] Target position: (5.14, 0.00, 3.00)
[Drone drone] Target position: (5.14, 0.00, 3.00)
[Drone drone] Target position: (5.14, 0.00, 3.00)
[Drone drone] Target position: (5.14, 0.00, 3.00)
[Drone drone] Target position: (5.14, 0.00, 3.00)
[Drone drone] Target position: (5.14, 0.00, 3.00)
[Drone drone] Target position: (5.14, 0.00, 3.00)
[Drone drone] Target position: (5.14, 0.00, 3.00)
[Drone drone] Target position: (5.14, 0.00, 3.00)
[Drone drone] Target position: (5.14, 0.00, 3.00)
[Drone drone] Target position: (5.14, 0.00, 3.00)
[Drone drone] Target position: (5.14, 0.00, 3.00)
[Drone drone] Target position: (5.14, 0.00, 3.00)
[Drone drone] Target position: (5.14, 0.00, 3.00)
[Drone drone] Target position: (5.14, 0.00, 3.00)
[Drone drone] Target position: (5.14, 0.00, 3.00)
[Drone drone] Target position: (5.14, 0.00, 3.00)
[Drone drone] Target position: (5.14, 0.00, 3.00)
[Drone drone] Target position: (5.14, 0.00, 3.00)
[Drone drone] Target position: (5.14, 0.00, 3.00)
[Drone drone] Target position: (5.14, 0.00, 3.00)
[Drone drone] Target position: (5.14, 0.00, 3.00)
[Drone drone] Target position: (5.14, 0.00, 3.00)
[Drone drone] Target position: (5.14, 0.00, 3.00)
[Drone drone] Target position: (5.14, 0.00, 3.00)
[Drone drone] Target position: (5.14, 0.00, 3.00)
[Drone drone] Target position: (5.14, 0.00, 3.00)
[Drone drone] Target position: (5.14, 0.00, 3.00)
[Drone drone] Target position: (5.14, 0.00, 3.00)
[Drone drone] Target position: (5.14, 0.00, 3.00)
[Drone drone] Target position: (5.14, 0.00, 3.00)
[Drone drone] Target position: (5.14, 0.00, 3.00)
[Drone drone] Target position: (5.14, 0.00, 3.00)
[Drone drone] Target position: (5.14, 0.00, 3.00)
[Drone drone] Target position: (5.14, 0.00, 3.00)
[Drone drone] Target position: (5.14, 0.00, 3.00)
[Drone drone] Target position: (5.14, 0.00, 3.00)
[Drone drone] Target position: (5.14, 0.00, 3.00)
[Drone drone] Target position: (5.14, 0.00, 3.00)
[Drone drone] Target position: (5.14, 0.00, 3.00)
[Drone drone] Target position: (5.14, 0.00, 3.00)
[Drone drone] Target position: (5.14, 0.00, 3.00)
[Drone drone] Target position: (5.14, 0.00, 3.00)
[Drone drone] Target position: (5.14, 0.00, 3.00)
[Drone drone] Target position: (5.14, 0.00, 3.00)
[Drone drone] Target position: (5.15, 0.00, 3.00)
[Drone drone] Target position: (5.15, 0.00, 3.00)
[Drone drone] Target position: (5.15, 0.00, 3.00)
[Drone drone] Target position: (5.15, 0.00, 3.00)
[Drone drone] Target position: (5.15, 0.00, 3.00)
[Drone drone] Target position: (5.15, 0.00, 3.00)
[Drone drone] Target position: (5.15, 0.00, 3.00)
[Drone drone] Target position: (5.15, 0.00, 3.00)
[Drone drone] Target position: (5.15, 0.00, 3.00)
[Drone drone] Target position: (5.15, 0.00, 3.00)
[Drone drone] Target position: (5.15, 0.00, 3.00)
[Drone drone] Target position: (5.15, 0.00, 3.00)
[Drone drone] Target position: (5.15, 0.00, 3.00)
[Drone drone] Target position: (5.16, 0.00, 3.00)
[Drone drone] Target position: (5.16, 0.00, 3.00)
[Drone drone] Target position: (5.16, 0.00, 3.00)
[Drone drone] Target position: (5.16, 0.00, 3.00)
[Drone drone] Target position: (5.16, 0.00, 3.00)
[Drone drone] Target position: (5.16, 0.00, 3.00)
[Drone drone] Target position: (5.16, 0.00, 3.00)
[Drone drone] Target position: (5.16, 0.00, 3.00)
[Drone drone] Target position: (5.16, 0.00, 3.00)
[Drone drone] Target position: (5.16, 0.00, 3.00)
[Drone drone] Target position: (5.16, 0.00, 3.00)
[Drone drone] Target position: (5.16, 0.00, 3.00)
[Drone drone] Target position: (5.16, 0.00, 3.00)
[Drone drone] Target position: (5.16, 0.00, 3.00)
[Drone drone] Target position: (5.17, 0.00, 3.00)
[Drone drone] Target position: (5.17, 0.00, 3.00)
[Drone drone] Target position: (5.17, 0.00, 3.00)
[Drone drone] Target position: (5.17, 0.00, 3.00)
[Drone drone] Target position: (5.17, 0.00, 3.00)
[Drone drone] Target position: (5.17, 0.00, 3.00)
[Drone drone] Target position: (5.17, 0.00, 3.00)
[Drone drone] Target position: (5.17, 0.00, 3.00)
[Drone drone] Target position: (5.17, 0.00, 3.00)
[Drone drone] Target position: (5.17, 0.00, 3.00)
[Drone drone] Target position: (5.17, 0.00, 3.00)
[Drone drone] Target position: (5.17, 0.00, 3.00)
[Drone drone] Target position: (5.17, 0.00, 3.00)
[Drone drone] Target position: (5.17, 0.00, 3.00)
[Drone drone] Target position: (5.17, 0.00, 3.00)
[Drone drone] Target position: (5.17, 0.00, 3.00)
[Drone drone] Target position: (5.17, 0.00, 3.00)
[Drone drone] Target position: (5.17, 0.00, 3.00)
[Drone drone] Target position: (5.17, 0.00, 3.00)
[Drone drone] Target position: (5.17, 0.00, 3.00)
[Drone drone] Target position: (5.17, 0.00, 3.00)
[Drone drone] Target position: (5.18, 0.00, 3.00)
[Drone drone] Target position: (5.18, 0.00, 3.00)
[Drone drone] Target position: (5.18, 0.00, 3.00)
[Drone drone] Target position: (5.18, 0.00, 3.00)
[Drone drone] Target position: (5.18, 0.00, 3.00)
[Drone drone] Target position: (5.18, 0.00, 3.00)
[Drone drone] Target position: (5.18, 0.00, 3.00)
[Drone drone] Target position: (5.18, 0.00, 3.00)
[Drone drone] Target position: (5.18, 0.00, 3.00)
[Drone drone] Target position: (5.18, 0.00, 3.00)
[Drone drone] Target position: (5.18, 0.00, 3.00)
[Drone drone] Target position: (5.18, 0.00, 3.00)
[Drone drone] Target position: (5.18, 0.00, 3.00)
[Drone drone] Target position: (5.18, 0.00, 3.00)
[Drone drone] Target position: (5.18, 0.00, 3.00)
[Drone drone] Target position: (5.18, 0.00, 3.00)
[Drone drone] Target position: (5.18, 0.00, 3.00)
[Drone drone] Target position: (5.18, 0.00, 3.00)
[Drone drone] Target position: (5.18, 0.00, 3.00)
[Drone drone] Target position: (5.18, 0.00, 3.00)
[Drone drone] Target position: (5.18, 0.00, 3.00)
[Drone drone] Target position: (5.18, 0.00, 3.00)
[Drone drone] Target position: (5.18, 0.00, 3.00)
[Drone drone] Target position: (5.19, 0.00, 3.00)
[Drone drone] Target position: (5.19, 0.00, 3.00)
[Drone drone] Target position: (5.19, 0.00, 3.00)
[Drone drone] Target position: (5.19, 0.00, 3.00)
[Drone drone] Target position: (5.19, 0.00, 3.00)
[Drone drone] Target position: (5.19, 0.00, 3.00)
[Drone drone] Target position: (5.19, 0.00, 3.00)
[Drone drone] Target position: (5.19, 0.00, 3.00)
[Drone drone] Target position: (5.19, 0.00, 3.00)
[Drone drone] Target position: (5.19, 0.00, 3.00)
[Drone drone] Target position: (5.19, 0.00, 3.00)
[Drone drone] Target position: (5.19, 0.00, 3.00)
[Drone drone] Target position: (5.19, 0.00, 3.00)
[Drone drone] Target position: (5.19, 0.00, 3.00)
[Drone drone] Target position: (5.19, 0.00, 3.00)
[Drone drone] Target position: (5.19, 0.00, 3.00)
[Drone drone] Target position: (5.19, 0.00, 3.00)
[Drone drone] Target position: (5.19, 0.00, 3.00)
[Drone drone] Target position: (5.19, 0.00, 3.00)
[Drone drone] Target position: (5.19, 0.00, 3.00)
[Drone drone] Target position: (5.19, 0.00, 3.00)
[Drone drone] Target position: (5.19, 0.00, 3.00)
[Drone drone] Target position: (5.19, 0.00, 3.00)
[Drone drone] Target position: (5.19, 0.00, 3.00)
[Drone drone] Target position: (5.19, 0.00, 3.00)
[Drone drone] Target position: (5.19, 0.00, 3.00)
[Drone drone] Target position: (5.19, 0.00, 3.00)
[Drone drone] Target position: (5.19, 0.00, 3.00)
[Drone drone] Target position: (5.19, 0.00, 3.00)
[Drone drone] Target position: (5.19, 0.00, 3.00)
[Drone drone] Target position: (5.19, 0.00, 3.00)
[Drone drone] Target position: (5.19, 0.00, 3.00)
[Drone drone] Target position: (5.19, 0.00, 3.00)
[Drone drone] Target position: (5.19, 0.00, 3.00)
[Drone drone] Target position: (5.19, 0.00, 3.00)
[Drone drone] Target position: (5.19, 0.00, 3.00)
[Drone drone] Target position: (5.19, 0.00, 3.00)
[Drone drone] Target position: (5.19, 0.00, 3.00)
[Drone drone] Target position: (5.19, 0.00, 3.00)
[Drone drone] Target position: (5.19, 0.00, 3.00)
[Drone drone] Target position: (5.19, 0.00, 3.00)
[Drone drone] Target position: (5.19, 0.00, 3.00)
[Drone drone] Target position: (5.19, 0.00, 3.00)
[Drone drone] Target position: (5.19, 0.00, 3.00)
[Drone drone] Target position: (5.19, 0.00, 3.00)
[Drone drone] Target position: (5.19, 0.00, 3.00)
[Drone drone] Target position: (5.19, 0.00, 3.00)
[Drone drone] Target position: (5.19, 0.00, 3.00)
[Drone drone] Target position: (5.19, 0.00, 3.00)
[Drone drone] Target position: (5.19, 0.00, 3.00)
[Drone drone] Target position: (5.19, 0.00, 3.00)
[Drone drone] Target position: (5.19, 0.00, 3.00)
[Drone drone] Target position: (5.19, 0.00, 3.00)
[Drone drone] Target position: (5.19, 0.00, 3.00)
[Drone drone] Target position: (5.19, 0.00, 3.00)
[Drone drone] Target position: (5.19, 0.00, 3.00)
[Drone drone] Target position: (5.19, 0.00, 3.00)
[Drone drone] Target position: (5.19, 0.00, 3.00)
[Drone drone] Target position: (5.19, 0.00, 3.00)
[Drone drone] Target position: (5.19, 0.00, 3.00)
[Drone drone] Target position: (5.19, 0.00, 3.00)
[Drone drone] Target position: (5.19, 0.00, 3.00)
[Drone drone] Target position: (5.19, 0.00, 3.00)
[Drone drone] Target position: (5.19, 0.00, 3.00)
[Drone drone] Target position: (5.19, 0.00, 3.00)
[Drone drone] Target position: (5.19, 0.00, 3.00)
[Drone drone] Target position: (5.19, 0.00, 3.00)
[Drone drone] Target position: (5.19, 0.00, 3.00)
[Drone drone] Target position: (5.19, 0.00, 3.00)
[Drone drone] Target position: (5.19, 0.00, 3.00)
[Drone drone] Target position: (5.19, 0.00, 3.00)
[Drone drone] Target position: (5.19, 0.00, 3.00)
[Drone drone] Target position: (5.19, 0.00, 3.00)
[Drone drone] Target position: (5.19, 0.00, 3.00)
[Drone drone] Target position: (5.19, 0.00, 3.00)
[Drone drone] Target position: (5.19, 0.00, 3.00)
[Drone drone] Target position: (5.19, 0.00, 3.00)
[Drone drone] Target position: (5.19, 0.00, 3.00)
[Drone drone] Target position: (5.19, 0.00, 3.00)
[Drone drone] Target position: (5.19, 0.00, 3.00)
[Drone drone] Target position: (5.19, 0.00, 3.00)
[Drone drone] Target position: (5.19, 0.00, 3.00)
[Drone drone] Target position: (5.19, 0.00, 3.00)
[Drone drone] Target position: (5.19, 0.00, 3.00)
[Drone drone] Target position: (5.19, 0.00, 3.00)
[Drone drone] Target position: (5.19, 0.00, 3.00)
[Drone drone] Target position: (5.19, 0.00, 3.00)
[Drone drone] Target position: (5.19, 0.00, 3.00)
[Drone drone] Target position: (5.19, 0.00, 3.00)
[Drone drone] Target position: (5.19, 0.00, 3.00)
[Drone drone] Target position: (5.19, 0.00, 3.00)
[Drone drone] Target position: (5.19, 0.00, 3.00)
[Drone drone] Target position: (5.19, 0.00, 3.00)
[Drone drone] Target position: (5.19, 0.00, 3.00)
[Drone drone] Target position: (5.19, 0.00, 3.00)
[Drone drone] Target position: (5.19, 0.00, 3.00)
[Drone drone] Target position: (5.19, 0.00, 3.00)
[Drone drone] Target position: (5.19, 0.00, 3.00)
[Drone drone] Target position: (5.19, 0.00, 3.00)
[Drone drone] Target position: (5.19, 0.00, 3.00)
[Drone drone] Target position: (5.19, 0.00, 3.00)
[Drone drone] Target position: (5.19, 0.00, 3.00)
[Drone drone] Target position: (5.19, 0.00, 3.00)
[Drone drone] Target position: (5.19, 0.00, 3.00)
[Drone drone] Target position: (5.19, 0.00, 3.00)
[Drone drone] Target position: (5.19, 0.00, 3.00)
[Drone drone] Target position: (5.19, 0.00, 3.00)
[Drone drone] Target position: (5.19, 0.00, 3.00)
[Drone drone] Target position: (5.19, 0.00, 3.00)
[Drone drone] Target position: (5.19, 0.00, 3.00)
[Drone drone] Target position: (5.19, 0.00, 3.00)
[Drone drone] Target position: (5.19, 0.00, 3.00)
[Drone drone] Target position: (5.19, 0.00, 3.00)
[Drone drone] Target position: (5.19, 0.00, 3.00)
[Drone drone] Target position: (5.19, 0.00, 3.00)
[Drone drone] Target position: (5.19, 0.00, 3.00)
[Drone drone] Target position: (5.19, 0.00, 3.00)
[Drone drone] Target position: (5.19, 0.00, 3.00)
[Drone drone] Target position: (5.19, 0.00, 3.00)
[Drone drone] Target position: (5.19, 0.00, 3.00)
[Drone drone] Target position: (5.19, 0.00, 3.00)
[Drone drone] Target position: (5.19, 0.00, 3.00)
[Drone drone] Target position: (5.19, 0.00, 3.00)
[Drone drone] Target position: (5.19, 0.00, 3.00)
[Drone drone] Target position: (5.19, 0.00, 3.00)
[Drone drone] Target position: (5.19, 0.00, 3.00)
[Drone drone] Target position: (5.19, 0.00, 3.00)
[Drone drone] Target position: (5.19, 0.00, 3.00)
[Drone drone] Target position: (5.19, 0.00, 3.00)
[Drone drone] Target position: (5.19, 0.00, 3.00)
[Drone drone] Target position: (5.19, 0.00, 3.00)
[Drone drone] Target position: (5.19, 0.00, 3.00)
[Drone drone] Target position: (5.19, 0.00, 3.00)
[Drone drone] Target position: (5.19, 0.00, 3.00)
[Drone drone] Target position: (5.19, 0.00, 3.00)
[Drone drone] Target position: (5.19, 0.00, 3.00)
[Drone drone] Target position: (5.19, 0.00, 3.00)
[Drone drone] Target position: (5.19, 0.00, 3.00)
[Drone drone] Target position: (5.19, 0.00, 3.00)
[Drone drone] Target position: (5.19, 0.00, 3.00)
[Drone drone] Target position: (5.19, 0.00, 3.00)
[Drone drone] Target position: (5.19, 0.00, 3.00)
[Drone drone] Target position: (5.19, 0.00, 3.00)
[Drone drone] Target position: (5.19, 0.00, 3.00)
[Drone drone] Target position: (5.19, 0.00, 3.00)
[Drone drone] Target position: (5.19, 0.00, 3.00)
[Drone drone] Target position: (5.19, 0.00, 3.00)
[Drone drone] Target position: (5.19, 0.00, 3.00)
[Drone drone] Target position: (5.19, 0.00, 3.00)
[Drone drone] Target position: (5.19, 0.00, 3.00)
[Drone drone] Target position: (5.19, 0.00, 3.00)
[Drone drone] Target position: (5.19, 0.00, 3.00)
[Drone drone] Target position: (5.19, 0.00, 3.00)
[Drone drone] Target position: (5.19, 0.00, 3.00)
[Drone drone] Target position: (5.19, 0.00, 3.00)
[Drone drone] Target position: (5.19, 0.00, 3.00)
[Drone drone] Target position: (5.19, 0.00, 3.00)
[Drone drone] Target position: (5.19, 0.00, 3.00)
[Drone drone] Target position: (5.19, 0.00, 3.00)
[Drone drone] Target position: (5.19, 0.00, 3.00)
[Drone drone] Target position: (5.19, 0.00, 3.00)
[Drone drone] Target position: (5.19, 0.00, 3.00)
[Drone drone] Target position: (5.19, 0.00, 3.00)
[Drone drone] Target position: (5.19, 0.00, 3.00)
[Drone drone] Target position: (5.19, 0.00, 3.00)
[Drone drone] Target position: (5.19, 0.00, 3.00)
[Drone drone] Target position: (5.19, 0.00, 3.00)
[Drone drone] Target position: (5.19, 0.00, 3.00)
[Drone drone] Target position: (5.19, 0.00, 3.00)
[Drone drone] Target position: (5.19, 0.00, 3.00)
[Drone drone] Target position: (5.19, 0.00, 3.00)
[Drone drone] Target position: (5.19, 0.00, 3.00)
[Drone drone] Target position: (5.19, 0.00, 3.00)
[Drone drone] Target position: (5.19, 0.00, 3.00)
[Drone drone] Target position: (5.19, 0.00, 3.00)
[Drone drone] Target position: (5.19, 0.00, 3.00)
[Drone drone] Target position: (5.19, 0.00, 3.00)
[Drone drone] Target position: (5.19, 0.00, 3.00)
[Drone drone] Target position: (5.19, 0.00, 3.00)
[Drone drone] Target position: (5.19, 0.00, 3.00)
[Drone drone] Target position: (5.19, 0.00, 3.00)
[Drone drone] Target position: (5.19, 0.00, 3.00)
[Drone drone] Target position: (5.19, 0.00, 3.00)
[Drone drone] Target position: (5.19, 0.00, 3.00)
[Drone drone] Target position: (5.19, 0.00, 3.00)
[Drone drone] Target position: (5.19, 0.00, 3.00)
[Drone drone] Target position: (5.19, 0.00, 3.00)
[Drone drone] Target position: (5.19, 0.00, 3.00)
[Drone drone] Target position: (5.19, 0.00, 3.00)
[Drone drone] Target position: (5.19, 0.00, 3.00)
[Drone drone] Target position: (5.19, 0.00, 3.00)
[Drone drone] Target position: (5.19, 0.00, 3.00)
[Drone drone] Target position: (5.19, 0.00, 3.00)
[Drone drone] Target position: (5.19, 0.00, 3.00)
[Drone drone] Target position: (5.19, 0.00, 3.00)
[Drone drone] Target position: (5.19, 0.00, 3.00)
[Drone drone] Target position: (5.19, 0.00, 3.00)
[Drone drone] Target position: (5.19, 0.00, 3.00)
[Drone drone] Target position: (5.19, 0.00, 3.00)
[Drone drone] Target position: (5.19, 0.00, 3.00)
[Drone drone] Target position: (5.19, 0.00, 3.00)
[Drone drone] Target position: (5.19, 0.00, 3.00)
[Drone drone] Target position: (5.19, 0.00, 3.00)
[Drone drone] Target position: (5.19, 0.00, 3.00)
[Drone drone] Target position: (5.19, 0.00, 3.00)
[Drone drone] Target position: (5.19, 0.00, 3.00)
[Drone drone] Target position: (5.19, 0.00, 3.00)
[Drone drone] Target position: (5.19, 0.00, 3.00)
[Drone drone] Target position: (5.19, 0.00, 3.00)
[Drone drone] Target position: (5.19, 0.00, 3.00)
[Drone drone] Target position: (5.19, 0.00, 3.00)
[Drone drone] Target position: (5.19, 0.00, 3.00)
[Drone drone] Target position: (5.19, 0.00, 3.00)
[Drone drone] Target position: (5.19, 0.00, 3.00)
[Drone drone] Target position: (5.19, 0.00, 3.00)
[Drone drone] Target position: (5.19, 0.00, 3.00)
[Drone drone] Target position: (5.19, 0.00, 3.00)
[Drone drone] Target position: (5.19, 0.00, 3.00)
[Drone drone] Target position: (5.19, 0.00, 3.00)
[Drone drone] Target position: (5.19, 0.00, 3.00)
[Drone drone] Target position: (5.19, 0.00, 3.00)
[Drone drone] Target position: (5.19, 0.00, 3.00)
[Drone drone] Target position: (5.19, 0.00, 3.00)
[Drone drone] Target position: (5.19, 0.00, 3.00)
[Drone drone] Target position: (5.19, 0.00, 3.00)
[Drone drone] Target position: (5.19, 0.00, 3.00)
[Drone drone] Target position: (5.19, 0.00, 3.00)
[Drone drone] Target position: (5.19, 0.00, 3.00)
[Drone drone] Target position: (5.19, 0.00, 3.00)
[Drone drone] Target position: (5.19, 0.00, 3.00)
[Drone drone] Target position: (5.19, 0.00, 3.00)
[Drone drone] Target position: (5.19, 0.00, 3.00)
[Drone drone] Target position: (5.19, 0.00, 3.00)
[Drone drone] Target position: (5.19, 0.00, 3.00)
[Drone drone] Target position: (5.19, 0.00, 3.00)
[Drone drone] Target position: (5.19, 0.00, 3.00)
[Drone drone] Target position: (5.19, 0.00, 3.00)
[Drone drone] Target position: (5.19, 0.00, 3.00)
[Drone drone] Target position: (5.19, 0.00, 3.00)
[Drone drone] Target position: (5.19, 0.00, 3.00)
[Drone drone] Target position: (5.19, 0.00, 3.00)
[Drone drone] Target position: (5.19, 0.00, 3.00)
[Drone drone] Target position: (5.19, 0.00, 3.00)
[Drone drone] Target position: (5.19, 0.00, 3.00)
[Drone drone] Target position: (5.19, 0.00, 3.00)
[Drone drone] Target position: (5.19, 0.00, 3.00)
[Drone drone] Target position: (5.19, 0.00, 3.00)
[Drone drone] Target position: (5.19, 0.00, 3.00)
[Drone drone] Target position: (5.19, 0.00, 3.00)
[Drone drone] Target position: (5.19, 0.00, 3.00)
[Drone drone] Target position: (5.19, 0.00, 3.00)
[Drone drone] Target position: (5.19, 0.00, 3.00)
[Drone drone] Target position: (5.19, 0.00, 3.00)
[Drone drone] Target position: (5.19, 0.00, 3.00)
[Drone drone] Target position: (5.19, 0.00, 3.00)
[Drone drone] Target position: (5.19, 0.00, 3.00)
[Drone drone] Target position: (5.19, 0.00, 3.00)
[Drone drone] Target position: (5.19, 0.00, 3.00)
[Drone drone] Target position: (5.19, 0.00, 3.00)
[Drone drone] Target position: (5.19, 0.00, 3.00)
[Drone drone] Target position: (5.19, 0.00, 3.00)
[Drone drone] Target position: (5.19, 0.00, 3.00)
[Drone drone] Target position: (5.19, 0.00, 3.00)
[Drone drone] Target position: (5.19, 0.00, 3.00)
[Drone drone] Target position: (5.19, 0.00, 3.00)
[Drone drone] Target position: (5.19, 0.00, 3.00)
[Drone drone] Target position: (5.19, 0.00, 3.00)
[Drone drone] Target position: (5.19, 0.00, 3.00)
[Drone drone] Target position: (5.19, 0.00, 3.00)
[Drone drone] Target position: (5.19, 0.00, 3.00)
[Drone drone] Target position: (5.19, 0.00, 3.00)
[Drone drone] Target position: (5.19, 0.00, 3.00)
[Drone drone] Target position: (5.19, 0.00, 3.00)
[Drone drone] Target position: (5.19, 0.00, 3.00)
[Drone drone] Target position: (5.19, 0.00, 3.00)
[Drone drone] Target position: (5.19, 0.00, 3.00)
[Drone drone] Target position: (5.19, 0.00, 3.00)
[Drone drone] Target position: (5.19, 0.00, 3.00)
[Drone drone] Target position: (5.19, 0.00, 3.00)
[Drone drone] Target position: (5.19, 0.00, 3.00)
[Drone drone] Target position: (5.19, 0.00, 3.00)
[Drone drone] Target position: (5.19, 0.00, 3.00)
[Drone drone] Target position: (5.19, 0.00, 3.00)
[Drone drone] Target position: (5.19, 0.00, 3.00)
[Drone drone] Target position: (5.19, 0.00, 3.00)
[Drone drone] Target position: (5.19, 0.00, 3.00)
[Drone drone] Target position: (5.19, 0.00, 3.00)
[Drone drone] Target position: (5.19, 0.00, 3.00)
[Drone drone] Target position: (5.19, 0.00, 3.00)
[Drone drone] Target position: (5.19, 0.00, 3.00)
[Drone drone] Target position: (5.19, 0.00, 3.00)
[Drone drone] Target position: (5.19, 0.00, 3.00)
[Drone drone] Target position: (5.19, 0.00, 3.00)
[Drone drone] Target position: (5.19, 0.00, 3.00)
[Drone drone] Target position: (5.19, 0.00, 3.00)
[Drone drone] Target position: (5.19, 0.00, 3.00)
[Drone drone] Target position: (5.19, 0.00, 3.00)
[Drone drone] Target position: (5.19, 0.00, 3.00)
[Drone drone] Target position: (5.19, 0.00, 3.00)
[Drone drone] Target position: (5.19, 0.00, 3.00)
[Drone drone] Target position: (5.19, 0.00, 3.00)
[Drone drone] Target position: (5.19, 0.00, 3.00)
[Drone drone] Target position: (5.19, 0.00, 3.00)
[Drone drone] Target position: (5.19, 0.00, 3.00)
[Drone drone] Target position: (5.19, 0.00, 3.00)
[Drone drone] Target position: (5.19, 0.00, 3.00)
[Drone drone] Target position: (5.19, 0.00, 3.00)
[Drone drone] Target position: (5.19, 0.00, 3.00)
[Drone drone] Target position: (5.19, 0.00, 3.00)
[Drone drone] Target position: (5.19, 0.00, 3.00)
[Drone drone] Target position: (5.19, 0.00, 3.00)
[Drone drone] Target position: (5.19, 0.00, 3.00)
[Drone drone] Target position: (5.19, 0.00, 3.00)
[Drone drone] Target position: (5.19, 0.00, 3.00)
[Drone drone] Target position: (5.19, 0.00, 3.00)
[Drone drone] Target position: (5.19, 0.00, 3.00)
[Drone drone] Target position: (5.19, 0.00, 3.00)
[Drone drone] Target position: (5.19, 0.00, 3.00)
[Drone drone] Target position: (5.19, 0.00, 3.00)
[Drone drone] Target position: (5.19, 0.00, 3.00)
[Drone drone] Target position: (5.19, 0.00, 3.00)
[Drone drone] Target position: (5.19, 0.00, 3.00)
[Drone drone] Target position: (5.19, 0.00, 3.00)
[Drone drone] Target position: (5.19, 0.00, 3.00)
[Drone drone] Target position: (5.19, 0.00, 3.00)
[Drone drone] Target position: (5.19, 0.00, 3.00)
[Drone drone] Target position: (5.19, 0.00, 3.00)
[Drone drone] Target position: (5.19, 0.00, 3.00)
[Drone drone] Target position: (5.19, 0.00, 3.00)
[Drone drone] Target position: (5.19, 0.00, 3.00)
[Drone drone] Target position: (5.19, 0.00, 3.00)
[Drone drone] Target position: (5.19, 0.00, 3.00)
[Drone drone] Target position: (5.19, 0.00, 3.00)
[Drone drone] Target position: (5.19, 0.00, 3.00)
[Drone drone] Target position: (5.19, 0.00, 3.00)
[Drone drone] Target position: (5.19, 0.00, 3.00)
[Drone drone] Target position: (5.19, 0.00, 3.00)
[Drone drone] Target position: (5.19, 0.00, 3.00)
[Drone drone] Target position: (5.19, 0.00, 3.00)
[Drone drone] Target position: (5.19, 0.00, 3.00)
[Drone drone] Target position: (5.19, 0.00, 3.00)
[Drone drone] Target position: (5.19, 0.00, 3.00)
[Drone drone] Target position: (5.19, 0.00, 3.00)
[Drone drone] Target position: (5.19, 0.00, 3.00)
[Drone drone] Target position: (5.19, 0.00, 3.00)
[Drone drone] Target position: (5.19, 0.00, 3.00)
[Drone drone] Target position: (5.19, 0.00, 3.00)
[Drone drone] Target position: (5.19, 0.00, 3.00)
[Drone drone] Target position: (5.19, 0.00, 3.00)
[Drone drone] Target position: (5.19, 0.00, 3.00)
[Drone drone] Target position: (5.19, 0.00, 3.00)
[Drone drone] Target position: (5.19, 0.00, 3.00)
[Drone drone] Target position: (5.19, 0.00, 3.00)
[Drone drone] Target position: (5.19, 0.00, 3.00)
[Drone drone] Target position: (5.19, 0.00, 3.00)
[Drone drone] Target position: (5.19, 0.00, 3.00)
[Drone drone] Target position: (5.19, 0.00, 3.00)
[Drone drone] Target position: (5.19, 0.00, 3.00)
[Drone drone] Target position: (5.19, 0.00, 3.00)
[Drone drone] Target position: (5.19, 0.00, 3.00)
[Drone drone] Target position: (5.19, 0.00, 3.00)
[Drone drone] Target position: (5.19, 0.00, 3.00)
[Drone drone] Target position: (5.19, 0.00, 3.00)
[Drone drone] Target position: (5.19, 0.00, 3.00)
[Drone drone] Target position: (5.19, 0.00, 3.00)
[Drone drone] Target position: (5.19, 0.00, 3.00)
[Drone drone] Target position: (5.19, 0.00, 3.00)
[Drone drone] Target position: (5.19, 0.00, 3.00)
[Drone drone] Target position: (5.19, 0.00, 3.00)
[Drone drone] Target position: (5.19, 0.00, 3.00)
[Drone drone] Target position: (5.19, 0.00, 3.00)
[Drone drone] Target position: (5.19, 0.00, 3.00)
[Drone drone] Target position: (5.19, 0.00, 3.00)
[Drone drone] Target position: (5.19, 0.00, 3.00)
[Drone drone] Target position: (5.19, 0.00, 3.00)
[Drone drone] Target position: (5.19, 0.00, 3.00)
[Drone drone] Target position: (5.19, 0.00, 3.00)
[Drone drone] Target position: (5.19, 0.00, 3.00)
[Drone drone] Target position: (5.19, 0.00, 3.00)
[Drone drone] Target position: (5.19, 0.00, 3.00)
[Drone drone] Target position: (5.19, 0.00, 3.00)
[Drone drone] Target position: (5.19, 0.00, 3.00)
[Drone drone] Target position: (5.19, 0.00, 3.00)
[Drone drone] Target position: (5.19, 0.00, 3.00)
[Drone drone] Target position: (5.19, 0.00, 3.00)
[Drone drone] Target position: (5.19, 0.00, 3.00)
[Drone drone] Target position: (5.19, 0.00, 3.00)
[Drone drone] Target position: (5.19, 0.00, 3.00)
[Drone drone] Target position: (5.19, 0.00, 3.00)
[Drone drone] Target position: (5.19, 0.00, 3.00)
[Drone drone] Target position: (5.19, 0.00, 3.00)
[Drone drone] Target position: (5.19, 0.00, 3.00)
[Drone drone] Target position: (5.19, 0.00, 3.00)
[Drone drone] Target position: (5.19, 0.00, 3.00)
[Drone drone] Target position: (5.19, 0.00, 3.00)
[Drone drone] Target position: (5.19, 0.00, 3.00)
[Drone drone] Target position: (5.19, 0.00, 3.00)
[Drone drone] Target position: (5.19, 0.00, 3.00)
[Drone drone] Target position: (5.19, 0.00, 3.00)
[Drone drone] Target position: (5.19, 0.00, 3.00)
[Drone drone] Target position: (5.19, 0.00, 3.00)
[Drone drone] Target position: (5.19, 0.00, 3.00)
[Drone drone] Target position: (5.19, 0.00, 3.00)
[Drone drone] Target position: (5.19, 0.00, 3.00)
[Drone drone] Target position: (5.19, 0.00, 3.00)
[Drone drone] Target position: (5.19, 0.00, 3.00)
[Drone drone] Target position: (5.19, 0.00, 3.00)
[Drone drone] Target position: (5.19, 0.00, 3.00)
[Drone drone] Target position: (5.19, 0.00, 3.00)
[Drone drone] Target position: (5.19, 0.00, 3.00)
[Drone drone] Target position: (5.19, 0.00, 3.00)
[Drone drone] Target position: (5.19, 0.00, 3.00)
[Drone drone] Target position: (5.19, 0.00, 3.00)
[Drone drone] Target position: (5.19, 0.00, 3.00)
[Drone drone] Target position: (5.19, 0.00, 3.00)
[Drone drone] Target position: (5.19, 0.00, 3.00)
[Drone drone] Target position: (5.19, 0.00, 3.00)
[Drone drone] Target position: (5.19, 0.00, 3.00)
[Drone drone] Target position: (5.19, 0.00, 3.00)
[Drone drone] Target position: (5.19, 0.00, 3.00)
[Drone drone] Target position: (5.19, 0.00, 3.00)
[Drone drone] Target position: (5.19, 0.00, 3.00)
[Drone drone] Target position: (5.19, 0.00, 3.00)
[Drone drone] Target position: (5.19, 0.00, 3.00)
[Drone drone] Target position: (5.19, 0.00, 3.00)
[Drone drone] Target position: (5.19, 0.00, 3.00)
[Drone drone] Target position: (5.19, 0.00, 3.00)
[Drone drone] Target position: (5.19, 0.00, 3.00)
[Drone drone] Target position: (5.19, 0.00, 3.00)
[Drone drone] Target position: (5.19, 0.00, 3.00)
[Drone drone] Target position: (5.19, 0.00, 3.00)
[Drone drone] Target position: (5.19, 0.00, 3.00)
[Drone drone] Target position: (5.19, 0.00, 3.00)
[Drone drone] Target position: (5.19, 0.00, 3.00)
[Drone drone] Target position: (5.19, 0.00, 3.00)
[Drone drone] Target position: (5.19, 0.00, 3.00)
[Drone drone] Target position: (5.19, 0.00, 3.00)
[Drone drone] Target position: (5.19, 0.00, 3.00)
[Drone drone] Target position: (5.19, 0.00, 3.00)
[Drone drone] Target position: (5.19, 0.00, 3.00)
[Drone drone] Target position: (5.19, 0.00, 3.00)
[Drone drone] Target position: (5.19, 0.00, 3.00)
[Drone drone] Target position: (5.19, 0.00, 3.00)
[Drone drone] Target position: (5.19, 0.00, 3.00)
[Drone drone] Target position: (5.19, 0.00, 3.00)
[Drone drone] Target position: (5.19, 0.00, 3.00)
[Drone drone] Target position: (5.19, 0.00, 3.00)
[Drone drone] Target position: (5.19, 0.00, 3.00)
[Drone drone] Target position: (5.19, 0.00, 3.00)
[Drone drone] Target position: (5.19, 0.00, 3.00)
[Drone drone] Target position: (5.19, 0.00, 3.00)
[Drone drone] Target position: (5.19, 0.00, 3.00)
[Drone drone] Target position: (5.19, 0.00, 3.00)
[Drone drone] Target position: (5.19, 0.00, 3.00)
[Drone drone] Target position: (5.19, 0.00, 3.00)
[Drone drone] Target position: (5.19, 0.00, 3.00)
[Drone drone] Target position: (5.19, 0.00, 3.00)
[Drone drone] Target position: (5.19, 0.00, 3.00)
[Drone drone] Target position: (5.19, 0.00, 3.00)
[Drone drone] Target position: (5.19, 0.00, 3.00)
[Drone drone] Target position: (5.19, 0.00, 3.00)
[Drone drone] Target position: (5.19, 0.00, 3.00)
[Drone drone] Target position: (5.19, 0.00, 3.00)
[Drone drone] Target position: (5.19, 0.00, 3.00)
[Drone drone] Target position: (5.19, 0.00, 3.00)
[Drone drone] Target position: (5.19, 0.00, 3.00)
[Drone drone] Target position: (5.19, 0.00, 3.00)
[Drone drone] Target position: (5.19, 0.00, 3.00)
[Drone drone] Target position: (5.19, 0.00, 3.00)
[Drone drone] Target position: (5.19, 0.00, 3.00)
[Drone drone] Target position: (5.19, 0.00, 3.00)
[Drone drone] Target position: (5.19, 0.00, 3.00)
[Drone drone] Target position: (5.19, 0.00, 3.00)
[Drone drone] Target position: (5.19, 0.00, 3.00)
[Drone drone] Target position: (5.19, 0.00, 3.00)
[Drone drone] Target position: (5.19, 0.00, 3.00)
[Drone drone] Target position: (5.19, 0.00, 3.00)
[Drone drone] Target position: (5.19, 0.00, 3.00)
[Drone drone] Target position: (5.19, 0.00, 3.00)
[Drone drone] Target position: (5.19, 0.00, 3.00)
[Drone drone] Target position: (5.19, 0.00, 3.00)
[Drone drone] Target position: (5.19, 0.00, 3.00)
[Drone drone] Target position: (5.19, 0.00, 3.00)
[Drone drone] Target position: (5.19, 0.00, 3.00)
[Drone drone] Target position: (5.19, 0.00, 3.00)
[Drone drone] Target position: (5.19, 0.00, 3.00)
[Drone drone] Target position: (5.19, 0.00, 3.00)
[Drone drone] Target position: (5.19, 0.00, 3.00)
[Drone drone] Target position: (5.19, 0.00, 3.00)
[Drone drone] Target position: (5.19, 0.00, 3.00)
[Drone drone] Target position: (5.19, 0.00, 3.00)
[Drone drone] Target position: (5.19, 0.00, 3.00)
[Drone drone] Target position: (5.19, 0.00, 3.00)
[Drone drone] Target position: (5.19, 0.00, 3.00)
[Drone drone] Target position: (5.19, 0.00, 3.00)
[Drone drone] Target position: (5.19, 0.00, 3.00)
[Drone drone] Target position: (5.19, 0.00, 3.00)
[Drone drone] Target position: (5.19, 0.00, 3.00)
[Drone drone] Target position: (5.19, 0.00, 3.00)
[Drone drone] Target position: (5.19, 0.00, 3.00)
[Drone drone] Target position: (5.19, 0.00, 3.00)
[Drone drone] Target position: (5.19, 0.00, 3.00)
[Drone drone] Target position: (5.19, 0.00, 3.00)
[Drone drone] Target position: (5.19, 0.00, 3.00)
[Drone drone] Target position: (5.19, 0.00, 3.00)
[Drone drone] Target position: (5.19, 0.00, 3.00)
[Drone drone] Target position: (5.19, 0.00, 3.00)
[Drone drone] Target position: (5.19, 0.00, 3.00)
[Drone drone] Target position: (5.19, 0.00, 3.00)
[Drone drone] Target position: (5.19, 0.00, 3.00)
[Drone drone] Target position: (5.19, 0.00, 3.00)
[Drone drone] Target position: (5.19, 0.00, 3.00)
[Drone drone] Target position: (5.19, 0.00, 3.00)
[Drone drone] Target position: (5.19, 0.00, 3.00)
[Drone drone] Target position: (5.19, 0.00, 3.00)
[Drone drone] Target position: (5.19, 0.00, 3.00)
[Drone drone] Target position: (5.19, 0.00, 3.00)
[Drone drone] Target position: (5.19, 0.00, 3.00)
[Drone drone] Target position: (5.19, 0.00, 3.00)
[Drone drone] Target position: (5.19, 0.00, 3.00)
[Drone drone] Target position: (5.19, 0.00, 3.00)
[Drone drone] Target position: (5.19, 0.00, 3.00)
[Drone drone] Target position: (5.19, 0.00, 3.00)
[Drone drone] Target position: (5.19, 0.00, 3.00)
[Drone drone] Target position: (5.19, 0.00, 3.00)
[Drone drone] Target position: (5.19, 0.00, 3.00)
[Drone drone] Target position: (5.19, 0.00, 3.00)
[Drone drone] Target position: (5.19, 0.00, 3.00)
[Drone drone] Target position: (5.19, 0.00, 3.00)
[Drone drone] Target position: (5.19, 0.00, 3.00)
[Drone drone] Target position: (5.19, 0.00, 3.00)
[Drone drone] Target position: (5.19, 0.00, 3.00)
[Drone drone] Target position: (5.19, 0.00, 3.00)
[Drone drone] Target position: (5.19, 0.00, 3.00)
[Drone drone] Target position: (5.19, 0.00, 3.00)
[Drone drone] Target position: (5.19, 0.00, 3.00)
[Drone drone] Target position: (5.19, 0.00, 3.00)
[Drone drone] Target position: (5.19, 0.00, 3.00)
[Drone drone] Target position: (5.19, 0.00, 3.00)
[Drone drone] Target position: (5.19, 0.00, 3.00)
[Drone drone] Target position: (5.19, 0.00, 3.00)
[Drone drone] Target position: (5.19, 0.00, 3.00)
[Drone drone] Target position: (5.19, 0.00, 3.00)
[Drone drone] Target position: (5.19, 0.00, 3.00)
[Drone drone] Target position: (5.19, 0.00, 3.00)
[Drone drone] Target position: (5.19, 0.00, 3.00)
[Drone drone] Target position: (5.19, 0.00, 3.00)
[Drone drone] Target position: (5.19, 0.00, 3.00)
[Drone drone] Target position: (5.19, 0.00, 3.00)
[Drone drone] Target position: (5.19, 0.00, 3.00)
[Drone drone] Target position: (5.19, 0.00, 3.00)
[Drone drone] Target position: (5.19, 0.00, 3.00)
[Drone drone] Target position: (5.19, 0.00, 3.00)
[Drone drone] Target position: (5.19, 0.00, 3.00)
[Drone drone] Target position: (5.19, 0.00, 3.00)
[Drone drone] Target position: (5.19, 0.00, 3.00)
[Drone drone] Target position: (5.19, 0.00, 3.00)
[Drone drone] Target position: (5.19, 0.00, 3.00)
[Drone drone] Target position: (5.19, 0.00, 3.00)
[Drone drone] Target position: (5.19, 0.00, 3.00)
[Drone drone] Target position: (5.19, 0.00, 3.00)
[Drone drone] Target position: (5.19, 0.00, 3.00)
[Drone drone] Target position: (5.19, 0.00, 3.00)
[Drone drone] Target position: (5.19, 0.00, 3.00)
[Drone drone] Target position: (5.19, 0.00, 3.00)
[Drone drone] Target position: (5.19, 0.00, 3.00)
[Drone drone] Target position: (5.19, 0.00, 3.00)
[Drone drone] Target position: (5.19, 0.00, 3.00)
[Drone drone] Target position: (5.19, 0.00, 3.00)
[Drone drone] Target position: (5.19, 0.00, 3.00)
[Drone drone] Target position: (5.19, 0.00, 3.00)
[Drone drone] Target position: (5.19, 0.00, 3.00)
[Drone drone] Target position: (5.19, 0.00, 3.00)
[Drone drone] Target position: (5.19, 0.00, 3.00)
[Drone drone] Target position: (5.19, 0.00, 3.00)
[Drone drone] Target position: (5.19, 0.00, 3.00)
[Drone drone] Target position: (5.19, 0.00, 3.00)
[Drone drone] Target position: (5.19, 0.00, 3.00)
[Drone drone] Target position: (5.19, 0.00, 3.00)
[Drone drone] Target position: (5.19, 0.00, 3.00)
[Drone drone] Target position: (5.19, 0.00, 3.00)
[Drone drone] Target position: (5.19, 0.00, 3.00)
[Drone drone] Target position: (5.19, 0.00, 3.00)
[Drone drone] Target position: (5.19, 0.00, 3.00)
[Drone drone] Target position: (5.19, 0.00, 3.00)
[Drone drone] Target position: (5.19, 0.00, 3.00)
[Drone drone] Target position: (5.19, 0.00, 3.00)
[Drone drone] Target position: (5.19, 0.00, 3.00)
[Drone drone] Target position: (5.19, 0.00, 3.00)
[Drone drone] Target position: (5.19, 0.00, 3.00)
[Drone drone] Target position: (5.19, 0.00, 3.00)
[Drone drone] Target position: (5.19, 0.00, 3.00)
[Drone drone] Target position: (5.19, 0.00, 3.00)
[Drone drone] Target position: (5.19, 0.00, 3.00)
[Drone drone] Target position: (5.19, 0.00, 3.00)
[Drone drone] Target position: (5.19, 0.00, 3.00)
[Drone drone] Target position: (5.19, 0.00, 3.00)
[Drone drone] Target position: (5.19, 0.00, 3.00)
[Drone drone] Target position: (5.19, 0.00, 3.00)
[Drone drone] Target position: (5.19, 0.00, 3.00)
[Drone drone] Target position: (5.19, 0.00, 3.00)
[Drone drone] Target position: (5.19, 0.00, 3.00)
[Drone drone] Target position: (5.19, 0.00, 3.00)
[Drone drone] Target position: (5.19, 0.00, 3.00)
[Drone drone] Target position: (5.19, 0.00, 3.00)
[Drone drone] Target position: (5.19, 0.00, 3.00)
[Drone drone] Target position: (5.19, 0.00, 3.00)
[Drone drone] Target position: (5.19, 0.00, 3.00)
[Drone drone] Target position: (5.19, 0.00, 3.00)
[Drone drone] Target position: (5.19, 0.00, 3.00)
[Drone drone] Target position: (5.19, 0.00, 3.00)
[Drone drone] Target position: (5.19, 0.00, 3.00)
[Drone drone] Target position: (5.19, 0.00, 3.00)
[Drone drone] Target position: (5.19, 0.00, 3.00)
[Drone drone] Target position: (5.19, 0.00, 3.00)
[Drone drone] Target position: (5.19, 0.00, 3.00)
[Drone drone] Target position: (5.19, 0.00, 3.00)
[Drone drone] Target position: (5.19, 0.00, 3.00)
[Drone drone] Target position: (5.19, 0.00, 3.00)
[Drone drone] Target position: (5.19, 0.00, 3.00)
[Drone drone] Target position: (5.19, 0.00, 3.00)
[Drone drone] Target position: (5.19, 0.00, 3.00)
[Drone drone] Target position: (5.19, 0.00, 3.00)
[Drone drone] Target position: (5.19, 0.00, 3.00)
[Drone drone] Target position: (5.19, 0.00, 3.00)
[Drone drone] Target position: (5.19, 0.00, 3.00)
[Drone drone] Target position: (5.19, 0.00, 3.00)
[Drone drone] Target position: (5.19, 0.00, 3.00)
[Drone drone] Target position: (5.19, 0.00, 3.00)
[Drone drone] Target position: (5.19, 0.00, 3.00)
[Drone drone] Target position: (5.19, 0.00, 3.00)
[Drone drone] Target position: (5.19, 0.00, 3.00)
[Drone drone] Target position: (5.19, 0.00, 3.00)
[Drone drone] Target position: (5.19, 0.00, 3.00)
[Drone drone] Target position: (5.19, 0.00, 3.00)
[Drone drone] Target position: (5.19, 0.00, 3.00)
[Drone drone] Target position: (5.19, 0.00, 3.00)
[Drone drone] Target position: (5.19, 0.00, 3.00)
[Drone drone] Target position: (5.19, 0.00, 3.00)
[Drone drone] Target position: (5.19, 0.00, 3.00)
[Drone drone] Target position: (5.19, 0.00, 3.00)
[Drone drone] Target position: (5.19, 0.00, 3.00)
[Drone drone] Target position: (5.19, 0.00, 3.00)
[Drone drone] Target position: (5.19, 0.00, 3.00)
[Drone drone] Target position: (5.19, 0.00, 3.00)
[Drone drone] Target position: (5.19, 0.00, 3.00)
[Drone drone] Target position: (5.19, 0.00, 3.00)
[Drone drone] Target position: (5.19, 0.00, 3.00)
[Drone drone] Target position: (5.19, 0.00, 3.00)
[Drone drone] Target position: (5.19, 0.00, 3.00)
[Drone drone] Target position: (5.19, 0.00, 3.00)
[Drone drone] Target position: (5.19, 0.00, 3.00)
[Drone drone] Target position: (5.19, 0.00, 3.00)
[Drone drone] Target position: (5.19, 0.00, 3.00)
[Drone drone] Target position: (5.19, 0.00, 3.00)
[Drone drone] Target position: (5.19, 0.00, 3.00)
[Drone drone] Target position: (5.19, 0.00, 3.00)
[Drone drone] Target position: (5.19, 0.00, 3.00)
[Drone drone] Target position: (5.19, 0.00, 3.00)
[Drone drone] Target position: (5.19, 0.00, 3.00)
[Drone drone] Target position: (5.19, 0.00, 3.00)
[Drone drone] Target position: (5.19, 0.00, 3.00)
[Drone drone] Target position: (5.19, 0.00, 3.00)
[Drone drone] Target position: (5.19, 0.00, 3.00)
[Drone drone] Target position: (5.19, 0.00, 3.00)
[Drone drone] Target position: (5.19, 0.00, 3.00)
[Drone drone] Target position: (5.19, 0.00, 3.00)
[Drone drone] Target position: (5.19, 0.00, 3.00)
[Drone drone] Target position: (5.19, 0.00, 3.00)
[Drone drone] Target position: (5.19, 0.00, 3.00)
[Drone drone] Target position: (5.19, 0.00, 3.00)
[Drone drone] Target position: (5.19, 0.00, 3.00)
[Drone drone] Target position: (5.19, 0.00, 3.00)
[Drone drone] Target position: (5.19, 0.00, 3.00)
[Drone drone] Target position: (5.19, 0.00, 3.00)
[Drone drone] Target position: (5.19, 0.00, 3.00)
[Drone drone] Target position: (5.19, 0.00, 3.00)
[Drone drone] Target position: (5.19, 0.00, 3.00)
[Drone drone] Target position: (5.19, 0.00, 3.00)
[Drone drone] Target position: (5.19, 0.00, 3.00)
[Drone drone] Target position: (5.19, 0.00, 3.00)
[Drone drone] Target position: (5.19, 0.00, 3.00)
[Drone drone] Target position: (5.19, 0.00, 3.00)
[Drone drone] Target position: (5.19, 0.00, 3.00)
[Drone drone] Target position: (5.19, 0.00, 3.00)
[Drone drone] Target position: (5.19, 0.00, 3.00)
[Drone drone] Target position: (5.19, 0.00, 3.00)
[Drone drone] Target position: (5.19, 0.00, 3.00)
