========================================
ResQoUnity Simulation Log
========================================
Timestamp:    Wed Jan 28 02:12:03 PM CST 2026
Robot Type:   go2
Robot Amount: 1
Terrain:      flat
Environment:  office
CPU Mode:     ENABLED (hardcoded for testing)
========================================

[INFO][AppLauncher]: Loading experience file: /home/kishi/IsaacLab-0.3.1/source/apps/orbit.python.kit
[Warning] [omni.isaac.kit.simulation_app] Modules: ['omniverse_sim'] were loaded before SimulationApp was started and might not be loaded correctly.
[Warning] [omni.isaac.kit.simulation_app] Please check to make sure no extra omniverse or pxr modules are imported before the call to SimulationApp(...)
Starting kit application with the following args:  ['/home/kishi/.local/share/ov/pkg/isaac-sim-2023.1.1/exts/omni.isaac.kit/omni/isaac/kit/simulation_app.py', '/home/kishi/IsaacLab-0.3.1/source/apps/orbit.python.kit', '--/app/tokens/exe-path=/home/kishi/.local/share/ov/pkg/isaac-sim-2023.1.1/kit', '--/persistent/app/viewport/displayOptions=3094', '--/rtx/materialDb/syncLoads=True', '--/rtx/hydra/materialSyncLoads=True', '--/omni.kit.plugin/syncUsdLoads=True', '--/app/renderer/resolution/width=1280', '--/app/renderer/resolution/height=720', '--/app/window/width=1440', '--/app/window/height=900', '--/renderer/multiGpu/enabled=True', '--/app/fastShutdown=True', '--ext-folder', '/home/kishi/.local/share/ov/pkg/isaac-sim-2023.1.1/exts', '--ext-folder', '/home/kishi/.local/share/ov/pkg/isaac-sim-2023.1.1/apps', '--/physics/cudaDevice=0', '--portable']
Passing the following args to the base kit application:  ['--robot', 'go2', '--robot_amount', '1', '--terrain', 'flat', '--custom_env', 'office', '--cpu']
Loading user config located at: '/home/kishi/.local/share/ov/pkg/isaac-sim-2023.1.1/kit/data/Kit/Isaac-Sim/2023.1/user.config.json'
[Info] [carb] Logging to file: /home/kishi/.local/share/ov/pkg/isaac-sim-2023.1.1/kit/logs/Kit/Isaac-Sim/2023.1/kit_20260128_141203.log
2026-01-28 20:12:03 [0ms] [Warning] [omni.kit.app.plugin] No crash reporter present, dumps uploading isn't available.
2026-01-28 20:12:03 [2ms] [Warning] [omni.ext.plugin] [ext: omni.replicator.core] Extensions config 'extension.toml' doesn't exist '/home/kishi/.local/share/ov/pkg/isaac-sim-2023.1.1/exts/omni.replicator.core' or '/home/kishi/.local/share/ov/pkg/isaac-sim-2023.1.1/exts/omni.replicator.core/config'
[0.032s] [ext: omni.kit.async_engine-0.0.0] startup
[0.165s] [ext: omni.activity.core-1.0.1] startup
[0.167s] [ext: omni.assets.plugins-0.0.0] startup
[0.167s] [ext: omni.stats-0.0.0] startup
[0.168s] [ext: omni.client-1.0.1] startup
[0.172s] [ext: omni.activity.profiler-1.0.2] startup
[0.173s] [ext: omni.gpu_foundation-0.0.0] startup
[0.180s] [ext: omni.rtx.shadercache.vulkan-1.0.0] startup
[0.181s] [ext: carb.windowing.plugins-1.0.0] startup
[0.186s] [ext: omni.kit.renderer.init-0.0.0] startup
2026-01-28 20:12:03 [261ms] [Warning] [gpu.foundation.plugin] Skipping unsupported non-NVIDIA GPU: Intel(R) UHD Graphics 770 (ADL-S GT1)
2026-01-28 20:12:03 [261ms] [Warning] [gpu.foundation.plugin] Skipping unsupported non-NVIDIA GPU: Intel(R) UHD Graphics 770 (ADL-S GT1)

|---------------------------------------------------------------------------------------------|
| Driver Version: 550.163.01    | Graphics API: Vulkan
|=============================================================================================|
| GPU | Name                             | Active | LDA | GPU Memory | Vendor-ID | LUID       |
|     |                                  |        |     |            | Device-ID | UUID       |
|     |                                  |        |     |            | Bus-ID    |            |
|---------------------------------------------------------------------------------------------|
| 0   | NVIDIA GeForce RTX 3080          | Yes: 0 |     | 10486   MB | 10de      | 0          |
|     |                                  |        |     |            | 2216      | 677e3bbe.. |
|     |                                  |        |     |            | 1         |            |
|---------------------------------------------------------------------------------------------|
| 1   | Intel(R) UHD Graphics 770 (ADL.. |        |     | 48010   MB | 8086      | 0          |
|     |                                  |        |     |            | 4680      | 86808046.. |
|     |                                  |        |     |            | 0         |            |
|=============================================================================================|
| OS: 22.04.5 LTS (Jammy Jellyfish) ubuntu, Version: 22.04.5, Kernel: 6.8.0-87-generic
| XServer Vendor: The X.Org Foundation, XServer Version: 12101004 (1.21.1.4)
| Processor: 12th Gen Intel(R) Core(TM) i9-12900K | Cores: 16 | Logical: 32
|---------------------------------------------------------------------------------------------|
| Total Memory (MB): 64013 | Free Memory: 55040
| Total Page/Swap (MB): 2047 | Free Page/Swap: 2047
|---------------------------------------------------------------------------------------------|
2026-01-28 20:12:03 [443ms] [Warning] [gpu.foundation.plugin] IOMMU is enabled. Found 12 items in /sys/kernel/iommu_groups/.
2026-01-28 20:12:03 [443ms] [Warning] [gpu.foundation.plugin] An input-output memory management unit (IOMMU) appears to be enabled on this system.
On bare-metal Linux systems, CUDA and the display driver do not support IOMMU-enabled PCIe peer to peer memory copy.
If you are on a bare-metal Linux system, please disable the IOMMU. Otherwise you risk image corruption and program instability.
This typically can be controlled via BIOS settings (Intel Virtualization Technology for Directed I/O (VT-d) or AMD I/O Virtualization Technology (AMD-Vi)) and kernel parameters (iommu, intel_iommu, amd_iommu).
Note that in virtual machines with GPU pass-through (vGPU) the IOMMU needs to be enabled.
Since we can not reliably detect whether this system is bare-metal or a virtual machine, we show this warning in any case when an IOMMU appears to be enabled.
2026-01-28 20:12:03 [443ms] [Warning] [gpu.foundation.plugin]  
2026-01-28 20:12:03 [443ms] [Warning] [gpu.foundation.plugin] -----------------------------------------------------------------------
2026-01-28 20:12:03 [443ms] [Warning] [gpu.foundation.plugin] !!!!! Local system validation failed! Incorrect configuration detected.
2026-01-28 20:12:03 [443ms] [Warning] [gpu.foundation.plugin]       Summary below. Details above.
2026-01-28 20:12:03 [443ms] [Warning] [gpu.foundation.plugin] -----------------------------------------------------------------------
2026-01-28 20:12:03 [443ms] [Warning] [gpu.foundation.plugin]  
2026-01-28 20:12:03 [443ms] [Warning] [gpu.foundation.plugin]  - ECC:                         OK
2026-01-28 20:12:03 [443ms] [Warning] [gpu.foundation.plugin]  - IOMMU:                       FAILED
2026-01-28 20:12:03 [443ms] [Warning] [gpu.foundation.plugin]  
2026-01-28 20:12:03 [443ms] [Warning] [gpu.foundation.plugin] -----------------------------------------------------------------------
[0.557s] [ext: omni.kit.pipapi-0.0.0] startup
[0.558s] [ext: omni.kit.pip_archive-0.0.0] startup
[0.559s] [ext: omni.pip.compute-1.2.0] startup
[0.559s] [ext: omni.pip.torch-2_0_1-2.0.2] startup
[0.584s] [ext: omni.pip.cloud-1.0.1] startup
[0.587s] [ext: omni.isaac.core_archive-2.2.1] startup
[0.587s] [ext: omni.isaac.ml_archive-1.1.3] startup
[0.587s] [ext: omni.kit.loop-isaac-1.1.0] startup
[0.588s] [ext: omni.kit.test-0.0.0] startup
[0.588s] [ext: omni.kit.telemetry-0.5.0] startup
[0.603s] [ext: omni.mtlx-0.1.0] startup
[0.603s] [ext: omni.usd.config-1.0.3] startup
[0.606s] [ext: omni.gpucompute.plugins-0.0.0] startup
[0.606s] [ext: omni.usd.libs-1.0.0] startup
[0.664s] [ext: omni.appwindow-1.1.5] startup
[0.907s] [ext: omni.kit.renderer.core-0.0.0] startup
[1.495s] [ext: omni.kit.renderer.capture-0.0.0] startup
[1.496s] [ext: omni.kit.renderer.imgui-0.0.0] startup
[1.537s] [ext: carb.audio-0.1.0] startup
[1.539s] [ext: omni.ui-2.18.5] startup
[1.546s] [ext: omni.uiaudio-1.0.0] startup
[1.546s] [ext: omni.kit.mainwindow-1.0.1] startup
[1.547s] [ext: omni.kit.uiapp-0.0.0] startup
[1.547s] [ext: omni.usd.schema.physics-0.0.0] startup
[1.619s] [ext: omni.usd.schema.omniscripting-1.0.0] startup
[1.624s] [ext: omni.usd.schema.scene.visualization-2.0.2] startup
[1.625s] [ext: omni.usd.schema.anim-0.0.0] startup
[1.639s] [ext: omni.usd.schema.geospatial-0.0.0] startup
[1.640s] [ext: omni.usd.schema.forcefield-0.0.0] startup
[1.643s] [ext: omni.usd.schema.physx-0.0.0] startup
[1.659s] [ext: omni.usd.schema.semantics-0.0.0] startup
[1.661s] [ext: omni.usd.schema.audio-0.0.0] startup
[1.664s] [ext: omni.usd.schema.isaac-2.0.1] startup
[1.668s] [ext: omni.usd.schema.omnigraph-1.0.0] startup
[1.672s] [ext: omni.usd_resolver-1.0.1] startup
[1.675s] [ext: omni.resourcemonitor-105.0.0] startup
[1.676s] [ext: omni.usd.core-1.1.8] startup
[1.679s] [ext: omni.graph.exec-0.3.0] startup
[1.679s] [ext: omni.timeline-1.0.9] startup
[1.680s] [ext: omni.kit.actions.core-1.0.0] startup
[1.681s] [ext: omni.kit.window.popup_dialog-2.0.23] startup
[1.684s] [ext: omni.hydra.usdrt_delegate-7.2.34] startup
[1.693s] [ext: omni.hydra.scene_delegate-0.3.2] startup
[1.698s] [ext: omni.kit.commands-1.4.6] startup
[1.700s] [ext: omni.kit.widget.nucleus_connector-1.1.4] startup
[1.701s] [ext: omni.kit.exec.core-0.5.0] startup
[1.703s] [ext: omni.kit.audiodeviceenum-1.0.1] startup
[1.703s] [ext: omni.kit.collaboration.telemetry-1.0.0] startup
[1.704s] [ext: omni.usd-1.10.18] startup
[1.732s] [ext: omni.kit.collaboration.channel_manager-1.0.11] startup
[1.732s] [ext: omni.kit.usd.layers-2.1.27] startup
[1.738s] [ext: omni.kit.menu.utils-1.5.6] startup
[1.744s] [ext: omni.iray.libs-0.0.0] startup
[1.747s] [ext: omni.kit.primitive.mesh-1.0.15] startup
[1.749s] [ext: omni.mdl.neuraylib-0.2.0] startup
[1.750s] [ext: omni.kit.stage_templates-1.1.20] startup
[1.750s] [ext: omni.mdl-0.2.1] startup
[1.761s] [ext: omni.kit.viewport.registry-104.0.5] startup
[1.762s] [ext: omni.kit.widget.nucleus_info-1.0.2] startup
[1.762s] [ext: omni.kit.helper.file_utils-0.1.6] startup
[1.780s] [ext: omni.kit.search_core-1.0.5] startup
[1.780s] [ext: omni.kit.widget.filebrowser-2.3.35] startup
[1.783s] [ext: omni.kit.widget.path_field-2.0.8] startup
[1.784s] [ext: omni.kit.notification_manager-1.0.6] startup
[1.784s] [ext: omni.kit.widget.browser_bar-2.0.9] startup
[1.785s] [ext: omni.ui.scene-1.7.0] startup
[1.788s] [ext: omni.inspect-1.0.1] startup
[1.789s] [ext: omni.kit.widget.search_delegate-1.0.4] startup
[1.790s] [ext: omni.kit.widget.versioning-1.4.6] startup
[1.791s] [ext: omni.hydra.engine.stats-1.0.1] startup
[1.794s] [ext: omni.graph.tools-1.41.3] startup
[1.803s] [ext: omni.graph.core-2.139.12] startup
[1.806s] [ext: omni.kit.clipboard-1.0.3] startup
[1.806s] [ext: omni.volume-0.4.0] startup
[1.808s] [ext: omni.kit.window.filepicker-2.10.13] startup
[1.813s] [ext: omni.hydra.rtx-0.1.0] startup
[1.821s] [ext: omni.hydra.pxr-1.1.6] startup
[1.824s] [ext: omni.kit.window.file_importer-1.0.22] startup
[1.825s] [ext: omni.kit.hydra_texture-1.1.12] startup
[1.829s] [ext: omni.kit.viewport.legacy_gizmos-1.0.14] startup
[1.832s] [ext: omni.kit.window.file_exporter-1.0.22] startup
[1.832s] [ext: omni.kit.window.drop_support-1.0.1] startup
[1.832s] [ext: omni.kit.widget.viewport-105.1.7] startup
[1.836s] [ext: omni.kit.material.library-1.3.41] startup
[1.838s] [ext: omni.kit.window.file-1.3.44] startup
[1.839s] [ext: omni.kit.viewport.window-105.1.12] startup
[1.848s] [ext: omni.command.usd-1.0.2] startup
[1.848s] [ext: omni.kit.viewport.utility-1.0.16] startup
[1.849s] [ext: omni.kit.selection-0.1.3] startup
[1.849s] [ext: usdrt.scenegraph-7.2.34] startup
[1.876s] [ext: omni.kit.usd_undo-0.1.2] startup
[1.876s] [ext: omni.kit.menu.edit-1.1.14] startup
[1.877s] [ext: omni.graph-1.106.1] startup
[1.954s] [ext: omni.kit.menu.file-1.1.7] startup
[1.956s] [ext: omni.isaac.kit-1.4.7] startup
[1.957s] [ext: omni.graph.action-1.55.1] startup
[1.995s] [ext: omni.kvdb-0.0.0] startup
[1.996s] [ext: omni.kit.collaboration.presence_layer-1.0.8] startup
[1.998s] [ext: omni.localcache-0.0.0] startup
[2.000s] [ext: omni.kit.widget.options_menu-1.0.5] startup
[2.001s] [ext: omni.physx.foundation-105.1.12-5.1] startup
[2.001s] [ext: omni.kit.menu.create-1.0.11] startup
[2.002s] [ext: omni.usdphysics-105.1.12-5.1] startup
[2.005s] [ext: omni.convexdecomposition-105.1.12-5.1] startup
[2.009s] [ext: omni.kit.widget.filter-1.1.2] startup
[2.010s] [ext: omni.kit.hotkeys.core-1.3.0] startup
[2.012s] [ext: omni.kit.context_menu-1.6.8] startup
[2.014s] [ext: omni.physx.cooking-105.1.12-5.1] startup
[2.020s] [ext: omni.kit.window.content_browser_registry-0.0.1] startup
[2.021s] [ext: omni.kit.widget.stage-2.9.6] startup
[2.027s] [ext: omni.kit.widget.stage_icons-1.0.4] startup
[2.028s] [ext: omni.physics.tensors-0.1.0] startup
[2.032s] [ext: omni.physx-105.1.12-5.1] startup
2026-01-28 20:12:05 [2,027ms] [Warning] [omni.stageupdate.plugin] Deprecated: direct use of IStageUpdate callbacks is deprecated. Use IStageUpdate::getStageUpdate instead.
[2.042s] [ext: omni.kit.window.content_browser-2.7.17] startup
[2.050s] [ext: omni.kit.numpy.common-0.1.2] startup
[2.051s] [ext: omni.kit.window.stage-2.4.4] startup
[2.054s] [ext: omni.warp.core-1.0.0-beta.2] startup
Warp 1.0.0-beta.2 initialized:
   CUDA Toolkit: 11.5, Driver: 12.4
   Devices:
     "cpu"    | x86_64
     "cuda:0" | NVIDIA GeForce RTX 3080 (sm_86)
   Kernel cache: /home/kishi/.cache/warp/1.0.0-beta.2
[2.136s] [ext: omni.physx.tensors-0.1.0] startup
[2.142s] [ext: omni.isaac.version-1.0.3] startup
[2.143s] [ext: omni.isaac.dynamic_control-1.2.6] startup
[2.150s] [ext: omni.kit.menu.stage-1.2.3] startup
[2.151s] [ext: omni.isaac.core-3.3.2] startup
[2.832s] [ext: omni.kit.widget.highlight_label-1.0.1] startup
[2.833s] [ext: omni.kit.widget.searchable_combobox-1.0.5] startup
[2.834s] [ext: omni.kit.widget.searchfield-1.1.3] startup
[2.835s] [ext: omni.kit.widget.graph-1.8.4] startup
[2.838s] [ext: omni.ui_query-1.1.1] startup
[2.838s] [ext: omni.kit.manipulator.viewport-104.0.9] startup
[2.840s] [ext: omni.kit.widget.settings-1.0.6] startup
[2.841s] [ext: omni.kit.window.property-1.9.6] startup
[2.843s] [ext: omni.kit.window.extensions-1.3.0] startup
[2.847s] [ext: omni.kit.ui_test-1.2.13] startup
[2.848s] [ext: omni.graph.visualization.nodes-2.1.1] startup
[2.856s] [ext: omni.kit.profiler.window-2.1.2] startup
/home/kishi/.local/share/ov/pkg/isaac-sim-2023.1.1/exts/omni.isaac.core_archive/pip_prebundle/gunicorn/util.py:25: UserWarning: pkg_resources is deprecated as an API. See https://setuptools.pypa.io/en/latest/pkg_resources.html. The pkg_resources package is slated for removal as early as 2025-11-30. Refrain from using this package or pin to Setuptools<81.
  import pkg_resources
2026-01-28 20:12:06 [2,941ms] [Warning] [omni.kit.profiler.window] remove _SpanInstance.__lt__ and use insort 'key' arg instead
[2.957s] [ext: omni.isaac.ui-0.13.5] startup
[2.963s] [ext: omni.kit.window.preferences-1.3.23] startup
[2.966s] [ext: omni.kit.widget.prompt-1.0.6] startup
[2.967s] [ext: omni.isaac.utils-0.6.0] startup
[2.974s] [ext: omni.kit.widget.live_session_management-1.2.22] startup
[2.977s] [ext: omni.isaac.cloner-0.7.2] startup
[2.978s] [ext: omni.kit.widget.layers-1.6.32] startup
[2.985s] [ext: omni.kit.raycast.query-1.0.1] startup
[2.992s] [ext: omni.kit.widget.toolbar-1.5.6] startup
[2.997s] [ext: omni.kit.manipulator.transform-104.6.15] startup
[2.999s] [ext: omni.kit.widget.spinner-1.0.6] startup
[3.000s] [ext: omni.kit.window.cursor-1.1.2] startup
[3.001s] [ext: omni.kit.manipulator.tool.snap-1.4.2] startup
[3.006s] [ext: omni.kit.manipulator.selector-1.0.1] startup
[3.007s] [ext: omni.kit.viewport.menubar.core-105.0.19] startup
[3.015s] [ext: omni.kit.viewport.actions-105.1.6] startup
[3.019s] [ext: omni.kit.manipulator.prim-105.0.11] startup
[3.023s] [ext: omni.kit.viewport.menubar.camera-105.1.9] startup
[3.026s] [ext: omni.kit.viewport.menubar.display-105.1.0] startup
[3.028s] [ext: omni.kit.viewport.menubar.render-105.1.1] startup
[3.030s] [ext: omni.kit.viewport.menubar.settings-105.0.9] startup
[3.033s] [ext: omni.kit.manipulator.selection-104.0.8] startup
[3.034s] [ext: omni.kit.manipulator.camera-105.0.4] startup
[3.036s] [ext: omni.rtx.window.settings-0.6.9] startup
[3.040s] [ext: semantics.schema.editor-0.3.4] startup
[3.042s] [ext: omni.kit.viewport.bundle-104.0.1] startup
[3.042s] [ext: omni.hydra.pxr.settings-1.0.5] startup
[3.044s] [ext: omni.activity.pump-1.0.0] startup
[3.045s] [ext: omni.kit.property.layer-1.1.5] startup
[3.047s] [ext: omni.kit.property.usd-3.21.15] startup
[3.053s] [ext: omni.kit.viewport.menubar.lighting-105.0.7] startup
[3.056s] [ext: omni.kit.viewport.pxr-104.0.1] startup
[3.056s] [ext: omni.kit.viewport.ready-1.0.5] startup
[3.057s] [ext: omni.kit.viewport.rtx-104.0.0] startup
[3.057s] [ext: omni.kit.property.audio-1.0.9] startup
[3.060s] [ext: omni.kit.widget.live-2.1.6] startup
[3.062s] [ext: omni.debugdraw-0.1.2] startup
[3.066s] [ext: omni.kit.property.camera-1.0.5] startup
[3.067s] [ext: omni.kit.property.light-1.0.8] startup
[3.069s] [ext: omni.kit.property.geometry-1.2.11] startup
[3.072s] [ext: omni.kit.widget.cache_indicator-2.0.8] startup
[3.073s] [ext: omni.usdphysics.ui-105.1.12-5.1] startup
2026-01-28 20:12:06 [3,060ms] [Warning] [omni.kit.widget.cache_indicator.cache_state_menu] Unable to detect Omniverse Cache Server. File /home/kishi/.nvidia-omniverse/config/omniverse.toml is not found. Consider installing it for better IO performance.
[3.098s] [ext: omni.physx.commands-105.1.12-5.1] startup
[3.100s] [ext: omni.kit.property.skel-1.0.4] startup
[3.102s] [ext: omni.kit.property.render-1.1.1] startup
[3.105s] [ext: omni.kit.window.commands-0.2.4] startup
[3.107s] [ext: omni.physx.ui-105.1.12-5.1] startup
[3.128s] [ext: omni.hydra.scene_api-0.1.2] startup
[3.134s] [ext: usdrt.gf-1.0.2] startup
[3.134s] [ext: omni.kit.widget.text_editor-1.0.2] startup
[3.136s] [ext: omni.kit.property.material-1.8.36] startup
[3.138s] [ext: omni.kit.property.transform-1.3.10] startup
[3.141s] [ext: omni.physx.demos-105.1.12-5.1] startup
[3.144s] [ext: omni.kit.property.physx-0.1.0] startup
[3.187s] [ext: omni.kit.property.bundle-1.2.9] startup
[3.189s] [ext: omni.kit.actions.window-1.1.0] startup
[3.191s] [ext: omni.kit.window.console-0.2.10] startup
[3.199s] [ext: omni.kit.window.script_editor-1.7.4] startup
[3.201s] [ext: omni.physx.camera-105.1.12-5.1] startup
[3.207s] [ext: omni.kit.property.isaac-0.2.2] startup
[3.209s] [ext: omni.kit.hotkeys.window-1.4.1] startup
[3.212s] [ext: omni.isaac.debug_draw-0.6.1] startup
2026-01-28 20:12:06 [3,203ms] [Warning] [omni.stageupdate.plugin] Deprecated: direct use of IStageUpdate callbacks is deprecated. Use IStageUpdate::getStageUpdate instead.
2026-01-28 20:12:06 [3,203ms] [Warning] [omni.stageupdate.plugin] Deprecated: direct use of IStageUpdate callbacks is deprecated. Use IStageUpdate::getStageUpdate instead.
[3.219s] [ext: omni.physx.graph-105.1.12-5.1] startup
[3.228s] [ext: omni.kit.window.toolbar-1.5.4] startup
[3.230s] [ext: omni.kit.widget.zoombar-1.0.5] startup
[3.231s] [ext: omni.physx.cct-105.1.12-5.1] startup
[3.241s] [ext: omni.physx.vehicle-105.1.12-5.1] startup
[3.250s] [ext: omni.physx.supportui-105.1.12-5.1] startup
[3.261s] [ext: omni.kit.browser.core-2.3.10] startup
[3.264s] [ext: omni.kit.window.status_bar-0.1.6] startup
[3.268s] [ext: omni.kit.window.title-1.1.3] startup
[3.269s] [ext: omni.physx.bundle-105.1.12-5.1] startup
[3.269s] [ext: omni.kit.browser.folder.core-1.9.7] startup
[3.272s] [ext: omni.kit.graph.delegate.default-1.1.1] startup
[3.273s] [ext: omni.graph.image.core-0.1.0] startup
[3.274s] [ext: omni.graph.nodes-1.106.3] startup
[3.413s] [ext: omni.kit.browser.sample-1.4.6] startup
[3.415s] [ext: omni.kit.widget.material_preview-1.0.8] startup
[3.417s] [ext: omni.kit.graph.usd.commands-1.3.0] startup
[3.418s] [ext: omni.kit.graph.editor.core-1.5.1] startup
[3.420s] [ext: omni.kit.renderer.cuda_interop-1.0.1] startup
[3.422s] [ext: omni.syntheticdata-0.4.10] startup
[3.442s] [ext: omni.warp-1.0.0-beta.2] startup
[3.490s] [ext: omni.kit.window.material_graph-1.8.11] startup
[3.502s] [ext: omni.graph.scriptnode-1.1.6] startup
[3.507s] [ext: omni.kit.stage_column.payload-1.0.12] startup
[3.508s] [ext: omni.kit.livestream.core-2.3.0] startup
[3.510s] [ext: omni.kit.streamsdk.plugins-2.5.2] startup
[3.510s] [ext: omni.replicator.core-1.10.20] startup
2026-01-28 20:12:06 [3,512ms] [Warning] [omni.replicator.core.scripts.annotators] Annotator PostProcessDispatch is already registered, overwriting annotator template
[3.655s] [ext: semantics.schema.property-1.0.2] startup
[3.657s] [ext: omni.rtx.settings.core-0.5.13] startup
[3.661s] [ext: omni.kit.stage_column.variant-1.0.13] startup
[3.663s] [ext: omni.kit.menu.common-1.1.4] startup
[3.664s] [ext: omni.kit.livestream.native-2.4.0] startup

Active user not found. Using default user [kiosk]Streaming server started.
[9.004s] [ext: omni.kit.window.stats-0.1.4] startup
[9.005s] [ext: orbit.python-2023.1.1] startup
[9.006s] Simulation App Starting
2026-01-28 20:12:12 [9,009ms] [Warning] [omni.kit.widget.settings.settings_model] a value for setting /rtx/ecoMode/enabled has been requested but is not available
2026-01-28 20:12:12 [9,009ms] [Warning] [omni.kit.widget.settings.settings_model] a value for setting /rtx/directLighting/enabled has been requested but is not available
2026-01-28 20:12:12 [9,010ms] [Warning] [omni.kit.widget.settings.settings_model] a value for setting /rtx/reflections/enabled has been requested but is not available
2026-01-28 20:12:12 [9,010ms] [Warning] [omni.kit.widget.settings.settings_model] a value for setting /rtx/translucency/enabled has been requested but is not available
2026-01-28 20:12:12 [9,010ms] [Warning] [omni.kit.widget.settings.settings_model] a value for setting /rtx/raytracing/subsurface/enabled has been requested but is not available
2026-01-28 20:12:12 [9,010ms] [Warning] [omni.kit.widget.settings.settings_model] a value for setting /rtx/caustics/enabled has been requested but is not available
2026-01-28 20:12:13 [9,837ms] [Warning] [omni.kit.hotkeys.core.registry] [Hotkey] duplicated action as SPACE (On Press) with omni.kit.widget.toolbar.omni.kit.widget.toolbar::toolbar::play!
2026-01-28 20:12:13 [9,837ms] [Warning] [omni.kit.hotkeys.core.registry] [Hotkey] Cannot register Global [omni.kit.widget.toolbar] omni.kit.widget.toolbar::toolbar::play.SPACE, error code: Duplicated action definition
[10.540s] app ready
2026-01-28 20:12:14 [10,746ms] [Warning] [omni.kit.hotkeys.core.registry] [Hotkey] duplicated action as SPACE (On Press) with omni.kit.widget.toolbar.omni.kit.widget.toolbar::toolbar::play!
2026-01-28 20:12:14 [10,746ms] [Warning] [omni.kit.hotkeys.core.registry] [Hotkey] Cannot register Global [omni.kit.widget.toolbar] omni.kit.widget.toolbar::toolbar::play.SPACE, error code: Duplicated action definition
[10.881s] RTX ready
[11.085s] Simulation App Startup Complete
[11.134s] [ext: omni.kit.stagerecorder.core-105.0.4] startup
[11.146s] [ext: omni.sensors.nv.materials-1000.0.0-isaacsim.2023.1.1] startup
[11.148s] [ext: omni.sensors.nv.common-1000.0.0-isaacsim.2023.1.1] startup
[11.169s] [ext: omni.sensors.nv.wpm-1000.0.0-isaacsim.2023.1.1] startup
[11.170s] [ext: omni.isaac.core_nodes-1.7.1] startup
[11.192s] [ext: omni.isaac.range_sensor-2.0.2] startup
[11.316s] [ext: omni.sensors.nv.lidar-1000.0.1-isaacsim.2023.1.1] startup
[11.321s] [ext: omni.sensors.nv.radar-1000.0.0-isaacsim.2023.1.1] startup
[11.325s] [ext: omni.isaac.sensor-9.11.1] startup
[11.606s] [ext: omni.isaac.ros2_bridge-2.5.1] startup
[11.621s] Attempting to load system rclpy
[11.643s] rclpy loaded
================================================================================
SIMULATION LOG - 2026-01-28 14:12:16
Log file: /home/kishi/ResQoUnity/logs/simulation/drone_sim_20260128_141216.log
================================================================================

[INFO] CPU physics mode enabled - GPU PhysX disabled
[INFO] Creating environment: Isaac-Velocity-Rough-Unitree-Go2-v0
[INFO] Robot: go2, Amount: 1, Terrain: flat
[12.720s] [ext: omni.physx.fabric-105.1.12-5.1] startup
[INFO]: Base environment:
	Environment device    : cpu
	Physics step-size     : 0.005
	Rendering step-size   : 0.005
	Environment step-size : 0.02
	Physics GPU pipeline  : True
	Physics GPU simulation: True
[INFO]: Time taken for scene creation : 0.288813 seconds
[INFO]: Scene manager:  <class InteractiveScene>
	Number of environments: 1
	Environment spacing   : 2.5
	Source prim name      : /World/envs/env_0
	Global prim paths     : ['/World/ground']
	Replicate physics     : True
[INFO]: Starting the simulation. This may take a few seconds. Please wait...
2026-01-28 20:12:16 [13,084ms] [Warning] [omni.fabric.plugin] No source has valid data array=0x368b7ea0 usdValid=0 cpuValid=0
2026-01-28 20:12:16 [13,597ms] [Warning] [omni.hydra.scene_delegate.plugin] Calling getBypassRenderSkelMeshProcessing for prim /World/envs/env_0/Robot/RR_foot/visuals.proto_mesh_0_id0 that has not been populated
2026-01-28 20:12:16 [13,598ms] [Warning] [omni.hydra] Mesh '/World/envs/env_0/Robot/FR_calf/visuals.proto_mesh_0_id0' has corrupted data in primvar 'st_1': buffer size 19536 doesn't match expected size 25806 in faceVarying primvars
2026-01-28 20:12:16 [13,598ms] [Warning] [omni.hydra] Mesh '/World/envs/env_0/Robot/FR_calf/visuals.proto_mesh_0_id0' has corrupted data in primvar 'st': buffer size 6270 doesn't match expected size 25806 in faceVarying primvars
2026-01-28 20:12:16 [13,598ms] [Warning] [omni.hydra] Mesh '/World/envs/env_0/Robot/FL_calf/visuals.proto_mesh_0_id0' has corrupted data in primvar 'st_1': buffer size 19536 doesn't match expected size 25806 in faceVarying primvars
2026-01-28 20:12:16 [13,598ms] [Warning] [omni.hydra] Mesh '/World/envs/env_0/Robot/FL_calf/visuals.proto_mesh_0_id0' has corrupted data in primvar 'st': buffer size 6270 doesn't match expected size 25806 in faceVarying primvars
2026-01-28 20:12:16 [13,598ms] [Warning] [omni.hydra] Mesh '/World/envs/env_0/Robot/RR_calf/visuals.proto_mesh_0_id0' has corrupted data in primvar 'st_1': buffer size 19536 doesn't match expected size 25806 in faceVarying primvars
2026-01-28 20:12:16 [13,598ms] [Warning] [omni.hydra] Mesh '/World/envs/env_0/Robot/RR_calf/visuals.proto_mesh_0_id0' has corrupted data in primvar 'st': buffer size 6270 doesn't match expected size 25806 in faceVarying primvars
2026-01-28 20:12:16 [13,598ms] [Warning] [omni.hydra] Mesh '/World/envs/env_0/Robot/RL_calf/visuals.proto_mesh_0_id0' has corrupted data in primvar 'st_1': buffer size 19536 doesn't match expected size 25806 in faceVarying primvars
2026-01-28 20:12:16 [13,598ms] [Warning] [omni.hydra] Mesh '/World/envs/env_0/Robot/FR_hip/visuals.proto_mesh_0_id0' has corrupted data in primvar 'st_1': buffer size 54198 doesn't match expected size 111120 in faceVarying primvars
2026-01-28 20:12:16 [13,598ms] [Warning] [omni.hydra] Mesh '/World/envs/env_0/Robot/RR_hip/visuals.proto_mesh_0_id0' has corrupted data in primvar 'st_1': buffer size 54198 doesn't match expected size 111120 in faceVarying primvars
2026-01-28 20:12:16 [13,598ms] [Warning] [omni.hydra] Mesh '/World/envs/env_0/Robot/FL_thigh/visuals.proto_mesh_0_id0' has corrupted data in primvar 'st_1': buffer size 55278 doesn't match expected size 90402 in faceVarying primvars
2026-01-28 20:12:16 [13,598ms] [Warning] [omni.hydra] Mesh '/World/envs/env_0/Robot/FL_hip/visuals.proto_mesh_0_id0' has corrupted data in primvar 'st_1': buffer size 54198 doesn't match expected size 111120 in faceVarying primvars
2026-01-28 20:12:16 [13,598ms] [Warning] [omni.hydra] Mesh '/World/envs/env_0/Robot/RR_hip/visuals.proto_mesh_0_id0' has corrupted data in primvar 'st': buffer size 56922 doesn't match expected size 111120 in faceVarying primvars
2026-01-28 20:12:16 [13,598ms] [Warning] [omni.hydra] Mesh '/World/envs/env_0/Robot/FR_hip/visuals.proto_mesh_0_id0' has corrupted data in primvar 'st': buffer size 56922 doesn't match expected size 111120 in faceVarying primvars
2026-01-28 20:12:16 [13,598ms] [Warning] [omni.hydra] Mesh '/World/envs/env_0/Robot/RL_calf/visuals.proto_mesh_0_id0' has corrupted data in primvar 'st': buffer size 6270 doesn't match expected size 25806 in faceVarying primvars
2026-01-28 20:12:16 [13,598ms] [Warning] [omni.hydra] Mesh '/World/envs/env_0/Robot/FL_hip/visuals.proto_mesh_0_id0' has corrupted data in primvar 'st': buffer size 56922 doesn't match expected size 111120 in faceVarying primvars
2026-01-28 20:12:16 [13,598ms] [Warning] [omni.hydra] Mesh '/World/envs/env_0/Robot/FL_thigh/visuals.proto_mesh_0_id0' has corrupted data in primvar 'st': buffer size 35124 doesn't match expected size 90402 in faceVarying primvars
2026-01-28 20:12:16 [13,598ms] [Warning] [omni.hydra] Mesh '/World/envs/env_0/Robot/RR_thigh/visuals.proto_mesh_0_id0' has corrupted data in primvar 'st_1': buffer size 55254 doesn't match expected size 90378 in faceVarying primvars
2026-01-28 20:12:16 [13,598ms] [Warning] [omni.hydra] Mesh '/World/envs/env_0/Robot/RR_thigh/visuals.proto_mesh_0_id0' has corrupted data in primvar 'st': buffer size 35124 doesn't match expected size 90378 in faceVarying primvars
2026-01-28 20:12:16 [13,598ms] [Warning] [omni.hydra] Mesh '/World/envs/env_0/Robot/FR_thigh/visuals.proto_mesh_0_id0' has corrupted data in primvar 'st_1': buffer size 55254 doesn't match expected size 90378 in faceVarying primvars
2026-01-28 20:12:16 [13,598ms] [Warning] [omni.hydra] Mesh '/World/envs/env_0/Robot/FR_thigh/visuals.proto_mesh_0_id0' has corrupted data in primvar 'st': buffer size 35124 doesn't match expected size 90378 in faceVarying primvars
2026-01-28 20:12:16 [13,598ms] [Warning] [omni.hydra] Mesh '/World/envs/env_0/Robot/RL_thigh/visuals.proto_mesh_0_id0' has corrupted data in primvar 'st_1': buffer size 55278 doesn't match expected size 90402 in faceVarying primvars
2026-01-28 20:12:16 [13,598ms] [Warning] [omni.hydra] Mesh '/World/envs/env_0/Robot/RL_thigh/visuals.proto_mesh_0_id0' has corrupted data in primvar 'st': buffer size 35124 doesn't match expected size 90402 in faceVarying primvars
2026-01-28 20:12:16 [13,598ms] [Warning] [omni.hydra] Mesh '/World/envs/env_0/Robot/RL_hip/visuals.proto_mesh_0_id0' has corrupted data in primvar 'st_1': buffer size 54198 doesn't match expected size 111120 in faceVarying primvars
2026-01-28 20:12:16 [13,598ms] [Warning] [omni.hydra] Mesh '/World/envs/env_0/Robot/RL_hip/visuals.proto_mesh_0_id0' has corrupted data in primvar 'st': buffer size 56922 doesn't match expected size 111120 in faceVarying primvars
2026-01-28 20:12:16 [13,599ms] [Warning] [omni.hydra] Mesh '/World/envs/env_0/Robot/base/visuals.proto_mesh_0_id0' has corrupted data in primvar 'st_4': buffer size 30390 doesn't match expected size 233784 in faceVarying primvars
2026-01-28 20:12:16 [13,599ms] [Warning] [omni.hydra] Mesh '/World/envs/env_0/Robot/base/visuals.proto_mesh_0_id0' has corrupted data in primvar 'st_3': buffer size 11886 doesn't match expected size 233784 in faceVarying primvars
2026-01-28 20:12:16 [13,599ms] [Warning] [omni.hydra] Mesh '/World/envs/env_0/Robot/base/visuals.proto_mesh_0_id0' has corrupted data in primvar 'st_2': buffer size 6015 doesn't match expected size 233784 in faceVarying primvars
2026-01-28 20:12:16 [13,599ms] [Warning] [omni.hydra] Mesh '/World/envs/env_0/Robot/base/visuals.proto_mesh_0_id0' has corrupted data in primvar 'st_1': buffer size 6960 doesn't match expected size 233784 in faceVarying primvars
2026-01-28 20:12:16 [13,599ms] [Warning] [omni.hydra] Mesh '/World/envs/env_0/Robot/base/visuals.proto_mesh_0_id0' has corrupted data in primvar 'st': buffer size 178533 doesn't match expected size 233784 in faceVarying primvars
2026-01-28 20:12:17 [13,726ms] [Warning] [omni.timeline.plugin] Deprecated: direct use of ITimeline callbacks is deprecated. Use ITimeline::getTimeline (Python: omni.timeline.get_timeline_interface) instead.
2026-01-28 20:12:17 [13,727ms] [Warning] [omni.timeline.plugin] Deprecated: direct use of ITimeline callbacks is deprecated. Use ITimeline::getTimeline (Python: omni.timeline.get_timeline_interface) instead.
[INFO]: Time taken for simulation start : 0.724765 seconds
[INFO] Command Manager:  <CommandManager> contains 1 active terms.
+------------------------------------------------+
|              Active Command Terms              |
+-------+---------------+------------------------+
| Index | Name          |          Type          |
+-------+---------------+------------------------+
|   0   | base_velocity | UniformVelocityCommand |
+-------+---------------+------------------------+

[INFO] Action Manager:  <ActionManager> contains 1 active terms.
+------------------------------------+
|  Active Action Terms (shape: 12)   |
+--------+-------------+-------------+
| Index  | Name        |   Dimension |
+--------+-------------+-------------+
|   0    | joint_pos   |          12 |
+--------+-------------+-------------+

Module omni.isaac.orbit.utils.warp.kernels load on device 'cpu' took 1.56 ms
[INFO] Observation Manager: <ObservationManager> contains 1 groups.
+----------------------------------------------------------+
| Active Observation Terms in Group: 'policy' (shape: (235,)) |
+-----------+--------------------------------+-------------+
|   Index   | Name                           |    Shape    |
+-----------+--------------------------------+-------------+
|     0     | base_lin_vel                   |     (3,)    |
|     1     | base_ang_vel                   |     (3,)    |
|     2     | projected_gravity              |     (3,)    |
|     3     | velocity_commands              |     (3,)    |
|     4     | joint_pos                      |    (12,)    |
|     5     | joint_vel                      |    (12,)    |
|     6     | actions                        |    (12,)    |
|     7     | height_scan                    |    (187,)   |
+-----------+--------------------------------+-------------+

[INFO] Event Manager:  <EventManager> contains 1 active terms.
+--------------------------------------+
| Active Event Terms in Mode: 'startup' |
+----------+---------------------------+
|  Index   | Name                      |
+----------+---------------------------+
|    0     | physics_material          |
+----------+---------------------------+

[INFO] Termination Manager:  <TerminationManager> contains 2 active terms.
+---------------------------------+
|     Active Termination Terms    |
+-------+--------------+----------+
| Index | Name         | Time Out |
+-------+--------------+----------+
|   0   | time_out     |   True   |
|   1   | base_contact |  False   |
+-------+--------------+----------+

[INFO] Reward Manager:  <RewardManager> contains 10 active terms.
+-----------------------------------------+
|           Active Reward Terms           |
+-------+----------------------+----------+
| Index | Name                 |   Weight |
+-------+----------------------+----------+
|   0   | track_lin_vel_xy_exp |      1.5 |
|   1   | track_ang_vel_z_exp  |     0.75 |
|   2   | lin_vel_z_l2         |     -2.0 |
|   3   | ang_vel_xy_l2        |    -0.05 |
|   4   | dof_torques_l2       |  -0.0002 |
|   5   | dof_acc_l2           | -2.5e-07 |
|   6   | action_rate_l2       |    -0.01 |
|   7   | feet_air_time        |     0.01 |
|   8   | flat_orientation_l2  |      0.0 |
|   9   | dof_pos_limits       |      0.0 |
+-------+----------------------+----------+

[INFO] Curriculum Manager:  <CurriculumManager> contains 0 active terms.
+----------------------+
| Active Curriculum Terms |
+-----------+----------+
|   Index   | Name     |
+-----------+----------+
+-----------+----------+

Creating window for environment.
[INFO]: Completed setting up the environment...
[INFO] Environment created successfully!
[INFO] ========================================
[INFO] PHYSICS MODE: CPU (GPU PhysX DISABLED)
[INFO] Direct pose manipulation is ALLOWED
[INFO] ========================================
[INFO] Environment wrapped for RSL-RL
[INFO] Loading experiment from directory: /home/kishi/ResQoUnity/logs/rsl_rl/unitree_go2_rough
[INFO]: Loading model checkpoint from: /home/kishi/ResQoUnity/logs/rsl_rl/unitree_go2_rough/2024-04-06_02-37-07/model_7850.pt
/tmp/rsl_rl/rsl_rl/utils/utils.py:326: UserWarning: The observation configuration dictionary 'obs_groups' must contain the 'critic' key. As the configuration for 'critic' is missing, the observations from the 'policy' set are used. Consider adding the 'critic' key to the 'obs_groups' dictionary for clarity. This behavior will be removed in a future version.
  warnings.warn(
--------------------------------------------------------------------------------
Resolved observation sets: 
	 policy :  ['policy']
	 critic :  ['policy']
--------------------------------------------------------------------------------
Actor MLP: MLP(
  (0): Linear(in_features=235, out_features=512, bias=True)
  (1): ELU(alpha=1.0)
  (2): Linear(in_features=512, out_features=256, bias=True)
  (3): ELU(alpha=1.0)
  (4): Linear(in_features=256, out_features=128, bias=True)
  (5): ELU(alpha=1.0)
  (6): Linear(in_features=128, out_features=12, bias=True)
)
Critic MLP: MLP(
  (0): Linear(in_features=235, out_features=512, bias=True)
  (1): ELU(alpha=1.0)
  (2): Linear(in_features=512, out_features=256, bias=True)
  (3): ELU(alpha=1.0)
  (4): Linear(in_features=256, out_features=128, bias=True)
  (5): ELU(alpha=1.0)
  (6): Linear(in_features=128, out_features=1, bias=True)
)
[INFO]: Checkpoint loaded successfully
[INFO] Resetting environment and getting initial observations...
[INFO] Environment reset complete, starting simulation loop...
[INFO] Spawning world-level drone alongside environment robots...
[INFO] Spawning drone at /World/envs/env_0/Drone (inside env for physics stepping)
[INFO] Drone USD loaded at /World/envs/env_0/Drone
[INFO] Drone spawned at position (0.0, 0.0, 2.5)
[INFO] ArticulationView will be initialized after first physics step
[Drone drone] Mode: DISARMED → IDLE

================================================================================
DRONE DEBUG LOGGER INITIALIZED FOR world_drone
================================================================================

[INFO] Drone controller initialized in ARMED mode (auto-armed)
[INFO] Mode set to IDLE - will switch to LOITER after spawn
[INFO] Debug logger enabled - verbose output active
Exception ignored in: <function Camera.__del__ at 0x7006e17af490>
Traceback (most recent call last):
  File "/home/kishi/IsaacLab_v0.3.1/source/extensions/omni.isaac.orbit/omni/isaac/orbit/sensors/camera/camera.py", line 139, in __del__
    for _, annotators in self._rep_registry.items():
AttributeError: 'Camera' object has no attribute '_rep_registry'
[INFO] Drone bottom camera initialized
[INFO] Drone ROS2 publishers initialized on /drone namespace
[INFO] Adding /drone namespace ROS2 interface
[INFO] Drone topics created: cmd_vel, cmd_position, cmd_altitude
[INFO] Drone services created:
  - /drone/arm: True
  - /drone/takeoff: True
  - /drone/land: True
  - /drone/emergency_stop: True
[INFO] Drone control interface ready on /drone namespace
Exception ignored in: <function Camera.__del__ at 0x7006e17af490>
Traceback (most recent call last):
  File "/home/kishi/IsaacLab_v0.3.1/source/extensions/omni.isaac.orbit/omni/isaac/orbit/sensors/camera/camera.py", line 139, in __del__
    for _, annotators in self._rep_registry.items():
AttributeError: 'Camera' object has no attribute '_rep_registry'
Error loading custom environment. You should download custom envs folder from: https://drive.google.com/drive/folders/1vVGuO1KIX1K6mD6mBHDZGm9nk2vaRyj3?usp=sharing
[INFO] Setting up viewport camera...
[INFO] Camera positioned to view robot
[INFO] Robot(s) should now be visible in the viewport!
[INFO] Use these controls to navigate:
  - Press 'F' to focus on robot
  - Mouse wheel: Zoom in/out
  - Middle mouse: Pan camera
  - Alt+Left mouse: Orbit view
  - WASD keys: Move robot (forward/back/left/right)
  - Q/E keys: Rotate left/right
2026-01-28 20:12:18 [14,757ms] [Warning] [rtx.rtxsensor.plugin] Using User-specified coordinate frame quaternion (0.000000, 0.000000, 0.000000, 1.000000) in RTXSensor
[INFO] Initializing ArticulationView after physics step...
[INFO] Drone mass set to: 0.5 kg (Crazyflie scaled estimate)
[INFO] Using Hybrid Physics-Velocity Control (GPU PhysX compatible)
[INFO] Forces → Acceleration → Velocity integration (F=ma)
[INFO] LOITER target set to spawn position: (0.00, 0.00, 2.50)
[SAFETY] World drone initialized:
  Current pos: (0.000, 0.000, 2.498)
  Target pos:  (0.000, 0.000, 2.498)
  Mode: IDLE, Armed: True
[INIT] Drone spawned at position: (0.000, 0.000, 2.498)
[INIT] Initial velocity: (0.000, 0.000, -0.196)
[INIT] Initial mode: IDLE
[INIT] Ready for control


********************************************************************************
[ARM EVENT] Drone ARMED
********************************************************************************

[INFO] ArticulationView ready - found 1 drone(s)
[DEBUG] ArticulationView prim paths: ['/World/envs/env_0/Drone']
[DEBUG] Controller initialized at position: (0.00, 0.00, 2.50)
[DEBUG] Drone has 4 DOFs: ['m1_joint', 'm2_joint', 'm3_joint', 'm4_joint']
[DEBUG] Prim at /World/envs/env_0/Drone exists: True
[DEBUG] Found root body (fallback) at: /World/envs/env_0/Drone/body
[DEBUG] Found articulation root at: /World/envs/env_0/Drone
[Drone drone] Mode: IDLE → LOITER
[INFO] World drone switched to LOITER at position (0.00, 0.00, 2.50)
[VIEWPORT FIX] Setting drone position to (0.000, 0.000, 2.498)
[DBG RENDER] Viewport sync triggered at pos (0.000, 0.000, 2.498)
/home/kishi/.local/share/ov/pkg/isaac-sim-2023.1.1/kit/python/lib/python3.10/site-packages/gymnasium/core.py:297: UserWarning: [33mWARN: env.scene to get variables from other wrappers is deprecated and will be removed in v1.0, to get this variable you can do `env.unwrapped.scene` for environment variables or `env.get_attr('scene')` that will search the reminding wrappers.[0m
  logger.warn(
2026-01-28 20:12:18 [14,935ms] [Warning] [omni.isaac.sensor.plugin] IsaacComputeRTXLidarFlatScan: lowest elevation emitter is 0.350000, not 0.

────────────────────────────────────────────────────────────────────────────────
[FRAME 10] Δt = 1.00s
────────────────────────────────────────────────────────────────────────────────
  State      : Armed=True, Mode=LOITER
  Position   : (  0.000,   0.000,   2.492)
  Velocity   : (  0.000,   0.000,  -0.126)
  Target Pos : (  0.000,   0.000,   2.498)
  Error      : (  0.000,   0.000,   0.005) = 0.005m
  PID Output : (  0.000,   0.000,   0.011) m/s
  Applied Force: (   0.00,    0.00,    5.94) N (|F|=5.94N)
  ✅ Gravity compensation active (Fz > 0)
  Actual Vel: (  0.000,   0.000,   0.072) m/s
  ℹ️  Velocity differs from PID (hybrid physics integration active)
────────────────────────────────────────────────────────────────────────────────

[DBG RENDER] Viewport sync triggered at pos (0.000, 0.000, 2.495)

────────────────────────────────────────────────────────────────────────────────
[FRAME 29] Δt = 1.00s
────────────────────────────────────────────────────────────────────────────────
  State      : Armed=True, Mode=LOITER
  Position   : (  0.000,   0.000,   2.496)
  Velocity   : (  0.000,   0.000,  -0.126)
  Target Pos : (  0.000,   0.000,   2.498)
  Error      : (  0.000,   0.000,   0.002) = 0.002m
  PID Output : (  0.000,   0.000,   0.004) m/s
  Applied Force: (   0.00,    0.00,    5.88) N (|F|=5.88N)
  ✅ Gravity compensation active (Fz > 0)
  Actual Vel: (  0.000,   0.000,   0.070) m/s
  ℹ️  Velocity differs from PID (hybrid physics integration active)
────────────────────────────────────────────────────────────────────────────────

[DBG RENDER] Viewport sync triggered at pos (0.000, 0.000, 2.497)

────────────────────────────────────────────────────────────────────────────────
[FRAME 48] Δt = 1.00s
────────────────────────────────────────────────────────────────────────────────
  State      : Armed=True, Mode=LOITER
  Position   : (  0.000,   0.000,   2.497)
  Velocity   : (  0.000,   0.000,  -0.129)
  Target Pos : (  0.000,   0.000,   2.498)
  Error      : (  0.000,   0.000,   0.001) = 0.001m
  PID Output : (  0.000,   0.000,   0.002) m/s
  Applied Force: (   0.00,    0.00,    5.88) N (|F|=5.88N)
  ✅ Gravity compensation active (Fz > 0)
  Actual Vel: (  0.000,   0.000,   0.067) m/s
  ℹ️  Velocity differs from PID (hybrid physics integration active)
────────────────────────────────────────────────────────────────────────────────

[VIEWPORT FIX] Setting drone position to (0.000, 0.000, 2.498)
[DBG CACHE] Frame 60: Updating cache with pos=(0.000,0.000,2.498)
[DBG ROS2] Publishing to /drone/odom: pos=(0.000,0.000,2.498)
[DBG RENDER] Viewport sync triggered at pos (0.000, 0.000, 2.497)

────────────────────────────────────────────────────────────────────────────────
[FRAME 67] Δt = 1.00s
────────────────────────────────────────────────────────────────────────────────
  State      : Armed=True, Mode=LOITER
  Position   : (  0.000,   0.000,   2.497)
  Velocity   : (  0.000,   0.000,  -0.129)
  Target Pos : (  0.000,   0.000,   2.498)
  Error      : (  0.000,   0.000,   0.000) = 0.000m
  PID Output : (  0.000,   0.000,   0.002) m/s
  Applied Force: (   0.00,    0.00,    5.89) N (|F|=5.89N)
  ✅ Gravity compensation active (Fz > 0)
  Actual Vel: (  0.000,   0.000,   0.067) m/s
  ℹ️  Velocity differs from PID (hybrid physics integration active)
────────────────────────────────────────────────────────────────────────────────

[DBG RENDER] Viewport sync triggered at pos (0.000, 0.000, 2.497)

────────────────────────────────────────────────────────────────────────────────
[FRAME 86] Δt = 1.00s
────────────────────────────────────────────────────────────────────────────────
  State      : Armed=True, Mode=LOITER
  Position   : (  0.000,   0.000,   2.497)
  Velocity   : (  0.000,   0.000,  -0.129)
  Target Pos : (  0.000,   0.000,   2.498)
  Error      : (  0.000,   0.000,   0.000) = 0.000m
  PID Output : (  0.000,   0.000,   0.002) m/s
  Applied Force: (   0.00,    0.00,    5.89) N (|F|=5.89N)
  ✅ Gravity compensation active (Fz > 0)
  Actual Vel: (  0.000,   0.000,   0.067) m/s
  ℹ️  Velocity differs from PID (hybrid physics integration active)
────────────────────────────────────────────────────────────────────────────────

[VIEWPORT FIX] Setting drone position to (0.000, 0.000, 2.498)
[DBG RENDER] Viewport sync triggered at pos (0.000, 0.000, 2.497)

────────────────────────────────────────────────────────────────────────────────
[FRAME 106] Δt = 1.00s
────────────────────────────────────────────────────────────────────────────────
  State      : Armed=True, Mode=LOITER
  Position   : (  0.000,   0.000,   2.497)
  Velocity   : (  0.000,   0.000,  -0.129)
  Target Pos : (  0.000,   0.000,   2.498)
  Error      : (  0.000,   0.000,   0.000) = 0.000m
  PID Output : (  0.000,   0.000,   0.002) m/s
  Applied Force: (   0.00,    0.00,    5.89) N (|F|=5.89N)
  ✅ Gravity compensation active (Fz > 0)
  Actual Vel: (  0.000,   0.000,   0.067) m/s
  ℹ️  Velocity differs from PID (hybrid physics integration active)
────────────────────────────────────────────────────────────────────────────────

[DBG CACHE] Frame 120: Updating cache with pos=(0.000,0.000,2.498)
[DBG ROS2] Publishing to /drone/odom: pos=(0.000,0.000,2.498)
[DBG RENDER] Viewport sync triggered at pos (0.000, 0.000, 2.497)

────────────────────────────────────────────────────────────────────────────────
[FRAME 124] Δt = 1.00s
────────────────────────────────────────────────────────────────────────────────
  State      : Armed=True, Mode=LOITER
  Position   : (  0.000,   0.000,   2.497)
  Velocity   : (  0.000,   0.000,  -0.129)
  Target Pos : (  0.000,   0.000,   2.498)
  Error      : (  0.000,   0.000,   0.000) = 0.000m
  PID Output : (  0.000,   0.000,   0.002) m/s
  Applied Force: (   0.00,    0.00,    5.89) N (|F|=5.89N)
  ✅ Gravity compensation active (Fz > 0)
  Actual Vel: (  0.000,   0.000,   0.067) m/s
  ℹ️  Velocity differs from PID (hybrid physics integration active)
────────────────────────────────────────────────────────────────────────────────

[37;1m2026-01-28 14:12:25.084 [31;1m[[37;1mRTPS_READER_HISTORY[31;1m Error] [37mChange payload size of '24' bytes is larger than the history payload size of '11' bytes and cannot be resized.[34;1m -> Function [36mcan_change_be_added_nts[m
[DBG RENDER] Viewport sync triggered at pos (0.000, 0.000, 2.497)

────────────────────────────────────────────────────────────────────────────────
[FRAME 144] Δt = 1.00s
────────────────────────────────────────────────────────────────────────────────
  State      : Armed=True, Mode=LOITER
  Position   : (  0.000,   0.000,   2.497)
  Velocity   : (  0.000,   0.000,  -0.129)
  Target Pos : (  0.000,   0.000,   2.498)
  Error      : (  0.000,   0.000,   0.000) = 0.000m
  PID Output : (  0.000,   0.000,   0.002) m/s
  Applied Force: (   0.00,    0.00,    5.89) N (|F|=5.89N)
  ✅ Gravity compensation active (Fz > 0)
  Actual Vel: (  0.000,   0.000,   0.067) m/s
  ℹ️  Velocity differs from PID (hybrid physics integration active)
────────────────────────────────────────────────────────────────────────────────

[VIEWPORT FIX] Setting drone position to (0.000, 0.000, 2.498)
[DBG RENDER] Viewport sync triggered at pos (0.000, 0.000, 2.497)

────────────────────────────────────────────────────────────────────────────────
[FRAME 163] Δt = 1.00s
────────────────────────────────────────────────────────────────────────────────
  State      : Armed=True, Mode=LOITER
  Position   : (  0.000,   0.000,   2.497)
  Velocity   : (  0.000,   0.000,  -0.129)
  Target Pos : (  0.000,   0.000,   2.498)
  Error      : (  0.000,   0.000,   0.000) = 0.000m
  PID Output : (  0.000,   0.000,   0.002) m/s
  Applied Force: (   0.00,    0.00,    5.89) N (|F|=5.89N)
  ✅ Gravity compensation active (Fz > 0)
  Actual Vel: (  0.000,   0.000,   0.067) m/s
  ℹ️  Velocity differs from PID (hybrid physics integration active)
────────────────────────────────────────────────────────────────────────────────

[DBG CACHE] Frame 180: Updating cache with pos=(0.000,0.000,2.498)
[DBG ROS2] Publishing to /drone/odom: pos=(0.000,0.000,2.498)
[DBG RENDER] Viewport sync triggered at pos (0.000, 0.000, 2.497)

────────────────────────────────────────────────────────────────────────────────
[FRAME 182] Δt = 1.00s
────────────────────────────────────────────────────────────────────────────────
  State      : Armed=True, Mode=LOITER
  Position   : (  0.000,   0.000,   2.497)
  Velocity   : (  0.000,   0.000,  -0.129)
  Target Pos : (  0.000,   0.000,   2.498)
  Error      : (  0.000,   0.000,   0.000) = 0.000m
  PID Output : (  0.000,   0.000,   0.002) m/s
  Applied Force: (   0.00,    0.00,    5.89) N (|F|=5.89N)
  ✅ Gravity compensation active (Fz > 0)
  Actual Vel: (  0.000,   0.000,   0.067) m/s
  ℹ️  Velocity differs from PID (hybrid physics integration active)
────────────────────────────────────────────────────────────────────────────────

[VIEWPORT FIX] Setting drone position to (0.000, 0.000, 2.498)
[DBG RENDER] Viewport sync triggered at pos (0.000, 0.000, 2.497)

────────────────────────────────────────────────────────────────────────────────
[FRAME 201] Δt = 1.00s
────────────────────────────────────────────────────────────────────────────────
  State      : Armed=True, Mode=LOITER
  Position   : (  0.000,   0.000,   2.497)
  Velocity   : (  0.000,   0.000,  -0.129)
  Target Pos : (  0.000,   0.000,   2.498)
  Error      : (  0.000,   0.000,   0.000) = 0.000m
  PID Output : (  0.000,   0.000,   0.002) m/s
  Applied Force: (   0.00,    0.00,    5.89) N (|F|=5.89N)
  ✅ Gravity compensation active (Fz > 0)
  Actual Vel: (  0.000,   0.000,   0.067) m/s
  ℹ️  Velocity differs from PID (hybrid physics integration active)
────────────────────────────────────────────────────────────────────────────────


────────────────────────────────────────────────────────────────────────────────
[FRAME 220] Δt = 1.00s
────────────────────────────────────────────────────────────────────────────────
  State      : Armed=True, Mode=LOITER
  Position   : (  0.000,   0.000,   2.497)
  Velocity   : (  0.000,   0.000,  -0.129)
  Target Pos : (  0.000,   0.000,   2.498)
  Error      : (  0.000,   0.000,   0.000) = 0.000m
  PID Output : (  0.000,   0.000,   0.002) m/s
  Applied Force: (   0.00,    0.00,    5.89) N (|F|=5.89N)
  ✅ Gravity compensation active (Fz > 0)
  Actual Vel: (  0.000,   0.000,   0.067) m/s
  ℹ️  Velocity differs from PID (hybrid physics integration active)
────────────────────────────────────────────────────────────────────────────────

[DBG RENDER] Viewport sync triggered at pos (0.000, 0.000, 2.497)

────────────────────────────────────────────────────────────────────────────────
[FRAME 240] Δt = 1.00s
────────────────────────────────────────────────────────────────────────────────
  State      : Armed=True, Mode=LOITER
  Position   : (  0.000,   0.000,   2.497)
  Velocity   : (  0.000,   0.000,  -0.129)
  Target Pos : (  0.000,   0.000,   2.498)
  Error      : (  0.000,   0.000,   0.000) = 0.000m
  PID Output : (  0.000,   0.000,   0.002) m/s
  Applied Force: (   0.00,    0.00,    5.89) N (|F|=5.89N)
  ✅ Gravity compensation active (Fz > 0)
  Actual Vel: (  0.000,   0.000,   0.067) m/s
  ℹ️  Velocity differs from PID (hybrid physics integration active)
────────────────────────────────────────────────────────────────────────────────

[DBG CACHE] Frame 240: Updating cache with pos=(0.000,0.000,2.498)
[DBG ROS2] Publishing to /drone/odom: pos=(0.000,0.000,2.498)
[DBG RENDER] Viewport sync triggered at pos (0.000, 0.000, 2.497)
[VIEWPORT FIX] Setting drone position to (0.000, 0.000, 2.498)

────────────────────────────────────────────────────────────────────────────────
[FRAME 260] Δt = 1.00s
────────────────────────────────────────────────────────────────────────────────
  State      : Armed=True, Mode=LOITER
  Position   : (  0.000,   0.000,   2.497)
  Velocity   : (  0.000,   0.000,  -0.129)
  Target Pos : (  0.000,   0.000,   2.498)
  Error      : (  0.000,   0.000,   0.000) = 0.000m
  PID Output : (  0.000,   0.000,   0.002) m/s
  Applied Force: (   0.00,    0.00,    5.89) N (|F|=5.89N)
  ✅ Gravity compensation active (Fz > 0)
  Actual Vel: (  0.000,   0.000,   0.067) m/s
  ℹ️  Velocity differs from PID (hybrid physics integration active)
────────────────────────────────────────────────────────────────────────────────

[DBG RENDER] Viewport sync triggered at pos (0.000, 0.000, 2.497)

────────────────────────────────────────────────────────────────────────────────
[FRAME 280] Δt = 1.00s
────────────────────────────────────────────────────────────────────────────────
  State      : Armed=True, Mode=LOITER
  Position   : (  0.000,   0.000,   2.497)
  Velocity   : (  0.000,   0.000,  -0.129)
  Target Pos : (  0.000,   0.000,   2.498)
  Error      : (  0.000,   0.000,   0.000) = 0.000m
  PID Output : (  0.000,   0.000,   0.002) m/s
  Applied Force: (   0.00,    0.00,    5.89) N (|F|=5.89N)
  ✅ Gravity compensation active (Fz > 0)
  Actual Vel: (  0.000,   0.000,   0.067) m/s
  ℹ️  Velocity differs from PID (hybrid physics integration active)
────────────────────────────────────────────────────────────────────────────────

[DBG RENDER] Viewport sync triggered at pos (0.000, 0.000, 2.497)

────────────────────────────────────────────────────────────────────────────────
[FRAME 299] Δt = 1.00s
────────────────────────────────────────────────────────────────────────────────
  State      : Armed=True, Mode=LOITER
  Position   : (  0.000,   0.000,   2.497)
  Velocity   : (  0.000,   0.000,  -0.129)
  Target Pos : (  0.000,   0.000,   2.498)
  Error      : (  0.000,   0.000,   0.000) = 0.000m
  PID Output : (  0.000,   0.000,   0.002) m/s
  Applied Force: (   0.00,    0.00,    5.89) N (|F|=5.89N)
  ✅ Gravity compensation active (Fz > 0)
  Actual Vel: (  0.000,   0.000,   0.067) m/s
  ℹ️  Velocity differs from PID (hybrid physics integration active)
────────────────────────────────────────────────────────────────────────────────

[DBG CACHE] Frame 300: Updating cache with pos=(0.000,0.000,2.498)
[DBG ROS2] Publishing to /drone/odom: pos=(0.000,0.000,2.498)
[VIEWPORT FIX] Setting drone position to (0.000, 0.000, 2.498)
[DBG RENDER] Viewport sync triggered at pos (0.000, 0.000, 2.497)

────────────────────────────────────────────────────────────────────────────────
[FRAME 319] Δt = 1.00s
────────────────────────────────────────────────────────────────────────────────
  State      : Armed=True, Mode=LOITER
  Position   : (  0.000,   0.000,   2.497)
  Velocity   : (  0.000,   0.000,  -0.129)
  Target Pos : (  0.000,   0.000,   2.498)
  Error      : (  0.000,   0.000,   0.000) = 0.000m
  PID Output : (  0.000,   0.000,   0.002) m/s
  Applied Force: (   0.00,    0.00,    5.89) N (|F|=5.89N)
  ✅ Gravity compensation active (Fz > 0)
  Actual Vel: (  0.000,   0.000,   0.067) m/s
  ℹ️  Velocity differs from PID (hybrid physics integration active)
────────────────────────────────────────────────────────────────────────────────

[DBG RENDER] Viewport sync triggered at pos (0.000, 0.000, 2.497)

────────────────────────────────────────────────────────────────────────────────
[FRAME 338] Δt = 1.00s
────────────────────────────────────────────────────────────────────────────────
  State      : Armed=True, Mode=LOITER
  Position   : (  0.000,   0.000,   2.497)
  Velocity   : (  0.000,   0.000,  -0.129)
  Target Pos : (  0.000,   0.000,   2.498)
  Error      : (  0.000,   0.000,   0.000) = 0.000m
  PID Output : (  0.000,   0.000,   0.002) m/s
  Applied Force: (   0.00,    0.00,    5.89) N (|F|=5.89N)
  ✅ Gravity compensation active (Fz > 0)
  Actual Vel: (  0.000,   0.000,   0.067) m/s
  ℹ️  Velocity differs from PID (hybrid physics integration active)
────────────────────────────────────────────────────────────────────────────────

[DBG RENDER] Viewport sync triggered at pos (0.000, 0.000, 2.497)
[VIEWPORT FIX] Setting drone position to (0.000, 0.000, 2.498)

────────────────────────────────────────────────────────────────────────────────
[FRAME 358] Δt = 1.00s
────────────────────────────────────────────────────────────────────────────────
  State      : Armed=True, Mode=LOITER
  Position   : (  0.000,   0.000,   2.497)
  Velocity   : (  0.000,   0.000,  -0.129)
  Target Pos : (  0.000,   0.000,   2.498)
  Error      : (  0.000,   0.000,   0.000) = 0.000m
  PID Output : (  0.000,   0.000,   0.002) m/s
  Applied Force: (   0.00,    0.00,    5.89) N (|F|=5.89N)
  ✅ Gravity compensation active (Fz > 0)
  Actual Vel: (  0.000,   0.000,   0.067) m/s
  ℹ️  Velocity differs from PID (hybrid physics integration active)
────────────────────────────────────────────────────────────────────────────────

[DBG CACHE] Frame 360: Updating cache with pos=(0.000,0.000,2.498)
[DBG ROS2] Publishing to /drone/odom: pos=(0.000,0.000,2.498)
[DBG RENDER] Viewport sync triggered at pos (0.000, 0.000, 2.497)

────────────────────────────────────────────────────────────────────────────────
[FRAME 377] Δt = 1.00s
────────────────────────────────────────────────────────────────────────────────
  State      : Armed=True, Mode=LOITER
  Position   : (  0.000,   0.000,   2.497)
  Velocity   : (  0.000,   0.000,  -0.129)
  Target Pos : (  0.000,   0.000,   2.498)
  Error      : (  0.000,   0.000,   0.000) = 0.000m
  PID Output : (  0.000,   0.000,   0.002) m/s
  Applied Force: (   0.00,    0.00,    5.89) N (|F|=5.89N)
  ✅ Gravity compensation active (Fz > 0)
  Actual Vel: (  0.000,   0.000,   0.067) m/s
  ℹ️  Velocity differs from PID (hybrid physics integration active)
────────────────────────────────────────────────────────────────────────────────

[DBG RENDER] Viewport sync triggered at pos (0.000, 0.000, 2.497)

────────────────────────────────────────────────────────────────────────────────
[FRAME 396] Δt = 1.00s
────────────────────────────────────────────────────────────────────────────────
  State      : Armed=True, Mode=LOITER
  Position   : (  0.000,   0.000,   2.497)
  Velocity   : (  0.000,   0.000,  -0.129)
  Target Pos : (  0.000,   0.000,   2.498)
  Error      : (  0.000,   0.000,   0.000) = 0.000m
  PID Output : (  0.000,   0.000,   0.002) m/s
  Applied Force: (   0.00,    0.00,    5.89) N (|F|=5.89N)
  ✅ Gravity compensation active (Fz > 0)
  Actual Vel: (  0.000,   0.000,   0.067) m/s
  ℹ️  Velocity differs from PID (hybrid physics integration active)
────────────────────────────────────────────────────────────────────────────────

[VIEWPORT FIX] Setting drone position to (0.000, 0.000, 2.498)
[DBG RENDER] Viewport sync triggered at pos (0.000, 0.000, 2.497)

────────────────────────────────────────────────────────────────────────────────
[FRAME 416] Δt = 1.00s
────────────────────────────────────────────────────────────────────────────────
  State      : Armed=True, Mode=LOITER
  Position   : (  0.000,   0.000,   2.497)
  Velocity   : (  0.000,   0.000,  -0.129)
  Target Pos : (  0.000,   0.000,   2.498)
  Error      : (  0.000,   0.000,   0.000) = 0.000m
  PID Output : (  0.000,   0.000,   0.002) m/s
  Applied Force: (   0.00,    0.00,    5.89) N (|F|=5.89N)
  ✅ Gravity compensation active (Fz > 0)
  Actual Vel: (  0.000,   0.000,   0.067) m/s
  ℹ️  Velocity differs from PID (hybrid physics integration active)
────────────────────────────────────────────────────────────────────────────────

[DBG CACHE] Frame 420: Updating cache with pos=(0.000,0.000,2.499)
[DBG ROS2] Publishing to /drone/odom: pos=(0.000,0.000,2.499)
[DBG RENDER] Viewport sync triggered at pos (0.000, 0.000, 2.497)

────────────────────────────────────────────────────────────────────────────────
[FRAME 436] Δt = 1.00s
────────────────────────────────────────────────────────────────────────────────
  State      : Armed=True, Mode=LOITER
  Position   : (  0.000,   0.000,   2.497)
  Velocity   : (  0.000,   0.000,  -0.129)
  Target Pos : (  0.000,   0.000,   2.498)
  Error      : (  0.000,   0.000,   0.000) = 0.000m
  PID Output : (  0.000,   0.000,   0.002) m/s
  Applied Force: (   0.00,    0.00,    5.89) N (|F|=5.89N)
  ✅ Gravity compensation active (Fz > 0)
  Actual Vel: (  0.000,   0.000,   0.067) m/s
  ℹ️  Velocity differs from PID (hybrid physics integration active)
────────────────────────────────────────────────────────────────────────────────

[DBG RENDER] Viewport sync triggered at pos (0.000, 0.000, 2.497)
[VIEWPORT FIX] Setting drone position to (0.000, 0.000, 2.499)

────────────────────────────────────────────────────────────────────────────────
[FRAME 456] Δt = 1.00s
────────────────────────────────────────────────────────────────────────────────
  State      : Armed=True, Mode=LOITER
  Position   : (  0.000,   0.000,   2.497)
  Velocity   : (  0.000,   0.000,  -0.129)
  Target Pos : (  0.000,   0.000,   2.498)
  Error      : (  0.000,   0.000,   0.000) = 0.000m
  PID Output : (  0.000,   0.000,   0.002) m/s
  Applied Force: (   0.00,    0.00,    5.89) N (|F|=5.89N)
  ✅ Gravity compensation active (Fz > 0)
  Actual Vel: (  0.000,   0.000,   0.067) m/s
  ℹ️  Velocity differs from PID (hybrid physics integration active)
────────────────────────────────────────────────────────────────────────────────

[DBG RENDER] Viewport sync triggered at pos (0.000, 0.000, 2.497)

────────────────────────────────────────────────────────────────────────────────
[FRAME 475] Δt = 1.00s
────────────────────────────────────────────────────────────────────────────────
  State      : Armed=True, Mode=LOITER
  Position   : (  0.000,   0.000,   2.497)
  Velocity   : (  0.000,   0.000,  -0.129)
  Target Pos : (  0.000,   0.000,   2.498)
  Error      : (  0.000,   0.000,   0.000) = 0.000m
  PID Output : (  0.000,   0.000,   0.002) m/s
  Applied Force: (   0.00,    0.00,    5.89) N (|F|=5.89N)
  ✅ Gravity compensation active (Fz > 0)
  Actual Vel: (  0.000,   0.000,   0.067) m/s
  ℹ️  Velocity differs from PID (hybrid physics integration active)
────────────────────────────────────────────────────────────────────────────────

[DBG CACHE] Frame 480: Updating cache with pos=(0.000,0.000,2.499)
[DBG ROS2] Publishing to /drone/odom: pos=(0.000,0.000,2.499)
[DBG RENDER] Viewport sync triggered at pos (0.000, 0.000, 2.497)

────────────────────────────────────────────────────────────────────────────────
[FRAME 495] Δt = 1.00s
────────────────────────────────────────────────────────────────────────────────
  State      : Armed=True, Mode=LOITER
  Position   : (  0.000,   0.000,   2.497)
  Velocity   : (  0.000,   0.000,  -0.129)
  Target Pos : (  0.000,   0.000,   2.498)
  Error      : (  0.000,   0.000,   0.000) = 0.000m
  PID Output : (  0.000,   0.000,   0.002) m/s
  Applied Force: (   0.00,    0.00,    5.89) N (|F|=5.89N)
  ✅ Gravity compensation active (Fz > 0)
  Actual Vel: (  0.000,   0.000,   0.067) m/s
  ℹ️  Velocity differs from PID (hybrid physics integration active)
────────────────────────────────────────────────────────────────────────────────

[VIEWPORT FIX] Setting drone position to (0.000, 0.000, 2.499)
[DBG RENDER] Viewport sync triggered at pos (0.000, 0.000, 2.497)

────────────────────────────────────────────────────────────────────────────────
[FRAME 514] Δt = 1.00s
────────────────────────────────────────────────────────────────────────────────
  State      : Armed=True, Mode=LOITER
  Position   : (  0.000,   0.000,   2.497)
  Velocity   : (  0.000,   0.000,  -0.129)
  Target Pos : (  0.000,   0.000,   2.498)
  Error      : (  0.000,   0.000,   0.000) = 0.000m
  PID Output : (  0.000,   0.000,   0.002) m/s
  Applied Force: (   0.00,    0.00,    5.89) N (|F|=5.89N)
  ✅ Gravity compensation active (Fz > 0)
  Actual Vel: (  0.000,   0.000,   0.067) m/s
  ℹ️  Velocity differs from PID (hybrid physics integration active)
────────────────────────────────────────────────────────────────────────────────

[DBG RENDER] Viewport sync triggered at pos (0.000, 0.000, 2.497)

────────────────────────────────────────────────────────────────────────────────
[FRAME 533] Δt = 1.00s
────────────────────────────────────────────────────────────────────────────────
  State      : Armed=True, Mode=LOITER
  Position   : (  0.000,   0.000,   2.497)
  Velocity   : (  0.000,   0.000,  -0.129)
  Target Pos : (  0.000,   0.000,   2.498)
  Error      : (  0.000,   0.000,   0.000) = 0.000m
  PID Output : (  0.000,   0.000,   0.002) m/s
  Applied Force: (   0.00,    0.00,    5.89) N (|F|=5.89N)
  ✅ Gravity compensation active (Fz > 0)
  Actual Vel: (  0.000,   0.000,   0.067) m/s
  ℹ️  Velocity differs from PID (hybrid physics integration active)
────────────────────────────────────────────────────────────────────────────────

[DBG CACHE] Frame 540: Updating cache with pos=(0.000,0.000,2.499)
[DBG ROS2] Publishing to /drone/odom: pos=(0.000,0.000,2.499)
[DBG RENDER] Viewport sync triggered at pos (0.000, 0.000, 2.497)
[VIEWPORT FIX] Setting drone position to (0.000, 0.000, 2.499)

────────────────────────────────────────────────────────────────────────────────
[FRAME 553] Δt = 1.00s
────────────────────────────────────────────────────────────────────────────────
  State      : Armed=True, Mode=LOITER
  Position   : (  0.000,   0.000,   2.497)
  Velocity   : (  0.000,   0.000,  -0.129)
  Target Pos : (  0.000,   0.000,   2.498)
  Error      : (  0.000,   0.000,   0.000) = 0.000m
  PID Output : (  0.000,   0.000,   0.002) m/s
  Applied Force: (   0.00,    0.00,    5.89) N (|F|=5.89N)
  ✅ Gravity compensation active (Fz > 0)
  Actual Vel: (  0.000,   0.000,   0.067) m/s
  ℹ️  Velocity differs from PID (hybrid physics integration active)
────────────────────────────────────────────────────────────────────────────────

[DBG RENDER] Viewport sync triggered at pos (0.000, 0.000, 2.497)

────────────────────────────────────────────────────────────────────────────────
[FRAME 573] Δt = 1.00s
────────────────────────────────────────────────────────────────────────────────
  State      : Armed=True, Mode=LOITER
  Position   : (  0.000,   0.000,   2.497)
  Velocity   : (  0.000,   0.000,  -0.129)
  Target Pos : (  0.000,   0.000,   2.498)
  Error      : (  0.000,   0.000,   0.000) = 0.000m
  PID Output : (  0.000,   0.000,   0.002) m/s
  Applied Force: (   0.00,    0.00,    5.89) N (|F|=5.89N)
  ✅ Gravity compensation active (Fz > 0)
  Actual Vel: (  0.000,   0.000,   0.067) m/s
  ℹ️  Velocity differs from PID (hybrid physics integration active)
────────────────────────────────────────────────────────────────────────────────

[DBG RENDER] Viewport sync triggered at pos (0.000, 0.000, 2.497)

────────────────────────────────────────────────────────────────────────────────
[FRAME 593] Δt = 1.00s
────────────────────────────────────────────────────────────────────────────────
  State      : Armed=True, Mode=LOITER
  Position   : (  0.000,   0.000,   2.497)
  Velocity   : (  0.000,   0.000,  -0.129)
  Target Pos : (  0.000,   0.000,   2.498)
  Error      : (  0.000,   0.000,   0.000) = 0.000m
  PID Output : (  0.000,   0.000,   0.002) m/s
  Applied Force: (   0.00,    0.00,    5.89) N (|F|=5.89N)
  ✅ Gravity compensation active (Fz > 0)
  Actual Vel: (  0.000,   0.000,   0.067) m/s
  ℹ️  Velocity differs from PID (hybrid physics integration active)
────────────────────────────────────────────────────────────────────────────────

[DBG CACHE] Frame 600: Updating cache with pos=(0.000,0.000,2.499)
[DBG ROS2] Publishing to /drone/odom: pos=(0.000,0.000,2.499)
[VIEWPORT FIX] Setting drone position to (0.000, 0.000, 2.499)
[DBG RENDER] Viewport sync triggered at pos (0.000, 0.000, 2.497)

────────────────────────────────────────────────────────────────────────────────
[FRAME 612] Δt = 1.00s
────────────────────────────────────────────────────────────────────────────────
  State      : Armed=True, Mode=LOITER
  Position   : (  0.000,   0.000,   2.497)
  Velocity   : (  0.000,   0.000,  -0.129)
  Target Pos : (  0.000,   0.000,   2.498)
  Error      : (  0.000,   0.000,   0.000) = 0.000m
  PID Output : (  0.000,   0.000,   0.001) m/s
  Applied Force: (   0.00,    0.00,    5.89) N (|F|=5.89N)
  ✅ Gravity compensation active (Fz > 0)
  Actual Vel: (  0.000,   0.000,   0.067) m/s
  ℹ️  Velocity differs from PID (hybrid physics integration active)
────────────────────────────────────────────────────────────────────────────────

[DBG RENDER] Viewport sync triggered at pos (0.000, 0.000, 2.497)

────────────────────────────────────────────────────────────────────────────────
[FRAME 631] Δt = 1.00s
────────────────────────────────────────────────────────────────────────────────
  State      : Armed=True, Mode=LOITER
  Position   : (  0.000,   0.000,   2.497)
  Velocity   : (  0.000,   0.000,  -0.129)
  Target Pos : (  0.000,   0.000,   2.498)
  Error      : (  0.000,   0.000,   0.000) = 0.000m
  PID Output : (  0.000,   0.000,   0.002) m/s
  Applied Force: (   0.00,    0.00,    5.89) N (|F|=5.89N)
  ✅ Gravity compensation active (Fz > 0)
  Actual Vel: (  0.000,   0.000,   0.067) m/s
  ℹ️  Velocity differs from PID (hybrid physics integration active)
────────────────────────────────────────────────────────────────────────────────

[DBG RENDER] Viewport sync triggered at pos (0.000, 0.000, 2.497)

────────────────────────────────────────────────────────────────────────────────
[FRAME 650] Δt = 1.00s
────────────────────────────────────────────────────────────────────────────────
  State      : Armed=True, Mode=LOITER
  Position   : (  0.000,   0.000,   2.497)
  Velocity   : (  0.000,   0.000,  -0.129)
  Target Pos : (  0.000,   0.000,   2.498)
  Error      : (  0.000,   0.000,   0.000) = 0.000m
  PID Output : (  0.000,   0.000,   0.002) m/s
  Applied Force: (   0.00,    0.00,    5.89) N (|F|=5.89N)
  ✅ Gravity compensation active (Fz > 0)
  Actual Vel: (  0.000,   0.000,   0.067) m/s
  ℹ️  Velocity differs from PID (hybrid physics integration active)
────────────────────────────────────────────────────────────────────────────────

[VIEWPORT FIX] Setting drone position to (0.000, 0.000, 2.499)
[DBG CACHE] Frame 660: Updating cache with pos=(0.000,0.000,2.499)
[DBG ROS2] Publishing to /drone/odom: pos=(0.000,0.000,2.499)
[DBG RENDER] Viewport sync triggered at pos (0.000, 0.000, 2.497)

────────────────────────────────────────────────────────────────────────────────
[FRAME 670] Δt = 1.00s
────────────────────────────────────────────────────────────────────────────────
  State      : Armed=True, Mode=LOITER
  Position   : (  0.000,   0.000,   2.497)
  Velocity   : (  0.000,   0.000,  -0.129)
  Target Pos : (  0.000,   0.000,   2.498)
  Error      : (  0.000,   0.000,   0.000) = 0.000m
  PID Output : (  0.000,   0.000,   0.002) m/s
  Applied Force: (   0.00,    0.00,    5.89) N (|F|=5.89N)
  ✅ Gravity compensation active (Fz > 0)
  Actual Vel: (  0.000,   0.000,   0.067) m/s
  ℹ️  Velocity differs from PID (hybrid physics integration active)
────────────────────────────────────────────────────────────────────────────────

[DBG RENDER] Viewport sync triggered at pos (0.000, 0.000, 2.497)

────────────────────────────────────────────────────────────────────────────────
[FRAME 689] Δt = 1.00s
────────────────────────────────────────────────────────────────────────────────
  State      : Armed=True, Mode=LOITER
  Position   : (  0.000,   0.000,   2.497)
  Velocity   : (  0.000,   0.000,  -0.129)
  Target Pos : (  0.000,   0.000,   2.498)
  Error      : (  0.000,   0.000,   0.000) = 0.000m
  PID Output : (  0.000,   0.000,   0.002) m/s
  Applied Force: (   0.00,    0.00,    5.89) N (|F|=5.89N)
  ✅ Gravity compensation active (Fz > 0)
  Actual Vel: (  0.000,   0.000,   0.067) m/s
  ℹ️  Velocity differs from PID (hybrid physics integration active)
────────────────────────────────────────────────────────────────────────────────

[VIEWPORT FIX] Setting drone position to (0.000, 0.000, 2.499)
[DBG RENDER] Viewport sync triggered at pos (0.000, 0.000, 2.497)

────────────────────────────────────────────────────────────────────────────────
[FRAME 708] Δt = 1.00s
────────────────────────────────────────────────────────────────────────────────
  State      : Armed=True, Mode=LOITER
  Position   : (  0.000,   0.000,   2.497)
  Velocity   : (  0.000,   0.000,  -0.129)
  Target Pos : (  0.000,   0.000,   2.498)
  Error      : (  0.000,   0.000,   0.000) = 0.000m
  PID Output : (  0.000,   0.000,   0.002) m/s
  Applied Force: (   0.00,    0.00,    5.89) N (|F|=5.89N)
  ✅ Gravity compensation active (Fz > 0)
  Actual Vel: (  0.000,   0.000,   0.067) m/s
  ℹ️  Velocity differs from PID (hybrid physics integration active)
────────────────────────────────────────────────────────────────────────────────

[DBG CACHE] Frame 720: Updating cache with pos=(0.000,0.000,2.499)
[DBG ROS2] Publishing to /drone/odom: pos=(0.000,0.000,2.499)
[DBG RENDER] Viewport sync triggered at pos (0.000, 0.000, 2.497)

────────────────────────────────────────────────────────────────────────────────
[FRAME 728] Δt = 1.00s
────────────────────────────────────────────────────────────────────────────────
  State      : Armed=True, Mode=LOITER
  Position   : (  0.000,   0.000,   2.497)
  Velocity   : (  0.000,   0.000,  -0.129)
  Target Pos : (  0.000,   0.000,   2.498)
  Error      : (  0.000,   0.000,   0.000) = 0.000m
  PID Output : (  0.000,   0.000,   0.002) m/s
  Applied Force: (   0.00,    0.00,    5.89) N (|F|=5.89N)
  ✅ Gravity compensation active (Fz > 0)
  Actual Vel: (  0.000,   0.000,   0.067) m/s
  ℹ️  Velocity differs from PID (hybrid physics integration active)
────────────────────────────────────────────────────────────────────────────────

[DBG RENDER] Viewport sync triggered at pos (0.000, 0.000, 2.497)

────────────────────────────────────────────────────────────────────────────────
[FRAME 747] Δt = 1.00s
────────────────────────────────────────────────────────────────────────────────
  State      : Armed=True, Mode=LOITER
  Position   : (  0.000,   0.000,   2.497)
  Velocity   : (  0.000,   0.000,  -0.129)
  Target Pos : (  0.000,   0.000,   2.498)
  Error      : (  0.000,   0.000,   0.000) = 0.000m
  PID Output : (  0.000,   0.000,   0.002) m/s
  Applied Force: (   0.00,    0.00,    5.89) N (|F|=5.89N)
  ✅ Gravity compensation active (Fz > 0)
  Actual Vel: (  0.000,   0.000,   0.067) m/s
  ℹ️  Velocity differs from PID (hybrid physics integration active)
────────────────────────────────────────────────────────────────────────────────

[VIEWPORT FIX] Setting drone position to (0.000, 0.000, 2.499)
[DBG RENDER] Viewport sync triggered at pos (0.000, 0.000, 2.497)

────────────────────────────────────────────────────────────────────────────────
[FRAME 766] Δt = 1.00s
────────────────────────────────────────────────────────────────────────────────
  State      : Armed=True, Mode=LOITER
  Position   : (  0.000,   0.000,   2.497)
  Velocity   : (  0.000,   0.000,  -0.129)
  Target Pos : (  0.000,   0.000,   2.498)
  Error      : (  0.000,   0.000,   0.000) = 0.000m
  PID Output : (  0.000,   0.000,   0.002) m/s
  Applied Force: (   0.00,    0.00,    5.89) N (|F|=5.89N)
  ✅ Gravity compensation active (Fz > 0)
  Actual Vel: (  0.000,   0.000,   0.067) m/s
  ℹ️  Velocity differs from PID (hybrid physics integration active)
────────────────────────────────────────────────────────────────────────────────

[DBG CACHE] Frame 780: Updating cache with pos=(0.000,0.000,2.499)
[DBG ROS2] Publishing to /drone/odom: pos=(0.000,0.000,2.499)
[DBG RENDER] Viewport sync triggered at pos (0.000, 0.000, 2.497)

────────────────────────────────────────────────────────────────────────────────
[FRAME 786] Δt = 1.00s
────────────────────────────────────────────────────────────────────────────────
  State      : Armed=True, Mode=LOITER
  Position   : (  0.000,   0.000,   2.497)
  Velocity   : (  0.000,   0.000,  -0.129)
  Target Pos : (  0.000,   0.000,   2.498)
  Error      : (  0.000,   0.000,   0.000) = 0.000m
  PID Output : (  0.000,   0.000,   0.002) m/s
  Applied Force: (   0.00,    0.00,    5.89) N (|F|=5.89N)
  ✅ Gravity compensation active (Fz > 0)
  Actual Vel: (  0.000,   0.000,   0.067) m/s
  ℹ️  Velocity differs from PID (hybrid physics integration active)
────────────────────────────────────────────────────────────────────────────────

[VIEWPORT FIX] Setting drone position to (0.000, 0.000, 2.499)
[DBG RENDER] Viewport sync triggered at pos (0.000, 0.000, 2.497)

────────────────────────────────────────────────────────────────────────────────
[FRAME 806] Δt = 1.00s
────────────────────────────────────────────────────────────────────────────────
  State      : Armed=True, Mode=LOITER
  Position   : (  0.000,   0.000,   2.497)
  Velocity   : (  0.000,   0.000,  -0.129)
  Target Pos : (  0.000,   0.000,   2.498)
  Error      : (  0.000,   0.000,   0.000) = 0.000m
  PID Output : (  0.000,   0.000,   0.002) m/s
  Applied Force: (   0.00,    0.00,    5.89) N (|F|=5.89N)
  ✅ Gravity compensation active (Fz > 0)
  Actual Vel: (  0.000,   0.000,   0.067) m/s
  ℹ️  Velocity differs from PID (hybrid physics integration active)
────────────────────────────────────────────────────────────────────────────────

[DBG RENDER] Viewport sync triggered at pos (0.000, 0.000, 2.497)

────────────────────────────────────────────────────────────────────────────────
[FRAME 825] Δt = 1.00s
────────────────────────────────────────────────────────────────────────────────
  State      : Armed=True, Mode=LOITER
  Position   : (  0.000,   0.000,   2.497)
  Velocity   : (  0.000,   0.000,  -0.129)
  Target Pos : (  0.000,   0.000,   2.498)
  Error      : (  0.000,   0.000,   0.000) = 0.000m
  PID Output : (  0.000,   0.000,   0.002) m/s
  Applied Force: (   0.00,    0.00,    5.89) N (|F|=5.89N)
  ✅ Gravity compensation active (Fz > 0)
  Actual Vel: (  0.000,   0.000,   0.067) m/s
  ℹ️  Velocity differs from PID (hybrid physics integration active)
────────────────────────────────────────────────────────────────────────────────

[DBG CACHE] Frame 840: Updating cache with pos=(0.000,0.000,2.499)
[DBG ROS2] Publishing to /drone/odom: pos=(0.000,0.000,2.499)
[DBG RENDER] Viewport sync triggered at pos (0.000, 0.000, 2.497)

────────────────────────────────────────────────────────────────────────────────
[FRAME 845] Δt = 1.00s
────────────────────────────────────────────────────────────────────────────────
  State      : Armed=True, Mode=LOITER
  Position   : (  0.000,   0.000,   2.497)
  Velocity   : (  0.000,   0.000,  -0.129)
  Target Pos : (  0.000,   0.000,   2.498)
  Error      : (  0.000,   0.000,   0.000) = 0.000m
  PID Output : (  0.000,   0.000,   0.002) m/s
  Applied Force: (   0.00,    0.00,    5.89) N (|F|=5.89N)
  ✅ Gravity compensation active (Fz > 0)
  Actual Vel: (  0.000,   0.000,   0.067) m/s
  ℹ️  Velocity differs from PID (hybrid physics integration active)
────────────────────────────────────────────────────────────────────────────────

[VIEWPORT FIX] Setting drone position to (0.000, 0.000, 2.499)
[DBG RENDER] Viewport sync triggered at pos (0.000, 0.000, 2.498)

────────────────────────────────────────────────────────────────────────────────
[FRAME 864] Δt = 1.00s
────────────────────────────────────────────────────────────────────────────────
  State      : Armed=True, Mode=LOITER
  Position   : (  0.000,   0.000,   2.498)
  Velocity   : (  0.000,   0.000,  -0.129)
  Target Pos : (  0.000,   0.000,   2.498)
  Error      : (  0.000,   0.000,   0.000) = 0.000m
  PID Output : (  0.000,   0.000,   0.002) m/s
  Applied Force: (   0.00,    0.00,    5.89) N (|F|=5.89N)
  ✅ Gravity compensation active (Fz > 0)
  Actual Vel: (  0.000,   0.000,   0.067) m/s
  ℹ️  Velocity differs from PID (hybrid physics integration active)
────────────────────────────────────────────────────────────────────────────────

[DBG RENDER] Viewport sync triggered at pos (0.000, 0.000, 2.498)

────────────────────────────────────────────────────────────────────────────────
[FRAME 884] Δt = 1.00s
────────────────────────────────────────────────────────────────────────────────
  State      : Armed=True, Mode=LOITER
  Position   : (  0.000,   0.000,   2.498)
  Velocity   : (  0.000,   0.000,  -0.129)
  Target Pos : (  0.000,   0.000,   2.498)
  Error      : (  0.000,   0.000,   0.000) = 0.000m
  PID Output : (  0.000,   0.000,   0.002) m/s
  Applied Force: (   0.00,    0.00,    5.89) N (|F|=5.89N)
  ✅ Gravity compensation active (Fz > 0)
  Actual Vel: (  0.000,   0.000,   0.067) m/s
  ℹ️  Velocity differs from PID (hybrid physics integration active)
────────────────────────────────────────────────────────────────────────────────

[DBG CACHE] Frame 900: Updating cache with pos=(0.000,0.000,2.499)
[DBG ROS2] Publishing to /drone/odom: pos=(0.000,0.000,2.499)
[VIEWPORT FIX] Setting drone position to (0.000, 0.000, 2.499)
[DBG RENDER] Viewport sync triggered at pos (0.000, 0.000, 2.498)

────────────────────────────────────────────────────────────────────────────────
[FRAME 904] Δt = 1.00s
────────────────────────────────────────────────────────────────────────────────
  State      : Armed=True, Mode=LOITER
  Position   : (  0.000,   0.000,   2.498)
  Velocity   : (  0.000,   0.000,  -0.129)
  Target Pos : (  0.000,   0.000,   2.498)
  Error      : (  0.000,   0.000,   0.000) = 0.000m
  PID Output : (  0.000,   0.000,   0.002) m/s
  Applied Force: (   0.00,    0.00,    5.89) N (|F|=5.89N)
  ✅ Gravity compensation active (Fz > 0)
  Actual Vel: (  0.000,   0.000,   0.067) m/s
  ℹ️  Velocity differs from PID (hybrid physics integration active)
────────────────────────────────────────────────────────────────────────────────

[DBG RENDER] Viewport sync triggered at pos (0.000, 0.000, 2.498)

────────────────────────────────────────────────────────────────────────────────
[FRAME 923] Δt = 1.00s
────────────────────────────────────────────────────────────────────────────────
  State      : Armed=True, Mode=LOITER
  Position   : (  0.000,   0.000,   2.498)
  Velocity   : (  0.000,   0.000,  -0.129)
  Target Pos : (  0.000,   0.000,   2.498)
  Error      : (  0.000,   0.000,   0.000) = 0.000m
  PID Output : (  0.000,   0.000,   0.002) m/s
  Applied Force: (   0.00,    0.00,    5.89) N (|F|=5.89N)
  ✅ Gravity compensation active (Fz > 0)
  Actual Vel: (  0.000,   0.000,   0.067) m/s
  ℹ️  Velocity differs from PID (hybrid physics integration active)
────────────────────────────────────────────────────────────────────────────────

[DBG RENDER] Viewport sync triggered at pos (0.000, 0.000, 2.498)

────────────────────────────────────────────────────────────────────────────────
[FRAME 943] Δt = 1.00s
────────────────────────────────────────────────────────────────────────────────
  State      : Armed=True, Mode=LOITER
  Position   : (  0.000,   0.000,   2.498)
  Velocity   : (  0.000,   0.000,  -0.129)
  Target Pos : (  0.000,   0.000,   2.498)
  Error      : (  0.000,   0.000,   0.000) = 0.000m
  PID Output : (  0.000,   0.000,   0.002) m/s
  Applied Force: (   0.00,    0.00,    5.89) N (|F|=5.89N)
  ✅ Gravity compensation active (Fz > 0)
  Actual Vel: (  0.000,   0.000,   0.067) m/s
  ℹ️  Velocity differs from PID (hybrid physics integration active)
────────────────────────────────────────────────────────────────────────────────

[VIEWPORT FIX] Setting drone position to (0.000, 0.000, 2.499)
[DBG CACHE] Frame 960: Updating cache with pos=(0.000,0.000,2.499)
[DBG ROS2] Publishing to /drone/odom: pos=(0.000,0.000,2.499)
[DBG RENDER] Viewport sync triggered at pos (0.000, 0.000, 2.498)

────────────────────────────────────────────────────────────────────────────────
[FRAME 962] Δt = 1.00s
────────────────────────────────────────────────────────────────────────────────
  State      : Armed=True, Mode=LOITER
  Position   : (  0.000,   0.000,   2.498)
  Velocity   : (  0.000,   0.000,  -0.129)
  Target Pos : (  0.000,   0.000,   2.498)
  Error      : (  0.000,   0.000,   0.000) = 0.000m
  PID Output : (  0.000,   0.000,   0.002) m/s
  Applied Force: (   0.00,    0.00,    5.89) N (|F|=5.89N)
  ✅ Gravity compensation active (Fz > 0)
  Actual Vel: (  0.000,   0.000,   0.067) m/s
  ℹ️  Velocity differs from PID (hybrid physics integration active)
────────────────────────────────────────────────────────────────────────────────

[DBG RENDER] Viewport sync triggered at pos (0.000, 0.000, 2.498)

────────────────────────────────────────────────────────────────────────────────
[FRAME 982] Δt = 1.00s
────────────────────────────────────────────────────────────────────────────────
  State      : Armed=True, Mode=LOITER
  Position   : (  0.000,   0.000,   2.498)
  Velocity   : (  0.000,   0.000,  -0.129)
  Target Pos : (  0.000,   0.000,   2.498)
  Error      : (  0.000,   0.000,   0.000) = 0.000m
  PID Output : (  0.000,   0.000,   0.002) m/s
  Applied Force: (   0.00,    0.00,    5.89) N (|F|=5.89N)
  ✅ Gravity compensation active (Fz > 0)
  Actual Vel: (  0.000,   0.000,   0.067) m/s
  ℹ️  Velocity differs from PID (hybrid physics integration active)
────────────────────────────────────────────────────────────────────────────────

[VIEWPORT FIX] Setting drone position to (0.000, 0.000, 2.499)
[DBG RENDER] Viewport sync triggered at pos (0.000, 0.000, 2.498)

────────────────────────────────────────────────────────────────────────────────
[FRAME 1002] Δt = 1.00s
────────────────────────────────────────────────────────────────────────────────
  State      : Armed=True, Mode=LOITER
  Position   : (  0.000,   0.000,   2.498)
  Velocity   : (  0.000,   0.000,  -0.129)
  Target Pos : (  0.000,   0.000,   2.498)
  Error      : (  0.000,   0.000,   0.000) = 0.000m
  PID Output : (  0.000,   0.000,   0.002) m/s
  Applied Force: (   0.00,    0.00,    5.89) N (|F|=5.89N)
  ✅ Gravity compensation active (Fz > 0)
  Actual Vel: (  0.000,   0.000,   0.067) m/s
  ℹ️  Velocity differs from PID (hybrid physics integration active)
────────────────────────────────────────────────────────────────────────────────

[DBG CACHE] Frame 1020: Updating cache with pos=(0.000,0.000,2.499)
[DBG ROS2] Publishing to /drone/odom: pos=(0.000,0.000,2.499)
[DBG RENDER] Viewport sync triggered at pos (0.000, 0.000, 2.498)

────────────────────────────────────────────────────────────────────────────────
[FRAME 1022] Δt = 1.00s
────────────────────────────────────────────────────────────────────────────────
  State      : Armed=True, Mode=LOITER
  Position   : (  0.000,   0.000,   2.498)
  Velocity   : (  0.000,   0.000,  -0.129)
  Target Pos : (  0.000,   0.000,   2.498)
  Error      : (  0.000,   0.000,   0.000) = 0.000m
  PID Output : (  0.000,   0.000,   0.002) m/s
  Applied Force: (   0.00,    0.00,    5.89) N (|F|=5.89N)
  ✅ Gravity compensation active (Fz > 0)
  Actual Vel: (  0.000,   0.000,   0.067) m/s
  ℹ️  Velocity differs from PID (hybrid physics integration active)
────────────────────────────────────────────────────────────────────────────────

[DBG RENDER] Viewport sync triggered at pos (0.000, 0.000, 2.498)

────────────────────────────────────────────────────────────────────────────────
[FRAME 1042] Δt = 1.00s
────────────────────────────────────────────────────────────────────────────────
  State      : Armed=True, Mode=LOITER
  Position   : (  0.000,   0.000,   2.498)
  Velocity   : (  0.000,   0.000,  -0.129)
  Target Pos : (  0.000,   0.000,   2.498)
  Error      : (  0.000,   0.000,   0.000) = 0.000m
  PID Output : (  0.000,   0.000,   0.002) m/s
  Applied Force: (   0.00,    0.00,    5.89) N (|F|=5.89N)
  ✅ Gravity compensation active (Fz > 0)
  Actual Vel: (  0.000,   0.000,   0.067) m/s
  ℹ️  Velocity differs from PID (hybrid physics integration active)
────────────────────────────────────────────────────────────────────────────────

[VIEWPORT FIX] Setting drone position to (0.000, 0.000, 2.499)
[DBG RENDER] Viewport sync triggered at pos (0.000, 0.000, 2.498)

────────────────────────────────────────────────────────────────────────────────
[FRAME 1061] Δt = 1.00s
────────────────────────────────────────────────────────────────────────────────
  State      : Armed=True, Mode=LOITER
  Position   : (  0.000,   0.000,   2.498)
  Velocity   : (  0.000,   0.000,  -0.129)
  Target Pos : (  0.000,   0.000,   2.498)
  Error      : (  0.000,   0.000,   0.000) = 0.000m
  PID Output : (  0.000,   0.000,   0.002) m/s
  Applied Force: (   0.00,    0.00,    5.89) N (|F|=5.89N)
  ✅ Gravity compensation active (Fz > 0)
  Actual Vel: (  0.000,   0.000,   0.067) m/s
  ℹ️  Velocity differs from PID (hybrid physics integration active)
────────────────────────────────────────────────────────────────────────────────


────────────────────────────────────────────────────────────────────────────────
[FRAME 1080] Δt = 1.00s
────────────────────────────────────────────────────────────────────────────────
  State      : Armed=True, Mode=LOITER
  Position   : (  0.000,   0.000,   2.498)
  Velocity   : (  0.000,   0.000,  -0.129)
  Target Pos : (  0.000,   0.000,   2.498)
  Error      : (  0.000,   0.000,   0.000) = 0.000m
  PID Output : (  0.000,   0.000,   0.002) m/s
  Applied Force: (   0.00,    0.00,    5.89) N (|F|=5.89N)
  ✅ Gravity compensation active (Fz > 0)
  Actual Vel: (  0.000,   0.000,   0.067) m/s
  ℹ️  Velocity differs from PID (hybrid physics integration active)
────────────────────────────────────────────────────────────────────────────────

[DBG CACHE] Frame 1080: Updating cache with pos=(0.000,0.000,2.499)
[DBG ROS2] Publishing to /drone/odom: pos=(0.000,0.000,2.499)
[DBG RENDER] Viewport sync triggered at pos (0.000, 0.000, 2.498)

────────────────────────────────────────────────────────────────────────────────
[FRAME 1099] Δt = 1.00s
────────────────────────────────────────────────────────────────────────────────
  State      : Armed=True, Mode=LOITER
  Position   : (  0.000,   0.000,   2.498)
  Velocity   : (  0.000,   0.000,  -0.129)
  Target Pos : (  0.000,   0.000,   2.498)
  Error      : (  0.000,   0.000,   0.000) = 0.000m
  PID Output : (  0.000,   0.000,   0.002) m/s
  Applied Force: (   0.00,    0.00,    5.89) N (|F|=5.89N)
  ✅ Gravity compensation active (Fz > 0)
  Actual Vel: (  0.000,   0.000,   0.067) m/s
  ℹ️  Velocity differs from PID (hybrid physics integration active)
────────────────────────────────────────────────────────────────────────────────

[VIEWPORT FIX] Setting drone position to (0.000, 0.000, 2.499)
[DBG RENDER] Viewport sync triggered at pos (0.000, 0.000, 2.498)

────────────────────────────────────────────────────────────────────────────────
[FRAME 1118] Δt = 1.00s
────────────────────────────────────────────────────────────────────────────────
  State      : Armed=True, Mode=LOITER
  Position   : (  0.000,   0.000,   2.498)
  Velocity   : (  0.000,   0.000,  -0.129)
  Target Pos : (  0.000,   0.000,   2.498)
  Error      : (  0.000,   0.000,   0.000) = 0.000m
  PID Output : (  0.000,   0.000,   0.002) m/s
  Applied Force: (   0.00,    0.00,    5.89) N (|F|=5.89N)
  ✅ Gravity compensation active (Fz > 0)
  Actual Vel: (  0.000,   0.000,   0.067) m/s
  ℹ️  Velocity differs from PID (hybrid physics integration active)
────────────────────────────────────────────────────────────────────────────────

[DBG RENDER] Viewport sync triggered at pos (0.000, 0.000, 2.498)

────────────────────────────────────────────────────────────────────────────────
[FRAME 1138] Δt = 1.00s
────────────────────────────────────────────────────────────────────────────────
  State      : Armed=True, Mode=LOITER
  Position   : (  0.000,   0.000,   2.498)
  Velocity   : (  0.000,   0.000,  -0.129)
  Target Pos : (  0.000,   0.000,   2.498)
  Error      : (  0.000,   0.000,   0.000) = 0.000m
  PID Output : (  0.000,   0.000,   0.002) m/s
  Applied Force: (   0.00,    0.00,    5.89) N (|F|=5.89N)
  ✅ Gravity compensation active (Fz > 0)
  Actual Vel: (  0.000,   0.000,   0.067) m/s
  ℹ️  Velocity differs from PID (hybrid physics integration active)
────────────────────────────────────────────────────────────────────────────────

[DBG CACHE] Frame 1140: Updating cache with pos=(0.000,0.000,2.499)
[DBG ROS2] Publishing to /drone/odom: pos=(0.000,0.000,2.499)
[DBG RENDER] Viewport sync triggered at pos (0.000, 0.000, 2.498)
[VIEWPORT FIX] Setting drone position to (0.000, 0.000, 2.499)

────────────────────────────────────────────────────────────────────────────────
[FRAME 1157] Δt = 1.00s
────────────────────────────────────────────────────────────────────────────────
  State      : Armed=True, Mode=LOITER
  Position   : (  0.000,   0.000,   2.498)
  Velocity   : (  0.000,   0.000,  -0.129)
  Target Pos : (  0.000,   0.000,   2.498)
  Error      : (  0.000,   0.000,   0.000) = 0.000m
  PID Output : (  0.000,   0.000,   0.002) m/s
  Applied Force: (   0.00,    0.00,    5.89) N (|F|=5.89N)
  ✅ Gravity compensation active (Fz > 0)
  Actual Vel: (  0.000,   0.000,   0.067) m/s
  ℹ️  Velocity differs from PID (hybrid physics integration active)
────────────────────────────────────────────────────────────────────────────────

[DBG RENDER] Viewport sync triggered at pos (0.000, 0.000, 2.498)

────────────────────────────────────────────────────────────────────────────────
[FRAME 1176] Δt = 1.00s
────────────────────────────────────────────────────────────────────────────────
  State      : Armed=True, Mode=LOITER
  Position   : (  0.000,   0.000,   2.498)
  Velocity   : (  0.000,   0.000,  -0.129)
  Target Pos : (  0.000,   0.000,   2.498)
  Error      : (  0.000,   0.000,   0.000) = 0.000m
  PID Output : (  0.000,   0.000,   0.002) m/s
  Applied Force: (   0.00,    0.00,    5.89) N (|F|=5.89N)
  ✅ Gravity compensation active (Fz > 0)
  Actual Vel: (  0.000,   0.000,   0.067) m/s
  ℹ️  Velocity differs from PID (hybrid physics integration active)
────────────────────────────────────────────────────────────────────────────────

[DBG RENDER] Viewport sync triggered at pos (0.000, 0.000, 2.498)

────────────────────────────────────────────────────────────────────────────────
[FRAME 1195] Δt = 1.00s
────────────────────────────────────────────────────────────────────────────────
  State      : Armed=True, Mode=LOITER
  Position   : (  0.000,   0.000,   2.498)
  Velocity   : (  0.000,   0.000,  -0.129)
  Target Pos : (  0.000,   0.000,   2.498)
  Error      : (  0.000,   0.000,   0.000) = 0.000m
  PID Output : (  0.000,   0.000,   0.002) m/s
  Applied Force: (   0.00,    0.00,    5.89) N (|F|=5.89N)
  ✅ Gravity compensation active (Fz > 0)
  Actual Vel: (  0.000,   0.000,   0.067) m/s
  ℹ️  Velocity differs from PID (hybrid physics integration active)
────────────────────────────────────────────────────────────────────────────────

[DBG CACHE] Frame 1200: Updating cache with pos=(0.000,0.000,2.499)
[DBG ROS2] Publishing to /drone/odom: pos=(0.000,0.000,2.499)
[VIEWPORT FIX] Setting drone position to (0.000, 0.000, 2.499)
[DBG RENDER] Viewport sync triggered at pos (0.000, 0.000, 2.498)

────────────────────────────────────────────────────────────────────────────────
[FRAME 1214] Δt = 1.00s
────────────────────────────────────────────────────────────────────────────────
  State      : Armed=True, Mode=LOITER
  Position   : (  0.000,   0.000,   2.498)
  Velocity   : (  0.000,   0.000,  -0.129)
  Target Pos : (  0.000,   0.000,   2.498)
  Error      : (  0.000,   0.000,   0.000) = 0.000m
  PID Output : (  0.000,   0.000,   0.002) m/s
  Applied Force: (   0.00,    0.00,    5.89) N (|F|=5.89N)
  ✅ Gravity compensation active (Fz > 0)
  Actual Vel: (  0.000,   0.000,   0.067) m/s
  ℹ️  Velocity differs from PID (hybrid physics integration active)
────────────────────────────────────────────────────────────────────────────────

[DBG RENDER] Viewport sync triggered at pos (0.000, 0.000, 2.498)

────────────────────────────────────────────────────────────────────────────────
[FRAME 1233] Δt = 1.00s
────────────────────────────────────────────────────────────────────────────────
  State      : Armed=True, Mode=LOITER
  Position   : (  0.000,   0.000,   2.498)
  Velocity   : (  0.000,   0.000,  -0.129)
  Target Pos : (  0.000,   0.000,   2.498)
  Error      : (  0.000,   0.000,   0.000) = 0.000m
  PID Output : (  0.000,   0.000,   0.002) m/s
  Applied Force: (   0.00,    0.00,    5.89) N (|F|=5.89N)
  ✅ Gravity compensation active (Fz > 0)
  Actual Vel: (  0.000,   0.000,   0.067) m/s
  ℹ️  Velocity differs from PID (hybrid physics integration active)
────────────────────────────────────────────────────────────────────────────────

[DBG RENDER] Viewport sync triggered at pos (0.000, 0.000, 2.498)
[VIEWPORT FIX] Setting drone position to (0.000, 0.000, 2.499)

────────────────────────────────────────────────────────────────────────────────
[FRAME 1251] Δt = 1.00s
────────────────────────────────────────────────────────────────────────────────
  State      : Armed=True, Mode=LOITER
  Position   : (  0.000,   0.000,   2.498)
  Velocity   : (  0.000,   0.000,  -0.129)
  Target Pos : (  0.000,   0.000,   2.498)
  Error      : (  0.000,   0.000,   0.000) = 0.000m
  PID Output : (  0.000,   0.000,   0.002) m/s
  Applied Force: (   0.00,    0.00,    5.89) N (|F|=5.89N)
  ✅ Gravity compensation active (Fz > 0)
  Actual Vel: (  0.000,   0.000,   0.067) m/s
  ℹ️  Velocity differs from PID (hybrid physics integration active)
────────────────────────────────────────────────────────────────────────────────

[DBG CACHE] Frame 1260: Updating cache with pos=(0.000,0.000,2.499)
[DBG ROS2] Publishing to /drone/odom: pos=(0.000,0.000,2.499)
[DBG RENDER] Viewport sync triggered at pos (0.000, 0.000, 2.498)

────────────────────────────────────────────────────────────────────────────────
[FRAME 1270] Δt = 1.00s
────────────────────────────────────────────────────────────────────────────────
  State      : Armed=True, Mode=LOITER
  Position   : (  0.000,   0.000,   2.498)
  Velocity   : (  0.000,   0.000,  -0.129)
  Target Pos : (  0.000,   0.000,   2.498)
  Error      : (  0.000,   0.000,   0.000) = 0.000m
  PID Output : (  0.000,   0.000,   0.002) m/s
  Applied Force: (   0.00,    0.00,    5.89) N (|F|=5.89N)
  ✅ Gravity compensation active (Fz > 0)
  Actual Vel: (  0.000,   0.000,   0.067) m/s
  ℹ️  Velocity differs from PID (hybrid physics integration active)
────────────────────────────────────────────────────────────────────────────────

[DBG RENDER] Viewport sync triggered at pos (0.000, 0.000, 2.498)

────────────────────────────────────────────────────────────────────────────────
[FRAME 1289] Δt = 1.00s
────────────────────────────────────────────────────────────────────────────────
  State      : Armed=True, Mode=LOITER
  Position   : (  0.000,   0.000,   2.498)
  Velocity   : (  0.000,   0.000,  -0.129)
  Target Pos : (  0.000,   0.000,   2.498)
  Error      : (  0.000,   0.000,   0.000) = 0.000m
  PID Output : (  0.000,   0.000,   0.002) m/s
  Applied Force: (   0.00,    0.00,    5.89) N (|F|=5.89N)
  ✅ Gravity compensation active (Fz > 0)
  Actual Vel: (  0.000,   0.000,   0.067) m/s
  ℹ️  Velocity differs from PID (hybrid physics integration active)
────────────────────────────────────────────────────────────────────────────────

[VIEWPORT FIX] Setting drone position to (0.000, 0.000, 2.499)
[DBG RENDER] Viewport sync triggered at pos (0.000, 0.000, 2.498)

────────────────────────────────────────────────────────────────────────────────
[FRAME 1307] Δt = 1.00s
────────────────────────────────────────────────────────────────────────────────
  State      : Armed=True, Mode=LOITER
  Position   : (  0.000,   0.000,   2.498)
  Velocity   : (  0.000,   0.000,  -0.129)
  Target Pos : (  0.000,   0.000,   2.498)
  Error      : (  0.000,   0.000,   0.000) = 0.000m
  PID Output : (  0.000,   0.000,   0.002) m/s
  Applied Force: (   0.00,    0.00,    5.89) N (|F|=5.89N)
  ✅ Gravity compensation active (Fz > 0)
  Actual Vel: (  0.000,   0.000,   0.067) m/s
  ℹ️  Velocity differs from PID (hybrid physics integration active)
────────────────────────────────────────────────────────────────────────────────

[DBG CACHE] Frame 1320: Updating cache with pos=(0.000,0.000,2.499)
[DBG ROS2] Publishing to /drone/odom: pos=(0.000,0.000,2.499)
[DBG RENDER] Viewport sync triggered at pos (0.000, 0.000, 2.498)

────────────────────────────────────────────────────────────────────────────────
[FRAME 1326] Δt = 1.00s
────────────────────────────────────────────────────────────────────────────────
  State      : Armed=True, Mode=LOITER
  Position   : (  0.000,   0.000,   2.498)
  Velocity   : (  0.000,   0.000,  -0.129)
  Target Pos : (  0.000,   0.000,   2.498)
  Error      : (  0.000,   0.000,   0.000) = 0.000m
  PID Output : (  0.000,   0.000,   0.002) m/s
  Applied Force: (   0.00,    0.00,    5.89) N (|F|=5.89N)
  ✅ Gravity compensation active (Fz > 0)
  Actual Vel: (  0.000,   0.000,   0.067) m/s
  ℹ️  Velocity differs from PID (hybrid physics integration active)
────────────────────────────────────────────────────────────────────────────────

[DBG RENDER] Viewport sync triggered at pos (0.000, 0.000, 2.498)

────────────────────────────────────────────────────────────────────────────────
[FRAME 1345] Δt = 1.00s
────────────────────────────────────────────────────────────────────────────────
  State      : Armed=True, Mode=LOITER
  Position   : (  0.000,   0.000,   2.498)
  Velocity   : (  0.000,   0.000,  -0.129)
  Target Pos : (  0.000,   0.000,   2.498)
  Error      : (  0.000,   0.000,   0.000) = 0.000m
  PID Output : (  0.000,   0.000,   0.002) m/s
  Applied Force: (   0.00,    0.00,    5.89) N (|F|=5.89N)
  ✅ Gravity compensation active (Fz > 0)
  Actual Vel: (  0.000,   0.000,   0.067) m/s
  ℹ️  Velocity differs from PID (hybrid physics integration active)
────────────────────────────────────────────────────────────────────────────────

[VIEWPORT FIX] Setting drone position to (0.000, 0.000, 2.499)
[DBG RENDER] Viewport sync triggered at pos (0.000, 0.000, 2.498)

────────────────────────────────────────────────────────────────────────────────
[FRAME 1364] Δt = 1.00s
────────────────────────────────────────────────────────────────────────────────
  State      : Armed=True, Mode=LOITER
  Position   : (  0.000,   0.000,   2.498)
  Velocity   : (  0.000,   0.000,  -0.129)
  Target Pos : (  0.000,   0.000,   2.498)
  Error      : (  0.000,   0.000,   0.000) = 0.000m
  PID Output : (  0.000,   0.000,   0.002) m/s
  Applied Force: (   0.00,    0.00,    5.89) N (|F|=5.89N)
  ✅ Gravity compensation active (Fz > 0)
  Actual Vel: (  0.000,   0.000,   0.067) m/s
  ℹ️  Velocity differs from PID (hybrid physics integration active)
────────────────────────────────────────────────────────────────────────────────

[DBG CACHE] Frame 1380: Updating cache with pos=(0.000,0.000,2.499)
[DBG ROS2] Publishing to /drone/odom: pos=(0.000,0.000,2.499)
[DBG RENDER] Viewport sync triggered at pos (0.000, 0.000, 2.498)

────────────────────────────────────────────────────────────────────────────────
[FRAME 1383] Δt = 1.00s
────────────────────────────────────────────────────────────────────────────────
  State      : Armed=True, Mode=LOITER
  Position   : (  0.000,   0.000,   2.498)
  Velocity   : (  0.000,   0.000,  -0.129)
  Target Pos : (  0.000,   0.000,   2.498)
  Error      : (  0.000,   0.000,   0.000) = 0.000m
  PID Output : (  0.000,   0.000,   0.002) m/s
  Applied Force: (   0.00,    0.00,    5.89) N (|F|=5.89N)
  ✅ Gravity compensation active (Fz > 0)
  Actual Vel: (  0.000,   0.000,   0.067) m/s
  ℹ️  Velocity differs from PID (hybrid physics integration active)
────────────────────────────────────────────────────────────────────────────────

[VIEWPORT FIX] Setting drone position to (0.000, 0.000, 2.499)
[DBG RENDER] Viewport sync triggered at pos (0.000, 0.000, 2.498)

────────────────────────────────────────────────────────────────────────────────
[FRAME 1402] Δt = 1.00s
────────────────────────────────────────────────────────────────────────────────
  State      : Armed=True, Mode=LOITER
  Position   : (  0.000,   0.000,   2.498)
  Velocity   : (  0.000,   0.000,  -0.129)
  Target Pos : (  0.000,   0.000,   2.498)
  Error      : (  0.000,   0.000,   0.000) = 0.000m
  PID Output : (  0.000,   0.000,   0.002) m/s
  Applied Force: (   0.00,    0.00,    5.89) N (|F|=5.89N)
  ✅ Gravity compensation active (Fz > 0)
  Actual Vel: (  0.000,   0.000,   0.067) m/s
  ℹ️  Velocity differs from PID (hybrid physics integration active)
────────────────────────────────────────────────────────────────────────────────

[DBG RENDER] Viewport sync triggered at pos (0.000, 0.000, 2.498)

────────────────────────────────────────────────────────────────────────────────
[FRAME 1421] Δt = 1.00s
────────────────────────────────────────────────────────────────────────────────
  State      : Armed=True, Mode=LOITER
  Position   : (  0.000,   0.000,   2.498)
  Velocity   : (  0.000,   0.000,  -0.129)
  Target Pos : (  0.000,   0.000,   2.498)
  Error      : (  0.000,   0.000,   0.000) = 0.000m
  PID Output : (  0.000,   0.000,   0.002) m/s
  Applied Force: (   0.00,    0.00,    5.89) N (|F|=5.89N)
  ✅ Gravity compensation active (Fz > 0)
  Actual Vel: (  0.000,   0.000,   0.067) m/s
  ℹ️  Velocity differs from PID (hybrid physics integration active)
────────────────────────────────────────────────────────────────────────────────


────────────────────────────────────────────────────────────────────────────────
[FRAME 1439] Δt = 1.00s
────────────────────────────────────────────────────────────────────────────────
  State      : Armed=True, Mode=LOITER
  Position   : (  0.000,   0.000,   2.498)
  Velocity   : (  0.000,   0.000,  -0.129)
  Target Pos : (  0.000,   0.000,   2.498)
  Error      : (  0.000,   0.000,   0.000) = 0.000m
  PID Output : (  0.000,   0.000,   0.002) m/s
  Applied Force: (   0.00,    0.00,    5.89) N (|F|=5.89N)
  ✅ Gravity compensation active (Fz > 0)
  Actual Vel: (  0.000,   0.000,   0.067) m/s
  ℹ️  Velocity differs from PID (hybrid physics integration active)
────────────────────────────────────────────────────────────────────────────────

[DBG CACHE] Frame 1440: Updating cache with pos=(0.000,0.000,2.499)
[DBG ROS2] Publishing to /drone/odom: pos=(0.000,0.000,2.499)
[DBG RENDER] Viewport sync triggered at pos (0.000, 0.000, 2.498)
[VIEWPORT FIX] Setting drone position to (0.000, 0.000, 2.499)

────────────────────────────────────────────────────────────────────────────────
[FRAME 1458] Δt = 1.00s
────────────────────────────────────────────────────────────────────────────────
  State      : Armed=True, Mode=LOITER
  Position   : (  0.000,   0.000,   2.498)
  Velocity   : (  0.000,   0.000,  -0.129)
  Target Pos : (  0.000,   0.000,   2.498)
  Error      : (  0.000,   0.000,   0.000) = 0.000m
  PID Output : (  0.000,   0.000,   0.002) m/s
  Applied Force: (   0.00,    0.00,    5.89) N (|F|=5.89N)
  ✅ Gravity compensation active (Fz > 0)
  Actual Vel: (  0.000,   0.000,   0.067) m/s
  ℹ️  Velocity differs from PID (hybrid physics integration active)
────────────────────────────────────────────────────────────────────────────────

[DBG RENDER] Viewport sync triggered at pos (0.000, 0.000, 2.498)

────────────────────────────────────────────────────────────────────────────────
[FRAME 1477] Δt = 1.00s
────────────────────────────────────────────────────────────────────────────────
  State      : Armed=True, Mode=LOITER
  Position   : (  0.000,   0.000,   2.498)
  Velocity   : (  0.000,   0.000,  -0.129)
  Target Pos : (  0.000,   0.000,   2.498)
  Error      : (  0.000,   0.000,   0.000) = 0.000m
  PID Output : (  0.000,   0.000,   0.002) m/s
  Applied Force: (   0.00,    0.00,    5.89) N (|F|=5.89N)
  ✅ Gravity compensation active (Fz > 0)
  Actual Vel: (  0.000,   0.000,   0.067) m/s
  ℹ️  Velocity differs from PID (hybrid physics integration active)
────────────────────────────────────────────────────────────────────────────────

[DBG RENDER] Viewport sync triggered at pos (0.000, 0.000, 2.498)

────────────────────────────────────────────────────────────────────────────────
[FRAME 1496] Δt = 1.00s
────────────────────────────────────────────────────────────────────────────────
  State      : Armed=True, Mode=LOITER
  Position   : (  0.000,   0.000,   2.498)
  Velocity   : (  0.000,   0.000,  -0.129)
  Target Pos : (  0.000,   0.000,   2.498)
  Error      : (  0.000,   0.000,   0.000) = 0.000m
  PID Output : (  0.000,   0.000,   0.002) m/s
  Applied Force: (   0.00,    0.00,    5.89) N (|F|=5.89N)
  ✅ Gravity compensation active (Fz > 0)
  Actual Vel: (  0.000,   0.000,   0.067) m/s
  ℹ️  Velocity differs from PID (hybrid physics integration active)
────────────────────────────────────────────────────────────────────────────────

[DBG CACHE] Frame 1500: Updating cache with pos=(0.000,0.000,2.499)
[DBG ROS2] Publishing to /drone/odom: pos=(0.000,0.000,2.499)
[VIEWPORT FIX] Setting drone position to (0.000, 0.000, 2.499)
[DBG RENDER] Viewport sync triggered at pos (0.000, 0.000, 2.498)

────────────────────────────────────────────────────────────────────────────────
[FRAME 1515] Δt = 1.00s
────────────────────────────────────────────────────────────────────────────────
  State      : Armed=True, Mode=LOITER
  Position   : (  0.000,   0.000,   2.498)
  Velocity   : (  0.000,   0.000,  -0.129)
  Target Pos : (  0.000,   0.000,   2.498)
  Error      : (  0.000,   0.000,   0.000) = 0.000m
  PID Output : (  0.000,   0.000,   0.002) m/s
  Applied Force: (   0.00,    0.00,    5.89) N (|F|=5.89N)
  ✅ Gravity compensation active (Fz > 0)
  Actual Vel: (  0.000,   0.000,   0.067) m/s
  ℹ️  Velocity differs from PID (hybrid physics integration active)
────────────────────────────────────────────────────────────────────────────────

[DBG RENDER] Viewport sync triggered at pos (0.000, 0.000, 2.498)

────────────────────────────────────────────────────────────────────────────────
[FRAME 1534] Δt = 1.00s
────────────────────────────────────────────────────────────────────────────────
  State      : Armed=True, Mode=LOITER
  Position   : (  0.000,   0.000,   2.498)
  Velocity   : (  0.000,   0.000,  -0.129)
  Target Pos : (  0.000,   0.000,   2.498)
  Error      : (  0.000,   0.000,   0.000) = 0.000m
  PID Output : (  0.000,   0.000,   0.002) m/s
  Applied Force: (   0.00,    0.00,    5.89) N (|F|=5.89N)
  ✅ Gravity compensation active (Fz > 0)
  Actual Vel: (  0.000,   0.000,   0.067) m/s
  ℹ️  Velocity differs from PID (hybrid physics integration active)
────────────────────────────────────────────────────────────────────────────────

[DBG RENDER] Viewport sync triggered at pos (0.000, 0.000, 2.498)
[VIEWPORT FIX] Setting drone position to (0.000, 0.000, 2.499)

────────────────────────────────────────────────────────────────────────────────
[FRAME 1553] Δt = 1.00s
────────────────────────────────────────────────────────────────────────────────
  State      : Armed=True, Mode=LOITER
  Position   : (  0.000,   0.000,   2.498)
  Velocity   : (  0.000,   0.000,  -0.129)
  Target Pos : (  0.000,   0.000,   2.498)
  Error      : (  0.000,   0.000,   0.000) = 0.000m
  PID Output : (  0.000,   0.000,   0.002) m/s
  Applied Force: (   0.00,    0.00,    5.89) N (|F|=5.89N)
  ✅ Gravity compensation active (Fz > 0)
  Actual Vel: (  0.000,   0.000,   0.067) m/s
  ℹ️  Velocity differs from PID (hybrid physics integration active)
────────────────────────────────────────────────────────────────────────────────

[DBG CACHE] Frame 1560: Updating cache with pos=(0.000,0.000,2.499)
[DBG ROS2] Publishing to /drone/odom: pos=(0.000,0.000,2.499)
[DBG RENDER] Viewport sync triggered at pos (0.000, 0.000, 2.498)

────────────────────────────────────────────────────────────────────────────────
[FRAME 1572] Δt = 1.00s
────────────────────────────────────────────────────────────────────────────────
  State      : Armed=True, Mode=LOITER
  Position   : (  0.000,   0.000,   2.498)
  Velocity   : (  0.000,   0.000,  -0.129)
  Target Pos : (  0.000,   0.000,   2.498)
  Error      : (  0.000,   0.000,   0.000) = 0.000m
  PID Output : (  0.000,   0.000,   0.002) m/s
  Applied Force: (   0.00,    0.00,    5.89) N (|F|=5.89N)
  ✅ Gravity compensation active (Fz > 0)
  Actual Vel: (  0.000,   0.000,   0.067) m/s
  ℹ️  Velocity differs from PID (hybrid physics integration active)
────────────────────────────────────────────────────────────────────────────────

[DBG RENDER] Viewport sync triggered at pos (0.000, 0.000, 2.498)

────────────────────────────────────────────────────────────────────────────────
[FRAME 1591] Δt = 1.00s
────────────────────────────────────────────────────────────────────────────────
  State      : Armed=True, Mode=LOITER
  Position   : (  0.000,   0.000,   2.498)
  Velocity   : (  0.000,   0.000,  -0.129)
  Target Pos : (  0.000,   0.000,   2.498)
  Error      : (  0.000,   0.000,   0.000) = 0.000m
  PID Output : (  0.000,   0.000,   0.002) m/s
  Applied Force: (   0.00,    0.00,    5.89) N (|F|=5.89N)
  ✅ Gravity compensation active (Fz > 0)
  Actual Vel: (  0.000,   0.000,   0.067) m/s
  ℹ️  Velocity differs from PID (hybrid physics integration active)
────────────────────────────────────────────────────────────────────────────────

[VIEWPORT FIX] Setting drone position to (0.000, 0.000, 2.499)
[DBG RENDER] Viewport sync triggered at pos (0.000, 0.000, 2.498)

────────────────────────────────────────────────────────────────────────────────
[FRAME 1609] Δt = 1.00s
────────────────────────────────────────────────────────────────────────────────
  State      : Armed=True, Mode=LOITER
  Position   : (  0.000,   0.000,   2.498)
  Velocity   : (  0.000,   0.000,  -0.129)
  Target Pos : (  0.000,   0.000,   2.498)
  Error      : (  0.000,   0.000,   0.000) = 0.000m
  PID Output : (  0.000,   0.000,   0.002) m/s
  Applied Force: (   0.00,    0.00,    5.89) N (|F|=5.89N)
  ✅ Gravity compensation active (Fz > 0)
  Actual Vel: (  0.000,   0.000,   0.067) m/s
  ℹ️  Velocity differs from PID (hybrid physics integration active)
────────────────────────────────────────────────────────────────────────────────

[DBG CACHE] Frame 1620: Updating cache with pos=(0.000,0.000,2.499)
[DBG ROS2] Publishing to /drone/odom: pos=(0.000,0.000,2.499)
[DBG RENDER] Viewport sync triggered at pos (0.000, 0.000, 2.498)
[INFO] Shutting down simulation...
[INFO] ROS2 shutdown complete
[INFO] Simulation shutdown complete
2026-01-28 20:13:45 [101,904ms] [Warning] [carb] [Plugin: omni.spectree.delegate.plugin] Module /home/kishi/.local/share/ov/pkg/isaac-sim-2023.1.1/kit/exts/omni.usd_resolver/bin/libomni.spectree.delegate.plugin.so remained loaded after unload request
2026-01-28 20:13:45 [101,907ms] [Warning] [omni.graph.core.plugin] Node type name '' is missing the unique namespace
2026-01-28 20:13:45 [101,907ms] [Warning] [omni.stageupdate.plugin] Deprecated: direct use of IStageUpdate callbacks is deprecated. Use IStageUpdate::getStageUpdate instead.
2026-01-28 20:13:45 [101,909ms] [Warning] [omni.graph.core.plugin] Could not find category 'Replicator:Annotators' for removal
2026-01-28 20:13:45 [101,909ms] [Warning] [omni.graph.core.plugin] Could not find category 'Replicator:Annotators' for removal
2026-01-28 20:13:45 [101,909ms] [Warning] [omni.graph.core.plugin] Could not find category 'Replicator:Annotators' for removal
2026-01-28 20:13:45 [101,909ms] [Warning] [omni.graph.core.plugin] Could not find category 'Replicator:Annotators' for removal
2026-01-28 20:13:45 [101,909ms] [Warning] [omni.graph.core.plugin] Could not find category 'Replicator:Annotators' for removal
2026-01-28 20:13:45 [101,909ms] [Warning] [omni.graph.core.plugin] Could not find category 'Replicator:Annotators' for removal
2026-01-28 20:13:45 [101,909ms] [Warning] [omni.graph.core.plugin] Could not find category 'Replicator:Annotators' for removal
2026-01-28 20:13:45 [101,909ms] [Warning] [omni.graph.core.plugin] Could not find category 'Replicator:Annotators' for removal
2026-01-28 20:13:45 [101,909ms] [Warning] [omni.graph.core.plugin] Could not find category 'Replicator:Annotators' for removal
2026-01-28 20:13:45 [101,909ms] [Warning] [omni.graph.core.plugin] Could not find category 'Replicator:Annotators' for removal
2026-01-28 20:13:45 [101,909ms] [Warning] [omni.graph.core.plugin] Could not find category 'Replicator:Annotators' for removal
2026-01-28 20:13:45 [101,909ms] [Warning] [omni.graph.core.plugin] Could not find category 'Replicator:Core' for removal
2026-01-28 20:13:45 [101,914ms] [Warning] [carb.audio.context] 1 contexts were leaked
2026-01-28 20:13:45 [101,948ms] [Warning] [carb] Recursive unloadAllPlugins() detected!
2026-01-28 20:13:45 [101,956ms] [Warning] [omni.core.ITypeFactory] Module /home/kishi/.local/share/ov/pkg/isaac-sim-2023.1.1/kit/exts/omni.activity.core/bin/libomni.activity.core.plugin.so remained loaded after unload request.
