========================================
ResQoUnity Simulation Log
========================================
Timestamp:    Fri Feb 20 11:00:23 AM CST 2026
Robot Type:   go2
Robot Amount: 2
Terrain:      flat
Environment:  none
CPU Mode:     ENABLED (hardcoded for testing)
========================================

[INFO][AppLauncher]: Loading experience file: /home/kishi/IsaacLab-0.3.1/source/apps/orbit.python.kit
[Warning] [omni.isaac.kit.simulation_app] Modules: ['omniverse_sim'] were loaded before SimulationApp was started and might not be loaded correctly.
[Warning] [omni.isaac.kit.simulation_app] Please check to make sure no extra omniverse or pxr modules are imported before the call to SimulationApp(...)
Starting kit application with the following args:  ['/home/kishi/.local/share/ov/pkg/isaac-sim-2023.1.1/exts/omni.isaac.kit/omni/isaac/kit/simulation_app.py', '/home/kishi/IsaacLab-0.3.1/source/apps/orbit.python.kit', '--/app/tokens/exe-path=/home/kishi/.local/share/ov/pkg/isaac-sim-2023.1.1/kit', '--/persistent/app/viewport/displayOptions=3094', '--/rtx/materialDb/syncLoads=True', '--/rtx/hydra/materialSyncLoads=True', '--/omni.kit.plugin/syncUsdLoads=True', '--/app/renderer/resolution/width=1280', '--/app/renderer/resolution/height=720', '--/app/window/width=1440', '--/app/window/height=900', '--/renderer/multiGpu/enabled=True', '--/app/fastShutdown=True', '--ext-folder', '/home/kishi/.local/share/ov/pkg/isaac-sim-2023.1.1/exts', '--ext-folder', '/home/kishi/.local/share/ov/pkg/isaac-sim-2023.1.1/apps', '--/physics/cudaDevice=0', '--portable']
Passing the following args to the base kit application:  ['--robot', 'go2', '--robot_amount', '2', '--terrain', 'flat', '--custom_env', 'none', '--cpu']
Loading user config located at: '/home/kishi/.local/share/ov/pkg/isaac-sim-2023.1.1/kit/data/Kit/Isaac-Sim/2023.1/user.config.json'
[Info] [carb] Logging to file: /home/kishi/.local/share/ov/pkg/isaac-sim-2023.1.1/kit/logs/Kit/Isaac-Sim/2023.1/kit_20260220_110023.log
2026-02-20 17:00:23 [0ms] [Warning] [omni.kit.app.plugin] No crash reporter present, dumps uploading isn't available.
2026-02-20 17:00:23 [2ms] [Warning] [omni.ext.plugin] [ext: omni.replicator.core] Extensions config 'extension.toml' doesn't exist '/home/kishi/.local/share/ov/pkg/isaac-sim-2023.1.1/exts/omni.replicator.core' or '/home/kishi/.local/share/ov/pkg/isaac-sim-2023.1.1/exts/omni.replicator.core/config'
[0.032s] [ext: omni.kit.async_engine-0.0.0] startup
[0.163s] [ext: omni.activity.core-1.0.1] startup
[0.165s] [ext: omni.assets.plugins-0.0.0] startup
[0.166s] [ext: omni.stats-0.0.0] startup
[0.166s] [ext: omni.client-1.0.1] startup
[0.171s] [ext: omni.activity.profiler-1.0.2] startup
[0.172s] [ext: omni.gpu_foundation-0.0.0] startup
[0.178s] [ext: omni.rtx.shadercache.vulkan-1.0.0] startup
[0.179s] [ext: carb.windowing.plugins-1.0.0] startup
[0.185s] [ext: omni.kit.renderer.init-0.0.0] startup
2026-02-20 17:00:24 [292ms] [Warning] [gpu.foundation.plugin] Skipping unsupported non-NVIDIA GPU: Intel(R) UHD Graphics 770 (ADL-S GT1)
2026-02-20 17:00:24 [292ms] [Warning] [gpu.foundation.plugin] Skipping unsupported non-NVIDIA GPU: Intel(R) UHD Graphics 770 (ADL-S GT1)

|---------------------------------------------------------------------------------------------|
| Driver Version: 550.163.01    | Graphics API: Vulkan
|=============================================================================================|
| GPU | Name                             | Active | LDA | GPU Memory | Vendor-ID | LUID       |
|     |                                  |        |     |            | Device-ID | UUID       |
|     |                                  |        |     |            | Bus-ID    |            |
|---------------------------------------------------------------------------------------------|
| 0   | NVIDIA GeForce RTX 3080          | Yes: 0 |     | 10486   MB | 10de      | 0          |
|     |                                  |        |     |            | 2216      | 677e3bbe.. |
|     |                                  |        |     |            | 1         |            |
|---------------------------------------------------------------------------------------------|
| 1   | Intel(R) UHD Graphics 770 (ADL.. |        |     | 48010   MB | 8086      | 0          |
|     |                                  |        |     |            | 4680      | 86808046.. |
|     |                                  |        |     |            | 0         |            |
|=============================================================================================|
| OS: 22.04.5 LTS (Jammy Jellyfish) ubuntu, Version: 22.04.5, Kernel: 6.8.0-90-generic
| XServer Vendor: The X.Org Foundation, XServer Version: 12101004 (1.21.1.4)
| Processor: 12th Gen Intel(R) Core(TM) i9-12900K | Cores: 16 | Logical: 32
|---------------------------------------------------------------------------------------------|
| Total Memory (MB): 64013 | Free Memory: 51377
| Total Page/Swap (MB): 2047 | Free Page/Swap: 1213
|---------------------------------------------------------------------------------------------|
2026-02-20 17:00:24 [474ms] [Warning] [gpu.foundation.plugin] IOMMU is enabled. Found 12 items in /sys/kernel/iommu_groups/.
2026-02-20 17:00:24 [474ms] [Warning] [gpu.foundation.plugin] An input-output memory management unit (IOMMU) appears to be enabled on this system.
On bare-metal Linux systems, CUDA and the display driver do not support IOMMU-enabled PCIe peer to peer memory copy.
If you are on a bare-metal Linux system, please disable the IOMMU. Otherwise you risk image corruption and program instability.
This typically can be controlled via BIOS settings (Intel Virtualization Technology for Directed I/O (VT-d) or AMD I/O Virtualization Technology (AMD-Vi)) and kernel parameters (iommu, intel_iommu, amd_iommu).
Note that in virtual machines with GPU pass-through (vGPU) the IOMMU needs to be enabled.
Since we can not reliably detect whether this system is bare-metal or a virtual machine, we show this warning in any case when an IOMMU appears to be enabled.
2026-02-20 17:00:24 [474ms] [Warning] [gpu.foundation.plugin]  
2026-02-20 17:00:24 [474ms] [Warning] [gpu.foundation.plugin] -----------------------------------------------------------------------
2026-02-20 17:00:24 [474ms] [Warning] [gpu.foundation.plugin] !!!!! Local system validation failed! Incorrect configuration detected.
2026-02-20 17:00:24 [474ms] [Warning] [gpu.foundation.plugin]       Summary below. Details above.
2026-02-20 17:00:24 [474ms] [Warning] [gpu.foundation.plugin] -----------------------------------------------------------------------
2026-02-20 17:00:24 [474ms] [Warning] [gpu.foundation.plugin]  
2026-02-20 17:00:24 [474ms] [Warning] [gpu.foundation.plugin]  - ECC:                         OK
2026-02-20 17:00:24 [474ms] [Warning] [gpu.foundation.plugin]  - IOMMU:                       FAILED
2026-02-20 17:00:24 [474ms] [Warning] [gpu.foundation.plugin]  
2026-02-20 17:00:24 [474ms] [Warning] [gpu.foundation.plugin] -----------------------------------------------------------------------
[0.596s] [ext: omni.kit.pipapi-0.0.0] startup
[0.597s] [ext: omni.kit.pip_archive-0.0.0] startup
[0.597s] [ext: omni.pip.compute-1.2.0] startup
[0.597s] [ext: omni.pip.torch-2_0_1-2.0.2] startup
[0.623s] [ext: omni.pip.cloud-1.0.1] startup
[0.626s] [ext: omni.isaac.core_archive-2.2.1] startup
[0.626s] [ext: omni.isaac.ml_archive-1.1.3] startup
[0.626s] [ext: omni.kit.loop-isaac-1.1.0] startup
[0.627s] [ext: omni.kit.test-0.0.0] startup
[0.627s] [ext: omni.kit.telemetry-0.5.0] startup
[0.643s] [ext: omni.mtlx-0.1.0] startup
[0.644s] [ext: omni.usd.config-1.0.3] startup
[0.646s] [ext: omni.gpucompute.plugins-0.0.0] startup
[0.646s] [ext: omni.usd.libs-1.0.0] startup
[0.709s] [ext: omni.appwindow-1.1.5] startup
[0.926s] [ext: omni.kit.renderer.core-0.0.0] startup
[1.590s] [ext: omni.kit.renderer.capture-0.0.0] startup
[1.592s] [ext: omni.kit.renderer.imgui-0.0.0] startup
[1.637s] [ext: carb.audio-0.1.0] startup
[1.638s] [ext: omni.ui-2.18.5] startup
[1.645s] [ext: omni.uiaudio-1.0.0] startup
[1.646s] [ext: omni.kit.mainwindow-1.0.1] startup
[1.646s] [ext: omni.kit.uiapp-0.0.0] startup
[1.646s] [ext: omni.usd.schema.physics-0.0.0] startup
[1.722s] [ext: omni.usd.schema.omniscripting-1.0.0] startup
[1.727s] [ext: omni.usd.schema.scene.visualization-2.0.2] startup
[1.728s] [ext: omni.usd.schema.anim-0.0.0] startup
[1.743s] [ext: omni.usd.schema.geospatial-0.0.0] startup
[1.745s] [ext: omni.usd.schema.forcefield-0.0.0] startup
[1.748s] [ext: omni.usd.schema.physx-0.0.0] startup
[1.765s] [ext: omni.usd.schema.semantics-0.0.0] startup
[1.767s] [ext: omni.usd.schema.audio-0.0.0] startup
[1.771s] [ext: omni.usd.schema.isaac-2.0.1] startup
[1.779s] [ext: omni.usd.schema.omnigraph-1.0.0] startup
[1.783s] [ext: omni.usd_resolver-1.0.1] startup
[1.786s] [ext: omni.resourcemonitor-105.0.0] startup
[1.787s] [ext: omni.usd.core-1.1.8] startup
[1.790s] [ext: omni.graph.exec-0.3.0] startup
[1.791s] [ext: omni.timeline-1.0.9] startup
[1.792s] [ext: omni.kit.actions.core-1.0.0] startup
[1.793s] [ext: omni.kit.window.popup_dialog-2.0.23] startup
[1.796s] [ext: omni.hydra.usdrt_delegate-7.2.34] startup
[1.806s] [ext: omni.hydra.scene_delegate-0.3.2] startup
[1.811s] [ext: omni.kit.commands-1.4.6] startup
[1.814s] [ext: omni.kit.widget.nucleus_connector-1.1.4] startup
[1.815s] [ext: omni.kit.exec.core-0.5.0] startup
[1.816s] [ext: omni.kit.audiodeviceenum-1.0.1] startup
[1.817s] [ext: omni.kit.collaboration.telemetry-1.0.0] startup
[1.817s] [ext: omni.usd-1.10.18] startup
[1.855s] [ext: omni.kit.collaboration.channel_manager-1.0.11] startup
[1.856s] [ext: omni.kit.usd.layers-2.1.27] startup
[1.862s] [ext: omni.kit.menu.utils-1.5.6] startup
[1.868s] [ext: omni.iray.libs-0.0.0] startup
[1.872s] [ext: omni.kit.primitive.mesh-1.0.15] startup
[1.874s] [ext: omni.mdl.neuraylib-0.2.0] startup
[1.875s] [ext: omni.kit.stage_templates-1.1.20] startup
[1.876s] [ext: omni.mdl-0.2.1] startup
[1.887s] [ext: omni.kit.viewport.registry-104.0.5] startup
[1.888s] [ext: omni.kit.widget.nucleus_info-1.0.2] startup
[1.888s] [ext: omni.kit.helper.file_utils-0.1.6] startup
[1.907s] [ext: omni.kit.search_core-1.0.5] startup
[1.907s] [ext: omni.kit.widget.filebrowser-2.3.35] startup
[1.910s] [ext: omni.kit.widget.path_field-2.0.8] startup
[1.911s] [ext: omni.kit.notification_manager-1.0.6] startup
[1.912s] [ext: omni.kit.widget.browser_bar-2.0.9] startup
[1.912s] [ext: omni.ui.scene-1.7.0] startup
[1.915s] [ext: omni.inspect-1.0.1] startup
[1.916s] [ext: omni.kit.widget.search_delegate-1.0.4] startup
[1.917s] [ext: omni.kit.widget.versioning-1.4.6] startup
[1.919s] [ext: omni.hydra.engine.stats-1.0.1] startup
[1.922s] [ext: omni.graph.tools-1.41.3] startup
[1.932s] [ext: omni.graph.core-2.139.12] startup
[1.935s] [ext: omni.kit.clipboard-1.0.3] startup
[1.935s] [ext: omni.volume-0.4.0] startup
[1.936s] [ext: omni.kit.window.filepicker-2.10.13] startup
[1.942s] [ext: omni.hydra.rtx-0.1.0] startup
[1.950s] [ext: omni.hydra.pxr-1.1.6] startup
[1.954s] [ext: omni.kit.window.file_importer-1.0.22] startup
[1.956s] [ext: omni.kit.hydra_texture-1.1.12] startup
[1.959s] [ext: omni.kit.viewport.legacy_gizmos-1.0.14] startup
[1.962s] [ext: omni.kit.window.file_exporter-1.0.22] startup
[1.963s] [ext: omni.kit.window.drop_support-1.0.1] startup
[1.963s] [ext: omni.kit.widget.viewport-105.1.7] startup
[1.966s] [ext: omni.kit.material.library-1.3.41] startup
[1.969s] [ext: omni.kit.window.file-1.3.44] startup
[1.970s] [ext: omni.kit.viewport.window-105.1.12] startup
[1.980s] [ext: omni.command.usd-1.0.2] startup
[1.980s] [ext: omni.kit.viewport.utility-1.0.16] startup
[1.981s] [ext: omni.kit.selection-0.1.3] startup
[1.981s] [ext: usdrt.scenegraph-7.2.34] startup
[2.009s] [ext: omni.kit.usd_undo-0.1.2] startup
[2.009s] [ext: omni.kit.menu.edit-1.1.14] startup
[2.011s] [ext: omni.graph-1.106.1] startup
[2.091s] [ext: omni.kit.menu.file-1.1.7] startup
[2.094s] [ext: omni.isaac.kit-1.4.7] startup
[2.095s] [ext: omni.graph.action-1.55.1] startup
[2.133s] [ext: omni.kvdb-0.0.0] startup
[2.135s] [ext: omni.kit.collaboration.presence_layer-1.0.8] startup
[2.137s] [ext: omni.localcache-0.0.0] startup
[2.138s] [ext: omni.kit.widget.options_menu-1.0.5] startup
[2.139s] [ext: omni.physx.foundation-105.1.12-5.1] startup
[2.140s] [ext: omni.kit.menu.create-1.0.11] startup
[2.142s] [ext: omni.usdphysics-105.1.12-5.1] startup
[2.145s] [ext: omni.convexdecomposition-105.1.12-5.1] startup
[2.149s] [ext: omni.kit.widget.filter-1.1.2] startup
[2.150s] [ext: omni.kit.hotkeys.core-1.3.0] startup
[2.152s] [ext: omni.kit.context_menu-1.6.8] startup
[2.154s] [ext: omni.physx.cooking-105.1.12-5.1] startup
[2.161s] [ext: omni.kit.window.content_browser_registry-0.0.1] startup
[2.162s] [ext: omni.kit.widget.stage-2.9.6] startup
[2.168s] [ext: omni.kit.widget.stage_icons-1.0.4] startup
[2.169s] [ext: omni.physics.tensors-0.1.0] startup
[2.174s] [ext: omni.physx-105.1.12-5.1] startup
2026-02-20 17:00:26 [2,169ms] [Warning] [omni.stageupdate.plugin] Deprecated: direct use of IStageUpdate callbacks is deprecated. Use IStageUpdate::getStageUpdate instead.
[2.184s] [ext: omni.kit.window.content_browser-2.7.17] startup
[2.193s] [ext: omni.kit.numpy.common-0.1.2] startup
[2.194s] [ext: omni.kit.window.stage-2.4.4] startup
[2.197s] [ext: omni.warp.core-1.0.0-beta.2] startup
Warp 1.0.0-beta.2 initialized:
   CUDA Toolkit: 11.5, Driver: 12.4
   Devices:
     "cpu"    | x86_64
     "cuda:0" | NVIDIA GeForce RTX 3080 (sm_86)
   Kernel cache: /home/kishi/.cache/warp/1.0.0-beta.2
[2.281s] [ext: omni.physx.tensors-0.1.0] startup
[2.286s] [ext: omni.isaac.version-1.0.3] startup
[2.286s] [ext: omni.isaac.dynamic_control-1.2.6] startup
[2.294s] [ext: omni.kit.menu.stage-1.2.3] startup
[2.296s] [ext: omni.isaac.core-3.3.2] startup
[3.012s] [ext: omni.kit.widget.highlight_label-1.0.1] startup
[3.012s] [ext: omni.kit.widget.searchable_combobox-1.0.5] startup
[3.013s] [ext: omni.kit.widget.searchfield-1.1.3] startup
[3.014s] [ext: omni.kit.widget.graph-1.8.4] startup
[3.018s] [ext: omni.ui_query-1.1.1] startup
[3.018s] [ext: omni.kit.manipulator.viewport-104.0.9] startup
[3.021s] [ext: omni.kit.widget.settings-1.0.6] startup
[3.023s] [ext: omni.kit.window.property-1.9.6] startup
[3.025s] [ext: omni.kit.window.extensions-1.3.0] startup
[3.029s] [ext: omni.kit.ui_test-1.2.13] startup
[3.031s] [ext: omni.graph.visualization.nodes-2.1.1] startup
[3.040s] [ext: omni.kit.profiler.window-2.1.2] startup
/home/kishi/.local/share/ov/pkg/isaac-sim-2023.1.1/exts/omni.isaac.core_archive/pip_prebundle/gunicorn/util.py:25: UserWarning: pkg_resources is deprecated as an API. See https://setuptools.pypa.io/en/latest/pkg_resources.html. The pkg_resources package is slated for removal as early as 2025-11-30. Refrain from using this package or pin to Setuptools<81.
  import pkg_resources
2026-02-20 17:00:27 [3,129ms] [Warning] [omni.kit.profiler.window] remove _SpanInstance.__lt__ and use insort 'key' arg instead
[3.145s] [ext: omni.isaac.ui-0.13.5] startup
[3.151s] [ext: omni.kit.window.preferences-1.3.23] startup
[3.155s] [ext: omni.kit.widget.prompt-1.0.6] startup
[3.156s] [ext: omni.isaac.utils-0.6.0] startup
[3.163s] [ext: omni.kit.widget.live_session_management-1.2.22] startup
[3.166s] [ext: omni.isaac.cloner-0.7.2] startup
[3.168s] [ext: omni.kit.widget.layers-1.6.32] startup
[3.175s] [ext: omni.kit.raycast.query-1.0.1] startup
[3.183s] [ext: omni.kit.widget.toolbar-1.5.6] startup
[3.188s] [ext: omni.kit.manipulator.transform-104.6.15] startup
[3.190s] [ext: omni.kit.widget.spinner-1.0.6] startup
[3.191s] [ext: omni.kit.window.cursor-1.1.2] startup
[3.192s] [ext: omni.kit.manipulator.tool.snap-1.4.2] startup
[3.197s] [ext: omni.kit.manipulator.selector-1.0.1] startup
[3.198s] [ext: omni.kit.viewport.menubar.core-105.0.19] startup
[3.207s] [ext: omni.kit.viewport.actions-105.1.6] startup
[3.211s] [ext: omni.kit.manipulator.prim-105.0.11] startup
[3.215s] [ext: omni.kit.viewport.menubar.camera-105.1.9] startup
[3.219s] [ext: omni.kit.viewport.menubar.display-105.1.0] startup
[3.221s] [ext: omni.kit.viewport.menubar.render-105.1.1] startup
[3.223s] [ext: omni.kit.viewport.menubar.settings-105.0.9] startup
[3.226s] [ext: omni.kit.manipulator.selection-104.0.8] startup
[3.228s] [ext: omni.kit.manipulator.camera-105.0.4] startup
[3.230s] [ext: omni.rtx.window.settings-0.6.9] startup
[3.234s] [ext: semantics.schema.editor-0.3.4] startup
[3.236s] [ext: omni.kit.viewport.bundle-104.0.1] startup
[3.236s] [ext: omni.hydra.pxr.settings-1.0.5] startup
[3.238s] [ext: omni.activity.pump-1.0.0] startup
[3.239s] [ext: omni.kit.property.layer-1.1.5] startup
[3.242s] [ext: omni.kit.property.usd-3.21.15] startup
[3.248s] [ext: omni.kit.viewport.menubar.lighting-105.0.7] startup
[3.251s] [ext: omni.kit.viewport.pxr-104.0.1] startup
[3.251s] [ext: omni.kit.viewport.ready-1.0.5] startup
[3.252s] [ext: omni.kit.viewport.rtx-104.0.0] startup
[3.252s] [ext: omni.kit.property.audio-1.0.9] startup
[3.256s] [ext: omni.kit.widget.live-2.1.6] startup
[3.257s] [ext: omni.debugdraw-0.1.2] startup
[3.261s] [ext: omni.kit.property.camera-1.0.5] startup
[3.263s] [ext: omni.kit.property.light-1.0.8] startup
[3.265s] [ext: omni.kit.property.geometry-1.2.11] startup
[3.268s] [ext: omni.kit.widget.cache_indicator-2.0.8] startup
[3.269s] [ext: omni.usdphysics.ui-105.1.12-5.1] startup
2026-02-20 17:00:27 [3,256ms] [Warning] [omni.kit.widget.cache_indicator.cache_state_menu] Unable to detect Omniverse Cache Server. File /home/kishi/.nvidia-omniverse/config/omniverse.toml is not found. Consider installing it for better IO performance.
[3.295s] [ext: omni.physx.commands-105.1.12-5.1] startup
[3.298s] [ext: omni.kit.property.skel-1.0.4] startup
[3.300s] [ext: omni.kit.property.render-1.1.1] startup
[3.303s] [ext: omni.kit.window.commands-0.2.4] startup
[3.305s] [ext: omni.physx.ui-105.1.12-5.1] startup
[3.328s] [ext: omni.hydra.scene_api-0.1.2] startup
[3.336s] [ext: usdrt.gf-1.0.2] startup
[3.336s] [ext: omni.kit.widget.text_editor-1.0.2] startup
[3.337s] [ext: omni.kit.property.material-1.8.36] startup
[3.340s] [ext: omni.kit.property.transform-1.3.10] startup
[3.343s] [ext: omni.physx.demos-105.1.12-5.1] startup
[3.346s] [ext: omni.kit.property.physx-0.1.0] startup
[3.391s] [ext: omni.kit.property.bundle-1.2.9] startup
[3.393s] [ext: omni.kit.actions.window-1.1.0] startup
[3.395s] [ext: omni.kit.window.console-0.2.10] startup
[3.404s] [ext: omni.kit.window.script_editor-1.7.4] startup
[3.406s] [ext: omni.physx.camera-105.1.12-5.1] startup
[3.412s] [ext: omni.kit.property.isaac-0.2.2] startup
[3.414s] [ext: omni.kit.hotkeys.window-1.4.1] startup
[3.418s] [ext: omni.isaac.debug_draw-0.6.1] startup
2026-02-20 17:00:27 [3,409ms] [Warning] [omni.stageupdate.plugin] Deprecated: direct use of IStageUpdate callbacks is deprecated. Use IStageUpdate::getStageUpdate instead.
2026-02-20 17:00:27 [3,409ms] [Warning] [omni.stageupdate.plugin] Deprecated: direct use of IStageUpdate callbacks is deprecated. Use IStageUpdate::getStageUpdate instead.
[3.425s] [ext: omni.physx.graph-105.1.12-5.1] startup
[3.434s] [ext: omni.kit.window.toolbar-1.5.4] startup
[3.437s] [ext: omni.kit.widget.zoombar-1.0.5] startup
[3.438s] [ext: omni.physx.cct-105.1.12-5.1] startup
[3.449s] [ext: omni.physx.vehicle-105.1.12-5.1] startup
[3.459s] [ext: omni.physx.supportui-105.1.12-5.1] startup
[3.471s] [ext: omni.kit.browser.core-2.3.10] startup
[3.474s] [ext: omni.kit.window.status_bar-0.1.6] startup
[3.479s] [ext: omni.kit.window.title-1.1.3] startup
[3.480s] [ext: omni.physx.bundle-105.1.12-5.1] startup
[3.480s] [ext: omni.kit.browser.folder.core-1.9.7] startup
[3.483s] [ext: omni.kit.graph.delegate.default-1.1.1] startup
[3.484s] [ext: omni.graph.image.core-0.1.0] startup
[3.485s] [ext: omni.graph.nodes-1.106.3] startup
[3.622s] [ext: omni.kit.browser.sample-1.4.6] startup
[3.624s] [ext: omni.kit.widget.material_preview-1.0.8] startup
[3.626s] [ext: omni.kit.graph.usd.commands-1.3.0] startup
[3.627s] [ext: omni.kit.graph.editor.core-1.5.1] startup
[3.629s] [ext: omni.kit.renderer.cuda_interop-1.0.1] startup
[3.630s] [ext: omni.syntheticdata-0.4.10] startup
[3.651s] [ext: omni.warp-1.0.0-beta.2] startup
[3.702s] [ext: omni.kit.window.material_graph-1.8.11] startup
[3.714s] [ext: omni.graph.scriptnode-1.1.6] startup
[3.720s] [ext: omni.kit.stage_column.payload-1.0.12] startup
[3.721s] [ext: omni.kit.livestream.core-2.3.0] startup
[3.723s] [ext: omni.kit.streamsdk.plugins-2.5.2] startup
[3.723s] [ext: omni.replicator.core-1.10.20] startup
2026-02-20 17:00:27 [3,726ms] [Warning] [omni.replicator.core.scripts.annotators] Annotator PostProcessDispatch is already registered, overwriting annotator template
[3.873s] [ext: semantics.schema.property-1.0.2] startup
[3.875s] [ext: omni.rtx.settings.core-0.5.13] startup
[3.879s] [ext: omni.kit.stage_column.variant-1.0.13] startup
[3.881s] [ext: omni.kit.menu.common-1.1.4] startup
[3.882s] [ext: omni.kit.livestream.native-2.4.0] startup

Active user not found. Using default user [kiosk]Streaming server started.
[9.260s] [ext: omni.kit.window.stats-0.1.4] startup
[9.261s] [ext: orbit.python-2023.1.1] startup
[9.262s] Simulation App Starting
2026-02-20 17:00:33 [9,268ms] [Warning] [omni.kit.widget.settings.settings_model] a value for setting /rtx/ecoMode/enabled has been requested but is not available
2026-02-20 17:00:33 [9,268ms] [Warning] [omni.kit.widget.settings.settings_model] a value for setting /rtx/directLighting/enabled has been requested but is not available
2026-02-20 17:00:33 [9,268ms] [Warning] [omni.kit.widget.settings.settings_model] a value for setting /rtx/reflections/enabled has been requested but is not available
2026-02-20 17:00:33 [9,268ms] [Warning] [omni.kit.widget.settings.settings_model] a value for setting /rtx/translucency/enabled has been requested but is not available
2026-02-20 17:00:33 [9,268ms] [Warning] [omni.kit.widget.settings.settings_model] a value for setting /rtx/raytracing/subsurface/enabled has been requested but is not available
2026-02-20 17:00:33 [9,269ms] [Warning] [omni.kit.widget.settings.settings_model] a value for setting /rtx/caustics/enabled has been requested but is not available
2026-02-20 17:00:34 [10,329ms] [Warning] [omni.kit.hotkeys.core.registry] [Hotkey] duplicated action as SPACE (On Press) with omni.kit.widget.toolbar.omni.kit.widget.toolbar::toolbar::play!
2026-02-20 17:00:34 [10,329ms] [Warning] [omni.kit.hotkeys.core.registry] [Hotkey] Cannot register Global [omni.kit.widget.toolbar] omni.kit.widget.toolbar::toolbar::play.SPACE, error code: Duplicated action definition
[11.052s] app ready
2026-02-20 17:00:35 [11,264ms] [Warning] [omni.kit.hotkeys.core.registry] [Hotkey] duplicated action as SPACE (On Press) with omni.kit.widget.toolbar.omni.kit.widget.toolbar::toolbar::play!
2026-02-20 17:00:35 [11,264ms] [Warning] [omni.kit.hotkeys.core.registry] [Hotkey] Cannot register Global [omni.kit.widget.toolbar] omni.kit.widget.toolbar::toolbar::play.SPACE, error code: Duplicated action definition
[11.407s] RTX ready
[11.620s] Simulation App Startup Complete
[11.669s] [ext: omni.kit.stagerecorder.core-105.0.4] startup
[11.681s] [ext: omni.sensors.nv.materials-1000.0.0-isaacsim.2023.1.1] startup
[11.683s] [ext: omni.sensors.nv.common-1000.0.0-isaacsim.2023.1.1] startup
[11.705s] [ext: omni.sensors.nv.wpm-1000.0.0-isaacsim.2023.1.1] startup
[11.706s] [ext: omni.isaac.core_nodes-1.7.1] startup
[11.728s] [ext: omni.isaac.range_sensor-2.0.2] startup
[11.856s] [ext: omni.sensors.nv.lidar-1000.0.1-isaacsim.2023.1.1] startup
[11.860s] [ext: omni.sensors.nv.radar-1000.0.0-isaacsim.2023.1.1] startup
[11.864s] [ext: omni.isaac.sensor-9.11.1] startup
[12.136s] [ext: omni.isaac.ros2_bridge-2.5.1] startup
[12.152s] Attempting to load system rclpy
[12.174s] rclpy loaded
================================================================================
SIMULATION LOG - 2026-02-20 11:00:36
Log file: /home/kishi/ResQoUnity/logs/simulation/drone_sim_20260220_110036.log
================================================================================

[INFO] CPU physics mode enabled - GPU PhysX disabled
[INFO] Creating environment: Isaac-Velocity-Rough-Unitree-Go2-v0
[INFO] Robot: go2, Amount: 2, Terrain: flat
[13.196s] [ext: omni.physx.fabric-105.1.12-5.1] startup
[INFO]: Base environment:
	Environment device    : cpu
	Physics step-size     : 0.005
	Rendering step-size   : 0.005
	Environment step-size : 0.02
	Physics GPU pipeline  : True
	Physics GPU simulation: True
[INFO]: Time taken for scene creation : 0.285717 seconds
[INFO]: Scene manager:  <class InteractiveScene>
	Number of environments: 2
	Environment spacing   : 2.5
	Source prim name      : /World/envs/env_0
	Global prim paths     : ['/World/ground']
	Replicate physics     : True
[INFO]: Starting the simulation. This may take a few seconds. Please wait...
2026-02-20 17:00:37 [13,566ms] [Warning] [omni.fabric.plugin] No source has valid data array=0x75b864f12940 usdValid=0 cpuValid=0
2026-02-20 17:00:38 [14,167ms] [Warning] [omni.hydra.scene_delegate.plugin] Calling getBypassRenderSkelMeshProcessing for prim /World/envs/env_0/Robot/RR_foot/visuals.proto_mesh_0_id0 that has not been populated
2026-02-20 17:00:38 [14,169ms] [Warning] [omni.hydra] Mesh '/World/envs/env_0/Robot/RL_calf/visuals.proto_mesh_0_id0' has corrupted data in primvar 'st_1': buffer size 19536 doesn't match expected size 25806 in faceVarying primvars
2026-02-20 17:00:38 [14,169ms] [Warning] [omni.hydra] Mesh '/World/envs/env_0/Robot/FL_calf/visuals.proto_mesh_0_id0' has corrupted data in primvar 'st_1': buffer size 19536 doesn't match expected size 25806 in faceVarying primvars
2026-02-20 17:00:38 [14,169ms] [Warning] [omni.hydra] Mesh '/World/envs/env_0/Robot/FL_calf/visuals.proto_mesh_0_id0' has corrupted data in primvar 'st': buffer size 6270 doesn't match expected size 25806 in faceVarying primvars
2026-02-20 17:00:38 [14,169ms] [Warning] [omni.hydra] Mesh '/World/envs/env_0/Robot/RL_calf/visuals.proto_mesh_0_id0' has corrupted data in primvar 'st': buffer size 6270 doesn't match expected size 25806 in faceVarying primvars
2026-02-20 17:00:38 [14,169ms] [Warning] [omni.hydra] Mesh '/World/envs/env_0/Robot/RR_calf/visuals.proto_mesh_0_id0' has corrupted data in primvar 'st_1': buffer size 19536 doesn't match expected size 25806 in faceVarying primvars
2026-02-20 17:00:38 [14,169ms] [Warning] [omni.hydra] Mesh '/World/envs/env_0/Robot/FR_calf/visuals.proto_mesh_0_id0' has corrupted data in primvar 'st_1': buffer size 19536 doesn't match expected size 25806 in faceVarying primvars
2026-02-20 17:00:38 [14,169ms] [Warning] [omni.hydra] Mesh '/World/envs/env_0/Robot/FR_calf/visuals.proto_mesh_0_id0' has corrupted data in primvar 'st': buffer size 6270 doesn't match expected size 25806 in faceVarying primvars
2026-02-20 17:00:38 [14,169ms] [Warning] [omni.hydra] Mesh '/World/envs/env_0/Robot/FL_hip/visuals.proto_mesh_0_id0' has corrupted data in primvar 'st_1': buffer size 54198 doesn't match expected size 111120 in faceVarying primvars
2026-02-20 17:00:38 [14,169ms] [Warning] [omni.hydra] Mesh '/World/envs/env_0/Robot/RR_calf/visuals.proto_mesh_0_id0' has corrupted data in primvar 'st': buffer size 6270 doesn't match expected size 25806 in faceVarying primvars
2026-02-20 17:00:38 [14,169ms] [Warning] [omni.hydra] Mesh '/World/envs/env_0/Robot/FL_hip/visuals.proto_mesh_0_id0' has corrupted data in primvar 'st': buffer size 56922 doesn't match expected size 111120 in faceVarying primvars
2026-02-20 17:00:38 [14,169ms] [Warning] [omni.hydra] Mesh '/World/envs/env_0/Robot/FR_thigh/visuals.proto_mesh_0_id0' has corrupted data in primvar 'st_1': buffer size 55254 doesn't match expected size 90378 in faceVarying primvars
2026-02-20 17:00:38 [14,169ms] [Warning] [omni.hydra] Mesh '/World/envs/env_0/Robot/FR_thigh/visuals.proto_mesh_0_id0' has corrupted data in primvar 'st': buffer size 35124 doesn't match expected size 90378 in faceVarying primvars
2026-02-20 17:00:38 [14,169ms] [Warning] [omni.hydra] Mesh '/World/envs/env_0/Robot/FL_thigh/visuals.proto_mesh_0_id0' has corrupted data in primvar 'st_1': buffer size 55278 doesn't match expected size 90402 in faceVarying primvars
2026-02-20 17:00:38 [14,169ms] [Warning] [omni.hydra] Mesh '/World/envs/env_0/Robot/RL_hip/visuals.proto_mesh_0_id0' has corrupted data in primvar 'st_1': buffer size 54198 doesn't match expected size 111120 in faceVarying primvars
2026-02-20 17:00:38 [14,169ms] [Warning] [omni.hydra] Mesh '/World/envs/env_0/Robot/RL_thigh/visuals.proto_mesh_0_id0' has corrupted data in primvar 'st_1': buffer size 55278 doesn't match expected size 90402 in faceVarying primvars
2026-02-20 17:00:38 [14,169ms] [Warning] [omni.hydra] Mesh '/World/envs/env_0/Robot/RL_hip/visuals.proto_mesh_0_id0' has corrupted data in primvar 'st': buffer size 56922 doesn't match expected size 111120 in faceVarying primvars
2026-02-20 17:00:38 [14,169ms] [Warning] [omni.hydra] Mesh '/World/envs/env_0/Robot/RR_hip/visuals.proto_mesh_0_id0' has corrupted data in primvar 'st_1': buffer size 54198 doesn't match expected size 111120 in faceVarying primvars
2026-02-20 17:00:38 [14,169ms] [Warning] [omni.hydra] Mesh '/World/envs/env_0/Robot/RR_hip/visuals.proto_mesh_0_id0' has corrupted data in primvar 'st': buffer size 56922 doesn't match expected size 111120 in faceVarying primvars
2026-02-20 17:00:38 [14,169ms] [Warning] [omni.hydra] Mesh '/World/envs/env_0/Robot/RL_thigh/visuals.proto_mesh_0_id0' has corrupted data in primvar 'st': buffer size 35124 doesn't match expected size 90402 in faceVarying primvars
2026-02-20 17:00:38 [14,169ms] [Warning] [omni.hydra] Mesh '/World/envs/env_0/Robot/FL_thigh/visuals.proto_mesh_0_id0' has corrupted data in primvar 'st': buffer size 35124 doesn't match expected size 90402 in faceVarying primvars
2026-02-20 17:00:38 [14,169ms] [Warning] [omni.hydra] Mesh '/World/envs/env_0/Robot/RR_thigh/visuals.proto_mesh_0_id0' has corrupted data in primvar 'st_1': buffer size 55254 doesn't match expected size 90378 in faceVarying primvars
2026-02-20 17:00:38 [14,169ms] [Warning] [omni.hydra] Mesh '/World/envs/env_0/Robot/RR_thigh/visuals.proto_mesh_0_id0' has corrupted data in primvar 'st': buffer size 35124 doesn't match expected size 90378 in faceVarying primvars
2026-02-20 17:00:38 [14,170ms] [Warning] [omni.hydra] Mesh '/World/envs/env_0/Robot/FR_hip/visuals.proto_mesh_0_id0' has corrupted data in primvar 'st_1': buffer size 54198 doesn't match expected size 111120 in faceVarying primvars
2026-02-20 17:00:38 [14,170ms] [Warning] [omni.hydra] Mesh '/World/envs/env_0/Robot/FR_hip/visuals.proto_mesh_0_id0' has corrupted data in primvar 'st': buffer size 56922 doesn't match expected size 111120 in faceVarying primvars
2026-02-20 17:00:38 [14,170ms] [Warning] [omni.hydra] Mesh '/World/envs/env_0/Robot/base/visuals.proto_mesh_0_id0' has corrupted data in primvar 'st_4': buffer size 30390 doesn't match expected size 233784 in faceVarying primvars
2026-02-20 17:00:38 [14,170ms] [Warning] [omni.hydra] Mesh '/World/envs/env_0/Robot/base/visuals.proto_mesh_0_id0' has corrupted data in primvar 'st_3': buffer size 11886 doesn't match expected size 233784 in faceVarying primvars
2026-02-20 17:00:38 [14,170ms] [Warning] [omni.hydra] Mesh '/World/envs/env_0/Robot/base/visuals.proto_mesh_0_id0' has corrupted data in primvar 'st_2': buffer size 6015 doesn't match expected size 233784 in faceVarying primvars
2026-02-20 17:00:38 [14,170ms] [Warning] [omni.hydra] Mesh '/World/envs/env_0/Robot/base/visuals.proto_mesh_0_id0' has corrupted data in primvar 'st_1': buffer size 6960 doesn't match expected size 233784 in faceVarying primvars
2026-02-20 17:00:38 [14,170ms] [Warning] [omni.hydra] Mesh '/World/envs/env_0/Robot/base/visuals.proto_mesh_0_id0' has corrupted data in primvar 'st': buffer size 178533 doesn't match expected size 233784 in faceVarying primvars
2026-02-20 17:00:38 [14,333ms] [Warning] [omni.timeline.plugin] Deprecated: direct use of ITimeline callbacks is deprecated. Use ITimeline::getTimeline (Python: omni.timeline.get_timeline_interface) instead.
2026-02-20 17:00:38 [14,335ms] [Warning] [omni.timeline.plugin] Deprecated: direct use of ITimeline callbacks is deprecated. Use ITimeline::getTimeline (Python: omni.timeline.get_timeline_interface) instead.
[INFO]: Time taken for simulation start : 0.879282 seconds
[INFO] Command Manager:  <CommandManager> contains 1 active terms.
+------------------------------------------------+
|              Active Command Terms              |
+-------+---------------+------------------------+
| Index | Name          |          Type          |
+-------+---------------+------------------------+
|   0   | base_velocity | UniformVelocityCommand |
+-------+---------------+------------------------+

[INFO] Action Manager:  <ActionManager> contains 1 active terms.
+------------------------------------+
|  Active Action Terms (shape: 12)   |
+--------+-------------+-------------+
| Index  | Name        |   Dimension |
+--------+-------------+-------------+
|   0    | joint_pos   |          12 |
+--------+-------------+-------------+

Module omni.isaac.orbit.utils.warp.kernels load on device 'cpu' took 1.67 ms
[INFO] Observation Manager: <ObservationManager> contains 1 groups.
+----------------------------------------------------------+
| Active Observation Terms in Group: 'policy' (shape: (235,)) |
+-----------+--------------------------------+-------------+
|   Index   | Name                           |    Shape    |
+-----------+--------------------------------+-------------+
|     0     | base_lin_vel                   |     (3,)    |
|     1     | base_ang_vel                   |     (3,)    |
|     2     | projected_gravity              |     (3,)    |
|     3     | velocity_commands              |     (3,)    |
|     4     | joint_pos                      |    (12,)    |
|     5     | joint_vel                      |    (12,)    |
|     6     | actions                        |    (12,)    |
|     7     | height_scan                    |    (187,)   |
+-----------+--------------------------------+-------------+

[INFO] Event Manager:  <EventManager> contains 1 active terms.
+--------------------------------------+
| Active Event Terms in Mode: 'startup' |
+----------+---------------------------+
|  Index   | Name                      |
+----------+---------------------------+
|    0     | physics_material          |
+----------+---------------------------+

[INFO] Termination Manager:  <TerminationManager> contains 2 active terms.
+---------------------------------+
|     Active Termination Terms    |
+-------+--------------+----------+
| Index | Name         | Time Out |
+-------+--------------+----------+
|   0   | time_out     |   True   |
|   1   | base_contact |  False   |
+-------+--------------+----------+

[INFO] Reward Manager:  <RewardManager> contains 10 active terms.
+-----------------------------------------+
|           Active Reward Terms           |
+-------+----------------------+----------+
| Index | Name                 |   Weight |
+-------+----------------------+----------+
|   0   | track_lin_vel_xy_exp |      1.5 |
|   1   | track_ang_vel_z_exp  |     0.75 |
|   2   | lin_vel_z_l2         |     -2.0 |
|   3   | ang_vel_xy_l2        |    -0.05 |
|   4   | dof_torques_l2       |  -0.0002 |
|   5   | dof_acc_l2           | -2.5e-07 |
|   6   | action_rate_l2       |    -0.01 |
|   7   | feet_air_time        |     0.01 |
|   8   | flat_orientation_l2  |      0.0 |
|   9   | dof_pos_limits       |      0.0 |
+-------+----------------------+----------+

[INFO] Curriculum Manager:  <CurriculumManager> contains 0 active terms.
+----------------------+
| Active Curriculum Terms |
+-----------+----------+
|   Index   | Name     |
+-----------+----------+
+-----------+----------+

Creating window for environment.
[INFO]: Completed setting up the environment...
[INFO] Environment created successfully!
[INFO] ========================================
[INFO] PHYSICS MODE: CPU (GPU PhysX DISABLED)
[INFO] Direct pose manipulation is ALLOWED
[INFO] ========================================
[INFO] Environment wrapped for RSL-RL
[INFO] Loading experiment from directory: /home/kishi/ResQoUnity/logs/rsl_rl/unitree_go2_rough
[INFO]: Loading model checkpoint from: /home/kishi/ResQoUnity/logs/rsl_rl/unitree_go2_rough/2024-04-06_02-37-07/model_7850.pt
/tmp/rsl_rl/rsl_rl/utils/utils.py:326: UserWarning: The observation configuration dictionary 'obs_groups' must contain the 'critic' key. As the configuration for 'critic' is missing, the observations from the 'policy' set are used. Consider adding the 'critic' key to the 'obs_groups' dictionary for clarity. This behavior will be removed in a future version.
  warnings.warn(
--------------------------------------------------------------------------------
Resolved observation sets: 
	 policy :  ['policy']
	 critic :  ['policy']
--------------------------------------------------------------------------------
Actor MLP: MLP(
  (0): Linear(in_features=235, out_features=512, bias=True)
  (1): ELU(alpha=1.0)
  (2): Linear(in_features=512, out_features=256, bias=True)
  (3): ELU(alpha=1.0)
  (4): Linear(in_features=256, out_features=128, bias=True)
  (5): ELU(alpha=1.0)
  (6): Linear(in_features=128, out_features=12, bias=True)
)
Critic MLP: MLP(
  (0): Linear(in_features=235, out_features=512, bias=True)
  (1): ELU(alpha=1.0)
  (2): Linear(in_features=512, out_features=256, bias=True)
  (3): ELU(alpha=1.0)
  (4): Linear(in_features=256, out_features=128, bias=True)
  (5): ELU(alpha=1.0)
  (6): Linear(in_features=128, out_features=1, bias=True)
)
[INFO]: Checkpoint loaded successfully
[INFO] Resetting environment and getting initial observations...
[INFO] Environment reset complete, starting simulation loop...
[INFO] Spawning world-level drone alongside environment robots...
[INFO] Spawning drone at /World/Drone (inside env for physics stepping)
[INFO] Drone USD loaded at /World/Drone
[INFO] Drone spawned at position (0.0, 0.0, 2.5)
[INFO] ArticulationView will be initialized after first physics step
[Drone drone] Mode: DISARMED → IDLE

================================================================================
DRONE DEBUG LOGGER INITIALIZED FOR world_drone
================================================================================

[INFO] Drone controller initialized in ARMED mode (auto-armed)
[INFO] Mode set to IDLE - will switch to LOITER after spawn
[INFO] Debug logger enabled - verbose output active
[INFO] Drone bottom camera initialized
[INFO] Drone ROS2 publishers initialized on /drone namespace
[INFO] Adding /drone namespace ROS2 interface
[INFO] Drone topics created: cmd_vel, cmd_position, cmd_altitude
[INFO] Drone services created:
  - /drone/arm: True
  - /drone/takeoff: True
  - /drone/land: True
  - /drone/emergency_stop: True
[INFO] Drone control interface ready on /drone namespace
[INFO] Setting up viewport camera...
[INFO] Camera positioned to view robot
[INFO] Robot(s) should now be visible in the viewport!
[INFO] Use these controls to navigate:
  - Press 'F' to focus on robot
  - Mouse wheel: Zoom in/out
  - Middle mouse: Pan camera
  - Alt+Left mouse: Orbit view
  - WASD keys: Move robot (forward/back/left/right)
  - Q/E keys: Rotate left/right
2026-02-20 17:00:39 [15,496ms] [Warning] [rtx.rtxsensor.plugin] Using User-specified coordinate frame quaternion (0.000000, 0.000000, 0.000000, 1.000000) in RTXSensor
[INFO] Initializing ArticulationView after physics step...
[INFO] Drone mass set to: 0.5 kg (Crazyflie scaled estimate)
[INFO] Using Hybrid Physics-Velocity Control (GPU PhysX compatible)
[INFO] Forces → Acceleration → Velocity integration (F=ma)
[INFO] LOITER target set to spawn position: (0.00, 0.00, 2.50)
[SAFETY] World drone initialized:
  Current pos: (0.000, 0.000, 2.498)
  Target pos:  (0.000, 0.000, 2.498)
  Mode: IDLE, Armed: True
[INIT] Drone spawned at position: (0.000, 0.000, 2.498)
[INIT] Initial velocity: (0.000, 0.000, -0.196)
[INIT] Initial mode: IDLE
[INIT] Ready for control


********************************************************************************
[ARM EVENT] Drone ARMED
********************************************************************************

[INFO] ArticulationView ready - found 1 drone(s)
[DEBUG] ArticulationView prim paths: ['/World/Drone']
[DEBUG] Controller initialized at position: (0.00, 0.00, 2.50)
[DEBUG] Drone has 4 DOFs: ['m1_joint', 'm2_joint', 'm3_joint', 'm4_joint']
[DEBUG] Prim at /World/Drone exists: True
[DEBUG] Found root body (fallback) at: /World/Drone/body
[DEBUG] Found articulation root at: /World/Drone
[Drone drone] Mode: IDLE → LOITER
[INFO] World drone switched to LOITER at position (0.00, 0.00, 2.50)
/home/kishi/.local/share/ov/pkg/isaac-sim-2023.1.1/kit/python/lib/python3.10/site-packages/gymnasium/core.py:297: UserWarning: [33mWARN: env.scene to get variables from other wrappers is deprecated and will be removed in v1.0, to get this variable you can do `env.unwrapped.scene` for environment variables or `env.get_attr('scene')` that will search the reminding wrappers.[0m
  logger.warn(
[INFO] LiDAR publishing to /robot0/point_cloud2 (ROS_DOMAIN_ID=0)
2026-02-20 17:00:39 [15,853ms] [Warning] [omni.isaac.sensor.plugin] IsaacComputeRTXLidarFlatScan: lowest elevation emitter is 0.350000, not 0.
[ROS2 SERVICE] /drone/arm called with data=True
[ROS2 SERVICE] Waiting for lock...
[ROS2 SERVICE] Lock acquired

********************************************************************************
[ARM EVENT] Drone ARMED
********************************************************************************

[Drone drone] Target position: (0.00, 0.00, 1.50)
[Drone drone] Mode: LOITER → POSITION
[SAFETY] Takeoff service executed:
  Mode: POSITION
  Target: (0.000, 0.000, 1.500)
  Current: (0.000, 0.000, 2.497)
[Drone drone] Target position: (0.00, 0.00, 3.00)
[Drone drone] Target position: (0.05, 0.00, 3.00)
[Drone drone] Target position: (0.10, 0.00, 3.00)
[Drone drone] Target position: (0.15, 0.00, 3.00)
[Drone drone] Target position: (0.20, 0.00, 3.00)
[Drone drone] Target position: (0.25, 0.00, 3.00)
[Drone drone] Target position: (0.30, 0.00, 3.00)
[Drone drone] Target position: (0.35, 0.00, 3.00)
[Drone drone] Target position: (0.40, 0.00, 3.00)
[Drone drone] Target position: (0.45, 0.00, 3.00)
[Drone drone] Target position: (0.50, 0.00, 3.00)
[Drone drone] Target position: (0.55, 0.00, 3.00)
[Drone drone] Target position: (0.60, 0.00, 3.00)
[Drone drone] Target position: (0.65, 0.00, 3.00)
[Drone drone] Target position: (0.70, 0.00, 3.00)
[Drone drone] Target position: (0.75, 0.00, 3.00)
[Drone drone] Target position: (0.80, 0.00, 3.00)
[Drone drone] Target position: (0.85, 0.00, 3.00)
[Drone drone] Target position: (0.90, 0.00, 3.00)
[Drone drone] Target position: (0.95, 0.00, 3.00)
[Drone drone] Target position: (1.00, 0.00, 3.00)
[Drone drone] Target position: (1.05, 0.00, 3.00)
[Drone drone] Target position: (1.10, 0.00, 3.00)
[Drone drone] Target position: (1.15, 0.00, 3.00)
[Drone drone] Target position: (1.20, 0.00, 3.00)
[Drone drone] Target position: (1.25, 0.00, 3.00)
[Drone drone] Target position: (1.30, 0.00, 3.00)
[Drone drone] Target position: (1.35, 0.00, 3.00)
[Drone drone] Target position: (1.40, 0.00, 3.00)
[Drone drone] Target position: (1.45, 0.00, 3.00)
[Drone drone] Target position: (1.50, 0.00, 3.00)
[Drone drone] Target position: (1.55, 0.00, 3.00)
[Drone drone] Target position: (1.60, 0.00, 3.00)
[Drone drone] Target position: (1.65, 0.00, 3.00)
[Drone drone] Target position: (1.70, 0.00, 3.00)
[Drone drone] Target position: (1.74, 0.00, 3.00)
[Drone drone] Target position: (1.79, 0.00, 3.00)
[Drone drone] Target position: (1.84, 0.00, 3.00)
[Drone drone] Target position: (1.88, 0.00, 3.00)
[Drone drone] Target position: (1.93, 0.00, 3.00)
[Drone drone] Target position: (1.97, 0.00, 3.00)
[Drone drone] Target position: (2.01, 0.00, 3.00)
[Drone drone] Target position: (2.05, 0.00, 3.00)
[Drone drone] Target position: (2.10, 0.00, 3.00)
[Drone drone] Target position: (2.14, 0.00, 3.00)
[Drone drone] Target position: (2.18, 0.00, 3.00)
[Drone drone] Target position: (2.21, 0.00, 3.00)
[Drone drone] Target position: (2.25, 0.00, 3.00)
[Drone drone] Target position: (2.29, 0.00, 3.00)
[Drone drone] Target position: (2.33, 0.00, 3.00)
[Drone drone] Target position: (2.36, 0.00, 3.00)
[Drone drone] Target position: (2.40, 0.00, 3.00)
[Drone drone] Target position: (2.43, 0.00, 3.00)
[Drone drone] Target position: (2.47, 0.00, 3.00)
[Drone drone] Target position: (2.50, 0.00, 3.00)
[Drone drone] Target position: (2.53, 0.00, 3.00)
[Drone drone] Target position: (2.56, 0.00, 3.00)
[Drone drone] Target position: (2.59, 0.00, 3.00)
[Drone drone] Target position: (2.62, 0.00, 3.00)
[Drone drone] Target position: (2.65, 0.00, 3.00)
[Drone drone] Target position: (2.68, 0.00, 3.00)
[Drone drone] Target position: (2.71, 0.00, 3.00)
[Drone drone] Target position: (2.73, 0.00, 3.00)
[Drone drone] Target position: (2.76, 0.00, 3.00)
[Drone drone] Target position: (2.78, 0.00, 3.00)
[Drone drone] Target position: (2.81, 0.00, 3.00)
[Drone drone] Target position: (2.83, 0.00, 3.00)
[Drone drone] Target position: (2.86, 0.00, 3.00)
[Drone drone] Target position: (2.88, 0.00, 3.00)
[Drone drone] Target position: (2.90, 0.00, 3.00)
[Drone drone] Target position: (2.92, 0.00, 3.00)
[Drone drone] Target position: (2.95, 0.00, 3.00)
[Drone drone] Target position: (2.97, 0.00, 3.00)
[Drone drone] Target position: (2.99, 0.00, 3.00)
[Drone drone] Target position: (3.01, 0.00, 3.00)
[Drone drone] Target position: (3.02, 0.00, 3.00)
[Drone drone] Target position: (3.04, 0.00, 3.00)
[Drone drone] Target position: (3.06, 0.00, 3.00)
[Drone drone] Target position: (3.08, 0.00, 3.00)
[Drone drone] Target position: (3.09, 0.00, 3.00)
[Drone drone] Target position: (3.11, 0.00, 3.00)
[Drone drone] Target position: (3.13, 0.00, 3.00)
[Drone drone] Target position: (3.14, 0.00, 3.00)
[Drone drone] Target position: (3.16, 0.00, 3.00)
[Drone drone] Target position: (3.17, 0.00, 3.00)
[Drone drone] Target position: (3.18, 0.00, 3.00)
[Drone drone] Target position: (3.20, 0.00, 3.00)
[Drone drone] Target position: (3.21, 0.00, 3.00)
[Drone drone] Target position: (3.22, 0.00, 3.00)
[Drone drone] Target position: (3.23, 0.00, 3.00)
[Drone drone] Target position: (3.24, 0.00, 3.00)
[Drone drone] Target position: (3.26, 0.00, 3.00)
[Drone drone] Target position: (3.27, 0.00, 3.00)
[Drone drone] Target position: (3.28, 0.00, 3.00)
[Drone drone] Target position: (3.29, 0.00, 3.00)
[Drone drone] Target position: (3.30, 0.00, 3.00)
[Drone drone] Target position: (3.31, 0.00, 3.00)
[Drone drone] Target position: (3.32, 0.00, 3.00)
[Drone drone] Target position: (3.32, 0.00, 3.00)
[Drone drone] Target position: (3.33, 0.00, 3.00)
[Drone drone] Target position: (3.34, 0.00, 3.00)
[Drone drone] Target position: (3.35, 0.00, 3.00)
[Drone drone] Target position: (3.36, 0.00, 3.00)
[Drone drone] Target position: (3.37, 0.00, 3.00)
[Drone drone] Target position: (3.37, 0.00, 3.00)
[Drone drone] Target position: (3.38, 0.00, 3.00)
[Drone drone] Target position: (3.39, 0.00, 3.00)
[Drone drone] Target position: (3.40, 0.00, 3.00)
[Drone drone] Target position: (3.40, 0.00, 3.00)
[Drone drone] Target position: (3.41, 0.00, 3.00)
[Drone drone] Target position: (3.42, 0.00, 3.00)
[Drone drone] Target position: (3.42, 0.00, 3.00)
[Drone drone] Target position: (3.43, 0.00, 3.00)
[Drone drone] Target position: (3.44, 0.00, 3.00)
[Drone drone] Target position: (3.44, 0.00, 3.00)
[Drone drone] Target position: (3.45, 0.00, 3.00)
[Drone drone] Target position: (3.46, 0.00, 3.00)
[Drone drone] Target position: (3.46, 0.00, 3.00)
[Drone drone] Target position: (3.47, 0.00, 3.00)
[Drone drone] Target position: (3.48, 0.00, 3.00)
[Drone drone] Target position: (3.49, 0.00, 3.00)
[Drone drone] Target position: (3.49, 0.00, 3.00)
[Drone drone] Target position: (3.50, 0.00, 3.00)
[Drone drone] Target position: (3.51, 0.00, 3.00)
[Drone drone] Target position: (3.51, 0.00, 3.00)
[Drone drone] Target position: (3.52, 0.00, 3.00)
[Drone drone] Target position: (3.53, 0.00, 3.00)
[Drone drone] Target position: (3.54, 0.00, 3.00)
[Drone drone] Target position: (3.55, 0.00, 3.00)
[Drone drone] Target position: (3.55, 0.00, 3.00)
[Drone drone] Target position: (3.56, 0.00, 3.00)
[Drone drone] Target position: (3.57, 0.00, 3.00)
[Drone drone] Target position: (3.58, 0.00, 3.00)
[Drone drone] Target position: (3.59, 0.00, 3.00)
[Drone drone] Target position: (3.60, 0.00, 3.00)
[Drone drone] Target position: (3.60, 0.00, 3.00)
[Drone drone] Target position: (3.61, 0.00, 3.00)
[Drone drone] Target position: (3.62, 0.00, 3.00)
[Drone drone] Target position: (3.63, 0.00, 3.00)
[Drone drone] Target position: (3.64, 0.00, 3.00)
[Drone drone] Target position: (3.65, 0.00, 3.00)
[Drone drone] Target position: (3.66, 0.00, 3.00)
[Drone drone] Target position: (3.67, 0.00, 3.00)
[Drone drone] Target position: (3.68, 0.00, 3.00)
[Drone drone] Target position: (3.69, 0.00, 3.00)
[Drone drone] Target position: (3.71, 0.00, 3.00)
[Drone drone] Target position: (3.72, 0.00, 3.00)
[Drone drone] Target position: (3.73, 0.00, 3.00)
[Drone drone] Target position: (3.74, 0.00, 3.00)
[Drone drone] Target position: (3.75, 0.00, 3.00)
[Drone drone] Target position: (3.76, 0.00, 3.00)
[Drone drone] Target position: (3.78, 0.00, 3.00)
[Drone drone] Target position: (3.79, 0.00, 3.00)
[Drone drone] Target position: (3.80, 0.00, 3.00)
[Drone drone] Target position: (3.82, 0.00, 3.00)
[Drone drone] Target position: (3.83, 0.00, 3.00)
[Drone drone] Target position: (3.84, 0.00, 3.00)
[Drone drone] Target position: (3.86, 0.00, 3.00)
[Drone drone] Target position: (3.87, 0.00, 3.00)
[Drone drone] Target position: (3.89, 0.00, 3.00)
[Drone drone] Target position: (3.90, 0.00, 3.00)
[Drone drone] Target position: (3.91, 0.00, 3.00)
[Drone drone] Target position: (3.93, 0.00, 3.00)
[Drone drone] Target position: (3.94, 0.00, 3.00)
[Drone drone] Target position: (3.96, 0.00, 3.00)
[Drone drone] Target position: (3.98, 0.00, 3.00)
[Drone drone] Target position: (3.99, 0.00, 3.00)
[Drone drone] Target position: (4.01, 0.00, 3.00)
[Drone drone] Target position: (4.02, 0.00, 3.00)
[Drone drone] Target position: (4.04, 0.00, 3.00)
[Drone drone] Target position: (4.06, 0.00, 3.00)
[Drone drone] Target position: (4.07, 0.00, 3.00)
[Drone drone] Target position: (4.09, 0.00, 3.00)
[Drone drone] Target position: (4.11, 0.00, 3.00)
[Drone drone] Target position: (4.13, 0.00, 3.00)
[Drone drone] Target position: (4.14, 0.00, 3.00)
[Drone drone] Target position: (4.16, 0.00, 3.00)
[Drone drone] Target position: (4.18, 0.00, 3.00)
[Drone drone] Target position: (4.20, 0.00, 3.00)
[Drone drone] Target position: (4.21, 0.00, 3.00)
[Drone drone] Target position: (4.23, 0.00, 3.00)
[Drone drone] Target position: (4.25, 0.00, 3.00)
[Drone drone] Target position: (4.27, 0.00, 3.00)
[Drone drone] Target position: (4.28, 0.00, 3.00)
[Drone drone] Target position: (4.30, 0.00, 3.00)
[Drone drone] Target position: (4.32, 0.00, 3.00)
[Drone drone] Target position: (4.34, 0.00, 3.00)
[Drone drone] Target position: (4.36, 0.00, 3.00)
[Drone drone] Target position: (4.37, 0.00, 3.00)
[Drone drone] Target position: (4.39, 0.00, 3.00)
[Drone drone] Target position: (4.41, 0.00, 3.00)
[Drone drone] Target position: (4.43, 0.00, 3.00)
[Drone drone] Target position: (4.44, 0.00, 3.00)
[Drone drone] Target position: (4.46, 0.00, 3.00)
[Drone drone] Target position: (4.48, 0.00, 3.00)
[Drone drone] Target position: (4.49, 0.00, 3.00)
[Drone drone] Target position: (4.51, 0.00, 3.00)
[Drone drone] Target position: (4.53, 0.00, 3.00)
[Drone drone] Target position: (4.54, 0.00, 3.00)
[Drone drone] Target position: (4.56, 0.00, 3.00)
[Drone drone] Target position: (4.58, 0.00, 3.00)
[Drone drone] Target position: (4.59, 0.00, 3.00)
[Drone drone] Target position: (4.61, 0.00, 3.00)
[Drone drone] Target position: (4.62, 0.00, 3.00)
[Drone drone] Target position: (4.64, 0.00, 3.00)
[Drone drone] Target position: (4.66, 0.00, 3.00)
[Drone drone] Target position: (4.67, 0.00, 3.00)
[Drone drone] Target position: (4.69, 0.00, 3.00)
[Drone drone] Target position: (4.70, 0.00, 3.00)
[Drone drone] Target position: (4.72, 0.00, 3.00)
[Drone drone] Target position: (4.73, 0.00, 3.00)
[Drone drone] Target position: (4.74, 0.00, 3.00)
[Drone drone] Target position: (4.76, 0.00, 3.00)
[Drone drone] Target position: (4.77, 0.00, 3.00)
[Drone drone] Target position: (4.79, 0.00, 3.00)
[Drone drone] Target position: (4.80, 0.00, 3.00)
[Drone drone] Target position: (4.81, 0.00, 3.00)
[Drone drone] Target position: (4.83, 0.00, 3.00)
[Drone drone] Target position: (4.84, 0.00, 3.00)
[Drone drone] Target position: (4.85, 0.00, 3.00)
[Drone drone] Target position: (4.86, 0.00, 3.00)
[Drone drone] Target position: (4.88, 0.00, 3.00)
[Drone drone] Target position: (4.89, 0.00, 3.00)
[Drone drone] Target position: (4.90, 0.00, 3.00)
[Drone drone] Target position: (4.91, 0.00, 3.00)
[Drone drone] Target position: (4.92, 0.00, 3.00)
[Drone drone] Target position: (4.94, 0.00, 3.00)
[Drone drone] Target position: (4.95, 0.00, 3.00)
[Drone drone] Target position: (4.96, 0.00, 3.00)
[Drone drone] Target position: (4.97, 0.00, 3.00)
[Drone drone] Target position: (4.98, 0.00, 3.00)
[Drone drone] Target position: (4.99, 0.00, 3.00)
[Drone drone] Target position: (5.00, 0.00, 3.00)
[Drone drone] Target position: (5.01, 0.00, 3.00)
[Drone drone] Target position: (5.02, 0.00, 3.00)
[Drone drone] Target position: (5.03, 0.00, 3.00)
[Drone drone] Target position: (5.04, 0.00, 3.00)
[Drone drone] Target position: (5.05, 0.00, 3.00)
[Drone drone] Target position: (5.06, 0.00, 3.00)
[Drone drone] Target position: (5.07, 0.00, 3.00)
[Drone drone] Target position: (5.08, 0.00, 3.00)
[Drone drone] Target position: (5.08, 0.00, 3.00)
[Drone drone] Target position: (5.09, 0.00, 3.00)
[Drone drone] Target position: (5.10, 0.00, 3.00)
[Drone drone] Target position: (5.10, 0.00, 3.00)
[Drone drone] Target position: (5.11, 0.00, 3.00)
[Drone drone] Target position: (5.11, 0.00, 3.00)
[Drone drone] Target position: (5.12, 0.00, 3.00)
[Drone drone] Target position: (5.12, 0.00, 3.00)
[Drone drone] Target position: (5.13, 0.00, 3.00)
[Drone drone] Target position: (5.13, 0.00, 3.00)
[Drone drone] Target position: (5.13, 0.00, 3.00)
[Drone drone] Target position: (5.13, 0.00, 3.00)
[Drone drone] Target position: (5.14, 0.00, 3.00)
[Drone drone] Target position: (5.14, 0.00, 3.00)
[Drone drone] Target position: (5.14, 0.00, 3.00)
[Drone drone] Target position: (5.14, 0.00, 3.00)
[Drone drone] Target position: (5.14, 0.00, 3.00)
[Drone drone] Target position: (5.14, 0.00, 3.00)
[Drone drone] Target position: (5.14, 0.00, 3.00)
[Drone drone] Target position: (5.14, 0.00, 3.00)
[Drone drone] Target position: (5.14, 0.00, 3.00)
[Drone drone] Target position: (5.14, 0.00, 3.00)
[Drone drone] Target position: (5.14, 0.00, 3.00)
[Drone drone] Target position: (5.14, 0.00, 3.00)
[Drone drone] Target position: (5.14, 0.00, 3.00)
[Drone drone] Target position: (5.14, 0.00, 3.00)
[Drone drone] Target position: (5.14, 0.00, 3.00)
[Drone drone] Target position: (5.14, 0.00, 3.00)
[Drone drone] Target position: (5.14, 0.00, 3.00)
[Drone drone] Target position: (5.14, 0.00, 3.00)
[Drone drone] Target position: (5.14, 0.00, 3.00)
[Drone drone] Target position: (5.14, 0.00, 3.00)
[Drone drone] Target position: (5.14, 0.00, 3.00)
[Drone drone] Target position: (5.14, 0.00, 3.00)
[Drone drone] Target position: (5.14, 0.00, 3.00)
[Drone drone] Target position: (5.14, 0.00, 3.00)
[Drone drone] Target position: (5.14, 0.00, 3.00)
[Drone drone] Target position: (5.14, 0.00, 3.00)
[Drone drone] Target position: (5.14, 0.00, 3.00)
[Drone drone] Target position: (5.14, 0.00, 3.00)
[Drone drone] Target position: (5.14, 0.00, 3.00)
[Drone drone] Target position: (5.14, 0.00, 3.00)
[Drone drone] Target position: (5.14, 0.00, 3.00)
[Drone drone] Target position: (5.14, 0.00, 3.00)
[Drone drone] Target position: (5.14, 0.00, 3.00)
[Drone drone] Target position: (5.14, 0.00, 3.00)
[Drone drone] Target position: (5.14, 0.00, 3.00)
[Drone drone] Target position: (5.14, 0.00, 3.00)
[Drone drone] Target position: (5.14, 0.00, 3.00)
[Drone drone] Target position: (5.14, 0.00, 3.00)
[Drone drone] Target position: (5.14, 0.00, 3.00)
[Drone drone] Target position: (5.14, 0.00, 3.00)
[Drone drone] Target position: (5.14, 0.00, 3.00)
[Drone drone] Target position: (5.14, 0.00, 3.00)
[Drone drone] Target position: (5.14, 0.00, 3.00)
[Drone drone] Target position: (5.14, 0.00, 3.00)
[Drone drone] Target position: (5.14, 0.00, 3.00)
[Drone drone] Target position: (5.14, 0.00, 3.00)
[Drone drone] Target position: (5.14, 0.00, 3.00)
[Drone drone] Target position: (5.14, 0.00, 3.00)
[Drone drone] Target position: (5.14, 0.00, 3.00)
[Drone drone] Target position: (5.14, 0.00, 3.00)
[Drone drone] Target position: (5.14, 0.00, 3.00)
[Drone drone] Target position: (5.14, 0.00, 3.00)
[Drone drone] Target position: (5.14, 0.00, 3.00)
[Drone drone] Target position: (5.14, 0.00, 3.00)
[Drone drone] Target position: (5.14, 0.00, 3.00)
[Drone drone] Target position: (5.14, 0.00, 3.00)
[Drone drone] Target position: (5.14, 0.00, 3.00)
[Drone drone] Target position: (5.14, 0.00, 3.00)
[Drone drone] Target position: (5.14, 0.00, 3.00)
[Drone drone] Target position: (5.14, 0.00, 3.00)
[Drone drone] Target position: (5.14, 0.00, 3.00)
[Drone drone] Target position: (5.14, 0.00, 3.00)
[Drone drone] Target position: (5.14, 0.00, 3.00)
[Drone drone] Target position: (5.14, 0.00, 3.00)
[Drone drone] Target position: (5.14, 0.00, 3.00)
[Drone drone] Target position: (5.14, 0.00, 3.00)
[Drone drone] Target position: (5.14, 0.00, 3.00)
[Drone drone] Target position: (5.14, 0.00, 3.00)
[Drone drone] Target position: (5.14, 0.00, 3.00)
[Drone drone] Target position: (5.14, 0.00, 3.00)
[Drone drone] Target position: (5.14, 0.00, 3.00)
[Drone drone] Target position: (5.14, 0.00, 3.00)
[Drone drone] Target position: (5.14, 0.00, 3.00)
[Drone drone] Target position: (5.14, 0.00, 3.00)
[Drone drone] Target position: (5.14, 0.00, 3.00)
[Drone drone] Target position: (5.14, 0.00, 3.00)
[Drone drone] Target position: (5.14, 0.00, 3.00)
[Drone drone] Target position: (5.14, 0.00, 3.00)
[Drone drone] Target position: (5.14, 0.00, 3.00)
[Drone drone] Target position: (5.14, 0.00, 3.00)
[Drone drone] Target position: (5.14, 0.00, 3.00)
[Drone drone] Target position: (5.14, 0.00, 3.00)
[Drone drone] Target position: (5.14, 0.00, 3.00)
[Drone drone] Target position: (5.14, 0.00, 3.00)
[Drone drone] Target position: (5.14, 0.00, 3.00)
[Drone drone] Target position: (5.14, 0.00, 3.00)
[Drone drone] Target position: (5.14, 0.00, 3.00)
[Drone drone] Target position: (5.14, 0.00, 3.00)
[Drone drone] Target position: (5.14, 0.00, 3.00)
[Drone drone] Target position: (5.14, 0.00, 3.00)
[Drone drone] Target position: (5.14, 0.00, 3.00)
[Drone drone] Target position: (5.14, 0.00, 3.00)
[Drone drone] Target position: (5.14, 0.00, 3.00)
[Drone drone] Target position: (5.14, 0.00, 3.00)
[Drone drone] Target position: (5.14, 0.00, 3.00)
[Drone drone] Target position: (5.14, 0.00, 3.00)
[Drone drone] Target position: (5.14, 0.00, 3.00)
[Drone drone] Target position: (5.14, 0.00, 3.00)
[Drone drone] Target position: (5.14, 0.00, 3.00)
[Drone drone] Target position: (5.14, 0.00, 3.00)
[Drone drone] Target position: (5.14, 0.00, 3.00)
[Drone drone] Target position: (5.14, 0.00, 3.00)
[Drone drone] Target position: (5.14, 0.00, 3.00)
[Drone drone] Target position: (5.14, 0.00, 3.00)
[Drone drone] Target position: (5.14, 0.00, 3.00)
[Drone drone] Target position: (5.14, 0.00, 3.00)
[Drone drone] Target position: (5.14, 0.00, 3.00)
[Drone drone] Target position: (5.14, 0.00, 3.00)
[Drone drone] Target position: (5.14, 0.00, 3.00)
[Drone drone] Target position: (5.14, 0.00, 3.00)
[Drone drone] Target position: (5.14, 0.00, 3.00)
[Drone drone] Target position: (5.14, 0.00, 3.00)
[Drone drone] Target position: (5.14, 0.00, 3.00)
[Drone drone] Target position: (5.14, 0.00, 3.00)
[Drone drone] Target position: (5.14, 0.00, 3.00)
[Drone drone] Target position: (5.14, 0.00, 3.00)
[Drone drone] Target position: (5.14, 0.00, 3.00)
[Drone drone] Target position: (5.14, 0.00, 3.00)
[Drone drone] Target position: (5.14, 0.00, 3.00)
[Drone drone] Target position: (5.14, 0.00, 3.00)
[Drone drone] Target position: (5.14, 0.00, 3.00)
[Drone drone] Target position: (5.14, 0.00, 3.00)
[Drone drone] Target position: (5.14, 0.00, 3.00)
[Drone drone] Target position: (5.14, 0.00, 3.00)
[Drone drone] Target position: (5.14, 0.00, 3.00)
[Drone drone] Target position: (5.14, 0.00, 3.00)
[Drone drone] Target position: (5.14, 0.00, 3.00)
[Drone drone] Target position: (5.14, 0.00, 3.00)
[Drone drone] Target position: (5.14, 0.00, 3.00)
[Drone drone] Target position: (5.14, 0.00, 3.00)
[Drone drone] Target position: (5.14, 0.00, 3.00)
[Drone drone] Target position: (5.14, 0.00, 3.00)
[Drone drone] Target position: (5.14, 0.00, 3.00)
[Drone drone] Target position: (5.14, 0.00, 3.00)
[Drone drone] Target position: (5.14, 0.00, 3.00)
[Drone drone] Target position: (5.14, 0.00, 3.00)
[Drone drone] Target position: (5.14, 0.00, 3.00)
[Drone drone] Target position: (5.14, 0.00, 3.00)
[Drone drone] Target position: (5.14, 0.00, 3.00)
[Drone drone] Target position: (5.14, 0.00, 3.00)
[Drone drone] Target position: (5.14, 0.00, 3.00)
[Drone drone] Target position: (5.14, 0.00, 3.00)
[Drone drone] Target position: (5.14, 0.00, 3.00)
[Drone drone] Target position: (5.14, 0.00, 3.00)
[Drone drone] Target position: (5.14, 0.00, 3.00)
[Drone drone] Target position: (5.14, 0.00, 3.00)
[Drone drone] Target position: (5.14, 0.00, 3.00)
[Drone drone] Target position: (5.14, 0.00, 3.00)
[Drone drone] Target position: (5.14, 0.00, 3.00)
[Drone drone] Target position: (5.14, 0.00, 3.00)
[Drone drone] Target position: (5.14, 0.00, 3.00)
[Drone drone] Target position: (5.14, 0.00, 3.00)
[Drone drone] Target position: (5.14, 0.00, 3.00)
[Drone drone] Target position: (5.14, 0.00, 3.00)
[Drone drone] Target position: (5.14, 0.00, 3.00)
[Drone drone] Target position: (5.14, 0.00, 3.00)
[Drone drone] Target position: (5.14, 0.00, 3.00)
[Drone drone] Target position: (5.14, 0.00, 3.00)
[Drone drone] Target position: (5.14, 0.00, 3.00)
[Drone drone] Target position: (5.14, 0.00, 3.00)
[Drone drone] Target position: (5.14, 0.00, 3.00)
[Drone drone] Target position: (5.14, 0.00, 3.00)
[Drone drone] Target position: (5.14, 0.00, 3.00)
[Drone drone] Target position: (5.14, 0.00, 3.00)
[Drone drone] Target position: (5.14, 0.00, 3.00)
[Drone drone] Target position: (5.14, 0.00, 3.00)
[Drone drone] Target position: (5.14, 0.00, 3.00)
[Drone drone] Target position: (5.14, 0.00, 3.00)
[Drone drone] Target position: (5.14, 0.00, 3.00)
[Drone drone] Target position: (5.14, 0.00, 3.00)
[Drone drone] Target position: (5.14, 0.00, 3.00)
[Drone drone] Target position: (5.14, 0.00, 3.00)
[Drone drone] Target position: (5.14, 0.00, 3.00)
[Drone drone] Target position: (5.14, 0.00, 3.00)
[Drone drone] Target position: (5.14, 0.00, 3.00)
[Drone drone] Target position: (5.14, 0.00, 3.00)
[Drone drone] Target position: (5.14, 0.00, 3.00)
[Drone drone] Target position: (5.14, 0.00, 3.00)
[Drone drone] Target position: (5.14, 0.00, 3.00)
[Drone drone] Target position: (5.14, 0.00, 3.00)
[Drone drone] Target position: (5.14, 0.00, 3.00)
[Drone drone] Target position: (5.14, 0.00, 3.00)
[Drone drone] Target position: (5.14, 0.00, 3.00)
[Drone drone] Target position: (5.14, 0.00, 3.00)
[Drone drone] Target position: (5.14, 0.00, 3.00)
[Drone drone] Target position: (5.14, 0.00, 3.00)
[Drone drone] Target position: (5.14, 0.00, 3.00)
[Drone drone] Target position: (5.14, 0.00, 3.00)
[Drone drone] Target position: (5.14, 0.00, 3.00)
[Drone drone] Target position: (5.14, 0.00, 3.00)
[Drone drone] Target position: (5.14, 0.00, 3.00)
[Drone drone] Target position: (5.14, 0.00, 3.00)
[Drone drone] Target position: (5.14, 0.00, 3.00)
[Drone drone] Target position: (5.14, 0.00, 3.00)
[Drone drone] Target position: (5.14, 0.00, 3.00)
[Drone drone] Target position: (5.14, 0.00, 3.00)
[Drone drone] Target position: (5.14, 0.00, 3.00)
[Drone drone] Target position: (5.14, 0.00, 3.00)
[Drone drone] Target position: (5.14, 0.00, 3.00)
[Drone drone] Target position: (5.14, 0.00, 3.00)
[Drone drone] Target position: (5.14, 0.00, 3.00)
[Drone drone] Target position: (5.14, 0.00, 3.00)
[Drone drone] Target position: (5.14, 0.00, 3.00)
[Drone drone] Target position: (5.14, 0.00, 3.00)
[Drone drone] Target position: (5.14, 0.00, 3.00)
[Drone drone] Target position: (5.14, 0.00, 3.00)
[Drone drone] Target position: (5.14, 0.00, 3.00)
[Drone drone] Target position: (5.14, 0.00, 3.00)
[Drone drone] Target position: (5.14, 0.00, 3.00)
[Drone drone] Target position: (5.14, 0.00, 3.00)
[Drone drone] Target position: (5.14, 0.00, 3.00)
[Drone drone] Target position: (5.14, 0.00, 3.00)
[Drone drone] Target position: (5.14, 0.00, 3.00)
[Drone drone] Target position: (5.14, 0.00, 3.00)
[Drone drone] Target position: (5.14, 0.00, 3.00)
[Drone drone] Target position: (5.14, 0.00, 3.00)
[Drone drone] Target position: (5.14, 0.00, 3.00)
[Drone drone] Target position: (5.14, 0.00, 3.00)
[Drone drone] Target position: (5.14, 0.00, 3.00)
[Drone drone] Target position: (5.14, 0.00, 3.00)
[Drone drone] Target position: (5.14, 0.00, 3.00)
[Drone drone] Target position: (5.14, 0.00, 3.00)
[Drone drone] Target position: (5.14, 0.00, 3.00)
[Drone drone] Target position: (5.14, 0.00, 3.00)
[Drone drone] Target position: (5.14, 0.00, 3.00)
[Drone drone] Target position: (5.14, 0.00, 3.00)
[Drone drone] Target position: (5.14, 0.00, 3.00)
[Drone drone] Target position: (5.14, 0.00, 3.00)
[Drone drone] Target position: (5.14, 0.00, 3.00)
[Drone drone] Target position: (5.14, 0.00, 3.00)
[Drone drone] Target position: (5.14, 0.00, 3.00)
[Drone drone] Target position: (5.14, 0.00, 3.00)
[Drone drone] Target position: (5.14, 0.00, 3.00)
[Drone drone] Target position: (5.14, 0.00, 3.00)
[Drone drone] Target position: (5.14, 0.00, 3.00)
[Drone drone] Target position: (5.14, 0.00, 3.00)
[Drone drone] Target position: (5.14, 0.00, 3.00)
[Drone drone] Target position: (5.14, 0.00, 3.00)
[Drone drone] Target position: (5.14, 0.00, 3.00)
[Drone drone] Target position: (5.14, 0.00, 3.00)
[Drone drone] Target position: (5.14, 0.00, 3.00)
[Drone drone] Target position: (5.14, 0.00, 3.00)
[Drone drone] Target position: (5.14, 0.00, 3.00)
[Drone drone] Target position: (5.14, 0.00, 3.00)
[Drone drone] Target position: (5.14, 0.00, 3.00)
[Drone drone] Target position: (5.14, 0.00, 3.00)
[Drone drone] Target position: (5.14, 0.00, 3.00)
[Drone drone] Target position: (5.14, 0.00, 3.00)
[Drone drone] Target position: (5.14, 0.00, 3.00)
[Drone drone] Target position: (5.14, 0.00, 3.00)
[Drone drone] Target position: (5.14, 0.00, 3.00)
[Drone drone] Target position: (5.14, 0.00, 3.00)
[Drone drone] Target position: (5.14, 0.00, 3.00)
[Drone drone] Target position: (5.14, 0.00, 3.00)
[Drone drone] Target position: (5.14, 0.00, 3.00)
[Drone drone] Target position: (5.14, 0.00, 3.00)
[Drone drone] Target position: (5.14, 0.00, 3.00)
[Drone drone] Target position: (5.14, 0.00, 3.00)
[Drone drone] Target position: (5.14, 0.00, 3.00)
[Drone drone] Target position: (5.14, 0.00, 3.00)
[Drone drone] Target position: (5.14, 0.00, 3.00)
[Drone drone] Target position: (5.14, 0.00, 3.00)
[Drone drone] Target position: (5.14, 0.00, 3.00)
[Drone drone] Target position: (5.14, 0.00, 3.00)
[Drone drone] Target position: (5.14, 0.00, 3.00)
[Drone drone] Target position: (5.14, 0.00, 3.00)
[Drone drone] Target position: (5.14, 0.00, 3.00)
[Drone drone] Target position: (5.14, 0.00, 3.00)
[Drone drone] Target position: (5.14, 0.00, 3.00)
[Drone drone] Target position: (5.14, 0.00, 3.00)
[Drone drone] Target position: (5.14, 0.00, 3.00)
[Drone drone] Target position: (5.14, 0.00, 3.00)
[Drone drone] Target position: (5.14, 0.00, 3.00)
[Drone drone] Target position: (5.14, 0.00, 3.00)
[Drone drone] Target position: (5.14, 0.00, 3.00)
[Drone drone] Target position: (5.14, 0.00, 3.00)
[Drone drone] Target position: (5.14, 0.00, 3.00)
[Drone drone] Target position: (5.14, 0.00, 3.00)
[Drone drone] Target position: (5.14, 0.00, 3.00)
[Drone drone] Target position: (5.14, 0.00, 3.00)
[Drone drone] Target position: (5.14, 0.00, 3.00)
[Drone drone] Target position: (5.14, 0.00, 3.00)
[Drone drone] Target position: (5.14, 0.00, 3.00)
[Drone drone] Target position: (5.14, 0.00, 3.00)
[Drone drone] Target position: (5.14, 0.00, 3.00)
[Drone drone] Target position: (5.14, 0.00, 3.00)
[Drone drone] Target position: (5.14, 0.00, 3.00)
[Drone drone] Target position: (5.14, 0.00, 3.00)
[Drone drone] Target position: (5.14, 0.00, 3.00)
[Drone drone] Target position: (5.14, 0.00, 3.00)
[Drone drone] Target position: (5.14, 0.00, 3.00)
[Drone drone] Target position: (5.14, 0.00, 3.00)
[Drone drone] Target position: (5.14, 0.00, 3.00)
[Drone drone] Target position: (5.14, 0.00, 3.00)
[Drone drone] Target position: (5.14, 0.00, 3.00)
[Drone drone] Target position: (5.14, 0.00, 3.00)
[Drone drone] Target position: (5.14, 0.00, 3.00)
[Drone drone] Target position: (5.14, 0.00, 3.00)
[Drone drone] Target position: (5.14, 0.00, 3.00)
[Drone drone] Target position: (5.14, 0.00, 3.00)
[Drone drone] Target position: (5.14, 0.00, 3.00)
[Drone drone] Target position: (5.14, 0.00, 3.00)
[Drone drone] Target position: (5.14, 0.00, 3.00)
[Drone drone] Target position: (5.14, 0.00, 3.00)
[Drone drone] Target position: (5.14, 0.00, 3.00)
[Drone drone] Target position: (5.14, 0.00, 3.00)
[Drone drone] Target position: (5.14, 0.00, 3.00)
[Drone drone] Target position: (5.14, 0.00, 3.00)
[Drone drone] Target position: (5.14, 0.00, 3.00)
[Drone drone] Target position: (5.14, 0.00, 3.00)
[Drone drone] Target position: (5.14, 0.00, 3.00)
[Drone drone] Target position: (5.14, 0.00, 3.00)
[Drone drone] Target position: (5.14, 0.00, 3.00)
[Drone drone] Target position: (5.14, 0.00, 3.00)
[Drone drone] Target position: (5.14, 0.00, 3.00)
[Drone drone] Target position: (5.14, 0.00, 3.00)
[Drone drone] Target position: (5.14, 0.00, 3.00)
[Drone drone] Target position: (5.14, 0.00, 3.00)
[Drone drone] Target position: (5.14, 0.00, 3.00)
[Drone drone] Target position: (5.14, 0.00, 3.00)
[Drone drone] Target position: (5.14, 0.00, 3.00)
[Drone drone] Target position: (5.14, 0.00, 3.00)
[Drone drone] Target position: (5.14, 0.00, 3.00)
[Drone drone] Target position: (5.14, 0.00, 3.00)
[Drone drone] Target position: (5.14, 0.00, 3.00)
[Drone drone] Target position: (5.14, 0.00, 3.00)
[Drone drone] Target position: (5.14, 0.00, 3.00)
[Drone drone] Target position: (5.14, 0.00, 3.00)
[Drone drone] Target position: (5.14, 0.00, 3.00)
[Drone drone] Target position: (5.14, 0.00, 3.00)
[Drone drone] Target position: (5.14, 0.00, 3.00)
[Drone drone] Target position: (5.14, 0.00, 3.00)
[Drone drone] Target position: (5.14, 0.00, 3.00)
[Drone drone] Target position: (5.14, 0.00, 3.00)
[Drone drone] Target position: (5.14, 0.00, 3.00)
[Drone drone] Target position: (5.14, 0.00, 3.00)
[Drone drone] Target position: (5.14, 0.00, 3.00)
[Drone drone] Target position: (5.14, 0.00, 3.00)
[Drone drone] Target position: (5.14, 0.00, 3.00)
[Drone drone] Target position: (5.14, 0.00, 3.00)
[Drone drone] Target position: (5.14, 0.00, 3.00)
[Drone drone] Target position: (5.14, 0.00, 3.00)
[Drone drone] Target position: (5.14, 0.00, 3.00)
[Drone drone] Target position: (5.14, 0.00, 3.00)
[Drone drone] Target position: (5.14, 0.00, 3.00)
[Drone drone] Target position: (5.14, 0.00, 3.00)
[Drone drone] Target position: (5.14, 0.00, 3.00)
[Drone drone] Target position: (5.14, 0.00, 3.00)
[Drone drone] Target position: (5.14, 0.00, 3.00)
[Drone drone] Target position: (5.14, 0.00, 3.00)
[Drone drone] Target position: (5.14, 0.00, 3.00)
[Drone drone] Target position: (5.14, 0.00, 3.00)
[Drone drone] Target position: (5.14, 0.00, 3.00)
[Drone drone] Target position: (5.14, 0.00, 3.00)
[Drone drone] Target position: (5.14, 0.00, 3.00)
[Drone drone] Target position: (5.14, 0.00, 3.00)
[Drone drone] Target position: (5.14, 0.00, 3.00)
[Drone drone] Target position: (5.14, 0.00, 3.00)
[Drone drone] Target position: (5.14, 0.00, 3.00)
[Drone drone] Target position: (5.14, 0.00, 3.00)
[Drone drone] Target position: (5.14, 0.00, 3.00)
[Drone drone] Target position: (5.14, 0.00, 3.00)
[Drone drone] Target position: (5.14, 0.00, 3.00)
[Drone drone] Target position: (5.14, 0.00, 3.00)
[Drone drone] Target position: (5.14, 0.00, 3.00)
[Drone drone] Target position: (5.14, 0.00, 3.00)
[Drone drone] Target position: (5.14, 0.00, 3.00)
[Drone drone] Target position: (5.14, 0.00, 3.00)
[Drone drone] Target position: (5.14, 0.00, 3.00)
[Drone drone] Target position: (5.14, 0.00, 3.00)
[Drone drone] Target position: (5.14, 0.00, 3.00)
[Drone drone] Target position: (5.14, 0.00, 3.00)
[Drone drone] Target position: (5.14, 0.00, 3.00)
[Drone drone] Target position: (5.14, 0.00, 3.00)
[Drone drone] Target position: (5.14, 0.00, 3.00)
[Drone drone] Target position: (5.14, 0.00, 3.00)
[Drone drone] Target position: (5.14, 0.00, 3.00)
[Drone drone] Target position: (5.14, 0.00, 3.00)
[Drone drone] Target position: (5.14, 0.00, 3.00)
[Drone drone] Target position: (5.14, 0.00, 3.00)
[Drone drone] Target position: (5.14, 0.00, 3.00)
[Drone drone] Target position: (5.14, 0.00, 3.00)
[Drone drone] Target position: (5.14, 0.00, 3.00)
[Drone drone] Target position: (5.14, 0.00, 3.00)
[Drone drone] Target position: (5.14, 0.00, 3.00)
[Drone drone] Target position: (5.14, 0.00, 3.00)
[Drone drone] Target position: (5.14, 0.00, 3.00)
[Drone drone] Target position: (5.14, 0.00, 3.00)
[Drone drone] Target position: (5.14, 0.00, 3.00)
[Drone drone] Target position: (5.14, 0.00, 3.00)
[Drone drone] Target position: (5.14, 0.00, 3.00)
[Drone drone] Target position: (5.14, 0.00, 3.00)
[Drone drone] Target position: (5.14, 0.00, 3.00)
[Drone drone] Target position: (5.14, 0.00, 3.00)
[Drone drone] Target position: (5.14, 0.00, 3.00)
[Drone drone] Target position: (5.14, 0.00, 3.00)
[Drone drone] Target position: (5.14, 0.00, 3.00)
[Drone drone] Target position: (5.14, 0.00, 3.00)
[Drone drone] Target position: (5.14, 0.00, 3.00)
[Drone drone] Target position: (5.14, 0.00, 3.00)
[Drone drone] Target position: (5.14, 0.00, 3.00)
[Drone drone] Target position: (5.14, 0.00, 3.00)
[Drone drone] Target position: (5.14, 0.00, 3.00)
[Drone drone] Target position: (5.14, 0.00, 3.00)
[Drone drone] Target position: (5.14, 0.00, 3.00)
[Drone drone] Target position: (5.14, 0.00, 3.00)
[Drone drone] Target position: (5.14, 0.00, 3.00)
[Drone drone] Target position: (5.14, 0.00, 3.00)
[Drone drone] Target position: (5.14, 0.00, 3.00)
[Drone drone] Target position: (5.14, 0.00, 3.00)
[Drone drone] Target position: (5.14, 0.00, 3.00)
[Drone drone] Target position: (5.14, 0.00, 3.00)
[Drone drone] Target position: (5.14, 0.00, 3.00)
[Drone drone] Target position: (5.14, 0.00, 3.00)
[Drone drone] Target position: (5.14, 0.00, 3.00)
[Drone drone] Target position: (5.14, 0.00, 3.00)
[Drone drone] Target position: (5.14, 0.00, 3.00)
[Drone drone] Target position: (5.14, 0.00, 3.00)
[Drone drone] Target position: (5.14, 0.00, 3.00)
[Drone drone] Target position: (5.14, 0.00, 3.00)
[Drone drone] Target position: (5.14, 0.00, 3.00)
[Drone drone] Target position: (5.14, 0.00, 3.00)
[Drone drone] Target position: (5.14, 0.00, 3.00)
[Drone drone] Target position: (5.14, 0.00, 3.00)
[Drone drone] Target position: (5.14, 0.00, 3.00)
[Drone drone] Target position: (5.14, 0.00, 3.00)
[Drone drone] Target position: (5.14, 0.00, 3.00)
[Drone drone] Target position: (5.14, 0.00, 3.00)
[Drone drone] Target position: (5.14, 0.00, 3.00)
[Drone drone] Target position: (5.14, 0.00, 3.00)
[Drone drone] Target position: (5.14, 0.00, 3.00)
[Drone drone] Target position: (5.14, 0.00, 3.00)
[Drone drone] Target position: (5.14, 0.00, 3.00)
[Drone drone] Target position: (5.14, 0.00, 3.00)
[Drone drone] Target position: (5.14, 0.00, 3.00)
[Drone drone] Target position: (5.14, 0.00, 3.00)
[Drone drone] Target position: (5.14, 0.00, 3.00)
[Drone drone] Target position: (5.14, 0.00, 3.00)
[Drone drone] Target position: (5.14, 0.00, 3.00)
[Drone drone] Target position: (5.14, 0.00, 3.00)
[Drone drone] Target position: (5.14, 0.00, 3.00)
[Drone drone] Target position: (5.14, 0.00, 3.00)
[Drone drone] Target position: (5.14, 0.00, 3.00)
[Drone drone] Target position: (5.14, 0.00, 3.00)
[Drone drone] Target position: (5.14, 0.00, 3.00)
[Drone drone] Target position: (5.14, 0.00, 3.00)
[Drone drone] Target position: (5.14, 0.00, 3.00)
[Drone drone] Target position: (5.14, 0.00, 3.00)
[Drone drone] Target position: (5.14, 0.00, 3.00)
[Drone drone] Target position: (5.14, 0.00, 3.00)
[Drone drone] Target position: (5.14, 0.00, 3.00)
[Drone drone] Target position: (5.14, 0.00, 3.00)
[Drone drone] Target position: (5.14, 0.00, 3.00)
[Drone drone] Target position: (5.14, 0.00, 3.00)
[Drone drone] Target position: (5.14, 0.00, 3.00)
[Drone drone] Target position: (5.14, 0.00, 3.00)
[Drone drone] Target position: (5.14, 0.00, 3.00)
[Drone drone] Target position: (5.14, 0.00, 3.00)
[Drone drone] Target position: (5.14, 0.00, 3.00)
[Drone drone] Target position: (5.14, 0.00, 3.00)
[Drone drone] Target position: (5.14, 0.00, 3.00)
[Drone drone] Target position: (5.14, 0.00, 3.00)
[Drone drone] Target position: (5.14, 0.00, 3.00)
[Drone drone] Target position: (5.14, 0.00, 3.00)
[Drone drone] Target position: (5.14, 0.00, 3.00)
[Drone drone] Target position: (5.14, 0.00, 3.00)
[Drone drone] Target position: (5.14, 0.00, 3.00)
[Drone drone] Target position: (5.14, 0.00, 3.00)
[Drone drone] Target position: (5.14, 0.00, 3.00)
[Drone drone] Target position: (5.14, 0.00, 3.00)
[Drone drone] Target position: (5.14, 0.00, 3.00)
[Drone drone] Target position: (5.14, 0.00, 3.00)
[Drone drone] Target position: (5.14, 0.00, 3.00)
[Drone drone] Target position: (5.14, 0.00, 3.00)
[Drone drone] Target position: (5.14, 0.00, 3.00)
[Drone drone] Target position: (5.14, 0.00, 3.00)
[Drone drone] Target position: (5.14, 0.00, 3.00)
[Drone drone] Target position: (5.14, 0.00, 3.00)
[Drone drone] Target position: (5.14, 0.00, 3.00)
[Drone drone] Target position: (5.14, 0.00, 3.00)
[Drone drone] Target position: (5.14, 0.00, 3.00)
[Drone drone] Target position: (5.14, 0.00, 3.00)
[Drone drone] Target position: (5.14, 0.00, 3.00)
[Drone drone] Target position: (5.14, 0.00, 3.00)
[Drone drone] Target position: (5.14, 0.00, 3.00)
[Drone drone] Target position: (5.14, 0.00, 3.00)
[Drone drone] Target position: (5.14, 0.00, 3.00)
[Drone drone] Target position: (5.14, 0.00, 3.00)
[Drone drone] Target position: (5.14, 0.00, 3.00)
[Drone drone] Target position: (5.14, 0.00, 3.00)
[Drone drone] Target position: (5.14, 0.00, 3.00)
[Drone drone] Target position: (5.14, 0.00, 3.00)
[Drone drone] Target position: (5.14, 0.00, 3.00)
[Drone drone] Target position: (5.14, 0.00, 3.00)
[Drone drone] Target position: (5.14, 0.00, 3.00)
[Drone drone] Target position: (5.14, 0.00, 3.00)
[Drone drone] Target position: (5.14, 0.00, 3.00)
[Drone drone] Target position: (5.14, 0.00, 3.00)
[Drone drone] Target position: (5.14, 0.00, 3.00)
[Drone drone] Target position: (5.14, 0.00, 3.00)
[Drone drone] Target position: (5.14, 0.00, 3.00)
[Drone drone] Target position: (5.14, 0.00, 3.00)
[Drone drone] Target position: (5.14, 0.00, 3.00)
[Drone drone] Target position: (5.14, 0.00, 3.00)
[Drone drone] Target position: (5.14, 0.00, 3.00)
[Drone drone] Target position: (5.14, 0.00, 3.00)
[Drone drone] Target position: (5.14, 0.00, 3.00)
[Drone drone] Target position: (5.14, 0.00, 3.00)
[Drone drone] Target position: (5.14, 0.00, 3.00)
[Drone drone] Target position: (5.14, 0.00, 3.00)
[Drone drone] Target position: (5.14, 0.00, 3.00)
[Drone drone] Target position: (5.14, 0.00, 3.00)
[Drone drone] Target position: (5.14, 0.00, 3.00)
[Drone drone] Target position: (5.14, 0.00, 3.00)
[Drone drone] Target position: (5.14, 0.00, 3.00)
[Drone drone] Target position: (5.14, 0.00, 3.00)
[Drone drone] Target position: (5.14, 0.00, 3.00)
[Drone drone] Target position: (5.14, 0.00, 3.00)
[Drone drone] Target position: (5.14, 0.00, 3.00)
[Drone drone] Target position: (5.14, 0.00, 3.00)
[Drone drone] Target position: (5.14, 0.00, 3.00)
[Drone drone] Target position: (5.14, 0.00, 3.00)
[Drone drone] Target position: (5.14, 0.00, 3.00)
[Drone drone] Target position: (5.14, 0.00, 3.00)
[Drone drone] Target position: (5.14, 0.00, 3.00)
[Drone drone] Target position: (5.14, 0.00, 3.00)
[Drone drone] Target position: (5.14, 0.00, 3.00)
[Drone drone] Target position: (5.14, 0.00, 3.00)
[Drone drone] Target position: (5.14, 0.00, 3.00)
[Drone drone] Target position: (5.14, 0.00, 3.00)
[Drone drone] Target position: (5.14, 0.00, 3.00)
[Drone drone] Target position: (5.14, 0.00, 3.00)
[Drone drone] Target position: (5.14, 0.00, 3.00)
[Drone drone] Target position: (5.14, 0.00, 3.00)
[Drone drone] Target position: (5.14, 0.00, 3.00)
[Drone drone] Target position: (5.14, 0.00, 3.00)
[Drone drone] Target position: (5.14, 0.00, 3.00)
[Drone drone] Target position: (5.14, 0.00, 3.00)
[Drone drone] Target position: (5.14, 0.00, 3.00)
[Drone drone] Target position: (5.14, 0.00, 3.00)
[Drone drone] Target position: (5.14, 0.00, 3.00)
[Drone drone] Target position: (5.14, 0.00, 3.00)
[Drone drone] Target position: (5.14, 0.00, 3.00)
[Drone drone] Target position: (5.14, 0.00, 3.00)
[Drone drone] Target position: (5.14, 0.00, 3.00)
[Drone drone] Target position: (5.14, 0.00, 3.00)
[Drone drone] Target position: (5.14, 0.00, 3.00)
[Drone drone] Target position: (5.14, 0.00, 3.00)
[Drone drone] Target position: (5.14, 0.00, 3.00)
[Drone drone] Target position: (5.14, 0.00, 3.00)
[Drone drone] Target position: (5.14, 0.00, 3.00)
[Drone drone] Target position: (5.14, 0.00, 3.00)
[Drone drone] Target position: (5.14, 0.00, 3.00)
[Drone drone] Target position: (5.14, 0.00, 3.00)
[Drone drone] Target position: (5.14, 0.00, 3.00)
[Drone drone] Target position: (5.14, 0.00, 3.00)
[Drone drone] Target position: (5.14, 0.00, 3.00)
[Drone drone] Target position: (5.14, 0.00, 3.00)
[Drone drone] Target position: (5.14, 0.00, 3.00)
[Drone drone] Target position: (5.14, 0.00, 3.00)
[Drone drone] Target position: (5.14, 0.00, 3.00)
[Drone drone] Target position: (5.14, 0.00, 3.00)
[Drone drone] Target position: (5.14, 0.00, 3.00)
[Drone drone] Target position: (5.14, 0.00, 3.00)
[Drone drone] Target position: (5.14, 0.00, 3.00)
[Drone drone] Target position: (5.14, 0.00, 3.00)
[Drone drone] Target position: (5.14, 0.00, 3.00)
[Drone drone] Target position: (5.14, 0.00, 3.00)
[Drone drone] Target position: (5.14, 0.00, 3.00)
[Drone drone] Target position: (5.14, 0.00, 3.00)
[Drone drone] Target position: (5.14, 0.00, 3.00)
[Drone drone] Target position: (5.14, 0.00, 3.00)
[Drone drone] Target position: (5.14, 0.00, 3.00)
[Drone drone] Target position: (5.14, 0.00, 3.00)
[Drone drone] Target position: (5.14, 0.00, 3.00)
[Drone drone] Target position: (5.14, 0.00, 3.00)
[Drone drone] Target position: (5.14, 0.00, 3.00)
[Drone drone] Target position: (5.14, 0.00, 3.00)
[Drone drone] Target position: (5.14, 0.00, 3.00)
[Drone drone] Target position: (5.14, 0.00, 3.00)
[Drone drone] Target position: (5.14, 0.00, 3.00)
[Drone drone] Target position: (5.14, 0.00, 3.00)
[Drone drone] Target position: (5.14, 0.00, 3.00)
[Drone drone] Target position: (5.14, 0.00, 3.00)
[Drone drone] Target position: (5.14, 0.00, 3.00)
[Drone drone] Target position: (5.14, 0.00, 3.00)
[Drone drone] Target position: (5.14, 0.00, 3.00)
[Drone drone] Target position: (5.14, 0.00, 3.00)
[Drone drone] Target position: (5.14, 0.00, 3.00)
[Drone drone] Target position: (5.14, 0.00, 3.00)
[Drone drone] Target position: (5.14, 0.00, 3.00)
[Drone drone] Target position: (5.14, 0.00, 3.00)
[Drone drone] Target position: (5.14, 0.00, 3.00)
[Drone drone] Target position: (5.14, 0.00, 3.00)
[Drone drone] Target position: (5.14, 0.00, 3.00)
[Drone drone] Target position: (5.14, 0.00, 3.00)
[Drone drone] Target position: (5.14, 0.00, 3.00)
[Drone drone] Target position: (5.14, 0.00, 3.00)
[Drone drone] Target position: (5.14, 0.00, 3.00)
[Drone drone] Target position: (5.14, 0.00, 3.00)
[Drone drone] Target position: (5.14, 0.00, 3.00)
[Drone drone] Target position: (5.14, 0.00, 3.00)
[Drone drone] Target position: (5.14, 0.00, 3.00)
[Drone drone] Target position: (5.14, 0.00, 3.00)
[Drone drone] Target position: (5.14, 0.00, 3.00)
[Drone drone] Target position: (5.14, 0.00, 3.00)
[Drone drone] Target position: (5.14, 0.00, 3.00)
[Drone drone] Target position: (5.14, 0.00, 3.00)
[Drone drone] Target position: (5.14, 0.00, 3.00)
[Drone drone] Target position: (5.14, 0.00, 3.00)
[Drone drone] Target position: (5.14, 0.00, 3.00)
[Drone drone] Target position: (5.14, 0.00, 3.00)
[Drone drone] Target position: (5.14, 0.00, 3.00)
[Drone drone] Target position: (5.14, 0.00, 3.00)
[Drone drone] Target position: (5.14, 0.00, 3.00)
[Drone drone] Target position: (5.14, 0.00, 3.00)
[Drone drone] Target position: (5.14, 0.00, 3.00)
[Drone drone] Target position: (5.14, 0.00, 3.00)
[Drone drone] Target position: (5.14, 0.00, 3.00)
[Drone drone] Target position: (5.14, 0.00, 3.00)
[Drone drone] Target position: (5.14, 0.00, 3.00)
[Drone drone] Target position: (5.14, 0.00, 3.00)
[Drone drone] Target position: (5.14, 0.00, 3.00)
[Drone drone] Target position: (5.14, 0.00, 3.00)
[Drone drone] Target position: (5.14, 0.00, 3.00)
[Drone drone] Target position: (5.14, 0.00, 3.00)
[Drone drone] Target position: (5.14, 0.00, 3.00)
[Drone drone] Target position: (5.14, 0.00, 3.00)
[Drone drone] Target position: (5.14, 0.00, 3.00)
[Drone drone] Target position: (5.14, 0.00, 3.00)
[Drone drone] Target position: (5.14, 0.00, 3.00)
[Drone drone] Target position: (5.14, 0.00, 3.00)
[Drone drone] Target position: (5.14, 0.00, 3.00)
[Drone drone] Target position: (5.14, 0.00, 3.00)
[Drone drone] Target position: (5.14, 0.00, 3.00)
[Drone drone] Target position: (5.14, 0.00, 3.00)
[Drone drone] Target position: (5.14, 0.00, 3.00)
[Drone drone] Target position: (5.14, 0.00, 3.00)
[Drone drone] Target position: (5.14, 0.00, 3.00)
[Drone drone] Target position: (5.14, 0.00, 3.00)
[Drone drone] Target position: (5.14, 0.00, 3.00)
[Drone drone] Target position: (5.14, 0.00, 3.00)
[Drone drone] Target position: (5.14, 0.00, 3.00)
[Drone drone] Target position: (5.14, 0.00, 3.00)
[Drone drone] Target position: (5.14, 0.00, 3.00)
[Drone drone] Target position: (5.14, 0.00, 3.00)
[Drone drone] Target position: (5.14, 0.00, 3.00)
[Drone drone] Target position: (5.14, 0.00, 3.00)
[Drone drone] Target position: (5.14, 0.00, 3.00)
[Drone drone] Target position: (5.14, 0.00, 3.00)
[Drone drone] Target position: (5.14, 0.00, 3.00)
[Drone drone] Target position: (5.14, 0.00, 3.00)
[Drone drone] Target position: (5.14, 0.00, 3.00)
[Drone drone] Target position: (5.14, 0.00, 3.00)
[Drone drone] Target position: (5.14, 0.00, 3.00)
[Drone drone] Target position: (5.14, 0.00, 3.00)
[Drone drone] Target position: (5.14, 0.00, 3.00)
[Drone drone] Target position: (5.14, 0.00, 3.00)
[Drone drone] Target position: (5.14, 0.00, 3.00)
[Drone drone] Target position: (5.14, 0.00, 3.00)
[Drone drone] Target position: (5.14, 0.00, 3.00)
[Drone drone] Target position: (5.14, 0.00, 3.00)
[Drone drone] Target position: (5.14, 0.00, 3.00)
[Drone drone] Target position: (5.14, 0.00, 3.00)
[Drone drone] Target position: (5.14, 0.00, 3.00)
[Drone drone] Target position: (5.14, 0.00, 3.00)
[Drone drone] Target position: (5.14, 0.00, 3.00)
[Drone drone] Target position: (5.14, 0.00, 3.00)
[Drone drone] Target position: (5.14, 0.00, 3.00)
[Drone drone] Target position: (5.14, 0.00, 3.00)
[Drone drone] Target position: (5.14, 0.00, 3.00)
[Drone drone] Target position: (5.14, 0.00, 3.00)
[Drone drone] Target position: (5.14, 0.00, 3.00)
[Drone drone] Target position: (5.14, 0.00, 3.00)
[Drone drone] Target position: (5.14, 0.00, 3.00)
[Drone drone] Target position: (5.14, 0.00, 3.00)
[Drone drone] Target position: (5.14, 0.00, 3.00)
[Drone drone] Target position: (5.14, 0.00, 3.00)
[Drone drone] Target position: (5.14, 0.00, 3.00)
[Drone drone] Target position: (5.14, 0.00, 3.00)
[Drone drone] Target position: (5.14, 0.00, 3.00)
[Drone drone] Target position: (5.14, 0.00, 3.00)
[Drone drone] Target position: (5.14, 0.00, 3.00)
[Drone drone] Target position: (5.14, 0.00, 3.00)
[Drone drone] Target position: (5.14, 0.00, 3.00)
[Drone drone] Target position: (5.14, 0.00, 3.00)
[Drone drone] Target position: (5.14, 0.00, 3.00)
[Drone drone] Target position: (5.14, 0.00, 3.00)
[Drone drone] Target position: (5.14, 0.00, 3.00)
[Drone drone] Target position: (5.14, 0.00, 3.00)
[Drone drone] Target position: (5.14, 0.00, 3.00)
[Drone drone] Target position: (5.14, 0.00, 3.00)
[Drone drone] Target position: (5.14, 0.00, 3.00)
[Drone drone] Target position: (5.14, 0.00, 3.00)
[Drone drone] Target position: (5.14, 0.00, 3.00)
[Drone drone] Target position: (5.14, 0.00, 3.00)
[Drone drone] Target position: (5.14, 0.00, 3.00)
[Drone drone] Target position: (5.14, 0.00, 3.00)
[Drone drone] Target position: (5.14, 0.00, 3.00)
[Drone drone] Target position: (5.14, 0.00, 3.00)
[Drone drone] Target position: (5.14, 0.00, 3.00)
[Drone drone] Target position: (5.14, 0.00, 3.00)
[Drone drone] Target position: (5.14, 0.00, 3.00)
[Drone drone] Target position: (5.14, 0.00, 3.00)
[Drone drone] Target position: (5.14, 0.00, 3.00)
[Drone drone] Target position: (5.14, 0.00, 3.00)
[Drone drone] Target position: (5.14, 0.00, 3.00)
[Drone drone] Target position: (5.14, 0.00, 3.00)
[Drone drone] Target position: (5.14, 0.00, 3.00)
[Drone drone] Target position: (5.14, 0.00, 3.00)
[Drone drone] Target position: (5.14, 0.00, 3.00)
[Drone drone] Target position: (5.14, 0.00, 3.00)
[Drone drone] Target position: (5.14, 0.00, 3.00)
[Drone drone] Target position: (5.14, 0.00, 3.00)
[Drone drone] Target position: (5.14, 0.00, 3.00)
[Drone drone] Target position: (5.14, 0.00, 3.00)
[Drone drone] Target position: (5.14, 0.00, 3.00)
[Drone drone] Target position: (5.14, 0.00, 3.00)
[Drone drone] Target position: (5.14, 0.00, 3.00)
[Drone drone] Target position: (5.14, 0.00, 3.00)
[Drone drone] Target position: (5.14, 0.00, 3.00)
[Drone drone] Target position: (5.14, 0.00, 3.00)
[Drone drone] Target position: (5.14, 0.00, 3.00)
[Drone drone] Target position: (5.14, 0.00, 3.00)
[Drone drone] Target position: (5.14, 0.00, 3.00)
[Drone drone] Target position: (5.14, 0.00, 3.00)
[Drone drone] Target position: (5.14, 0.00, 3.00)
[Drone drone] Target position: (5.14, 0.00, 3.00)
[Drone drone] Target position: (5.14, 0.00, 3.00)
[Drone drone] Target position: (5.14, 0.00, 3.00)
[Drone drone] Target position: (5.14, 0.00, 3.00)
[Drone drone] Target position: (5.14, 0.00, 3.00)
[Drone drone] Target position: (5.14, 0.00, 3.00)
[Drone drone] Target position: (5.14, 0.00, 3.00)
[Drone drone] Target position: (5.14, 0.00, 3.00)
[Drone drone] Target position: (5.14, 0.00, 3.00)
[Drone drone] Target position: (5.14, 0.00, 3.00)
[Drone drone] Target position: (5.14, 0.00, 3.00)
[Drone drone] Target position: (5.14, 0.00, 3.00)
[Drone drone] Target position: (5.14, 0.00, 3.00)
[Drone drone] Target position: (5.14, 0.00, 3.00)
[Drone drone] Target position: (5.14, 0.00, 3.00)
[Drone drone] Target position: (5.14, 0.00, 3.00)
[Drone drone] Target position: (5.14, 0.00, 3.00)
[Drone drone] Target position: (5.14, 0.00, 3.00)
[Drone drone] Target position: (5.14, 0.00, 3.00)
[Drone drone] Target position: (5.14, 0.00, 3.00)
[Drone drone] Target position: (5.14, 0.00, 3.00)
[Drone drone] Target position: (5.14, 0.00, 3.00)
[Drone drone] Target position: (5.14, 0.00, 3.00)
[Drone drone] Target position: (5.14, 0.00, 3.00)
[Drone drone] Target position: (5.14, 0.00, 3.00)
[Drone drone] Target position: (5.14, 0.00, 3.00)
[Drone drone] Target position: (5.14, 0.00, 3.00)
[Drone drone] Target position: (5.14, 0.00, 3.00)
[Drone drone] Target position: (5.14, 0.00, 3.00)
[Drone drone] Target position: (5.14, 0.00, 3.00)
[Drone drone] Target position: (5.14, 0.00, 3.00)
[Drone drone] Target position: (5.14, 0.00, 3.00)
[Drone drone] Target position: (5.14, 0.00, 3.00)
[Drone drone] Target position: (5.14, 0.00, 3.00)
[Drone drone] Target position: (5.14, 0.00, 3.00)
[Drone drone] Target position: (5.14, 0.00, 3.00)
[Drone drone] Target position: (5.14, 0.00, 3.00)
[Drone drone] Target position: (5.14, 0.00, 3.00)
[Drone drone] Target position: (5.14, 0.00, 3.00)
[Drone drone] Target position: (5.14, 0.00, 3.00)
[Drone drone] Target position: (5.14, 0.00, 3.00)
[Drone drone] Target position: (5.14, 0.00, 3.00)
[Drone drone] Target position: (5.14, 0.00, 3.00)
[Drone drone] Target position: (5.14, 0.00, 3.00)
[Drone drone] Target position: (5.14, 0.00, 3.00)
[Drone drone] Target position: (5.14, 0.00, 3.00)
[Drone drone] Target position: (5.14, 0.00, 3.00)
[Drone drone] Target position: (5.14, 0.00, 3.00)
[Drone drone] Target position: (5.14, 0.00, 3.00)
[Drone drone] Target position: (5.14, 0.00, 3.00)
[Drone drone] Target position: (5.14, 0.00, 3.00)
[Drone drone] Target position: (5.14, 0.00, 3.00)
[Drone drone] Target position: (5.14, 0.00, 3.00)
[Drone drone] Target position: (5.14, 0.00, 3.00)
[Drone drone] Target position: (5.14, 0.00, 3.00)
[Drone drone] Target position: (5.14, 0.00, 3.00)
[Drone drone] Target position: (5.14, 0.00, 3.00)
[Drone drone] Target position: (5.14, 0.00, 3.00)
[Drone drone] Target position: (5.14, 0.00, 3.00)
[Drone drone] Target position: (5.14, 0.00, 3.00)
[Drone drone] Target position: (5.14, 0.00, 3.00)
[Drone drone] Target position: (5.14, 0.00, 3.00)
[Drone drone] Target position: (5.14, 0.00, 3.00)
[Drone drone] Target position: (5.14, 0.00, 3.00)
[Drone drone] Target position: (5.14, 0.00, 3.00)
[Drone drone] Target position: (5.14, 0.00, 3.00)
[Drone drone] Target position: (5.14, 0.00, 3.00)
[Drone drone] Target position: (5.14, 0.00, 3.00)
[Drone drone] Target position: (5.14, 0.00, 3.00)
[Drone drone] Target position: (5.14, 0.00, 3.00)
[Drone drone] Target position: (5.14, 0.00, 3.00)
[Drone drone] Target position: (5.14, 0.00, 3.00)
[Drone drone] Target position: (5.14, 0.00, 3.00)
[Drone drone] Target position: (5.14, 0.00, 3.00)
[Drone drone] Target position: (5.14, 0.00, 3.00)
[Drone drone] Target position: (5.14, 0.00, 3.00)
[Drone drone] Target position: (5.14, 0.00, 3.00)
[Drone drone] Target position: (5.14, 0.00, 3.00)
[Drone drone] Target position: (5.14, 0.00, 3.00)
[Drone drone] Target position: (5.14, 0.00, 3.00)
[Drone drone] Target position: (5.14, 0.00, 3.00)
[Drone drone] Target position: (5.14, 0.00, 3.00)
[Drone drone] Target position: (5.14, 0.00, 3.00)
[Drone drone] Target position: (5.14, 0.00, 3.00)
[Drone drone] Target position: (5.14, 0.00, 3.00)
[Drone drone] Target position: (5.14, 0.00, 3.00)
[Drone drone] Target position: (5.14, 0.00, 3.00)
[Drone drone] Target position: (5.14, 0.00, 3.00)
[Drone drone] Target position: (5.14, 0.00, 3.00)
[Drone drone] Target position: (5.14, 0.00, 3.00)
[Drone drone] Target position: (5.14, 0.00, 3.00)
[Drone drone] Target position: (5.14, 0.00, 3.00)
[Drone drone] Target position: (5.14, 0.00, 3.00)
[Drone drone] Target position: (5.14, 0.00, 3.00)
[Drone drone] Target position: (5.14, 0.00, 3.00)
[Drone drone] Target position: (5.14, 0.00, 3.00)
[Drone drone] Target position: (5.14, 0.00, 3.00)
[Drone drone] Target position: (5.14, 0.00, 3.00)
[Drone drone] Target position: (5.14, 0.00, 3.00)
[Drone drone] Target position: (5.14, 0.00, 3.00)
[Drone drone] Target position: (5.14, 0.00, 3.00)
[Drone drone] Target position: (5.14, 0.00, 3.00)
[Drone drone] Target position: (5.14, 0.00, 3.00)
[Drone drone] Target position: (5.14, 0.00, 3.00)
[Drone drone] Target position: (5.14, 0.00, 3.00)
[Drone drone] Target position: (5.14, 0.00, 3.00)
[Drone drone] Target position: (5.14, 0.00, 3.00)
[Drone drone] Target position: (5.14, 0.00, 3.00)
[Drone drone] Target position: (5.14, 0.00, 3.00)
[Drone drone] Target position: (5.14, 0.00, 3.00)
[Drone drone] Target position: (5.14, 0.00, 3.00)
[Drone drone] Target position: (5.14, 0.00, 3.00)
[Drone drone] Target position: (5.14, 0.00, 3.00)
[Drone drone] Target position: (5.14, 0.00, 3.00)
[Drone drone] Target position: (5.14, 0.00, 3.00)
[Drone drone] Target position: (5.14, 0.00, 3.00)
[Drone drone] Target position: (5.14, 0.00, 3.00)
[Drone drone] Target position: (5.14, 0.00, 3.00)
[Drone drone] Target position: (5.14, 0.00, 3.00)
[Drone drone] Target position: (5.14, 0.00, 3.00)
[Drone drone] Target position: (5.14, 0.00, 3.00)
[Drone drone] Target position: (5.14, 0.00, 3.00)
[Drone drone] Target position: (5.14, 0.00, 3.00)
[Drone drone] Target position: (5.14, 0.00, 3.00)
[Drone drone] Target position: (5.14, 0.00, 3.00)
[Drone drone] Target position: (5.14, 0.00, 3.00)
[Drone drone] Target position: (5.14, 0.00, 3.00)
[Drone drone] Target position: (5.14, 0.00, 3.00)
[Drone drone] Target position: (5.14, 0.00, 3.00)
[Drone drone] Target position: (5.14, 0.00, 3.00)
[Drone drone] Target position: (5.14, 0.00, 3.00)
[Drone drone] Target position: (5.14, 0.00, 3.00)
[Drone drone] Target position: (5.14, 0.00, 3.00)
[Drone drone] Target position: (5.14, 0.00, 3.00)
[Drone drone] Target position: (5.14, 0.00, 3.00)
[Drone drone] Target position: (5.14, 0.00, 3.00)
[Drone drone] Target position: (5.14, 0.00, 3.00)
[Drone drone] Target position: (5.14, 0.00, 3.00)
[Drone drone] Target position: (5.14, 0.00, 3.00)
[Drone drone] Target position: (5.14, 0.00, 3.00)
[Drone drone] Target position: (5.14, 0.00, 3.00)
[Drone drone] Target position: (5.14, 0.00, 3.00)
[Drone drone] Target position: (5.14, 0.00, 3.00)
[Drone drone] Target position: (5.14, 0.00, 3.00)
[Drone drone] Target position: (5.14, 0.00, 3.00)
[Drone drone] Target position: (5.14, 0.00, 3.00)
[Drone drone] Target position: (5.14, 0.00, 3.00)
[Drone drone] Target position: (5.14, 0.00, 3.00)
[Drone drone] Target position: (5.14, 0.00, 3.00)
[Drone drone] Target position: (5.14, 0.00, 3.00)
[Drone drone] Target position: (5.14, 0.00, 3.00)
[Drone drone] Target position: (5.14, 0.00, 3.00)
[Drone drone] Target position: (5.14, 0.00, 3.00)
[Drone drone] Target position: (5.14, 0.00, 3.00)
[Drone drone] Target position: (5.14, 0.00, 3.00)
[Drone drone] Target position: (5.14, 0.00, 3.00)
[Drone drone] Target position: (5.14, 0.00, 3.00)
[Drone drone] Target position: (5.14, 0.00, 3.00)
[Drone drone] Target position: (5.14, 0.00, 3.00)
[Drone drone] Target position: (5.14, 0.00, 3.00)
[Drone drone] Target position: (5.14, 0.00, 3.00)
[Drone drone] Target position: (5.14, 0.00, 3.00)
[Drone drone] Target position: (5.14, 0.00, 3.00)
[Drone drone] Target position: (5.14, 0.00, 3.00)
[Drone drone] Target position: (5.14, 0.00, 3.00)
[Drone drone] Target position: (5.14, 0.00, 3.00)
[Drone drone] Target position: (5.14, 0.00, 3.00)
[Drone drone] Target position: (5.14, 0.00, 3.00)
[Drone drone] Target position: (5.14, 0.00, 3.00)
[Drone drone] Target position: (5.14, 0.00, 3.00)
[Drone drone] Target position: (5.14, 0.00, 3.00)
[Drone drone] Target position: (5.14, 0.00, 3.00)
[Drone drone] Target position: (5.14, 0.00, 3.00)
[Drone drone] Target position: (5.14, 0.00, 3.00)
[Drone drone] Target position: (5.14, 0.00, 3.00)
[Drone drone] Target position: (5.14, 0.00, 3.00)
[Drone drone] Target position: (5.14, 0.00, 3.00)
[Drone drone] Target position: (5.14, 0.00, 3.00)
[Drone drone] Target position: (5.14, 0.00, 3.00)
[Drone drone] Target position: (5.14, 0.00, 3.00)
[Drone drone] Target position: (5.14, 0.00, 3.00)
[Drone drone] Target position: (5.14, 0.00, 3.00)
[Drone drone] Target position: (5.14, 0.00, 3.00)
[Drone drone] Target position: (5.14, 0.00, 3.00)
[Drone drone] Target position: (5.14, 0.00, 3.00)
[Drone drone] Target position: (5.14, 0.00, 3.00)
[Drone drone] Target position: (5.14, 0.00, 3.00)
[Drone drone] Target position: (5.14, 0.00, 3.00)
[Drone drone] Target position: (5.14, 0.00, 3.00)
[Drone drone] Target position: (5.14, 0.00, 3.00)
[Drone drone] Target position: (5.14, 0.00, 3.00)
[Drone drone] Target position: (5.14, 0.00, 3.00)
[Drone drone] Target position: (5.14, 0.00, 3.00)
[Drone drone] Target position: (5.14, 0.00, 3.00)
[Drone drone] Target position: (5.14, 0.00, 3.00)
[Drone drone] Target position: (5.14, 0.00, 3.00)
[Drone drone] Target position: (5.14, 0.00, 3.00)
[Drone drone] Target position: (5.14, 0.00, 3.00)
[Drone drone] Target position: (5.14, 0.00, 3.00)
[Drone drone] Target position: (5.14, 0.00, 3.00)
[Drone drone] Target position: (5.14, 0.00, 3.00)
[Drone drone] Target position: (5.14, 0.00, 3.00)
[Drone drone] Target position: (5.14, 0.00, 3.00)
[Drone drone] Target position: (5.14, 0.00, 3.00)
[Drone drone] Target position: (5.14, 0.00, 3.00)
[Drone drone] Target position: (5.14, 0.00, 3.00)
[Drone drone] Target position: (5.14, 0.00, 3.00)
[Drone drone] Target position: (5.14, 0.00, 3.00)
[Drone drone] Target position: (5.14, 0.00, 3.00)
[Drone drone] Target position: (5.14, 0.00, 3.00)
[Drone drone] Target position: (5.14, 0.00, 3.00)
[Drone drone] Target position: (5.14, 0.00, 3.00)
[Drone drone] Target position: (5.14, 0.00, 3.00)
[Drone drone] Target position: (5.14, 0.00, 3.00)
[Drone drone] Target position: (5.14, 0.00, 3.00)
[Drone drone] Target position: (5.14, 0.00, 3.00)
[Drone drone] Target position: (5.14, 0.00, 3.00)
[Drone drone] Target position: (5.14, 0.00, 3.00)
[Drone drone] Target position: (5.14, 0.00, 3.00)
[Drone drone] Target position: (5.14, 0.00, 3.00)
[Drone drone] Target position: (5.14, 0.00, 3.00)
[Drone drone] Target position: (5.14, 0.00, 3.00)
[Drone drone] Target position: (5.14, 0.00, 3.00)
[Drone drone] Target position: (5.14, 0.00, 3.00)
[Drone drone] Target position: (5.14, 0.00, 3.00)
[Drone drone] Target position: (5.14, 0.00, 3.00)
[Drone drone] Target position: (5.14, 0.00, 3.00)
[Drone drone] Target position: (5.14, 0.00, 3.00)
[Drone drone] Target position: (5.14, 0.00, 3.00)
[Drone drone] Target position: (5.14, 0.00, 3.00)
[Drone drone] Target position: (5.14, 0.00, 3.00)
[Drone drone] Target position: (5.14, 0.00, 3.00)
[Drone drone] Target position: (5.14, 0.00, 3.00)
[Drone drone] Target position: (5.14, 0.00, 3.00)
[Drone drone] Target position: (5.14, 0.00, 3.00)
[Drone drone] Target position: (5.14, 0.00, 3.00)
[Drone drone] Target position: (5.14, 0.00, 3.00)
[Drone drone] Target position: (5.14, 0.00, 3.00)
[Drone drone] Target position: (5.14, 0.00, 3.00)
[Drone drone] Target position: (5.14, 0.00, 3.00)
[Drone drone] Target position: (5.14, 0.00, 3.00)
[Drone drone] Target position: (5.14, 0.00, 3.00)
[Drone drone] Target position: (5.14, 0.00, 3.00)
[Drone drone] Target position: (5.14, 0.00, 3.00)
[Drone drone] Target position: (5.14, 0.00, 3.00)
[Drone drone] Target position: (5.14, 0.00, 3.00)
[Drone drone] Target position: (5.14, 0.00, 3.00)
[Drone drone] Target position: (5.14, 0.00, 3.00)
[Drone drone] Target position: (5.14, 0.00, 3.00)
[Drone drone] Target position: (5.14, 0.00, 3.00)
[Drone drone] Target position: (5.14, 0.00, 3.00)
[Drone drone] Target position: (5.14, 0.00, 3.00)
[Drone drone] Target position: (5.14, 0.00, 3.00)
[Drone drone] Target position: (5.14, 0.00, 3.00)
[Drone drone] Target position: (5.14, 0.00, 3.00)
[Drone drone] Target position: (5.14, 0.00, 3.00)
[Drone drone] Target position: (5.14, 0.00, 3.00)
[Drone drone] Target position: (5.14, 0.00, 3.00)
[Drone drone] Target position: (5.14, 0.00, 3.00)
[Drone drone] Target position: (5.14, 0.00, 3.00)
[Drone drone] Target position: (5.14, 0.00, 3.00)
[Drone drone] Target position: (5.14, 0.00, 3.00)
[Drone drone] Target position: (5.14, 0.00, 3.00)
[Drone drone] Target position: (5.14, 0.00, 3.00)
[Drone drone] Target position: (5.14, 0.00, 3.00)
[Drone drone] Target position: (5.14, 0.00, 3.00)
[Drone drone] Target position: (5.14, 0.00, 3.00)
[Drone drone] Target position: (5.14, 0.00, 3.00)
[Drone drone] Target position: (5.14, 0.00, 3.00)
[Drone drone] Target position: (5.14, 0.00, 3.00)
[Drone drone] Target position: (5.14, 0.00, 3.00)
[Drone drone] Target position: (5.14, 0.00, 3.00)
[Drone drone] Target position: (5.14, 0.00, 3.00)
[Drone drone] Target position: (5.14, 0.00, 3.00)
[Drone drone] Target position: (5.14, 0.00, 3.00)
[Drone drone] Target position: (5.14, 0.00, 3.00)
[Drone drone] Target position: (5.14, 0.00, 3.00)
[Drone drone] Target position: (5.14, 0.00, 3.00)
[Drone drone] Target position: (5.14, 0.00, 3.00)
[Drone drone] Target position: (5.14, 0.00, 3.00)
[Drone drone] Target position: (5.14, 0.00, 3.00)
[Drone drone] Target position: (5.14, 0.00, 3.00)
[Drone drone] Target position: (5.14, 0.00, 3.00)
[Drone drone] Target position: (5.14, 0.00, 3.00)
[Drone drone] Target position: (5.14, 0.00, 3.00)
[Drone drone] Target position: (5.14, 0.00, 3.00)
[Drone drone] Target position: (5.14, 0.00, 3.00)
[Drone drone] Target position: (5.14, 0.00, 3.00)
[Drone drone] Target position: (5.14, 0.00, 3.00)
[Drone drone] Target position: (5.14, 0.00, 3.00)
[Drone drone] Target position: (5.14, 0.00, 3.00)
[Drone drone] Target position: (5.14, 0.00, 3.00)
[Drone drone] Target position: (5.14, 0.00, 3.00)
[Drone drone] Target position: (5.14, 0.00, 3.00)
[Drone drone] Target position: (5.14, 0.00, 3.00)
[Drone drone] Target position: (5.14, 0.00, 3.00)
[Drone drone] Target position: (5.14, 0.00, 3.00)
[Drone drone] Target position: (5.14, 0.00, 3.00)
[Drone drone] Target position: (5.14, 0.00, 3.00)
[Drone drone] Target position: (5.14, 0.00, 3.00)
[Drone drone] Target position: (5.14, 0.00, 3.00)
[Drone drone] Target position: (5.14, 0.00, 3.00)
[Drone drone] Target position: (5.14, 0.00, 3.00)
[Drone drone] Target position: (5.14, 0.00, 3.00)
[Drone drone] Target position: (5.14, 0.00, 3.00)
[Drone drone] Target position: (5.14, 0.00, 3.00)
[Drone drone] Target position: (5.14, 0.00, 3.00)
[Drone drone] Target position: (5.14, 0.00, 3.00)
[Drone drone] Target position: (5.14, 0.00, 3.00)
[Drone drone] Target position: (5.14, 0.00, 3.00)
[Drone drone] Target position: (5.14, 0.00, 3.00)
[Drone drone] Target position: (5.14, 0.00, 3.00)
[Drone drone] Target position: (5.14, 0.00, 3.00)
[Drone drone] Target position: (5.14, 0.00, 3.00)
[Drone drone] Target position: (5.14, 0.00, 3.00)
[Drone drone] Target position: (5.14, 0.00, 3.00)
[Drone drone] Target position: (5.14, 0.00, 3.00)
[Drone drone] Target position: (5.14, 0.00, 3.00)
[Drone drone] Target position: (5.14, 0.00, 3.00)
[Drone drone] Target position: (5.14, 0.00, 3.00)
[Drone drone] Target position: (5.14, 0.00, 3.00)
[Drone drone] Target position: (5.14, 0.00, 3.00)
[Drone drone] Target position: (5.14, 0.00, 3.00)
[Drone drone] Target position: (5.14, 0.00, 3.00)
[Drone drone] Target position: (5.14, 0.00, 3.00)
[Drone drone] Target position: (5.14, 0.00, 3.00)
[Drone drone] Target position: (5.14, 0.00, 3.00)
[Drone drone] Target position: (5.14, 0.00, 3.00)
[Drone drone] Target position: (5.14, 0.00, 3.00)
[Drone drone] Target position: (5.14, 0.00, 3.00)
[Drone drone] Target position: (5.14, 0.00, 3.00)
[Drone drone] Target position: (5.14, 0.00, 3.00)
[Drone drone] Target position: (5.14, 0.00, 3.00)
[Drone drone] Target position: (5.14, 0.00, 3.00)
[Drone drone] Target position: (5.14, 0.00, 3.00)
[Drone drone] Target position: (5.14, 0.00, 3.00)
[Drone drone] Target position: (5.14, 0.00, 3.00)
[Drone drone] Target position: (5.14, 0.00, 3.00)
[Drone drone] Target position: (5.14, 0.00, 3.00)
[Drone drone] Target position: (5.14, 0.00, 3.00)
[Drone drone] Target position: (5.14, 0.00, 3.00)
[Drone drone] Target position: (5.14, 0.00, 3.00)
[Drone drone] Target position: (5.14, 0.00, 3.00)
[Drone drone] Target position: (5.14, 0.00, 3.00)
[Drone drone] Target position: (5.14, 0.00, 3.00)
[Drone drone] Target position: (5.14, 0.00, 3.00)
[Drone drone] Target position: (5.14, 0.00, 3.00)
[Drone drone] Target position: (5.14, 0.00, 3.00)
[Drone drone] Target position: (5.14, 0.00, 3.00)
[Drone drone] Target position: (5.14, 0.00, 3.00)
[Drone drone] Target position: (5.14, 0.00, 3.00)
[Drone drone] Target position: (5.14, 0.00, 3.00)
[Drone drone] Target position: (5.14, 0.00, 3.00)
[Drone drone] Target position: (5.14, 0.00, 3.00)
[Drone drone] Target position: (5.14, 0.00, 3.00)
[Drone drone] Target position: (5.14, 0.00, 3.00)
[Drone drone] Target position: (5.14, 0.00, 3.00)
[Drone drone] Target position: (5.14, 0.00, 3.00)
[Drone drone] Target position: (5.14, 0.00, 3.00)
[Drone drone] Target position: (5.14, 0.00, 3.00)
[Drone drone] Target position: (5.14, 0.00, 3.00)
[Drone drone] Target position: (5.14, 0.00, 3.00)
[Drone drone] Target position: (5.14, 0.00, 3.00)
[Drone drone] Target position: (5.14, 0.00, 3.00)
[Drone drone] Target position: (5.14, 0.00, 3.00)
[Drone drone] Target position: (5.14, 0.00, 3.00)
[Drone drone] Target position: (5.14, 0.00, 3.00)
[Drone drone] Target position: (5.14, 0.00, 3.00)
[Drone drone] Target position: (5.14, 0.00, 3.00)
[Drone drone] Target position: (5.14, 0.00, 3.00)
[Drone drone] Target position: (5.14, 0.00, 3.00)
[Drone drone] Target position: (5.14, 0.00, 3.00)
[Drone drone] Target position: (5.14, 0.00, 3.00)
[Drone drone] Target position: (5.14, 0.00, 3.00)
[Drone drone] Target position: (5.14, 0.00, 3.00)
[Drone drone] Target position: (5.14, 0.00, 3.00)
[Drone drone] Target position: (5.14, 0.00, 3.00)
[Drone drone] Target position: (5.14, 0.00, 3.00)
[Drone drone] Target position: (5.14, 0.00, 3.00)
[Drone drone] Target position: (5.14, 0.00, 3.00)
[Drone drone] Target position: (5.14, 0.00, 3.00)
[Drone drone] Target position: (5.14, 0.00, 3.00)
[Drone drone] Target position: (5.14, 0.00, 3.00)
[Drone drone] Target position: (5.14, 0.00, 3.00)
[Drone drone] Target position: (5.14, 0.00, 3.00)
[Drone drone] Target position: (5.14, 0.00, 3.00)
[Drone drone] Target position: (5.14, 0.00, 3.00)
[Drone drone] Target position: (5.14, 0.00, 3.00)
[Drone drone] Target position: (5.14, 0.00, 3.00)
[Drone drone] Target position: (5.14, 0.00, 3.00)
[Drone drone] Target position: (5.14, 0.00, 3.00)
[Drone drone] Target position: (5.14, 0.00, 3.00)
[Drone drone] Target position: (5.14, 0.00, 3.00)
[Drone drone] Target position: (5.14, 0.00, 3.00)
[Drone drone] Target position: (5.14, 0.00, 3.00)
[Drone drone] Target position: (5.14, 0.00, 3.00)
[Drone drone] Target position: (5.14, 0.00, 3.00)
[Drone drone] Target position: (5.14, 0.00, 3.00)
[Drone drone] Target position: (5.14, 0.00, 3.00)
[Drone drone] Target position: (5.14, 0.00, 3.00)
[Drone drone] Target position: (5.14, 0.00, 3.00)
[Drone drone] Target position: (5.14, 0.00, 3.00)
[Drone drone] Target position: (5.14, 0.00, 3.00)
[Drone drone] Target position: (5.14, 0.00, 3.00)
[Drone drone] Target position: (5.14, 0.00, 3.00)
[Drone drone] Target position: (5.14, 0.00, 3.00)
[Drone drone] Target position: (5.14, 0.00, 3.00)
[Drone drone] Target position: (5.14, 0.00, 3.00)
[Drone drone] Target position: (5.14, 0.00, 3.00)
[Drone drone] Target position: (5.14, 0.00, 3.00)
[Drone drone] Target position: (5.14, 0.00, 3.00)
[Drone drone] Target position: (5.14, 0.00, 3.00)
[Drone drone] Target position: (5.14, 0.00, 3.00)
[Drone drone] Target position: (5.14, 0.00, 3.00)
[Drone drone] Target position: (5.14, 0.00, 3.00)
[Drone drone] Target position: (5.14, 0.00, 3.00)
[Drone drone] Target position: (5.14, 0.00, 3.00)
[Drone drone] Target position: (5.14, 0.00, 3.00)
[Drone drone] Target position: (5.14, 0.00, 3.00)
[Drone drone] Target position: (5.14, 0.00, 3.00)
[Drone drone] Target position: (5.14, 0.00, 3.00)
[Drone drone] Target position: (5.14, 0.00, 3.00)
[Drone drone] Target position: (5.14, 0.00, 3.00)
[Drone drone] Target position: (5.14, 0.00, 3.00)
[Drone drone] Target position: (5.14, 0.00, 3.00)
[Drone drone] Target position: (5.14, 0.00, 3.00)
[Drone drone] Target position: (5.14, 0.00, 3.00)
[Drone drone] Target position: (5.14, 0.00, 3.00)
[Drone drone] Target position: (5.14, 0.00, 3.00)
[Drone drone] Target position: (5.14, 0.00, 3.00)
[Drone drone] Target position: (5.14, 0.00, 3.00)
[Drone drone] Target position: (5.14, 0.00, 3.00)
[Drone drone] Target position: (5.14, 0.00, 3.00)
[Drone drone] Target position: (5.14, 0.00, 3.00)
[Drone drone] Target position: (5.14, 0.00, 3.00)
[Drone drone] Target position: (5.14, 0.00, 3.00)
[Drone drone] Target position: (5.14, 0.00, 3.00)
[Drone drone] Target position: (5.14, 0.00, 3.00)
[Drone drone] Target position: (5.14, 0.00, 3.00)
[Drone drone] Target position: (5.14, 0.00, 3.00)
[Drone drone] Target position: (5.14, 0.00, 3.00)
[Drone drone] Target position: (5.14, 0.00, 3.00)
[Drone drone] Target position: (5.14, 0.00, 3.00)
[Drone drone] Target position: (5.14, 0.00, 3.00)
[Drone drone] Target position: (5.14, 0.00, 3.00)
[Drone drone] Target position: (5.14, 0.00, 3.00)
[Drone drone] Target position: (5.14, 0.00, 3.00)
[Drone drone] Target position: (5.14, 0.00, 3.00)
[Drone drone] Target position: (5.14, 0.00, 3.00)
[Drone drone] Target position: (5.14, 0.00, 3.00)
[Drone drone] Target position: (5.14, 0.00, 3.00)
[Drone drone] Target position: (5.14, 0.00, 3.00)
[Drone drone] Target position: (5.14, 0.00, 3.00)
[Drone drone] Target position: (5.14, 0.00, 3.00)
[Drone drone] Target position: (5.14, 0.00, 3.00)
[Drone drone] Target position: (5.14, 0.00, 3.00)
[Drone drone] Target position: (5.14, 0.00, 3.00)
[Drone drone] Target position: (5.14, 0.00, 3.00)
[Drone drone] Target position: (5.14, 0.00, 3.00)
[Drone drone] Target position: (5.14, 0.00, 3.00)
[Drone drone] Target position: (5.14, 0.00, 3.00)
[Drone drone] Target position: (5.14, 0.00, 3.00)
[Drone drone] Target position: (5.14, 0.00, 3.00)
[Drone drone] Target position: (5.14, 0.00, 3.00)
[Drone drone] Target position: (5.14, 0.00, 3.00)
[Drone drone] Target position: (5.14, 0.00, 3.00)
[Drone drone] Target position: (5.14, 0.00, 3.00)
[Drone drone] Target position: (5.14, 0.00, 3.00)
[Drone drone] Target position: (5.14, 0.00, 3.00)
[Drone drone] Target position: (5.14, 0.00, 3.00)
[Drone drone] Target position: (5.14, 0.00, 3.00)
[Drone drone] Target position: (5.14, 0.00, 3.00)
[Drone drone] Target position: (5.14, 0.00, 3.00)
[Drone drone] Target position: (5.14, 0.00, 3.00)
[Drone drone] Target position: (5.14, 0.00, 3.00)
[Drone drone] Target position: (5.14, 0.00, 3.00)
[Drone drone] Target position: (5.14, 0.00, 3.00)
[Drone drone] Target position: (5.14, 0.00, 3.00)
[Drone drone] Target position: (5.14, 0.00, 3.00)
[Drone drone] Target position: (5.14, 0.00, 3.00)
[Drone drone] Target position: (5.14, 0.00, 3.00)
[Drone drone] Target position: (5.14, 0.00, 3.00)
[Drone drone] Target position: (5.14, 0.00, 3.00)
[Drone drone] Target position: (5.14, 0.00, 3.00)
[Drone drone] Target position: (5.14, 0.00, 3.00)
[Drone drone] Target position: (5.14, 0.00, 3.00)
[Drone drone] Target position: (5.14, 0.00, 3.00)
[Drone drone] Target position: (5.14, 0.00, 3.00)
[Drone drone] Target position: (5.14, 0.00, 3.00)
[Drone drone] Target position: (5.14, 0.00, 3.00)
[Drone drone] Target position: (5.14, 0.00, 3.00)
[Drone drone] Target position: (5.14, 0.00, 3.00)
[Drone drone] Target position: (5.14, 0.00, 3.00)
[Drone drone] Target position: (5.14, 0.00, 3.00)
[Drone drone] Target position: (5.14, 0.00, 3.00)
[Drone drone] Target position: (5.14, 0.00, 3.00)
[Drone drone] Target position: (5.14, 0.00, 3.00)
[Drone drone] Target position: (5.14, 0.00, 3.00)
[Drone drone] Target position: (5.14, 0.00, 3.00)
[Drone drone] Target position: (5.14, 0.00, 3.00)
[Drone drone] Target position: (5.14, 0.00, 3.00)
[Drone drone] Target position: (5.14, 0.00, 3.00)
[Drone drone] Target position: (5.14, 0.00, 3.00)
[Drone drone] Target position: (5.14, 0.00, 3.00)
[Drone drone] Target position: (5.14, 0.00, 3.00)
[Drone drone] Target position: (5.14, 0.00, 3.00)
[Drone drone] Target position: (5.14, 0.00, 3.00)
[Drone drone] Target position: (5.14, 0.00, 3.00)
[Drone drone] Target position: (5.14, 0.00, 3.00)
[Drone drone] Target position: (5.14, 0.00, 3.00)
[Drone drone] Target position: (5.14, 0.00, 3.00)
[Drone drone] Target position: (5.14, 0.00, 3.00)
[Drone drone] Target position: (5.14, 0.00, 3.00)
[Drone drone] Target position: (5.14, 0.00, 3.00)
[Drone drone] Target position: (5.14, 0.00, 3.00)
[Drone drone] Target position: (5.14, 0.00, 3.00)
[Drone drone] Target position: (5.14, 0.00, 3.00)
[Drone drone] Target position: (5.14, 0.00, 3.00)
[Drone drone] Target position: (5.14, 0.00, 3.00)
[Drone drone] Target position: (5.14, 0.00, 3.00)
[Drone drone] Target position: (5.14, 0.00, 3.00)
[Drone drone] Target position: (5.14, 0.00, 3.00)
[Drone drone] Target position: (5.14, 0.00, 3.00)
[Drone drone] Target position: (5.14, 0.00, 3.00)
[Drone drone] Target position: (5.14, 0.00, 3.00)
[Drone drone] Target position: (5.14, 0.00, 3.00)
[Drone drone] Target position: (5.14, 0.00, 3.00)
[Drone drone] Target position: (5.14, 0.00, 3.00)
[Drone drone] Target position: (5.14, 0.00, 3.00)
[Drone drone] Target position: (5.14, 0.00, 3.00)
[Drone drone] Target position: (5.14, 0.00, 3.00)
[Drone drone] Target position: (5.14, 0.00, 3.00)
[Drone drone] Target position: (5.14, 0.00, 3.00)
[Drone drone] Target position: (5.14, 0.00, 3.00)
[Drone drone] Target position: (5.14, 0.00, 3.00)
[Drone drone] Target position: (5.14, 0.00, 3.00)
[Drone drone] Target position: (5.14, 0.00, 3.00)
[Drone drone] Target position: (5.14, 0.00, 3.00)
[Drone drone] Target position: (5.14, 0.00, 3.00)
[Drone drone] Target position: (5.14, 0.00, 3.00)
[Drone drone] Target position: (5.14, 0.00, 3.00)
[Drone drone] Target position: (5.14, 0.00, 3.00)
[Drone drone] Target position: (5.14, 0.00, 3.00)
[Drone drone] Target position: (5.14, 0.00, 3.00)
[Drone drone] Target position: (5.14, 0.00, 3.00)
[Drone drone] Target position: (5.14, 0.00, 3.00)
[Drone drone] Target position: (5.14, 0.00, 3.00)
[Drone drone] Target position: (5.14, 0.00, 3.00)
[Drone drone] Target position: (5.14, 0.00, 3.00)
[Drone drone] Target position: (5.14, 0.00, 3.00)
[Drone drone] Target position: (5.14, 0.00, 3.00)
[Drone drone] Target position: (5.14, 0.00, 3.00)
[Drone drone] Target position: (5.14, 0.00, 3.00)
[Drone drone] Target position: (5.14, 0.00, 3.00)
[Drone drone] Target position: (5.14, 0.00, 3.00)
[Drone drone] Target position: (5.14, 0.00, 3.00)
[Drone drone] Target position: (5.14, 0.00, 3.00)
[Drone drone] Target position: (5.14, 0.00, 3.00)
[Drone drone] Target position: (5.14, 0.00, 3.00)
[Drone drone] Target position: (5.14, 0.00, 3.00)
[Drone drone] Target position: (5.14, 0.00, 3.00)
[Drone drone] Target position: (5.14, 0.00, 3.00)
[Drone drone] Target position: (5.14, 0.00, 3.00)
[Drone drone] Target position: (5.14, 0.00, 3.00)
[Drone drone] Target position: (5.14, 0.00, 3.00)
[Drone drone] Target position: (5.14, 0.00, 3.00)
[Drone drone] Target position: (5.14, 0.00, 3.00)
[Drone drone] Target position: (5.14, 0.00, 3.00)
[Drone drone] Target position: (5.14, 0.00, 3.00)
[Drone drone] Target position: (5.14, 0.00, 3.00)
[Drone drone] Target position: (5.14, 0.00, 3.00)
[Drone drone] Target position: (5.14, 0.00, 3.00)
[Drone drone] Target position: (5.14, 0.00, 3.00)
[Drone drone] Target position: (5.14, 0.00, 3.00)
[Drone drone] Target position: (5.14, 0.00, 3.00)
[Drone drone] Target position: (5.14, 0.00, 3.00)
[Drone drone] Target position: (5.14, 0.00, 3.00)
[Drone drone] Target position: (5.14, 0.00, 3.00)
[Drone drone] Target position: (5.14, 0.00, 3.00)
[Drone drone] Target position: (5.14, 0.00, 3.00)
[Drone drone] Target position: (5.14, 0.00, 3.00)
[Drone drone] Target position: (5.14, 0.00, 3.00)
[Drone drone] Target position: (5.14, 0.00, 3.00)
[Drone drone] Target position: (5.14, 0.00, 3.00)
[Drone drone] Target position: (5.14, 0.00, 3.00)
[Drone drone] Target position: (5.14, 0.00, 3.00)
[Drone drone] Target position: (5.14, 0.00, 3.00)
[Drone drone] Target position: (5.14, 0.00, 3.00)
[Drone drone] Target position: (5.14, 0.00, 3.00)
[Drone drone] Target position: (5.14, 0.00, 3.00)
[Drone drone] Target position: (5.14, 0.00, 3.00)
[Drone drone] Target position: (5.14, 0.00, 3.00)
[Drone drone] Target position: (5.14, 0.00, 3.00)
[Drone drone] Target position: (5.14, 0.00, 3.00)
[Drone drone] Target position: (5.14, 0.00, 3.00)
[Drone drone] Target position: (5.14, 0.00, 3.00)
[Drone drone] Target position: (5.14, 0.00, 3.00)
[Drone drone] Target position: (5.14, 0.00, 3.00)
[Drone drone] Target position: (5.14, 0.00, 3.00)
[Drone drone] Target position: (5.14, 0.00, 3.00)
[Drone drone] Target position: (5.14, 0.00, 3.00)
[Drone drone] Target position: (5.14, 0.00, 3.00)
[Drone drone] Target position: (5.14, 0.00, 3.00)
[Drone drone] Target position: (5.14, 0.00, 3.00)
[Drone drone] Target position: (5.14, 0.00, 3.00)
[Drone drone] Target position: (5.14, 0.00, 3.00)
[Drone drone] Target position: (5.14, 0.00, 3.00)
[Drone drone] Target position: (5.14, 0.00, 3.00)
[Drone drone] Target position: (5.14, 0.00, 3.00)
[Drone drone] Target position: (5.14, 0.00, 3.00)
[Drone drone] Target position: (5.14, 0.00, 3.00)
[Drone drone] Target position: (5.14, 0.00, 3.00)
[Drone drone] Target position: (5.14, 0.00, 3.00)
[Drone drone] Target position: (5.14, 0.00, 3.00)
[Drone drone] Target position: (5.14, 0.00, 3.00)
[Drone drone] Target position: (5.14, 0.00, 3.00)
[Drone drone] Target position: (5.14, 0.00, 3.00)
[Drone drone] Target position: (5.14, 0.00, 3.00)
[Drone drone] Target position: (5.14, 0.00, 3.00)
[Drone drone] Target position: (5.14, 0.00, 3.00)
[Drone drone] Target position: (5.14, 0.00, 3.00)
[Drone drone] Target position: (5.14, 0.00, 3.00)
[Drone drone] Target position: (5.14, 0.00, 3.00)
[Drone drone] Target position: (5.14, 0.00, 3.00)
[Drone drone] Target position: (5.14, 0.00, 3.00)
[Drone drone] Target position: (5.14, 0.00, 3.00)
[Drone drone] Target position: (5.14, 0.00, 3.00)
[Drone drone] Target position: (5.14, 0.00, 3.00)
[Drone drone] Target position: (5.14, 0.00, 3.00)
[Drone drone] Target position: (5.14, 0.00, 3.00)
[Drone drone] Target position: (5.14, 0.00, 3.00)
[Drone drone] Target position: (5.14, 0.00, 3.00)
[Drone drone] Target position: (5.14, 0.00, 3.00)
[Drone drone] Target position: (5.14, 0.00, 3.00)
[Drone drone] Target position: (5.14, 0.00, 3.00)
[Drone drone] Target position: (5.14, 0.00, 3.00)
[Drone drone] Target position: (5.14, 0.00, 3.00)
[Drone drone] Target position: (5.14, 0.00, 3.00)
[Drone drone] Target position: (5.14, 0.00, 3.00)
[Drone drone] Target position: (5.14, 0.00, 3.00)
[Drone drone] Target position: (5.14, 0.00, 3.00)
[Drone drone] Target position: (5.14, 0.00, 3.00)
[Drone drone] Target position: (5.14, 0.00, 3.00)
[Drone drone] Target position: (5.14, 0.00, 3.00)
[Drone drone] Target position: (5.14, 0.00, 3.00)
[Drone drone] Target position: (5.14, 0.00, 3.00)
[Drone drone] Target position: (5.14, 0.00, 3.00)
[Drone drone] Target position: (5.14, 0.00, 3.00)
[Drone drone] Target position: (5.14, 0.00, 3.00)
[Drone drone] Target position: (5.14, 0.00, 3.00)
[Drone drone] Target position: (5.14, 0.00, 3.00)
[Drone drone] Target position: (5.14, 0.00, 3.00)
[Drone drone] Target position: (5.14, 0.00, 3.00)
[Drone drone] Target position: (5.14, 0.00, 3.00)
[Drone drone] Target position: (5.14, 0.00, 3.00)
[Drone drone] Target position: (5.14, 0.00, 3.00)
[Drone drone] Target position: (5.14, 0.00, 3.00)
[Drone drone] Target position: (5.14, 0.00, 3.00)
[Drone drone] Target position: (5.14, 0.00, 3.00)
[Drone drone] Target position: (5.14, 0.00, 3.00)
[Drone drone] Target position: (5.14, 0.00, 3.00)
[Drone drone] Target position: (5.14, 0.00, 3.00)
[Drone drone] Target position: (5.14, 0.00, 3.00)
[Drone drone] Target position: (5.14, 0.00, 3.00)
[Drone drone] Target position: (5.14, 0.00, 3.00)
[Drone drone] Target position: (5.14, 0.00, 3.00)
[Drone drone] Target position: (5.14, 0.00, 3.00)
[Drone drone] Target position: (5.14, 0.00, 3.00)
[Drone drone] Target position: (5.14, 0.00, 3.00)
[Drone drone] Target position: (5.14, 0.00, 3.00)
[Drone drone] Target position: (5.14, 0.00, 3.00)
[Drone drone] Target position: (5.14, 0.00, 3.00)
[Drone drone] Target position: (5.14, 0.00, 3.00)
[Drone drone] Target position: (5.14, 0.00, 3.00)
[Drone drone] Target position: (5.14, 0.00, 3.00)
[Drone drone] Target position: (5.14, 0.00, 3.00)
[Drone drone] Target position: (5.14, 0.00, 3.00)
[Drone drone] Target position: (5.14, 0.00, 3.00)
[Drone drone] Target position: (5.14, 0.00, 3.00)
[Drone drone] Target position: (5.14, 0.00, 3.00)
[Drone drone] Target position: (5.14, 0.00, 3.00)
[Drone drone] Target position: (5.14, 0.00, 3.00)
[Drone drone] Target position: (5.14, 0.00, 3.00)
[Drone drone] Target position: (5.14, 0.00, 3.00)
[Drone drone] Target position: (5.14, 0.00, 3.00)
[Drone drone] Target position: (5.14, 0.00, 3.00)
[Drone drone] Target position: (5.14, 0.00, 3.00)
[Drone drone] Target position: (5.14, 0.00, 3.00)
[Drone drone] Target position: (5.14, 0.00, 3.00)
[Drone drone] Target position: (5.14, 0.00, 3.00)
[Drone drone] Target position: (5.14, 0.00, 3.00)
[Drone drone] Target position: (5.14, 0.00, 3.00)
[Drone drone] Target position: (5.14, 0.00, 3.00)
[Drone drone] Target position: (5.14, 0.00, 3.00)
[Drone drone] Target position: (5.14, 0.00, 3.00)
[Drone drone] Target position: (5.14, 0.00, 3.00)
[Drone drone] Target position: (5.14, 0.00, 3.00)
[Drone drone] Target position: (5.14, 0.00, 3.00)
[Drone drone] Target position: (5.14, 0.00, 3.00)
[Drone drone] Target position: (5.14, 0.00, 3.00)
[Drone drone] Target position: (5.14, 0.00, 3.00)
[Drone drone] Target position: (5.14, 0.00, 3.00)
[Drone drone] Target position: (5.14, 0.00, 3.00)
[Drone drone] Target position: (5.14, 0.00, 3.00)
[Drone drone] Target position: (5.14, 0.00, 3.00)
[Drone drone] Target position: (5.14, 0.00, 3.00)
[Drone drone] Target position: (5.14, 0.00, 3.00)
[Drone drone] Target position: (5.14, 0.00, 3.00)
[Drone drone] Target position: (5.14, 0.00, 3.00)
[Drone drone] Target position: (5.14, 0.00, 3.00)
[Drone drone] Target position: (5.14, 0.00, 3.00)
[Drone drone] Target position: (5.14, 0.00, 3.00)
[Drone drone] Target position: (5.14, 0.00, 3.00)
[Drone drone] Target position: (5.14, 0.00, 3.00)
[Drone drone] Target position: (5.14, 0.00, 3.00)
[Drone drone] Target position: (5.14, 0.00, 3.00)
[Drone drone] Target position: (5.14, 0.00, 3.00)
[Drone drone] Target position: (5.14, 0.00, 3.00)
[Drone drone] Target position: (5.14, 0.00, 3.00)
[Drone drone] Target position: (5.14, 0.00, 3.00)
[Drone drone] Target position: (5.14, 0.00, 3.00)
[Drone drone] Target position: (5.14, 0.00, 3.00)
[Drone drone] Target position: (5.14, 0.00, 3.00)
[Drone drone] Target position: (5.14, 0.00, 3.00)
[Drone drone] Target position: (5.14, 0.00, 3.00)
[Drone drone] Target position: (5.14, 0.00, 3.00)
[Drone drone] Target position: (5.14, 0.00, 3.00)
[Drone drone] Target position: (5.14, 0.00, 3.00)
[Drone drone] Target position: (5.14, 0.00, 3.00)
[Drone drone] Target position: (5.14, 0.00, 3.00)
[Drone drone] Target position: (5.14, 0.00, 3.00)
[Drone drone] Target position: (5.14, 0.00, 3.00)
[Drone drone] Target position: (5.14, 0.00, 3.00)
[Drone drone] Target position: (5.14, 0.00, 3.00)
[Drone drone] Target position: (5.14, 0.00, 3.00)
[Drone drone] Target position: (5.14, 0.00, 3.00)
[Drone drone] Target position: (5.14, 0.00, 3.00)
[Drone drone] Target position: (5.14, 0.00, 3.00)
[Drone drone] Target position: (5.14, 0.00, 3.00)
[Drone drone] Target position: (5.14, 0.00, 3.00)
[Drone drone] Target position: (5.14, 0.00, 3.00)
[Drone drone] Target position: (5.14, 0.00, 3.00)
[Drone drone] Target position: (5.14, 0.00, 3.00)
[Drone drone] Target position: (5.14, 0.00, 3.00)
[Drone drone] Target position: (5.14, 0.00, 3.00)
[Drone drone] Target position: (5.14, 0.00, 3.00)
[Drone drone] Target position: (5.14, 0.00, 3.00)
[Drone drone] Target position: (5.14, 0.00, 3.00)
[Drone drone] Target position: (5.14, 0.00, 3.00)
[Drone drone] Target position: (5.14, 0.00, 3.00)
[Drone drone] Target position: (5.14, 0.00, 3.00)
[Drone drone] Target position: (5.14, 0.00, 3.00)
[Drone drone] Target position: (5.14, 0.00, 3.00)
[Drone drone] Target position: (5.14, 0.00, 3.00)
[Drone drone] Target position: (5.14, 0.00, 3.00)
[Drone drone] Target position: (5.14, 0.00, 3.00)
[Drone drone] Target position: (5.14, 0.00, 3.00)
[Drone drone] Target position: (5.14, 0.00, 3.00)
[Drone drone] Target position: (5.14, 0.00, 3.00)
[Drone drone] Target position: (5.14, 0.00, 3.00)
[Drone drone] Target position: (5.14, 0.00, 3.00)
[Drone drone] Target position: (5.14, 0.00, 3.00)
[Drone drone] Target position: (5.14, 0.00, 3.00)
[Drone drone] Target position: (5.14, 0.00, 3.00)
[Drone drone] Target position: (5.14, 0.00, 3.00)
[Drone drone] Target position: (5.14, 0.00, 3.00)
[Drone drone] Target position: (5.14, 0.00, 3.00)
[Drone drone] Target position: (5.14, 0.00, 3.00)
[Drone drone] Target position: (5.14, 0.00, 3.00)
[Drone drone] Target position: (5.14, 0.00, 3.00)
[Drone drone] Target position: (5.14, 0.00, 3.00)
[Drone drone] Target position: (5.14, 0.00, 3.00)
[Drone drone] Target position: (5.14, 0.00, 3.00)
[Drone drone] Target position: (5.14, 0.00, 3.00)
[Drone drone] Target position: (5.14, 0.00, 3.00)
[Drone drone] Target position: (5.14, 0.00, 3.00)
[Drone drone] Target position: (5.14, 0.00, 3.00)
[Drone drone] Target position: (5.14, 0.00, 3.00)
[Drone drone] Target position: (5.14, 0.00, 3.00)
[Drone drone] Target position: (5.14, 0.00, 3.00)
[Drone drone] Target position: (5.14, 0.00, 3.00)
[Drone drone] Target position: (5.14, 0.00, 3.00)
[Drone drone] Target position: (5.14, 0.00, 3.00)
[Drone drone] Target position: (5.14, 0.00, 3.00)
[Drone drone] Target position: (5.14, 0.00, 3.00)
[Drone drone] Target position: (5.14, 0.00, 3.00)
[Drone drone] Target position: (5.14, 0.00, 3.00)
[Drone drone] Target position: (5.14, 0.00, 3.00)
[Drone drone] Target position: (5.14, 0.00, 3.00)
[Drone drone] Target position: (5.14, 0.00, 3.00)
[Drone drone] Target position: (5.14, 0.00, 3.00)
[Drone drone] Target position: (5.14, 0.00, 3.00)
[Drone drone] Target position: (5.14, 0.00, 3.00)
[Drone drone] Target position: (5.14, 0.00, 3.00)
[Drone drone] Target position: (5.14, 0.00, 3.00)
[Drone drone] Target position: (5.14, 0.00, 3.00)
[Drone drone] Target position: (5.14, 0.00, 3.00)
[Drone drone] Target position: (5.14, 0.00, 3.00)
[Drone drone] Target position: (5.14, 0.00, 3.00)
[Drone drone] Target position: (5.14, 0.00, 3.00)
[Drone drone] Target position: (5.14, 0.00, 3.00)
[Drone drone] Target position: (5.14, 0.00, 3.00)
[Drone drone] Target position: (5.14, 0.00, 3.00)
[Drone drone] Target position: (5.14, 0.00, 3.00)
[Drone drone] Target position: (5.14, 0.00, 3.00)
[Drone drone] Target position: (5.14, 0.00, 3.00)
[Drone drone] Target position: (5.14, 0.00, 3.00)
[Drone drone] Target position: (5.14, 0.00, 3.00)
[Drone drone] Target position: (5.14, 0.00, 3.00)
[Drone drone] Target position: (5.14, 0.00, 3.00)
[Drone drone] Target position: (5.14, 0.00, 3.00)
[Drone drone] Target position: (5.14, 0.00, 3.00)
[Drone drone] Target position: (5.14, 0.00, 3.00)
[Drone drone] Target position: (5.14, 0.00, 3.00)
[Drone drone] Target position: (5.14, 0.00, 3.00)
[Drone drone] Target position: (5.14, 0.00, 3.00)
[Drone drone] Target position: (5.14, 0.00, 3.00)
[Drone drone] Target position: (5.14, 0.00, 3.00)
[Drone drone] Target position: (5.14, 0.00, 3.00)
[Drone drone] Target position: (5.14, 0.00, 3.00)
[Drone drone] Target position: (5.14, 0.00, 3.00)
[Drone drone] Target position: (5.14, 0.00, 3.00)
[Drone drone] Target position: (5.14, 0.00, 3.00)
[Drone drone] Target position: (5.14, 0.00, 3.00)
[Drone drone] Target position: (5.14, 0.00, 3.00)
[Drone drone] Target position: (5.14, 0.00, 3.00)
[Drone drone] Target position: (5.14, 0.00, 3.00)
[Drone drone] Target position: (5.14, 0.00, 3.00)
[Drone drone] Target position: (5.14, 0.00, 3.00)
[Drone drone] Target position: (5.14, 0.00, 3.00)
[Drone drone] Target position: (5.14, 0.00, 3.00)
[Drone drone] Target position: (5.14, 0.00, 3.00)
[Drone drone] Target position: (5.14, 0.00, 3.00)
[Drone drone] Target position: (5.14, 0.00, 3.00)
[Drone drone] Target position: (5.14, 0.00, 3.00)
[Drone drone] Target position: (5.14, 0.00, 3.00)
[Drone drone] Target position: (5.14, 0.00, 3.00)
[Drone drone] Target position: (5.14, 0.00, 3.00)
[Drone drone] Target position: (5.14, 0.00, 3.00)
[Drone drone] Target position: (5.14, 0.00, 3.00)
[Drone drone] Target position: (5.14, 0.00, 3.00)
[Drone drone] Target position: (5.14, 0.00, 3.00)
[Drone drone] Target position: (5.14, 0.00, 3.00)
[Drone drone] Target position: (5.14, 0.00, 3.00)
[Drone drone] Target position: (5.14, 0.00, 3.00)
[Drone drone] Target position: (5.14, 0.00, 3.00)
[Drone drone] Target position: (5.14, 0.00, 3.00)
[Drone drone] Target position: (5.14, 0.00, 3.00)
[Drone drone] Target position: (5.14, 0.00, 3.00)
[Drone drone] Target position: (5.14, 0.00, 3.00)
[Drone drone] Target position: (5.14, 0.00, 3.00)
[Drone drone] Target position: (5.14, 0.00, 3.00)
[Drone drone] Target position: (5.14, 0.00, 3.00)
[Drone drone] Target position: (5.14, 0.00, 3.00)
[Drone drone] Target position: (5.14, 0.00, 3.00)
[Drone drone] Target position: (5.14, 0.00, 3.00)
[Drone drone] Target position: (5.14, 0.00, 3.00)
[Drone drone] Target position: (5.14, 0.00, 3.00)
[Drone drone] Target position: (5.14, 0.00, 3.00)
[Drone drone] Target position: (5.14, 0.00, 3.00)
[Drone drone] Target position: (5.14, 0.00, 3.00)
[Drone drone] Target position: (5.14, 0.00, 3.00)
[Drone drone] Target position: (5.14, 0.00, 3.00)
[Drone drone] Target position: (5.14, 0.00, 3.00)
[Drone drone] Target position: (5.14, 0.00, 3.00)
[Drone drone] Target position: (5.14, 0.00, 3.00)
[Drone drone] Target position: (5.14, 0.00, 3.00)
[Drone drone] Target position: (5.14, 0.00, 3.00)
[Drone drone] Target position: (5.14, 0.00, 3.00)
[Drone drone] Target position: (5.14, 0.00, 3.00)
[Drone drone] Target position: (5.14, 0.00, 3.00)
[Drone drone] Target position: (5.14, 0.00, 3.00)
[Drone drone] Target position: (5.14, 0.00, 3.00)
[Drone drone] Target position: (5.14, 0.00, 3.00)
[Drone drone] Target position: (5.14, 0.00, 3.00)
[Drone drone] Target position: (5.14, 0.00, 3.00)
[Drone drone] Target position: (5.14, 0.00, 3.00)
[Drone drone] Target position: (5.14, 0.00, 3.00)
[Drone drone] Target position: (5.14, 0.00, 3.00)
[Drone drone] Target position: (5.14, 0.00, 3.00)
[Drone drone] Target position: (5.14, 0.00, 3.00)
[Drone drone] Target position: (5.14, 0.00, 3.00)
[Drone drone] Target position: (5.14, 0.00, 3.00)
[Drone drone] Target position: (5.14, 0.00, 3.00)
[Drone drone] Target position: (5.14, 0.00, 3.00)
[Drone drone] Target position: (5.14, 0.00, 3.00)
[Drone drone] Target position: (5.14, 0.00, 3.00)
[Drone drone] Target position: (5.14, 0.00, 3.00)
[Drone drone] Target position: (5.14, 0.00, 3.00)
[Drone drone] Target position: (5.14, 0.00, 3.00)
[Drone drone] Target position: (5.14, 0.00, 3.00)
[Drone drone] Target position: (5.14, 0.00, 3.00)
[Drone drone] Target position: (5.14, 0.00, 3.00)
[Drone drone] Target position: (5.14, 0.00, 3.00)
[Drone drone] Target position: (5.14, 0.00, 3.00)
[Drone drone] Target position: (5.14, 0.00, 3.00)
[Drone drone] Target position: (5.14, 0.00, 3.00)
[Drone drone] Target position: (5.14, 0.00, 3.00)
[Drone drone] Target position: (5.14, 0.00, 3.00)
[Drone drone] Target position: (5.14, 0.00, 3.00)
[Drone drone] Target position: (5.14, 0.00, 3.00)
[Drone drone] Target position: (5.14, 0.00, 3.00)
[Drone drone] Target position: (5.14, 0.00, 3.00)
[Drone drone] Target position: (5.14, 0.00, 3.00)
[Drone drone] Target position: (5.14, 0.00, 3.00)
[Drone drone] Target position: (5.14, 0.00, 3.00)
[Drone drone] Target position: (5.14, 0.00, 3.00)
[Drone drone] Target position: (5.14, 0.00, 3.00)
[Drone drone] Target position: (5.14, 0.00, 3.00)
[Drone drone] Target position: (5.14, 0.00, 3.00)
[Drone drone] Target position: (5.14, 0.00, 3.00)
[Drone drone] Target position: (5.14, 0.00, 3.00)
[Drone drone] Target position: (5.14, 0.00, 3.00)
[Drone drone] Target position: (5.14, 0.00, 3.00)
[Drone drone] Target position: (5.14, 0.00, 3.00)
[Drone drone] Target position: (5.14, 0.00, 3.00)
[Drone drone] Target position: (5.14, 0.00, 3.00)
[Drone drone] Target position: (5.14, 0.00, 3.00)
[Drone drone] Target position: (5.14, 0.00, 3.00)
[Drone drone] Target position: (5.14, 0.00, 3.00)
[Drone drone] Target position: (5.14, 0.00, 3.00)
[Drone drone] Target position: (5.14, 0.00, 3.00)
[Drone drone] Target position: (5.14, 0.00, 3.00)
[Drone drone] Target position: (5.14, 0.00, 3.00)
[Drone drone] Target position: (5.14, 0.00, 3.00)
[Drone drone] Target position: (5.14, 0.00, 3.00)
[Drone drone] Target position: (5.14, 0.00, 3.00)
[Drone drone] Target position: (5.14, 0.00, 3.00)
[Drone drone] Target position: (5.14, 0.00, 3.00)
[Drone drone] Target position: (5.14, 0.00, 3.00)
[Drone drone] Target position: (5.14, 0.00, 3.00)
[Drone drone] Target position: (5.14, 0.00, 3.00)
[Drone drone] Target position: (5.14, 0.00, 3.00)
[Drone drone] Target position: (5.14, 0.00, 3.00)
[Drone drone] Target position: (5.14, 0.00, 3.00)
[Drone drone] Target position: (5.14, 0.00, 3.00)
[Drone drone] Target position: (5.14, 0.00, 3.00)
[Drone drone] Target position: (5.14, 0.00, 3.00)
[Drone drone] Target position: (5.14, 0.00, 3.00)
[Drone drone] Target position: (5.14, 0.00, 3.00)
[Drone drone] Target position: (5.14, 0.00, 3.00)
[Drone drone] Target position: (5.14, 0.00, 3.00)
[Drone drone] Target position: (5.14, 0.00, 3.00)
[Drone drone] Target position: (5.14, 0.00, 3.00)
[Drone drone] Target position: (5.14, 0.00, 3.00)
[Drone drone] Target position: (5.14, 0.00, 3.00)
[Drone drone] Target position: (5.14, 0.00, 3.00)
[Drone drone] Target position: (5.14, 0.00, 3.00)
[Drone drone] Target position: (5.14, 0.00, 3.00)
[Drone drone] Target position: (5.14, 0.00, 3.00)
[Drone drone] Target position: (5.14, 0.00, 3.00)
[Drone drone] Target position: (5.14, 0.00, 3.00)
[Drone drone] Target position: (5.14, 0.00, 3.00)
[Drone drone] Target position: (5.14, 0.00, 3.00)
[Drone drone] Target position: (5.14, 0.00, 3.00)
[Drone drone] Target position: (5.14, 0.00, 3.00)
[Drone drone] Target position: (5.14, 0.00, 3.00)
[Drone drone] Target position: (5.14, 0.00, 3.00)
[Drone drone] Target position: (5.14, 0.00, 3.00)
[Drone drone] Target position: (5.14, 0.00, 3.00)
[Drone drone] Target position: (5.14, 0.00, 3.00)
[Drone drone] Target position: (5.14, 0.00, 3.00)
[Drone drone] Target position: (5.14, 0.00, 3.00)
[Drone drone] Target position: (5.14, 0.00, 3.00)
[Drone drone] Target position: (5.14, 0.00, 3.00)
[Drone drone] Target position: (5.14, 0.00, 3.00)
[Drone drone] Target position: (5.14, 0.00, 3.00)
[Drone drone] Target position: (5.14, 0.00, 3.00)
[Drone drone] Target position: (5.14, 0.00, 3.00)
[Drone drone] Target position: (5.14, 0.00, 3.00)
[Drone drone] Target position: (5.14, 0.00, 3.00)
[Drone drone] Target position: (5.14, 0.00, 3.00)
[Drone drone] Target position: (5.14, 0.00, 3.00)
[Drone drone] Target position: (5.14, 0.00, 3.00)
[Drone drone] Target position: (5.14, 0.00, 3.00)
[Drone drone] Target position: (5.14, 0.00, 3.00)
[Drone drone] Target position: (5.14, 0.00, 3.00)
[Drone drone] Target position: (5.14, 0.00, 3.00)
[Drone drone] Target position: (5.14, 0.00, 3.00)
[Drone drone] Target position: (5.14, 0.00, 3.00)
[Drone drone] Target position: (5.14, 0.00, 3.00)
[Drone drone] Target position: (5.14, 0.00, 3.00)
[Drone drone] Target position: (5.14, 0.00, 3.00)
[Drone drone] Target position: (5.14, 0.00, 3.00)
[Drone drone] Target position: (5.14, 0.00, 3.00)
[Drone drone] Target position: (5.14, 0.00, 3.00)
[Drone drone] Target position: (5.14, 0.00, 3.00)
[Drone drone] Target position: (5.14, 0.00, 3.00)
[Drone drone] Target position: (5.14, 0.00, 3.00)
[Drone drone] Target position: (5.14, 0.00, 3.00)
[Drone drone] Target position: (5.14, 0.00, 3.00)
[Drone drone] Target position: (5.15, 0.00, 3.00)
[Drone drone] Target position: (5.15, 0.00, 3.00)
[Drone drone] Target position: (5.15, 0.00, 3.00)
[Drone drone] Target position: (5.15, 0.00, 3.00)
[Drone drone] Target position: (5.15, 0.00, 3.00)
[Drone drone] Target position: (5.15, 0.00, 3.00)
[Drone drone] Target position: (5.15, 0.00, 3.00)
[Drone drone] Target position: (5.15, 0.00, 3.00)
[Drone drone] Target position: (5.15, 0.00, 3.00)
[Drone drone] Target position: (5.15, 0.00, 3.00)
[Drone drone] Target position: (5.15, 0.00, 3.00)
[Drone drone] Target position: (5.15, 0.00, 3.00)
[Drone drone] Target position: (5.15, 0.00, 3.00)
[Drone drone] Target position: (5.16, 0.00, 3.00)
[Drone drone] Target position: (5.16, 0.00, 3.00)
[Drone drone] Target position: (5.16, 0.00, 3.00)
[Drone drone] Target position: (5.16, 0.00, 3.00)
[Drone drone] Target position: (5.16, 0.00, 3.00)
[Drone drone] Target position: (5.16, 0.00, 3.00)
[Drone drone] Target position: (5.16, 0.00, 3.00)
[Drone drone] Target position: (5.16, 0.00, 3.00)
[Drone drone] Target position: (5.16, 0.00, 3.00)
[Drone drone] Target position: (5.16, 0.00, 3.00)
[Drone drone] Target position: (5.16, 0.00, 3.00)
[Drone drone] Target position: (5.16, 0.00, 3.00)
[Drone drone] Target position: (5.16, 0.00, 3.00)
[Drone drone] Target position: (5.16, 0.00, 3.00)
[Drone drone] Target position: (5.17, 0.00, 3.00)
[Drone drone] Target position: (5.17, 0.00, 3.00)
[Drone drone] Target position: (5.17, 0.00, 3.00)
[Drone drone] Target position: (5.17, 0.00, 3.00)
[Drone drone] Target position: (5.17, 0.00, 3.00)
[Drone drone] Target position: (5.17, 0.00, 3.00)
[Drone drone] Target position: (5.17, 0.00, 3.00)
[Drone drone] Target position: (5.17, 0.00, 3.00)
[Drone drone] Target position: (5.17, 0.00, 3.00)
[Drone drone] Target position: (5.17, 0.00, 3.00)
[Drone drone] Target position: (5.17, 0.00, 3.00)
[Drone drone] Target position: (5.17, 0.00, 3.00)
[Drone drone] Target position: (5.17, 0.00, 3.00)
[Drone drone] Target position: (5.17, 0.00, 3.00)
[Drone drone] Target position: (5.17, 0.00, 3.00)
[Drone drone] Target position: (5.17, 0.00, 3.00)
[Drone drone] Target position: (5.17, 0.00, 3.00)
[Drone drone] Target position: (5.17, 0.00, 3.00)
[Drone drone] Target position: (5.17, 0.00, 3.00)
[Drone drone] Target position: (5.17, 0.00, 3.00)
[Drone drone] Target position: (5.17, 0.00, 3.00)
[Drone drone] Target position: (5.18, 0.00, 3.00)
[Drone drone] Target position: (5.18, 0.00, 3.00)
[Drone drone] Target position: (5.18, 0.00, 3.00)
[Drone drone] Target position: (5.18, 0.00, 3.00)
[Drone drone] Target position: (5.18, 0.00, 3.00)
[Drone drone] Target position: (5.18, 0.00, 3.00)
[Drone drone] Target position: (5.18, 0.00, 3.00)
[Drone drone] Target position: (5.18, 0.00, 3.00)
[Drone drone] Target position: (5.18, 0.00, 3.00)
[Drone drone] Target position: (5.18, 0.00, 3.00)
[Drone drone] Target position: (5.18, 0.00, 3.00)
[Drone drone] Target position: (5.18, 0.00, 3.00)
[Drone drone] Target position: (5.18, 0.00, 3.00)
[Drone drone] Target position: (5.18, 0.00, 3.00)
[Drone drone] Target position: (5.18, 0.00, 3.00)
[Drone drone] Target position: (5.18, 0.00, 3.00)
[Drone drone] Target position: (5.18, 0.00, 3.00)
[Drone drone] Target position: (5.18, 0.00, 3.00)
[Drone drone] Target position: (5.18, 0.00, 3.00)
[Drone drone] Target position: (5.18, 0.00, 3.00)
[Drone drone] Target position: (5.18, 0.00, 3.00)
[Drone drone] Target position: (5.18, 0.00, 3.00)
[Drone drone] Target position: (5.18, 0.00, 3.00)
[Drone drone] Target position: (5.19, 0.00, 3.00)
[Drone drone] Target position: (5.19, 0.00, 3.00)
[Drone drone] Target position: (5.19, 0.00, 3.00)
[Drone drone] Target position: (5.19, 0.00, 3.00)
[Drone drone] Target position: (5.19, 0.00, 3.00)
[Drone drone] Target position: (5.19, 0.00, 3.00)
[Drone drone] Target position: (5.19, 0.00, 3.00)
[Drone drone] Target position: (5.19, 0.00, 3.00)
[Drone drone] Target position: (5.19, 0.00, 3.00)
[Drone drone] Target position: (5.19, 0.00, 3.00)
[Drone drone] Target position: (5.19, 0.00, 3.00)
[Drone drone] Target position: (5.19, 0.00, 3.00)
[Drone drone] Target position: (5.19, 0.00, 3.00)
[Drone drone] Target position: (5.19, 0.00, 3.00)
[Drone drone] Target position: (5.19, 0.00, 3.00)
[Drone drone] Target position: (5.19, 0.00, 3.00)
[Drone drone] Target position: (5.19, 0.00, 3.00)
[Drone drone] Target position: (5.19, 0.00, 3.00)
[Drone drone] Target position: (5.19, 0.00, 3.00)
[Drone drone] Target position: (5.19, 0.00, 3.00)
[Drone drone] Target position: (5.19, 0.00, 3.00)
[Drone drone] Target position: (5.19, 0.00, 3.00)
[Drone drone] Target position: (5.19, 0.00, 3.00)
[Drone drone] Target position: (5.19, 0.00, 3.00)
[Drone drone] Target position: (5.19, 0.00, 3.00)
[Drone drone] Target position: (5.19, 0.00, 3.00)
[Drone drone] Target position: (5.19, 0.00, 3.00)
[Drone drone] Target position: (5.19, 0.00, 3.00)
[Drone drone] Target position: (5.19, 0.00, 3.00)
[Drone drone] Target position: (5.19, 0.00, 3.00)
[Drone drone] Target position: (5.19, 0.00, 3.00)
[Drone drone] Target position: (5.19, 0.00, 3.00)
[Drone drone] Target position: (5.19, 0.00, 3.00)
[Drone drone] Target position: (5.19, 0.00, 3.00)
[Drone drone] Target position: (5.19, 0.00, 3.00)
[Drone drone] Target position: (5.19, 0.00, 3.00)
[Drone drone] Target position: (5.19, 0.00, 3.00)
[Drone drone] Target position: (5.19, 0.00, 3.00)
[Drone drone] Target position: (5.19, 0.00, 3.00)
[Drone drone] Target position: (5.19, 0.00, 3.00)
[Drone drone] Target position: (5.19, 0.00, 3.00)
[Drone drone] Target position: (5.19, 0.00, 3.00)
[Drone drone] Target position: (5.19, 0.00, 3.00)
[Drone drone] Target position: (5.19, 0.00, 3.00)
[Drone drone] Target position: (5.19, 0.00, 3.00)
[Drone drone] Target position: (5.19, 0.00, 3.00)
[Drone drone] Target position: (5.19, 0.00, 3.00)
[Drone drone] Target position: (5.19, 0.00, 3.00)
[Drone drone] Target position: (5.19, 0.00, 3.00)
[Drone drone] Target position: (5.19, 0.00, 3.00)
[Drone drone] Target position: (5.19, 0.00, 3.00)
[Drone drone] Target position: (5.19, 0.00, 3.00)
[Drone drone] Target position: (5.19, 0.00, 3.00)
[Drone drone] Target position: (5.19, 0.00, 3.00)
[Drone drone] Target position: (5.19, 0.00, 3.00)
[Drone drone] Target position: (5.19, 0.00, 3.00)
[Drone drone] Target position: (5.19, 0.00, 3.00)
[Drone drone] Target position: (5.19, 0.00, 3.00)
[Drone drone] Target position: (5.19, 0.00, 3.00)
[Drone drone] Target position: (5.19, 0.00, 3.00)
[Drone drone] Target position: (5.19, 0.00, 3.00)
[Drone drone] Target position: (5.19, 0.00, 3.00)
[Drone drone] Target position: (5.19, 0.00, 3.00)
[Drone drone] Target position: (5.19, 0.00, 3.00)
[Drone drone] Target position: (5.19, 0.00, 3.00)
[Drone drone] Target position: (5.19, 0.00, 3.00)
[Drone drone] Target position: (5.19, 0.00, 3.00)
[Drone drone] Target position: (5.19, 0.00, 3.00)
[Drone drone] Target position: (5.19, 0.00, 3.00)
[Drone drone] Target position: (5.19, 0.00, 3.00)
[Drone drone] Target position: (5.19, 0.00, 3.00)
[Drone drone] Target position: (5.19, 0.00, 3.00)
[Drone drone] Target position: (5.19, 0.00, 3.00)
[Drone drone] Target position: (5.19, 0.00, 3.00)
[Drone drone] Target position: (5.19, 0.00, 3.00)
[Drone drone] Target position: (5.19, 0.00, 3.00)
[Drone drone] Target position: (5.19, 0.00, 3.00)
[Drone drone] Target position: (5.19, 0.00, 3.00)
[Drone drone] Target position: (5.19, 0.00, 3.00)
[Drone drone] Target position: (5.19, 0.00, 3.00)
[Drone drone] Target position: (5.19, 0.00, 3.00)
[Drone drone] Target position: (5.19, 0.00, 3.00)
[Drone drone] Target position: (5.19, 0.00, 3.00)
[Drone drone] Target position: (5.19, 0.00, 3.00)
[Drone drone] Target position: (5.19, 0.00, 3.00)
[Drone drone] Target position: (5.19, 0.00, 3.00)
[Drone drone] Target position: (5.19, 0.00, 3.00)
[Drone drone] Target position: (5.19, 0.00, 3.00)
[Drone drone] Target position: (5.19, 0.00, 3.00)
[Drone drone] Target position: (5.19, 0.00, 3.00)
[Drone drone] Target position: (5.19, 0.00, 3.00)
[Drone drone] Target position: (5.19, 0.00, 3.00)
[Drone drone] Target position: (5.19, 0.00, 3.00)
[Drone drone] Target position: (5.19, 0.00, 3.00)
[Drone drone] Target position: (5.19, 0.00, 3.00)
[Drone drone] Target position: (5.19, 0.00, 3.00)
[Drone drone] Target position: (5.19, 0.00, 3.00)
[Drone drone] Target position: (5.19, 0.00, 3.00)
[Drone drone] Target position: (5.19, 0.00, 3.00)
[Drone drone] Target position: (5.19, 0.00, 3.00)
[Drone drone] Target position: (5.19, 0.00, 3.00)
[Drone drone] Target position: (5.19, 0.00, 3.00)
[Drone drone] Target position: (5.19, 0.00, 3.00)
[Drone drone] Target position: (5.19, 0.00, 3.00)
[Drone drone] Target position: (5.19, 0.00, 3.00)
[Drone drone] Target position: (5.19, 0.00, 3.00)
[Drone drone] Target position: (5.19, 0.00, 3.00)
[Drone drone] Target position: (5.19, 0.00, 3.00)
[Drone drone] Target position: (5.19, 0.00, 3.00)
[Drone drone] Target position: (5.19, 0.00, 3.00)
[Drone drone] Target position: (5.19, 0.00, 3.00)
[Drone drone] Target position: (5.19, 0.00, 3.00)
[Drone drone] Target position: (5.19, 0.00, 3.00)
[Drone drone] Target position: (5.19, 0.00, 3.00)
[Drone drone] Target position: (5.19, 0.00, 3.00)
[Drone drone] Target position: (5.19, 0.00, 3.00)
[Drone drone] Target position: (5.19, 0.00, 3.00)
[Drone drone] Target position: (5.19, 0.00, 3.00)
[Drone drone] Target position: (5.19, 0.00, 3.00)
[Drone drone] Target position: (5.19, 0.00, 3.00)
[Drone drone] Target position: (5.19, 0.00, 3.00)
[Drone drone] Target position: (5.19, 0.00, 3.00)
[Drone drone] Target position: (5.19, 0.00, 3.00)
[Drone drone] Target position: (5.19, 0.00, 3.00)
[Drone drone] Target position: (5.19, 0.00, 3.00)
[Drone drone] Target position: (5.19, 0.00, 3.00)
[Drone drone] Target position: (5.19, 0.00, 3.00)
[Drone drone] Target position: (5.19, 0.00, 3.00)
[Drone drone] Target position: (5.19, 0.00, 3.00)
[Drone drone] Target position: (5.19, 0.00, 3.00)
[Drone drone] Target position: (5.19, 0.00, 3.00)
[Drone drone] Target position: (5.19, 0.00, 3.00)
[Drone drone] Target position: (5.19, 0.00, 3.00)
[Drone drone] Target position: (5.19, 0.00, 3.00)
[Drone drone] Target position: (5.19, 0.00, 3.00)
[Drone drone] Target position: (5.19, 0.00, 3.00)
[Drone drone] Target position: (5.19, 0.00, 3.00)
[Drone drone] Target position: (5.19, 0.00, 3.00)
[Drone drone] Target position: (5.19, 0.00, 3.00)
[Drone drone] Target position: (5.19, 0.00, 3.00)
[Drone drone] Target position: (5.19, 0.00, 3.00)
[Drone drone] Target position: (5.19, 0.00, 3.00)
[Drone drone] Target position: (5.19, 0.00, 3.00)
[Drone drone] Target position: (5.19, 0.00, 3.00)
[Drone drone] Target position: (5.19, 0.00, 3.00)
[Drone drone] Target position: (5.19, 0.00, 3.00)
[Drone drone] Target position: (5.19, 0.00, 3.00)
[Drone drone] Target position: (5.19, 0.00, 3.00)
[Drone drone] Target position: (5.19, 0.00, 3.00)
[Drone drone] Target position: (5.19, 0.00, 3.00)
[Drone drone] Target position: (5.19, 0.00, 3.00)
[Drone drone] Target position: (5.19, 0.00, 3.00)
[Drone drone] Target position: (5.19, 0.00, 3.00)
[Drone drone] Target position: (5.19, 0.00, 3.00)
[Drone drone] Target position: (5.19, 0.00, 3.00)
[Drone drone] Target position: (5.19, 0.00, 3.00)
[Drone drone] Target position: (5.19, 0.00, 3.00)
[Drone drone] Target position: (5.19, 0.00, 3.00)
[Drone drone] Target position: (5.19, 0.00, 3.00)
[Drone drone] Target position: (5.19, 0.00, 3.00)
[Drone drone] Target position: (5.19, 0.00, 3.00)
[Drone drone] Target position: (5.19, 0.00, 3.00)
[Drone drone] Target position: (5.19, 0.00, 3.00)
[Drone drone] Target position: (5.19, 0.00, 3.00)
[Drone drone] Target position: (5.19, 0.00, 3.00)
[Drone drone] Target position: (5.19, 0.00, 3.00)
[Drone drone] Target position: (5.19, 0.00, 3.00)
[Drone drone] Target position: (5.19, 0.00, 3.00)
[Drone drone] Target position: (5.19, 0.00, 3.00)
[Drone drone] Target position: (5.19, 0.00, 3.00)
[Drone drone] Target position: (5.19, 0.00, 3.00)
[Drone drone] Target position: (5.19, 0.00, 3.00)
[Drone drone] Target position: (5.19, 0.00, 3.00)
[Drone drone] Target position: (5.19, 0.00, 3.00)
[Drone drone] Target position: (5.19, 0.00, 3.00)
[Drone drone] Target position: (5.19, 0.00, 3.00)
[Drone drone] Target position: (5.19, 0.00, 3.00)
[Drone drone] Target position: (5.19, 0.00, 3.00)
[Drone drone] Target position: (5.19, 0.00, 3.00)
[Drone drone] Target position: (5.19, 0.00, 3.00)
[Drone drone] Target position: (5.19, 0.00, 3.00)
[Drone drone] Target position: (5.19, 0.00, 3.00)
[Drone drone] Target position: (5.19, 0.00, 3.00)
[Drone drone] Target position: (5.19, 0.00, 3.00)
[Drone drone] Target position: (5.19, 0.00, 3.00)
[Drone drone] Target position: (5.19, 0.00, 3.00)
[Drone drone] Target position: (5.19, 0.00, 3.00)
[Drone drone] Target position: (5.19, 0.00, 3.00)
[Drone drone] Target position: (5.19, 0.00, 3.00)
[Drone drone] Target position: (5.19, 0.00, 3.00)
[Drone drone] Target position: (5.19, 0.00, 3.00)
[Drone drone] Target position: (5.19, 0.00, 3.00)
[Drone drone] Target position: (5.19, 0.00, 3.00)
[Drone drone] Target position: (5.19, 0.00, 3.00)
[Drone drone] Target position: (5.19, 0.00, 3.00)
[Drone drone] Target position: (5.19, 0.00, 3.00)
[Drone drone] Target position: (5.19, 0.00, 3.00)
[Drone drone] Target position: (5.19, 0.00, 3.00)
[Drone drone] Target position: (5.19, 0.00, 3.00)
[Drone drone] Target position: (5.19, 0.00, 3.00)
[Drone drone] Target position: (5.19, 0.00, 3.00)
[Drone drone] Target position: (5.19, 0.00, 3.00)
[Drone drone] Target position: (5.19, 0.00, 3.00)
[Drone drone] Target position: (5.19, 0.00, 3.00)
[Drone drone] Target position: (5.19, 0.00, 3.00)
[Drone drone] Target position: (5.19, 0.00, 3.00)
[Drone drone] Target position: (5.19, 0.00, 3.00)
[Drone drone] Target position: (5.19, 0.00, 3.00)
[Drone drone] Target position: (5.19, 0.00, 3.00)
[Drone drone] Target position: (5.19, 0.00, 3.00)
[Drone drone] Target position: (5.19, 0.00, 3.00)
[Drone drone] Target position: (5.19, 0.00, 3.00)
[Drone drone] Target position: (5.19, 0.00, 3.00)
[Drone drone] Target position: (5.19, 0.00, 3.00)
[Drone drone] Target position: (5.19, 0.00, 3.00)
[Drone drone] Target position: (5.19, 0.00, 3.00)
[Drone drone] Target position: (5.19, 0.00, 3.00)
[Drone drone] Target position: (5.19, 0.00, 3.00)
[Drone drone] Target position: (5.19, 0.00, 3.00)
[Drone drone] Target position: (5.19, 0.00, 3.00)
[Drone drone] Target position: (5.19, 0.00, 3.00)
[Drone drone] Target position: (5.19, 0.00, 3.00)
[Drone drone] Target position: (5.19, 0.00, 3.00)
[Drone drone] Target position: (5.19, 0.00, 3.00)
[Drone drone] Target position: (5.19, 0.00, 3.00)
[Drone drone] Target position: (5.19, 0.00, 3.00)
[Drone drone] Target position: (5.19, 0.00, 3.00)
[Drone drone] Target position: (5.19, 0.00, 3.00)
[Drone drone] Target position: (5.19, 0.00, 3.00)
[Drone drone] Target position: (5.19, 0.00, 3.00)
[Drone drone] Target position: (5.19, 0.00, 3.00)
[Drone drone] Target position: (5.19, 0.00, 3.00)
[Drone drone] Target position: (5.19, 0.00, 3.00)
[Drone drone] Target position: (5.19, 0.00, 3.00)
[Drone drone] Target position: (5.19, 0.00, 3.00)
[Drone drone] Target position: (5.19, 0.00, 3.00)
[Drone drone] Target position: (5.19, 0.00, 3.00)
[Drone drone] Target position: (5.19, 0.00, 3.00)
[Drone drone] Target position: (5.19, 0.00, 3.00)
[Drone drone] Target position: (5.19, 0.00, 3.00)
[Drone drone] Target position: (5.19, 0.00, 3.00)
[Drone drone] Target position: (5.19, 0.00, 3.00)
[Drone drone] Target position: (5.19, 0.00, 3.00)
[Drone drone] Target position: (5.19, 0.00, 3.00)
[Drone drone] Target position: (5.19, 0.00, 3.00)
[Drone drone] Target position: (5.19, 0.00, 3.00)
[Drone drone] Target position: (5.19, 0.00, 3.00)
[Drone drone] Target position: (5.19, 0.00, 3.00)
[Drone drone] Target position: (5.19, 0.00, 3.00)
[Drone drone] Target position: (5.19, 0.00, 3.00)
[Drone drone] Target position: (5.19, 0.00, 3.00)
[Drone drone] Target position: (5.19, 0.00, 3.00)
[Drone drone] Target position: (5.19, 0.00, 3.00)
[Drone drone] Target position: (5.19, 0.00, 3.00)
[Drone drone] Target position: (5.19, 0.00, 3.00)
[Drone drone] Target position: (5.19, 0.00, 3.00)
[Drone drone] Target position: (5.19, 0.00, 3.00)
[Drone drone] Target position: (5.19, 0.00, 3.00)
[Drone drone] Target position: (5.19, 0.00, 3.00)
[Drone drone] Target position: (5.19, 0.00, 3.00)
[Drone drone] Target position: (5.19, 0.00, 3.00)
[Drone drone] Target position: (5.19, 0.00, 3.00)
[Drone drone] Target position: (5.19, 0.00, 3.00)
[Drone drone] Target position: (5.19, 0.00, 3.00)
[Drone drone] Target position: (5.19, 0.00, 3.00)
[Drone drone] Target position: (5.19, 0.00, 3.00)
[Drone drone] Target position: (5.19, 0.00, 3.00)
[Drone drone] Target position: (5.19, 0.00, 3.00)
[Drone drone] Target position: (5.19, 0.00, 3.00)
[Drone drone] Target position: (5.19, 0.00, 3.00)
[Drone drone] Target position: (5.19, 0.00, 3.00)
[Drone drone] Target position: (5.19, 0.00, 3.00)
[Drone drone] Target position: (5.19, 0.00, 3.00)
[Drone drone] Target position: (5.19, 0.00, 3.00)
[Drone drone] Target position: (5.19, 0.00, 3.00)
[Drone drone] Target position: (5.19, 0.00, 3.00)
[Drone drone] Target position: (5.19, 0.00, 3.00)
[Drone drone] Target position: (5.19, 0.00, 3.00)
[Drone drone] Target position: (5.19, 0.00, 3.00)
[Drone drone] Target position: (5.19, 0.00, 3.00)
[Drone drone] Target position: (5.19, 0.00, 3.00)
[Drone drone] Target position: (5.19, 0.00, 3.00)
[Drone drone] Target position: (5.19, 0.00, 3.00)
[Drone drone] Target position: (5.19, 0.00, 3.00)
[Drone drone] Target position: (5.19, 0.00, 3.00)
[Drone drone] Target position: (5.19, 0.00, 3.00)
[Drone drone] Target position: (5.19, 0.00, 3.00)
[Drone drone] Target position: (5.19, 0.00, 3.00)
[Drone drone] Target position: (5.19, 0.00, 3.00)
[Drone drone] Target position: (5.19, 0.00, 3.00)
[Drone drone] Target position: (5.19, 0.00, 3.00)
[Drone drone] Target position: (5.19, 0.00, 3.00)
[Drone drone] Target position: (5.19, 0.00, 3.00)
[Drone drone] Target position: (5.19, 0.00, 3.00)
[Drone drone] Target position: (5.19, 0.00, 3.00)
[Drone drone] Target position: (5.19, 0.00, 3.00)
[Drone drone] Target position: (5.19, 0.00, 3.00)
[Drone drone] Target position: (5.19, 0.00, 3.00)
[Drone drone] Target position: (5.19, 0.00, 3.00)
[Drone drone] Target position: (5.19, 0.00, 3.00)
[Drone drone] Target position: (5.19, 0.00, 3.00)
[Drone drone] Target position: (5.19, 0.00, 3.00)
[Drone drone] Target position: (5.19, 0.00, 3.00)
[Drone drone] Target position: (5.19, 0.00, 3.00)
[Drone drone] Target position: (5.19, 0.00, 3.00)
[Drone drone] Target position: (5.19, 0.00, 3.00)
[Drone drone] Target position: (5.19, 0.00, 3.00)
[Drone drone] Target position: (5.19, 0.00, 3.00)
[Drone drone] Target position: (5.19, 0.00, 3.00)
[Drone drone] Target position: (5.19, 0.00, 3.00)
[Drone drone] Target position: (5.19, 0.00, 3.00)
[Drone drone] Target position: (5.19, 0.00, 3.00)
[Drone drone] Target position: (5.19, 0.00, 3.00)
[Drone drone] Target position: (5.19, 0.00, 3.00)
[Drone drone] Target position: (5.19, 0.00, 3.00)
[Drone drone] Target position: (5.19, 0.00, 3.00)
[Drone drone] Target position: (5.19, 0.00, 3.00)
[Drone drone] Target position: (5.19, 0.00, 3.00)
[Drone drone] Target position: (5.19, 0.00, 3.00)
[Drone drone] Target position: (5.19, 0.00, 3.00)
[Drone drone] Target position: (5.19, 0.00, 3.00)
[Drone drone] Target position: (5.19, 0.00, 3.00)
[Drone drone] Target position: (5.19, 0.00, 3.00)
[Drone drone] Target position: (5.19, 0.00, 3.00)
[Drone drone] Target position: (5.19, 0.00, 3.00)
[Drone drone] Target position: (5.19, 0.00, 3.00)
[Drone drone] Target position: (5.19, 0.00, 3.00)
[Drone drone] Target position: (5.19, 0.00, 3.00)
[Drone drone] Target position: (5.19, 0.00, 3.00)
[Drone drone] Target position: (5.19, 0.00, 3.00)
[Drone drone] Target position: (5.19, 0.00, 3.00)
[Drone drone] Target position: (5.19, 0.00, 3.00)
[Drone drone] Target position: (5.19, 0.00, 3.00)
[Drone drone] Target position: (5.19, 0.00, 3.00)
[Drone drone] Target position: (5.19, 0.00, 3.00)
[Drone drone] Target position: (5.19, 0.00, 3.00)
[Drone drone] Target position: (5.19, 0.00, 3.00)
[Drone drone] Target position: (5.19, 0.00, 3.00)
[Drone drone] Target position: (5.19, 0.00, 3.00)
[Drone drone] Target position: (5.19, 0.00, 3.00)
[Drone drone] Target position: (5.19, 0.00, 3.00)
[Drone drone] Target position: (5.19, 0.00, 3.00)
[Drone drone] Target position: (5.19, 0.00, 3.00)
[Drone drone] Target position: (5.19, 0.00, 3.00)
[Drone drone] Target position: (5.19, 0.00, 3.00)
[Drone drone] Target position: (5.19, 0.00, 3.00)
[Drone drone] Target position: (5.19, 0.00, 3.00)
[Drone drone] Target position: (5.19, 0.00, 3.00)
[Drone drone] Target position: (5.19, 0.00, 3.00)
[Drone drone] Target position: (5.19, 0.00, 3.00)
[Drone drone] Target position: (5.19, 0.00, 3.00)
[Drone drone] Target position: (5.19, 0.00, 3.00)
[Drone drone] Target position: (5.19, 0.00, 3.00)
[Drone drone] Target position: (5.19, 0.00, 3.00)
[Drone drone] Target position: (5.19, 0.00, 3.00)
[Drone drone] Target position: (5.19, 0.00, 3.00)
[Drone drone] Target position: (5.19, 0.00, 3.00)
[Drone drone] Target position: (5.19, 0.00, 3.00)
[Drone drone] Target position: (5.19, 0.00, 3.00)
[Drone drone] Target position: (5.19, 0.00, 3.00)
[Drone drone] Target position: (5.19, 0.00, 3.00)
[Drone drone] Target position: (5.19, 0.00, 3.00)
[Drone drone] Target position: (5.19, 0.00, 3.00)
[Drone drone] Target position: (5.19, 0.00, 3.00)
[Drone drone] Target position: (5.19, 0.00, 3.00)
[Drone drone] Target position: (5.19, 0.00, 3.00)
[Drone drone] Target position: (5.19, 0.00, 3.00)
[Drone drone] Target position: (5.19, 0.00, 3.00)
[Drone drone] Target position: (5.19, 0.00, 3.00)
[Drone drone] Target position: (5.19, 0.00, 3.00)
[Drone drone] Target position: (5.19, 0.00, 3.00)
[Drone drone] Target position: (5.19, 0.00, 3.00)
[Drone drone] Target position: (5.19, 0.00, 3.00)
[Drone drone] Target position: (5.19, 0.00, 3.00)
[Drone drone] Target position: (5.19, 0.00, 3.00)
[Drone drone] Target position: (5.19, 0.00, 3.00)
[Drone drone] Target position: (5.19, 0.00, 3.00)
[Drone drone] Target position: (5.19, 0.00, 3.00)
[Drone drone] Target position: (5.19, 0.00, 3.00)
[Drone drone] Target position: (5.19, 0.00, 3.00)
[Drone drone] Target position: (5.19, 0.00, 3.00)
[Drone drone] Target position: (5.19, 0.00, 3.00)
[Drone drone] Target position: (5.19, 0.00, 3.00)
[Drone drone] Target position: (5.19, 0.00, 3.00)
[Drone drone] Target position: (5.19, 0.00, 3.00)
[Drone drone] Target position: (5.19, 0.00, 3.00)
[Drone drone] Target position: (5.19, 0.00, 3.00)
[Drone drone] Target position: (5.19, 0.00, 3.00)
[Drone drone] Target position: (5.19, 0.00, 3.00)
[Drone drone] Target position: (5.19, 0.00, 3.00)
[Drone drone] Target position: (5.19, 0.00, 3.00)
[Drone drone] Target position: (5.19, 0.00, 3.00)
[Drone drone] Target position: (5.19, 0.00, 3.00)
[Drone drone] Target position: (5.19, 0.00, 3.00)
[Drone drone] Target position: (5.19, 0.00, 3.00)
[Drone drone] Target position: (5.19, 0.00, 3.00)
[Drone drone] Target position: (5.19, 0.00, 3.00)
[Drone drone] Target position: (5.19, 0.00, 3.00)
[Drone drone] Target position: (5.19, 0.00, 3.00)
[Drone drone] Target position: (5.19, 0.00, 3.00)
[Drone drone] Target position: (5.19, 0.00, 3.00)
[Drone drone] Target position: (5.19, 0.00, 3.00)
[Drone drone] Target position: (5.19, 0.00, 3.00)
[Drone drone] Target position: (5.19, 0.00, 3.00)
[Drone drone] Target position: (5.19, 0.00, 3.00)
[Drone drone] Target position: (5.19, 0.00, 3.00)
[Drone drone] Target position: (5.19, 0.00, 3.00)
[Drone drone] Target position: (5.19, 0.00, 3.00)
[Drone drone] Target position: (5.19, 0.00, 3.00)
[Drone drone] Target position: (5.19, 0.00, 3.00)
[Drone drone] Target position: (5.19, 0.00, 3.00)
[Drone drone] Target position: (5.19, 0.00, 3.00)
[Drone drone] Target position: (5.19, 0.00, 3.00)
[Drone drone] Target position: (5.19, 0.00, 3.00)
[Drone drone] Target position: (5.19, 0.00, 3.00)
[Drone drone] Target position: (5.19, 0.00, 3.00)
[Drone drone] Target position: (5.19, 0.00, 3.00)
[Drone drone] Target position: (5.19, 0.00, 3.00)
[Drone drone] Target position: (5.19, 0.00, 3.00)
[Drone drone] Target position: (5.19, 0.00, 3.00)
[Drone drone] Target position: (5.19, 0.00, 3.00)
[Drone drone] Target position: (5.19, 0.00, 3.00)
[Drone drone] Target position: (5.19, 0.00, 3.00)
[Drone drone] Target position: (5.19, 0.00, 3.00)
[Drone drone] Target position: (5.19, 0.00, 3.00)
[Drone drone] Target position: (5.19, 0.00, 3.00)
[Drone drone] Target position: (5.19, 0.00, 3.00)
[Drone drone] Target position: (5.19, 0.00, 3.00)
[Drone drone] Target position: (5.19, 0.00, 3.00)
[Drone drone] Target position: (5.19, 0.00, 3.00)
[Drone drone] Target position: (5.19, 0.00, 3.00)
[Drone drone] Target position: (5.19, 0.00, 3.00)
[Drone drone] Target position: (5.19, 0.00, 3.00)
[Drone drone] Target position: (5.19, 0.00, 3.00)
[Drone drone] Target position: (5.19, 0.00, 3.00)
[Drone drone] Target position: (5.19, 0.00, 3.00)
[Drone drone] Target position: (5.19, 0.00, 3.00)
[Drone drone] Target position: (5.19, 0.00, 3.00)
[Drone drone] Target position: (5.19, 0.00, 3.00)
[Drone drone] Target position: (5.19, 0.00, 3.00)
[Drone drone] Target position: (5.19, 0.00, 3.00)
[Drone drone] Target position: (5.19, 0.00, 3.00)
[Drone drone] Target position: (5.19, 0.00, 3.00)
[Drone drone] Target position: (5.19, 0.00, 3.00)
[Drone drone] Target position: (5.19, 0.00, 3.00)
[Drone drone] Target position: (5.19, 0.00, 3.00)
[Drone drone] Target position: (5.19, 0.00, 3.00)
[Drone drone] Target position: (5.19, 0.00, 3.00)
[Drone drone] Target position: (5.19, 0.00, 3.00)
[Drone drone] Target position: (5.19, 0.00, 3.00)
[Drone drone] Target position: (5.19, 0.00, 3.00)
[Drone drone] Target position: (5.19, 0.00, 3.00)
[Drone drone] Target position: (5.19, 0.00, 3.00)
[Drone drone] Target position: (5.19, 0.00, 3.00)
[Drone drone] Target position: (5.19, 0.00, 3.00)
[Drone drone] Target position: (5.19, 0.00, 3.00)
[Drone drone] Target position: (5.19, 0.00, 3.00)
[Drone drone] Target position: (5.19, 0.00, 3.00)
[Drone drone] Target position: (5.19, 0.00, 3.00)
[Drone drone] Target position: (5.19, 0.00, 3.00)
[Drone drone] Target position: (5.19, 0.00, 3.00)
[Drone drone] Target position: (5.19, 0.00, 3.00)
[Drone drone] Target position: (5.19, 0.00, 3.00)
[Drone drone] Target position: (5.19, 0.00, 3.00)
[Drone drone] Target position: (5.19, 0.00, 3.00)
[Drone drone] Target position: (5.19, 0.00, 3.00)
[Drone drone] Target position: (5.19, 0.00, 3.00)
[Drone drone] Target position: (5.19, 0.00, 3.00)
[Drone drone] Target position: (5.19, 0.00, 3.00)
[Drone drone] Target position: (5.19, 0.00, 3.00)
[Drone drone] Target position: (5.19, 0.00, 3.00)
[Drone drone] Target position: (5.19, 0.00, 3.00)
[Drone drone] Target position: (5.19, 0.00, 3.00)
[Drone drone] Target position: (5.19, 0.00, 3.00)
[Drone drone] Target position: (5.19, 0.00, 3.00)
[Drone drone] Target position: (5.19, 0.00, 3.00)
[Drone drone] Target position: (5.19, 0.00, 3.00)
[Drone drone] Target position: (5.19, 0.00, 3.00)
[Drone drone] Target position: (5.19, 0.00, 3.00)
[Drone drone] Target position: (5.19, 0.00, 3.00)
[Drone drone] Target position: (5.19, 0.00, 3.00)
[Drone drone] Target position: (5.19, 0.00, 3.00)
[Drone drone] Target position: (5.19, 0.00, 3.00)
[Drone drone] Target position: (5.19, 0.00, 3.00)
[Drone drone] Target position: (5.19, 0.00, 3.00)
[Drone drone] Target position: (5.19, 0.00, 3.00)
[Drone drone] Target position: (5.19, 0.00, 3.00)
[Drone drone] Target position: (5.19, 0.00, 3.00)
[Drone drone] Target position: (5.19, 0.00, 3.00)
[Drone drone] Target position: (5.19, 0.00, 3.00)
[Drone drone] Target position: (5.19, 0.00, 3.00)
[Drone drone] Target position: (5.19, 0.00, 3.00)
[Drone drone] Target position: (5.19, 0.00, 3.00)
[Drone drone] Target position: (5.19, 0.00, 3.00)
[Drone drone] Target position: (5.19, 0.00, 3.00)
[Drone drone] Target position: (5.19, 0.00, 3.00)
[Drone drone] Target position: (5.19, 0.00, 3.00)
[Drone drone] Target position: (5.19, 0.00, 3.00)
[Drone drone] Target position: (5.19, 0.00, 3.00)
[Drone drone] Target position: (5.19, 0.00, 3.00)
[Drone drone] Target position: (5.19, 0.00, 3.00)
[Drone drone] Target position: (5.19, 0.00, 3.00)
[Drone drone] Target position: (5.19, 0.00, 3.00)
[Drone drone] Target position: (5.19, 0.00, 3.00)
[Drone drone] Target position: (5.19, 0.00, 3.00)
[Drone drone] Target position: (5.19, 0.00, 3.00)
[Drone drone] Target position: (5.19, 0.00, 3.00)
[Drone drone] Target position: (5.19, 0.00, 3.00)
[Drone drone] Target position: (5.19, 0.00, 3.00)
[Drone drone] Target position: (5.19, 0.00, 3.00)
[Drone drone] Target position: (5.19, 0.00, 3.00)
[Drone drone] Target position: (5.19, 0.00, 3.00)
[Drone drone] Target position: (5.19, 0.00, 3.00)
[Drone drone] Target position: (5.19, 0.00, 3.00)
[Drone drone] Target position: (5.19, 0.00, 3.00)
[Drone drone] Target position: (5.19, 0.00, 3.00)
[Drone drone] Target position: (5.19, 0.00, 3.00)
[Drone drone] Target position: (5.19, 0.00, 3.00)
[Drone drone] Target position: (5.19, 0.00, 3.00)
[Drone drone] Target position: (5.19, 0.00, 3.00)
[Drone drone] Target position: (5.19, 0.00, 3.00)
[Drone drone] Target position: (5.19, 0.00, 3.00)
[Drone drone] Target position: (5.19, 0.00, 3.00)
[Drone drone] Target position: (5.19, 0.00, 3.00)
[Drone drone] Target position: (5.19, 0.00, 3.00)
[Drone drone] Target position: (5.19, 0.00, 3.00)
[Drone drone] Target position: (5.19, 0.00, 3.00)
[Drone drone] Target position: (5.19, 0.00, 3.00)
[Drone drone] Target position: (5.19, 0.00, 3.00)
[Drone drone] Target position: (5.19, 0.00, 3.00)
[Drone drone] Target position: (5.19, 0.00, 3.00)
[Drone drone] Target position: (5.19, 0.00, 3.00)
[Drone drone] Target position: (5.19, 0.00, 3.00)
[Drone drone] Target position: (5.19, 0.00, 3.00)
[Drone drone] Target position: (5.19, 0.00, 3.00)
[Drone drone] Target position: (5.19, 0.00, 3.00)
[Drone drone] Target position: (5.19, 0.00, 3.00)
[Drone drone] Target position: (5.19, 0.00, 3.00)
[Drone drone] Target position: (5.19, 0.00, 3.00)
[Drone drone] Target position: (5.19, 0.00, 3.00)
[Drone drone] Target position: (5.19, 0.00, 3.00)
[Drone drone] Target position: (5.19, 0.00, 3.00)
[Drone drone] Target position: (5.19, 0.00, 3.00)
[Drone drone] Target position: (5.19, 0.00, 3.00)
[Drone drone] Target position: (5.19, 0.00, 3.00)
[Drone drone] Target position: (5.19, 0.00, 3.00)
[Drone drone] Target position: (5.19, 0.00, 3.00)
[Drone drone] Target position: (5.19, 0.00, 3.00)
[Drone drone] Target position: (5.19, 0.00, 3.00)
[Drone drone] Target position: (5.19, 0.00, 3.00)
[Drone drone] Target position: (5.19, 0.00, 3.00)
[Drone drone] Target position: (5.19, 0.00, 3.00)
[Drone drone] Target position: (5.19, 0.00, 3.00)
[Drone drone] Target position: (5.19, 0.00, 3.00)
[Drone drone] Target position: (5.19, 0.00, 3.00)
[Drone drone] Target position: (5.19, 0.00, 3.00)
[Drone drone] Target position: (5.19, 0.00, 3.00)
[Drone drone] Target position: (5.19, 0.00, 3.00)
[Drone drone] Target position: (5.19, 0.00, 3.00)
[Drone drone] Target position: (5.19, 0.00, 3.00)
[Drone drone] Target position: (5.19, 0.00, 3.00)
[Drone drone] Target position: (5.19, 0.00, 3.00)
[Drone drone] Target position: (5.19, 0.00, 3.00)
[Drone drone] Target position: (5.19, 0.00, 3.00)
[Drone drone] Target position: (5.19, 0.00, 3.00)
[Drone drone] Target position: (5.19, 0.00, 3.00)
[Drone drone] Target position: (5.19, 0.00, 3.00)
[Drone drone] Target position: (5.19, 0.00, 3.00)
[Drone drone] Target position: (5.19, 0.00, 3.00)
[Drone drone] Target position: (5.19, 0.00, 3.00)
[Drone drone] Target position: (5.19, 0.00, 3.00)
[Drone drone] Target position: (5.19, 0.00, 3.00)
[Drone drone] Target position: (5.19, 0.00, 3.00)
[Drone drone] Target position: (5.19, 0.00, 3.00)
[Drone drone] Target position: (5.19, 0.00, 3.00)
[Drone drone] Target position: (5.19, 0.00, 3.00)
[Drone drone] Target position: (5.19, 0.00, 3.00)
[Drone drone] Target position: (5.19, 0.00, 3.00)
[Drone drone] Target position: (5.19, 0.00, 3.00)
[Drone drone] Target position: (5.19, 0.00, 3.00)
[Drone drone] Target position: (5.19, 0.00, 3.00)
[Drone drone] Target position: (5.19, 0.00, 3.00)
[Drone drone] Target position: (5.19, 0.00, 3.00)
[Drone drone] Target position: (5.19, 0.00, 3.00)
[Drone drone] Target position: (5.19, 0.00, 3.00)
[Drone drone] Target position: (5.19, 0.00, 3.00)
[Drone drone] Target position: (5.19, 0.00, 3.00)
[Drone drone] Target position: (5.19, 0.00, 3.00)
[Drone drone] Target position: (5.19, 0.00, 3.00)
[Drone drone] Target position: (5.19, 0.00, 3.00)
[Drone drone] Target position: (5.19, 0.00, 3.00)
[Drone drone] Target position: (5.19, 0.00, 3.00)
[Drone drone] Target position: (5.19, 0.00, 3.00)
[Drone drone] Target position: (5.19, 0.00, 3.00)
[Drone drone] Target position: (5.19, 0.00, 3.00)
[Drone drone] Target position: (5.19, 0.00, 3.00)
[Drone drone] Target position: (5.19, 0.00, 3.00)
[Drone drone] Target position: (5.19, 0.00, 3.00)
[Drone drone] Target position: (5.19, 0.00, 3.00)
[Drone drone] Target position: (5.19, 0.00, 3.00)
[Drone drone] Target position: (5.19, 0.00, 3.00)
[Drone drone] Target position: (5.19, 0.00, 3.00)
[Drone drone] Target position: (5.19, 0.00, 3.00)
[Drone drone] Target position: (5.19, 0.00, 3.00)
[Drone drone] Target position: (5.19, 0.00, 3.00)
[Drone drone] Target position: (5.19, 0.00, 3.00)
[Drone drone] Target position: (5.19, 0.00, 3.00)
[Drone drone] Target position: (5.19, 0.00, 3.00)
[Drone drone] Target position: (5.19, 0.00, 3.00)
[Drone drone] Target position: (5.19, 0.00, 3.00)
[Drone drone] Target position: (5.19, 0.00, 3.00)
[Drone drone] Target position: (5.19, 0.00, 3.00)
[Drone drone] Target position: (5.19, 0.00, 3.00)
[Drone drone] Target position: (5.19, 0.00, 3.00)
[Drone drone] Target position: (5.19, 0.00, 3.00)
[Drone drone] Target position: (5.19, 0.00, 3.00)
[Drone drone] Target position: (5.19, 0.00, 3.00)
[Drone drone] Target position: (5.19, 0.00, 3.00)
[Drone drone] Target position: (5.19, 0.00, 3.00)
[Drone drone] Target position: (5.19, 0.00, 3.00)
[Drone drone] Target position: (5.19, 0.00, 3.00)
[Drone drone] Target position: (5.19, 0.00, 3.00)
[Drone drone] Target position: (5.19, 0.00, 3.00)
[Drone drone] Target position: (5.19, 0.00, 3.00)
[Drone drone] Target position: (5.19, 0.00, 3.00)
[Drone drone] Target position: (5.19, 0.00, 3.00)
[Drone drone] Target position: (5.19, 0.00, 3.00)
[Drone drone] Target position: (5.19, 0.00, 3.00)
[Drone drone] Target position: (5.19, 0.00, 3.00)
[Drone drone] Target position: (5.19, 0.00, 3.00)
[Drone drone] Target position: (5.19, 0.00, 3.00)
[Drone drone] Target position: (5.19, 0.00, 3.00)
[Drone drone] Target position: (5.19, 0.00, 3.00)
[Drone drone] Target position: (5.19, 0.00, 3.00)
[Drone drone] Target position: (5.19, 0.00, 3.00)
[Drone drone] Target position: (5.19, 0.00, 3.00)
[Drone drone] Target position: (5.19, 0.00, 3.00)
[Drone drone] Target position: (5.19, 0.00, 3.00)
[Drone drone] Target position: (5.19, 0.00, 3.00)
[Drone drone] Target position: (5.19, 0.00, 3.00)
[Drone drone] Target position: (5.19, 0.00, 3.00)
[Drone drone] Target position: (5.19, 0.00, 3.00)
[Drone drone] Target position: (5.19, 0.00, 3.00)
[Drone drone] Target position: (5.19, 0.00, 3.00)
[Drone drone] Target position: (5.19, 0.00, 3.00)
[Drone drone] Target position: (5.19, 0.00, 3.00)
[Drone drone] Target position: (5.19, 0.00, 3.00)
[Drone drone] Target position: (5.19, 0.00, 3.00)
[Drone drone] Target position: (5.19, 0.00, 3.00)
[Drone drone] Target position: (5.19, 0.00, 3.00)
[Drone drone] Target position: (5.19, 0.00, 3.00)
[Drone drone] Target position: (5.19, 0.00, 3.00)
[Drone drone] Target position: (5.19, 0.00, 3.00)
[Drone drone] Target position: (5.19, 0.00, 3.00)
[Drone drone] Target position: (5.19, 0.00, 3.00)
[Drone drone] Target position: (5.19, 0.00, 3.00)
[Drone drone] Target position: (5.19, 0.00, 3.00)
[Drone drone] Target position: (5.19, 0.00, 3.00)
[Drone drone] Target position: (5.19, 0.00, 3.00)
[Drone drone] Target position: (5.19, 0.00, 3.00)
[Drone drone] Target position: (5.19, 0.00, 3.00)
[Drone drone] Target position: (5.19, 0.00, 3.00)
[Drone drone] Target position: (5.19, 0.00, 3.00)
[Drone drone] Target position: (5.19, 0.00, 3.00)
[Drone drone] Target position: (5.19, 0.00, 3.00)
[Drone drone] Target position: (5.19, 0.00, 3.00)
[Drone drone] Target position: (5.19, 0.00, 3.00)
[Drone drone] Target position: (5.19, 0.00, 3.00)
[Drone drone] Target position: (5.19, 0.00, 3.00)
[Drone drone] Target position: (5.19, 0.00, 3.00)
[Drone drone] Target position: (5.19, 0.00, 3.00)
[Drone drone] Target position: (5.19, 0.00, 3.00)
[Drone drone] Target position: (5.19, 0.00, 3.00)
[Drone drone] Target position: (5.19, 0.00, 3.00)
[Drone drone] Target position: (5.19, 0.00, 3.00)
[Drone drone] Target position: (5.19, 0.00, 3.00)
[Drone drone] Target position: (5.19, 0.00, 3.00)
[Drone drone] Target position: (5.19, 0.00, 3.00)
[Drone drone] Target position: (5.19, 0.00, 3.00)
[Drone drone] Target position: (5.19, 0.00, 3.00)
[Drone drone] Target position: (5.19, 0.00, 3.00)
[Drone drone] Target position: (5.19, 0.00, 3.00)
[Drone drone] Target position: (5.19, 0.00, 3.00)
[Drone drone] Target position: (5.19, 0.00, 3.00)
[Drone drone] Target position: (5.19, 0.00, 3.00)
[Drone drone] Target position: (5.19, 0.00, 3.00)
[Drone drone] Target position: (5.19, 0.00, 3.00)
[Drone drone] Target position: (5.19, 0.00, 3.00)
