========================================
ResQoUnity Simulation Log
========================================
Timestamp:    Fri Feb 20 11:03:21 AM CST 2026
Robot Type:   go2
Robot Amount: 2
Terrain:      flat
Environment:  none
CPU Mode:     ENABLED (hardcoded for testing)
========================================

[INFO][AppLauncher]: Loading experience file: /home/kishi/IsaacLab-0.3.1/source/apps/orbit.python.kit
[Warning] [omni.isaac.kit.simulation_app] Modules: ['omniverse_sim'] were loaded before SimulationApp was started and might not be loaded correctly.
[Warning] [omni.isaac.kit.simulation_app] Please check to make sure no extra omniverse or pxr modules are imported before the call to SimulationApp(...)
Starting kit application with the following args:  ['/home/kishi/.local/share/ov/pkg/isaac-sim-2023.1.1/exts/omni.isaac.kit/omni/isaac/kit/simulation_app.py', '/home/kishi/IsaacLab-0.3.1/source/apps/orbit.python.kit', '--/app/tokens/exe-path=/home/kishi/.local/share/ov/pkg/isaac-sim-2023.1.1/kit', '--/persistent/app/viewport/displayOptions=3094', '--/rtx/materialDb/syncLoads=True', '--/rtx/hydra/materialSyncLoads=True', '--/omni.kit.plugin/syncUsdLoads=True', '--/app/renderer/resolution/width=1280', '--/app/renderer/resolution/height=720', '--/app/window/width=1440', '--/app/window/height=900', '--/renderer/multiGpu/enabled=True', '--/app/fastShutdown=True', '--ext-folder', '/home/kishi/.local/share/ov/pkg/isaac-sim-2023.1.1/exts', '--ext-folder', '/home/kishi/.local/share/ov/pkg/isaac-sim-2023.1.1/apps', '--/physics/cudaDevice=0', '--portable']
Passing the following args to the base kit application:  ['--robot', 'go2', '--robot_amount', '2', '--terrain', 'flat', '--custom_env', 'none', '--cpu']
Loading user config located at: '/home/kishi/.local/share/ov/pkg/isaac-sim-2023.1.1/kit/data/Kit/Isaac-Sim/2023.1/user.config.json'
[Info] [carb] Logging to file: /home/kishi/.local/share/ov/pkg/isaac-sim-2023.1.1/kit/logs/Kit/Isaac-Sim/2023.1/kit_20260220_110321.log
2026-02-20 17:03:21 [0ms] [Warning] [omni.kit.app.plugin] No crash reporter present, dumps uploading isn't available.
2026-02-20 17:03:21 [1ms] [Warning] [omni.ext.plugin] [ext: omni.replicator.core] Extensions config 'extension.toml' doesn't exist '/home/kishi/.local/share/ov/pkg/isaac-sim-2023.1.1/exts/omni.replicator.core' or '/home/kishi/.local/share/ov/pkg/isaac-sim-2023.1.1/exts/omni.replicator.core/config'
[0.041s] [ext: omni.kit.async_engine-0.0.0] startup
[0.179s] [ext: omni.activity.core-1.0.1] startup
[0.181s] [ext: omni.assets.plugins-0.0.0] startup
[0.181s] [ext: omni.stats-0.0.0] startup
[0.182s] [ext: omni.client-1.0.1] startup
[0.186s] [ext: omni.activity.profiler-1.0.2] startup
[0.187s] [ext: omni.gpu_foundation-0.0.0] startup
[0.195s] [ext: omni.rtx.shadercache.vulkan-1.0.0] startup
[0.196s] [ext: carb.windowing.plugins-1.0.0] startup
[0.204s] [ext: omni.kit.renderer.init-0.0.0] startup
2026-02-20 17:03:21 [279ms] [Warning] [gpu.foundation.plugin] Skipping unsupported non-NVIDIA GPU: Intel(R) UHD Graphics 770 (ADL-S GT1)
2026-02-20 17:03:21 [279ms] [Warning] [gpu.foundation.plugin] Skipping unsupported non-NVIDIA GPU: Intel(R) UHD Graphics 770 (ADL-S GT1)

|---------------------------------------------------------------------------------------------|
| Driver Version: 550.163.01    | Graphics API: Vulkan
|=============================================================================================|
| GPU | Name                             | Active | LDA | GPU Memory | Vendor-ID | LUID       |
|     |                                  |        |     |            | Device-ID | UUID       |
|     |                                  |        |     |            | Bus-ID    |            |
|---------------------------------------------------------------------------------------------|
| 0   | NVIDIA GeForce RTX 3080          | Yes: 0 |     | 10486   MB | 10de      | 0          |
|     |                                  |        |     |            | 2216      | 677e3bbe.. |
|     |                                  |        |     |            | 1         |            |
|---------------------------------------------------------------------------------------------|
| 1   | Intel(R) UHD Graphics 770 (ADL.. |        |     | 48010   MB | 8086      | 0          |
|     |                                  |        |     |            | 4680      | 86808046.. |
|     |                                  |        |     |            | 0         |            |
|=============================================================================================|
| OS: 22.04.5 LTS (Jammy Jellyfish) ubuntu, Version: 22.04.5, Kernel: 6.8.0-90-generic
| XServer Vendor: The X.Org Foundation, XServer Version: 12101004 (1.21.1.4)
| Processor: 12th Gen Intel(R) Core(TM) i9-12900K | Cores: 16 | Logical: 32
|---------------------------------------------------------------------------------------------|
| Total Memory (MB): 64013 | Free Memory: 51269
| Total Page/Swap (MB): 2047 | Free Page/Swap: 1213
|---------------------------------------------------------------------------------------------|
2026-02-20 17:03:21 [470ms] [Warning] [gpu.foundation.plugin] IOMMU is enabled. Found 12 items in /sys/kernel/iommu_groups/.
2026-02-20 17:03:21 [470ms] [Warning] [gpu.foundation.plugin] An input-output memory management unit (IOMMU) appears to be enabled on this system.
On bare-metal Linux systems, CUDA and the display driver do not support IOMMU-enabled PCIe peer to peer memory copy.
If you are on a bare-metal Linux system, please disable the IOMMU. Otherwise you risk image corruption and program instability.
This typically can be controlled via BIOS settings (Intel Virtualization Technology for Directed I/O (VT-d) or AMD I/O Virtualization Technology (AMD-Vi)) and kernel parameters (iommu, intel_iommu, amd_iommu).
Note that in virtual machines with GPU pass-through (vGPU) the IOMMU needs to be enabled.
Since we can not reliably detect whether this system is bare-metal or a virtual machine, we show this warning in any case when an IOMMU appears to be enabled.
2026-02-20 17:03:21 [470ms] [Warning] [gpu.foundation.plugin]  
2026-02-20 17:03:21 [470ms] [Warning] [gpu.foundation.plugin] -----------------------------------------------------------------------
2026-02-20 17:03:21 [470ms] [Warning] [gpu.foundation.plugin] !!!!! Local system validation failed! Incorrect configuration detected.
2026-02-20 17:03:21 [470ms] [Warning] [gpu.foundation.plugin]       Summary below. Details above.
2026-02-20 17:03:21 [470ms] [Warning] [gpu.foundation.plugin] -----------------------------------------------------------------------
2026-02-20 17:03:21 [470ms] [Warning] [gpu.foundation.plugin]  
2026-02-20 17:03:21 [470ms] [Warning] [gpu.foundation.plugin]  - ECC:                         OK
2026-02-20 17:03:21 [470ms] [Warning] [gpu.foundation.plugin]  - IOMMU:                       FAILED
2026-02-20 17:03:21 [470ms] [Warning] [gpu.foundation.plugin]  
2026-02-20 17:03:21 [470ms] [Warning] [gpu.foundation.plugin] -----------------------------------------------------------------------
[0.602s] [ext: omni.kit.pipapi-0.0.0] startup
[0.603s] [ext: omni.kit.pip_archive-0.0.0] startup
[0.604s] [ext: omni.pip.compute-1.2.0] startup
[0.604s] [ext: omni.pip.torch-2_0_1-2.0.2] startup
[0.631s] [ext: omni.pip.cloud-1.0.1] startup
[0.634s] [ext: omni.isaac.core_archive-2.2.1] startup
[0.634s] [ext: omni.isaac.ml_archive-1.1.3] startup
[0.634s] [ext: omni.kit.loop-isaac-1.1.0] startup
[0.634s] [ext: omni.kit.test-0.0.0] startup
[0.635s] [ext: omni.kit.telemetry-0.5.0] startup
[0.651s] [ext: omni.mtlx-0.1.0] startup
[0.652s] [ext: omni.usd.config-1.0.3] startup
[0.654s] [ext: omni.gpucompute.plugins-0.0.0] startup
[0.654s] [ext: omni.usd.libs-1.0.0] startup
[0.714s] [ext: omni.appwindow-1.1.5] startup
[0.936s] [ext: omni.kit.renderer.core-0.0.0] startup
[1.601s] [ext: omni.kit.renderer.capture-0.0.0] startup
[1.603s] [ext: omni.kit.renderer.imgui-0.0.0] startup
[1.646s] [ext: carb.audio-0.1.0] startup
[1.648s] [ext: omni.ui-2.18.5] startup
[1.654s] [ext: omni.uiaudio-1.0.0] startup
[1.655s] [ext: omni.kit.mainwindow-1.0.1] startup
[1.655s] [ext: omni.kit.uiapp-0.0.0] startup
[1.656s] [ext: omni.usd.schema.physics-0.0.0] startup
[1.729s] [ext: omni.usd.schema.omniscripting-1.0.0] startup
[1.734s] [ext: omni.usd.schema.scene.visualization-2.0.2] startup
[1.735s] [ext: omni.usd.schema.anim-0.0.0] startup
[1.749s] [ext: omni.usd.schema.geospatial-0.0.0] startup
[1.751s] [ext: omni.usd.schema.forcefield-0.0.0] startup
[1.754s] [ext: omni.usd.schema.physx-0.0.0] startup
[1.771s] [ext: omni.usd.schema.semantics-0.0.0] startup
[1.773s] [ext: omni.usd.schema.audio-0.0.0] startup
[1.775s] [ext: omni.usd.schema.isaac-2.0.1] startup
[1.780s] [ext: omni.usd.schema.omnigraph-1.0.0] startup
[1.784s] [ext: omni.usd_resolver-1.0.1] startup
[1.787s] [ext: omni.resourcemonitor-105.0.0] startup
[1.788s] [ext: omni.usd.core-1.1.8] startup
[1.791s] [ext: omni.graph.exec-0.3.0] startup
[1.791s] [ext: omni.timeline-1.0.9] startup
[1.792s] [ext: omni.kit.actions.core-1.0.0] startup
[1.793s] [ext: omni.kit.window.popup_dialog-2.0.23] startup
[1.796s] [ext: omni.hydra.usdrt_delegate-7.2.34] startup
[1.806s] [ext: omni.hydra.scene_delegate-0.3.2] startup
[1.811s] [ext: omni.kit.commands-1.4.6] startup
[1.813s] [ext: omni.kit.widget.nucleus_connector-1.1.4] startup
[1.814s] [ext: omni.kit.exec.core-0.5.0] startup
[1.816s] [ext: omni.kit.audiodeviceenum-1.0.1] startup
[1.816s] [ext: omni.kit.collaboration.telemetry-1.0.0] startup
[1.817s] [ext: omni.usd-1.10.18] startup
[1.853s] [ext: omni.kit.collaboration.channel_manager-1.0.11] startup
[1.854s] [ext: omni.kit.usd.layers-2.1.27] startup
[1.860s] [ext: omni.kit.menu.utils-1.5.6] startup
[1.865s] [ext: omni.iray.libs-0.0.0] startup
[1.868s] [ext: omni.kit.primitive.mesh-1.0.15] startup
[1.870s] [ext: omni.mdl.neuraylib-0.2.0] startup
[1.871s] [ext: omni.kit.stage_templates-1.1.20] startup
[1.872s] [ext: omni.mdl-0.2.1] startup
[1.883s] [ext: omni.kit.viewport.registry-104.0.5] startup
[1.884s] [ext: omni.kit.widget.nucleus_info-1.0.2] startup
[1.884s] [ext: omni.kit.helper.file_utils-0.1.6] startup
[1.902s] [ext: omni.kit.search_core-1.0.5] startup
[1.902s] [ext: omni.kit.widget.filebrowser-2.3.35] startup
[1.905s] [ext: omni.kit.widget.path_field-2.0.8] startup
[1.906s] [ext: omni.kit.notification_manager-1.0.6] startup
[1.906s] [ext: omni.kit.widget.browser_bar-2.0.9] startup
[1.907s] [ext: omni.ui.scene-1.7.0] startup
[1.910s] [ext: omni.inspect-1.0.1] startup
[1.911s] [ext: omni.kit.widget.search_delegate-1.0.4] startup
[1.912s] [ext: omni.kit.widget.versioning-1.4.6] startup
[1.913s] [ext: omni.hydra.engine.stats-1.0.1] startup
[1.916s] [ext: omni.graph.tools-1.41.3] startup
[1.925s] [ext: omni.graph.core-2.139.12] startup
[1.928s] [ext: omni.kit.clipboard-1.0.3] startup
[1.929s] [ext: omni.volume-0.4.0] startup
[1.930s] [ext: omni.kit.window.filepicker-2.10.13] startup
[1.936s] [ext: omni.hydra.rtx-0.1.0] startup
[1.943s] [ext: omni.hydra.pxr-1.1.6] startup
[1.947s] [ext: omni.kit.window.file_importer-1.0.22] startup
[1.948s] [ext: omni.kit.hydra_texture-1.1.12] startup
[1.952s] [ext: omni.kit.viewport.legacy_gizmos-1.0.14] startup
[1.955s] [ext: omni.kit.window.file_exporter-1.0.22] startup
[1.955s] [ext: omni.kit.window.drop_support-1.0.1] startup
[1.955s] [ext: omni.kit.widget.viewport-105.1.7] startup
[1.959s] [ext: omni.kit.material.library-1.3.41] startup
[1.961s] [ext: omni.kit.window.file-1.3.44] startup
[1.962s] [ext: omni.kit.viewport.window-105.1.12] startup
[1.971s] [ext: omni.command.usd-1.0.2] startup
[1.972s] [ext: omni.kit.viewport.utility-1.0.16] startup
[1.972s] [ext: omni.kit.selection-0.1.3] startup
[1.973s] [ext: usdrt.scenegraph-7.2.34] startup
[2.000s] [ext: omni.kit.usd_undo-0.1.2] startup
[2.000s] [ext: omni.kit.menu.edit-1.1.14] startup
[2.001s] [ext: omni.graph-1.106.1] startup
[2.079s] [ext: omni.kit.menu.file-1.1.7] startup
[2.081s] [ext: omni.isaac.kit-1.4.7] startup
[2.082s] [ext: omni.graph.action-1.55.1] startup
[2.125s] [ext: omni.kvdb-0.0.0] startup
[2.126s] [ext: omni.kit.collaboration.presence_layer-1.0.8] startup
[2.128s] [ext: omni.localcache-0.0.0] startup
[2.129s] [ext: omni.kit.widget.options_menu-1.0.5] startup
[2.131s] [ext: omni.physx.foundation-105.1.12-5.1] startup
[2.131s] [ext: omni.kit.menu.create-1.0.11] startup
[2.132s] [ext: omni.usdphysics-105.1.12-5.1] startup
[2.135s] [ext: omni.convexdecomposition-105.1.12-5.1] startup
[2.139s] [ext: omni.kit.widget.filter-1.1.2] startup
[2.140s] [ext: omni.kit.hotkeys.core-1.3.0] startup
[2.143s] [ext: omni.kit.context_menu-1.6.8] startup
[2.145s] [ext: omni.physx.cooking-105.1.12-5.1] startup
[2.152s] [ext: omni.kit.window.content_browser_registry-0.0.1] startup
[2.154s] [ext: omni.kit.widget.stage-2.9.6] startup
[2.166s] [ext: omni.kit.widget.stage_icons-1.0.4] startup
[2.168s] [ext: omni.physics.tensors-0.1.0] startup
[2.174s] [ext: omni.physx-105.1.12-5.1] startup
2026-02-20 17:03:23 [2,165ms] [Warning] [omni.stageupdate.plugin] Deprecated: direct use of IStageUpdate callbacks is deprecated. Use IStageUpdate::getStageUpdate instead.
[2.189s] [ext: omni.kit.window.content_browser-2.7.17] startup
[2.199s] [ext: omni.kit.numpy.common-0.1.2] startup
[2.200s] [ext: omni.kit.window.stage-2.4.4] startup
[2.203s] [ext: omni.warp.core-1.0.0-beta.2] startup
Warp 1.0.0-beta.2 initialized:
   CUDA Toolkit: 11.5, Driver: 12.4
   Devices:
     "cpu"    | x86_64
     "cuda:0" | NVIDIA GeForce RTX 3080 (sm_86)
   Kernel cache: /home/kishi/.cache/warp/1.0.0-beta.2
[2.289s] [ext: omni.physx.tensors-0.1.0] startup
[2.294s] [ext: omni.isaac.version-1.0.3] startup
[2.295s] [ext: omni.isaac.dynamic_control-1.2.6] startup
[2.302s] [ext: omni.kit.menu.stage-1.2.3] startup
[2.304s] [ext: omni.isaac.core-3.3.2] startup
[3.027s] [ext: omni.kit.widget.highlight_label-1.0.1] startup
[3.028s] [ext: omni.kit.widget.searchable_combobox-1.0.5] startup
[3.029s] [ext: omni.kit.widget.searchfield-1.1.3] startup
[3.030s] [ext: omni.kit.widget.graph-1.8.4] startup
[3.033s] [ext: omni.ui_query-1.1.1] startup
[3.034s] [ext: omni.kit.manipulator.viewport-104.0.9] startup
[3.035s] [ext: omni.kit.widget.settings-1.0.6] startup
[3.037s] [ext: omni.kit.window.property-1.9.6] startup
[3.039s] [ext: omni.kit.window.extensions-1.3.0] startup
[3.042s] [ext: omni.kit.ui_test-1.2.13] startup
[3.044s] [ext: omni.graph.visualization.nodes-2.1.1] startup
[3.053s] [ext: omni.kit.profiler.window-2.1.2] startup
/home/kishi/.local/share/ov/pkg/isaac-sim-2023.1.1/exts/omni.isaac.core_archive/pip_prebundle/gunicorn/util.py:25: UserWarning: pkg_resources is deprecated as an API. See https://setuptools.pypa.io/en/latest/pkg_resources.html. The pkg_resources package is slated for removal as early as 2025-11-30. Refrain from using this package or pin to Setuptools<81.
  import pkg_resources
2026-02-20 17:03:24 [3,133ms] [Warning] [omni.kit.profiler.window] remove _SpanInstance.__lt__ and use insort 'key' arg instead
[3.158s] [ext: omni.isaac.ui-0.13.5] startup
[3.164s] [ext: omni.kit.window.preferences-1.3.23] startup
[3.168s] [ext: omni.kit.widget.prompt-1.0.6] startup
[3.169s] [ext: omni.isaac.utils-0.6.0] startup
[3.177s] [ext: omni.kit.widget.live_session_management-1.2.22] startup
[3.180s] [ext: omni.isaac.cloner-0.7.2] startup
[3.181s] [ext: omni.kit.widget.layers-1.6.32] startup
[3.189s] [ext: omni.kit.raycast.query-1.0.1] startup
[3.196s] [ext: omni.kit.widget.toolbar-1.5.6] startup
[3.202s] [ext: omni.kit.manipulator.transform-104.6.15] startup
[3.203s] [ext: omni.kit.widget.spinner-1.0.6] startup
[3.205s] [ext: omni.kit.window.cursor-1.1.2] startup
[3.205s] [ext: omni.kit.manipulator.tool.snap-1.4.2] startup
[3.210s] [ext: omni.kit.manipulator.selector-1.0.1] startup
[3.212s] [ext: omni.kit.viewport.menubar.core-105.0.19] startup
[3.220s] [ext: omni.kit.viewport.actions-105.1.6] startup
[3.224s] [ext: omni.kit.manipulator.prim-105.0.11] startup
[3.229s] [ext: omni.kit.viewport.menubar.camera-105.1.9] startup
[3.233s] [ext: omni.kit.viewport.menubar.display-105.1.0] startup
[3.234s] [ext: omni.kit.viewport.menubar.render-105.1.1] startup
[3.236s] [ext: omni.kit.viewport.menubar.settings-105.0.9] startup
[3.240s] [ext: omni.kit.manipulator.selection-104.0.8] startup
[3.241s] [ext: omni.kit.manipulator.camera-105.0.4] startup
[3.243s] [ext: omni.rtx.window.settings-0.6.9] startup
[3.247s] [ext: semantics.schema.editor-0.3.4] startup
[3.250s] [ext: omni.kit.viewport.bundle-104.0.1] startup
[3.250s] [ext: omni.hydra.pxr.settings-1.0.5] startup
[3.251s] [ext: omni.activity.pump-1.0.0] startup
[3.252s] [ext: omni.kit.property.layer-1.1.5] startup
[3.254s] [ext: omni.kit.property.usd-3.21.15] startup
[3.261s] [ext: omni.kit.viewport.menubar.lighting-105.0.7] startup
[3.263s] [ext: omni.kit.viewport.pxr-104.0.1] startup
[3.263s] [ext: omni.kit.viewport.ready-1.0.5] startup
[3.265s] [ext: omni.kit.viewport.rtx-104.0.0] startup
[3.265s] [ext: omni.kit.property.audio-1.0.9] startup
[3.268s] [ext: omni.kit.widget.live-2.1.6] startup
[3.269s] [ext: omni.debugdraw-0.1.2] startup
[3.274s] [ext: omni.kit.property.camera-1.0.5] startup
[3.276s] [ext: omni.kit.property.light-1.0.8] startup
[3.277s] [ext: omni.kit.property.geometry-1.2.11] startup
[3.280s] [ext: omni.kit.widget.cache_indicator-2.0.8] startup
[3.282s] [ext: omni.usdphysics.ui-105.1.12-5.1] startup
2026-02-20 17:03:24 [3,259ms] [Warning] [omni.kit.widget.cache_indicator.cache_state_menu] Unable to detect Omniverse Cache Server. File /home/kishi/.nvidia-omniverse/config/omniverse.toml is not found. Consider installing it for better IO performance.
[3.307s] [ext: omni.physx.commands-105.1.12-5.1] startup
[3.310s] [ext: omni.kit.property.skel-1.0.4] startup
[3.312s] [ext: omni.kit.property.render-1.1.1] startup
[3.315s] [ext: omni.kit.window.commands-0.2.4] startup
[3.316s] [ext: omni.physx.ui-105.1.12-5.1] startup
[3.339s] [ext: omni.hydra.scene_api-0.1.2] startup
[3.347s] [ext: usdrt.gf-1.0.2] startup
[3.347s] [ext: omni.kit.widget.text_editor-1.0.2] startup
[3.349s] [ext: omni.kit.property.material-1.8.36] startup
[3.351s] [ext: omni.kit.property.transform-1.3.10] startup
[3.355s] [ext: omni.physx.demos-105.1.12-5.1] startup
[3.357s] [ext: omni.kit.property.physx-0.1.0] startup
[3.402s] [ext: omni.kit.property.bundle-1.2.9] startup
[3.404s] [ext: omni.kit.actions.window-1.1.0] startup
[3.406s] [ext: omni.kit.window.console-0.2.10] startup
[3.414s] [ext: omni.kit.window.script_editor-1.7.4] startup
[3.417s] [ext: omni.physx.camera-105.1.12-5.1] startup
[3.423s] [ext: omni.kit.property.isaac-0.2.2] startup
[3.425s] [ext: omni.kit.hotkeys.window-1.4.1] startup
[3.428s] [ext: omni.isaac.debug_draw-0.6.1] startup
2026-02-20 17:03:24 [3,410ms] [Warning] [omni.stageupdate.plugin] Deprecated: direct use of IStageUpdate callbacks is deprecated. Use IStageUpdate::getStageUpdate instead.
2026-02-20 17:03:24 [3,410ms] [Warning] [omni.stageupdate.plugin] Deprecated: direct use of IStageUpdate callbacks is deprecated. Use IStageUpdate::getStageUpdate instead.
[3.435s] [ext: omni.physx.graph-105.1.12-5.1] startup
[3.445s] [ext: omni.kit.window.toolbar-1.5.4] startup
[3.447s] [ext: omni.kit.widget.zoombar-1.0.5] startup
[3.448s] [ext: omni.physx.cct-105.1.12-5.1] startup
[3.460s] [ext: omni.physx.vehicle-105.1.12-5.1] startup
[3.469s] [ext: omni.physx.supportui-105.1.12-5.1] startup
[3.481s] [ext: omni.kit.browser.core-2.3.10] startup
[3.484s] [ext: omni.kit.window.status_bar-0.1.6] startup
[3.488s] [ext: omni.kit.window.title-1.1.3] startup
[3.489s] [ext: omni.physx.bundle-105.1.12-5.1] startup
[3.489s] [ext: omni.kit.browser.folder.core-1.9.7] startup
[3.492s] [ext: omni.kit.graph.delegate.default-1.1.1] startup
[3.493s] [ext: omni.graph.image.core-0.1.0] startup
[3.494s] [ext: omni.graph.nodes-1.106.3] startup
[3.637s] [ext: omni.kit.browser.sample-1.4.6] startup
[3.639s] [ext: omni.kit.widget.material_preview-1.0.8] startup
[3.641s] [ext: omni.kit.graph.usd.commands-1.3.0] startup
[3.642s] [ext: omni.kit.graph.editor.core-1.5.1] startup
[3.644s] [ext: omni.kit.renderer.cuda_interop-1.0.1] startup
[3.646s] [ext: omni.syntheticdata-0.4.10] startup
[3.666s] [ext: omni.warp-1.0.0-beta.2] startup
[3.714s] [ext: omni.kit.window.material_graph-1.8.11] startup
[3.725s] [ext: omni.graph.scriptnode-1.1.6] startup
[3.730s] [ext: omni.kit.stage_column.payload-1.0.12] startup
[3.732s] [ext: omni.kit.livestream.core-2.3.0] startup
[3.734s] [ext: omni.kit.streamsdk.plugins-2.5.2] startup
[3.734s] [ext: omni.replicator.core-1.10.20] startup
2026-02-20 17:03:25 [3,727ms] [Warning] [omni.replicator.core.scripts.annotators] Annotator PostProcessDispatch is already registered, overwriting annotator template
[3.879s] [ext: semantics.schema.property-1.0.2] startup
[3.881s] [ext: omni.rtx.settings.core-0.5.13] startup
[3.885s] [ext: omni.kit.stage_column.variant-1.0.13] startup
[3.886s] [ext: omni.kit.menu.common-1.1.4] startup
[3.888s] [ext: omni.kit.livestream.native-2.4.0] startup

Active user not found. Using default user [kiosk]Streaming server started.
[9.238s] [ext: omni.kit.window.stats-0.1.4] startup
[9.239s] [ext: orbit.python-2023.1.1] startup
[9.240s] Simulation App Starting
2026-02-20 17:03:30 [9,235ms] [Warning] [omni.kit.widget.settings.settings_model] a value for setting /rtx/ecoMode/enabled has been requested but is not available
2026-02-20 17:03:30 [9,235ms] [Warning] [omni.kit.widget.settings.settings_model] a value for setting /rtx/directLighting/enabled has been requested but is not available
2026-02-20 17:03:30 [9,235ms] [Warning] [omni.kit.widget.settings.settings_model] a value for setting /rtx/reflections/enabled has been requested but is not available
2026-02-20 17:03:30 [9,235ms] [Warning] [omni.kit.widget.settings.settings_model] a value for setting /rtx/translucency/enabled has been requested but is not available
2026-02-20 17:03:30 [9,235ms] [Warning] [omni.kit.widget.settings.settings_model] a value for setting /rtx/raytracing/subsurface/enabled has been requested but is not available
2026-02-20 17:03:30 [9,235ms] [Warning] [omni.kit.widget.settings.settings_model] a value for setting /rtx/caustics/enabled has been requested but is not available
2026-02-20 17:03:31 [10,303ms] [Warning] [omni.kit.hotkeys.core.registry] [Hotkey] duplicated action as SPACE (On Press) with omni.kit.widget.toolbar.omni.kit.widget.toolbar::toolbar::play!
2026-02-20 17:03:31 [10,303ms] [Warning] [omni.kit.hotkeys.core.registry] [Hotkey] Cannot register Global [omni.kit.widget.toolbar] omni.kit.widget.toolbar::toolbar::play.SPACE, error code: Duplicated action definition
[11.113s] app ready
2026-02-20 17:03:32 [11,325ms] [Warning] [omni.kit.hotkeys.core.registry] [Hotkey] duplicated action as SPACE (On Press) with omni.kit.widget.toolbar.omni.kit.widget.toolbar::toolbar::play!
2026-02-20 17:03:32 [11,325ms] [Warning] [omni.kit.hotkeys.core.registry] [Hotkey] Cannot register Global [omni.kit.widget.toolbar] omni.kit.widget.toolbar::toolbar::play.SPACE, error code: Duplicated action definition
[11.475s] RTX ready
[11.683s] Simulation App Startup Complete
[11.732s] [ext: omni.kit.stagerecorder.core-105.0.4] startup
[11.745s] [ext: omni.sensors.nv.materials-1000.0.0-isaacsim.2023.1.1] startup
[11.747s] [ext: omni.sensors.nv.common-1000.0.0-isaacsim.2023.1.1] startup
[11.769s] [ext: omni.sensors.nv.wpm-1000.0.0-isaacsim.2023.1.1] startup
[11.770s] [ext: omni.isaac.core_nodes-1.7.1] startup
[11.792s] [ext: omni.isaac.range_sensor-2.0.2] startup
[11.917s] [ext: omni.sensors.nv.lidar-1000.0.1-isaacsim.2023.1.1] startup
[11.921s] [ext: omni.sensors.nv.radar-1000.0.0-isaacsim.2023.1.1] startup
[11.925s] [ext: omni.isaac.sensor-9.11.1] startup
[12.195s] [ext: omni.isaac.ros2_bridge-2.5.1] startup
[12.211s] Attempting to load system rclpy
[12.232s] rclpy loaded
================================================================================
SIMULATION LOG - 2026-02-20 11:03:34
Log file: /home/kishi/ResQoUnity/logs/simulation/drone_sim_20260220_110334.log
================================================================================

[INFO] CPU physics mode enabled - GPU PhysX disabled
[INFO] Creating environment: Isaac-Velocity-Rough-Unitree-Go2-v0
[INFO] Robot: go2, Amount: 2, Terrain: flat
[13.262s] [ext: omni.physx.fabric-105.1.12-5.1] startup
[INFO]: Base environment:
	Environment device    : cpu
	Physics step-size     : 0.005
	Rendering step-size   : 0.005
	Environment step-size : 0.02
	Physics GPU pipeline  : True
	Physics GPU simulation: True
[INFO]: Time taken for scene creation : 0.303030 seconds
[INFO]: Scene manager:  <class InteractiveScene>
	Number of environments: 2
	Environment spacing   : 2.5
	Source prim name      : /World/envs/env_0
	Global prim paths     : ['/World/ground']
	Replicate physics     : True
[INFO]: Starting the simulation. This may take a few seconds. Please wait...
2026-02-20 17:03:34 [13,646ms] [Warning] [omni.fabric.plugin] No source has valid data array=0x2afaa120 usdValid=0 cpuValid=0
2026-02-20 17:03:35 [14,193ms] [Warning] [omni.hydra.scene_delegate.plugin] Calling getBypassRenderSkelMeshProcessing for prim /World/envs/env_0/Robot/RR_foot/visuals.proto_mesh_0_id0 that has not been populated
2026-02-20 17:03:35 [14,194ms] [Warning] [omni.hydra] Mesh '/World/envs/env_0/Robot/RL_calf/visuals.proto_mesh_0_id0' has corrupted data in primvar 'st_1': buffer size 19536 doesn't match expected size 25806 in faceVarying primvars
2026-02-20 17:03:35 [14,194ms] [Warning] [omni.hydra] Mesh '/World/envs/env_0/Robot/FR_calf/visuals.proto_mesh_0_id0' has corrupted data in primvar 'st_1': buffer size 19536 doesn't match expected size 25806 in faceVarying primvars
2026-02-20 17:03:35 [14,194ms] [Warning] [omni.hydra] Mesh '/World/envs/env_0/Robot/RL_calf/visuals.proto_mesh_0_id0' has corrupted data in primvar 'st': buffer size 6270 doesn't match expected size 25806 in faceVarying primvars
2026-02-20 17:03:35 [14,194ms] [Warning] [omni.hydra] Mesh '/World/envs/env_0/Robot/FR_calf/visuals.proto_mesh_0_id0' has corrupted data in primvar 'st': buffer size 6270 doesn't match expected size 25806 in faceVarying primvars
2026-02-20 17:03:35 [14,194ms] [Warning] [omni.hydra] Mesh '/World/envs/env_0/Robot/FL_calf/visuals.proto_mesh_0_id0' has corrupted data in primvar 'st_1': buffer size 19536 doesn't match expected size 25806 in faceVarying primvars
2026-02-20 17:03:35 [14,194ms] [Warning] [omni.hydra] Mesh '/World/envs/env_0/Robot/FL_calf/visuals.proto_mesh_0_id0' has corrupted data in primvar 'st': buffer size 6270 doesn't match expected size 25806 in faceVarying primvars
2026-02-20 17:03:35 [14,194ms] [Warning] [omni.hydra] Mesh '/World/envs/env_0/Robot/RL_thigh/visuals.proto_mesh_0_id0' has corrupted data in primvar 'st_1': buffer size 55278 doesn't match expected size 90402 in faceVarying primvars
2026-02-20 17:03:35 [14,194ms] [Warning] [omni.hydra] Mesh '/World/envs/env_0/Robot/RR_calf/visuals.proto_mesh_0_id0' has corrupted data in primvar 'st_1': buffer size 19536 doesn't match expected size 25806 in faceVarying primvars
2026-02-20 17:03:35 [14,194ms] [Warning] [omni.hydra] Mesh '/World/envs/env_0/Robot/FR_hip/visuals.proto_mesh_0_id0' has corrupted data in primvar 'st_1': buffer size 54198 doesn't match expected size 111120 in faceVarying primvars
2026-02-20 17:03:35 [14,194ms] [Warning] [omni.hydra] Mesh '/World/envs/env_0/Robot/RL_thigh/visuals.proto_mesh_0_id0' has corrupted data in primvar 'st': buffer size 35124 doesn't match expected size 90402 in faceVarying primvars
2026-02-20 17:03:35 [14,194ms] [Warning] [omni.hydra] Mesh '/World/envs/env_0/Robot/RR_calf/visuals.proto_mesh_0_id0' has corrupted data in primvar 'st': buffer size 6270 doesn't match expected size 25806 in faceVarying primvars
2026-02-20 17:03:35 [14,194ms] [Warning] [omni.hydra] Mesh '/World/envs/env_0/Robot/FR_hip/visuals.proto_mesh_0_id0' has corrupted data in primvar 'st': buffer size 56922 doesn't match expected size 111120 in faceVarying primvars
2026-02-20 17:03:35 [14,194ms] [Warning] [omni.hydra] Mesh '/World/envs/env_0/Robot/FL_hip/visuals.proto_mesh_0_id0' has corrupted data in primvar 'st_1': buffer size 54198 doesn't match expected size 111120 in faceVarying primvars
2026-02-20 17:03:35 [14,194ms] [Warning] [omni.hydra] Mesh '/World/envs/env_0/Robot/FL_hip/visuals.proto_mesh_0_id0' has corrupted data in primvar 'st': buffer size 56922 doesn't match expected size 111120 in faceVarying primvars
2026-02-20 17:03:35 [14,194ms] [Warning] [omni.hydra] Mesh '/World/envs/env_0/Robot/RR_hip/visuals.proto_mesh_0_id0' has corrupted data in primvar 'st_1': buffer size 54198 doesn't match expected size 111120 in faceVarying primvars
2026-02-20 17:03:35 [14,194ms] [Warning] [omni.hydra] Mesh '/World/envs/env_0/Robot/RR_hip/visuals.proto_mesh_0_id0' has corrupted data in primvar 'st': buffer size 56922 doesn't match expected size 111120 in faceVarying primvars
2026-02-20 17:03:35 [14,194ms] [Warning] [omni.hydra] Mesh '/World/envs/env_0/Robot/base/visuals.proto_mesh_0_id0' has corrupted data in primvar 'st_4': buffer size 30390 doesn't match expected size 233784 in faceVarying primvars
2026-02-20 17:03:35 [14,194ms] [Warning] [omni.hydra] Mesh '/World/envs/env_0/Robot/base/visuals.proto_mesh_0_id0' has corrupted data in primvar 'st_3': buffer size 11886 doesn't match expected size 233784 in faceVarying primvars
2026-02-20 17:03:35 [14,194ms] [Warning] [omni.hydra] Mesh '/World/envs/env_0/Robot/base/visuals.proto_mesh_0_id0' has corrupted data in primvar 'st_1': buffer size 6960 doesn't match expected size 233784 in faceVarying primvars
2026-02-20 17:03:35 [14,194ms] [Warning] [omni.hydra] Mesh '/World/envs/env_0/Robot/base/visuals.proto_mesh_0_id0' has corrupted data in primvar 'st_2': buffer size 6015 doesn't match expected size 233784 in faceVarying primvars
2026-02-20 17:03:35 [14,194ms] [Warning] [omni.hydra] Mesh '/World/envs/env_0/Robot/RR_thigh/visuals.proto_mesh_0_id0' has corrupted data in primvar 'st_1': buffer size 55254 doesn't match expected size 90378 in faceVarying primvars
2026-02-20 17:03:35 [14,194ms] [Warning] [omni.hydra] Mesh '/World/envs/env_0/Robot/base/visuals.proto_mesh_0_id0' has corrupted data in primvar 'st': buffer size 178533 doesn't match expected size 233784 in faceVarying primvars
2026-02-20 17:03:35 [14,194ms] [Warning] [omni.hydra] Mesh '/World/envs/env_0/Robot/RR_thigh/visuals.proto_mesh_0_id0' has corrupted data in primvar 'st': buffer size 35124 doesn't match expected size 90378 in faceVarying primvars
2026-02-20 17:03:35 [14,194ms] [Warning] [omni.hydra] Mesh '/World/envs/env_0/Robot/FR_thigh/visuals.proto_mesh_0_id0' has corrupted data in primvar 'st_1': buffer size 55254 doesn't match expected size 90378 in faceVarying primvars
2026-02-20 17:03:35 [14,194ms] [Warning] [omni.hydra] Mesh '/World/envs/env_0/Robot/FR_thigh/visuals.proto_mesh_0_id0' has corrupted data in primvar 'st': buffer size 35124 doesn't match expected size 90378 in faceVarying primvars
2026-02-20 17:03:35 [14,194ms] [Warning] [omni.hydra] Mesh '/World/envs/env_0/Robot/FL_thigh/visuals.proto_mesh_0_id0' has corrupted data in primvar 'st_1': buffer size 55278 doesn't match expected size 90402 in faceVarying primvars
2026-02-20 17:03:35 [14,195ms] [Warning] [omni.hydra] Mesh '/World/envs/env_0/Robot/FL_thigh/visuals.proto_mesh_0_id0' has corrupted data in primvar 'st': buffer size 35124 doesn't match expected size 90402 in faceVarying primvars
2026-02-20 17:03:35 [14,195ms] [Warning] [omni.hydra] Mesh '/World/envs/env_0/Robot/RL_hip/visuals.proto_mesh_0_id0' has corrupted data in primvar 'st_1': buffer size 54198 doesn't match expected size 111120 in faceVarying primvars
2026-02-20 17:03:35 [14,195ms] [Warning] [omni.hydra] Mesh '/World/envs/env_0/Robot/RL_hip/visuals.proto_mesh_0_id0' has corrupted data in primvar 'st': buffer size 56922 doesn't match expected size 111120 in faceVarying primvars
2026-02-20 17:03:35 [14,368ms] [Warning] [omni.timeline.plugin] Deprecated: direct use of ITimeline callbacks is deprecated. Use ITimeline::getTimeline (Python: omni.timeline.get_timeline_interface) instead.
2026-02-20 17:03:35 [14,369ms] [Warning] [omni.timeline.plugin] Deprecated: direct use of ITimeline callbacks is deprecated. Use ITimeline::getTimeline (Python: omni.timeline.get_timeline_interface) instead.
[INFO]: Time taken for simulation start : 0.839993 seconds
[INFO] Command Manager:  <CommandManager> contains 1 active terms.
+------------------------------------------------+
|              Active Command Terms              |
+-------+---------------+------------------------+
| Index | Name          |          Type          |
+-------+---------------+------------------------+
|   0   | base_velocity | UniformVelocityCommand |
+-------+---------------+------------------------+

[INFO] Action Manager:  <ActionManager> contains 1 active terms.
+------------------------------------+
|  Active Action Terms (shape: 12)   |
+--------+-------------+-------------+
| Index  | Name        |   Dimension |
+--------+-------------+-------------+
|   0    | joint_pos   |          12 |
+--------+-------------+-------------+

Module omni.isaac.orbit.utils.warp.kernels load on device 'cpu' took 1.71 ms
[INFO] Observation Manager: <ObservationManager> contains 1 groups.
+----------------------------------------------------------+
| Active Observation Terms in Group: 'policy' (shape: (235,)) |
+-----------+--------------------------------+-------------+
|   Index   | Name                           |    Shape    |
+-----------+--------------------------------+-------------+
|     0     | base_lin_vel                   |     (3,)    |
|     1     | base_ang_vel                   |     (3,)    |
|     2     | projected_gravity              |     (3,)    |
|     3     | velocity_commands              |     (3,)    |
|     4     | joint_pos                      |    (12,)    |
|     5     | joint_vel                      |    (12,)    |
|     6     | actions                        |    (12,)    |
|     7     | height_scan                    |    (187,)   |
+-----------+--------------------------------+-------------+

[INFO] Event Manager:  <EventManager> contains 1 active terms.
+--------------------------------------+
| Active Event Terms in Mode: 'startup' |
+----------+---------------------------+
|  Index   | Name                      |
+----------+---------------------------+
|    0     | physics_material          |
+----------+---------------------------+

[INFO] Termination Manager:  <TerminationManager> contains 2 active terms.
+---------------------------------+
|     Active Termination Terms    |
+-------+--------------+----------+
| Index | Name         | Time Out |
+-------+--------------+----------+
|   0   | time_out     |   True   |
|   1   | base_contact |  False   |
+-------+--------------+----------+

[INFO] Reward Manager:  <RewardManager> contains 10 active terms.
+-----------------------------------------+
|           Active Reward Terms           |
+-------+----------------------+----------+
| Index | Name                 |   Weight |
+-------+----------------------+----------+
|   0   | track_lin_vel_xy_exp |      1.5 |
|   1   | track_ang_vel_z_exp  |     0.75 |
|   2   | lin_vel_z_l2         |     -2.0 |
|   3   | ang_vel_xy_l2        |    -0.05 |
|   4   | dof_torques_l2       |  -0.0002 |
|   5   | dof_acc_l2           | -2.5e-07 |
|   6   | action_rate_l2       |    -0.01 |
|   7   | feet_air_time        |     0.01 |
|   8   | flat_orientation_l2  |      0.0 |
|   9   | dof_pos_limits       |      0.0 |
+-------+----------------------+----------+

[INFO] Curriculum Manager:  <CurriculumManager> contains 0 active terms.
+----------------------+
| Active Curriculum Terms |
+-----------+----------+
|   Index   | Name     |
+-----------+----------+
+-----------+----------+

Creating window for environment.
[INFO]: Completed setting up the environment...
[INFO] Environment created successfully!
[INFO] ========================================
[INFO] PHYSICS MODE: CPU (GPU PhysX DISABLED)
[INFO] Direct pose manipulation is ALLOWED
[INFO] ========================================
[INFO] Environment wrapped for RSL-RL
[INFO] Loading experiment from directory: /home/kishi/ResQoUnity/logs/rsl_rl/unitree_go2_rough
[INFO]: Loading model checkpoint from: /home/kishi/ResQoUnity/logs/rsl_rl/unitree_go2_rough/2024-04-06_02-37-07/model_7850.pt
/tmp/rsl_rl/rsl_rl/utils/utils.py:326: UserWarning: The observation configuration dictionary 'obs_groups' must contain the 'critic' key. As the configuration for 'critic' is missing, the observations from the 'policy' set are used. Consider adding the 'critic' key to the 'obs_groups' dictionary for clarity. This behavior will be removed in a future version.
  warnings.warn(
--------------------------------------------------------------------------------
Resolved observation sets: 
	 policy :  ['policy']
	 critic :  ['policy']
--------------------------------------------------------------------------------
Actor MLP: MLP(
  (0): Linear(in_features=235, out_features=512, bias=True)
  (1): ELU(alpha=1.0)
  (2): Linear(in_features=512, out_features=256, bias=True)
  (3): ELU(alpha=1.0)
  (4): Linear(in_features=256, out_features=128, bias=True)
  (5): ELU(alpha=1.0)
  (6): Linear(in_features=128, out_features=12, bias=True)
)
Critic MLP: MLP(
  (0): Linear(in_features=235, out_features=512, bias=True)
  (1): ELU(alpha=1.0)
  (2): Linear(in_features=512, out_features=256, bias=True)
  (3): ELU(alpha=1.0)
  (4): Linear(in_features=256, out_features=128, bias=True)
  (5): ELU(alpha=1.0)
  (6): Linear(in_features=128, out_features=1, bias=True)
)
[INFO]: Checkpoint loaded successfully
[INFO] Resetting environment and getting initial observations...
[INFO] Environment reset complete, starting simulation loop...
[INFO] Spawning world-level drone alongside environment robots...
[INFO] Spawning drone at /World/Drone (inside env for physics stepping)
[INFO] Drone USD loaded at /World/Drone
[INFO] Drone spawned at position (0.0, 0.0, 2.5)
[INFO] ArticulationView will be initialized after first physics step
[Drone drone] Mode: DISARMED → IDLE

================================================================================
DRONE DEBUG LOGGER INITIALIZED FOR world_drone
================================================================================

[INFO] Drone controller initialized in ARMED mode (auto-armed)
[INFO] Mode set to IDLE - will switch to LOITER after spawn
[INFO] Debug logger enabled - verbose output active
[INFO] Drone bottom camera initialized
[INFO] Drone ROS2 publishers initialized on /drone namespace
[INFO] Adding /drone namespace ROS2 interface
[INFO] Drone topics created: cmd_vel, cmd_position, cmd_altitude
[INFO] Drone services created:
  - /drone/arm: True
  - /drone/takeoff: True
  - /drone/land: True
  - /drone/emergency_stop: True
[INFO] Drone control interface ready on /drone namespace
[INFO] Setting up viewport camera...
[INFO] Camera positioned to view robot
[INFO] Robot(s) should now be visible in the viewport!
[INFO] Use these controls to navigate:
  - Press 'F' to focus on robot
  - Mouse wheel: Zoom in/out
  - Middle mouse: Pan camera
  - Alt+Left mouse: Orbit view
  - WASD keys: Move robot (forward/back/left/right)
  - Q/E keys: Rotate left/right
2026-02-20 17:03:37 [16,195ms] [Warning] [rtx.rtxsensor.plugin] Using User-specified coordinate frame quaternion (0.000000, 0.000000, 0.000000, 1.000000) in RTXSensor
[INFO] Initializing ArticulationView after physics step...
[INFO] Drone mass set to: 0.5 kg (Crazyflie scaled estimate)
[INFO] Using Hybrid Physics-Velocity Control (GPU PhysX compatible)
[INFO] Forces → Acceleration → Velocity integration (F=ma)
[INFO] LOITER target set to spawn position: (0.00, 0.00, 2.50)
[SAFETY] World drone initialized:
  Current pos: (0.000, 0.000, 2.498)
  Target pos:  (0.000, 0.000, 2.498)
  Mode: IDLE, Armed: True
[INIT] Drone spawned at position: (0.000, 0.000, 2.498)
[INIT] Initial velocity: (0.000, 0.000, -0.196)
[INIT] Initial mode: IDLE
[INIT] Ready for control


********************************************************************************
[ARM EVENT] Drone ARMED
********************************************************************************

[INFO] ArticulationView ready - found 1 drone(s)
[DEBUG] ArticulationView prim paths: ['/World/Drone']
[DEBUG] Controller initialized at position: (0.00, 0.00, 2.50)
[DEBUG] Drone has 4 DOFs: ['m1_joint', 'm2_joint', 'm3_joint', 'm4_joint']
[DEBUG] Prim at /World/Drone exists: True
[DEBUG] Found root body (fallback) at: /World/Drone/body
[DEBUG] Found articulation root at: /World/Drone
[Drone drone] Mode: IDLE → LOITER
[INFO] World drone switched to LOITER at position (0.00, 0.00, 2.50)
/home/kishi/.local/share/ov/pkg/isaac-sim-2023.1.1/kit/python/lib/python3.10/site-packages/gymnasium/core.py:297: UserWarning: [33mWARN: env.scene to get variables from other wrappers is deprecated and will be removed in v1.0, to get this variable you can do `env.unwrapped.scene` for environment variables or `env.get_attr('scene')` that will search the reminding wrappers.[0m
  logger.warn(
[INFO] LiDAR publishing to /robot0/point_cloud2 (ROS_DOMAIN_ID=0)
[ROS2 SERVICE] /drone/arm called with data=True
[ROS2 SERVICE] Waiting for lock...
[ROS2 SERVICE] Lock acquired

********************************************************************************
[ARM EVENT] Drone ARMED
********************************************************************************

2026-02-20 17:03:37 [16,542ms] [Warning] [omni.isaac.sensor.plugin] IsaacComputeRTXLidarFlatScan: lowest elevation emitter is 0.350000, not 0.
[Drone drone] Target position: (0.00, 0.00, 1.50)
[Drone drone] Mode: LOITER → POSITION
[SAFETY] Takeoff service executed:
  Mode: POSITION
  Target: (0.000, 0.000, 1.500)
  Current: (0.000, 0.000, 2.494)
[Drone drone] Target position: (0.02, 0.00, 3.00)
[Drone drone] Target position: (0.04, 0.00, 3.00)
[Drone drone] Target position: (0.06, 0.00, 3.00)
[Drone drone] Target position: (0.08, 0.00, 3.00)
[Drone drone] Target position: (0.10, 0.00, 3.00)
[Drone drone] Target position: (0.12, 0.00, 3.00)
[Drone drone] Target position: (0.14, 0.00, 3.00)
[Drone drone] Target position: (0.16, 0.00, 3.00)
[Drone drone] Target position: (0.18, 0.00, 3.00)
[Drone drone] Target position: (0.20, 0.00, 3.00)
[Drone drone] Target position: (0.22, 0.00, 3.00)
[Drone drone] Target position: (0.24, 0.00, 3.00)
[Drone drone] Target position: (0.26, 0.00, 3.00)
[Drone drone] Target position: (0.28, 0.00, 3.00)
[Drone drone] Target position: (0.30, 0.00, 3.00)
[Drone drone] Target position: (0.32, 0.00, 3.00)
[Drone drone] Target position: (0.34, 0.00, 3.00)
[Drone drone] Target position: (0.36, 0.00, 3.00)
[Drone drone] Target position: (0.38, 0.00, 3.00)
[Drone drone] Target position: (0.40, 0.00, 3.00)
[Drone drone] Target position: (0.42, 0.00, 3.00)
[Drone drone] Target position: (0.44, 0.00, 3.00)
[Drone drone] Target position: (0.46, 0.00, 3.00)
[Drone drone] Target position: (0.48, 0.00, 3.00)
[Drone drone] Target position: (0.50, 0.00, 3.00)
[Drone drone] Target position: (0.52, 0.00, 3.00)
[Drone drone] Target position: (0.54, 0.00, 3.00)
[Drone drone] Target position: (0.56, 0.00, 3.00)
[Drone drone] Target position: (0.58, 0.00, 3.00)
[Drone drone] Target position: (0.60, 0.00, 3.00)
[Drone drone] Target position: (0.62, 0.00, 3.00)
[Drone drone] Target position: (0.64, 0.00, 3.00)
[Drone drone] Target position: (0.66, 0.00, 3.00)
[Drone drone] Target position: (0.68, 0.00, 3.00)
[Drone drone] Target position: (0.70, 0.00, 3.00)
[Drone drone] Target position: (0.72, 0.00, 3.00)
[Drone drone] Target position: (0.74, 0.00, 3.00)
[Drone drone] Target position: (0.76, 0.00, 3.00)
[Drone drone] Target position: (0.78, 0.00, 3.00)
[Drone drone] Target position: (0.80, 0.00, 3.00)
[Drone drone] Target position: (0.82, 0.00, 3.00)
[Drone drone] Target position: (0.84, 0.00, 3.00)
[Drone drone] Target position: (0.86, 0.00, 3.00)
[Drone drone] Target position: (0.88, 0.00, 3.00)
[Drone drone] Target position: (0.90, 0.00, 3.00)
[Drone drone] Target position: (0.92, 0.00, 3.00)
[Drone drone] Target position: (0.94, 0.00, 3.00)
[Drone drone] Target position: (0.96, 0.00, 3.00)
[Drone drone] Target position: (0.98, 0.00, 3.00)
[Drone drone] Target position: (1.00, 0.00, 3.00)
[Drone drone] Target position: (1.02, 0.00, 3.00)
[Drone drone] Target position: (1.04, 0.00, 3.00)
[Drone drone] Target position: (1.06, 0.00, 3.00)
[Drone drone] Target position: (1.08, 0.00, 3.00)
[Drone drone] Target position: (1.10, 0.00, 3.00)
[Drone drone] Target position: (1.12, 0.00, 3.00)
[Drone drone] Target position: (1.14, 0.00, 3.00)
[Drone drone] Target position: (1.16, 0.00, 3.00)
[Drone drone] Target position: (1.18, 0.00, 3.00)
[Drone drone] Target position: (1.20, 0.00, 3.00)
[Drone drone] Target position: (1.22, 0.00, 3.00)
[Drone drone] Target position: (1.24, 0.00, 3.00)
[Drone drone] Target position: (1.26, 0.00, 3.00)
[Drone drone] Target position: (1.28, 0.00, 3.00)
[Drone drone] Target position: (1.30, 0.00, 3.00)
[Drone drone] Target position: (1.32, 0.00, 3.00)
[Drone drone] Target position: (1.34, 0.00, 3.00)
[Drone drone] Target position: (1.36, 0.00, 3.00)
[Drone drone] Target position: (1.38, 0.00, 3.00)
[Drone drone] Target position: (1.40, 0.00, 3.00)
[Drone drone] Target position: (1.42, 0.00, 3.00)
[Drone drone] Target position: (1.44, 0.00, 3.00)
[Drone drone] Target position: (1.46, 0.00, 3.00)
[Drone drone] Target position: (1.48, 0.00, 3.00)
[Drone drone] Target position: (1.50, 0.00, 3.00)
[Drone drone] Target position: (1.52, 0.00, 3.00)
[Drone drone] Target position: (1.54, 0.00, 3.00)
[Drone drone] Target position: (1.56, 0.00, 3.00)
[Drone drone] Target position: (1.58, 0.00, 3.00)
[Drone drone] Target position: (1.60, 0.00, 3.00)
[Drone drone] Target position: (1.62, 0.00, 3.00)
[Drone drone] Target position: (1.64, 0.00, 3.00)
[Drone drone] Target position: (1.66, 0.00, 3.00)
[Drone drone] Target position: (1.68, 0.00, 3.00)
[Drone drone] Target position: (1.70, 0.00, 3.00)
[Drone drone] Target position: (1.72, 0.00, 3.00)
[Drone drone] Target position: (1.74, 0.00, 3.00)
[Drone drone] Target position: (1.76, 0.00, 3.00)
[Drone drone] Target position: (1.78, 0.00, 3.00)
[Drone drone] Target position: (1.80, 0.00, 3.00)
[Drone drone] Target position: (1.82, 0.00, 3.00)
[Drone drone] Target position: (1.84, 0.00, 3.00)
[Drone drone] Target position: (1.86, 0.00, 3.00)
[Drone drone] Target position: (1.88, 0.00, 3.00)
[Drone drone] Target position: (1.90, 0.00, 3.00)
[Drone drone] Target position: (1.92, 0.00, 3.00)
[Drone drone] Target position: (1.94, 0.00, 3.00)
[Drone drone] Target position: (1.96, 0.00, 3.00)
[Drone drone] Target position: (1.98, 0.00, 3.00)
[Drone drone] Target position: (2.00, 0.00, 3.00)
[Drone drone] Target position: (2.02, 0.00, 3.00)
[Drone drone] Target position: (2.04, 0.00, 3.00)
[Drone drone] Target position: (2.06, 0.00, 3.00)
[Drone drone] Target position: (2.08, 0.00, 3.00)
[Drone drone] Target position: (2.10, 0.00, 3.00)
[Drone drone] Target position: (2.12, 0.00, 3.00)
[Drone drone] Target position: (2.14, 0.00, 3.00)
[Drone drone] Target position: (2.16, 0.00, 3.00)
[Drone drone] Target position: (2.18, 0.00, 3.00)
[Drone drone] Target position: (2.20, 0.00, 3.00)
[Drone drone] Target position: (2.22, 0.00, 3.00)
[Drone drone] Target position: (2.24, 0.00, 3.00)
[Drone drone] Target position: (2.26, 0.00, 3.00)
[Drone drone] Target position: (2.28, 0.00, 3.00)
[Drone drone] Target position: (2.30, 0.00, 3.00)
[Drone drone] Target position: (2.32, 0.00, 3.00)
[Drone drone] Target position: (2.34, 0.00, 3.00)
[Drone drone] Target position: (2.36, 0.00, 3.00)
[Drone drone] Target position: (2.38, 0.00, 3.00)
[Drone drone] Target position: (2.40, 0.00, 3.00)
[Drone drone] Target position: (2.42, 0.00, 3.00)
[Drone drone] Target position: (2.44, 0.00, 3.00)
[Drone drone] Target position: (2.46, 0.00, 3.00)
[Drone drone] Target position: (2.48, 0.00, 3.00)
[Drone drone] Target position: (2.50, 0.00, 3.00)
[Drone drone] Target position: (2.52, 0.00, 3.00)
[Drone drone] Target position: (2.54, 0.00, 3.00)
[Drone drone] Target position: (2.56, 0.00, 3.00)
[Drone drone] Target position: (2.58, 0.00, 3.00)
[Drone drone] Target position: (2.60, 0.00, 3.00)
[Drone drone] Target position: (2.62, 0.00, 3.00)
[Drone drone] Target position: (2.64, 0.00, 3.00)
[Drone drone] Target position: (2.66, 0.00, 3.00)
[Drone drone] Target position: (2.68, 0.00, 3.00)
[Drone drone] Target position: (2.70, 0.00, 3.00)
[Drone drone] Target position: (2.72, 0.00, 3.00)
[Drone drone] Target position: (2.74, 0.00, 3.00)
[Drone drone] Target position: (2.76, 0.00, 3.00)
[Drone drone] Target position: (2.78, 0.00, 3.00)
[Drone drone] Target position: (2.80, 0.00, 3.00)
[Drone drone] Target position: (2.82, 0.00, 3.00)
[Drone drone] Target position: (2.84, 0.00, 3.00)
[Drone drone] Target position: (2.86, 0.00, 3.00)
[Drone drone] Target position: (2.88, 0.00, 3.00)
[Drone drone] Target position: (2.90, 0.00, 3.00)
[Drone drone] Target position: (2.92, 0.00, 3.00)
[Drone drone] Target position: (2.94, 0.00, 3.00)
[Drone drone] Target position: (2.96, 0.00, 3.00)
[Drone drone] Target position: (2.98, 0.00, 3.00)
[Drone drone] Target position: (3.00, 0.00, 3.00)
[Drone drone] Target position: (3.02, 0.00, 3.00)
[Drone drone] Target position: (3.04, 0.00, 3.00)
[Drone drone] Target position: (3.06, 0.00, 3.00)
[Drone drone] Target position: (3.08, 0.00, 3.00)
[Drone drone] Target position: (3.10, 0.00, 3.00)
[Drone drone] Target position: (3.12, 0.00, 3.00)
[Drone drone] Target position: (3.14, 0.00, 3.00)
[Drone drone] Target position: (3.16, 0.00, 3.00)
[Drone drone] Target position: (3.18, 0.00, 3.00)
[Drone drone] Target position: (3.20, 0.00, 3.00)
[Drone drone] Target position: (3.22, 0.00, 3.00)
[Drone drone] Target position: (3.24, 0.00, 3.00)
[Drone drone] Target position: (3.26, 0.00, 3.00)
[Drone drone] Target position: (3.28, 0.00, 3.00)
[Drone drone] Target position: (3.30, 0.00, 3.00)
[Drone drone] Target position: (3.32, 0.00, 3.00)
[Drone drone] Target position: (3.34, 0.00, 3.00)
[Drone drone] Target position: (3.36, 0.00, 3.00)
[Drone drone] Target position: (3.38, 0.00, 3.00)
[Drone drone] Target position: (3.40, 0.00, 3.00)
[Drone drone] Target position: (3.42, 0.00, 3.00)
[Drone drone] Target position: (3.44, 0.00, 3.00)
[Drone drone] Target position: (3.46, 0.00, 3.00)
[Drone drone] Target position: (3.48, 0.00, 3.00)
[Drone drone] Target position: (3.50, 0.00, 3.00)
[Drone drone] Target position: (3.52, 0.00, 3.00)
[Drone drone] Target position: (3.54, 0.00, 3.00)
[Drone drone] Target position: (3.56, 0.00, 3.00)
[Drone drone] Target position: (3.58, 0.00, 3.00)
[Drone drone] Target position: (3.60, 0.00, 3.00)
[Drone drone] Target position: (3.62, 0.00, 3.00)
[Drone drone] Target position: (3.64, 0.00, 3.00)
[Drone drone] Target position: (3.66, 0.00, 3.00)
[Drone drone] Target position: (3.68, 0.00, 3.00)
[Drone drone] Target position: (3.70, 0.00, 3.00)
[Drone drone] Target position: (3.72, 0.00, 3.00)
[Drone drone] Target position: (3.74, 0.00, 3.00)
[Drone drone] Target position: (3.76, 0.00, 3.00)
[Drone drone] Target position: (3.78, 0.00, 3.00)
[Drone drone] Target position: (3.80, 0.00, 3.00)
[Drone drone] Target position: (3.82, 0.00, 3.00)
[Drone drone] Target position: (3.84, 0.00, 3.00)
[Drone drone] Target position: (3.86, 0.00, 3.00)
[Drone drone] Target position: (3.88, 0.00, 3.00)
[Drone drone] Target position: (3.90, 0.00, 3.00)
[Drone drone] Target position: (3.92, 0.00, 3.00)
[Drone drone] Target position: (3.94, 0.00, 3.00)
[Drone drone] Target position: (3.96, 0.00, 3.00)
[Drone drone] Target position: (3.98, 0.00, 3.00)
[Drone drone] Target position: (4.00, 0.00, 3.00)
[Drone drone] Target position: (4.02, 0.00, 3.00)
[Drone drone] Target position: (4.04, 0.00, 3.00)
[Drone drone] Target position: (4.06, 0.00, 3.00)
[Drone drone] Target position: (4.08, 0.00, 3.00)
[Drone drone] Target position: (4.10, 0.00, 3.00)
[Drone drone] Target position: (4.12, 0.00, 3.00)
[Drone drone] Target position: (4.14, 0.00, 3.00)
[Drone drone] Target position: (4.16, 0.00, 3.00)
[Drone drone] Target position: (4.18, 0.00, 3.00)
[Drone drone] Target position: (4.20, 0.00, 3.00)
[Drone drone] Target position: (4.22, 0.00, 3.00)
[Drone drone] Target position: (4.24, 0.00, 3.00)
[Drone drone] Target position: (4.26, 0.00, 3.00)
[Drone drone] Target position: (4.28, 0.00, 3.00)
[Drone drone] Target position: (4.30, 0.00, 3.00)
[Drone drone] Target position: (4.32, 0.00, 3.00)
[Drone drone] Target position: (4.34, 0.00, 3.00)
[Drone drone] Target position: (4.36, 0.00, 3.00)
[Drone drone] Target position: (4.38, 0.00, 3.00)
[Drone drone] Target position: (4.40, 0.00, 3.00)
[Drone drone] Target position: (4.42, 0.00, 3.00)
[Drone drone] Target position: (4.44, 0.00, 3.00)
[Drone drone] Target position: (4.46, 0.00, 3.00)
[Drone drone] Target position: (4.48, 0.00, 3.00)
[Drone drone] Target position: (4.50, 0.00, 3.00)
[Drone drone] Target position: (4.52, 0.00, 3.00)
[Drone drone] Target position: (4.54, 0.00, 3.00)
[Drone drone] Target position: (4.56, 0.00, 3.00)
[Drone drone] Target position: (4.58, 0.00, 3.00)
[Drone drone] Target position: (4.60, 0.00, 3.00)
[Drone drone] Target position: (4.62, 0.00, 3.00)
[Drone drone] Target position: (4.64, 0.00, 3.00)
[Drone drone] Target position: (4.66, 0.00, 3.00)
[Drone drone] Target position: (4.68, 0.00, 3.00)
[Drone drone] Target position: (4.70, 0.00, 3.00)
[Drone drone] Target position: (4.72, 0.00, 3.00)
[Drone drone] Target position: (4.74, 0.00, 3.00)
[Drone drone] Target position: (4.76, 0.00, 3.00)
[Drone drone] Target position: (4.78, 0.00, 3.00)
[Drone drone] Target position: (4.80, 0.00, 3.00)
[Drone drone] Target position: (4.82, 0.00, 3.00)
[Drone drone] Target position: (4.84, 0.00, 3.00)
[Drone drone] Target position: (4.86, 0.00, 3.00)
[Drone drone] Target position: (4.88, 0.00, 3.00)
[Drone drone] Target position: (4.90, 0.00, 3.00)
[Drone drone] Target position: (4.92, 0.00, 3.00)
[Drone drone] Target position: (4.94, 0.00, 3.00)
[Drone drone] Target position: (4.96, 0.00, 3.00)
[Drone drone] Target position: (4.98, 0.00, 3.00)
[Drone drone] Target position: (5.00, 0.00, 3.00)
[Drone drone] Target position: (5.02, 0.00, 3.00)
[Drone drone] Target position: (5.04, 0.00, 3.00)
[Drone drone] Target position: (5.06, 0.00, 3.00)
[Drone drone] Target position: (5.08, 0.00, 3.00)
[Drone drone] Target position: (5.10, 0.00, 3.00)
[Drone drone] Target position: (5.12, 0.00, 3.00)
[Drone drone] Target position: (5.14, 0.00, 3.00)
[Drone drone] Target position: (5.16, 0.00, 3.00)
[Drone drone] Target position: (5.18, 0.00, 3.00)
[Drone drone] Target position: (5.20, 0.00, 3.00)
[Drone drone] Target position: (5.22, 0.00, 3.00)
[Drone drone] Target position: (5.24, 0.00, 3.00)
[Drone drone] Target position: (5.26, 0.00, 3.00)
[Drone drone] Target position: (5.28, 0.00, 3.00)
[Drone drone] Target position: (5.30, 0.00, 3.00)
[Drone drone] Target position: (5.32, 0.00, 3.00)
[Drone drone] Target position: (5.34, 0.00, 3.00)
[Drone drone] Target position: (5.36, 0.00, 3.00)
[Drone drone] Target position: (5.38, 0.00, 3.00)
[Drone drone] Target position: (5.40, 0.00, 3.00)
[Drone drone] Target position: (5.42, 0.00, 3.00)
[Drone drone] Target position: (5.44, 0.00, 3.00)
[Drone drone] Target position: (5.46, 0.00, 3.00)
[Drone drone] Target position: (5.48, 0.00, 3.00)
[Drone drone] Target position: (5.50, 0.00, 3.00)
[Drone drone] Target position: (5.52, 0.00, 3.00)
[Drone drone] Target position: (5.54, 0.00, 3.00)
[Drone drone] Target position: (5.56, 0.00, 3.00)
[Drone drone] Target position: (5.58, 0.00, 3.00)
[Drone drone] Target position: (5.60, 0.00, 3.00)
[Drone drone] Target position: (5.62, 0.00, 3.00)
[Drone drone] Target position: (5.64, 0.00, 3.00)
[Drone drone] Target position: (5.66, 0.00, 3.00)
[Drone drone] Target position: (5.68, 0.00, 3.00)
[Drone drone] Target position: (5.70, 0.00, 3.00)
[Drone drone] Target position: (5.72, 0.00, 3.00)
[Drone drone] Target position: (5.74, 0.00, 3.00)
[Drone drone] Target position: (5.76, 0.00, 3.00)
[Drone drone] Target position: (5.78, 0.00, 3.00)
[Drone drone] Target position: (5.80, 0.00, 3.00)
[Drone drone] Target position: (5.82, 0.00, 3.00)
[Drone drone] Target position: (5.84, 0.00, 3.00)
[Drone drone] Target position: (5.86, 0.00, 3.00)
[Drone drone] Target position: (5.88, 0.00, 3.00)
[Drone drone] Target position: (5.90, 0.00, 3.00)
[Drone drone] Target position: (5.92, 0.00, 3.00)
[Drone drone] Target position: (5.94, 0.00, 3.00)
[Drone drone] Target position: (5.96, 0.00, 3.00)
[Drone drone] Target position: (5.98, 0.00, 3.00)
[Drone drone] Target position: (6.00, 0.00, 3.00)
[Drone drone] Target position: (6.02, 0.00, 3.00)
[Drone drone] Target position: (6.04, 0.00, 3.00)
[Drone drone] Target position: (6.06, 0.00, 3.00)
[Drone drone] Target position: (6.08, 0.00, 3.00)
[Drone drone] Target position: (6.10, 0.00, 3.00)
[Drone drone] Target position: (6.12, 0.00, 3.00)
[Drone drone] Target position: (6.14, 0.00, 3.00)
[Drone drone] Target position: (6.16, 0.00, 3.00)
[Drone drone] Target position: (6.18, 0.00, 3.00)
[Drone drone] Target position: (6.20, 0.00, 3.00)
[Drone drone] Target position: (6.22, 0.00, 3.00)
[Drone drone] Target position: (6.24, 0.00, 3.00)
[Drone drone] Target position: (6.26, 0.00, 3.00)
[Drone drone] Target position: (6.28, 0.00, 3.00)
[Drone drone] Target position: (6.30, 0.00, 3.00)
[Drone drone] Target position: (6.32, 0.00, 3.00)
[Drone drone] Target position: (6.34, 0.00, 3.00)
[Drone drone] Target position: (6.36, 0.00, 3.00)
[Drone drone] Target position: (6.38, 0.00, 3.00)
[Drone drone] Target position: (6.40, 0.00, 3.00)
[Drone drone] Target position: (6.42, 0.00, 3.00)
[Drone drone] Target position: (6.44, 0.00, 3.00)
[Drone drone] Target position: (6.46, 0.00, 3.00)
[Drone drone] Target position: (6.48, 0.00, 3.00)
[Drone drone] Target position: (6.50, 0.00, 3.00)
[Drone drone] Target position: (6.52, 0.00, 3.00)
[Drone drone] Target position: (6.54, 0.00, 3.00)
[Drone drone] Target position: (6.56, 0.00, 3.00)
[Drone drone] Target position: (6.58, 0.00, 3.00)
[Drone drone] Target position: (6.60, 0.00, 3.00)
[Drone drone] Target position: (6.62, 0.00, 3.00)
[Drone drone] Target position: (6.64, 0.00, 3.00)
[Drone drone] Target position: (6.66, 0.00, 3.00)
[Drone drone] Target position: (6.68, 0.00, 3.00)
[Drone drone] Target position: (6.70, 0.00, 3.00)
[Drone drone] Target position: (6.72, 0.00, 3.00)
[Drone drone] Target position: (6.74, 0.00, 3.00)
[Drone drone] Target position: (6.76, 0.00, 3.00)
[Drone drone] Target position: (6.78, 0.00, 3.00)
[Drone drone] Target position: (6.80, 0.00, 3.00)
[Drone drone] Target position: (6.82, 0.00, 3.00)
[Drone drone] Target position: (6.84, 0.00, 3.00)
[Drone drone] Target position: (6.86, 0.00, 3.00)
[Drone drone] Target position: (6.88, 0.00, 3.00)
[Drone drone] Target position: (6.90, 0.00, 3.00)
[Drone drone] Target position: (6.92, 0.00, 3.00)
[Drone drone] Target position: (6.94, 0.00, 3.00)
[Drone drone] Target position: (6.96, 0.00, 3.00)
[Drone drone] Target position: (6.98, 0.00, 3.00)
[Drone drone] Target position: (7.00, 0.00, 3.00)
[Drone drone] Target position: (7.02, 0.00, 3.00)
[Drone drone] Target position: (7.04, 0.00, 3.00)
[Drone drone] Target position: (7.06, 0.00, 3.00)
[Drone drone] Target position: (7.08, 0.00, 3.00)
[Drone drone] Target position: (7.10, 0.00, 3.00)
[Drone drone] Target position: (7.12, 0.00, 3.00)
[Drone drone] Target position: (7.14, 0.00, 3.00)
[Drone drone] Target position: (7.16, 0.00, 3.00)
[Drone drone] Target position: (7.18, 0.00, 3.00)
[Drone drone] Target position: (7.20, 0.00, 3.00)
[Drone drone] Target position: (7.22, 0.00, 3.00)
[Drone drone] Target position: (7.24, 0.00, 3.00)
[Drone drone] Target position: (7.26, 0.00, 3.00)
[Drone drone] Target position: (7.28, 0.00, 3.00)
[Drone drone] Target position: (7.30, 0.00, 3.00)
[Drone drone] Target position: (7.32, 0.00, 3.00)
[Drone drone] Target position: (7.34, 0.00, 3.00)
[Drone drone] Target position: (7.36, 0.00, 3.00)
[Drone drone] Target position: (7.38, 0.00, 3.00)
[Drone drone] Target position: (7.40, 0.00, 3.00)
[Drone drone] Target position: (7.42, 0.00, 3.00)
[Drone drone] Target position: (7.44, 0.00, 3.00)
[Drone drone] Target position: (7.46, 0.00, 3.00)
[Drone drone] Target position: (7.48, 0.00, 3.00)
[Drone drone] Target position: (7.50, 0.00, 3.00)
[Drone drone] Target position: (7.52, 0.00, 3.00)
[Drone drone] Target position: (7.54, 0.00, 3.00)
[Drone drone] Target position: (7.56, 0.00, 3.00)
[Drone drone] Target position: (7.58, 0.00, 3.00)
[Drone drone] Target position: (7.60, 0.00, 3.00)
[Drone drone] Target position: (7.62, 0.00, 3.00)
[Drone drone] Target position: (7.64, 0.00, 3.00)
[Drone drone] Target position: (7.66, 0.00, 3.00)
[Drone drone] Target position: (7.68, 0.00, 3.00)
[Drone drone] Target position: (7.70, 0.00, 3.00)
[Drone drone] Target position: (7.72, 0.00, 3.00)
[Drone drone] Target position: (7.74, 0.00, 3.00)
[Drone drone] Target position: (7.76, 0.00, 3.00)
[Drone drone] Target position: (7.78, 0.00, 3.00)
[Drone drone] Target position: (7.80, 0.00, 3.00)
[Drone drone] Target position: (7.82, 0.00, 3.00)
[Drone drone] Target position: (7.84, 0.00, 3.00)
[Drone drone] Target position: (7.86, 0.00, 3.00)
[Drone drone] Target position: (7.88, 0.00, 3.00)
[Drone drone] Target position: (7.90, 0.00, 3.00)
[Drone drone] Target position: (7.92, 0.00, 3.00)
[Drone drone] Target position: (7.94, 0.00, 3.00)
[Drone drone] Target position: (7.96, 0.00, 3.00)
[Drone drone] Target position: (7.98, 0.00, 3.00)
[Drone drone] Target position: (8.00, 0.00, 3.00)
[Drone drone] Target position: (8.02, 0.00, 3.00)
[Drone drone] Target position: (8.04, 0.00, 3.00)
[Drone drone] Target position: (8.06, 0.00, 3.00)
[Drone drone] Target position: (8.08, 0.00, 3.00)
[Drone drone] Target position: (8.10, 0.00, 3.00)
[Drone drone] Target position: (8.12, 0.00, 3.00)
[Drone drone] Target position: (8.14, 0.00, 3.00)
[Drone drone] Target position: (8.16, 0.00, 3.00)
[Drone drone] Target position: (8.18, 0.00, 3.00)
[Drone drone] Target position: (8.20, 0.00, 3.00)
[Drone drone] Target position: (8.22, 0.00, 3.00)
[Drone drone] Target position: (8.24, 0.00, 3.00)
[Drone drone] Target position: (8.26, 0.00, 3.00)
[Drone drone] Target position: (8.28, 0.00, 3.00)
[Drone drone] Target position: (8.30, 0.00, 3.00)
[Drone drone] Target position: (8.32, 0.00, 3.00)
[Drone drone] Target position: (8.34, 0.00, 3.00)
[Drone drone] Target position: (8.36, 0.00, 3.00)
[Drone drone] Target position: (8.38, 0.00, 3.00)
[Drone drone] Target position: (8.40, 0.00, 3.00)
[Drone drone] Target position: (8.42, 0.00, 3.00)
[Drone drone] Target position: (8.44, 0.00, 3.00)
[Drone drone] Target position: (8.46, 0.00, 3.00)
[Drone drone] Target position: (8.48, 0.00, 3.00)
[Drone drone] Target position: (8.50, 0.00, 3.00)
[Drone drone] Target position: (8.52, 0.00, 3.00)
[Drone drone] Target position: (8.54, 0.00, 3.00)
[Drone drone] Target position: (8.56, 0.00, 3.00)
[Drone drone] Target position: (8.58, 0.00, 3.00)
[Drone drone] Target position: (8.60, 0.00, 3.00)
[Drone drone] Target position: (8.62, 0.00, 3.00)
[Drone drone] Target position: (8.64, 0.00, 3.00)
[Drone drone] Target position: (8.66, 0.00, 3.00)
[Drone drone] Target position: (8.68, 0.00, 3.00)
[Drone drone] Target position: (8.70, 0.00, 3.00)
[Drone drone] Target position: (8.72, 0.00, 3.00)
[Drone drone] Target position: (8.74, 0.00, 3.00)
[Drone drone] Target position: (8.76, 0.00, 3.00)
[Drone drone] Target position: (8.78, 0.00, 3.00)
[Drone drone] Target position: (8.80, 0.00, 3.00)
[Drone drone] Target position: (8.82, 0.00, 3.00)
[Drone drone] Target position: (8.84, 0.00, 3.00)
[Drone drone] Target position: (8.86, 0.00, 3.00)
[Drone drone] Target position: (8.88, 0.00, 3.00)
[Drone drone] Target position: (8.90, 0.00, 3.00)
[Drone drone] Target position: (8.92, 0.00, 3.00)
[Drone drone] Target position: (8.94, 0.00, 3.00)
[Drone drone] Target position: (8.96, 0.00, 3.00)
[Drone drone] Target position: (8.98, 0.00, 3.00)
[Drone drone] Target position: (9.00, 0.00, 3.00)
[Drone drone] Target position: (9.02, 0.00, 3.00)
[Drone drone] Target position: (9.04, 0.00, 3.00)
[Drone drone] Target position: (9.06, 0.00, 3.00)
[Drone drone] Target position: (9.08, 0.00, 3.00)
[Drone drone] Target position: (9.10, 0.00, 3.00)
[Drone drone] Target position: (9.12, 0.00, 3.00)
[Drone drone] Target position: (9.14, 0.00, 3.00)
[Drone drone] Target position: (9.16, 0.00, 3.00)
[Drone drone] Target position: (9.18, 0.00, 3.00)
[Drone drone] Target position: (9.20, 0.00, 3.00)
[Drone drone] Target position: (9.22, 0.00, 3.00)
[Drone drone] Target position: (9.24, 0.00, 3.00)
[Drone drone] Target position: (9.26, 0.00, 3.00)
[Drone drone] Target position: (9.28, 0.00, 3.00)
[Drone drone] Target position: (9.30, 0.00, 3.00)
[Drone drone] Target position: (9.32, 0.00, 3.00)
[Drone drone] Target position: (9.34, 0.00, 3.00)
[Drone drone] Target position: (9.36, 0.00, 3.00)
[Drone drone] Target position: (9.38, 0.00, 3.00)
[Drone drone] Target position: (9.40, 0.00, 3.00)
[Drone drone] Target position: (9.42, 0.00, 3.00)
[Drone drone] Target position: (9.44, 0.00, 3.00)
[Drone drone] Target position: (9.46, 0.00, 3.00)
[Drone drone] Target position: (9.48, 0.00, 3.00)
[Drone drone] Target position: (9.50, 0.00, 3.00)
[Drone drone] Target position: (9.52, 0.00, 3.00)
[Drone drone] Target position: (9.54, 0.00, 3.00)
[Drone drone] Target position: (9.56, 0.00, 3.00)
[Drone drone] Target position: (9.58, 0.00, 3.00)
[Drone drone] Target position: (9.60, 0.00, 3.00)
[Drone drone] Target position: (9.62, 0.00, 3.00)
[Drone drone] Target position: (9.64, 0.00, 3.00)
[Drone drone] Target position: (9.66, 0.00, 3.00)
[Drone drone] Target position: (9.68, 0.00, 3.00)
[Drone drone] Target position: (9.70, 0.00, 3.00)
[Drone drone] Target position: (9.72, 0.00, 3.00)
[Drone drone] Target position: (9.74, 0.00, 3.00)
[Drone drone] Target position: (9.76, 0.00, 3.00)
[Drone drone] Target position: (9.78, 0.00, 3.00)
[Drone drone] Target position: (9.80, 0.00, 3.00)
[Drone drone] Target position: (9.82, 0.00, 3.00)
[Drone drone] Target position: (9.84, 0.00, 3.00)
[Drone drone] Target position: (9.86, 0.00, 3.00)
[Drone drone] Target position: (9.88, 0.00, 3.00)
[Drone drone] Target position: (9.90, 0.00, 3.00)
[Drone drone] Target position: (9.92, 0.00, 3.00)
[Drone drone] Target position: (9.94, 0.00, 3.00)
[Drone drone] Target position: (9.96, 0.00, 3.00)
[Drone drone] Target position: (9.98, 0.00, 3.00)
[Drone drone] Target position: (10.00, 0.00, 3.00)
[Drone drone] Target position: (10.00, 0.02, 3.00)
[Drone drone] Target position: (10.00, 0.04, 3.00)
[Drone drone] Target position: (10.00, 0.06, 3.00)
[Drone drone] Target position: (10.00, 0.08, 3.00)
[Drone drone] Target position: (10.00, 0.10, 3.00)
[Drone drone] Target position: (10.00, 0.12, 3.00)
[Drone drone] Target position: (10.00, 0.14, 3.00)
[Drone drone] Target position: (10.00, 0.16, 3.00)
[Drone drone] Target position: (10.00, 0.18, 3.00)
[Drone drone] Target position: (10.00, 0.20, 3.00)
[Drone drone] Target position: (10.00, 0.22, 3.00)
[Drone drone] Target position: (10.00, 0.24, 3.00)
[Drone drone] Target position: (10.00, 0.26, 3.00)
[Drone drone] Target position: (10.00, 0.28, 3.00)
[Drone drone] Target position: (10.00, 0.30, 3.00)
[Drone drone] Target position: (10.00, 0.32, 3.00)
[Drone drone] Target position: (10.00, 0.34, 3.00)
[Drone drone] Target position: (10.00, 0.36, 3.00)
[Drone drone] Target position: (10.00, 0.38, 3.00)
[Drone drone] Target position: (10.00, 0.40, 3.00)
[Drone drone] Target position: (10.00, 0.42, 3.00)
[Drone drone] Target position: (10.00, 0.44, 3.00)
[Drone drone] Target position: (10.00, 0.46, 3.00)
[Drone drone] Target position: (10.00, 0.48, 3.00)
[Drone drone] Target position: (10.00, 0.50, 3.00)
[Drone drone] Target position: (10.00, 0.52, 3.00)
[Drone drone] Target position: (10.00, 0.54, 3.00)
[Drone drone] Target position: (10.00, 0.56, 3.00)
[Drone drone] Target position: (10.00, 0.58, 3.00)
[Drone drone] Target position: (10.00, 0.60, 3.00)
[Drone drone] Target position: (10.00, 0.62, 3.00)
[Drone drone] Target position: (10.00, 0.64, 3.00)
[Drone drone] Target position: (10.00, 0.66, 3.00)
[Drone drone] Target position: (10.00, 0.68, 3.00)
[Drone drone] Target position: (10.00, 0.70, 3.00)
[Drone drone] Target position: (10.00, 0.72, 3.00)
[Drone drone] Target position: (10.00, 0.74, 3.00)
[Drone drone] Target position: (10.00, 0.76, 3.00)
[Drone drone] Target position: (10.00, 0.78, 3.00)
[Drone drone] Target position: (10.00, 0.80, 3.00)
[Drone drone] Target position: (10.00, 0.82, 3.00)
[Drone drone] Target position: (10.00, 0.84, 3.00)
[Drone drone] Target position: (10.00, 0.86, 3.00)
[Drone drone] Target position: (10.00, 0.88, 3.00)
[Drone drone] Target position: (10.00, 0.90, 3.00)
[Drone drone] Target position: (10.00, 0.92, 3.00)
[Drone drone] Target position: (10.00, 0.94, 3.00)
[Drone drone] Target position: (10.00, 0.96, 3.00)
[Drone drone] Target position: (10.00, 0.98, 3.00)
[Drone drone] Target position: (10.00, 1.00, 3.00)
[Drone drone] Target position: (10.00, 1.02, 3.00)
[Drone drone] Target position: (10.00, 1.04, 3.00)
[Drone drone] Target position: (10.00, 1.06, 3.00)
[Drone drone] Target position: (10.00, 1.08, 3.00)
[Drone drone] Target position: (10.00, 1.10, 3.00)
[Drone drone] Target position: (10.00, 1.12, 3.00)
[Drone drone] Target position: (10.00, 1.14, 3.00)
[Drone drone] Target position: (10.00, 1.16, 3.00)
[Drone drone] Target position: (10.00, 1.18, 3.00)
[Drone drone] Target position: (10.00, 1.20, 3.00)
[Drone drone] Target position: (10.00, 1.22, 3.00)
[Drone drone] Target position: (10.00, 1.24, 3.00)
[Drone drone] Target position: (10.00, 1.26, 3.00)
[Drone drone] Target position: (10.00, 1.28, 3.00)
[Drone drone] Target position: (10.00, 1.30, 3.00)
[Drone drone] Target position: (10.00, 1.32, 3.00)
[Drone drone] Target position: (10.00, 1.34, 3.00)
[Drone drone] Target position: (10.00, 1.36, 3.00)
[Drone drone] Target position: (10.00, 1.38, 3.00)
[Drone drone] Target position: (10.00, 1.40, 3.00)
[Drone drone] Target position: (10.00, 1.42, 3.00)
[Drone drone] Target position: (10.00, 1.44, 3.00)
[Drone drone] Target position: (10.00, 1.46, 3.00)
[Drone drone] Target position: (10.00, 1.48, 3.00)
[Drone drone] Target position: (10.00, 1.50, 3.00)
[Drone drone] Target position: (10.00, 1.52, 3.00)
[Drone drone] Target position: (10.00, 1.54, 3.00)
[Drone drone] Target position: (10.00, 1.56, 3.00)
[Drone drone] Target position: (10.00, 1.58, 3.00)
[Drone drone] Target position: (10.00, 1.60, 3.00)
[Drone drone] Target position: (10.00, 1.62, 3.00)
[Drone drone] Target position: (10.00, 1.64, 3.00)
[Drone drone] Target position: (10.00, 1.66, 3.00)
[Drone drone] Target position: (10.00, 1.68, 3.00)
[Drone drone] Target position: (10.00, 1.70, 3.00)
[Drone drone] Target position: (10.00, 1.72, 3.00)
[Drone drone] Target position: (10.00, 1.74, 3.00)
[Drone drone] Target position: (10.00, 1.76, 3.00)
[Drone drone] Target position: (10.00, 1.78, 3.00)
[Drone drone] Target position: (10.00, 1.80, 3.00)
[Drone drone] Target position: (10.00, 1.82, 3.00)
[Drone drone] Target position: (10.00, 1.84, 3.00)
[Drone drone] Target position: (10.00, 1.86, 3.00)
[Drone drone] Target position: (10.00, 1.88, 3.00)
[Drone drone] Target position: (10.00, 1.90, 3.00)
[Drone drone] Target position: (10.00, 1.92, 3.00)
[Drone drone] Target position: (10.00, 1.94, 3.00)
[Drone drone] Target position: (10.00, 1.96, 3.00)
[Drone drone] Target position: (10.00, 1.98, 3.00)
[Drone drone] Target position: (10.00, 2.00, 3.00)
[Drone drone] Target position: (9.98, 2.00, 3.00)
[Drone drone] Target position: (9.96, 2.00, 3.00)
[Drone drone] Target position: (9.94, 2.00, 3.00)
[Drone drone] Target position: (9.92, 2.00, 3.00)
[Drone drone] Target position: (9.90, 2.00, 3.00)
[Drone drone] Target position: (9.88, 2.00, 3.00)
[Drone drone] Target position: (9.86, 2.00, 3.00)
[Drone drone] Target position: (9.84, 2.00, 3.00)
[Drone drone] Target position: (9.82, 2.00, 3.00)
[Drone drone] Target position: (9.80, 2.00, 3.00)
[Drone drone] Target position: (9.78, 2.00, 3.00)
[Drone drone] Target position: (9.76, 2.00, 3.00)
[Drone drone] Target position: (9.74, 2.00, 3.00)
[Drone drone] Target position: (9.72, 2.00, 3.00)
[Drone drone] Target position: (9.70, 2.00, 3.00)
[Drone drone] Target position: (9.68, 2.00, 3.00)
[Drone drone] Target position: (9.66, 2.00, 3.00)
[Drone drone] Target position: (9.64, 2.00, 3.00)
[Drone drone] Target position: (9.62, 2.00, 3.00)
[Drone drone] Target position: (9.60, 2.00, 3.00)
[Drone drone] Target position: (9.58, 2.00, 3.00)
[Drone drone] Target position: (9.56, 2.00, 3.00)
[Drone drone] Target position: (9.54, 2.00, 3.00)
[Drone drone] Target position: (9.52, 2.00, 3.00)
[Drone drone] Target position: (9.50, 2.00, 3.00)
[Drone drone] Target position: (9.48, 2.00, 3.00)
[Drone drone] Target position: (9.46, 2.00, 3.00)
[Drone drone] Target position: (9.44, 2.00, 3.00)
[Drone drone] Target position: (9.42, 2.00, 3.00)
[Drone drone] Target position: (9.40, 2.00, 3.00)
[Drone drone] Target position: (9.38, 2.00, 3.00)
[Drone drone] Target position: (9.36, 2.00, 3.00)
[Drone drone] Target position: (9.34, 2.00, 3.00)
[Drone drone] Target position: (9.32, 2.00, 3.00)
[Drone drone] Target position: (9.30, 2.00, 3.00)
[Drone drone] Target position: (9.28, 2.00, 3.00)
[Drone drone] Target position: (9.26, 2.00, 3.00)
[Drone drone] Target position: (9.24, 2.00, 3.00)
[Drone drone] Target position: (9.22, 2.00, 3.00)
[Drone drone] Target position: (9.20, 2.00, 3.00)
[Drone drone] Target position: (9.18, 2.00, 3.00)
[Drone drone] Target position: (9.16, 2.00, 3.00)
[Drone drone] Target position: (9.14, 2.00, 3.00)
[Drone drone] Target position: (9.12, 2.00, 3.00)
[Drone drone] Target position: (9.10, 2.00, 3.00)
[Drone drone] Target position: (9.08, 2.00, 3.00)
[Drone drone] Target position: (9.06, 2.00, 3.00)
[Drone drone] Target position: (9.04, 2.00, 3.00)
[Drone drone] Target position: (9.02, 2.00, 3.00)
[Drone drone] Target position: (9.00, 2.00, 3.00)
[Drone drone] Target position: (8.98, 2.00, 3.00)
[Drone drone] Target position: (8.96, 2.00, 3.00)
[Drone drone] Target position: (8.94, 2.00, 3.00)
[Drone drone] Target position: (8.92, 2.00, 3.00)
[Drone drone] Target position: (8.90, 2.00, 3.00)
[Drone drone] Target position: (8.88, 2.00, 3.00)
[Drone drone] Target position: (8.86, 2.00, 3.00)
[Drone drone] Target position: (8.84, 2.00, 3.00)
[Drone drone] Target position: (8.82, 2.00, 3.00)
[Drone drone] Target position: (8.80, 2.00, 3.00)
[Drone drone] Target position: (8.78, 2.00, 3.00)
[Drone drone] Target position: (8.76, 2.00, 3.00)
[Drone drone] Target position: (8.74, 2.00, 3.00)
[Drone drone] Target position: (8.72, 2.00, 3.00)
[Drone drone] Target position: (8.70, 2.00, 3.00)
[Drone drone] Target position: (8.68, 2.00, 3.00)
[Drone drone] Target position: (8.66, 2.00, 3.00)
[Drone drone] Target position: (8.64, 2.00, 3.00)
[Drone drone] Target position: (8.62, 2.00, 3.00)
[Drone drone] Target position: (8.60, 2.00, 3.00)
[Drone drone] Target position: (8.58, 2.00, 3.00)
[Drone drone] Target position: (8.56, 2.00, 3.00)
[Drone drone] Target position: (8.54, 2.00, 3.00)
[Drone drone] Target position: (8.52, 2.00, 3.00)
[Drone drone] Target position: (8.50, 2.00, 3.00)
[Drone drone] Target position: (8.48, 2.00, 3.00)
[Drone drone] Target position: (8.46, 2.00, 3.00)
[Drone drone] Target position: (8.44, 2.00, 3.00)
[Drone drone] Target position: (8.42, 2.00, 3.00)
[Drone drone] Target position: (8.40, 2.00, 3.00)
[Drone drone] Target position: (8.38, 2.00, 3.00)
[Drone drone] Target position: (8.36, 2.00, 3.00)
[Drone drone] Target position: (8.34, 2.00, 3.00)
[Drone drone] Target position: (8.32, 2.00, 3.00)
[Drone drone] Target position: (8.30, 2.00, 3.00)
[Drone drone] Target position: (8.28, 2.00, 3.00)
[Drone drone] Target position: (8.26, 2.00, 3.00)
[Drone drone] Target position: (8.24, 2.00, 3.00)
[Drone drone] Target position: (8.22, 2.00, 3.00)
[Drone drone] Target position: (8.20, 2.00, 3.00)
[Drone drone] Target position: (8.18, 2.00, 3.00)
[Drone drone] Target position: (8.16, 2.00, 3.00)
[Drone drone] Target position: (8.14, 2.00, 3.00)
[Drone drone] Target position: (8.12, 2.00, 3.00)
[Drone drone] Target position: (8.10, 2.00, 3.00)
[Drone drone] Target position: (8.08, 2.00, 3.00)
[Drone drone] Target position: (8.06, 2.00, 3.00)
[Drone drone] Target position: (8.04, 2.00, 3.00)
[Drone drone] Target position: (8.02, 2.00, 3.00)
[Drone drone] Target position: (8.00, 2.00, 3.00)
[Drone drone] Target position: (7.98, 2.00, 3.00)
[Drone drone] Target position: (7.96, 2.00, 3.00)
[Drone drone] Target position: (7.94, 2.00, 3.00)
[Drone drone] Target position: (7.92, 2.00, 3.00)
[Drone drone] Target position: (7.90, 2.00, 3.00)
[Drone drone] Target position: (7.88, 2.00, 3.00)
[Drone drone] Target position: (7.86, 2.00, 3.00)
[Drone drone] Target position: (7.84, 2.00, 3.00)
[Drone drone] Target position: (7.82, 2.00, 3.00)
[Drone drone] Target position: (7.80, 2.00, 3.00)
[Drone drone] Target position: (7.78, 2.00, 3.00)
[Drone drone] Target position: (7.76, 2.00, 3.00)
[Drone drone] Target position: (7.74, 2.00, 3.00)
[Drone drone] Target position: (7.72, 2.00, 3.00)
[Drone drone] Target position: (7.70, 2.00, 3.00)
[Drone drone] Target position: (7.68, 2.00, 3.00)
[Drone drone] Target position: (7.66, 2.00, 3.00)
[Drone drone] Target position: (7.64, 2.00, 3.00)
[Drone drone] Target position: (7.62, 2.00, 3.00)
[Drone drone] Target position: (7.60, 2.00, 3.00)
[Drone drone] Target position: (7.58, 2.00, 3.00)
[Drone drone] Target position: (7.56, 2.00, 3.00)
[Drone drone] Target position: (7.54, 2.00, 3.00)
[Drone drone] Target position: (7.52, 2.00, 3.00)
[Drone drone] Target position: (7.50, 2.00, 3.00)
[Drone drone] Target position: (7.48, 2.00, 3.00)
[Drone drone] Target position: (7.46, 2.00, 3.00)
[Drone drone] Target position: (7.44, 2.00, 3.00)
[Drone drone] Target position: (7.42, 2.00, 3.00)
[Drone drone] Target position: (7.40, 2.00, 3.00)
[Drone drone] Target position: (7.38, 2.00, 3.00)
[Drone drone] Target position: (7.36, 2.00, 3.00)
[Drone drone] Target position: (7.34, 2.00, 3.00)
[Drone drone] Target position: (7.32, 2.00, 3.00)
[Drone drone] Target position: (7.30, 2.00, 3.00)
[Drone drone] Target position: (7.28, 2.00, 3.00)
[Drone drone] Target position: (7.26, 2.00, 3.00)
[Drone drone] Target position: (7.24, 2.00, 3.00)
[Drone drone] Target position: (7.22, 2.00, 3.00)
[Drone drone] Target position: (7.20, 2.00, 3.00)
[Drone drone] Target position: (7.18, 2.00, 3.00)
[Drone drone] Target position: (7.16, 2.00, 3.00)
[Drone drone] Target position: (7.14, 2.00, 3.00)
[Drone drone] Target position: (7.12, 2.00, 3.00)
[Drone drone] Target position: (7.10, 2.00, 3.00)
[Drone drone] Target position: (7.08, 2.00, 3.00)
[Drone drone] Target position: (7.06, 2.00, 3.00)
[Drone drone] Target position: (7.04, 2.00, 3.00)
[Drone drone] Target position: (7.02, 2.00, 3.00)
[Drone drone] Target position: (7.00, 2.00, 3.00)
[Drone drone] Target position: (6.98, 2.00, 3.00)
[Drone drone] Target position: (6.96, 2.00, 3.00)
[Drone drone] Target position: (6.94, 2.00, 3.00)
[Drone drone] Target position: (6.92, 2.00, 3.00)
[Drone drone] Target position: (6.90, 2.00, 3.00)
[Drone drone] Target position: (6.88, 2.00, 3.00)
[Drone drone] Target position: (6.86, 2.00, 3.00)
[Drone drone] Target position: (6.84, 2.00, 3.00)
[Drone drone] Target position: (6.82, 2.00, 3.00)
[Drone drone] Target position: (6.80, 2.00, 3.00)
[Drone drone] Target position: (6.78, 2.00, 3.00)
[Drone drone] Target position: (6.76, 2.00, 3.00)
[Drone drone] Target position: (6.74, 2.00, 3.00)
[Drone drone] Target position: (6.72, 2.00, 3.00)
[Drone drone] Target position: (6.70, 2.00, 3.00)
[Drone drone] Target position: (6.68, 2.00, 3.00)
[Drone drone] Target position: (6.66, 2.00, 3.00)
[Drone drone] Target position: (6.64, 2.00, 3.00)
[Drone drone] Target position: (6.62, 2.00, 3.00)
[Drone drone] Target position: (6.60, 2.00, 3.00)
[Drone drone] Target position: (6.58, 2.00, 3.00)
[Drone drone] Target position: (6.56, 2.00, 3.00)
[Drone drone] Target position: (6.54, 2.00, 3.00)
[Drone drone] Target position: (6.52, 2.00, 3.00)
[Drone drone] Target position: (6.50, 2.00, 3.00)
[Drone drone] Target position: (6.48, 2.00, 3.00)
[Drone drone] Target position: (6.46, 2.00, 3.00)
[Drone drone] Target position: (6.44, 2.00, 3.00)
[Drone drone] Target position: (6.42, 2.00, 3.00)
[Drone drone] Target position: (6.40, 2.00, 3.00)
[Drone drone] Target position: (6.38, 2.00, 3.00)
[Drone drone] Target position: (6.36, 2.00, 3.00)
[Drone drone] Target position: (6.34, 2.00, 3.00)
[Drone drone] Target position: (6.32, 2.00, 3.00)
[Drone drone] Target position: (6.30, 2.00, 3.00)
[Drone drone] Target position: (6.28, 2.00, 3.00)
[Drone drone] Target position: (6.26, 2.00, 3.00)
[Drone drone] Target position: (6.24, 2.00, 3.00)
[Drone drone] Target position: (6.22, 2.00, 3.00)
[Drone drone] Target position: (6.20, 2.00, 3.00)
[Drone drone] Target position: (6.18, 2.00, 3.00)
[Drone drone] Target position: (6.16, 2.00, 3.00)
[Drone drone] Target position: (6.14, 2.00, 3.00)
[Drone drone] Target position: (6.12, 2.00, 3.00)
[Drone drone] Target position: (6.10, 2.00, 3.00)
[Drone drone] Target position: (6.08, 2.00, 3.00)
[Drone drone] Target position: (6.06, 2.00, 3.00)
[Drone drone] Target position: (6.04, 2.00, 3.00)
[Drone drone] Target position: (6.02, 2.00, 3.00)
[Drone drone] Target position: (6.00, 2.00, 3.00)
[Drone drone] Target position: (5.98, 2.00, 3.00)
[Drone drone] Target position: (5.96, 2.00, 3.00)
[Drone drone] Target position: (5.94, 2.00, 3.00)
[Drone drone] Target position: (5.92, 2.00, 3.00)
[Drone drone] Target position: (5.90, 2.00, 3.00)
[Drone drone] Target position: (5.88, 2.00, 3.00)
[Drone drone] Target position: (5.86, 2.00, 3.00)
[Drone drone] Target position: (5.84, 2.00, 3.00)
[Drone drone] Target position: (5.82, 2.00, 3.00)
[Drone drone] Target position: (5.80, 2.00, 3.00)
[Drone drone] Target position: (5.78, 2.00, 3.00)
[Drone drone] Target position: (5.76, 2.00, 3.00)
[Drone drone] Target position: (5.74, 2.00, 3.00)
[Drone drone] Target position: (5.72, 2.00, 3.00)
[Drone drone] Target position: (5.70, 2.00, 3.00)
[Drone drone] Target position: (5.68, 2.00, 3.00)
[Drone drone] Target position: (5.66, 2.00, 3.00)
[Drone drone] Target position: (5.64, 2.00, 3.00)
[Drone drone] Target position: (5.62, 2.00, 3.00)
[Drone drone] Target position: (5.60, 2.00, 3.00)
[Drone drone] Target position: (5.58, 2.00, 3.00)
[Drone drone] Target position: (5.56, 2.00, 3.00)
[Drone drone] Target position: (5.54, 2.00, 3.00)
[Drone drone] Target position: (5.52, 2.00, 3.00)
[Drone drone] Target position: (5.50, 2.00, 3.00)
[Drone drone] Target position: (5.48, 2.00, 3.00)
[Drone drone] Target position: (5.46, 2.00, 3.00)
[Drone drone] Target position: (5.44, 2.00, 3.00)
[Drone drone] Target position: (5.42, 2.00, 3.00)
[Drone drone] Target position: (5.40, 2.00, 3.00)
[Drone drone] Target position: (5.38, 2.00, 3.00)
[Drone drone] Target position: (5.36, 2.00, 3.00)
[Drone drone] Target position: (5.34, 2.00, 3.00)
[Drone drone] Target position: (5.32, 2.00, 3.00)
[Drone drone] Target position: (5.30, 2.00, 3.00)
[Drone drone] Target position: (5.28, 2.00, 3.00)
[Drone drone] Target position: (5.26, 2.00, 3.00)
[Drone drone] Target position: (5.24, 2.00, 3.00)
[Drone drone] Target position: (5.22, 2.00, 3.00)
[Drone drone] Target position: (5.20, 2.00, 3.00)
[Drone drone] Target position: (5.18, 2.00, 3.00)
[Drone drone] Target position: (5.16, 2.00, 3.00)
[Drone drone] Target position: (5.14, 2.00, 3.00)
[Drone drone] Target position: (5.12, 2.00, 3.00)
[Drone drone] Target position: (5.10, 2.00, 3.00)
[Drone drone] Target position: (5.08, 2.00, 3.00)
[Drone drone] Target position: (5.06, 2.00, 3.00)
[Drone drone] Target position: (5.04, 2.00, 3.00)
[Drone drone] Target position: (5.02, 2.00, 3.00)
[Drone drone] Target position: (5.00, 2.00, 3.00)
[Drone drone] Target position: (4.98, 2.00, 3.00)
[Drone drone] Target position: (4.96, 2.00, 3.00)
[Drone drone] Target position: (4.94, 2.00, 3.00)
[Drone drone] Target position: (4.92, 2.00, 3.00)
[Drone drone] Target position: (4.90, 2.00, 3.00)
[Drone drone] Target position: (4.88, 2.00, 3.00)
[Drone drone] Target position: (4.86, 2.00, 3.00)
[Drone drone] Target position: (4.84, 2.00, 3.00)
[Drone drone] Target position: (4.82, 2.00, 3.00)
[Drone drone] Target position: (4.80, 2.00, 3.00)
[Drone drone] Target position: (4.78, 2.00, 3.00)
[Drone drone] Target position: (4.76, 2.00, 3.00)
[Drone drone] Target position: (4.74, 2.00, 3.00)
[Drone drone] Target position: (4.72, 2.00, 3.00)
[Drone drone] Target position: (4.70, 2.00, 3.00)
[Drone drone] Target position: (4.68, 2.00, 3.00)
[Drone drone] Target position: (4.66, 2.00, 3.00)
[Drone drone] Target position: (4.64, 2.00, 3.00)
[Drone drone] Target position: (4.62, 2.00, 3.00)
[Drone drone] Target position: (4.60, 2.00, 3.00)
[Drone drone] Target position: (4.58, 2.00, 3.00)
[Drone drone] Target position: (4.56, 2.00, 3.00)
[Drone drone] Target position: (4.54, 2.00, 3.00)
[Drone drone] Target position: (4.52, 2.00, 3.00)
[Drone drone] Target position: (4.50, 2.00, 3.00)
[Drone drone] Target position: (4.48, 2.00, 3.00)
[Drone drone] Target position: (4.46, 2.00, 3.00)
[Drone drone] Target position: (4.44, 2.00, 3.00)
[Drone drone] Target position: (4.42, 2.00, 3.00)
[Drone drone] Target position: (4.40, 2.00, 3.00)
[Drone drone] Target position: (4.38, 2.00, 3.00)
[Drone drone] Target position: (4.36, 2.00, 3.00)
[Drone drone] Target position: (4.34, 2.00, 3.00)
[Drone drone] Target position: (4.32, 2.00, 3.00)
[Drone drone] Target position: (4.30, 2.00, 3.00)
[Drone drone] Target position: (4.28, 2.00, 3.00)
[Drone drone] Target position: (4.26, 2.00, 3.00)
[Drone drone] Target position: (4.24, 2.00, 3.00)
[Drone drone] Target position: (4.22, 2.00, 3.00)
[Drone drone] Target position: (4.20, 2.00, 3.00)
[Drone drone] Target position: (4.18, 2.00, 3.00)
[Drone drone] Target position: (4.16, 2.00, 3.00)
[Drone drone] Target position: (4.14, 2.00, 3.00)
[Drone drone] Target position: (4.12, 2.00, 3.00)
[Drone drone] Target position: (4.10, 2.00, 3.00)
[Drone drone] Target position: (4.08, 2.00, 3.00)
[Drone drone] Target position: (4.06, 2.00, 3.00)
[Drone drone] Target position: (4.04, 2.00, 3.00)
[Drone drone] Target position: (4.02, 2.00, 3.00)
[Drone drone] Target position: (4.00, 2.00, 3.00)
[Drone drone] Target position: (3.98, 2.00, 3.00)
[Drone drone] Target position: (3.96, 2.00, 3.00)
[Drone drone] Target position: (3.94, 2.00, 3.00)
[Drone drone] Target position: (3.92, 2.00, 3.00)
[Drone drone] Target position: (3.90, 2.00, 3.00)
[Drone drone] Target position: (3.88, 2.00, 3.00)
[Drone drone] Target position: (3.86, 2.00, 3.00)
[Drone drone] Target position: (3.84, 2.00, 3.00)
[Drone drone] Target position: (3.82, 2.00, 3.00)
[Drone drone] Target position: (3.80, 2.00, 3.00)
[Drone drone] Target position: (3.78, 2.00, 3.00)
[Drone drone] Target position: (3.76, 2.00, 3.00)
[Drone drone] Target position: (3.74, 2.00, 3.00)
[Drone drone] Target position: (3.72, 2.00, 3.00)
[Drone drone] Target position: (3.70, 2.00, 3.00)
[Drone drone] Target position: (3.68, 2.00, 3.00)
[Drone drone] Target position: (3.66, 2.00, 3.00)
[Drone drone] Target position: (3.64, 2.00, 3.00)
[Drone drone] Target position: (3.62, 2.00, 3.00)
[Drone drone] Target position: (3.60, 2.00, 3.00)
[Drone drone] Target position: (3.58, 2.00, 3.00)
[Drone drone] Target position: (3.56, 2.00, 3.00)
[Drone drone] Target position: (3.54, 2.00, 3.00)
[Drone drone] Target position: (3.52, 2.00, 3.00)
[Drone drone] Target position: (3.50, 2.00, 3.00)
[Drone drone] Target position: (3.48, 2.00, 3.00)
[Drone drone] Target position: (3.46, 2.00, 3.00)
[Drone drone] Target position: (3.44, 2.00, 3.00)
[Drone drone] Target position: (3.42, 2.00, 3.00)
[Drone drone] Target position: (3.40, 2.00, 3.00)
[Drone drone] Target position: (3.38, 2.00, 3.00)
[Drone drone] Target position: (3.36, 2.00, 3.00)
[Drone drone] Target position: (3.34, 2.00, 3.00)
[Drone drone] Target position: (3.32, 2.00, 3.00)
[Drone drone] Target position: (3.30, 2.00, 3.00)
[Drone drone] Target position: (3.28, 2.00, 3.00)
[Drone drone] Target position: (3.26, 2.00, 3.00)
[Drone drone] Target position: (3.24, 2.00, 3.00)
[Drone drone] Target position: (3.22, 2.00, 3.00)
[Drone drone] Target position: (3.20, 2.00, 3.00)
[Drone drone] Target position: (3.18, 2.00, 3.00)
[Drone drone] Target position: (3.16, 2.00, 3.00)
[Drone drone] Target position: (3.14, 2.00, 3.00)
[Drone drone] Target position: (3.12, 2.00, 3.00)
[Drone drone] Target position: (3.10, 2.00, 3.00)
[Drone drone] Target position: (3.08, 2.00, 3.00)
[Drone drone] Target position: (3.06, 2.00, 3.00)
[Drone drone] Target position: (3.04, 2.00, 3.00)
[Drone drone] Target position: (3.02, 2.00, 3.00)
[Drone drone] Target position: (3.00, 2.00, 3.00)
[Drone drone] Target position: (2.98, 2.00, 3.00)
[Drone drone] Target position: (2.96, 2.00, 3.00)
[Drone drone] Target position: (2.94, 2.00, 3.00)
[Drone drone] Target position: (2.92, 2.00, 3.00)
[Drone drone] Target position: (2.90, 2.00, 3.00)
[Drone drone] Target position: (2.88, 2.00, 3.00)
[Drone drone] Target position: (2.86, 2.00, 3.00)
[Drone drone] Target position: (2.84, 2.00, 3.00)
[Drone drone] Target position: (2.82, 2.00, 3.00)
[Drone drone] Target position: (2.80, 2.00, 3.00)
[Drone drone] Target position: (2.78, 2.00, 3.00)
[Drone drone] Target position: (2.76, 2.00, 3.00)
[Drone drone] Target position: (2.74, 2.00, 3.00)
[Drone drone] Target position: (2.72, 2.00, 3.00)
[Drone drone] Target position: (2.70, 2.00, 3.00)
[Drone drone] Target position: (2.68, 2.00, 3.00)
[Drone drone] Target position: (2.66, 2.00, 3.00)
[Drone drone] Target position: (2.64, 2.00, 3.00)
[Drone drone] Target position: (2.62, 2.00, 3.00)
[Drone drone] Target position: (2.60, 2.00, 3.00)
[Drone drone] Target position: (2.58, 2.00, 3.00)
[Drone drone] Target position: (2.56, 2.00, 3.00)
[Drone drone] Target position: (2.54, 2.00, 3.00)
[Drone drone] Target position: (2.52, 2.00, 3.00)
[Drone drone] Target position: (2.50, 2.00, 3.00)
[Drone drone] Target position: (2.48, 2.00, 3.00)
[Drone drone] Target position: (2.46, 2.00, 3.00)
[Drone drone] Target position: (2.44, 2.00, 3.00)
[Drone drone] Target position: (2.42, 2.00, 3.00)
[Drone drone] Target position: (2.40, 2.00, 3.00)
[Drone drone] Target position: (2.38, 2.00, 3.00)
[Drone drone] Target position: (2.36, 2.00, 3.00)
[Drone drone] Target position: (2.34, 2.00, 3.00)
[Drone drone] Target position: (2.32, 2.00, 3.00)
[Drone drone] Target position: (2.30, 2.00, 3.00)
[Drone drone] Target position: (2.28, 2.00, 3.00)
[Drone drone] Target position: (2.26, 2.00, 3.00)
[Drone drone] Target position: (2.24, 2.00, 3.00)
[Drone drone] Target position: (2.22, 2.00, 3.00)
[Drone drone] Target position: (2.20, 2.00, 3.00)
[Drone drone] Target position: (2.18, 2.00, 3.00)
[Drone drone] Target position: (2.16, 2.00, 3.00)
[Drone drone] Target position: (2.14, 2.00, 3.00)
[Drone drone] Target position: (2.12, 2.00, 3.00)
[Drone drone] Target position: (2.10, 2.00, 3.00)
[Drone drone] Target position: (2.08, 2.00, 3.00)
[Drone drone] Target position: (2.06, 2.00, 3.00)
[Drone drone] Target position: (2.04, 2.00, 3.00)
[Drone drone] Target position: (2.02, 2.00, 3.00)
[Drone drone] Target position: (2.00, 2.00, 3.00)
[Drone drone] Target position: (1.98, 2.00, 3.00)
[Drone drone] Target position: (1.96, 2.00, 3.00)
[Drone drone] Target position: (1.94, 2.00, 3.00)
[Drone drone] Target position: (1.92, 2.00, 3.00)
[Drone drone] Target position: (1.90, 2.00, 3.00)
[Drone drone] Target position: (1.88, 2.00, 3.00)
[Drone drone] Target position: (1.86, 2.00, 3.00)
[Drone drone] Target position: (1.84, 2.00, 3.00)
[Drone drone] Target position: (1.82, 2.00, 3.00)
[Drone drone] Target position: (1.80, 2.00, 3.00)
[Drone drone] Target position: (1.78, 2.00, 3.00)
[Drone drone] Target position: (1.76, 2.00, 3.00)
[Drone drone] Target position: (1.74, 2.00, 3.00)
[Drone drone] Target position: (1.72, 2.00, 3.00)
[Drone drone] Target position: (1.70, 2.00, 3.00)
[Drone drone] Target position: (1.68, 2.00, 3.00)
[Drone drone] Target position: (1.66, 2.00, 3.00)
[Drone drone] Target position: (1.64, 2.00, 3.00)
[Drone drone] Target position: (1.62, 2.00, 3.00)
[Drone drone] Target position: (1.60, 2.00, 3.00)
[Drone drone] Target position: (1.58, 2.00, 3.00)
[Drone drone] Target position: (1.56, 2.00, 3.00)
[Drone drone] Target position: (1.54, 2.00, 3.00)
[Drone drone] Target position: (1.52, 2.00, 3.00)
[Drone drone] Target position: (1.50, 2.00, 3.00)
[Drone drone] Target position: (1.48, 2.00, 3.00)
[Drone drone] Target position: (1.46, 2.00, 3.00)
[Drone drone] Target position: (1.44, 2.00, 3.00)
[Drone drone] Target position: (1.42, 2.00, 3.00)
[Drone drone] Target position: (1.40, 2.00, 3.00)
[Drone drone] Target position: (1.38, 2.00, 3.00)
[Drone drone] Target position: (1.36, 2.00, 3.00)
[Drone drone] Target position: (1.34, 2.00, 3.00)
[Drone drone] Target position: (1.32, 2.00, 3.00)
[Drone drone] Target position: (1.30, 2.00, 3.00)
[Drone drone] Target position: (1.28, 2.00, 3.00)
[Drone drone] Target position: (1.26, 2.00, 3.00)
[Drone drone] Target position: (1.24, 2.00, 3.00)
[Drone drone] Target position: (1.22, 2.00, 3.00)
[Drone drone] Target position: (1.20, 2.00, 3.00)
[Drone drone] Target position: (1.18, 2.00, 3.00)
[Drone drone] Target position: (1.16, 2.00, 3.00)
[Drone drone] Target position: (1.14, 2.00, 3.00)
[Drone drone] Target position: (1.12, 2.00, 3.00)
[Drone drone] Target position: (1.10, 2.00, 3.00)
[Drone drone] Target position: (1.08, 2.00, 3.00)
[Drone drone] Target position: (1.06, 2.00, 3.00)
[Drone drone] Target position: (1.04, 2.00, 3.00)
[Drone drone] Target position: (1.02, 2.00, 3.00)
[Drone drone] Target position: (1.00, 2.00, 3.00)
[Drone drone] Target position: (0.98, 2.00, 3.00)
[Drone drone] Target position: (0.96, 2.00, 3.00)
[Drone drone] Target position: (0.94, 2.00, 3.00)
[Drone drone] Target position: (0.92, 2.00, 3.00)
[Drone drone] Target position: (0.90, 2.00, 3.00)
[Drone drone] Target position: (0.88, 2.00, 3.00)
[Drone drone] Target position: (0.86, 2.00, 3.00)
[Drone drone] Target position: (0.84, 2.00, 3.00)
[Drone drone] Target position: (0.82, 2.00, 3.00)
[Drone drone] Target position: (0.80, 2.00, 3.00)
[Drone drone] Target position: (0.78, 2.00, 3.00)
[Drone drone] Target position: (0.76, 2.00, 3.00)
[Drone drone] Target position: (0.74, 2.00, 3.00)
[Drone drone] Target position: (0.72, 2.00, 3.00)
[Drone drone] Target position: (0.70, 2.00, 3.00)
[Drone drone] Target position: (0.68, 2.00, 3.00)
[Drone drone] Target position: (0.66, 2.00, 3.00)
[Drone drone] Target position: (0.64, 2.00, 3.00)
[Drone drone] Target position: (0.62, 2.00, 3.00)
[Drone drone] Target position: (0.60, 2.00, 3.00)
[Drone drone] Target position: (0.58, 2.00, 3.00)
[Drone drone] Target position: (0.56, 2.00, 3.00)
[Drone drone] Target position: (0.54, 2.00, 3.00)
[Drone drone] Target position: (0.52, 2.00, 3.00)
[Drone drone] Target position: (0.50, 2.00, 3.00)
[Drone drone] Target position: (0.48, 2.00, 3.00)
[Drone drone] Target position: (0.46, 2.00, 3.00)
[Drone drone] Target position: (0.44, 2.00, 3.00)
[Drone drone] Target position: (0.42, 2.00, 3.00)
[Drone drone] Target position: (0.40, 2.00, 3.00)
[Drone drone] Target position: (0.38, 2.00, 3.00)
[Drone drone] Target position: (0.36, 2.00, 3.00)
[Drone drone] Target position: (0.34, 2.00, 3.00)
[Drone drone] Target position: (0.32, 2.00, 3.00)
[Drone drone] Target position: (0.30, 2.00, 3.00)
[Drone drone] Target position: (0.28, 2.00, 3.00)
[Drone drone] Target position: (0.26, 2.00, 3.00)
[Drone drone] Target position: (0.24, 2.00, 3.00)
[Drone drone] Target position: (0.22, 2.00, 3.00)
[Drone drone] Target position: (0.20, 2.00, 3.00)
[Drone drone] Target position: (0.18, 2.00, 3.00)
[Drone drone] Target position: (0.16, 2.00, 3.00)
[Drone drone] Target position: (0.14, 2.00, 3.00)
[Drone drone] Target position: (0.12, 2.00, 3.00)
[Drone drone] Target position: (0.10, 2.00, 3.00)
[Drone drone] Target position: (0.08, 2.00, 3.00)
[Drone drone] Target position: (0.06, 2.00, 3.00)
[Drone drone] Target position: (0.04, 2.00, 3.00)
[Drone drone] Target position: (0.02, 2.00, 3.00)
[Drone drone] Target position: (0.00, 2.00, 3.00)
[Drone drone] Target position: (0.00, 2.02, 3.00)
[Drone drone] Target position: (0.00, 2.04, 3.00)
[Drone drone] Target position: (0.00, 2.06, 3.00)
[Drone drone] Target position: (0.00, 2.08, 3.00)
[Drone drone] Target position: (0.00, 2.10, 3.00)
[Drone drone] Target position: (0.00, 2.12, 3.00)
[Drone drone] Target position: (0.00, 2.14, 3.00)
[Drone drone] Target position: (0.00, 2.16, 3.00)
[Drone drone] Target position: (0.00, 2.18, 3.00)
[Drone drone] Target position: (0.00, 2.20, 3.00)
[Drone drone] Target position: (0.00, 2.22, 3.00)
[Drone drone] Target position: (0.00, 2.24, 3.00)
[Drone drone] Target position: (0.00, 2.26, 3.00)
[Drone drone] Target position: (0.00, 2.28, 3.00)
[Drone drone] Target position: (0.00, 2.30, 3.00)
[Drone drone] Target position: (0.00, 2.32, 3.00)
[Drone drone] Target position: (0.00, 2.34, 3.00)
[Drone drone] Target position: (0.00, 2.36, 3.00)
[Drone drone] Target position: (0.00, 2.38, 3.00)
[Drone drone] Target position: (0.00, 2.40, 3.00)
[Drone drone] Target position: (0.00, 2.42, 3.00)
[Drone drone] Target position: (0.00, 2.44, 3.00)
[Drone drone] Target position: (0.00, 2.46, 3.00)
[Drone drone] Target position: (0.00, 2.48, 3.00)
[Drone drone] Target position: (0.00, 2.50, 3.00)
[Drone drone] Target position: (0.00, 2.52, 3.00)
[Drone drone] Target position: (0.00, 2.54, 3.00)
[Drone drone] Target position: (0.00, 2.56, 3.00)
[Drone drone] Target position: (0.00, 2.58, 3.00)
[Drone drone] Target position: (0.00, 2.60, 3.00)
[Drone drone] Target position: (0.00, 2.62, 3.00)
[Drone drone] Target position: (0.00, 2.64, 3.00)
[Drone drone] Target position: (0.00, 2.66, 3.00)
[Drone drone] Target position: (0.00, 2.68, 3.00)
[Drone drone] Target position: (0.00, 2.70, 3.00)
[Drone drone] Target position: (0.00, 2.72, 3.00)
[Drone drone] Target position: (0.00, 2.74, 3.00)
[Drone drone] Target position: (0.00, 2.76, 3.00)
[Drone drone] Target position: (0.00, 2.78, 3.00)
[Drone drone] Target position: (0.00, 2.80, 3.00)
[Drone drone] Target position: (0.00, 2.82, 3.00)
[Drone drone] Target position: (0.00, 2.84, 3.00)
[Drone drone] Target position: (0.00, 2.86, 3.00)
[Drone drone] Target position: (0.00, 2.88, 3.00)
[Drone drone] Target position: (0.00, 2.90, 3.00)
[Drone drone] Target position: (0.00, 2.92, 3.00)
[Drone drone] Target position: (0.00, 2.94, 3.00)
[Drone drone] Target position: (0.00, 2.96, 3.00)
[Drone drone] Target position: (0.00, 2.98, 3.00)
[Drone drone] Target position: (0.00, 3.00, 3.00)
[Drone drone] Target position: (0.00, 3.02, 3.00)
[Drone drone] Target position: (0.00, 3.04, 3.00)
[Drone drone] Target position: (0.00, 3.06, 3.00)
[Drone drone] Target position: (0.00, 3.08, 3.00)
[Drone drone] Target position: (0.00, 3.10, 3.00)
[Drone drone] Target position: (0.00, 3.12, 3.00)
[Drone drone] Target position: (0.00, 3.14, 3.00)
[Drone drone] Target position: (0.00, 3.16, 3.00)
[Drone drone] Target position: (0.00, 3.18, 3.00)
[Drone drone] Target position: (0.00, 3.20, 3.00)
[Drone drone] Target position: (0.00, 3.22, 3.00)
[Drone drone] Target position: (0.00, 3.24, 3.00)
[Drone drone] Target position: (0.00, 3.26, 3.00)
[Drone drone] Target position: (0.00, 3.28, 3.00)
[Drone drone] Target position: (0.00, 3.30, 3.00)
[Drone drone] Target position: (0.00, 3.32, 3.00)
[Drone drone] Target position: (0.00, 3.34, 3.00)
[Drone drone] Target position: (0.00, 3.36, 3.00)
[Drone drone] Target position: (0.00, 3.38, 3.00)
[Drone drone] Target position: (0.00, 3.40, 3.00)
[Drone drone] Target position: (0.00, 3.42, 3.00)
[Drone drone] Target position: (0.00, 3.44, 3.00)
[Drone drone] Target position: (0.00, 3.46, 3.00)
[Drone drone] Target position: (0.00, 3.48, 3.00)
[Drone drone] Target position: (0.00, 3.50, 3.00)
[Drone drone] Target position: (0.00, 3.52, 3.00)
[Drone drone] Target position: (0.00, 3.54, 3.00)
[Drone drone] Target position: (0.00, 3.56, 3.00)
[Drone drone] Target position: (0.00, 3.58, 3.00)
[Drone drone] Target position: (0.00, 3.60, 3.00)
[Drone drone] Target position: (0.00, 3.62, 3.00)
[Drone drone] Target position: (0.00, 3.64, 3.00)
[Drone drone] Target position: (0.00, 3.66, 3.00)
[Drone drone] Target position: (0.00, 3.68, 3.00)
[Drone drone] Target position: (0.00, 3.70, 3.00)
[Drone drone] Target position: (0.00, 3.72, 3.00)
[Drone drone] Target position: (0.00, 3.74, 3.00)
[Drone drone] Target position: (0.00, 3.76, 3.00)
[Drone drone] Target position: (0.00, 3.78, 3.00)
[Drone drone] Target position: (0.00, 3.80, 3.00)
[Drone drone] Target position: (0.00, 3.82, 3.00)
[Drone drone] Target position: (0.00, 3.84, 3.00)
[Drone drone] Target position: (0.00, 3.86, 3.00)
[Drone drone] Target position: (0.00, 3.88, 3.00)
[Drone drone] Target position: (0.00, 3.90, 3.00)
[Drone drone] Target position: (0.00, 3.92, 3.00)
[Drone drone] Target position: (0.00, 3.94, 3.00)
[Drone drone] Target position: (0.00, 3.96, 3.00)
[Drone drone] Target position: (0.00, 3.98, 3.00)
[Drone drone] Target position: (0.00, 4.00, 3.00)
[Drone drone] Target position: (0.02, 4.00, 3.00)
[Drone drone] Target position: (0.04, 4.00, 3.00)
[Drone drone] Target position: (0.06, 4.00, 3.00)
[Drone drone] Target position: (0.08, 4.00, 3.00)
[Drone drone] Target position: (0.10, 4.00, 3.00)
[Drone drone] Target position: (0.12, 4.00, 3.00)
[Drone drone] Target position: (0.14, 4.00, 3.00)
[Drone drone] Target position: (0.16, 4.00, 3.00)
[Drone drone] Target position: (0.18, 4.00, 3.00)
[Drone drone] Target position: (0.20, 4.00, 3.00)
[Drone drone] Target position: (0.22, 4.00, 3.00)
[Drone drone] Target position: (0.24, 4.00, 3.00)
[Drone drone] Target position: (0.26, 4.00, 3.00)
[Drone drone] Target position: (0.28, 4.00, 3.00)
[Drone drone] Target position: (0.30, 4.00, 3.00)
[Drone drone] Target position: (0.32, 4.00, 3.00)
[Drone drone] Target position: (0.34, 4.00, 3.00)
[Drone drone] Target position: (0.36, 4.00, 3.00)
[Drone drone] Target position: (0.38, 4.00, 3.00)
[Drone drone] Target position: (0.40, 4.00, 3.00)
[Drone drone] Target position: (0.42, 4.00, 3.00)
[Drone drone] Target position: (0.44, 4.00, 3.00)
[Drone drone] Target position: (0.46, 4.00, 3.00)
[Drone drone] Target position: (0.48, 4.00, 3.00)
[Drone drone] Target position: (0.50, 4.00, 3.00)
[Drone drone] Target position: (0.52, 4.00, 3.00)
[Drone drone] Target position: (0.54, 4.00, 3.00)
[Drone drone] Target position: (0.56, 4.00, 3.00)
[Drone drone] Target position: (0.58, 4.00, 3.00)
[Drone drone] Target position: (0.60, 4.00, 3.00)
[Drone drone] Target position: (0.62, 4.00, 3.00)
[Drone drone] Target position: (0.64, 4.00, 3.00)
[Drone drone] Target position: (0.66, 4.00, 3.00)
[Drone drone] Target position: (0.68, 4.00, 3.00)
[Drone drone] Target position: (0.70, 4.00, 3.00)
[Drone drone] Target position: (0.72, 4.00, 3.00)
[Drone drone] Target position: (0.74, 4.00, 3.00)
[Drone drone] Target position: (0.76, 4.00, 3.00)
[Drone drone] Target position: (0.78, 4.00, 3.00)
[Drone drone] Target position: (0.80, 4.00, 3.00)
[Drone drone] Target position: (0.82, 4.00, 3.00)
[Drone drone] Target position: (0.84, 4.00, 3.00)
[Drone drone] Target position: (0.86, 4.00, 3.00)
[Drone drone] Target position: (0.88, 4.00, 3.00)
[Drone drone] Target position: (0.90, 4.00, 3.00)
[Drone drone] Target position: (0.92, 4.00, 3.00)
[Drone drone] Target position: (0.94, 4.00, 3.00)
[Drone drone] Target position: (0.96, 4.00, 3.00)
[Drone drone] Target position: (0.98, 4.00, 3.00)
[Drone drone] Target position: (1.00, 4.00, 3.00)
[Drone drone] Target position: (1.02, 4.00, 3.00)
[Drone drone] Target position: (1.04, 4.00, 3.00)
[Drone drone] Target position: (1.06, 4.00, 3.00)
[Drone drone] Target position: (1.08, 4.00, 3.00)
[Drone drone] Target position: (1.10, 4.00, 3.00)
[Drone drone] Target position: (1.12, 4.00, 3.00)
[Drone drone] Target position: (1.14, 4.00, 3.00)
[Drone drone] Target position: (1.16, 4.00, 3.00)
[Drone drone] Target position: (1.18, 4.00, 3.00)
[Drone drone] Target position: (1.20, 4.00, 3.00)
[Drone drone] Target position: (1.22, 4.00, 3.00)
[Drone drone] Target position: (1.24, 4.00, 3.00)
[Drone drone] Target position: (1.26, 4.00, 3.00)
[Drone drone] Target position: (1.28, 4.00, 3.00)
[Drone drone] Target position: (1.30, 4.00, 3.00)
[Drone drone] Target position: (1.32, 4.00, 3.00)
[Drone drone] Target position: (1.34, 4.00, 3.00)
[Drone drone] Target position: (1.36, 4.00, 3.00)
[Drone drone] Target position: (1.38, 4.00, 3.00)
[Drone drone] Target position: (1.40, 4.00, 3.00)
[Drone drone] Target position: (1.42, 4.00, 3.00)
[Drone drone] Target position: (1.44, 4.00, 3.00)
[Drone drone] Target position: (1.46, 4.00, 3.00)
[Drone drone] Target position: (1.48, 4.00, 3.00)
[Drone drone] Target position: (1.50, 4.00, 3.00)
[Drone drone] Target position: (1.52, 4.00, 3.00)
[Drone drone] Target position: (1.54, 4.00, 3.00)
[Drone drone] Target position: (1.56, 4.00, 3.00)
[Drone drone] Target position: (1.58, 4.00, 3.00)
[Drone drone] Target position: (1.60, 4.00, 3.00)
[Drone drone] Target position: (1.62, 4.00, 3.00)
[Drone drone] Target position: (1.64, 4.00, 3.00)
[Drone drone] Target position: (1.66, 4.00, 3.00)
[Drone drone] Target position: (1.68, 4.00, 3.00)
[Drone drone] Target position: (1.70, 4.00, 3.00)
[Drone drone] Target position: (1.72, 4.00, 3.00)
[Drone drone] Target position: (1.74, 4.00, 3.00)
[Drone drone] Target position: (1.76, 4.00, 3.00)
[Drone drone] Target position: (1.78, 4.00, 3.00)
[Drone drone] Target position: (1.80, 4.00, 3.00)
[Drone drone] Target position: (1.82, 4.00, 3.00)
[Drone drone] Target position: (1.84, 4.00, 3.00)
[Drone drone] Target position: (1.86, 4.00, 3.00)
[Drone drone] Target position: (1.88, 4.00, 3.00)
[Drone drone] Target position: (1.90, 4.00, 3.00)
[Drone drone] Target position: (1.92, 4.00, 3.00)
[Drone drone] Target position: (1.94, 4.00, 3.00)
[Drone drone] Target position: (1.96, 4.00, 3.00)
[Drone drone] Target position: (1.98, 4.00, 3.00)
[Drone drone] Target position: (2.00, 4.00, 3.00)
[Drone drone] Target position: (2.02, 4.00, 3.00)
[Drone drone] Target position: (2.04, 4.00, 3.00)
[Drone drone] Target position: (2.06, 4.00, 3.00)
[Drone drone] Target position: (2.08, 4.00, 3.00)
[Drone drone] Target position: (2.10, 4.00, 3.00)
[Drone drone] Target position: (2.12, 4.00, 3.00)
[Drone drone] Target position: (2.14, 4.00, 3.00)
[Drone drone] Target position: (2.16, 4.00, 3.00)
[Drone drone] Target position: (2.18, 4.00, 3.00)
[Drone drone] Target position: (2.20, 4.00, 3.00)
[Drone drone] Target position: (2.22, 4.00, 3.00)
[Drone drone] Target position: (2.24, 4.00, 3.00)
[Drone drone] Target position: (2.26, 4.00, 3.00)
[Drone drone] Target position: (2.28, 4.00, 3.00)
[Drone drone] Target position: (2.30, 4.00, 3.00)
[Drone drone] Target position: (2.32, 4.00, 3.00)
[Drone drone] Target position: (2.34, 4.00, 3.00)
[Drone drone] Target position: (2.36, 4.00, 3.00)
[Drone drone] Target position: (2.38, 4.00, 3.00)
[Drone drone] Target position: (2.40, 4.00, 3.00)
[Drone drone] Target position: (2.42, 4.00, 3.00)
[Drone drone] Target position: (2.44, 4.00, 3.00)
[Drone drone] Target position: (2.46, 4.00, 3.00)
[Drone drone] Target position: (2.48, 4.00, 3.00)
[Drone drone] Target position: (2.50, 4.00, 3.00)
[Drone drone] Target position: (2.52, 4.00, 3.00)
[Drone drone] Target position: (2.54, 4.00, 3.00)
[Drone drone] Target position: (2.56, 4.00, 3.00)
[Drone drone] Target position: (2.58, 4.00, 3.00)
[Drone drone] Target position: (2.60, 4.00, 3.00)
[Drone drone] Target position: (2.62, 4.00, 3.00)
[Drone drone] Target position: (2.64, 4.00, 3.00)
[Drone drone] Target position: (2.66, 4.00, 3.00)
[Drone drone] Target position: (2.68, 4.00, 3.00)
[Drone drone] Target position: (2.70, 4.00, 3.00)
[Drone drone] Target position: (2.72, 4.00, 3.00)
[Drone drone] Target position: (2.74, 4.00, 3.00)
[Drone drone] Target position: (2.76, 4.00, 3.00)
[Drone drone] Target position: (2.78, 4.00, 3.00)
[Drone drone] Target position: (2.80, 4.00, 3.00)
[Drone drone] Target position: (2.82, 4.00, 3.00)
[Drone drone] Target position: (2.84, 4.00, 3.00)
[Drone drone] Target position: (2.86, 4.00, 3.00)
[Drone drone] Target position: (2.88, 4.00, 3.00)
[Drone drone] Target position: (2.90, 4.00, 3.00)
[Drone drone] Target position: (2.92, 4.00, 3.00)
[Drone drone] Target position: (2.94, 4.00, 3.00)
[Drone drone] Target position: (2.96, 4.00, 3.00)
[Drone drone] Target position: (2.98, 4.00, 3.00)
[Drone drone] Target position: (3.00, 4.00, 3.00)
[Drone drone] Target position: (3.02, 4.00, 3.00)
[Drone drone] Target position: (3.04, 4.00, 3.00)
[Drone drone] Target position: (3.06, 4.00, 3.00)
[Drone drone] Target position: (3.08, 4.00, 3.00)
[Drone drone] Target position: (3.10, 4.00, 3.00)
[Drone drone] Target position: (3.12, 4.00, 3.00)
[Drone drone] Target position: (3.14, 4.00, 3.00)
[Drone drone] Target position: (3.16, 4.00, 3.00)
[Drone drone] Target position: (3.18, 4.00, 3.00)
[Drone drone] Target position: (3.20, 4.00, 3.00)
[Drone drone] Target position: (3.22, 4.00, 3.00)
[Drone drone] Target position: (3.24, 4.00, 3.00)
[Drone drone] Target position: (3.26, 4.00, 3.00)
[Drone drone] Target position: (3.28, 4.00, 3.00)
[Drone drone] Target position: (3.30, 4.00, 3.00)
[Drone drone] Target position: (3.32, 4.00, 3.00)
[Drone drone] Target position: (3.34, 4.00, 3.00)
[Drone drone] Target position: (3.36, 4.00, 3.00)
[Drone drone] Target position: (3.38, 4.00, 3.00)
[Drone drone] Target position: (3.40, 4.00, 3.00)
[Drone drone] Target position: (3.42, 4.00, 3.00)
[Drone drone] Target position: (3.44, 4.00, 3.00)
[Drone drone] Target position: (3.46, 4.00, 3.00)
[Drone drone] Target position: (3.48, 4.00, 3.00)
[Drone drone] Target position: (3.50, 4.00, 3.00)
[Drone drone] Target position: (3.52, 4.00, 3.00)
[Drone drone] Target position: (3.54, 4.00, 3.00)
[Drone drone] Target position: (3.56, 4.00, 3.00)
[Drone drone] Target position: (3.58, 4.00, 3.00)
[Drone drone] Target position: (3.60, 4.00, 3.00)
[Drone drone] Target position: (3.62, 4.00, 3.00)
[Drone drone] Target position: (3.64, 4.00, 3.00)
[Drone drone] Target position: (3.66, 4.00, 3.00)
[Drone drone] Target position: (3.68, 4.00, 3.00)
[Drone drone] Target position: (3.70, 4.00, 3.00)
[Drone drone] Target position: (3.72, 4.00, 3.00)
[Drone drone] Target position: (3.74, 4.00, 3.00)
[Drone drone] Target position: (3.76, 4.00, 3.00)
[Drone drone] Target position: (3.78, 4.00, 3.00)
[Drone drone] Target position: (3.80, 4.00, 3.00)
[Drone drone] Target position: (3.82, 4.00, 3.00)
[Drone drone] Target position: (3.84, 4.00, 3.00)
[Drone drone] Target position: (3.86, 4.00, 3.00)
[Drone drone] Target position: (3.88, 4.00, 3.00)
[Drone drone] Target position: (3.90, 4.00, 3.00)
[Drone drone] Target position: (3.92, 4.00, 3.00)
[Drone drone] Target position: (3.94, 4.00, 3.00)
[Drone drone] Target position: (3.96, 4.00, 3.00)
[Drone drone] Target position: (3.98, 4.00, 3.00)
[Drone drone] Target position: (4.00, 4.00, 3.00)
[Drone drone] Target position: (4.02, 4.00, 3.00)
[Drone drone] Target position: (4.04, 4.00, 3.00)
[Drone drone] Target position: (4.06, 4.00, 3.00)
[Drone drone] Target position: (4.08, 4.00, 3.00)
[Drone drone] Target position: (4.10, 4.00, 3.00)
[Drone drone] Target position: (4.12, 4.00, 3.00)
[Drone drone] Target position: (4.14, 4.00, 3.00)
[Drone drone] Target position: (4.16, 4.00, 3.00)
[Drone drone] Target position: (4.18, 4.00, 3.00)
[Drone drone] Target position: (4.20, 4.00, 3.00)
[Drone drone] Target position: (4.22, 4.00, 3.00)
[Drone drone] Target position: (4.24, 4.00, 3.00)
[Drone drone] Target position: (4.26, 4.00, 3.00)
[Drone drone] Target position: (4.28, 4.00, 3.00)
[Drone drone] Target position: (4.30, 4.00, 3.00)
[Drone drone] Target position: (4.32, 4.00, 3.00)
[Drone drone] Target position: (4.34, 4.00, 3.00)
[Drone drone] Target position: (4.36, 4.00, 3.00)
[Drone drone] Target position: (4.38, 4.00, 3.00)
[Drone drone] Target position: (4.40, 4.00, 3.00)
[Drone drone] Target position: (4.42, 4.00, 3.00)
[Drone drone] Target position: (4.44, 4.00, 3.00)
[Drone drone] Target position: (4.46, 4.00, 3.00)
[Drone drone] Target position: (4.48, 4.00, 3.00)
[Drone drone] Target position: (4.50, 4.00, 3.00)
[Drone drone] Target position: (4.52, 4.00, 3.00)
[Drone drone] Target position: (4.54, 4.00, 3.00)
[Drone drone] Target position: (4.56, 4.00, 3.00)
[Drone drone] Target position: (4.58, 4.00, 3.00)
[Drone drone] Target position: (4.60, 4.00, 3.00)
[Drone drone] Target position: (4.62, 4.00, 3.00)
[Drone drone] Target position: (4.64, 4.00, 3.00)
[Drone drone] Target position: (4.66, 4.00, 3.00)
[Drone drone] Target position: (4.68, 4.00, 3.00)
[Drone drone] Target position: (4.70, 4.00, 3.00)
[Drone drone] Target position: (4.72, 4.00, 3.00)
[Drone drone] Target position: (4.74, 4.00, 3.00)
[Drone drone] Target position: (4.76, 4.00, 3.00)
[Drone drone] Target position: (4.78, 4.00, 3.00)
[Drone drone] Target position: (4.80, 4.00, 3.00)
[Drone drone] Target position: (4.82, 4.00, 3.00)
[Drone drone] Target position: (4.84, 4.00, 3.00)
[Drone drone] Target position: (4.86, 4.00, 3.00)
[Drone drone] Target position: (4.88, 4.00, 3.00)
[Drone drone] Target position: (4.90, 4.00, 3.00)
[Drone drone] Target position: (4.92, 4.00, 3.00)
[Drone drone] Target position: (4.94, 4.00, 3.00)
[Drone drone] Target position: (4.96, 4.00, 3.00)
[Drone drone] Target position: (4.98, 4.00, 3.00)
[Drone drone] Target position: (5.00, 4.00, 3.00)
[Drone drone] Target position: (5.02, 4.00, 3.00)
[Drone drone] Target position: (5.04, 4.00, 3.00)
[Drone drone] Target position: (5.06, 4.00, 3.00)
[Drone drone] Target position: (5.08, 4.00, 3.00)
[Drone drone] Target position: (5.10, 4.00, 3.00)
[Drone drone] Target position: (5.12, 4.00, 3.00)
[Drone drone] Target position: (5.14, 4.00, 3.00)
[Drone drone] Target position: (5.16, 4.00, 3.00)
[Drone drone] Target position: (5.18, 4.00, 3.00)
[Drone drone] Target position: (5.20, 4.00, 3.00)
[Drone drone] Target position: (5.22, 4.00, 3.00)
[Drone drone] Target position: (5.24, 4.00, 3.00)
[Drone drone] Target position: (5.26, 4.00, 3.00)
[Drone drone] Target position: (5.28, 4.00, 3.00)
[Drone drone] Target position: (5.30, 4.00, 3.00)
[Drone drone] Target position: (5.32, 4.00, 3.00)
[Drone drone] Target position: (5.34, 4.00, 3.00)
[Drone drone] Target position: (5.36, 4.00, 3.00)
[Drone drone] Target position: (5.38, 4.00, 3.00)
[Drone drone] Target position: (5.40, 4.00, 3.00)
[Drone drone] Target position: (5.42, 4.00, 3.00)
[Drone drone] Target position: (5.44, 4.00, 3.00)
[Drone drone] Target position: (5.46, 4.00, 3.00)
[Drone drone] Target position: (5.48, 4.00, 3.00)
[Drone drone] Target position: (5.50, 4.00, 3.00)
[Drone drone] Target position: (5.52, 4.00, 3.00)
[Drone drone] Target position: (5.54, 4.00, 3.00)
[Drone drone] Target position: (5.56, 4.00, 3.00)
[Drone drone] Target position: (5.58, 4.00, 3.00)
[Drone drone] Target position: (5.60, 4.00, 3.00)
[Drone drone] Target position: (5.62, 4.00, 3.00)
[Drone drone] Target position: (5.64, 4.00, 3.00)
[Drone drone] Target position: (5.66, 4.00, 3.00)
[Drone drone] Target position: (5.68, 4.00, 3.00)
[Drone drone] Target position: (5.70, 4.00, 3.00)
[Drone drone] Target position: (5.72, 4.00, 3.00)
[Drone drone] Target position: (5.74, 4.00, 3.00)
[Drone drone] Target position: (5.76, 4.00, 3.00)
[Drone drone] Target position: (5.78, 4.00, 3.00)
[Drone drone] Target position: (5.80, 4.00, 3.00)
[Drone drone] Target position: (5.82, 4.00, 3.00)
[Drone drone] Target position: (5.84, 4.00, 3.00)
[Drone drone] Target position: (5.86, 4.00, 3.00)
[Drone drone] Target position: (5.88, 4.00, 3.00)
[Drone drone] Target position: (5.90, 4.00, 3.00)
[Drone drone] Target position: (5.92, 4.00, 3.00)
[Drone drone] Target position: (5.94, 4.00, 3.00)
[Drone drone] Target position: (5.96, 4.00, 3.00)
[Drone drone] Target position: (5.98, 4.00, 3.00)
[Drone drone] Target position: (6.00, 4.00, 3.00)
[Drone drone] Target position: (6.02, 4.00, 3.00)
[Drone drone] Target position: (6.04, 4.00, 3.00)
[Drone drone] Target position: (6.06, 4.00, 3.00)
[Drone drone] Target position: (6.08, 4.00, 3.00)
[Drone drone] Target position: (6.10, 4.00, 3.00)
[Drone drone] Target position: (6.12, 4.00, 3.00)
[Drone drone] Target position: (6.14, 4.00, 3.00)
[Drone drone] Target position: (6.16, 4.00, 3.00)
[Drone drone] Target position: (6.18, 4.00, 3.00)
[Drone drone] Target position: (6.20, 4.00, 3.00)
[Drone drone] Target position: (6.22, 4.00, 3.00)
[Drone drone] Target position: (6.24, 4.00, 3.00)
[Drone drone] Target position: (6.26, 4.00, 3.00)
[Drone drone] Target position: (6.28, 4.00, 3.00)
[Drone drone] Target position: (6.30, 4.00, 3.00)
[Drone drone] Target position: (6.32, 4.00, 3.00)
[Drone drone] Target position: (6.34, 4.00, 3.00)
[Drone drone] Target position: (6.36, 4.00, 3.00)
[Drone drone] Target position: (6.38, 4.00, 3.00)
[Drone drone] Target position: (6.40, 4.00, 3.00)
[Drone drone] Target position: (6.42, 4.00, 3.00)
[Drone drone] Target position: (6.44, 4.00, 3.00)
[Drone drone] Target position: (6.46, 4.00, 3.00)
[Drone drone] Target position: (6.48, 4.00, 3.00)
[Drone drone] Target position: (6.50, 4.00, 3.00)
[Drone drone] Target position: (6.52, 4.00, 3.00)
[Drone drone] Target position: (6.54, 4.00, 3.00)
[Drone drone] Target position: (6.56, 4.00, 3.00)
[Drone drone] Target position: (6.58, 4.00, 3.00)
[Drone drone] Target position: (6.60, 4.00, 3.00)
[Drone drone] Target position: (6.62, 4.00, 3.00)
[Drone drone] Target position: (6.64, 4.00, 3.00)
[Drone drone] Target position: (6.66, 4.00, 3.00)
[Drone drone] Target position: (6.68, 4.00, 3.00)
[Drone drone] Target position: (6.70, 4.00, 3.00)
[Drone drone] Target position: (6.72, 4.00, 3.00)
[Drone drone] Target position: (6.74, 4.00, 3.00)
[Drone drone] Target position: (6.76, 4.00, 3.00)
[Drone drone] Target position: (6.78, 4.00, 3.00)
[Drone drone] Target position: (6.80, 4.00, 3.00)
[Drone drone] Target position: (6.82, 4.00, 3.00)
[Drone drone] Target position: (6.84, 4.00, 3.00)
[Drone drone] Target position: (6.86, 4.00, 3.00)
[Drone drone] Target position: (6.88, 4.00, 3.00)
[Drone drone] Target position: (6.90, 4.00, 3.00)
[Drone drone] Target position: (6.92, 4.00, 3.00)
[Drone drone] Target position: (6.94, 4.00, 3.00)
[Drone drone] Target position: (6.96, 4.00, 3.00)
[Drone drone] Target position: (6.98, 4.00, 3.00)
[Drone drone] Target position: (7.00, 4.00, 3.00)
[Drone drone] Target position: (7.02, 4.00, 3.00)
[Drone drone] Target position: (7.04, 4.00, 3.00)
[Drone drone] Target position: (7.06, 4.00, 3.00)
[Drone drone] Target position: (7.08, 4.00, 3.00)
[Drone drone] Target position: (7.10, 4.00, 3.00)
[Drone drone] Target position: (7.12, 4.00, 3.00)
[Drone drone] Target position: (7.14, 4.00, 3.00)
[Drone drone] Target position: (7.16, 4.00, 3.00)
[Drone drone] Target position: (7.18, 4.00, 3.00)
[Drone drone] Target position: (7.20, 4.00, 3.00)
[Drone drone] Target position: (7.22, 4.00, 3.00)
[Drone drone] Target position: (7.24, 4.00, 3.00)
[Drone drone] Target position: (7.26, 4.00, 3.00)
[Drone drone] Target position: (7.28, 4.00, 3.00)
[Drone drone] Target position: (7.30, 4.00, 3.00)
[Drone drone] Target position: (7.32, 4.00, 3.00)
[Drone drone] Target position: (7.34, 4.00, 3.00)
[Drone drone] Target position: (7.36, 4.00, 3.00)
[Drone drone] Target position: (7.38, 4.00, 3.00)
[Drone drone] Target position: (7.40, 4.00, 3.00)
[Drone drone] Target position: (7.42, 4.00, 3.00)
[Drone drone] Target position: (7.44, 4.00, 3.00)
[Drone drone] Target position: (7.46, 4.00, 3.00)
[Drone drone] Target position: (7.48, 4.00, 3.00)
[Drone drone] Target position: (7.50, 4.00, 3.00)
[Drone drone] Target position: (7.52, 4.00, 3.00)
[Drone drone] Target position: (7.54, 4.00, 3.00)
[Drone drone] Target position: (7.56, 4.00, 3.00)
[Drone drone] Target position: (7.58, 4.00, 3.00)
[Drone drone] Target position: (7.60, 4.00, 3.00)
[Drone drone] Target position: (7.62, 4.00, 3.00)
[Drone drone] Target position: (7.64, 4.00, 3.00)
[Drone drone] Target position: (7.66, 4.00, 3.00)
[Drone drone] Target position: (7.68, 4.00, 3.00)
[Drone drone] Target position: (7.70, 4.00, 3.00)
[Drone drone] Target position: (7.72, 4.00, 3.00)
[Drone drone] Target position: (7.74, 4.00, 3.00)
[Drone drone] Target position: (7.76, 4.00, 3.00)
[Drone drone] Target position: (7.78, 4.00, 3.00)
[Drone drone] Target position: (7.80, 4.00, 3.00)
[Drone drone] Target position: (7.82, 4.00, 3.00)
[Drone drone] Target position: (7.84, 4.00, 3.00)
[Drone drone] Target position: (7.86, 4.00, 3.00)
[Drone drone] Target position: (7.88, 4.00, 3.00)
[Drone drone] Target position: (7.90, 4.00, 3.00)
[Drone drone] Target position: (7.92, 4.00, 3.00)
[Drone drone] Target position: (7.94, 4.00, 3.00)
[Drone drone] Target position: (7.96, 4.00, 3.00)
[Drone drone] Target position: (7.98, 4.00, 3.00)
[Drone drone] Target position: (8.00, 4.00, 3.00)
[Drone drone] Target position: (8.02, 4.00, 3.00)
[Drone drone] Target position: (8.04, 4.00, 3.00)
[Drone drone] Target position: (8.06, 4.00, 3.00)
[Drone drone] Target position: (8.08, 4.00, 3.00)
[Drone drone] Target position: (8.10, 4.00, 3.00)
[Drone drone] Target position: (8.12, 4.00, 3.00)
[Drone drone] Target position: (8.14, 4.00, 3.00)
[Drone drone] Target position: (8.16, 4.00, 3.00)
[Drone drone] Target position: (8.18, 4.00, 3.00)
[Drone drone] Target position: (8.20, 4.00, 3.00)
[Drone drone] Target position: (8.22, 4.00, 3.00)
[Drone drone] Target position: (8.24, 4.00, 3.00)
[Drone drone] Target position: (8.26, 4.00, 3.00)
[Drone drone] Target position: (8.28, 4.00, 3.00)
[Drone drone] Target position: (8.30, 4.00, 3.00)
[Drone drone] Target position: (8.32, 4.00, 3.00)
[Drone drone] Target position: (8.34, 4.00, 3.00)
[Drone drone] Target position: (8.36, 4.00, 3.00)
[Drone drone] Target position: (8.38, 4.00, 3.00)
[Drone drone] Target position: (8.40, 4.00, 3.00)
[Drone drone] Target position: (8.42, 4.00, 3.00)
[Drone drone] Target position: (8.44, 4.00, 3.00)
[Drone drone] Target position: (8.46, 4.00, 3.00)
[Drone drone] Target position: (8.48, 4.00, 3.00)
[Drone drone] Target position: (8.50, 4.00, 3.00)
[Drone drone] Target position: (8.52, 4.00, 3.00)
[Drone drone] Target position: (8.54, 4.00, 3.00)
[Drone drone] Target position: (8.56, 4.00, 3.00)
[Drone drone] Target position: (8.58, 4.00, 3.00)
[Drone drone] Target position: (8.60, 4.00, 3.00)
[Drone drone] Target position: (8.62, 4.00, 3.00)
[Drone drone] Target position: (8.64, 4.00, 3.00)
[Drone drone] Target position: (8.66, 4.00, 3.00)
[Drone drone] Target position: (8.68, 4.00, 3.00)
[Drone drone] Target position: (8.70, 4.00, 3.00)
[Drone drone] Target position: (8.72, 4.00, 3.00)
[Drone drone] Target position: (8.74, 4.00, 3.00)
[Drone drone] Target position: (8.76, 4.00, 3.00)
[Drone drone] Target position: (8.78, 4.00, 3.00)
[Drone drone] Target position: (8.80, 4.00, 3.00)
[Drone drone] Target position: (8.82, 4.00, 3.00)
[Drone drone] Target position: (8.84, 4.00, 3.00)
[Drone drone] Target position: (8.86, 4.00, 3.00)
[Drone drone] Target position: (8.88, 4.00, 3.00)
[Drone drone] Target position: (8.90, 4.00, 3.00)
[Drone drone] Target position: (8.92, 4.00, 3.00)
[Drone drone] Target position: (8.94, 4.00, 3.00)
[Drone drone] Target position: (8.96, 4.00, 3.00)
[Drone drone] Target position: (8.98, 4.00, 3.00)
[Drone drone] Target position: (9.00, 4.00, 3.00)
[Drone drone] Target position: (9.02, 4.00, 3.00)
[Drone drone] Target position: (9.04, 4.00, 3.00)
[Drone drone] Target position: (9.06, 4.00, 3.00)
[Drone drone] Target position: (9.08, 4.00, 3.00)
[Drone drone] Target position: (9.10, 4.00, 3.00)
[Drone drone] Target position: (9.12, 4.00, 3.00)
[Drone drone] Target position: (9.14, 4.00, 3.00)
[Drone drone] Target position: (9.16, 4.00, 3.00)
[Drone drone] Target position: (9.18, 4.00, 3.00)
[Drone drone] Target position: (9.20, 4.00, 3.00)
[Drone drone] Target position: (9.22, 4.00, 3.00)
[Drone drone] Target position: (9.24, 4.00, 3.00)
[Drone drone] Target position: (9.26, 4.00, 3.00)
[Drone drone] Target position: (9.28, 4.00, 3.00)
[Drone drone] Target position: (9.30, 4.00, 3.00)
[Drone drone] Target position: (9.32, 4.00, 3.00)
[Drone drone] Target position: (9.34, 4.00, 3.00)
[Drone drone] Target position: (9.36, 4.00, 3.00)
[Drone drone] Target position: (9.38, 4.00, 3.00)
[Drone drone] Target position: (9.40, 4.00, 3.00)
[Drone drone] Target position: (9.42, 4.00, 3.00)
[Drone drone] Target position: (9.44, 4.00, 3.00)
[Drone drone] Target position: (9.46, 4.00, 3.00)
[Drone drone] Target position: (9.48, 4.00, 3.00)
[Drone drone] Target position: (9.50, 4.00, 3.00)
[Drone drone] Target position: (9.52, 4.00, 3.00)
[Drone drone] Target position: (9.54, 4.00, 3.00)
[Drone drone] Target position: (9.56, 4.00, 3.00)
[Drone drone] Target position: (9.58, 4.00, 3.00)
[Drone drone] Target position: (9.60, 4.00, 3.00)
[Drone drone] Target position: (9.62, 4.00, 3.00)
[Drone drone] Target position: (9.64, 4.00, 3.00)
[Drone drone] Target position: (9.66, 4.00, 3.00)
[Drone drone] Target position: (9.68, 4.00, 3.00)
[Drone drone] Target position: (9.70, 4.00, 3.00)
[Drone drone] Target position: (9.72, 4.00, 3.00)
[Drone drone] Target position: (9.74, 4.00, 3.00)
[Drone drone] Target position: (9.76, 4.00, 3.00)
[Drone drone] Target position: (9.78, 4.00, 3.00)
[Drone drone] Target position: (9.80, 4.00, 3.00)
[Drone drone] Target position: (9.82, 4.00, 3.00)
[Drone drone] Target position: (9.84, 4.00, 3.00)
[Drone drone] Target position: (9.86, 4.00, 3.00)
[Drone drone] Target position: (9.88, 4.00, 3.00)
[Drone drone] Target position: (9.90, 4.00, 3.00)
[Drone drone] Target position: (9.92, 4.00, 3.00)
[Drone drone] Target position: (9.94, 4.00, 3.00)
[Drone drone] Target position: (9.96, 4.00, 3.00)
[Drone drone] Target position: (9.98, 4.00, 3.00)
[Drone drone] Target position: (10.00, 4.00, 3.00)
[Drone drone] Target position: (10.00, 4.02, 3.00)
[Drone drone] Target position: (10.00, 4.04, 3.00)
[Drone drone] Target position: (10.00, 4.06, 3.00)
[Drone drone] Target position: (10.00, 4.08, 3.00)
[Drone drone] Target position: (10.00, 4.10, 3.00)
[Drone drone] Target position: (10.00, 4.12, 3.00)
[Drone drone] Target position: (10.00, 4.14, 3.00)
[Drone drone] Target position: (10.00, 4.16, 3.00)
[Drone drone] Target position: (10.00, 4.18, 3.00)
[Drone drone] Target position: (10.00, 4.20, 3.00)
[Drone drone] Target position: (10.00, 4.22, 3.00)
[Drone drone] Target position: (10.00, 4.24, 3.00)
[Drone drone] Target position: (10.00, 4.26, 3.00)
[Drone drone] Target position: (10.00, 4.28, 3.00)
[Drone drone] Target position: (10.00, 4.30, 3.00)
[Drone drone] Target position: (10.00, 4.32, 3.00)
[Drone drone] Target position: (10.00, 4.34, 3.00)
[Drone drone] Target position: (10.00, 4.36, 3.00)
[Drone drone] Target position: (10.00, 4.38, 3.00)
[Drone drone] Target position: (10.00, 4.40, 3.00)
[Drone drone] Target position: (10.00, 4.42, 3.00)
[Drone drone] Target position: (10.00, 4.44, 3.00)
[Drone drone] Target position: (10.00, 4.46, 3.00)
[Drone drone] Target position: (10.00, 4.48, 3.00)
[Drone drone] Target position: (10.00, 4.50, 3.00)
[Drone drone] Target position: (10.00, 4.52, 3.00)
[Drone drone] Target position: (10.00, 4.54, 3.00)
[Drone drone] Target position: (10.00, 4.56, 3.00)
[Drone drone] Target position: (10.00, 4.58, 3.00)
[Drone drone] Target position: (10.00, 4.60, 3.00)
[Drone drone] Target position: (10.00, 4.62, 3.00)
[Drone drone] Target position: (10.00, 4.64, 3.00)
[Drone drone] Target position: (10.00, 4.66, 3.00)
[Drone drone] Target position: (10.00, 4.68, 3.00)
[Drone drone] Target position: (10.00, 4.70, 3.00)
[Drone drone] Target position: (10.00, 4.72, 3.00)
[Drone drone] Target position: (10.00, 4.74, 3.00)
[Drone drone] Target position: (10.00, 4.76, 3.00)
[Drone drone] Target position: (10.00, 4.78, 3.00)
[Drone drone] Target position: (10.00, 4.80, 3.00)
[Drone drone] Target position: (10.00, 4.82, 3.00)
[Drone drone] Target position: (10.00, 4.84, 3.00)
[Drone drone] Target position: (10.00, 4.86, 3.00)
[Drone drone] Target position: (10.00, 4.88, 3.00)
[Drone drone] Target position: (10.00, 4.90, 3.00)
[Drone drone] Target position: (10.00, 4.92, 3.00)
[Drone drone] Target position: (10.00, 4.94, 3.00)
[Drone drone] Target position: (10.00, 4.96, 3.00)
[Drone drone] Target position: (10.00, 4.98, 3.00)
[Drone drone] Target position: (10.00, 5.00, 3.00)
[Drone drone] Target position: (10.00, 5.02, 3.00)
[Drone drone] Target position: (10.00, 5.04, 3.00)
[Drone drone] Target position: (10.00, 5.06, 3.00)
[Drone drone] Target position: (10.00, 5.08, 3.00)
[Drone drone] Target position: (10.00, 5.10, 3.00)
[Drone drone] Target position: (10.00, 5.12, 3.00)
[Drone drone] Target position: (10.00, 5.14, 3.00)
[Drone drone] Target position: (10.00, 5.16, 3.00)
[Drone drone] Target position: (10.00, 5.18, 3.00)
[Drone drone] Target position: (10.00, 5.20, 3.00)
[Drone drone] Target position: (10.00, 5.22, 3.00)
[Drone drone] Target position: (10.00, 5.24, 3.00)
[Drone drone] Target position: (10.00, 5.26, 3.00)
[Drone drone] Target position: (10.00, 5.28, 3.00)
[Drone drone] Target position: (10.00, 5.30, 3.00)
[Drone drone] Target position: (10.00, 5.32, 3.00)
[Drone drone] Target position: (10.00, 5.34, 3.00)
[Drone drone] Target position: (10.00, 5.36, 3.00)
[Drone drone] Target position: (10.00, 5.38, 3.00)
[Drone drone] Target position: (10.00, 5.40, 3.00)
[Drone drone] Target position: (10.00, 5.42, 3.00)
[Drone drone] Target position: (10.00, 5.44, 3.00)
[Drone drone] Target position: (10.00, 5.46, 3.00)
[Drone drone] Target position: (10.00, 5.48, 3.00)
[Drone drone] Target position: (10.00, 5.50, 3.00)
[Drone drone] Target position: (10.00, 5.52, 3.00)
[Drone drone] Target position: (10.00, 5.54, 3.00)
[Drone drone] Target position: (10.00, 5.56, 3.00)
[Drone drone] Target position: (10.00, 5.58, 3.00)
[Drone drone] Target position: (10.00, 5.60, 3.00)
[Drone drone] Target position: (10.00, 5.62, 3.00)
[Drone drone] Target position: (10.00, 5.64, 3.00)
[Drone drone] Target position: (10.00, 5.66, 3.00)
[Drone drone] Target position: (10.00, 5.68, 3.00)
[Drone drone] Target position: (10.00, 5.70, 3.00)
[Drone drone] Target position: (10.00, 5.72, 3.00)
[Drone drone] Target position: (10.00, 5.74, 3.00)
[Drone drone] Target position: (10.00, 5.76, 3.00)
[Drone drone] Target position: (10.00, 5.78, 3.00)
[Drone drone] Target position: (10.00, 5.80, 3.00)
[Drone drone] Target position: (10.00, 5.82, 3.00)
[Drone drone] Target position: (10.00, 5.84, 3.00)
[Drone drone] Target position: (10.00, 5.86, 3.00)
[Drone drone] Target position: (10.00, 5.88, 3.00)
[Drone drone] Target position: (10.00, 5.90, 3.00)
[Drone drone] Target position: (10.00, 5.92, 3.00)
[Drone drone] Target position: (10.00, 5.94, 3.00)
[Drone drone] Target position: (10.00, 5.96, 3.00)
[Drone drone] Target position: (10.00, 5.98, 3.00)
[Drone drone] Target position: (10.00, 6.00, 3.00)
[Drone drone] Target position: (9.98, 6.00, 3.00)
[Drone drone] Target position: (9.96, 6.00, 3.00)
[Drone drone] Target position: (9.94, 6.00, 3.00)
[Drone drone] Target position: (9.92, 6.00, 3.00)
[Drone drone] Target position: (9.90, 6.00, 3.00)
[Drone drone] Target position: (9.88, 6.00, 3.00)
[Drone drone] Target position: (9.86, 6.00, 3.00)
[Drone drone] Target position: (9.84, 6.00, 3.00)
[Drone drone] Target position: (9.82, 6.00, 3.00)
[Drone drone] Target position: (9.80, 6.00, 3.00)
[Drone drone] Target position: (9.78, 6.00, 3.00)
[Drone drone] Target position: (9.76, 6.00, 3.00)
[Drone drone] Target position: (9.74, 6.00, 3.00)
[Drone drone] Target position: (9.72, 6.00, 3.00)
[Drone drone] Target position: (9.70, 6.00, 3.00)
[Drone drone] Target position: (9.68, 6.00, 3.00)
[Drone drone] Target position: (9.66, 6.00, 3.00)
[Drone drone] Target position: (9.64, 6.00, 3.00)
[Drone drone] Target position: (9.62, 6.00, 3.00)
[Drone drone] Target position: (9.60, 6.00, 3.00)
[Drone drone] Target position: (9.58, 6.00, 3.00)
[Drone drone] Target position: (9.56, 6.00, 3.00)
[Drone drone] Target position: (9.54, 6.00, 3.00)
[Drone drone] Target position: (9.52, 6.00, 3.00)
[Drone drone] Target position: (9.50, 6.00, 3.00)
[Drone drone] Target position: (9.48, 6.00, 3.00)
[Drone drone] Target position: (9.46, 6.00, 3.00)
[Drone drone] Target position: (9.44, 6.00, 3.00)
[Drone drone] Target position: (9.42, 6.00, 3.00)
[Drone drone] Target position: (9.40, 6.00, 3.00)
[Drone drone] Target position: (9.38, 6.00, 3.00)
[Drone drone] Target position: (9.36, 6.00, 3.00)
[Drone drone] Target position: (9.34, 6.00, 3.00)
[Drone drone] Target position: (9.32, 6.00, 3.00)
[Drone drone] Target position: (9.30, 6.00, 3.00)
[Drone drone] Target position: (9.28, 6.00, 3.00)
[Drone drone] Target position: (9.26, 6.00, 3.00)
[Drone drone] Target position: (9.24, 6.00, 3.00)
[Drone drone] Target position: (9.22, 6.00, 3.00)
[Drone drone] Target position: (9.20, 6.00, 3.00)
[Drone drone] Target position: (9.18, 6.00, 3.00)
[Drone drone] Target position: (9.16, 6.00, 3.00)
[Drone drone] Target position: (9.14, 6.00, 3.00)
[Drone drone] Target position: (9.12, 6.00, 3.00)
[Drone drone] Target position: (9.10, 6.00, 3.00)
[Drone drone] Target position: (9.08, 6.00, 3.00)
[Drone drone] Target position: (9.06, 6.00, 3.00)
[Drone drone] Target position: (9.04, 6.00, 3.00)
[Drone drone] Target position: (9.02, 6.00, 3.00)
[Drone drone] Target position: (9.00, 6.00, 3.00)
[Drone drone] Target position: (8.98, 6.00, 3.00)
[Drone drone] Target position: (8.96, 6.00, 3.00)
[Drone drone] Target position: (8.94, 6.00, 3.00)
[Drone drone] Target position: (8.92, 6.00, 3.00)
[Drone drone] Target position: (8.90, 6.00, 3.00)
[Drone drone] Target position: (8.88, 6.00, 3.00)
[Drone drone] Target position: (8.86, 6.00, 3.00)
[Drone drone] Target position: (8.84, 6.00, 3.00)
[Drone drone] Target position: (8.82, 6.00, 3.00)
[Drone drone] Target position: (8.80, 6.00, 3.00)
[Drone drone] Target position: (8.78, 6.00, 3.00)
[Drone drone] Target position: (8.76, 6.00, 3.00)
[Drone drone] Target position: (8.74, 6.00, 3.00)
[Drone drone] Target position: (8.72, 6.00, 3.00)
[Drone drone] Target position: (8.70, 6.00, 3.00)
[Drone drone] Target position: (8.68, 6.00, 3.00)
[Drone drone] Target position: (8.66, 6.00, 3.00)
[Drone drone] Target position: (8.64, 6.00, 3.00)
[Drone drone] Target position: (8.62, 6.00, 3.00)
[Drone drone] Target position: (8.60, 6.00, 3.00)
[Drone drone] Target position: (8.58, 6.00, 3.00)
[Drone drone] Target position: (8.56, 6.00, 3.00)
[Drone drone] Target position: (8.54, 6.00, 3.00)
[Drone drone] Target position: (8.52, 6.00, 3.00)
[Drone drone] Target position: (8.50, 6.00, 3.00)
[Drone drone] Target position: (8.48, 6.00, 3.00)
[Drone drone] Target position: (8.46, 6.00, 3.00)
[Drone drone] Target position: (8.44, 6.00, 3.00)
[Drone drone] Target position: (8.42, 6.00, 3.00)
[Drone drone] Target position: (8.40, 6.00, 3.00)
[Drone drone] Target position: (8.38, 6.00, 3.00)
[Drone drone] Target position: (8.36, 6.00, 3.00)
[Drone drone] Target position: (8.34, 6.00, 3.00)
[Drone drone] Target position: (8.32, 6.00, 3.00)
[Drone drone] Target position: (8.30, 6.00, 3.00)
[Drone drone] Target position: (8.28, 6.00, 3.00)
[Drone drone] Target position: (8.26, 6.00, 3.00)
[Drone drone] Target position: (8.24, 6.00, 3.00)
[Drone drone] Target position: (8.22, 6.00, 3.00)
[Drone drone] Target position: (8.20, 6.00, 3.00)
[Drone drone] Target position: (8.18, 6.00, 3.00)
[Drone drone] Target position: (8.16, 6.00, 3.00)
[Drone drone] Target position: (8.14, 6.00, 3.00)
[Drone drone] Target position: (8.12, 6.00, 3.00)
[Drone drone] Target position: (8.10, 6.00, 3.00)
[Drone drone] Target position: (8.08, 6.00, 3.00)
[Drone drone] Target position: (8.06, 6.00, 3.00)
[Drone drone] Target position: (8.04, 6.00, 3.00)
[Drone drone] Target position: (8.02, 6.00, 3.00)
[Drone drone] Target position: (8.00, 6.00, 3.00)
[Drone drone] Target position: (7.98, 6.00, 3.00)
[Drone drone] Target position: (7.96, 6.00, 3.00)
[Drone drone] Target position: (7.94, 6.00, 3.00)
[Drone drone] Target position: (7.92, 6.00, 3.00)
[Drone drone] Target position: (7.90, 6.00, 3.00)
[Drone drone] Target position: (7.88, 6.00, 3.00)
[Drone drone] Target position: (7.86, 6.00, 3.00)
[Drone drone] Target position: (7.84, 6.00, 3.00)
[Drone drone] Target position: (7.82, 6.00, 3.00)
[Drone drone] Target position: (7.80, 6.00, 3.00)
[Drone drone] Target position: (7.78, 6.00, 3.00)
[Drone drone] Target position: (7.76, 6.00, 3.00)
[Drone drone] Target position: (7.74, 6.00, 3.00)
[Drone drone] Target position: (7.72, 6.00, 3.00)
[Drone drone] Target position: (7.70, 6.00, 3.00)
[Drone drone] Target position: (7.68, 6.00, 3.00)
[Drone drone] Target position: (7.66, 6.00, 3.00)
[Drone drone] Target position: (7.64, 6.00, 3.00)
[Drone drone] Target position: (7.62, 6.00, 3.00)
[Drone drone] Target position: (7.60, 6.00, 3.00)
[Drone drone] Target position: (7.58, 6.00, 3.00)
[Drone drone] Target position: (7.56, 6.00, 3.00)
[Drone drone] Target position: (7.54, 6.00, 3.00)
[Drone drone] Target position: (7.52, 6.00, 3.00)
[Drone drone] Target position: (7.50, 6.00, 3.00)
[Drone drone] Target position: (7.48, 6.00, 3.00)
[Drone drone] Target position: (7.46, 6.00, 3.00)
[Drone drone] Target position: (7.44, 6.00, 3.00)
[Drone drone] Target position: (7.42, 6.00, 3.00)
[Drone drone] Target position: (7.40, 6.00, 3.00)
[Drone drone] Target position: (7.38, 6.00, 3.00)
[Drone drone] Target position: (7.36, 6.00, 3.00)
[Drone drone] Target position: (7.34, 6.00, 3.00)
[Drone drone] Target position: (7.32, 6.00, 3.00)
[Drone drone] Target position: (7.30, 6.00, 3.00)
[Drone drone] Target position: (7.28, 6.00, 3.00)
[Drone drone] Target position: (7.26, 6.00, 3.00)
[Drone drone] Target position: (7.24, 6.00, 3.00)
[Drone drone] Target position: (7.22, 6.00, 3.00)
[Drone drone] Target position: (7.20, 6.00, 3.00)
[Drone drone] Target position: (7.18, 6.00, 3.00)
[Drone drone] Target position: (7.16, 6.00, 3.00)
[Drone drone] Target position: (7.14, 6.00, 3.00)
[Drone drone] Target position: (7.12, 6.00, 3.00)
[Drone drone] Target position: (7.10, 6.00, 3.00)
[Drone drone] Target position: (7.08, 6.00, 3.00)
[Drone drone] Target position: (7.06, 6.00, 3.00)
[Drone drone] Target position: (7.04, 6.00, 3.00)
[Drone drone] Target position: (7.02, 6.00, 3.00)
[Drone drone] Target position: (7.00, 6.00, 3.00)
[Drone drone] Target position: (6.98, 6.00, 3.00)
[Drone drone] Target position: (6.96, 6.00, 3.00)
[Drone drone] Target position: (6.94, 6.00, 3.00)
[Drone drone] Target position: (6.92, 6.00, 3.00)
[Drone drone] Target position: (6.90, 6.00, 3.00)
[Drone drone] Target position: (6.88, 6.00, 3.00)
[Drone drone] Target position: (6.86, 6.00, 3.00)
[Drone drone] Target position: (6.84, 6.00, 3.00)
[Drone drone] Target position: (6.82, 6.00, 3.00)
[Drone drone] Target position: (6.80, 6.00, 3.00)
[Drone drone] Target position: (6.78, 6.00, 3.00)
[Drone drone] Target position: (6.76, 6.00, 3.00)
[Drone drone] Target position: (6.74, 6.00, 3.00)
[Drone drone] Target position: (6.72, 6.00, 3.00)
[Drone drone] Target position: (6.70, 6.00, 3.00)
[Drone drone] Target position: (6.68, 6.00, 3.00)
[Drone drone] Target position: (6.66, 6.00, 3.00)
[Drone drone] Target position: (6.64, 6.00, 3.00)
[Drone drone] Target position: (6.62, 6.00, 3.00)
[Drone drone] Target position: (6.60, 6.00, 3.00)
[Drone drone] Target position: (6.58, 6.00, 3.00)
[Drone drone] Target position: (6.56, 6.00, 3.00)
[Drone drone] Target position: (6.54, 6.00, 3.00)
[Drone drone] Target position: (6.52, 6.00, 3.00)
[Drone drone] Target position: (6.50, 6.00, 3.00)
[Drone drone] Target position: (6.48, 6.00, 3.00)
[Drone drone] Target position: (6.46, 6.00, 3.00)
[Drone drone] Target position: (6.44, 6.00, 3.00)
[Drone drone] Target position: (6.42, 6.00, 3.00)
[Drone drone] Target position: (6.40, 6.00, 3.00)
[Drone drone] Target position: (6.38, 6.00, 3.00)
[Drone drone] Target position: (6.36, 6.00, 3.00)
[Drone drone] Target position: (6.34, 6.00, 3.00)
[Drone drone] Target position: (6.32, 6.00, 3.00)
[Drone drone] Target position: (6.30, 6.00, 3.00)
[Drone drone] Target position: (6.28, 6.00, 3.00)
[Drone drone] Target position: (6.26, 6.00, 3.00)
[Drone drone] Target position: (6.24, 6.00, 3.00)
[Drone drone] Target position: (6.22, 6.00, 3.00)
[Drone drone] Target position: (6.20, 6.00, 3.00)
[Drone drone] Target position: (6.18, 6.00, 3.00)
[Drone drone] Target position: (6.16, 6.00, 3.00)
[Drone drone] Target position: (6.14, 6.00, 3.00)
[Drone drone] Target position: (6.12, 6.00, 3.00)
[Drone drone] Target position: (6.10, 6.00, 3.00)
[Drone drone] Target position: (6.08, 6.00, 3.00)
[Drone drone] Target position: (6.06, 6.00, 3.00)
[Drone drone] Target position: (6.04, 6.00, 3.00)
[Drone drone] Target position: (6.02, 6.00, 3.00)
[Drone drone] Target position: (6.00, 6.00, 3.00)
[Drone drone] Target position: (5.98, 6.00, 3.00)
[Drone drone] Target position: (5.96, 6.00, 3.00)
[Drone drone] Target position: (5.94, 6.00, 3.00)
[Drone drone] Target position: (5.92, 6.00, 3.00)
[Drone drone] Target position: (5.90, 6.00, 3.00)
[Drone drone] Target position: (5.88, 6.00, 3.00)
[Drone drone] Target position: (5.86, 6.00, 3.00)
[Drone drone] Target position: (5.84, 6.00, 3.00)
[Drone drone] Target position: (5.82, 6.00, 3.00)
[Drone drone] Target position: (5.80, 6.00, 3.00)
[Drone drone] Target position: (5.78, 6.00, 3.00)
[Drone drone] Target position: (5.76, 6.00, 3.00)
[Drone drone] Target position: (5.74, 6.00, 3.00)
[Drone drone] Target position: (5.72, 6.00, 3.00)
[Drone drone] Target position: (5.70, 6.00, 3.00)
[Drone drone] Target position: (5.68, 6.00, 3.00)
[Drone drone] Target position: (5.66, 6.00, 3.00)
[Drone drone] Target position: (5.64, 6.00, 3.00)
[Drone drone] Target position: (5.62, 6.00, 3.00)
[Drone drone] Target position: (5.60, 6.00, 3.00)
[Drone drone] Target position: (5.58, 6.00, 3.00)
[Drone drone] Target position: (5.56, 6.00, 3.00)
[Drone drone] Target position: (5.54, 6.00, 3.00)
[Drone drone] Target position: (5.52, 6.00, 3.00)
[Drone drone] Target position: (5.50, 6.00, 3.00)
[Drone drone] Target position: (5.48, 6.00, 3.00)
[Drone drone] Target position: (5.46, 6.00, 3.00)
[Drone drone] Target position: (5.44, 6.00, 3.00)
[Drone drone] Target position: (5.42, 6.00, 3.00)
[Drone drone] Target position: (5.40, 6.00, 3.00)
[Drone drone] Target position: (5.38, 6.00, 3.00)
[Drone drone] Target position: (5.36, 6.00, 3.00)
[Drone drone] Target position: (5.34, 6.00, 3.00)
[Drone drone] Target position: (5.32, 6.00, 3.00)
[Drone drone] Target position: (5.30, 6.00, 3.00)
[Drone drone] Target position: (5.28, 6.00, 3.00)
[Drone drone] Target position: (5.26, 6.00, 3.00)
[Drone drone] Target position: (5.24, 6.00, 3.00)
[Drone drone] Target position: (5.22, 6.00, 3.00)
[Drone drone] Target position: (5.20, 6.00, 3.00)
[Drone drone] Target position: (5.18, 6.00, 3.00)
[Drone drone] Target position: (5.16, 6.00, 3.00)
[Drone drone] Target position: (5.14, 6.00, 3.00)
[Drone drone] Target position: (5.12, 6.00, 3.00)
[Drone drone] Target position: (5.10, 6.00, 3.00)
[Drone drone] Target position: (5.08, 6.00, 3.00)
[Drone drone] Target position: (5.06, 6.00, 3.00)
[Drone drone] Target position: (5.04, 6.00, 3.00)
[Drone drone] Target position: (5.02, 6.00, 3.00)
[Drone drone] Target position: (5.00, 6.00, 3.00)
[Drone drone] Target position: (4.98, 6.00, 3.00)
[Drone drone] Target position: (4.96, 6.00, 3.00)
[Drone drone] Target position: (4.94, 6.00, 3.00)
[Drone drone] Target position: (4.92, 6.00, 3.00)
[Drone drone] Target position: (4.90, 6.00, 3.00)
[Drone drone] Target position: (4.88, 6.00, 3.00)
[Drone drone] Target position: (4.86, 6.00, 3.00)
[Drone drone] Target position: (4.84, 6.00, 3.00)
[Drone drone] Target position: (4.82, 6.00, 3.00)
[Drone drone] Target position: (4.80, 6.00, 3.00)
[Drone drone] Target position: (4.78, 6.00, 3.00)
[Drone drone] Target position: (4.76, 6.00, 3.00)
[Drone drone] Target position: (4.74, 6.00, 3.00)
[Drone drone] Target position: (4.72, 6.00, 3.00)
[Drone drone] Target position: (4.70, 6.00, 3.00)
[Drone drone] Target position: (4.68, 6.00, 3.00)
[Drone drone] Target position: (4.66, 6.00, 3.00)
[Drone drone] Target position: (4.64, 6.00, 3.00)
[Drone drone] Target position: (4.62, 6.00, 3.00)
[Drone drone] Target position: (4.60, 6.00, 3.00)
[Drone drone] Target position: (4.58, 6.00, 3.00)
[Drone drone] Target position: (4.56, 6.00, 3.00)
[Drone drone] Target position: (4.54, 6.00, 3.00)
[Drone drone] Target position: (4.52, 6.00, 3.00)
[Drone drone] Target position: (4.50, 6.00, 3.00)
[Drone drone] Target position: (4.48, 6.00, 3.00)
[Drone drone] Target position: (4.46, 6.00, 3.00)
[Drone drone] Target position: (4.44, 6.00, 3.00)
[Drone drone] Target position: (4.42, 6.00, 3.00)
[Drone drone] Target position: (4.40, 6.00, 3.00)
[Drone drone] Target position: (4.38, 6.00, 3.00)
[Drone drone] Target position: (4.36, 6.00, 3.00)
[Drone drone] Target position: (4.34, 6.00, 3.00)
[Drone drone] Target position: (4.32, 6.00, 3.00)
[Drone drone] Target position: (4.30, 6.00, 3.00)
[Drone drone] Target position: (4.28, 6.00, 3.00)
[Drone drone] Target position: (4.26, 6.00, 3.00)
[Drone drone] Target position: (4.24, 6.00, 3.00)
[Drone drone] Target position: (4.22, 6.00, 3.00)
[Drone drone] Target position: (4.20, 6.00, 3.00)
[Drone drone] Target position: (4.18, 6.00, 3.00)
[Drone drone] Target position: (4.16, 6.00, 3.00)
[Drone drone] Target position: (4.14, 6.00, 3.00)
[Drone drone] Target position: (4.12, 6.00, 3.00)
[Drone drone] Target position: (4.10, 6.00, 3.00)
[Drone drone] Target position: (4.08, 6.00, 3.00)
[Drone drone] Target position: (4.06, 6.00, 3.00)
[Drone drone] Target position: (4.04, 6.00, 3.00)
[Drone drone] Target position: (4.02, 6.00, 3.00)
[Drone drone] Target position: (4.00, 6.00, 3.00)
[Drone drone] Target position: (3.98, 6.00, 3.00)
[Drone drone] Target position: (3.96, 6.00, 3.00)
[Drone drone] Target position: (3.94, 6.00, 3.00)
[Drone drone] Target position: (3.92, 6.00, 3.00)
[Drone drone] Target position: (3.90, 6.00, 3.00)
[Drone drone] Target position: (3.88, 6.00, 3.00)
[Drone drone] Target position: (3.86, 6.00, 3.00)
[Drone drone] Target position: (3.84, 6.00, 3.00)
[Drone drone] Target position: (3.82, 6.00, 3.00)
[Drone drone] Target position: (3.80, 6.00, 3.00)
[Drone drone] Target position: (3.78, 6.00, 3.00)
[Drone drone] Target position: (3.76, 6.00, 3.00)
[Drone drone] Target position: (3.74, 6.00, 3.00)
[Drone drone] Target position: (3.72, 6.00, 3.00)
[Drone drone] Target position: (3.70, 6.00, 3.00)
[Drone drone] Target position: (3.68, 6.00, 3.00)
[Drone drone] Target position: (3.66, 6.00, 3.00)
[Drone drone] Target position: (3.64, 6.00, 3.00)
[Drone drone] Target position: (3.62, 6.00, 3.00)
[Drone drone] Target position: (3.60, 6.00, 3.00)
[Drone drone] Target position: (3.58, 6.00, 3.00)
[Drone drone] Target position: (3.56, 6.00, 3.00)
[Drone drone] Target position: (3.54, 6.00, 3.00)
[Drone drone] Target position: (3.52, 6.00, 3.00)
[Drone drone] Target position: (3.50, 6.00, 3.00)
[Drone drone] Target position: (3.48, 6.00, 3.00)
[Drone drone] Target position: (3.46, 6.00, 3.00)
[Drone drone] Target position: (3.44, 6.00, 3.00)
[Drone drone] Target position: (3.42, 6.00, 3.00)
[Drone drone] Target position: (3.40, 6.00, 3.00)
[Drone drone] Target position: (3.38, 6.00, 3.00)
[Drone drone] Target position: (3.36, 6.00, 3.00)
[Drone drone] Target position: (3.34, 6.00, 3.00)
[Drone drone] Target position: (3.32, 6.00, 3.00)
[Drone drone] Target position: (3.30, 6.00, 3.00)
[Drone drone] Target position: (3.28, 6.00, 3.00)
[Drone drone] Target position: (3.26, 6.00, 3.00)
[Drone drone] Target position: (3.24, 6.00, 3.00)
[Drone drone] Target position: (3.22, 6.00, 3.00)
[Drone drone] Target position: (3.20, 6.00, 3.00)
[Drone drone] Target position: (3.18, 6.00, 3.00)
[Drone drone] Target position: (3.16, 6.00, 3.00)
[Drone drone] Target position: (3.14, 6.00, 3.00)
[Drone drone] Target position: (3.12, 6.00, 3.00)
[Drone drone] Target position: (3.10, 6.00, 3.00)
[Drone drone] Target position: (3.08, 6.00, 3.00)
[Drone drone] Target position: (3.06, 6.00, 3.00)
[Drone drone] Target position: (3.04, 6.00, 3.00)
[Drone drone] Target position: (3.02, 6.00, 3.00)
[Drone drone] Target position: (3.00, 6.00, 3.00)
[Drone drone] Target position: (2.98, 6.00, 3.00)
[Drone drone] Target position: (2.96, 6.00, 3.00)
[Drone drone] Target position: (2.94, 6.00, 3.00)
[Drone drone] Target position: (2.92, 6.00, 3.00)
[Drone drone] Target position: (2.90, 6.00, 3.00)
[Drone drone] Target position: (2.88, 6.00, 3.00)
[Drone drone] Target position: (2.86, 6.00, 3.00)
[Drone drone] Target position: (2.84, 6.00, 3.00)
[Drone drone] Target position: (2.82, 6.00, 3.00)
[Drone drone] Target position: (2.80, 6.00, 3.00)
[Drone drone] Target position: (2.78, 6.00, 3.00)
[Drone drone] Target position: (2.76, 6.00, 3.00)
[Drone drone] Target position: (2.74, 6.00, 3.00)
[Drone drone] Target position: (2.72, 6.00, 3.00)
[Drone drone] Target position: (2.70, 6.00, 3.00)
[Drone drone] Target position: (2.68, 6.00, 3.00)
[Drone drone] Target position: (2.66, 6.00, 3.00)
[Drone drone] Target position: (2.64, 6.00, 3.00)
[Drone drone] Target position: (2.62, 6.00, 3.00)
[Drone drone] Target position: (2.60, 6.00, 3.00)
[Drone drone] Target position: (2.58, 6.00, 3.00)
[Drone drone] Target position: (2.56, 6.00, 3.00)
[Drone drone] Target position: (2.54, 6.00, 3.00)
[Drone drone] Target position: (2.52, 6.00, 3.00)
[Drone drone] Target position: (2.50, 6.00, 3.00)
[Drone drone] Target position: (2.48, 6.00, 3.00)
[Drone drone] Target position: (2.46, 6.00, 3.00)
[Drone drone] Target position: (2.44, 6.00, 3.00)
[Drone drone] Target position: (2.42, 6.00, 3.00)
[Drone drone] Target position: (2.40, 6.00, 3.00)
[Drone drone] Target position: (2.38, 6.00, 3.00)
[Drone drone] Target position: (2.36, 6.00, 3.00)
[Drone drone] Target position: (2.34, 6.00, 3.00)
[Drone drone] Target position: (2.32, 6.00, 3.00)
[Drone drone] Target position: (2.30, 6.00, 3.00)
[Drone drone] Target position: (2.28, 6.00, 3.00)
[Drone drone] Target position: (2.26, 6.00, 3.00)
[Drone drone] Target position: (2.24, 6.00, 3.00)
[Drone drone] Target position: (2.22, 6.00, 3.00)
[Drone drone] Target position: (2.20, 6.00, 3.00)
[Drone drone] Target position: (2.18, 6.00, 3.00)
[Drone drone] Target position: (2.16, 6.00, 3.00)
[Drone drone] Target position: (2.14, 6.00, 3.00)
[Drone drone] Target position: (2.12, 6.00, 3.00)
[Drone drone] Target position: (2.10, 6.00, 3.00)
[Drone drone] Target position: (2.08, 6.00, 3.00)
[Drone drone] Target position: (2.06, 6.00, 3.00)
[Drone drone] Target position: (2.04, 6.00, 3.00)
[Drone drone] Target position: (2.02, 6.00, 3.00)
[Drone drone] Target position: (2.00, 6.00, 3.00)
[Drone drone] Target position: (1.98, 6.00, 3.00)
[Drone drone] Target position: (1.96, 6.00, 3.00)
[Drone drone] Target position: (1.94, 6.00, 3.00)
[Drone drone] Target position: (1.92, 6.00, 3.00)
[Drone drone] Target position: (1.90, 6.00, 3.00)
[Drone drone] Target position: (1.88, 6.00, 3.00)
[Drone drone] Target position: (1.86, 6.00, 3.00)
[Drone drone] Target position: (1.84, 6.00, 3.00)
[Drone drone] Target position: (1.82, 6.00, 3.00)
[Drone drone] Target position: (1.80, 6.00, 3.00)
[Drone drone] Target position: (1.78, 6.00, 3.00)
[Drone drone] Target position: (1.76, 6.00, 3.00)
[Drone drone] Target position: (1.74, 6.00, 3.00)
[Drone drone] Target position: (1.72, 6.00, 3.00)
[Drone drone] Target position: (1.70, 6.00, 3.00)
[Drone drone] Target position: (1.68, 6.00, 3.00)
[Drone drone] Target position: (1.66, 6.00, 3.00)
[Drone drone] Target position: (1.64, 6.00, 3.00)
[Drone drone] Target position: (1.62, 6.00, 3.00)
[Drone drone] Target position: (1.60, 6.00, 3.00)
[Drone drone] Target position: (1.58, 6.00, 3.00)
[Drone drone] Target position: (1.56, 6.00, 3.00)
[Drone drone] Target position: (1.54, 6.00, 3.00)
[Drone drone] Target position: (1.52, 6.00, 3.00)
[Drone drone] Target position: (1.50, 6.00, 3.00)
[Drone drone] Target position: (1.48, 6.00, 3.00)
[Drone drone] Target position: (1.46, 6.00, 3.00)
[Drone drone] Target position: (1.44, 6.00, 3.00)
[Drone drone] Target position: (1.42, 6.00, 3.00)
[Drone drone] Target position: (1.40, 6.00, 3.00)
[Drone drone] Target position: (1.38, 6.00, 3.00)
[Drone drone] Target position: (1.36, 6.00, 3.00)
[Drone drone] Target position: (1.34, 6.00, 3.00)
[Drone drone] Target position: (1.32, 6.00, 3.00)
[Drone drone] Target position: (1.30, 6.00, 3.00)
[Drone drone] Target position: (1.28, 6.00, 3.00)
[Drone drone] Target position: (1.26, 6.00, 3.00)
[Drone drone] Target position: (1.24, 6.00, 3.00)
[Drone drone] Target position: (1.22, 6.00, 3.00)
[Drone drone] Target position: (1.20, 6.00, 3.00)
[Drone drone] Target position: (1.18, 6.00, 3.00)
[Drone drone] Target position: (1.16, 6.00, 3.00)
[Drone drone] Target position: (1.14, 6.00, 3.00)
[Drone drone] Target position: (1.12, 6.00, 3.00)
[Drone drone] Target position: (1.10, 6.00, 3.00)
[Drone drone] Target position: (1.08, 6.00, 3.00)
[Drone drone] Target position: (1.06, 6.00, 3.00)
[Drone drone] Target position: (1.04, 6.00, 3.00)
[Drone drone] Target position: (1.02, 6.00, 3.00)
[Drone drone] Target position: (1.00, 6.00, 3.00)
[Drone drone] Target position: (0.98, 6.00, 3.00)
[Drone drone] Target position: (0.96, 6.00, 3.00)
[Drone drone] Target position: (0.94, 6.00, 3.00)
[Drone drone] Target position: (0.92, 6.00, 3.00)
[Drone drone] Target position: (0.90, 6.00, 3.00)
[Drone drone] Target position: (0.88, 6.00, 3.00)
[Drone drone] Target position: (0.86, 6.00, 3.00)
[Drone drone] Target position: (0.84, 6.00, 3.00)
[Drone drone] Target position: (0.82, 6.00, 3.00)
[Drone drone] Target position: (0.80, 6.00, 3.00)
[Drone drone] Target position: (0.78, 6.00, 3.00)
[Drone drone] Target position: (0.76, 6.00, 3.00)
[Drone drone] Target position: (0.74, 6.00, 3.00)
[Drone drone] Target position: (0.72, 6.00, 3.00)
[Drone drone] Target position: (0.70, 6.00, 3.00)
[Drone drone] Target position: (0.68, 6.00, 3.00)
[Drone drone] Target position: (0.66, 6.00, 3.00)
[Drone drone] Target position: (0.64, 6.00, 3.00)
[Drone drone] Target position: (0.62, 6.00, 3.00)
[Drone drone] Target position: (0.60, 6.00, 3.00)
[Drone drone] Target position: (0.58, 6.00, 3.00)
[Drone drone] Target position: (0.56, 6.00, 3.00)
[Drone drone] Target position: (0.54, 6.00, 3.00)
[Drone drone] Target position: (0.52, 6.00, 3.00)
[Drone drone] Target position: (0.50, 6.00, 3.00)
[Drone drone] Target position: (0.48, 6.00, 3.00)
[Drone drone] Target position: (0.46, 6.00, 3.00)
[Drone drone] Target position: (0.44, 6.00, 3.00)
[Drone drone] Target position: (0.42, 6.00, 3.00)
[Drone drone] Target position: (0.40, 6.00, 3.00)
[Drone drone] Target position: (0.38, 6.00, 3.00)
[Drone drone] Target position: (0.36, 6.00, 3.00)
[Drone drone] Target position: (0.34, 6.00, 3.00)
[Drone drone] Target position: (0.32, 6.00, 3.00)
[Drone drone] Target position: (0.30, 6.00, 3.00)
[Drone drone] Target position: (0.28, 6.00, 3.00)
[Drone drone] Target position: (0.26, 6.00, 3.00)
[Drone drone] Target position: (0.24, 6.00, 3.00)
[Drone drone] Target position: (0.22, 6.00, 3.00)
[Drone drone] Target position: (0.20, 6.00, 3.00)
[Drone drone] Target position: (0.18, 6.00, 3.00)
[Drone drone] Target position: (0.16, 6.00, 3.00)
[Drone drone] Target position: (0.14, 6.00, 3.00)
[Drone drone] Target position: (0.12, 6.00, 3.00)
[Drone drone] Target position: (0.10, 6.00, 3.00)
[Drone drone] Target position: (0.08, 6.00, 3.00)
[Drone drone] Target position: (0.06, 6.00, 3.00)
[Drone drone] Target position: (0.04, 6.00, 3.00)
[Drone drone] Target position: (0.02, 6.00, 3.00)
[Drone drone] Target position: (0.00, 6.00, 3.00)
[Drone drone] Target position: (0.00, 6.02, 3.00)
[Drone drone] Target position: (0.00, 6.04, 3.00)
[Drone drone] Target position: (0.00, 6.06, 3.00)
[Drone drone] Target position: (0.00, 6.08, 3.00)
[Drone drone] Target position: (0.00, 6.10, 3.00)
[Drone drone] Target position: (0.00, 6.12, 3.00)
[Drone drone] Target position: (0.00, 6.14, 3.00)
[Drone drone] Target position: (0.00, 6.16, 3.00)
[Drone drone] Target position: (0.00, 6.18, 3.00)
[Drone drone] Target position: (0.00, 6.20, 3.00)
[Drone drone] Target position: (0.00, 6.22, 3.00)
[Drone drone] Target position: (0.00, 6.24, 3.00)
[Drone drone] Target position: (0.00, 6.26, 3.00)
[Drone drone] Target position: (0.00, 6.28, 3.00)
[Drone drone] Target position: (0.00, 6.30, 3.00)
[Drone drone] Target position: (0.00, 6.32, 3.00)
[Drone drone] Target position: (0.00, 6.34, 3.00)
[Drone drone] Target position: (0.00, 6.36, 3.00)
[Drone drone] Target position: (0.00, 6.38, 3.00)
[Drone drone] Target position: (0.00, 6.40, 3.00)
[Drone drone] Target position: (0.00, 6.42, 3.00)
[Drone drone] Target position: (0.00, 6.44, 3.00)
[Drone drone] Target position: (0.00, 6.46, 3.00)
[Drone drone] Target position: (0.00, 6.48, 3.00)
[Drone drone] Target position: (0.00, 6.50, 3.00)
[Drone drone] Target position: (0.00, 6.52, 3.00)
[Drone drone] Target position: (0.00, 6.54, 3.00)
[Drone drone] Target position: (0.00, 6.56, 3.00)
[Drone drone] Target position: (0.00, 6.58, 3.00)
[Drone drone] Target position: (0.00, 6.60, 3.00)
[Drone drone] Target position: (0.00, 6.62, 3.00)
[Drone drone] Target position: (0.00, 6.64, 3.00)
[Drone drone] Target position: (0.00, 6.66, 3.00)
[Drone drone] Target position: (0.00, 6.68, 3.00)
[Drone drone] Target position: (0.00, 6.70, 3.00)
[Drone drone] Target position: (0.00, 6.72, 3.00)
[Drone drone] Target position: (0.00, 6.74, 3.00)
[Drone drone] Target position: (0.00, 6.76, 3.00)
[Drone drone] Target position: (0.00, 6.78, 3.00)
[Drone drone] Target position: (0.00, 6.80, 3.00)
[Drone drone] Target position: (0.00, 6.82, 3.00)
[Drone drone] Target position: (0.00, 6.84, 3.00)
[Drone drone] Target position: (0.00, 6.86, 3.00)
[Drone drone] Target position: (0.00, 6.88, 3.00)
[Drone drone] Target position: (0.00, 6.90, 3.00)
[Drone drone] Target position: (0.00, 6.92, 3.00)
[Drone drone] Target position: (0.00, 6.94, 3.00)
[Drone drone] Target position: (0.00, 6.96, 3.00)
[Drone drone] Target position: (0.00, 6.98, 3.00)
[Drone drone] Target position: (0.00, 7.00, 3.00)
[Drone drone] Target position: (0.00, 7.02, 3.00)
[Drone drone] Target position: (0.00, 7.04, 3.00)
[Drone drone] Target position: (0.00, 7.06, 3.00)
[Drone drone] Target position: (0.00, 7.08, 3.00)
[Drone drone] Target position: (0.00, 7.10, 3.00)
[Drone drone] Target position: (0.00, 7.12, 3.00)
[Drone drone] Target position: (0.00, 7.14, 3.00)
[Drone drone] Target position: (0.00, 7.16, 3.00)
[Drone drone] Target position: (0.00, 7.18, 3.00)
[Drone drone] Target position: (0.00, 7.20, 3.00)
[Drone drone] Target position: (0.00, 7.22, 3.00)
[Drone drone] Target position: (0.00, 7.24, 3.00)
[Drone drone] Target position: (0.00, 7.26, 3.00)
[Drone drone] Target position: (0.00, 7.28, 3.00)
[Drone drone] Target position: (0.00, 7.30, 3.00)
[Drone drone] Target position: (0.00, 7.32, 3.00)
[Drone drone] Target position: (0.00, 7.34, 3.00)
[Drone drone] Target position: (0.00, 7.36, 3.00)
[Drone drone] Target position: (0.00, 7.38, 3.00)
[Drone drone] Target position: (0.00, 7.40, 3.00)
[Drone drone] Target position: (0.00, 7.42, 3.00)
[Drone drone] Target position: (0.00, 7.44, 3.00)
[Drone drone] Target position: (0.00, 7.46, 3.00)
[Drone drone] Target position: (0.00, 7.48, 3.00)
[Drone drone] Target position: (0.00, 7.50, 3.00)
[Drone drone] Target position: (0.00, 7.52, 3.00)
[Drone drone] Target position: (0.00, 7.54, 3.00)
[Drone drone] Target position: (0.00, 7.56, 3.00)
[Drone drone] Target position: (0.00, 7.58, 3.00)
[Drone drone] Target position: (0.00, 7.60, 3.00)
[Drone drone] Target position: (0.00, 7.62, 3.00)
[Drone drone] Target position: (0.00, 7.64, 3.00)
[Drone drone] Target position: (0.00, 7.66, 3.00)
[Drone drone] Target position: (0.00, 7.68, 3.00)
[Drone drone] Target position: (0.00, 7.70, 3.00)
[Drone drone] Target position: (0.00, 7.72, 3.00)
[Drone drone] Target position: (0.00, 7.74, 3.00)
[Drone drone] Target position: (0.00, 7.76, 3.00)
[Drone drone] Target position: (0.00, 7.78, 3.00)
[Drone drone] Target position: (0.00, 7.80, 3.00)
[Drone drone] Target position: (0.00, 7.82, 3.00)
[Drone drone] Target position: (0.00, 7.84, 3.00)
[Drone drone] Target position: (0.00, 7.86, 3.00)
[Drone drone] Target position: (0.00, 7.88, 3.00)
[Drone drone] Target position: (0.00, 7.90, 3.00)
[Drone drone] Target position: (0.00, 7.92, 3.00)
[Drone drone] Target position: (0.00, 7.94, 3.00)
[Drone drone] Target position: (0.00, 7.96, 3.00)
[Drone drone] Target position: (0.00, 7.98, 3.00)
[Drone drone] Target position: (0.00, 8.00, 3.00)
[Drone drone] Target position: (0.02, 8.00, 3.00)
[Drone drone] Target position: (0.04, 8.00, 3.00)
[Drone drone] Target position: (0.06, 8.00, 3.00)
[Drone drone] Target position: (0.08, 8.00, 3.00)
[Drone drone] Target position: (0.10, 8.00, 3.00)
[Drone drone] Target position: (0.12, 8.00, 3.00)
[Drone drone] Target position: (0.14, 8.00, 3.00)
[Drone drone] Target position: (0.16, 8.00, 3.00)
[Drone drone] Target position: (0.18, 8.00, 3.00)
[Drone drone] Target position: (0.20, 8.00, 3.00)
[Drone drone] Target position: (0.22, 8.00, 3.00)
[Drone drone] Target position: (0.24, 8.00, 3.00)
[Drone drone] Target position: (0.26, 8.00, 3.00)
[Drone drone] Target position: (0.28, 8.00, 3.00)
[Drone drone] Target position: (0.30, 8.00, 3.00)
[Drone drone] Target position: (0.32, 8.00, 3.00)
[Drone drone] Target position: (0.34, 8.00, 3.00)
[Drone drone] Target position: (0.36, 8.00, 3.00)
[Drone drone] Target position: (0.38, 8.00, 3.00)
[Drone drone] Target position: (0.40, 8.00, 3.00)
[Drone drone] Target position: (0.42, 8.00, 3.00)
[Drone drone] Target position: (0.44, 8.00, 3.00)
[Drone drone] Target position: (0.46, 8.00, 3.00)
[Drone drone] Target position: (0.48, 8.00, 3.00)
[Drone drone] Target position: (0.50, 8.00, 3.00)
[Drone drone] Target position: (0.52, 8.00, 3.00)
[Drone drone] Target position: (0.54, 8.00, 3.00)
[Drone drone] Target position: (0.56, 8.00, 3.00)
[Drone drone] Target position: (0.58, 8.00, 3.00)
[Drone drone] Target position: (0.60, 8.00, 3.00)
[Drone drone] Target position: (0.62, 8.00, 3.00)
[Drone drone] Target position: (0.64, 8.00, 3.00)
[Drone drone] Target position: (0.66, 8.00, 3.00)
[Drone drone] Target position: (0.68, 8.00, 3.00)
[Drone drone] Target position: (0.70, 8.00, 3.00)
[Drone drone] Target position: (0.72, 8.00, 3.00)
[Drone drone] Target position: (0.74, 8.00, 3.00)
[Drone drone] Target position: (0.76, 8.00, 3.00)
[Drone drone] Target position: (0.78, 8.00, 3.00)
[Drone drone] Target position: (0.80, 8.00, 3.00)
[Drone drone] Target position: (0.82, 8.00, 3.00)
[Drone drone] Target position: (0.84, 8.00, 3.00)
[Drone drone] Target position: (0.86, 8.00, 3.00)
[Drone drone] Target position: (0.88, 8.00, 3.00)
[Drone drone] Target position: (0.90, 8.00, 3.00)
[Drone drone] Target position: (0.92, 8.00, 3.00)
[Drone drone] Target position: (0.94, 8.00, 3.00)
[Drone drone] Target position: (0.96, 8.00, 3.00)
[Drone drone] Target position: (0.98, 8.00, 3.00)
[Drone drone] Target position: (1.00, 8.00, 3.00)
[Drone drone] Target position: (1.02, 8.00, 3.00)
[Drone drone] Target position: (1.04, 8.00, 3.00)
[Drone drone] Target position: (1.06, 8.00, 3.00)
[Drone drone] Target position: (1.08, 8.00, 3.00)
[Drone drone] Target position: (1.10, 8.00, 3.00)
[Drone drone] Target position: (1.12, 8.00, 3.00)
[Drone drone] Target position: (1.14, 8.00, 3.00)
[Drone drone] Target position: (1.16, 8.00, 3.00)
[Drone drone] Target position: (1.18, 8.00, 3.00)
[Drone drone] Target position: (1.20, 8.00, 3.00)
[Drone drone] Target position: (1.22, 8.00, 3.00)
[Drone drone] Target position: (1.24, 8.00, 3.00)
[Drone drone] Target position: (1.26, 8.00, 3.00)
[Drone drone] Target position: (1.28, 8.00, 3.00)
[Drone drone] Target position: (1.30, 8.00, 3.00)
[Drone drone] Target position: (1.32, 8.00, 3.00)
[Drone drone] Target position: (1.34, 8.00, 3.00)
[Drone drone] Target position: (1.36, 8.00, 3.00)
[Drone drone] Target position: (1.38, 8.00, 3.00)
[Drone drone] Target position: (1.40, 8.00, 3.00)
[Drone drone] Target position: (1.42, 8.00, 3.00)
[Drone drone] Target position: (1.44, 8.00, 3.00)
[Drone drone] Target position: (1.46, 8.00, 3.00)
[Drone drone] Target position: (1.48, 8.00, 3.00)
[Drone drone] Target position: (1.50, 8.00, 3.00)
[Drone drone] Target position: (1.52, 8.00, 3.00)
[Drone drone] Target position: (1.54, 8.00, 3.00)
[Drone drone] Target position: (1.56, 8.00, 3.00)
[Drone drone] Target position: (1.58, 8.00, 3.00)
[Drone drone] Target position: (1.60, 8.00, 3.00)
[Drone drone] Target position: (1.62, 8.00, 3.00)
[Drone drone] Target position: (1.64, 8.00, 3.00)
[Drone drone] Target position: (1.66, 8.00, 3.00)
[Drone drone] Target position: (1.68, 8.00, 3.00)
[Drone drone] Target position: (1.70, 8.00, 3.00)
[Drone drone] Target position: (1.72, 8.00, 3.00)
[Drone drone] Target position: (1.74, 8.00, 3.00)
[Drone drone] Target position: (1.76, 8.00, 3.00)
[Drone drone] Target position: (1.78, 8.00, 3.00)
[Drone drone] Target position: (1.80, 8.00, 3.00)
[Drone drone] Target position: (1.82, 8.00, 3.00)
[Drone drone] Target position: (1.84, 8.00, 3.00)
[Drone drone] Target position: (1.86, 8.00, 3.00)
[Drone drone] Target position: (1.88, 8.00, 3.00)
[Drone drone] Target position: (1.90, 8.00, 3.00)
[Drone drone] Target position: (1.92, 8.00, 3.00)
[Drone drone] Target position: (1.94, 8.00, 3.00)
[Drone drone] Target position: (1.96, 8.00, 3.00)
[Drone drone] Target position: (1.98, 8.00, 3.00)
[Drone drone] Target position: (2.00, 8.00, 3.00)
[Drone drone] Target position: (2.02, 8.00, 3.00)
[Drone drone] Target position: (2.04, 8.00, 3.00)
[Drone drone] Target position: (2.06, 8.00, 3.00)
[Drone drone] Target position: (2.08, 8.00, 3.00)
[Drone drone] Target position: (2.10, 8.00, 3.00)
[Drone drone] Target position: (2.12, 8.00, 3.00)
[Drone drone] Target position: (2.14, 8.00, 3.00)
[Drone drone] Target position: (2.16, 8.00, 3.00)
[Drone drone] Target position: (2.18, 8.00, 3.00)
[Drone drone] Target position: (2.20, 8.00, 3.00)
[Drone drone] Target position: (2.22, 8.00, 3.00)
[Drone drone] Target position: (2.24, 8.00, 3.00)
[Drone drone] Target position: (2.26, 8.00, 3.00)
[Drone drone] Target position: (2.28, 8.00, 3.00)
[Drone drone] Target position: (2.30, 8.00, 3.00)
[Drone drone] Target position: (2.32, 8.00, 3.00)
[Drone drone] Target position: (2.34, 8.00, 3.00)
[Drone drone] Target position: (2.36, 8.00, 3.00)
[Drone drone] Target position: (2.38, 8.00, 3.00)
[Drone drone] Target position: (2.40, 8.00, 3.00)
[Drone drone] Target position: (2.42, 8.00, 3.00)
[Drone drone] Target position: (2.44, 8.00, 3.00)
[Drone drone] Target position: (2.46, 8.00, 3.00)
[Drone drone] Target position: (2.48, 8.00, 3.00)
[Drone drone] Target position: (2.50, 8.00, 3.00)
[Drone drone] Target position: (2.52, 8.00, 3.00)
[Drone drone] Target position: (2.54, 8.00, 3.00)
[Drone drone] Target position: (2.56, 8.00, 3.00)
[Drone drone] Target position: (2.58, 8.00, 3.00)
[Drone drone] Target position: (2.60, 8.00, 3.00)
[Drone drone] Target position: (2.62, 8.00, 3.00)
[Drone drone] Target position: (2.64, 8.00, 3.00)
[Drone drone] Target position: (2.66, 8.00, 3.00)
[Drone drone] Target position: (2.68, 8.00, 3.00)
[Drone drone] Target position: (2.70, 8.00, 3.00)
[Drone drone] Target position: (2.72, 8.00, 3.00)
[Drone drone] Target position: (2.74, 8.00, 3.00)
[Drone drone] Target position: (2.76, 8.00, 3.00)
[Drone drone] Target position: (2.78, 8.00, 3.00)
[Drone drone] Target position: (2.80, 8.00, 3.00)
[Drone drone] Target position: (2.82, 8.00, 3.00)
[Drone drone] Target position: (2.84, 8.00, 3.00)
[Drone drone] Target position: (2.86, 8.00, 3.00)
[Drone drone] Target position: (2.88, 8.00, 3.00)
[Drone drone] Target position: (2.90, 8.00, 3.00)
[Drone drone] Target position: (2.92, 8.00, 3.00)
[Drone drone] Target position: (2.94, 8.00, 3.00)
[Drone drone] Target position: (2.96, 8.00, 3.00)
[Drone drone] Target position: (2.98, 8.00, 3.00)
[Drone drone] Target position: (3.00, 8.00, 3.00)
[Drone drone] Target position: (3.02, 8.00, 3.00)
[Drone drone] Target position: (3.04, 8.00, 3.00)
[Drone drone] Target position: (3.06, 8.00, 3.00)
[Drone drone] Target position: (3.08, 8.00, 3.00)
[Drone drone] Target position: (3.10, 8.00, 3.00)
[Drone drone] Target position: (3.12, 8.00, 3.00)
[Drone drone] Target position: (3.14, 8.00, 3.00)
[Drone drone] Target position: (3.16, 8.00, 3.00)
[Drone drone] Target position: (3.18, 8.00, 3.00)
[Drone drone] Target position: (3.20, 8.00, 3.00)
[Drone drone] Target position: (3.22, 8.00, 3.00)
[Drone drone] Target position: (3.24, 8.00, 3.00)
[Drone drone] Target position: (3.26, 8.00, 3.00)
[Drone drone] Target position: (3.28, 8.00, 3.00)
[Drone drone] Target position: (3.30, 8.00, 3.00)
[Drone drone] Target position: (3.32, 8.00, 3.00)
[Drone drone] Target position: (3.34, 8.00, 3.00)
[Drone drone] Target position: (3.36, 8.00, 3.00)
[Drone drone] Target position: (3.38, 8.00, 3.00)
[Drone drone] Target position: (3.40, 8.00, 3.00)
[Drone drone] Target position: (3.42, 8.00, 3.00)
[Drone drone] Target position: (3.44, 8.00, 3.00)
[Drone drone] Target position: (3.46, 8.00, 3.00)
[Drone drone] Target position: (3.48, 8.00, 3.00)
[Drone drone] Target position: (3.50, 8.00, 3.00)
[Drone drone] Target position: (3.52, 8.00, 3.00)
[Drone drone] Target position: (3.54, 8.00, 3.00)
[Drone drone] Target position: (3.56, 8.00, 3.00)
[Drone drone] Target position: (3.58, 8.00, 3.00)
[Drone drone] Target position: (3.60, 8.00, 3.00)
[Drone drone] Target position: (3.62, 8.00, 3.00)
[Drone drone] Target position: (3.64, 8.00, 3.00)
[Drone drone] Target position: (3.66, 8.00, 3.00)
[Drone drone] Target position: (3.68, 8.00, 3.00)
[Drone drone] Target position: (3.70, 8.00, 3.00)
[Drone drone] Target position: (3.72, 8.00, 3.00)
[Drone drone] Target position: (3.74, 8.00, 3.00)
[Drone drone] Target position: (3.76, 8.00, 3.00)
[Drone drone] Target position: (3.78, 8.00, 3.00)
[Drone drone] Target position: (3.80, 8.00, 3.00)
[Drone drone] Target position: (3.82, 8.00, 3.00)
[Drone drone] Target position: (3.84, 8.00, 3.00)
[Drone drone] Target position: (3.86, 8.00, 3.00)
[Drone drone] Target position: (3.88, 8.00, 3.00)
[Drone drone] Target position: (3.90, 8.00, 3.00)
[Drone drone] Target position: (3.92, 8.00, 3.00)
[Drone drone] Target position: (3.94, 8.00, 3.00)
[Drone drone] Target position: (3.96, 8.00, 3.00)
[Drone drone] Target position: (3.98, 8.00, 3.00)
[Drone drone] Target position: (4.00, 8.00, 3.00)
[Drone drone] Target position: (4.02, 8.00, 3.00)
[Drone drone] Target position: (4.04, 8.00, 3.00)
[Drone drone] Target position: (4.06, 8.00, 3.00)
[Drone drone] Target position: (4.08, 8.00, 3.00)
[Drone drone] Target position: (4.10, 8.00, 3.00)
[Drone drone] Target position: (4.12, 8.00, 3.00)
[Drone drone] Target position: (4.14, 8.00, 3.00)
[Drone drone] Target position: (4.16, 8.00, 3.00)
[Drone drone] Target position: (4.18, 8.00, 3.00)
[Drone drone] Target position: (4.20, 8.00, 3.00)
[Drone drone] Target position: (4.22, 8.00, 3.00)
[Drone drone] Target position: (4.24, 8.00, 3.00)
[Drone drone] Target position: (4.26, 8.00, 3.00)
[Drone drone] Target position: (4.28, 8.00, 3.00)
[Drone drone] Target position: (4.30, 8.00, 3.00)
[Drone drone] Target position: (4.32, 8.00, 3.00)
[Drone drone] Target position: (4.34, 8.00, 3.00)
[Drone drone] Target position: (4.36, 8.00, 3.00)
[Drone drone] Target position: (4.38, 8.00, 3.00)
[Drone drone] Target position: (4.40, 8.00, 3.00)
[Drone drone] Target position: (4.42, 8.00, 3.00)
[Drone drone] Target position: (4.44, 8.00, 3.00)
[Drone drone] Target position: (4.46, 8.00, 3.00)
[Drone drone] Target position: (4.48, 8.00, 3.00)
[Drone drone] Target position: (4.50, 8.00, 3.00)
[Drone drone] Target position: (4.52, 8.00, 3.00)
[Drone drone] Target position: (4.54, 8.00, 3.00)
[Drone drone] Target position: (4.56, 8.00, 3.00)
[Drone drone] Target position: (4.58, 8.00, 3.00)
[Drone drone] Target position: (4.60, 8.00, 3.00)
[Drone drone] Target position: (4.62, 8.00, 3.00)
[Drone drone] Target position: (4.64, 8.00, 3.00)
[Drone drone] Target position: (4.66, 8.00, 3.00)
[Drone drone] Target position: (4.68, 8.00, 3.00)
[Drone drone] Target position: (4.70, 8.00, 3.00)
[Drone drone] Target position: (4.72, 8.00, 3.00)
[Drone drone] Target position: (4.74, 8.00, 3.00)
[Drone drone] Target position: (4.76, 8.00, 3.00)
[Drone drone] Target position: (4.78, 8.00, 3.00)
[Drone drone] Target position: (4.80, 8.00, 3.00)
[Drone drone] Target position: (4.82, 8.00, 3.00)
[Drone drone] Target position: (4.84, 8.00, 3.00)
[Drone drone] Target position: (4.86, 8.00, 3.00)
[Drone drone] Target position: (4.88, 8.00, 3.00)
[Drone drone] Target position: (4.90, 8.00, 3.00)
[Drone drone] Target position: (4.92, 8.00, 3.00)
[Drone drone] Target position: (4.94, 8.00, 3.00)
[Drone drone] Target position: (4.96, 8.00, 3.00)
[Drone drone] Target position: (4.98, 8.00, 3.00)
[Drone drone] Target position: (5.00, 8.00, 3.00)
[Drone drone] Target position: (5.02, 8.00, 3.00)
[Drone drone] Target position: (5.04, 8.00, 3.00)
[Drone drone] Target position: (5.06, 8.00, 3.00)
[Drone drone] Target position: (5.08, 8.00, 3.00)
[Drone drone] Target position: (5.10, 8.00, 3.00)
[Drone drone] Target position: (5.12, 8.00, 3.00)
[Drone drone] Target position: (5.14, 8.00, 3.00)
[Drone drone] Target position: (5.16, 8.00, 3.00)
[Drone drone] Target position: (5.18, 8.00, 3.00)
[Drone drone] Target position: (5.20, 8.00, 3.00)
[Drone drone] Target position: (5.22, 8.00, 3.00)
[Drone drone] Target position: (5.24, 8.00, 3.00)
[Drone drone] Target position: (5.26, 8.00, 3.00)
[Drone drone] Target position: (5.28, 8.00, 3.00)
[Drone drone] Target position: (5.30, 8.00, 3.00)
[Drone drone] Target position: (5.32, 8.00, 3.00)
[Drone drone] Target position: (5.34, 8.00, 3.00)
[Drone drone] Target position: (5.36, 8.00, 3.00)
[Drone drone] Target position: (5.38, 8.00, 3.00)
[Drone drone] Target position: (5.40, 8.00, 3.00)
[Drone drone] Target position: (5.42, 8.00, 3.00)
[Drone drone] Target position: (5.44, 8.00, 3.00)
[Drone drone] Target position: (5.46, 8.00, 3.00)
[Drone drone] Target position: (5.48, 8.00, 3.00)
[Drone drone] Target position: (5.50, 8.00, 3.00)
[Drone drone] Target position: (5.52, 8.00, 3.00)
[Drone drone] Target position: (5.54, 8.00, 3.00)
[Drone drone] Target position: (5.56, 8.00, 3.00)
[Drone drone] Target position: (5.58, 8.00, 3.00)
[Drone drone] Target position: (5.60, 8.00, 3.00)
[Drone drone] Target position: (5.62, 8.00, 3.00)
[Drone drone] Target position: (5.64, 8.00, 3.00)
[Drone drone] Target position: (5.66, 8.00, 3.00)
[Drone drone] Target position: (5.68, 8.00, 3.00)
[Drone drone] Target position: (5.70, 8.00, 3.00)
[Drone drone] Target position: (5.72, 8.00, 3.00)
[Drone drone] Target position: (5.74, 8.00, 3.00)
[Drone drone] Target position: (5.76, 8.00, 3.00)
[Drone drone] Target position: (5.78, 8.00, 3.00)
[Drone drone] Target position: (5.80, 8.00, 3.00)
[Drone drone] Target position: (5.82, 8.00, 3.00)
[Drone drone] Target position: (5.84, 8.00, 3.00)
[Drone drone] Target position: (5.86, 8.00, 3.00)
[Drone drone] Target position: (5.88, 8.00, 3.00)
[Drone drone] Target position: (5.90, 8.00, 3.00)
[Drone drone] Target position: (5.92, 8.00, 3.00)
[Drone drone] Target position: (5.94, 8.00, 3.00)
[Drone drone] Target position: (5.96, 8.00, 3.00)
[Drone drone] Target position: (5.98, 8.00, 3.00)
[Drone drone] Target position: (6.00, 8.00, 3.00)
[Drone drone] Target position: (6.02, 8.00, 3.00)
[Drone drone] Target position: (6.04, 8.00, 3.00)
[Drone drone] Target position: (6.06, 8.00, 3.00)
[Drone drone] Target position: (6.08, 8.00, 3.00)
[Drone drone] Target position: (6.10, 8.00, 3.00)
[Drone drone] Target position: (6.12, 8.00, 3.00)
[Drone drone] Target position: (6.14, 8.00, 3.00)
[Drone drone] Target position: (6.16, 8.00, 3.00)
[Drone drone] Target position: (6.18, 8.00, 3.00)
[Drone drone] Target position: (6.20, 8.00, 3.00)
[Drone drone] Target position: (6.22, 8.00, 3.00)
[Drone drone] Target position: (6.24, 8.00, 3.00)
[Drone drone] Target position: (6.26, 8.00, 3.00)
[Drone drone] Target position: (6.28, 8.00, 3.00)
[Drone drone] Target position: (6.30, 8.00, 3.00)
[Drone drone] Target position: (6.32, 8.00, 3.00)
[Drone drone] Target position: (6.34, 8.00, 3.00)
[Drone drone] Target position: (6.36, 8.00, 3.00)
[Drone drone] Target position: (6.38, 8.00, 3.00)
[Drone drone] Target position: (6.40, 8.00, 3.00)
[Drone drone] Target position: (6.42, 8.00, 3.00)
[Drone drone] Target position: (6.44, 8.00, 3.00)
[Drone drone] Target position: (6.46, 8.00, 3.00)
[Drone drone] Target position: (6.48, 8.00, 3.00)
[Drone drone] Target position: (6.50, 8.00, 3.00)
[Drone drone] Target position: (6.52, 8.00, 3.00)
[Drone drone] Target position: (6.54, 8.00, 3.00)
[Drone drone] Target position: (6.56, 8.00, 3.00)
[Drone drone] Target position: (6.58, 8.00, 3.00)
[Drone drone] Target position: (6.60, 8.00, 3.00)
[Drone drone] Target position: (6.62, 8.00, 3.00)
[Drone drone] Target position: (6.64, 8.00, 3.00)
[Drone drone] Target position: (6.66, 8.00, 3.00)
[Drone drone] Target position: (6.68, 8.00, 3.00)
[Drone drone] Target position: (6.70, 8.00, 3.00)
[Drone drone] Target position: (6.72, 8.00, 3.00)
[Drone drone] Target position: (6.74, 8.00, 3.00)
[Drone drone] Target position: (6.76, 8.00, 3.00)
[Drone drone] Target position: (6.78, 8.00, 3.00)
[Drone drone] Target position: (6.80, 8.00, 3.00)
[Drone drone] Target position: (6.82, 8.00, 3.00)
[Drone drone] Target position: (6.84, 8.00, 3.00)
[Drone drone] Target position: (6.86, 8.00, 3.00)
[Drone drone] Target position: (6.88, 8.00, 3.00)
[Drone drone] Target position: (6.90, 8.00, 3.00)
[Drone drone] Target position: (6.92, 8.00, 3.00)
[Drone drone] Target position: (6.94, 8.00, 3.00)
[Drone drone] Target position: (6.96, 8.00, 3.00)
[Drone drone] Target position: (6.98, 8.00, 3.00)
[Drone drone] Target position: (7.00, 8.00, 3.00)
[Drone drone] Target position: (7.02, 8.00, 3.00)
[Drone drone] Target position: (7.04, 8.00, 3.00)
[Drone drone] Target position: (7.06, 8.00, 3.00)
[Drone drone] Target position: (7.08, 8.00, 3.00)
[Drone drone] Target position: (7.10, 8.00, 3.00)
[Drone drone] Target position: (7.12, 8.00, 3.00)
[Drone drone] Target position: (7.14, 8.00, 3.00)
[Drone drone] Target position: (7.16, 8.00, 3.00)
[Drone drone] Target position: (7.18, 8.00, 3.00)
[Drone drone] Target position: (7.20, 8.00, 3.00)
[Drone drone] Target position: (7.22, 8.00, 3.00)
[Drone drone] Target position: (7.24, 8.00, 3.00)
[Drone drone] Target position: (7.26, 8.00, 3.00)
[Drone drone] Target position: (7.28, 8.00, 3.00)
[Drone drone] Target position: (7.30, 8.00, 3.00)
[Drone drone] Target position: (7.32, 8.00, 3.00)
[Drone drone] Target position: (7.34, 8.00, 3.00)
[Drone drone] Target position: (7.36, 8.00, 3.00)
[Drone drone] Target position: (7.38, 8.00, 3.00)
[Drone drone] Target position: (7.40, 8.00, 3.00)
[Drone drone] Target position: (7.42, 8.00, 3.00)
[Drone drone] Target position: (7.44, 8.00, 3.00)
[Drone drone] Target position: (7.46, 8.00, 3.00)
[Drone drone] Target position: (7.48, 8.00, 3.00)
[Drone drone] Target position: (7.50, 8.00, 3.00)
[Drone drone] Target position: (7.52, 8.00, 3.00)
[Drone drone] Target position: (7.54, 8.00, 3.00)
[Drone drone] Target position: (7.56, 8.00, 3.00)
[Drone drone] Target position: (7.58, 8.00, 3.00)
[Drone drone] Target position: (7.60, 8.00, 3.00)
[Drone drone] Target position: (7.62, 8.00, 3.00)
[Drone drone] Target position: (7.64, 8.00, 3.00)
[Drone drone] Target position: (7.66, 8.00, 3.00)
[Drone drone] Target position: (7.68, 8.00, 3.00)
[Drone drone] Target position: (7.70, 8.00, 3.00)
[Drone drone] Target position: (7.72, 8.00, 3.00)
[Drone drone] Target position: (7.74, 8.00, 3.00)
[Drone drone] Target position: (7.76, 8.00, 3.00)
[Drone drone] Target position: (7.78, 8.00, 3.00)
[Drone drone] Target position: (7.80, 8.00, 3.00)
[Drone drone] Target position: (7.82, 8.00, 3.00)
[Drone drone] Target position: (7.84, 8.00, 3.00)
[Drone drone] Target position: (7.86, 8.00, 3.00)
[Drone drone] Target position: (7.88, 8.00, 3.00)
[Drone drone] Target position: (7.90, 8.00, 3.00)
[Drone drone] Target position: (7.92, 8.00, 3.00)
[Drone drone] Target position: (7.94, 8.00, 3.00)
[Drone drone] Target position: (7.96, 8.00, 3.00)
[Drone drone] Target position: (7.98, 8.00, 3.00)
[Drone drone] Target position: (8.00, 8.00, 3.00)
[Drone drone] Target position: (8.02, 8.00, 3.00)
[Drone drone] Target position: (8.04, 8.00, 3.00)
[Drone drone] Target position: (8.06, 8.00, 3.00)
[Drone drone] Target position: (8.08, 8.00, 3.00)
[Drone drone] Target position: (8.10, 8.00, 3.00)
[Drone drone] Target position: (8.12, 8.00, 3.00)
[Drone drone] Target position: (8.14, 8.00, 3.00)
[Drone drone] Target position: (8.16, 8.00, 3.00)
[Drone drone] Target position: (8.18, 8.00, 3.00)
[Drone drone] Target position: (8.20, 8.00, 3.00)
[Drone drone] Target position: (8.22, 8.00, 3.00)
[Drone drone] Target position: (8.24, 8.00, 3.00)
[Drone drone] Target position: (8.26, 8.00, 3.00)
[Drone drone] Target position: (8.28, 8.00, 3.00)
[Drone drone] Target position: (8.30, 8.00, 3.00)
[Drone drone] Target position: (8.32, 8.00, 3.00)
[Drone drone] Target position: (8.34, 8.00, 3.00)
[Drone drone] Target position: (8.36, 8.00, 3.00)
[Drone drone] Target position: (8.38, 8.00, 3.00)
[Drone drone] Target position: (8.40, 8.00, 3.00)
[Drone drone] Target position: (8.42, 8.00, 3.00)
[Drone drone] Target position: (8.44, 8.00, 3.00)
[Drone drone] Target position: (8.46, 8.00, 3.00)
[Drone drone] Target position: (8.48, 8.00, 3.00)
[Drone drone] Target position: (8.50, 8.00, 3.00)
[Drone drone] Target position: (8.52, 8.00, 3.00)
[Drone drone] Target position: (8.54, 8.00, 3.00)
[Drone drone] Target position: (8.56, 8.00, 3.00)
[Drone drone] Target position: (8.58, 8.00, 3.00)
[Drone drone] Target position: (8.60, 8.00, 3.00)
[Drone drone] Target position: (8.62, 8.00, 3.00)
[Drone drone] Target position: (8.64, 8.00, 3.00)
[Drone drone] Target position: (8.66, 8.00, 3.00)
[Drone drone] Target position: (8.68, 8.00, 3.00)
[Drone drone] Target position: (8.70, 8.00, 3.00)
[Drone drone] Target position: (8.72, 8.00, 3.00)
[Drone drone] Target position: (8.74, 8.00, 3.00)
[Drone drone] Target position: (8.76, 8.00, 3.00)
[Drone drone] Target position: (8.78, 8.00, 3.00)
[Drone drone] Target position: (8.80, 8.00, 3.00)
[Drone drone] Target position: (8.82, 8.00, 3.00)
[Drone drone] Target position: (8.84, 8.00, 3.00)
[Drone drone] Target position: (8.86, 8.00, 3.00)
[Drone drone] Target position: (8.88, 8.00, 3.00)
[Drone drone] Target position: (8.90, 8.00, 3.00)
[Drone drone] Target position: (8.92, 8.00, 3.00)
[Drone drone] Target position: (8.94, 8.00, 3.00)
[Drone drone] Target position: (8.96, 8.00, 3.00)
[Drone drone] Target position: (8.98, 8.00, 3.00)
[Drone drone] Target position: (9.00, 8.00, 3.00)
[Drone drone] Target position: (9.02, 8.00, 3.00)
[Drone drone] Target position: (9.04, 8.00, 3.00)
[Drone drone] Target position: (9.06, 8.00, 3.00)
[Drone drone] Target position: (9.08, 8.00, 3.00)
[Drone drone] Target position: (9.10, 8.00, 3.00)
[Drone drone] Target position: (9.12, 8.00, 3.00)
[Drone drone] Target position: (9.14, 8.00, 3.00)
[Drone drone] Target position: (9.16, 8.00, 3.00)
[Drone drone] Target position: (9.18, 8.00, 3.00)
[Drone drone] Target position: (9.20, 8.00, 3.00)
[Drone drone] Target position: (9.22, 8.00, 3.00)
[Drone drone] Target position: (9.24, 8.00, 3.00)
[Drone drone] Target position: (9.26, 8.00, 3.00)
[Drone drone] Target position: (9.28, 8.00, 3.00)
[Drone drone] Target position: (9.30, 8.00, 3.00)
[Drone drone] Target position: (9.32, 8.00, 3.00)
[Drone drone] Target position: (9.34, 8.00, 3.00)
[Drone drone] Target position: (9.36, 8.00, 3.00)
[Drone drone] Target position: (9.38, 8.00, 3.00)
[Drone drone] Target position: (9.40, 8.00, 3.00)
[Drone drone] Target position: (9.42, 8.00, 3.00)
[Drone drone] Target position: (9.44, 8.00, 3.00)
[Drone drone] Target position: (9.46, 8.00, 3.00)
[Drone drone] Target position: (9.48, 8.00, 3.00)
[Drone drone] Target position: (9.50, 8.00, 3.00)
[Drone drone] Target position: (9.52, 8.00, 3.00)
[Drone drone] Target position: (9.54, 8.00, 3.00)
[Drone drone] Target position: (9.56, 8.00, 3.00)
[Drone drone] Target position: (9.58, 8.00, 3.00)
[Drone drone] Target position: (9.60, 8.00, 3.00)
[Drone drone] Target position: (9.62, 8.00, 3.00)
[Drone drone] Target position: (9.64, 8.00, 3.00)
[Drone drone] Target position: (9.66, 8.00, 3.00)
[Drone drone] Target position: (9.68, 8.00, 3.00)
[Drone drone] Target position: (9.70, 8.00, 3.00)
[Drone drone] Target position: (9.72, 8.00, 3.00)
[Drone drone] Target position: (9.74, 8.00, 3.00)
[Drone drone] Target position: (9.76, 8.00, 3.00)
[Drone drone] Target position: (9.78, 8.00, 3.00)
[Drone drone] Target position: (9.80, 8.00, 3.00)
[Drone drone] Target position: (9.82, 8.00, 3.00)
[Drone drone] Target position: (9.84, 8.00, 3.00)
[Drone drone] Target position: (9.86, 8.00, 3.00)
[Drone drone] Target position: (9.88, 8.00, 3.00)
[Drone drone] Target position: (9.90, 8.00, 3.00)
[Drone drone] Target position: (9.92, 8.00, 3.00)
[Drone drone] Target position: (9.94, 8.00, 3.00)
[Drone drone] Target position: (9.96, 8.00, 3.00)
[Drone drone] Target position: (9.98, 8.00, 3.00)
[Drone drone] Target position: (10.00, 8.00, 3.00)
[Drone drone] Target position: (10.00, 8.02, 3.00)
[Drone drone] Target position: (10.00, 8.04, 3.00)
[Drone drone] Target position: (10.00, 8.06, 3.00)
[Drone drone] Target position: (10.00, 8.08, 3.00)
[Drone drone] Target position: (10.00, 8.10, 3.00)
[Drone drone] Target position: (10.00, 8.12, 3.00)
[Drone drone] Target position: (10.00, 8.14, 3.00)
[Drone drone] Target position: (10.00, 8.16, 3.00)
[Drone drone] Target position: (10.00, 8.18, 3.00)
[Drone drone] Target position: (10.00, 8.20, 3.00)
[Drone drone] Target position: (10.00, 8.22, 3.00)
[Drone drone] Target position: (10.00, 8.24, 3.00)
[Drone drone] Target position: (10.00, 8.26, 3.00)
[Drone drone] Target position: (10.00, 8.28, 3.00)
[Drone drone] Target position: (10.00, 8.30, 3.00)
[Drone drone] Target position: (10.00, 8.32, 3.00)
[Drone drone] Target position: (10.00, 8.34, 3.00)
[Drone drone] Target position: (10.00, 8.36, 3.00)
[Drone drone] Target position: (10.00, 8.38, 3.00)
[Drone drone] Target position: (10.00, 8.40, 3.00)
[Drone drone] Target position: (10.00, 8.42, 3.00)
[Drone drone] Target position: (10.00, 8.44, 3.00)
[Drone drone] Target position: (10.00, 8.46, 3.00)
[Drone drone] Target position: (10.00, 8.48, 3.00)
[Drone drone] Target position: (10.00, 8.50, 3.00)
[Drone drone] Target position: (10.00, 8.52, 3.00)
[Drone drone] Target position: (10.00, 8.54, 3.00)
[Drone drone] Target position: (10.00, 8.56, 3.00)
[Drone drone] Target position: (10.00, 8.58, 3.00)
[Drone drone] Target position: (10.00, 8.60, 3.00)
[Drone drone] Target position: (10.00, 8.62, 3.00)
[Drone drone] Target position: (10.00, 8.64, 3.00)
[Drone drone] Target position: (10.00, 8.66, 3.00)
[Drone drone] Target position: (10.00, 8.68, 3.00)
[Drone drone] Target position: (10.00, 8.70, 3.00)
[Drone drone] Target position: (10.00, 8.72, 3.00)
[Drone drone] Target position: (10.00, 8.74, 3.00)
[Drone drone] Target position: (10.00, 8.76, 3.00)
[Drone drone] Target position: (10.00, 8.78, 3.00)
[Drone drone] Target position: (10.00, 8.80, 3.00)
[Drone drone] Target position: (10.00, 8.82, 3.00)
[Drone drone] Target position: (10.00, 8.84, 3.00)
[Drone drone] Target position: (10.00, 8.86, 3.00)
[Drone drone] Target position: (10.00, 8.88, 3.00)
[Drone drone] Target position: (10.00, 8.90, 3.00)
[Drone drone] Target position: (10.00, 8.92, 3.00)
[Drone drone] Target position: (10.00, 8.94, 3.00)
[Drone drone] Target position: (10.00, 8.96, 3.00)
[Drone drone] Target position: (10.00, 8.98, 3.00)
[Drone drone] Target position: (10.00, 9.00, 3.00)
[Drone drone] Target position: (10.00, 9.02, 3.00)
[Drone drone] Target position: (10.00, 9.04, 3.00)
[Drone drone] Target position: (10.00, 9.06, 3.00)
[Drone drone] Target position: (10.00, 9.08, 3.00)
[Drone drone] Target position: (10.00, 9.10, 3.00)
[Drone drone] Target position: (10.00, 9.12, 3.00)
[Drone drone] Target position: (10.00, 9.14, 3.00)
[Drone drone] Target position: (10.00, 9.16, 3.00)
[Drone drone] Target position: (10.00, 9.18, 3.00)
[Drone drone] Target position: (10.00, 9.20, 3.00)
[Drone drone] Target position: (10.00, 9.22, 3.00)
[Drone drone] Target position: (10.00, 9.24, 3.00)
[Drone drone] Target position: (10.00, 9.26, 3.00)
[Drone drone] Target position: (10.00, 9.28, 3.00)
[Drone drone] Target position: (10.00, 9.30, 3.00)
[Drone drone] Target position: (10.00, 9.32, 3.00)
[Drone drone] Target position: (10.00, 9.34, 3.00)
[Drone drone] Target position: (10.00, 9.36, 3.00)
[Drone drone] Target position: (10.00, 9.38, 3.00)
[Drone drone] Target position: (10.00, 9.40, 3.00)
[Drone drone] Target position: (10.00, 9.42, 3.00)
[Drone drone] Target position: (10.00, 9.44, 3.00)
[Drone drone] Target position: (10.00, 9.46, 3.00)
[Drone drone] Target position: (10.00, 9.48, 3.00)
[Drone drone] Target position: (10.00, 9.50, 3.00)
[Drone drone] Target position: (10.00, 9.52, 3.00)
[Drone drone] Target position: (10.00, 9.54, 3.00)
[Drone drone] Target position: (10.00, 9.56, 3.00)
[Drone drone] Target position: (10.00, 9.58, 3.00)
[Drone drone] Target position: (10.00, 9.60, 3.00)
[Drone drone] Target position: (10.00, 9.62, 3.00)
[Drone drone] Target position: (10.00, 9.64, 3.00)
[Drone drone] Target position: (10.00, 9.66, 3.00)
[Drone drone] Target position: (10.00, 9.68, 3.00)
[Drone drone] Target position: (10.00, 9.70, 3.00)
[Drone drone] Target position: (10.00, 9.72, 3.00)
[Drone drone] Target position: (10.00, 9.74, 3.00)
[Drone drone] Target position: (10.00, 9.76, 3.00)
[Drone drone] Target position: (10.00, 9.78, 3.00)
[Drone drone] Target position: (10.00, 9.80, 3.00)
[Drone drone] Target position: (10.00, 9.82, 3.00)
[Drone drone] Target position: (10.00, 9.84, 3.00)
[Drone drone] Target position: (10.00, 9.86, 3.00)
[Drone drone] Target position: (10.00, 9.88, 3.00)
[Drone drone] Target position: (10.00, 9.90, 3.00)
[Drone drone] Target position: (10.00, 9.92, 3.00)
[Drone drone] Target position: (10.00, 9.94, 3.00)
[Drone drone] Target position: (10.00, 9.96, 3.00)
[Drone drone] Target position: (10.00, 9.98, 3.00)
[Drone drone] Target position: (10.00, 10.00, 3.00)
[Drone drone] Target position: (9.98, 10.00, 3.00)
[Drone drone] Target position: (9.96, 10.00, 3.00)
[Drone drone] Target position: (9.94, 10.00, 3.00)
[Drone drone] Target position: (9.92, 10.00, 3.00)
[Drone drone] Target position: (9.90, 10.00, 3.00)
[Drone drone] Target position: (9.88, 10.00, 3.00)
[Drone drone] Target position: (9.86, 10.00, 3.00)
[Drone drone] Target position: (9.84, 10.00, 3.00)
[Drone drone] Target position: (9.82, 10.00, 3.00)
[Drone drone] Target position: (9.80, 10.00, 3.00)
[Drone drone] Target position: (9.78, 10.00, 3.00)
[Drone drone] Target position: (9.76, 10.00, 3.00)
[Drone drone] Target position: (9.74, 10.00, 3.00)
[Drone drone] Target position: (9.72, 10.00, 3.00)
[Drone drone] Target position: (9.70, 10.00, 3.00)
[Drone drone] Target position: (9.68, 10.00, 3.00)
[Drone drone] Target position: (9.66, 10.00, 3.00)
[Drone drone] Target position: (9.64, 10.00, 3.00)
[Drone drone] Target position: (9.62, 10.00, 3.00)
[Drone drone] Target position: (9.60, 10.00, 3.00)
[Drone drone] Target position: (9.58, 10.00, 3.00)
[Drone drone] Target position: (9.56, 10.00, 3.00)
[Drone drone] Target position: (9.54, 10.00, 3.00)
[Drone drone] Target position: (9.52, 10.00, 3.00)
[Drone drone] Target position: (9.50, 10.00, 3.00)
[Drone drone] Target position: (9.48, 10.00, 3.00)
[Drone drone] Target position: (9.46, 10.00, 3.00)
[Drone drone] Target position: (9.44, 10.00, 3.00)
[Drone drone] Target position: (9.42, 10.00, 3.00)
[Drone drone] Target position: (9.40, 10.00, 3.00)
[Drone drone] Target position: (9.38, 10.00, 3.00)
[Drone drone] Target position: (9.36, 10.00, 3.00)
[Drone drone] Target position: (9.34, 10.00, 3.00)
[Drone drone] Target position: (9.32, 10.00, 3.00)
[Drone drone] Target position: (9.30, 10.00, 3.00)
[Drone drone] Target position: (9.28, 10.00, 3.00)
[Drone drone] Target position: (9.26, 10.00, 3.00)
[Drone drone] Target position: (9.24, 10.00, 3.00)
[Drone drone] Target position: (9.22, 10.00, 3.00)
[Drone drone] Target position: (9.20, 10.00, 3.00)
[Drone drone] Target position: (9.18, 10.00, 3.00)
[Drone drone] Target position: (9.16, 10.00, 3.00)
[Drone drone] Target position: (9.14, 10.00, 3.00)
[Drone drone] Target position: (9.12, 10.00, 3.00)
[Drone drone] Target position: (9.10, 10.00, 3.00)
[Drone drone] Target position: (9.08, 10.00, 3.00)
[Drone drone] Target position: (9.06, 10.00, 3.00)
[Drone drone] Target position: (9.04, 10.00, 3.00)
[Drone drone] Target position: (9.02, 10.00, 3.00)
[Drone drone] Target position: (9.00, 10.00, 3.00)
[Drone drone] Target position: (8.98, 10.00, 3.00)
[Drone drone] Target position: (8.96, 10.00, 3.00)
[Drone drone] Target position: (8.94, 10.00, 3.00)
[Drone drone] Target position: (8.92, 10.00, 3.00)
[Drone drone] Target position: (8.90, 10.00, 3.00)
[Drone drone] Target position: (8.88, 10.00, 3.00)
[Drone drone] Target position: (8.86, 10.00, 3.00)
[Drone drone] Target position: (8.84, 10.00, 3.00)
[Drone drone] Target position: (8.82, 10.00, 3.00)
[Drone drone] Target position: (8.80, 10.00, 3.00)
[Drone drone] Target position: (8.78, 10.00, 3.00)
[Drone drone] Target position: (8.76, 10.00, 3.00)
[Drone drone] Target position: (8.74, 10.00, 3.00)
[Drone drone] Target position: (8.72, 10.00, 3.00)
[Drone drone] Target position: (8.70, 10.00, 3.00)
[Drone drone] Target position: (8.68, 10.00, 3.00)
[Drone drone] Target position: (8.66, 10.00, 3.00)
[Drone drone] Target position: (8.64, 10.00, 3.00)
[Drone drone] Target position: (8.62, 10.00, 3.00)
[Drone drone] Target position: (8.60, 10.00, 3.00)
[Drone drone] Target position: (8.58, 10.00, 3.00)
[Drone drone] Target position: (8.56, 10.00, 3.00)
[Drone drone] Target position: (8.54, 10.00, 3.00)
[Drone drone] Target position: (8.52, 10.00, 3.00)
[Drone drone] Target position: (8.50, 10.00, 3.00)
[Drone drone] Target position: (8.48, 10.00, 3.00)
[Drone drone] Target position: (8.46, 10.00, 3.00)
[Drone drone] Target position: (8.44, 10.00, 3.00)
[Drone drone] Target position: (8.42, 10.00, 3.00)
[Drone drone] Target position: (8.40, 10.00, 3.00)
[Drone drone] Target position: (8.38, 10.00, 3.00)
[Drone drone] Target position: (8.36, 10.00, 3.00)
[Drone drone] Target position: (8.34, 10.00, 3.00)
[Drone drone] Target position: (8.32, 10.00, 3.00)
[Drone drone] Target position: (8.30, 10.00, 3.00)
[Drone drone] Target position: (8.28, 10.00, 3.00)
[Drone drone] Target position: (8.26, 10.00, 3.00)
[Drone drone] Target position: (8.24, 10.00, 3.00)
[Drone drone] Target position: (8.22, 10.00, 3.00)
[Drone drone] Target position: (8.20, 10.00, 3.00)
[Drone drone] Target position: (8.18, 10.00, 3.00)
[Drone drone] Target position: (8.16, 10.00, 3.00)
[Drone drone] Target position: (8.14, 10.00, 3.00)
[Drone drone] Target position: (8.12, 10.00, 3.00)
[Drone drone] Target position: (8.10, 10.00, 3.00)
[Drone drone] Target position: (8.08, 10.00, 3.00)
[Drone drone] Target position: (8.06, 10.00, 3.00)
[Drone drone] Target position: (8.04, 10.00, 3.00)
[Drone drone] Target position: (8.02, 10.00, 3.00)
[Drone drone] Target position: (8.00, 10.00, 3.00)
[Drone drone] Target position: (7.98, 10.00, 3.00)
[Drone drone] Target position: (7.96, 10.00, 3.00)
[Drone drone] Target position: (7.94, 10.00, 3.00)
[Drone drone] Target position: (7.92, 10.00, 3.00)
[Drone drone] Target position: (7.90, 10.00, 3.00)
[Drone drone] Target position: (7.88, 10.00, 3.00)
[Drone drone] Target position: (7.86, 10.00, 3.00)
[Drone drone] Target position: (7.84, 10.00, 3.00)
[Drone drone] Target position: (7.82, 10.00, 3.00)
[Drone drone] Target position: (7.80, 10.00, 3.00)
[Drone drone] Target position: (7.78, 10.00, 3.00)
[Drone drone] Target position: (7.76, 10.00, 3.00)
[Drone drone] Target position: (7.74, 10.00, 3.00)
[Drone drone] Target position: (7.72, 10.00, 3.00)
[Drone drone] Target position: (7.70, 10.00, 3.00)
[Drone drone] Target position: (7.68, 10.00, 3.00)
[Drone drone] Target position: (7.66, 10.00, 3.00)
[Drone drone] Target position: (7.64, 10.00, 3.00)
[Drone drone] Target position: (7.62, 10.00, 3.00)
[Drone drone] Target position: (7.60, 10.00, 3.00)
[Drone drone] Target position: (7.58, 10.00, 3.00)
[Drone drone] Target position: (7.56, 10.00, 3.00)
[Drone drone] Target position: (7.54, 10.00, 3.00)
[Drone drone] Target position: (7.52, 10.00, 3.00)
[Drone drone] Target position: (7.50, 10.00, 3.00)
[Drone drone] Target position: (7.48, 10.00, 3.00)
[Drone drone] Target position: (7.46, 10.00, 3.00)
[Drone drone] Target position: (7.44, 10.00, 3.00)
[Drone drone] Target position: (7.42, 10.00, 3.00)
[Drone drone] Target position: (7.40, 10.00, 3.00)
[Drone drone] Target position: (7.38, 10.00, 3.00)
[Drone drone] Target position: (7.36, 10.00, 3.00)
[Drone drone] Target position: (7.34, 10.00, 3.00)
[Drone drone] Target position: (7.32, 10.00, 3.00)
[Drone drone] Target position: (7.30, 10.00, 3.00)
[Drone drone] Target position: (7.28, 10.00, 3.00)
[Drone drone] Target position: (7.26, 10.00, 3.00)
[Drone drone] Target position: (7.24, 10.00, 3.00)
[Drone drone] Target position: (7.22, 10.00, 3.00)
[Drone drone] Target position: (7.20, 10.00, 3.00)
[Drone drone] Target position: (7.18, 10.00, 3.00)
[Drone drone] Target position: (7.16, 10.00, 3.00)
[Drone drone] Target position: (7.14, 10.00, 3.00)
[Drone drone] Target position: (7.12, 10.00, 3.00)
[Drone drone] Target position: (7.10, 10.00, 3.00)
[Drone drone] Target position: (7.08, 10.00, 3.00)
[Drone drone] Target position: (7.06, 10.00, 3.00)
[Drone drone] Target position: (7.04, 10.00, 3.00)
[Drone drone] Target position: (7.02, 10.00, 3.00)
[Drone drone] Target position: (7.00, 10.00, 3.00)
[Drone drone] Target position: (6.98, 10.00, 3.00)
[Drone drone] Target position: (6.96, 10.00, 3.00)
[Drone drone] Target position: (6.94, 10.00, 3.00)
[Drone drone] Target position: (6.92, 10.00, 3.00)
[Drone drone] Target position: (6.90, 10.00, 3.00)
[Drone drone] Target position: (6.88, 10.00, 3.00)
[Drone drone] Target position: (6.86, 10.00, 3.00)
[Drone drone] Target position: (6.84, 10.00, 3.00)
[Drone drone] Target position: (6.82, 10.00, 3.00)
[Drone drone] Target position: (6.80, 10.00, 3.00)
[Drone drone] Target position: (6.78, 10.00, 3.00)
[Drone drone] Target position: (6.76, 10.00, 3.00)
[Drone drone] Target position: (6.74, 10.00, 3.00)
[Drone drone] Target position: (6.72, 10.00, 3.00)
[Drone drone] Target position: (6.70, 10.00, 3.00)
[Drone drone] Target position: (6.68, 10.00, 3.00)
[Drone drone] Target position: (6.66, 10.00, 3.00)
[Drone drone] Target position: (6.64, 10.00, 3.00)
[Drone drone] Target position: (6.62, 10.00, 3.00)
[Drone drone] Target position: (6.60, 10.00, 3.00)
[Drone drone] Target position: (6.58, 10.00, 3.00)
[Drone drone] Target position: (6.56, 10.00, 3.00)
[Drone drone] Target position: (6.54, 10.00, 3.00)
[Drone drone] Target position: (6.52, 10.00, 3.00)
[Drone drone] Target position: (6.50, 10.00, 3.00)
[Drone drone] Target position: (6.48, 10.00, 3.00)
[Drone drone] Target position: (6.46, 10.00, 3.00)
[Drone drone] Target position: (6.44, 10.00, 3.00)
[Drone drone] Target position: (6.42, 10.00, 3.00)
[Drone drone] Target position: (6.40, 10.00, 3.00)
[Drone drone] Target position: (6.38, 10.00, 3.00)
[Drone drone] Target position: (6.36, 10.00, 3.00)
[Drone drone] Target position: (6.34, 10.00, 3.00)
[Drone drone] Target position: (6.32, 10.00, 3.00)
[Drone drone] Target position: (6.30, 10.00, 3.00)
[Drone drone] Target position: (6.28, 10.00, 3.00)
[Drone drone] Target position: (6.26, 10.00, 3.00)
[Drone drone] Target position: (6.24, 10.00, 3.00)
[Drone drone] Target position: (6.22, 10.00, 3.00)
[Drone drone] Target position: (6.20, 10.00, 3.00)
[Drone drone] Target position: (6.18, 10.00, 3.00)
[Drone drone] Target position: (6.16, 10.00, 3.00)
[Drone drone] Target position: (6.14, 10.00, 3.00)
[Drone drone] Target position: (6.12, 10.00, 3.00)
[Drone drone] Target position: (6.10, 10.00, 3.00)
[Drone drone] Target position: (6.08, 10.00, 3.00)
[Drone drone] Target position: (6.06, 10.00, 3.00)
[Drone drone] Target position: (6.04, 10.00, 3.00)
[Drone drone] Target position: (6.02, 10.00, 3.00)
[Drone drone] Target position: (6.00, 10.00, 3.00)
[Drone drone] Target position: (5.98, 10.00, 3.00)
[Drone drone] Target position: (5.96, 10.00, 3.00)
[Drone drone] Target position: (5.94, 10.00, 3.00)
[Drone drone] Target position: (5.92, 10.00, 3.00)
[Drone drone] Target position: (5.90, 10.00, 3.00)
[Drone drone] Target position: (5.88, 10.00, 3.00)
[Drone drone] Target position: (5.86, 10.00, 3.00)
[Drone drone] Target position: (5.84, 10.00, 3.00)
[Drone drone] Target position: (5.82, 10.00, 3.00)
[Drone drone] Target position: (5.80, 10.00, 3.00)
[Drone drone] Target position: (5.78, 10.00, 3.00)
[Drone drone] Target position: (5.76, 10.00, 3.00)
[Drone drone] Target position: (5.74, 10.00, 3.00)
[Drone drone] Target position: (5.72, 10.00, 3.00)
[Drone drone] Target position: (5.70, 10.00, 3.00)
[Drone drone] Target position: (5.68, 10.00, 3.00)
[Drone drone] Target position: (5.66, 10.00, 3.00)
[Drone drone] Target position: (5.64, 10.00, 3.00)
[Drone drone] Target position: (5.62, 10.00, 3.00)
[Drone drone] Target position: (5.60, 10.00, 3.00)
[Drone drone] Target position: (5.58, 10.00, 3.00)
[Drone drone] Target position: (5.56, 10.00, 3.00)
[Drone drone] Target position: (5.54, 10.00, 3.00)
[Drone drone] Target position: (5.52, 10.00, 3.00)
[Drone drone] Target position: (5.50, 10.00, 3.00)
[Drone drone] Target position: (5.48, 10.00, 3.00)
[Drone drone] Target position: (5.46, 10.00, 3.00)
[Drone drone] Target position: (5.44, 10.00, 3.00)
[Drone drone] Target position: (5.42, 10.00, 3.00)
[Drone drone] Target position: (5.40, 10.00, 3.00)
[Drone drone] Target position: (5.38, 10.00, 3.00)
[Drone drone] Target position: (5.36, 10.00, 3.00)
[Drone drone] Target position: (5.34, 10.00, 3.00)
[Drone drone] Target position: (5.32, 10.00, 3.00)
[Drone drone] Target position: (5.30, 10.00, 3.00)
[Drone drone] Target position: (5.28, 10.00, 3.00)
[Drone drone] Target position: (5.26, 10.00, 3.00)
[Drone drone] Target position: (5.24, 10.00, 3.00)
[Drone drone] Target position: (5.22, 10.00, 3.00)
[Drone drone] Target position: (5.20, 10.00, 3.00)
[Drone drone] Target position: (5.18, 10.00, 3.00)
[Drone drone] Target position: (5.16, 10.00, 3.00)
[Drone drone] Target position: (5.14, 10.00, 3.00)
[Drone drone] Target position: (5.12, 10.00, 3.00)
[Drone drone] Target position: (5.10, 10.00, 3.00)
[Drone drone] Target position: (5.08, 10.00, 3.00)
[Drone drone] Target position: (5.06, 10.00, 3.00)
[Drone drone] Target position: (5.04, 10.00, 3.00)
[Drone drone] Target position: (5.02, 10.00, 3.00)
[Drone drone] Target position: (5.00, 10.00, 3.00)
[Drone drone] Target position: (4.98, 10.00, 3.00)
[Drone drone] Target position: (4.96, 10.00, 3.00)
[Drone drone] Target position: (4.94, 10.00, 3.00)
[Drone drone] Target position: (4.92, 10.00, 3.00)
[Drone drone] Target position: (4.90, 10.00, 3.00)
[Drone drone] Target position: (4.88, 10.00, 3.00)
[Drone drone] Target position: (4.86, 10.00, 3.00)
[Drone drone] Target position: (4.84, 10.00, 3.00)
[Drone drone] Target position: (4.82, 10.00, 3.00)
[Drone drone] Target position: (4.80, 10.00, 3.00)
[Drone drone] Target position: (4.78, 10.00, 3.00)
[Drone drone] Target position: (4.76, 10.00, 3.00)
[Drone drone] Target position: (4.74, 10.00, 3.00)
[Drone drone] Target position: (4.72, 10.00, 3.00)
[Drone drone] Target position: (4.70, 10.00, 3.00)
[Drone drone] Target position: (4.68, 10.00, 3.00)
[Drone drone] Target position: (4.66, 10.00, 3.00)
[Drone drone] Target position: (4.64, 10.00, 3.00)
[Drone drone] Target position: (4.62, 10.00, 3.00)
[Drone drone] Target position: (4.60, 10.00, 3.00)
[Drone drone] Target position: (4.58, 10.00, 3.00)
[Drone drone] Target position: (4.56, 10.00, 3.00)
[Drone drone] Target position: (4.54, 10.00, 3.00)
[Drone drone] Target position: (4.52, 10.00, 3.00)
[Drone drone] Target position: (4.50, 10.00, 3.00)
[Drone drone] Target position: (4.48, 10.00, 3.00)
[Drone drone] Target position: (4.46, 10.00, 3.00)
[Drone drone] Target position: (4.44, 10.00, 3.00)
[Drone drone] Target position: (4.42, 10.00, 3.00)
[Drone drone] Target position: (4.40, 10.00, 3.00)
[Drone drone] Target position: (4.38, 10.00, 3.00)
[Drone drone] Target position: (4.36, 10.00, 3.00)
[Drone drone] Target position: (4.34, 10.00, 3.00)
[Drone drone] Target position: (4.32, 10.00, 3.00)
[Drone drone] Target position: (4.30, 10.00, 3.00)
[Drone drone] Target position: (4.28, 10.00, 3.00)
[Drone drone] Target position: (4.26, 10.00, 3.00)
[Drone drone] Target position: (4.24, 10.00, 3.00)
[Drone drone] Target position: (4.22, 10.00, 3.00)
[Drone drone] Target position: (4.20, 10.00, 3.00)
[Drone drone] Target position: (4.18, 10.00, 3.00)
[Drone drone] Target position: (4.16, 10.00, 3.00)
[Drone drone] Target position: (4.14, 10.00, 3.00)
[Drone drone] Target position: (4.12, 10.00, 3.00)
[Drone drone] Target position: (4.10, 10.00, 3.00)
[Drone drone] Target position: (4.08, 10.00, 3.00)
[Drone drone] Target position: (4.06, 10.00, 3.00)
[Drone drone] Target position: (4.04, 10.00, 3.00)
[Drone drone] Target position: (4.02, 10.00, 3.00)
[Drone drone] Target position: (4.00, 10.00, 3.00)
[Drone drone] Target position: (3.98, 10.00, 3.00)
[Drone drone] Target position: (3.96, 10.00, 3.00)
[Drone drone] Target position: (3.94, 10.00, 3.00)
[Drone drone] Target position: (3.92, 10.00, 3.00)
[Drone drone] Target position: (3.90, 10.00, 3.00)
[Drone drone] Target position: (3.88, 10.00, 3.00)
[Drone drone] Target position: (3.86, 10.00, 3.00)
[Drone drone] Target position: (3.84, 10.00, 3.00)
[Drone drone] Target position: (3.82, 10.00, 3.00)
[Drone drone] Target position: (3.80, 10.00, 3.00)
[Drone drone] Target position: (3.78, 10.00, 3.00)
[Drone drone] Target position: (3.76, 10.00, 3.00)
[Drone drone] Target position: (3.74, 10.00, 3.00)
[Drone drone] Target position: (3.72, 10.00, 3.00)
[Drone drone] Target position: (3.70, 10.00, 3.00)
[Drone drone] Target position: (3.68, 10.00, 3.00)
[Drone drone] Target position: (3.66, 10.00, 3.00)
[Drone drone] Target position: (3.64, 10.00, 3.00)
[Drone drone] Target position: (3.62, 10.00, 3.00)
[Drone drone] Target position: (3.60, 10.00, 3.00)
[Drone drone] Target position: (3.58, 10.00, 3.00)
[Drone drone] Target position: (3.56, 10.00, 3.00)
[Drone drone] Target position: (3.54, 10.00, 3.00)
[Drone drone] Target position: (3.52, 10.00, 3.00)
[Drone drone] Target position: (3.50, 10.00, 3.00)
[Drone drone] Target position: (3.48, 10.00, 3.00)
[Drone drone] Target position: (3.46, 10.00, 3.00)
[Drone drone] Target position: (3.44, 10.00, 3.00)
[Drone drone] Target position: (3.42, 10.00, 3.00)
[Drone drone] Target position: (3.40, 10.00, 3.00)
[Drone drone] Target position: (3.38, 10.00, 3.00)
[Drone drone] Target position: (3.36, 10.00, 3.00)
[Drone drone] Target position: (3.34, 10.00, 3.00)
[Drone drone] Target position: (3.32, 10.00, 3.00)
[Drone drone] Target position: (3.30, 10.00, 3.00)
[Drone drone] Target position: (3.28, 10.00, 3.00)
[Drone drone] Target position: (3.26, 10.00, 3.00)
[Drone drone] Target position: (3.24, 10.00, 3.00)
[Drone drone] Target position: (3.22, 10.00, 3.00)
[Drone drone] Target position: (3.20, 10.00, 3.00)
[Drone drone] Target position: (3.18, 10.00, 3.00)
[Drone drone] Target position: (3.16, 10.00, 3.00)
[Drone drone] Target position: (3.14, 10.00, 3.00)
[Drone drone] Target position: (3.12, 10.00, 3.00)
[Drone drone] Target position: (3.10, 10.00, 3.00)
[Drone drone] Target position: (3.08, 10.00, 3.00)
[Drone drone] Target position: (3.06, 10.00, 3.00)
[Drone drone] Target position: (3.04, 10.00, 3.00)
[Drone drone] Target position: (3.02, 10.00, 3.00)
[Drone drone] Target position: (3.00, 10.00, 3.00)
[Drone drone] Target position: (2.98, 10.00, 3.00)
[Drone drone] Target position: (2.96, 10.00, 3.00)
[Drone drone] Target position: (2.94, 10.00, 3.00)
[Drone drone] Target position: (2.92, 10.00, 3.00)
[Drone drone] Target position: (2.90, 10.00, 3.00)
[Drone drone] Target position: (2.88, 10.00, 3.00)
[Drone drone] Target position: (2.86, 10.00, 3.00)
[Drone drone] Target position: (2.84, 10.00, 3.00)
[Drone drone] Target position: (2.82, 10.00, 3.00)
[Drone drone] Target position: (2.80, 10.00, 3.00)
[Drone drone] Target position: (2.78, 10.00, 3.00)
[Drone drone] Target position: (2.76, 10.00, 3.00)
[Drone drone] Target position: (2.74, 10.00, 3.00)
[Drone drone] Target position: (2.72, 10.00, 3.00)
[Drone drone] Target position: (2.70, 10.00, 3.00)
[Drone drone] Target position: (2.68, 10.00, 3.00)
[Drone drone] Target position: (2.66, 10.00, 3.00)
[Drone drone] Target position: (2.64, 10.00, 3.00)
[Drone drone] Target position: (2.62, 10.00, 3.00)
[Drone drone] Target position: (2.60, 10.00, 3.00)
[Drone drone] Target position: (2.58, 10.00, 3.00)
[Drone drone] Target position: (2.56, 10.00, 3.00)
[Drone drone] Target position: (2.54, 10.00, 3.00)
[Drone drone] Target position: (2.52, 10.00, 3.00)
[Drone drone] Target position: (2.50, 10.00, 3.00)
[Drone drone] Target position: (2.48, 10.00, 3.00)
[Drone drone] Target position: (2.46, 10.00, 3.00)
[Drone drone] Target position: (2.44, 10.00, 3.00)
[Drone drone] Target position: (2.42, 10.00, 3.00)
[Drone drone] Target position: (2.40, 10.00, 3.00)
[Drone drone] Target position: (2.38, 10.00, 3.00)
[Drone drone] Target position: (2.36, 10.00, 3.00)
[Drone drone] Target position: (2.34, 10.00, 3.00)
[Drone drone] Target position: (2.32, 10.00, 3.00)
[Drone drone] Target position: (2.30, 10.00, 3.00)
[Drone drone] Target position: (2.28, 10.00, 3.00)
[Drone drone] Target position: (2.26, 10.00, 3.00)
[Drone drone] Target position: (2.24, 10.00, 3.00)
[Drone drone] Target position: (2.22, 10.00, 3.00)
[Drone drone] Target position: (2.20, 10.00, 3.00)
[Drone drone] Target position: (2.18, 10.00, 3.00)
[Drone drone] Target position: (2.16, 10.00, 3.00)
[Drone drone] Target position: (2.14, 10.00, 3.00)
[Drone drone] Target position: (2.12, 10.00, 3.00)
[Drone drone] Target position: (2.10, 10.00, 3.00)
[Drone drone] Target position: (2.08, 10.00, 3.00)
[Drone drone] Target position: (2.06, 10.00, 3.00)
[Drone drone] Target position: (2.04, 10.00, 3.00)
[Drone drone] Target position: (2.02, 10.00, 3.00)
[Drone drone] Target position: (2.00, 10.00, 3.00)
[Drone drone] Target position: (1.98, 10.00, 3.00)
[Drone drone] Target position: (1.96, 10.00, 3.00)
[Drone drone] Target position: (1.94, 10.00, 3.00)
[Drone drone] Target position: (1.92, 10.00, 3.00)
[Drone drone] Target position: (1.90, 10.00, 3.00)
[Drone drone] Target position: (1.88, 10.00, 3.00)
[Drone drone] Target position: (1.86, 10.00, 3.00)
[Drone drone] Target position: (1.84, 10.00, 3.00)
[Drone drone] Target position: (1.82, 10.00, 3.00)
[Drone drone] Target position: (1.80, 10.00, 3.00)
[Drone drone] Target position: (1.78, 10.00, 3.00)
[Drone drone] Target position: (1.76, 10.00, 3.00)
[Drone drone] Target position: (1.74, 10.00, 3.00)
[Drone drone] Target position: (1.72, 10.00, 3.00)
[Drone drone] Target position: (1.70, 10.00, 3.00)
[Drone drone] Target position: (1.68, 10.00, 3.00)
[Drone drone] Target position: (1.66, 10.00, 3.00)
[Drone drone] Target position: (1.64, 10.00, 3.00)
[Drone drone] Target position: (1.62, 10.00, 3.00)
[Drone drone] Target position: (1.60, 10.00, 3.00)
[Drone drone] Target position: (1.58, 10.00, 3.00)
[Drone drone] Target position: (1.56, 10.00, 3.00)
[Drone drone] Target position: (1.54, 10.00, 3.00)
[Drone drone] Target position: (1.52, 10.00, 3.00)
[Drone drone] Target position: (1.50, 10.00, 3.00)
[Drone drone] Target position: (1.48, 10.00, 3.00)
[Drone drone] Target position: (1.46, 10.00, 3.00)
[Drone drone] Target position: (1.44, 10.00, 3.00)
[Drone drone] Target position: (1.42, 10.00, 3.00)
[Drone drone] Target position: (1.40, 10.00, 3.00)
[Drone drone] Target position: (1.38, 10.00, 3.00)
[Drone drone] Target position: (1.36, 10.00, 3.00)
[Drone drone] Target position: (1.34, 10.00, 3.00)
[Drone drone] Target position: (1.32, 10.00, 3.00)
[Drone drone] Target position: (1.30, 10.00, 3.00)
[Drone drone] Target position: (1.28, 10.00, 3.00)
[Drone drone] Target position: (1.26, 10.00, 3.00)
[Drone drone] Target position: (1.24, 10.00, 3.00)
[Drone drone] Target position: (1.22, 10.00, 3.00)
[Drone drone] Target position: (1.20, 10.00, 3.00)
[Drone drone] Target position: (1.18, 10.00, 3.00)
[Drone drone] Target position: (1.16, 10.00, 3.00)
[Drone drone] Target position: (1.14, 10.00, 3.00)
[Drone drone] Target position: (1.12, 10.00, 3.00)
[Drone drone] Target position: (1.10, 10.00, 3.00)
[Drone drone] Target position: (1.08, 10.00, 3.00)
[Drone drone] Target position: (1.06, 10.00, 3.00)
[Drone drone] Target position: (1.04, 10.00, 3.00)
[Drone drone] Target position: (1.02, 10.00, 3.00)
[Drone drone] Target position: (1.00, 10.00, 3.00)
[Drone drone] Target position: (0.98, 10.00, 3.00)
[Drone drone] Target position: (0.96, 10.00, 3.00)
[Drone drone] Target position: (0.94, 10.00, 3.00)
[Drone drone] Target position: (0.92, 10.00, 3.00)
[Drone drone] Target position: (0.90, 10.00, 3.00)
[Drone drone] Target position: (0.88, 10.00, 3.00)
[Drone drone] Target position: (0.86, 10.00, 3.00)
[Drone drone] Target position: (0.84, 10.00, 3.00)
[Drone drone] Target position: (0.82, 10.00, 3.00)
[Drone drone] Target position: (0.80, 10.00, 3.00)
[Drone drone] Target position: (0.78, 10.00, 3.00)
[Drone drone] Target position: (0.76, 10.00, 3.00)
[Drone drone] Target position: (0.74, 10.00, 3.00)
[Drone drone] Target position: (0.72, 10.00, 3.00)
[Drone drone] Target position: (0.70, 10.00, 3.00)
[Drone drone] Target position: (0.68, 10.00, 3.00)
[Drone drone] Target position: (0.66, 10.00, 3.00)
[Drone drone] Target position: (0.64, 10.00, 3.00)
[Drone drone] Target position: (0.62, 10.00, 3.00)
[Drone drone] Target position: (0.60, 10.00, 3.00)
[Drone drone] Target position: (0.58, 10.00, 3.00)
[Drone drone] Target position: (0.56, 10.00, 3.00)
[Drone drone] Target position: (0.54, 10.00, 3.00)
[Drone drone] Target position: (0.52, 10.00, 3.00)
[Drone drone] Target position: (0.50, 10.00, 3.00)
[Drone drone] Target position: (0.48, 10.00, 3.00)
[Drone drone] Target position: (0.46, 10.00, 3.00)
[Drone drone] Target position: (0.44, 10.00, 3.00)
[Drone drone] Target position: (0.42, 10.00, 3.00)
[Drone drone] Target position: (0.40, 10.00, 3.00)
[Drone drone] Target position: (0.38, 10.00, 3.00)
[Drone drone] Target position: (0.36, 10.00, 3.00)
[Drone drone] Target position: (0.34, 10.00, 3.00)
[Drone drone] Target position: (0.32, 10.00, 3.00)
[Drone drone] Target position: (0.30, 10.00, 3.00)
[Drone drone] Target position: (0.28, 10.00, 3.00)
[Drone drone] Target position: (0.26, 10.00, 3.00)
[Drone drone] Target position: (0.24, 10.00, 3.00)
[Drone drone] Target position: (0.22, 10.00, 3.00)
[Drone drone] Target position: (0.20, 10.00, 3.00)
[Drone drone] Target position: (0.18, 10.00, 3.00)
[Drone drone] Target position: (0.16, 10.00, 3.00)
[Drone drone] Target position: (0.14, 10.00, 3.00)
[Drone drone] Target position: (0.12, 10.00, 3.00)
[Drone drone] Target position: (0.10, 10.00, 3.00)
[Drone drone] Target position: (0.08, 10.00, 3.00)
[Drone drone] Target position: (0.06, 10.00, 3.00)
[Drone drone] Target position: (0.04, 10.00, 3.00)
[Drone drone] Target position: (0.02, 10.00, 3.00)
[Drone drone] Target position: (0.00, 10.00, 3.00)
[ROS2 SERVICE] /drone/land called
[Drone drone] Mode: POSITION → LANDING
[ROS2 SERVICE] /drone/land success: Mode set to LANDING
[Drone drone] Mode: LANDING → DISARMED
[Drone drone] Landed and disarmed
