========================================
ResQoUnity Simulation Log
========================================
Timestamp:    Fri Feb 20 09:51:22 AM CST 2026
Robot Type:   go2
Robot Amount: 2
Terrain:      flat
Environment:  none
CPU Mode:     ENABLED (hardcoded for testing)
========================================

[INFO][AppLauncher]: Loading experience file: /home/kishi/IsaacLab-0.3.1/source/apps/orbit.python.kit
[Warning] [omni.isaac.kit.simulation_app] Modules: ['omniverse_sim'] were loaded before SimulationApp was started and might not be loaded correctly.
[Warning] [omni.isaac.kit.simulation_app] Please check to make sure no extra omniverse or pxr modules are imported before the call to SimulationApp(...)
Starting kit application with the following args:  ['/home/kishi/.local/share/ov/pkg/isaac-sim-2023.1.1/exts/omni.isaac.kit/omni/isaac/kit/simulation_app.py', '/home/kishi/IsaacLab-0.3.1/source/apps/orbit.python.kit', '--/app/tokens/exe-path=/home/kishi/.local/share/ov/pkg/isaac-sim-2023.1.1/kit', '--/persistent/app/viewport/displayOptions=3094', '--/rtx/materialDb/syncLoads=True', '--/rtx/hydra/materialSyncLoads=True', '--/omni.kit.plugin/syncUsdLoads=True', '--/app/renderer/resolution/width=1280', '--/app/renderer/resolution/height=720', '--/app/window/width=1440', '--/app/window/height=900', '--/renderer/multiGpu/enabled=True', '--/app/fastShutdown=True', '--ext-folder', '/home/kishi/.local/share/ov/pkg/isaac-sim-2023.1.1/exts', '--ext-folder', '/home/kishi/.local/share/ov/pkg/isaac-sim-2023.1.1/apps', '--/physics/cudaDevice=0', '--portable']
Passing the following args to the base kit application:  ['--robot', 'go2', '--robot_amount', '2', '--terrain', 'flat', '--custom_env', 'none', '--cpu']
Loading user config located at: '/home/kishi/.local/share/ov/pkg/isaac-sim-2023.1.1/kit/data/Kit/Isaac-Sim/2023.1/user.config.json'
[Info] [carb] Logging to file: /home/kishi/.local/share/ov/pkg/isaac-sim-2023.1.1/kit/logs/Kit/Isaac-Sim/2023.1/kit_20260220_095122.log
2026-02-20 15:51:22 [0ms] [Warning] [omni.kit.app.plugin] No crash reporter present, dumps uploading isn't available.
2026-02-20 15:51:22 [2ms] [Warning] [omni.ext.plugin] [ext: omni.replicator.core] Extensions config 'extension.toml' doesn't exist '/home/kishi/.local/share/ov/pkg/isaac-sim-2023.1.1/exts/omni.replicator.core' or '/home/kishi/.local/share/ov/pkg/isaac-sim-2023.1.1/exts/omni.replicator.core/config'
[0.034s] [ext: omni.kit.async_engine-0.0.0] startup
[0.233s] [ext: omni.activity.core-1.0.1] startup
[0.235s] [ext: omni.assets.plugins-0.0.0] startup
[0.236s] [ext: omni.stats-0.0.0] startup
[0.237s] [ext: omni.client-1.0.1] startup
[0.243s] [ext: omni.activity.profiler-1.0.2] startup
[0.244s] [ext: omni.gpu_foundation-0.0.0] startup
[0.251s] [ext: omni.rtx.shadercache.vulkan-1.0.0] startup
[0.252s] [ext: carb.windowing.plugins-1.0.0] startup
[0.257s] [ext: omni.kit.renderer.init-0.0.0] startup
2026-02-20 15:51:22 [333ms] [Warning] [gpu.foundation.plugin] Skipping unsupported non-NVIDIA GPU: Intel(R) UHD Graphics 770 (ADL-S GT1)
2026-02-20 15:51:22 [333ms] [Warning] [gpu.foundation.plugin] Skipping unsupported non-NVIDIA GPU: Intel(R) UHD Graphics 770 (ADL-S GT1)

|---------------------------------------------------------------------------------------------|
| Driver Version: 550.163.01    | Graphics API: Vulkan
|=============================================================================================|
| GPU | Name                             | Active | LDA | GPU Memory | Vendor-ID | LUID       |
|     |                                  |        |     |            | Device-ID | UUID       |
|     |                                  |        |     |            | Bus-ID    |            |
|---------------------------------------------------------------------------------------------|
| 0   | NVIDIA GeForce RTX 3080          | Yes: 0 |     | 10486   MB | 10de      | 0          |
|     |                                  |        |     |            | 2216      | 677e3bbe.. |
|     |                                  |        |     |            | 1         |            |
|---------------------------------------------------------------------------------------------|
| 1   | Intel(R) UHD Graphics 770 (ADL.. |        |     | 48010   MB | 8086      | 0          |
|     |                                  |        |     |            | 4680      | 86808046.. |
|     |                                  |        |     |            | 0         |            |
|=============================================================================================|
| OS: 22.04.5 LTS (Jammy Jellyfish) ubuntu, Version: 22.04.5, Kernel: 6.8.0-90-generic
| XServer Vendor: The X.Org Foundation, XServer Version: 12101004 (1.21.1.4)
| Processor: 12th Gen Intel(R) Core(TM) i9-12900K | Cores: 16 | Logical: 32
|---------------------------------------------------------------------------------------------|
| Total Memory (MB): 64013 | Free Memory: 51941
| Total Page/Swap (MB): 2047 | Free Page/Swap: 1212
|---------------------------------------------------------------------------------------------|
2026-02-20 15:51:22 [529ms] [Warning] [gpu.foundation.plugin] IOMMU is enabled. Found 12 items in /sys/kernel/iommu_groups/.
2026-02-20 15:51:22 [529ms] [Warning] [gpu.foundation.plugin] An input-output memory management unit (IOMMU) appears to be enabled on this system.
On bare-metal Linux systems, CUDA and the display driver do not support IOMMU-enabled PCIe peer to peer memory copy.
If you are on a bare-metal Linux system, please disable the IOMMU. Otherwise you risk image corruption and program instability.
This typically can be controlled via BIOS settings (Intel Virtualization Technology for Directed I/O (VT-d) or AMD I/O Virtualization Technology (AMD-Vi)) and kernel parameters (iommu, intel_iommu, amd_iommu).
Note that in virtual machines with GPU pass-through (vGPU) the IOMMU needs to be enabled.
Since we can not reliably detect whether this system is bare-metal or a virtual machine, we show this warning in any case when an IOMMU appears to be enabled.
2026-02-20 15:51:22 [529ms] [Warning] [gpu.foundation.plugin]  
2026-02-20 15:51:22 [529ms] [Warning] [gpu.foundation.plugin] -----------------------------------------------------------------------
2026-02-20 15:51:22 [529ms] [Warning] [gpu.foundation.plugin] !!!!! Local system validation failed! Incorrect configuration detected.
2026-02-20 15:51:22 [529ms] [Warning] [gpu.foundation.plugin]       Summary below. Details above.
2026-02-20 15:51:22 [529ms] [Warning] [gpu.foundation.plugin] -----------------------------------------------------------------------
2026-02-20 15:51:22 [529ms] [Warning] [gpu.foundation.plugin]  
2026-02-20 15:51:22 [529ms] [Warning] [gpu.foundation.plugin]  - ECC:                         OK
2026-02-20 15:51:22 [529ms] [Warning] [gpu.foundation.plugin]  - IOMMU:                       FAILED
2026-02-20 15:51:22 [529ms] [Warning] [gpu.foundation.plugin]  
2026-02-20 15:51:22 [529ms] [Warning] [gpu.foundation.plugin] -----------------------------------------------------------------------
[0.651s] [ext: omni.kit.pipapi-0.0.0] startup
[0.652s] [ext: omni.kit.pip_archive-0.0.0] startup
[0.653s] [ext: omni.pip.compute-1.2.0] startup
[0.653s] [ext: omni.pip.torch-2_0_1-2.0.2] startup
[0.680s] [ext: omni.pip.cloud-1.0.1] startup
[0.683s] [ext: omni.isaac.core_archive-2.2.1] startup
[0.683s] [ext: omni.isaac.ml_archive-1.1.3] startup
[0.683s] [ext: omni.kit.loop-isaac-1.1.0] startup
[0.683s] [ext: omni.kit.test-0.0.0] startup
[0.684s] [ext: omni.kit.telemetry-0.5.0] startup
[0.700s] [ext: omni.mtlx-0.1.0] startup
[0.700s] [ext: omni.usd.config-1.0.3] startup
[0.703s] [ext: omni.gpucompute.plugins-0.0.0] startup
[0.703s] [ext: omni.usd.libs-1.0.0] startup
[0.763s] [ext: omni.appwindow-1.1.5] startup
[1.016s] [ext: omni.kit.renderer.core-0.0.0] startup
[1.604s] [ext: omni.kit.renderer.capture-0.0.0] startup
[1.606s] [ext: omni.kit.renderer.imgui-0.0.0] startup
[1.648s] [ext: carb.audio-0.1.0] startup
[1.650s] [ext: omni.ui-2.18.5] startup
[1.657s] [ext: omni.uiaudio-1.0.0] startup
[1.657s] [ext: omni.kit.mainwindow-1.0.1] startup
[1.658s] [ext: omni.kit.uiapp-0.0.0] startup
[1.658s] [ext: omni.usd.schema.physics-0.0.0] startup
[1.733s] [ext: omni.usd.schema.omniscripting-1.0.0] startup
[1.738s] [ext: omni.usd.schema.scene.visualization-2.0.2] startup
[1.739s] [ext: omni.usd.schema.anim-0.0.0] startup
[1.753s] [ext: omni.usd.schema.geospatial-0.0.0] startup
[1.755s] [ext: omni.usd.schema.forcefield-0.0.0] startup
[1.758s] [ext: omni.usd.schema.physx-0.0.0] startup
[1.775s] [ext: omni.usd.schema.semantics-0.0.0] startup
[1.777s] [ext: omni.usd.schema.audio-0.0.0] startup
[1.779s] [ext: omni.usd.schema.isaac-2.0.1] startup
[1.784s] [ext: omni.usd.schema.omnigraph-1.0.0] startup
[1.788s] [ext: omni.usd_resolver-1.0.1] startup
[1.791s] [ext: omni.resourcemonitor-105.0.0] startup
[1.792s] [ext: omni.usd.core-1.1.8] startup
[1.795s] [ext: omni.graph.exec-0.3.0] startup
[1.796s] [ext: omni.timeline-1.0.9] startup
[1.797s] [ext: omni.kit.actions.core-1.0.0] startup
[1.798s] [ext: omni.kit.window.popup_dialog-2.0.23] startup
[1.801s] [ext: omni.hydra.usdrt_delegate-7.2.34] startup
[1.810s] [ext: omni.hydra.scene_delegate-0.3.2] startup
[1.816s] [ext: omni.kit.commands-1.4.6] startup
[1.818s] [ext: omni.kit.widget.nucleus_connector-1.1.4] startup
[1.819s] [ext: omni.kit.exec.core-0.5.0] startup
[1.821s] [ext: omni.kit.audiodeviceenum-1.0.1] startup
[1.821s] [ext: omni.kit.collaboration.telemetry-1.0.0] startup
[1.822s] [ext: omni.usd-1.10.18] startup
[1.860s] [ext: omni.kit.collaboration.channel_manager-1.0.11] startup
[1.861s] [ext: omni.kit.usd.layers-2.1.27] startup
[1.867s] [ext: omni.kit.menu.utils-1.5.6] startup
[1.873s] [ext: omni.iray.libs-0.0.0] startup
[1.876s] [ext: omni.kit.primitive.mesh-1.0.15] startup
[1.878s] [ext: omni.mdl.neuraylib-0.2.0] startup
[1.879s] [ext: omni.kit.stage_templates-1.1.20] startup
[1.880s] [ext: omni.mdl-0.2.1] startup
[1.891s] [ext: omni.kit.viewport.registry-104.0.5] startup
[1.892s] [ext: omni.kit.widget.nucleus_info-1.0.2] startup
[1.892s] [ext: omni.kit.helper.file_utils-0.1.6] startup
[1.911s] [ext: omni.kit.search_core-1.0.5] startup
[1.911s] [ext: omni.kit.widget.filebrowser-2.3.35] startup
[1.914s] [ext: omni.kit.widget.path_field-2.0.8] startup
[1.915s] [ext: omni.kit.notification_manager-1.0.6] startup
[1.915s] [ext: omni.kit.widget.browser_bar-2.0.9] startup
[1.916s] [ext: omni.ui.scene-1.7.0] startup
[1.919s] [ext: omni.inspect-1.0.1] startup
[1.920s] [ext: omni.kit.widget.search_delegate-1.0.4] startup
[1.921s] [ext: omni.kit.widget.versioning-1.4.6] startup
[1.922s] [ext: omni.hydra.engine.stats-1.0.1] startup
[1.925s] [ext: omni.graph.tools-1.41.3] startup
[1.935s] [ext: omni.graph.core-2.139.12] startup
[1.938s] [ext: omni.kit.clipboard-1.0.3] startup
[1.939s] [ext: omni.volume-0.4.0] startup
[1.940s] [ext: omni.kit.window.filepicker-2.10.13] startup
[1.946s] [ext: omni.hydra.rtx-0.1.0] startup
[1.953s] [ext: omni.hydra.pxr-1.1.6] startup
[1.957s] [ext: omni.kit.window.file_importer-1.0.22] startup
[1.958s] [ext: omni.kit.hydra_texture-1.1.12] startup
[1.962s] [ext: omni.kit.viewport.legacy_gizmos-1.0.14] startup
[1.965s] [ext: omni.kit.window.file_exporter-1.0.22] startup
[1.965s] [ext: omni.kit.window.drop_support-1.0.1] startup
[1.966s] [ext: omni.kit.widget.viewport-105.1.7] startup
[1.969s] [ext: omni.kit.material.library-1.3.41] startup
[1.972s] [ext: omni.kit.window.file-1.3.44] startup
[1.973s] [ext: omni.kit.viewport.window-105.1.12] startup
[1.983s] [ext: omni.command.usd-1.0.2] startup
[1.983s] [ext: omni.kit.viewport.utility-1.0.16] startup
[1.983s] [ext: omni.kit.selection-0.1.3] startup
[1.984s] [ext: usdrt.scenegraph-7.2.34] startup
[2.012s] [ext: omni.kit.usd_undo-0.1.2] startup
[2.012s] [ext: omni.kit.menu.edit-1.1.14] startup
[2.013s] [ext: omni.graph-1.106.1] startup
[2.096s] [ext: omni.kit.menu.file-1.1.7] startup
[2.099s] [ext: omni.isaac.kit-1.4.7] startup
[2.100s] [ext: omni.graph.action-1.55.1] startup
[2.139s] [ext: omni.kvdb-0.0.0] startup
[2.141s] [ext: omni.kit.collaboration.presence_layer-1.0.8] startup
[2.143s] [ext: omni.localcache-0.0.0] startup
[2.144s] [ext: omni.kit.widget.options_menu-1.0.5] startup
[2.145s] [ext: omni.physx.foundation-105.1.12-5.1] startup
[2.146s] [ext: omni.kit.menu.create-1.0.11] startup
[2.147s] [ext: omni.usdphysics-105.1.12-5.1] startup
[2.150s] [ext: omni.convexdecomposition-105.1.12-5.1] startup
[2.155s] [ext: omni.kit.widget.filter-1.1.2] startup
[2.156s] [ext: omni.kit.hotkeys.core-1.3.0] startup
[2.158s] [ext: omni.kit.context_menu-1.6.8] startup
[2.161s] [ext: omni.physx.cooking-105.1.12-5.1] startup
[2.167s] [ext: omni.kit.window.content_browser_registry-0.0.1] startup
[2.168s] [ext: omni.kit.widget.stage-2.9.6] startup
[2.174s] [ext: omni.kit.widget.stage_icons-1.0.4] startup
[2.175s] [ext: omni.physics.tensors-0.1.0] startup
[2.180s] [ext: omni.physx-105.1.12-5.1] startup
2026-02-20 15:51:24 [2,175ms] [Warning] [omni.stageupdate.plugin] Deprecated: direct use of IStageUpdate callbacks is deprecated. Use IStageUpdate::getStageUpdate instead.
[2.191s] [ext: omni.kit.window.content_browser-2.7.17] startup
[2.199s] [ext: omni.kit.numpy.common-0.1.2] startup
[2.201s] [ext: omni.kit.window.stage-2.4.4] startup
[2.204s] [ext: omni.warp.core-1.0.0-beta.2] startup
Warp 1.0.0-beta.2 initialized:
   CUDA Toolkit: 11.5, Driver: 12.4
   Devices:
     "cpu"    | x86_64
     "cuda:0" | NVIDIA GeForce RTX 3080 (sm_86)
   Kernel cache: /home/kishi/.cache/warp/1.0.0-beta.2
[2.289s] [ext: omni.physx.tensors-0.1.0] startup
[2.296s] [ext: omni.isaac.version-1.0.3] startup
[2.298s] [ext: omni.isaac.dynamic_control-1.2.6] startup
[2.306s] [ext: omni.kit.menu.stage-1.2.3] startup
[2.308s] [ext: omni.isaac.core-3.3.2] startup
[3.029s] [ext: omni.kit.widget.highlight_label-1.0.1] startup
[3.030s] [ext: omni.kit.widget.searchable_combobox-1.0.5] startup
[3.031s] [ext: omni.kit.widget.searchfield-1.1.3] startup
[3.032s] [ext: omni.kit.widget.graph-1.8.4] startup
[3.035s] [ext: omni.ui_query-1.1.1] startup
[3.036s] [ext: omni.kit.manipulator.viewport-104.0.9] startup
[3.037s] [ext: omni.kit.widget.settings-1.0.6] startup
[3.039s] [ext: omni.kit.window.property-1.9.6] startup
[3.041s] [ext: omni.kit.window.extensions-1.3.0] startup
[3.044s] [ext: omni.kit.ui_test-1.2.13] startup
[3.046s] [ext: omni.graph.visualization.nodes-2.1.1] startup
[3.055s] [ext: omni.kit.profiler.window-2.1.2] startup
/home/kishi/.local/share/ov/pkg/isaac-sim-2023.1.1/exts/omni.isaac.core_archive/pip_prebundle/gunicorn/util.py:25: UserWarning: pkg_resources is deprecated as an API. See https://setuptools.pypa.io/en/latest/pkg_resources.html. The pkg_resources package is slated for removal as early as 2025-11-30. Refrain from using this package or pin to Setuptools<81.
  import pkg_resources
2026-02-20 15:51:25 [3,155ms] [Warning] [omni.kit.profiler.window] remove _SpanInstance.__lt__ and use insort 'key' arg instead
[3.172s] [ext: omni.isaac.ui-0.13.5] startup
[3.178s] [ext: omni.kit.window.preferences-1.3.23] startup
[3.181s] [ext: omni.kit.widget.prompt-1.0.6] startup
[3.182s] [ext: omni.isaac.utils-0.6.0] startup
[3.190s] [ext: omni.kit.widget.live_session_management-1.2.22] startup
[3.193s] [ext: omni.isaac.cloner-0.7.2] startup
[3.194s] [ext: omni.kit.widget.layers-1.6.32] startup
[3.202s] [ext: omni.kit.raycast.query-1.0.1] startup
[3.209s] [ext: omni.kit.widget.toolbar-1.5.6] startup
[3.214s] [ext: omni.kit.manipulator.transform-104.6.15] startup
[3.216s] [ext: omni.kit.widget.spinner-1.0.6] startup
[3.217s] [ext: omni.kit.window.cursor-1.1.2] startup
[3.218s] [ext: omni.kit.manipulator.tool.snap-1.4.2] startup
[3.223s] [ext: omni.kit.manipulator.selector-1.0.1] startup
[3.224s] [ext: omni.kit.viewport.menubar.core-105.0.19] startup
[3.233s] [ext: omni.kit.viewport.actions-105.1.6] startup
[3.237s] [ext: omni.kit.manipulator.prim-105.0.11] startup
[3.241s] [ext: omni.kit.viewport.menubar.camera-105.1.9] startup
[3.245s] [ext: omni.kit.viewport.menubar.display-105.1.0] startup
[3.247s] [ext: omni.kit.viewport.menubar.render-105.1.1] startup
[3.249s] [ext: omni.kit.viewport.menubar.settings-105.0.9] startup
[3.252s] [ext: omni.kit.manipulator.selection-104.0.8] startup
[3.253s] [ext: omni.kit.manipulator.camera-105.0.4] startup
[3.255s] [ext: omni.rtx.window.settings-0.6.9] startup
[3.260s] [ext: semantics.schema.editor-0.3.4] startup
[3.262s] [ext: omni.kit.viewport.bundle-104.0.1] startup
[3.262s] [ext: omni.hydra.pxr.settings-1.0.5] startup
[3.263s] [ext: omni.activity.pump-1.0.0] startup
[3.264s] [ext: omni.kit.property.layer-1.1.5] startup
[3.266s] [ext: omni.kit.property.usd-3.21.15] startup
[3.273s] [ext: omni.kit.viewport.menubar.lighting-105.0.7] startup
[3.276s] [ext: omni.kit.viewport.pxr-104.0.1] startup
[3.276s] [ext: omni.kit.viewport.ready-1.0.5] startup
[3.277s] [ext: omni.kit.viewport.rtx-104.0.0] startup
[3.277s] [ext: omni.kit.property.audio-1.0.9] startup
[3.280s] [ext: omni.kit.widget.live-2.1.6] startup
[3.282s] [ext: omni.debugdraw-0.1.2] startup
[3.286s] [ext: omni.kit.property.camera-1.0.5] startup
[3.288s] [ext: omni.kit.property.light-1.0.8] startup
[3.289s] [ext: omni.kit.property.geometry-1.2.11] startup
[3.292s] [ext: omni.kit.widget.cache_indicator-2.0.8] startup
[3.294s] [ext: omni.usdphysics.ui-105.1.12-5.1] startup
2026-02-20 15:51:25 [3,280ms] [Warning] [omni.kit.widget.cache_indicator.cache_state_menu] Unable to detect Omniverse Cache Server. File /home/kishi/.nvidia-omniverse/config/omniverse.toml is not found. Consider installing it for better IO performance.
[3.319s] [ext: omni.physx.commands-105.1.12-5.1] startup
[3.322s] [ext: omni.kit.property.skel-1.0.4] startup
[3.324s] [ext: omni.kit.property.render-1.1.1] startup
[3.328s] [ext: omni.kit.window.commands-0.2.4] startup
[3.329s] [ext: omni.physx.ui-105.1.12-5.1] startup
[3.352s] [ext: omni.hydra.scene_api-0.1.2] startup
[3.359s] [ext: usdrt.gf-1.0.2] startup
[3.359s] [ext: omni.kit.widget.text_editor-1.0.2] startup
[3.360s] [ext: omni.kit.property.material-1.8.36] startup
[3.363s] [ext: omni.kit.property.transform-1.3.10] startup
[3.366s] [ext: omni.physx.demos-105.1.12-5.1] startup
[3.369s] [ext: omni.kit.property.physx-0.1.0] startup
[3.415s] [ext: omni.kit.property.bundle-1.2.9] startup
[3.417s] [ext: omni.kit.actions.window-1.1.0] startup
[3.419s] [ext: omni.kit.window.console-0.2.10] startup
[3.428s] [ext: omni.kit.window.script_editor-1.7.4] startup
[3.430s] [ext: omni.physx.camera-105.1.12-5.1] startup
[3.436s] [ext: omni.kit.property.isaac-0.2.2] startup
[3.438s] [ext: omni.kit.hotkeys.window-1.4.1] startup
[3.450s] [ext: omni.isaac.debug_draw-0.6.1] startup
2026-02-20 15:51:25 [3,440ms] [Warning] [omni.stageupdate.plugin] Deprecated: direct use of IStageUpdate callbacks is deprecated. Use IStageUpdate::getStageUpdate instead.
2026-02-20 15:51:25 [3,440ms] [Warning] [omni.stageupdate.plugin] Deprecated: direct use of IStageUpdate callbacks is deprecated. Use IStageUpdate::getStageUpdate instead.
[3.457s] [ext: omni.physx.graph-105.1.12-5.1] startup
[3.467s] [ext: omni.kit.window.toolbar-1.5.4] startup
[3.469s] [ext: omni.kit.widget.zoombar-1.0.5] startup
[3.470s] [ext: omni.physx.cct-105.1.12-5.1] startup
[3.480s] [ext: omni.physx.vehicle-105.1.12-5.1] startup
[3.490s] [ext: omni.physx.supportui-105.1.12-5.1] startup
[3.502s] [ext: omni.kit.browser.core-2.3.10] startup
[3.505s] [ext: omni.kit.window.status_bar-0.1.6] startup
[3.509s] [ext: omni.kit.window.title-1.1.3] startup
[3.510s] [ext: omni.physx.bundle-105.1.12-5.1] startup
[3.510s] [ext: omni.kit.browser.folder.core-1.9.7] startup
[3.513s] [ext: omni.kit.graph.delegate.default-1.1.1] startup
[3.514s] [ext: omni.graph.image.core-0.1.0] startup
[3.515s] [ext: omni.graph.nodes-1.106.3] startup
[3.647s] [ext: omni.kit.browser.sample-1.4.6] startup
[3.650s] [ext: omni.kit.widget.material_preview-1.0.8] startup
[3.651s] [ext: omni.kit.graph.usd.commands-1.3.0] startup
[3.652s] [ext: omni.kit.graph.editor.core-1.5.1] startup
[3.654s] [ext: omni.kit.renderer.cuda_interop-1.0.1] startup
[3.656s] [ext: omni.syntheticdata-0.4.10] startup
[3.678s] [ext: omni.warp-1.0.0-beta.2] startup
[3.728s] [ext: omni.kit.window.material_graph-1.8.11] startup
[3.740s] [ext: omni.graph.scriptnode-1.1.6] startup
[3.745s] [ext: omni.kit.stage_column.payload-1.0.12] startup
[3.746s] [ext: omni.kit.livestream.core-2.3.0] startup
[3.748s] [ext: omni.kit.streamsdk.plugins-2.5.2] startup
[3.748s] [ext: omni.replicator.core-1.10.20] startup
2026-02-20 15:51:26 [3,750ms] [Warning] [omni.replicator.core.scripts.annotators] Annotator PostProcessDispatch is already registered, overwriting annotator template
[3.908s] [ext: semantics.schema.property-1.0.2] startup
[3.910s] [ext: omni.rtx.settings.core-0.5.13] startup
[3.914s] [ext: omni.kit.stage_column.variant-1.0.13] startup
[3.915s] [ext: omni.kit.menu.common-1.1.4] startup
[3.917s] [ext: omni.kit.livestream.native-2.4.0] startup

Active user not found. Using default user [kiosk]Streaming server started.
[9.257s] [ext: omni.kit.window.stats-0.1.4] startup
[9.259s] [ext: orbit.python-2023.1.1] startup
[9.260s] Simulation App Starting
2026-02-20 15:51:31 [9,263ms] [Warning] [omni.kit.widget.settings.settings_model] a value for setting /rtx/ecoMode/enabled has been requested but is not available
2026-02-20 15:51:31 [9,263ms] [Warning] [omni.kit.widget.settings.settings_model] a value for setting /rtx/directLighting/enabled has been requested but is not available
2026-02-20 15:51:31 [9,263ms] [Warning] [omni.kit.widget.settings.settings_model] a value for setting /rtx/reflections/enabled has been requested but is not available
2026-02-20 15:51:31 [9,263ms] [Warning] [omni.kit.widget.settings.settings_model] a value for setting /rtx/translucency/enabled has been requested but is not available
2026-02-20 15:51:31 [9,264ms] [Warning] [omni.kit.widget.settings.settings_model] a value for setting /rtx/raytracing/subsurface/enabled has been requested but is not available
2026-02-20 15:51:31 [9,264ms] [Warning] [omni.kit.widget.settings.settings_model] a value for setting /rtx/caustics/enabled has been requested but is not available
2026-02-20 15:51:32 [10,337ms] [Warning] [omni.kit.hotkeys.core.registry] [Hotkey] duplicated action as SPACE (On Press) with omni.kit.widget.toolbar.omni.kit.widget.toolbar::toolbar::play!
2026-02-20 15:51:32 [10,337ms] [Warning] [omni.kit.hotkeys.core.registry] [Hotkey] Cannot register Global [omni.kit.widget.toolbar] omni.kit.widget.toolbar::toolbar::play.SPACE, error code: Duplicated action definition
[11.074s] app ready
2026-02-20 15:51:33 [11,280ms] [Warning] [omni.kit.hotkeys.core.registry] [Hotkey] duplicated action as SPACE (On Press) with omni.kit.widget.toolbar.omni.kit.widget.toolbar::toolbar::play!
2026-02-20 15:51:33 [11,280ms] [Warning] [omni.kit.hotkeys.core.registry] [Hotkey] Cannot register Global [omni.kit.widget.toolbar] omni.kit.widget.toolbar::toolbar::play.SPACE, error code: Duplicated action definition
[11.419s] RTX ready
[11.638s] Simulation App Startup Complete
[11.688s] [ext: omni.kit.stagerecorder.core-105.0.4] startup
[11.701s] [ext: omni.sensors.nv.materials-1000.0.0-isaacsim.2023.1.1] startup
[11.702s] [ext: omni.sensors.nv.common-1000.0.0-isaacsim.2023.1.1] startup
[11.724s] [ext: omni.sensors.nv.wpm-1000.0.0-isaacsim.2023.1.1] startup
[11.725s] [ext: omni.isaac.core_nodes-1.7.1] startup
[11.748s] [ext: omni.isaac.range_sensor-2.0.2] startup
[11.875s] [ext: omni.sensors.nv.lidar-1000.0.1-isaacsim.2023.1.1] startup
[11.879s] [ext: omni.sensors.nv.radar-1000.0.0-isaacsim.2023.1.1] startup
[11.883s] [ext: omni.isaac.sensor-9.11.1] startup
[12.150s] [ext: omni.isaac.ros2_bridge-2.5.1] startup
[12.175s] Attempting to load system rclpy
[12.197s] rclpy loaded
================================================================================
SIMULATION LOG - 2026-02-20 09:51:35
Log file: /home/kishi/ResQoUnity/logs/simulation/drone_sim_20260220_095135.log
================================================================================

[INFO] CPU physics mode enabled - GPU PhysX disabled
[INFO] Creating environment: Isaac-Velocity-Rough-Unitree-Go2-v0
[INFO] Robot: go2, Amount: 2, Terrain: flat
[13.341s] [ext: omni.physx.fabric-105.1.12-5.1] startup
[INFO]: Base environment:
	Environment device    : cpu
	Physics step-size     : 0.005
	Rendering step-size   : 0.005
	Environment step-size : 0.02
	Physics GPU pipeline  : True
	Physics GPU simulation: True
[INFO]: Time taken for scene creation : 0.269619 seconds
[INFO]: Scene manager:  <class InteractiveScene>
	Number of environments: 2
	Environment spacing   : 2.5
	Source prim name      : /World/envs/env_0
	Global prim paths     : ['/World/ground']
	Replicate physics     : True
[INFO]: Starting the simulation. This may take a few seconds. Please wait...
2026-02-20 15:51:35 [13,695ms] [Warning] [omni.fabric.plugin] No source has valid data array=0x29bc4a80 usdValid=0 cpuValid=0
2026-02-20 15:51:36 [14,239ms] [Warning] [omni.hydra.scene_delegate.plugin] Calling getBypassRenderSkelMeshProcessing for prim /World/envs/env_0/Robot/FR_foot/visuals.proto_mesh_0_id0 that has not been populated
2026-02-20 15:51:36 [14,240ms] [Warning] [omni.hydra] Mesh '/World/envs/env_0/Robot/RR_calf/visuals.proto_mesh_0_id0' has corrupted data in primvar 'st_1': buffer size 19536 doesn't match expected size 25806 in faceVarying primvars
2026-02-20 15:51:36 [14,240ms] [Warning] [omni.hydra] Mesh '/World/envs/env_0/Robot/RR_calf/visuals.proto_mesh_0_id0' has corrupted data in primvar 'st': buffer size 6270 doesn't match expected size 25806 in faceVarying primvars
2026-02-20 15:51:36 [14,240ms] [Warning] [omni.hydra] Mesh '/World/envs/env_0/Robot/FR_calf/visuals.proto_mesh_0_id0' has corrupted data in primvar 'st_1': buffer size 19536 doesn't match expected size 25806 in faceVarying primvars
2026-02-20 15:51:36 [14,240ms] [Warning] [omni.hydra] Mesh '/World/envs/env_0/Robot/FR_calf/visuals.proto_mesh_0_id0' has corrupted data in primvar 'st': buffer size 6270 doesn't match expected size 25806 in faceVarying primvars
2026-02-20 15:51:36 [14,240ms] [Warning] [omni.hydra] Mesh '/World/envs/env_0/Robot/RL_thigh/visuals.proto_mesh_0_id0' has corrupted data in primvar 'st_1': buffer size 55278 doesn't match expected size 90402 in faceVarying primvars
2026-02-20 15:51:36 [14,240ms] [Warning] [omni.hydra] Mesh '/World/envs/env_0/Robot/RL_thigh/visuals.proto_mesh_0_id0' has corrupted data in primvar 'st': buffer size 35124 doesn't match expected size 90402 in faceVarying primvars
2026-02-20 15:51:36 [14,241ms] [Warning] [omni.hydra] Mesh '/World/envs/env_0/Robot/RR_hip/visuals.proto_mesh_0_id0' has corrupted data in primvar 'st_1': buffer size 54198 doesn't match expected size 111120 in faceVarying primvars
2026-02-20 15:51:36 [14,241ms] [Warning] [omni.hydra] Mesh '/World/envs/env_0/Robot/RR_hip/visuals.proto_mesh_0_id0' has corrupted data in primvar 'st': buffer size 56922 doesn't match expected size 111120 in faceVarying primvars
2026-02-20 15:51:36 [14,240ms] [Warning] [omni.hydra] Mesh '/World/envs/env_0/Robot/RL_calf/visuals.proto_mesh_0_id0' has corrupted data in primvar 'st_1': buffer size 19536 doesn't match expected size 25806 in faceVarying primvars
2026-02-20 15:51:36 [14,240ms] [Warning] [omni.hydra] Mesh '/World/envs/env_0/Robot/FL_calf/visuals.proto_mesh_0_id0' has corrupted data in primvar 'st_1': buffer size 19536 doesn't match expected size 25806 in faceVarying primvars
2026-02-20 15:51:36 [14,241ms] [Warning] [omni.hydra] Mesh '/World/envs/env_0/Robot/FL_calf/visuals.proto_mesh_0_id0' has corrupted data in primvar 'st': buffer size 6270 doesn't match expected size 25806 in faceVarying primvars
2026-02-20 15:51:36 [14,241ms] [Warning] [omni.hydra] Mesh '/World/envs/env_0/Robot/FL_thigh/visuals.proto_mesh_0_id0' has corrupted data in primvar 'st_1': buffer size 55278 doesn't match expected size 90402 in faceVarying primvars
2026-02-20 15:51:36 [14,241ms] [Warning] [omni.hydra] Mesh '/World/envs/env_0/Robot/RL_calf/visuals.proto_mesh_0_id0' has corrupted data in primvar 'st': buffer size 6270 doesn't match expected size 25806 in faceVarying primvars
2026-02-20 15:51:36 [14,241ms] [Warning] [omni.hydra] Mesh '/World/envs/env_0/Robot/RL_hip/visuals.proto_mesh_0_id0' has corrupted data in primvar 'st_1': buffer size 54198 doesn't match expected size 111120 in faceVarying primvars
2026-02-20 15:51:36 [14,241ms] [Warning] [omni.hydra] Mesh '/World/envs/env_0/Robot/FL_thigh/visuals.proto_mesh_0_id0' has corrupted data in primvar 'st': buffer size 35124 doesn't match expected size 90402 in faceVarying primvars
2026-02-20 15:51:36 [14,241ms] [Warning] [omni.hydra] Mesh '/World/envs/env_0/Robot/RL_hip/visuals.proto_mesh_0_id0' has corrupted data in primvar 'st': buffer size 56922 doesn't match expected size 111120 in faceVarying primvars
2026-02-20 15:51:36 [14,241ms] [Warning] [omni.hydra] Mesh '/World/envs/env_0/Robot/base/visuals.proto_mesh_0_id0' has corrupted data in primvar 'st_4': buffer size 30390 doesn't match expected size 233784 in faceVarying primvars
2026-02-20 15:51:36 [14,241ms] [Warning] [omni.hydra] Mesh '/World/envs/env_0/Robot/FR_thigh/visuals.proto_mesh_0_id0' has corrupted data in primvar 'st_1': buffer size 55254 doesn't match expected size 90378 in faceVarying primvars
2026-02-20 15:51:36 [14,241ms] [Warning] [omni.hydra] Mesh '/World/envs/env_0/Robot/base/visuals.proto_mesh_0_id0' has corrupted data in primvar 'st_3': buffer size 11886 doesn't match expected size 233784 in faceVarying primvars
2026-02-20 15:51:36 [14,241ms] [Warning] [omni.hydra] Mesh '/World/envs/env_0/Robot/base/visuals.proto_mesh_0_id0' has corrupted data in primvar 'st_2': buffer size 6015 doesn't match expected size 233784 in faceVarying primvars
2026-02-20 15:51:36 [14,241ms] [Warning] [omni.hydra] Mesh '/World/envs/env_0/Robot/base/visuals.proto_mesh_0_id0' has corrupted data in primvar 'st_1': buffer size 6960 doesn't match expected size 233784 in faceVarying primvars
2026-02-20 15:51:36 [14,241ms] [Warning] [omni.hydra] Mesh '/World/envs/env_0/Robot/FR_thigh/visuals.proto_mesh_0_id0' has corrupted data in primvar 'st': buffer size 35124 doesn't match expected size 90378 in faceVarying primvars
2026-02-20 15:51:36 [14,241ms] [Warning] [omni.hydra] Mesh '/World/envs/env_0/Robot/base/visuals.proto_mesh_0_id0' has corrupted data in primvar 'st': buffer size 178533 doesn't match expected size 233784 in faceVarying primvars
2026-02-20 15:51:36 [14,241ms] [Warning] [omni.hydra] Mesh '/World/envs/env_0/Robot/RR_thigh/visuals.proto_mesh_0_id0' has corrupted data in primvar 'st_1': buffer size 55254 doesn't match expected size 90378 in faceVarying primvars
2026-02-20 15:51:36 [14,241ms] [Warning] [omni.hydra] Mesh '/World/envs/env_0/Robot/RR_thigh/visuals.proto_mesh_0_id0' has corrupted data in primvar 'st': buffer size 35124 doesn't match expected size 90378 in faceVarying primvars
2026-02-20 15:51:36 [14,241ms] [Warning] [omni.hydra] Mesh '/World/envs/env_0/Robot/FL_hip/visuals.proto_mesh_0_id0' has corrupted data in primvar 'st_1': buffer size 54198 doesn't match expected size 111120 in faceVarying primvars
2026-02-20 15:51:36 [14,241ms] [Warning] [omni.hydra] Mesh '/World/envs/env_0/Robot/FL_hip/visuals.proto_mesh_0_id0' has corrupted data in primvar 'st': buffer size 56922 doesn't match expected size 111120 in faceVarying primvars
2026-02-20 15:51:36 [14,241ms] [Warning] [omni.hydra] Mesh '/World/envs/env_0/Robot/FR_hip/visuals.proto_mesh_0_id0' has corrupted data in primvar 'st_1': buffer size 54198 doesn't match expected size 111120 in faceVarying primvars
2026-02-20 15:51:36 [14,241ms] [Warning] [omni.hydra] Mesh '/World/envs/env_0/Robot/FR_hip/visuals.proto_mesh_0_id0' has corrupted data in primvar 'st': buffer size 56922 doesn't match expected size 111120 in faceVarying primvars
2026-02-20 15:51:36 [14,406ms] [Warning] [omni.timeline.plugin] Deprecated: direct use of ITimeline callbacks is deprecated. Use ITimeline::getTimeline (Python: omni.timeline.get_timeline_interface) instead.
2026-02-20 15:51:36 [14,408ms] [Warning] [omni.timeline.plugin] Deprecated: direct use of ITimeline callbacks is deprecated. Use ITimeline::getTimeline (Python: omni.timeline.get_timeline_interface) instead.
[INFO]: Time taken for simulation start : 0.817229 seconds
[INFO] Command Manager:  <CommandManager> contains 1 active terms.
+------------------------------------------------+
|              Active Command Terms              |
+-------+---------------+------------------------+
| Index | Name          |          Type          |
+-------+---------------+------------------------+
|   0   | base_velocity | UniformVelocityCommand |
+-------+---------------+------------------------+

[INFO] Action Manager:  <ActionManager> contains 1 active terms.
+------------------------------------+
|  Active Action Terms (shape: 12)   |
+--------+-------------+-------------+
| Index  | Name        |   Dimension |
+--------+-------------+-------------+
|   0    | joint_pos   |          12 |
+--------+-------------+-------------+

Module omni.isaac.orbit.utils.warp.kernels load on device 'cpu' took 1.66 ms
[INFO] Observation Manager: <ObservationManager> contains 1 groups.
+----------------------------------------------------------+
| Active Observation Terms in Group: 'policy' (shape: (235,)) |
+-----------+--------------------------------+-------------+
|   Index   | Name                           |    Shape    |
+-----------+--------------------------------+-------------+
|     0     | base_lin_vel                   |     (3,)    |
|     1     | base_ang_vel                   |     (3,)    |
|     2     | projected_gravity              |     (3,)    |
|     3     | velocity_commands              |     (3,)    |
|     4     | joint_pos                      |    (12,)    |
|     5     | joint_vel                      |    (12,)    |
|     6     | actions                        |    (12,)    |
|     7     | height_scan                    |    (187,)   |
+-----------+--------------------------------+-------------+

[INFO] Event Manager:  <EventManager> contains 1 active terms.
+--------------------------------------+
| Active Event Terms in Mode: 'startup' |
+----------+---------------------------+
|  Index   | Name                      |
+----------+---------------------------+
|    0     | physics_material          |
+----------+---------------------------+

[INFO] Termination Manager:  <TerminationManager> contains 2 active terms.
+---------------------------------+
|     Active Termination Terms    |
+-------+--------------+----------+
| Index | Name         | Time Out |
+-------+--------------+----------+
|   0   | time_out     |   True   |
|   1   | base_contact |  False   |
+-------+--------------+----------+

[INFO] Reward Manager:  <RewardManager> contains 10 active terms.
+-----------------------------------------+
|           Active Reward Terms           |
+-------+----------------------+----------+
| Index | Name                 |   Weight |
+-------+----------------------+----------+
|   0   | track_lin_vel_xy_exp |      1.5 |
|   1   | track_ang_vel_z_exp  |     0.75 |
|   2   | lin_vel_z_l2         |     -2.0 |
|   3   | ang_vel_xy_l2        |    -0.05 |
|   4   | dof_torques_l2       |  -0.0002 |
|   5   | dof_acc_l2           | -2.5e-07 |
|   6   | action_rate_l2       |    -0.01 |
|   7   | feet_air_time        |     0.01 |
|   8   | flat_orientation_l2  |      0.0 |
|   9   | dof_pos_limits       |      0.0 |
+-------+----------------------+----------+

[INFO] Curriculum Manager:  <CurriculumManager> contains 0 active terms.
+----------------------+
| Active Curriculum Terms |
+-----------+----------+
|   Index   | Name     |
+-----------+----------+
+-----------+----------+

Creating window for environment.
[INFO]: Completed setting up the environment...
[INFO] Environment created successfully!
[INFO] ========================================
[INFO] PHYSICS MODE: CPU (GPU PhysX DISABLED)
[INFO] Direct pose manipulation is ALLOWED
[INFO] ========================================
[INFO] Environment wrapped for RSL-RL
[INFO] Loading experiment from directory: /home/kishi/ResQoUnity/logs/rsl_rl/unitree_go2_rough
[INFO]: Loading model checkpoint from: /home/kishi/ResQoUnity/logs/rsl_rl/unitree_go2_rough/2024-04-06_02-37-07/model_7850.pt
/tmp/rsl_rl/rsl_rl/utils/utils.py:326: UserWarning: The observation configuration dictionary 'obs_groups' must contain the 'critic' key. As the configuration for 'critic' is missing, the observations from the 'policy' set are used. Consider adding the 'critic' key to the 'obs_groups' dictionary for clarity. This behavior will be removed in a future version.
  warnings.warn(
--------------------------------------------------------------------------------
Resolved observation sets: 
	 policy :  ['policy']
	 critic :  ['policy']
--------------------------------------------------------------------------------
Actor MLP: MLP(
  (0): Linear(in_features=235, out_features=512, bias=True)
  (1): ELU(alpha=1.0)
  (2): Linear(in_features=512, out_features=256, bias=True)
  (3): ELU(alpha=1.0)
  (4): Linear(in_features=256, out_features=128, bias=True)
  (5): ELU(alpha=1.0)
  (6): Linear(in_features=128, out_features=12, bias=True)
)
Critic MLP: MLP(
  (0): Linear(in_features=235, out_features=512, bias=True)
  (1): ELU(alpha=1.0)
  (2): Linear(in_features=512, out_features=256, bias=True)
  (3): ELU(alpha=1.0)
  (4): Linear(in_features=256, out_features=128, bias=True)
  (5): ELU(alpha=1.0)
  (6): Linear(in_features=128, out_features=1, bias=True)
)
[INFO]: Checkpoint loaded successfully
[INFO] Resetting environment and getting initial observations...
[INFO] Environment reset complete, starting simulation loop...
[INFO] Spawning world-level drone alongside environment robots...
[INFO] Spawning drone at /World/Drone (inside env for physics stepping)
[INFO] Drone USD loaded at /World/Drone
[INFO] Drone spawned at position (0.0, 0.0, 2.5)
[INFO] ArticulationView will be initialized after first physics step
[Drone drone] Mode: DISARMED → IDLE

================================================================================
DRONE DEBUG LOGGER INITIALIZED FOR world_drone
================================================================================

[INFO] Drone controller initialized in ARMED mode (auto-armed)
[INFO] Mode set to IDLE - will switch to LOITER after spawn
[INFO] Debug logger enabled - verbose output active
[INFO] Drone bottom camera initialized
[INFO] Drone ROS2 publishers initialized on /drone namespace
[INFO] Adding /drone namespace ROS2 interface
[INFO] Drone topics created: cmd_vel, cmd_position, cmd_altitude
[INFO] Drone services created:
  - /drone/arm: True
  - /drone/takeoff: True
  - /drone/land: True
  - /drone/emergency_stop: True
[INFO] Drone control interface ready on /drone namespace
[INFO] Setting up viewport camera...
[INFO] Camera positioned to view robot
[INFO] Robot(s) should now be visible in the viewport!
[INFO] Use these controls to navigate:
  - Press 'F' to focus on robot
  - Mouse wheel: Zoom in/out
  - Middle mouse: Pan camera
  - Alt+Left mouse: Orbit view
  - WASD keys: Move robot (forward/back/left/right)
  - Q/E keys: Rotate left/right
2026-02-20 15:51:37 [15,565ms] [Warning] [rtx.rtxsensor.plugin] Using User-specified coordinate frame quaternion (0.000000, 0.000000, 0.000000, 1.000000) in RTXSensor
[INFO] Initializing ArticulationView after physics step...
[INFO] Drone mass set to: 0.5 kg (Crazyflie scaled estimate)
[INFO] Using Hybrid Physics-Velocity Control (GPU PhysX compatible)
[INFO] Forces → Acceleration → Velocity integration (F=ma)
[INFO] LOITER target set to spawn position: (0.00, 0.00, 2.50)
[SAFETY] World drone initialized:
  Current pos: (0.000, 0.000, 2.498)
  Target pos:  (0.000, 0.000, 2.498)
  Mode: IDLE, Armed: True
[INIT] Drone spawned at position: (0.000, 0.000, 2.498)
[INIT] Initial velocity: (0.000, 0.000, -0.196)
[INIT] Initial mode: IDLE
[INIT] Ready for control


********************************************************************************
[ARM EVENT] Drone ARMED
********************************************************************************

[INFO] ArticulationView ready - found 1 drone(s)
[DEBUG] ArticulationView prim paths: ['/World/Drone']
[DEBUG] Controller initialized at position: (0.00, 0.00, 2.50)
[DEBUG] Drone has 4 DOFs: ['m1_joint', 'm2_joint', 'm3_joint', 'm4_joint']
[DEBUG] Prim at /World/Drone exists: True
[DEBUG] Found root body (fallback) at: /World/Drone/body
[DEBUG] Found articulation root at: /World/Drone
[Drone drone] Mode: IDLE → LOITER
[INFO] World drone switched to LOITER at position (0.00, 0.00, 2.50)
/home/kishi/.local/share/ov/pkg/isaac-sim-2023.1.1/kit/python/lib/python3.10/site-packages/gymnasium/core.py:297: UserWarning: [33mWARN: env.scene to get variables from other wrappers is deprecated and will be removed in v1.0, to get this variable you can do `env.unwrapped.scene` for environment variables or `env.get_attr('scene')` that will search the reminding wrappers.[0m
  logger.warn(
[INFO] LiDAR publishing to /robot0/point_cloud2 (ROS_DOMAIN_ID=0)
2026-02-20 15:51:38 [15,898ms] [Warning] [omni.isaac.sensor.plugin] IsaacComputeRTXLidarFlatScan: lowest elevation emitter is 0.350000, not 0.
[ROS2 SERVICE] /drone/arm called with data=True
[ROS2 SERVICE] Waiting for lock...
[ROS2 SERVICE] Lock acquired

********************************************************************************
[ARM EVENT] Drone ARMED
********************************************************************************

[Drone drone] Target position: (0.00, 0.00, 1.50)
[Drone drone] Mode: LOITER → POSITION
[SAFETY] Takeoff service executed:
  Mode: POSITION
  Target: (0.000, 0.000, 1.500)
  Current: (0.000, 0.000, 2.497)
[Drone drone] Target position: (0.05, 0.00, 3.00)
[Drone drone] Target position: (0.10, 0.00, 3.00)
[Drone drone] Target position: (0.15, 0.00, 3.00)
[Drone drone] Target position: (0.20, 0.00, 3.00)
[Drone drone] Target position: (0.25, 0.00, 3.00)
[Drone drone] Target position: (0.30, 0.00, 3.00)
[Drone drone] Target position: (0.35, 0.00, 3.00)
[Drone drone] Target position: (0.40, 0.00, 3.00)
[Drone drone] Target position: (0.45, 0.00, 3.00)
[Drone drone] Target position: (0.50, 0.00, 3.00)
[Drone drone] Target position: (0.55, 0.00, 3.00)
[Drone drone] Target position: (0.60, 0.00, 3.00)
[Drone drone] Target position: (0.65, 0.00, 3.00)
[Drone drone] Target position: (0.70, 0.00, 3.00)
[Drone drone] Target position: (0.75, 0.00, 3.00)
[Drone drone] Target position: (0.80, 0.00, 3.00)
[Drone drone] Target position: (0.85, 0.00, 3.00)
[Drone drone] Target position: (0.90, 0.00, 3.00)
[Drone drone] Target position: (0.95, 0.00, 3.00)
[Drone drone] Target position: (1.00, 0.00, 3.00)
[Drone drone] Target position: (1.05, 0.00, 3.00)
[Drone drone] Target position: (1.10, 0.00, 3.00)
[Drone drone] Target position: (1.15, 0.00, 3.00)
[Drone drone] Target position: (1.20, 0.00, 3.00)
[Drone drone] Target position: (1.25, 0.00, 3.00)
[Drone drone] Target position: (1.30, 0.00, 3.00)
[Drone drone] Target position: (1.35, 0.00, 3.00)
[Drone drone] Target position: (1.40, 0.00, 3.00)
[Drone drone] Target position: (1.45, 0.00, 3.00)
[Drone drone] Target position: (1.50, 0.00, 3.00)
[Drone drone] Target position: (1.55, 0.00, 3.00)
[Drone drone] Target position: (1.60, 0.00, 3.00)
[Drone drone] Target position: (1.65, 0.00, 3.00)
[Drone drone] Target position: (1.70, 0.00, 3.00)
[Drone drone] Target position: (1.75, 0.00, 3.00)
[Drone drone] Target position: (1.80, 0.00, 3.00)
[Drone drone] Target position: (1.85, 0.00, 3.00)
[Drone drone] Target position: (1.90, 0.00, 3.00)
[Drone drone] Target position: (1.95, 0.00, 3.00)
[Drone drone] Target position: (2.00, 0.00, 3.00)
[Drone drone] Target position: (2.05, 0.00, 3.00)
[Drone drone] Target position: (2.10, 0.00, 3.00)
[Drone drone] Target position: (2.15, 0.00, 3.00)
[Drone drone] Target position: (2.20, 0.00, 3.00)
[Drone drone] Target position: (2.25, 0.00, 3.00)
[Drone drone] Target position: (2.30, 0.00, 3.00)
[Drone drone] Target position: (2.35, 0.00, 3.00)
[Drone drone] Target position: (2.40, 0.00, 3.00)
[Drone drone] Target position: (2.45, 0.00, 3.00)
[Drone drone] Target position: (2.50, 0.00, 3.00)
[Drone drone] Target position: (2.55, 0.00, 3.00)
[Drone drone] Target position: (2.60, 0.00, 3.00)
[Drone drone] Target position: (2.65, 0.00, 3.00)
[Drone drone] Target position: (2.70, 0.00, 3.00)
[Drone drone] Target position: (2.75, 0.00, 3.00)
[Drone drone] Target position: (2.80, 0.00, 3.00)
[Drone drone] Target position: (2.85, 0.00, 3.00)
[Drone drone] Target position: (2.90, 0.00, 3.00)
[Drone drone] Target position: (2.95, 0.00, 3.00)
[Drone drone] Target position: (3.00, 0.00, 3.00)
[Drone drone] Target position: (3.05, 0.00, 3.00)
[Drone drone] Target position: (3.10, 0.00, 3.00)
[Drone drone] Target position: (3.15, 0.00, 3.00)
[Drone drone] Target position: (3.20, 0.00, 3.00)
[Drone drone] Target position: (3.25, 0.00, 3.00)
[Drone drone] Target position: (3.30, 0.00, 3.00)
[Drone drone] Target position: (3.35, 0.00, 3.00)
[Drone drone] Target position: (3.40, 0.00, 3.00)
[Drone drone] Target position: (3.45, 0.00, 3.00)
[Drone drone] Target position: (3.50, 0.00, 3.00)
[Drone drone] Target position: (3.55, 0.00, 3.00)
[Drone drone] Target position: (3.60, 0.00, 3.00)
[Drone drone] Target position: (3.65, 0.00, 3.00)
[Drone drone] Target position: (3.70, 0.00, 3.00)
[Drone drone] Target position: (3.75, 0.00, 3.00)
[Drone drone] Target position: (3.80, 0.00, 3.00)
[Drone drone] Target position: (3.85, 0.00, 3.00)
[Drone drone] Target position: (3.90, 0.00, 3.00)
[Drone drone] Target position: (3.95, 0.00, 3.00)
[Drone drone] Target position: (4.00, 0.00, 3.00)
[Drone drone] Target position: (4.05, 0.00, 3.00)
[Drone drone] Target position: (4.10, 0.00, 3.00)
[Drone drone] Target position: (4.15, 0.00, 3.00)
[Drone drone] Target position: (4.20, 0.00, 3.00)
[Drone drone] Target position: (4.25, 0.00, 3.00)
[Drone drone] Target position: (4.30, 0.00, 3.00)
[Drone drone] Target position: (4.35, 0.00, 3.00)
[Drone drone] Target position: (4.40, 0.00, 3.00)
[Drone drone] Target position: (4.45, 0.00, 3.00)
[Drone drone] Target position: (4.50, 0.00, 3.00)
[Drone drone] Target position: (4.55, 0.00, 3.00)
[Drone drone] Target position: (4.60, 0.00, 3.00)
[Drone drone] Target position: (4.65, 0.00, 3.00)
[Drone drone] Target position: (4.70, 0.00, 3.00)
[Drone drone] Target position: (4.75, 0.00, 3.00)
[Drone drone] Target position: (4.80, 0.00, 3.00)
[Drone drone] Target position: (4.85, 0.00, 3.00)
[Drone drone] Target position: (4.90, 0.00, 3.00)
[Drone drone] Target position: (4.95, 0.00, 3.00)
[Drone drone] Target position: (5.00, 0.00, 3.00)
[Drone drone] Target position: (5.05, 0.00, 3.00)
[Drone drone] Target position: (5.10, 0.00, 3.00)
[Drone drone] Target position: (5.15, 0.00, 3.00)
[Drone drone] Target position: (5.20, 0.00, 3.00)
[Drone drone] Target position: (5.25, 0.00, 3.00)
[Drone drone] Target position: (5.30, 0.00, 3.00)
[Drone drone] Target position: (5.35, 0.00, 3.00)
[Drone drone] Target position: (5.40, 0.00, 3.00)
[Drone drone] Target position: (5.45, 0.00, 3.00)
[Drone drone] Target position: (5.50, 0.00, 3.00)
[Drone drone] Target position: (5.55, 0.00, 3.00)
[Drone drone] Target position: (5.60, 0.00, 3.00)
[Drone drone] Target position: (5.65, 0.00, 3.00)
[Drone drone] Target position: (5.70, 0.00, 3.00)
[Drone drone] Target position: (5.75, 0.00, 3.00)
[Drone drone] Target position: (5.80, 0.00, 3.00)
[Drone drone] Target position: (5.85, 0.00, 3.00)
[Drone drone] Target position: (5.90, 0.00, 3.00)
[Drone drone] Target position: (5.95, 0.00, 3.00)
[Drone drone] Target position: (6.00, 0.00, 3.00)
[Drone drone] Target position: (6.05, 0.00, 3.00)
[Drone drone] Target position: (6.10, 0.00, 3.00)
[Drone drone] Target position: (6.15, 0.00, 3.00)
[Drone drone] Target position: (6.20, 0.00, 3.00)
[Drone drone] Target position: (6.25, 0.00, 3.00)
[Drone drone] Target position: (6.30, 0.00, 3.00)
[Drone drone] Target position: (6.35, 0.00, 3.00)
[Drone drone] Target position: (6.40, 0.00, 3.00)
[Drone drone] Target position: (6.45, 0.00, 3.00)
[Drone drone] Target position: (6.50, 0.00, 3.00)
[Drone drone] Target position: (6.55, 0.00, 3.00)
[Drone drone] Target position: (6.60, 0.00, 3.00)
[Drone drone] Target position: (6.65, 0.00, 3.00)
[Drone drone] Target position: (6.70, 0.00, 3.00)
[Drone drone] Target position: (6.75, 0.00, 3.00)
[Drone drone] Target position: (6.80, 0.00, 3.00)
[Drone drone] Target position: (6.85, 0.00, 3.00)
[Drone drone] Target position: (6.90, 0.00, 3.00)
[Drone drone] Target position: (6.95, 0.00, 3.00)
[Drone drone] Target position: (7.00, 0.00, 3.00)
[Drone drone] Target position: (7.05, 0.00, 3.00)
[Drone drone] Target position: (7.10, 0.00, 3.00)
[Drone drone] Target position: (7.15, 0.00, 3.00)
[Drone drone] Target position: (7.20, 0.00, 3.00)
[Drone drone] Target position: (7.25, 0.00, 3.00)
[Drone drone] Target position: (7.30, 0.00, 3.00)
[Drone drone] Target position: (7.35, 0.00, 3.00)
[Drone drone] Target position: (7.40, 0.00, 3.00)
[Drone drone] Target position: (7.45, 0.00, 3.00)
[Drone drone] Target position: (7.50, 0.00, 3.00)
[Drone drone] Target position: (7.55, 0.00, 3.00)
[Drone drone] Target position: (7.60, 0.00, 3.00)
[Drone drone] Target position: (7.65, 0.00, 3.00)
[Drone drone] Target position: (7.70, 0.00, 3.00)
[Drone drone] Target position: (7.75, 0.00, 3.00)
[Drone drone] Target position: (7.80, 0.00, 3.00)
[Drone drone] Target position: (7.85, 0.00, 3.00)
[Drone drone] Target position: (7.90, 0.00, 3.00)
[Drone drone] Target position: (7.95, 0.00, 3.00)
[Drone drone] Target position: (8.00, 0.00, 3.00)
[Drone drone] Target position: (8.05, 0.00, 3.00)
[Drone drone] Target position: (8.10, 0.00, 3.00)
[Drone drone] Target position: (8.15, 0.00, 3.00)
[Drone drone] Target position: (8.20, 0.00, 3.00)
[Drone drone] Target position: (8.25, 0.00, 3.00)
[Drone drone] Target position: (8.30, 0.00, 3.00)
[Drone drone] Target position: (8.35, 0.00, 3.00)
[Drone drone] Target position: (8.40, 0.00, 3.00)
[Drone drone] Target position: (8.45, 0.00, 3.00)
[Drone drone] Target position: (8.50, 0.00, 3.00)
[Drone drone] Target position: (8.55, 0.00, 3.00)
[Drone drone] Target position: (8.60, 0.00, 3.00)
[Drone drone] Target position: (8.65, 0.00, 3.00)
[Drone drone] Target position: (8.70, 0.00, 3.00)
[Drone drone] Target position: (8.75, 0.00, 3.00)
[Drone drone] Target position: (8.80, 0.00, 3.00)
[Drone drone] Target position: (8.85, 0.00, 3.00)
[Drone drone] Target position: (8.90, 0.00, 3.00)
[Drone drone] Target position: (8.95, 0.00, 3.00)
[Drone drone] Target position: (9.00, 0.00, 3.00)
[Drone drone] Target position: (9.05, 0.00, 3.00)
[Drone drone] Target position: (9.10, 0.00, 3.00)
[Drone drone] Target position: (9.15, 0.00, 3.00)
[Drone drone] Target position: (9.20, 0.00, 3.00)
[Drone drone] Target position: (9.25, 0.00, 3.00)
[Drone drone] Target position: (9.30, 0.00, 3.00)
[Drone drone] Target position: (9.35, 0.00, 3.00)
[Drone drone] Target position: (9.40, 0.00, 3.00)
[Drone drone] Target position: (9.45, 0.00, 3.00)
[Drone drone] Target position: (9.50, 0.00, 3.00)
[Drone drone] Target position: (9.55, 0.00, 3.00)
[Drone drone] Target position: (9.60, 0.00, 3.00)
[Drone drone] Target position: (9.65, 0.00, 3.00)
[Drone drone] Target position: (9.70, 0.00, 3.00)
[Drone drone] Target position: (9.75, 0.00, 3.00)
[Drone drone] Target position: (9.80, 0.00, 3.00)
[Drone drone] Target position: (9.85, 0.00, 3.00)
[Drone drone] Target position: (9.90, 0.00, 3.00)
[Drone drone] Target position: (9.95, 0.00, 3.00)
[Drone drone] Target position: (10.00, 0.00, 3.00)
[Drone drone] Target position: (10.00, 0.05, 3.00)
[Drone drone] Target position: (10.00, 0.10, 3.00)
[Drone drone] Target position: (10.00, 0.15, 3.00)
[Drone drone] Target position: (10.00, 0.20, 3.00)
[Drone drone] Target position: (10.00, 0.25, 3.00)
[Drone drone] Target position: (10.00, 0.30, 3.00)
[Drone drone] Target position: (10.00, 0.35, 3.00)
[Drone drone] Target position: (10.00, 0.40, 3.00)
[Drone drone] Target position: (10.00, 0.45, 3.00)
[Drone drone] Target position: (10.00, 0.50, 3.00)
[Drone drone] Target position: (10.00, 0.55, 3.00)
[Drone drone] Target position: (10.00, 0.60, 3.00)
[Drone drone] Target position: (10.00, 0.65, 3.00)
[Drone drone] Target position: (10.00, 0.70, 3.00)
[Drone drone] Target position: (10.00, 0.75, 3.00)
[Drone drone] Target position: (10.00, 0.80, 3.00)
[Drone drone] Target position: (10.00, 0.85, 3.00)
[Drone drone] Target position: (10.00, 0.90, 3.00)
[Drone drone] Target position: (10.00, 0.95, 3.00)
[Drone drone] Target position: (10.00, 1.00, 3.00)
[Drone drone] Target position: (10.00, 1.05, 3.00)
[Drone drone] Target position: (10.00, 1.10, 3.00)
[Drone drone] Target position: (10.00, 1.15, 3.00)
[Drone drone] Target position: (10.00, 1.20, 3.00)
[Drone drone] Target position: (10.00, 1.25, 3.00)
[Drone drone] Target position: (10.00, 1.30, 3.00)
[Drone drone] Target position: (10.00, 1.35, 3.00)
[Drone drone] Target position: (10.00, 1.40, 3.00)
[Drone drone] Target position: (10.00, 1.45, 3.00)
[Drone drone] Target position: (10.00, 1.50, 3.00)
[Drone drone] Target position: (10.00, 1.55, 3.00)
[Drone drone] Target position: (10.00, 1.60, 3.00)
[Drone drone] Target position: (10.00, 1.65, 3.00)
[Drone drone] Target position: (10.00, 1.70, 3.00)
[Drone drone] Target position: (10.00, 1.75, 3.00)
[Drone drone] Target position: (10.00, 1.80, 3.00)
[Drone drone] Target position: (10.00, 1.85, 3.00)
[Drone drone] Target position: (10.00, 1.90, 3.00)
[Drone drone] Target position: (10.00, 1.95, 3.00)
[Drone drone] Target position: (10.00, 2.00, 3.00)
[Drone drone] Target position: (9.95, 2.00, 3.00)
[Drone drone] Target position: (9.90, 2.00, 3.00)
[Drone drone] Target position: (9.85, 2.00, 3.00)
[Drone drone] Target position: (9.80, 2.00, 3.00)
[Drone drone] Target position: (9.75, 2.00, 3.00)
[Drone drone] Target position: (9.70, 2.00, 3.00)
[Drone drone] Target position: (9.65, 2.00, 3.00)
[Drone drone] Target position: (9.60, 2.00, 3.00)
[Drone drone] Target position: (9.55, 2.00, 3.00)
[Drone drone] Target position: (9.50, 2.00, 3.00)
[Drone drone] Target position: (9.45, 2.00, 3.00)
[Drone drone] Target position: (9.40, 2.00, 3.00)
[Drone drone] Target position: (9.35, 2.00, 3.00)
[Drone drone] Target position: (9.30, 2.00, 3.00)
[Drone drone] Target position: (9.25, 2.00, 3.00)
[Drone drone] Target position: (9.20, 2.00, 3.00)
[Drone drone] Target position: (9.15, 2.00, 3.00)
[Drone drone] Target position: (9.10, 2.00, 3.00)
[Drone drone] Target position: (9.05, 2.00, 3.00)
[Drone drone] Target position: (9.00, 2.00, 3.00)
[Drone drone] Target position: (8.95, 2.00, 3.00)
[Drone drone] Target position: (8.90, 2.00, 3.00)
[Drone drone] Target position: (8.85, 2.00, 3.00)
[Drone drone] Target position: (8.80, 2.00, 3.00)
[Drone drone] Target position: (8.75, 2.00, 3.00)
[Drone drone] Target position: (8.70, 2.00, 3.00)
[Drone drone] Target position: (8.65, 2.00, 3.00)
[Drone drone] Target position: (8.60, 2.00, 3.00)
[Drone drone] Target position: (8.55, 2.00, 3.00)
[Drone drone] Target position: (8.50, 2.00, 3.00)
[Drone drone] Target position: (8.45, 2.00, 3.00)
[Drone drone] Target position: (8.40, 2.00, 3.00)
[Drone drone] Target position: (8.35, 2.00, 3.00)
[Drone drone] Target position: (8.30, 2.00, 3.00)
[Drone drone] Target position: (8.25, 2.00, 3.00)
[Drone drone] Target position: (8.20, 2.00, 3.00)
[Drone drone] Target position: (8.15, 2.00, 3.00)
[Drone drone] Target position: (8.10, 2.00, 3.00)
[Drone drone] Target position: (8.05, 2.00, 3.00)
[Drone drone] Target position: (8.00, 2.00, 3.00)
[Drone drone] Target position: (7.95, 2.00, 3.00)
[Drone drone] Target position: (7.90, 2.00, 3.00)
[Drone drone] Target position: (7.85, 2.00, 3.00)
[Drone drone] Target position: (7.80, 2.00, 3.00)
[Drone drone] Target position: (7.75, 2.00, 3.00)
[Drone drone] Target position: (7.70, 2.00, 3.00)
[Drone drone] Target position: (7.65, 2.00, 3.00)
[Drone drone] Target position: (7.60, 2.00, 3.00)
[Drone drone] Target position: (7.55, 2.00, 3.00)
[Drone drone] Target position: (7.50, 2.00, 3.00)
[Drone drone] Target position: (7.45, 2.00, 3.00)
[Drone drone] Target position: (7.40, 2.00, 3.00)
[Drone drone] Target position: (7.35, 2.00, 3.00)
[Drone drone] Target position: (7.30, 2.00, 3.00)
[Drone drone] Target position: (7.25, 2.00, 3.00)
[Drone drone] Target position: (7.20, 2.00, 3.00)
[Drone drone] Target position: (7.15, 2.00, 3.00)
[Drone drone] Target position: (7.10, 2.00, 3.00)
[Drone drone] Target position: (7.05, 2.00, 3.00)
[Drone drone] Target position: (7.00, 2.00, 3.00)
[Drone drone] Target position: (6.95, 2.00, 3.00)
[Drone drone] Target position: (6.90, 2.00, 3.00)
[Drone drone] Target position: (6.85, 2.00, 3.00)
[Drone drone] Target position: (6.80, 2.00, 3.00)
[Drone drone] Target position: (6.75, 2.00, 3.00)
[Drone drone] Target position: (6.70, 2.00, 3.00)
[Drone drone] Target position: (6.65, 2.00, 3.00)
[Drone drone] Target position: (6.60, 2.00, 3.00)
[Drone drone] Target position: (6.55, 2.00, 3.00)
[Drone drone] Target position: (6.50, 2.00, 3.00)
[Drone drone] Target position: (6.45, 2.00, 3.00)
[Drone drone] Target position: (6.40, 2.00, 3.00)
[Drone drone] Target position: (6.35, 2.00, 3.00)
[Drone drone] Target position: (6.30, 2.00, 3.00)
[Drone drone] Target position: (6.25, 2.00, 3.00)
[Drone drone] Target position: (6.20, 2.00, 3.00)
[Drone drone] Target position: (6.15, 2.00, 3.00)
[Drone drone] Target position: (6.10, 2.00, 3.00)
[Drone drone] Target position: (6.05, 2.00, 3.00)
[Drone drone] Target position: (6.00, 2.00, 3.00)
[Drone drone] Target position: (5.95, 2.00, 3.00)
[Drone drone] Target position: (5.90, 2.00, 3.00)
[Drone drone] Target position: (5.85, 2.00, 3.00)
[Drone drone] Target position: (5.80, 2.00, 3.00)
[Drone drone] Target position: (5.75, 2.00, 3.00)
[Drone drone] Target position: (5.70, 2.00, 3.00)
[Drone drone] Target position: (5.65, 2.00, 3.00)
[Drone drone] Target position: (5.60, 2.00, 3.00)
[Drone drone] Target position: (5.55, 2.00, 3.00)
[Drone drone] Target position: (5.50, 2.00, 3.00)
[Drone drone] Target position: (5.45, 2.00, 3.00)
[Drone drone] Target position: (5.40, 2.00, 3.00)
[Drone drone] Target position: (5.35, 2.00, 3.00)
[Drone drone] Target position: (5.30, 2.00, 3.00)
[Drone drone] Target position: (5.25, 2.00, 3.00)
[Drone drone] Target position: (5.20, 2.00, 3.00)
[Drone drone] Target position: (5.15, 2.00, 3.00)
[Drone drone] Target position: (5.10, 2.00, 3.00)
[Drone drone] Target position: (5.05, 2.00, 3.00)
[Drone drone] Target position: (5.00, 2.00, 3.00)
[Drone drone] Target position: (4.95, 2.00, 3.00)
[Drone drone] Target position: (4.90, 2.00, 3.00)
[Drone drone] Target position: (4.85, 2.00, 3.00)
[Drone drone] Target position: (4.80, 2.00, 3.00)
[Drone drone] Target position: (4.75, 2.00, 3.00)
[Drone drone] Target position: (4.70, 2.00, 3.00)
[Drone drone] Target position: (4.65, 2.00, 3.00)
[Drone drone] Target position: (4.60, 2.00, 3.00)
[Drone drone] Target position: (4.55, 2.00, 3.00)
[Drone drone] Target position: (4.50, 2.00, 3.00)
[Drone drone] Target position: (4.45, 2.00, 3.00)
[Drone drone] Target position: (4.40, 2.00, 3.00)
[Drone drone] Target position: (4.35, 2.00, 3.00)
[Drone drone] Target position: (4.30, 2.00, 3.00)
[Drone drone] Target position: (4.25, 2.00, 3.00)
[Drone drone] Target position: (4.20, 2.00, 3.00)
[Drone drone] Target position: (4.15, 2.00, 3.00)
[Drone drone] Target position: (4.10, 2.00, 3.00)
[Drone drone] Target position: (4.05, 2.00, 3.00)
[Drone drone] Target position: (4.00, 2.00, 3.00)
[Drone drone] Target position: (3.95, 2.00, 3.00)
[Drone drone] Target position: (3.90, 2.00, 3.00)
[Drone drone] Target position: (3.85, 2.00, 3.00)
[Drone drone] Target position: (3.80, 2.00, 3.00)
[Drone drone] Target position: (3.75, 2.00, 3.00)
[Drone drone] Target position: (3.70, 2.00, 3.00)
[Drone drone] Target position: (3.65, 2.00, 3.00)
[Drone drone] Target position: (3.60, 2.00, 3.00)
[Drone drone] Target position: (3.55, 2.00, 3.00)
[Drone drone] Target position: (3.50, 2.00, 3.00)
[Drone drone] Target position: (3.45, 2.00, 3.00)
[Drone drone] Target position: (3.40, 2.00, 3.00)
[Drone drone] Target position: (3.35, 2.00, 3.00)
[Drone drone] Target position: (3.30, 2.00, 3.00)
[Drone drone] Target position: (3.25, 2.00, 3.00)
[Drone drone] Target position: (3.20, 2.00, 3.00)
[Drone drone] Target position: (3.15, 2.00, 3.00)
[Drone drone] Target position: (3.10, 2.00, 3.00)
[Drone drone] Target position: (3.05, 2.00, 3.00)
[Drone drone] Target position: (3.00, 2.00, 3.00)
[Drone drone] Target position: (2.95, 2.00, 3.00)
[Drone drone] Target position: (2.90, 2.00, 3.00)
[Drone drone] Target position: (2.85, 2.00, 3.00)
[Drone drone] Target position: (2.80, 2.00, 3.00)
[Drone drone] Target position: (2.75, 2.00, 3.00)
[Drone drone] Target position: (2.70, 2.00, 3.00)
[Drone drone] Target position: (2.65, 2.00, 3.00)
[Drone drone] Target position: (2.60, 2.00, 3.00)
[Drone drone] Target position: (2.55, 2.00, 3.00)
[Drone drone] Target position: (2.50, 2.00, 3.00)
[Drone drone] Target position: (2.45, 2.00, 3.00)
[Drone drone] Target position: (2.40, 2.00, 3.00)
[Drone drone] Target position: (2.35, 2.00, 3.00)
[Drone drone] Target position: (2.30, 2.00, 3.00)
[Drone drone] Target position: (2.25, 2.00, 3.00)
[Drone drone] Target position: (2.20, 2.00, 3.00)
[Drone drone] Target position: (2.15, 2.00, 3.00)
[Drone drone] Target position: (2.10, 2.00, 3.00)
[Drone drone] Target position: (2.05, 2.00, 3.00)
[Drone drone] Target position: (2.00, 2.00, 3.00)
[Drone drone] Target position: (1.95, 2.00, 3.00)
[Drone drone] Target position: (1.90, 2.00, 3.00)
[Drone drone] Target position: (1.85, 2.00, 3.00)
[Drone drone] Target position: (1.80, 2.00, 3.00)
[Drone drone] Target position: (1.75, 2.00, 3.00)
[Drone drone] Target position: (1.70, 2.00, 3.00)
[Drone drone] Target position: (1.65, 2.00, 3.00)
[Drone drone] Target position: (1.60, 2.00, 3.00)
[Drone drone] Target position: (1.55, 2.00, 3.00)
[Drone drone] Target position: (1.50, 2.00, 3.00)
[Drone drone] Target position: (1.45, 2.00, 3.00)
[Drone drone] Target position: (1.40, 2.00, 3.00)
[Drone drone] Target position: (1.35, 2.00, 3.00)
[Drone drone] Target position: (1.30, 2.00, 3.00)
[Drone drone] Target position: (1.25, 2.00, 3.00)
[Drone drone] Target position: (1.20, 2.00, 3.00)
[Drone drone] Target position: (1.15, 2.00, 3.00)
[Drone drone] Target position: (1.10, 2.00, 3.00)
[Drone drone] Target position: (1.05, 2.00, 3.00)
[Drone drone] Target position: (1.00, 2.00, 3.00)
[Drone drone] Target position: (0.95, 2.00, 3.00)
[Drone drone] Target position: (0.90, 2.00, 3.00)
[Drone drone] Target position: (0.85, 2.00, 3.00)
[Drone drone] Target position: (0.80, 2.00, 3.00)
[Drone drone] Target position: (0.75, 2.00, 3.00)
[Drone drone] Target position: (0.70, 2.00, 3.00)
[Drone drone] Target position: (0.65, 2.00, 3.00)
[Drone drone] Target position: (0.60, 2.00, 3.00)
[Drone drone] Target position: (0.55, 2.00, 3.00)
[Drone drone] Target position: (0.50, 2.00, 3.00)
[Drone drone] Target position: (0.45, 2.00, 3.00)
[Drone drone] Target position: (0.40, 2.00, 3.00)
[Drone drone] Target position: (0.35, 2.00, 3.00)
[Drone drone] Target position: (0.30, 2.00, 3.00)
[Drone drone] Target position: (0.25, 2.00, 3.00)
[Drone drone] Target position: (0.20, 2.00, 3.00)
[Drone drone] Target position: (0.15, 2.00, 3.00)
[Drone drone] Target position: (0.10, 2.00, 3.00)
[Drone drone] Target position: (0.05, 2.00, 3.00)
[Drone drone] Target position: (0.00, 2.00, 3.00)
[Drone drone] Target position: (0.00, 2.05, 3.00)
[Drone drone] Target position: (0.00, 2.10, 3.00)
[Drone drone] Target position: (0.00, 2.15, 3.00)
[Drone drone] Target position: (0.00, 2.20, 3.00)
[Drone drone] Target position: (0.00, 2.25, 3.00)
[Drone drone] Target position: (0.00, 2.30, 3.00)
[Drone drone] Target position: (0.00, 2.35, 3.00)
[Drone drone] Target position: (0.00, 2.40, 3.00)
[Drone drone] Target position: (0.00, 2.45, 3.00)
[Drone drone] Target position: (0.00, 2.50, 3.00)
[Drone drone] Target position: (0.00, 2.55, 3.00)
[Drone drone] Target position: (0.00, 2.60, 3.00)
[Drone drone] Target position: (0.00, 2.65, 3.00)
[Drone drone] Target position: (0.00, 2.70, 3.00)
[Drone drone] Target position: (0.00, 2.75, 3.00)
[Drone drone] Target position: (0.00, 2.80, 3.00)
[Drone drone] Target position: (0.00, 2.85, 3.00)
[Drone drone] Target position: (0.00, 2.90, 3.00)
[Drone drone] Target position: (0.00, 2.95, 3.00)
[Drone drone] Target position: (0.00, 3.00, 3.00)
[Drone drone] Target position: (0.00, 3.05, 3.00)
[Drone drone] Target position: (0.00, 3.10, 3.00)
[Drone drone] Target position: (0.00, 3.15, 3.00)
[Drone drone] Target position: (0.00, 3.20, 3.00)
[Drone drone] Target position: (0.00, 3.25, 3.00)
[Drone drone] Target position: (0.00, 3.30, 3.00)
[Drone drone] Target position: (0.00, 3.35, 3.00)
[Drone drone] Target position: (0.00, 3.40, 3.00)
[Drone drone] Target position: (0.00, 3.45, 3.00)
[Drone drone] Target position: (0.00, 3.50, 3.00)
[Drone drone] Target position: (0.00, 3.55, 3.00)
[Drone drone] Target position: (0.00, 3.60, 3.00)
[Drone drone] Target position: (0.00, 3.65, 3.00)
[Drone drone] Target position: (0.00, 3.70, 3.00)
[Drone drone] Target position: (0.00, 3.75, 3.00)
[Drone drone] Target position: (0.00, 3.80, 3.00)
[Drone drone] Target position: (0.00, 3.85, 3.00)
[Drone drone] Target position: (0.00, 3.90, 3.00)
[Drone drone] Target position: (0.00, 3.95, 3.00)
[Drone drone] Target position: (0.00, 4.00, 3.00)
[Drone drone] Target position: (0.05, 4.00, 3.00)
[Drone drone] Target position: (0.10, 4.00, 3.00)
[Drone drone] Target position: (0.15, 4.00, 3.00)
[Drone drone] Target position: (0.20, 4.00, 3.00)
[Drone drone] Target position: (0.25, 4.00, 3.00)
[Drone drone] Target position: (0.30, 4.00, 3.00)
[Drone drone] Target position: (0.35, 4.00, 3.00)
[Drone drone] Target position: (0.40, 4.00, 3.00)
[Drone drone] Target position: (0.45, 4.00, 3.00)
[Drone drone] Target position: (0.50, 4.00, 3.00)
[Drone drone] Target position: (0.55, 4.00, 3.00)
[Drone drone] Target position: (0.60, 4.00, 3.00)
[Drone drone] Target position: (0.65, 4.00, 3.00)
[Drone drone] Target position: (0.70, 4.00, 3.00)
[Drone drone] Target position: (0.75, 4.00, 3.00)
[Drone drone] Target position: (0.80, 4.00, 3.00)
[Drone drone] Target position: (0.85, 4.00, 3.00)
[Drone drone] Target position: (0.90, 4.00, 3.00)
[Drone drone] Target position: (0.95, 4.00, 3.00)
[Drone drone] Target position: (1.00, 4.00, 3.00)
[Drone drone] Target position: (1.05, 4.00, 3.00)
[Drone drone] Target position: (1.10, 4.00, 3.00)
[Drone drone] Target position: (1.15, 4.00, 3.00)
[Drone drone] Target position: (1.20, 4.00, 3.00)
[Drone drone] Target position: (1.25, 4.00, 3.00)
[Drone drone] Target position: (1.30, 4.00, 3.00)
[Drone drone] Target position: (1.35, 4.00, 3.00)
[Drone drone] Target position: (1.40, 4.00, 3.00)
[Drone drone] Target position: (1.45, 4.00, 3.00)
[Drone drone] Target position: (1.50, 4.00, 3.00)
[Drone drone] Target position: (1.55, 4.00, 3.00)
[Drone drone] Target position: (1.60, 4.00, 3.00)
[Drone drone] Target position: (1.65, 4.00, 3.00)
[Drone drone] Target position: (1.70, 4.00, 3.00)
[Drone drone] Target position: (1.75, 4.00, 3.00)
[Drone drone] Target position: (1.80, 4.00, 3.00)
[Drone drone] Target position: (1.85, 4.00, 3.00)
[Drone drone] Target position: (1.90, 4.00, 3.00)
[Drone drone] Target position: (1.95, 4.00, 3.00)
[Drone drone] Target position: (2.00, 4.00, 3.00)
[Drone drone] Target position: (2.05, 4.00, 3.00)
[Drone drone] Target position: (2.10, 4.00, 3.00)
[Drone drone] Target position: (2.15, 4.00, 3.00)
[Drone drone] Target position: (2.20, 4.00, 3.00)
[Drone drone] Target position: (2.25, 4.00, 3.00)
[Drone drone] Target position: (2.30, 4.00, 3.00)
[Drone drone] Target position: (2.35, 4.00, 3.00)
[Drone drone] Target position: (2.40, 4.00, 3.00)
[Drone drone] Target position: (2.45, 4.00, 3.00)
[Drone drone] Target position: (2.50, 4.00, 3.00)
[Drone drone] Target position: (2.55, 4.00, 3.00)
[Drone drone] Target position: (2.60, 4.00, 3.00)
[Drone drone] Target position: (2.65, 4.00, 3.00)
[Drone drone] Target position: (2.70, 4.00, 3.00)
[Drone drone] Target position: (2.75, 4.00, 3.00)
[Drone drone] Target position: (2.80, 4.00, 3.00)
[Drone drone] Target position: (2.85, 4.00, 3.00)
[Drone drone] Target position: (2.90, 4.00, 3.00)
[Drone drone] Target position: (2.95, 4.00, 3.00)
[Drone drone] Target position: (3.00, 4.00, 3.00)
[Drone drone] Target position: (3.05, 4.00, 3.00)
[Drone drone] Target position: (3.10, 4.00, 3.00)
[Drone drone] Target position: (3.15, 4.00, 3.00)
[Drone drone] Target position: (3.20, 4.00, 3.00)
[Drone drone] Target position: (3.25, 4.00, 3.00)
[Drone drone] Target position: (3.30, 4.00, 3.00)
[Drone drone] Target position: (3.35, 4.00, 3.00)
[Drone drone] Target position: (3.40, 4.00, 3.00)
[Drone drone] Target position: (3.45, 4.00, 3.00)
[Drone drone] Target position: (3.50, 4.00, 3.00)
[Drone drone] Target position: (3.55, 4.00, 3.00)
[Drone drone] Target position: (3.60, 4.00, 3.00)
[Drone drone] Target position: (3.65, 4.00, 3.00)
[Drone drone] Target position: (3.70, 4.00, 3.00)
[Drone drone] Target position: (3.75, 4.00, 3.00)
[Drone drone] Target position: (3.80, 4.00, 3.00)
[Drone drone] Target position: (3.85, 4.00, 3.00)
[Drone drone] Target position: (3.90, 4.00, 3.00)
[Drone drone] Target position: (3.95, 4.00, 3.00)
[Drone drone] Target position: (4.00, 4.00, 3.00)
[Drone drone] Target position: (4.05, 4.00, 3.00)
[Drone drone] Target position: (4.10, 4.00, 3.00)
[Drone drone] Target position: (4.15, 4.00, 3.00)
[Drone drone] Target position: (4.20, 4.00, 3.00)
[Drone drone] Target position: (4.25, 4.00, 3.00)
[Drone drone] Target position: (4.30, 4.00, 3.00)
[Drone drone] Target position: (4.35, 4.00, 3.00)
[Drone drone] Target position: (4.40, 4.00, 3.00)
[Drone drone] Target position: (4.45, 4.00, 3.00)
[Drone drone] Target position: (4.50, 4.00, 3.00)
[Drone drone] Target position: (4.55, 4.00, 3.00)
[Drone drone] Target position: (4.60, 4.00, 3.00)
[Drone drone] Target position: (4.65, 4.00, 3.00)
[Drone drone] Target position: (4.70, 4.00, 3.00)
[Drone drone] Target position: (4.75, 4.00, 3.00)
[Drone drone] Target position: (4.80, 4.00, 3.00)
[Drone drone] Target position: (4.85, 4.00, 3.00)
[Drone drone] Target position: (4.90, 4.00, 3.00)
[Drone drone] Target position: (4.95, 4.00, 3.00)
[Drone drone] Target position: (5.00, 4.00, 3.00)
[Drone drone] Target position: (5.05, 4.00, 3.00)
[Drone drone] Target position: (5.10, 4.00, 3.00)
[Drone drone] Target position: (5.15, 4.00, 3.00)
[Drone drone] Target position: (5.20, 4.00, 3.00)
[Drone drone] Target position: (5.25, 4.00, 3.00)
[Drone drone] Target position: (5.30, 4.00, 3.00)
[Drone drone] Target position: (5.35, 4.00, 3.00)
[Drone drone] Target position: (5.40, 4.00, 3.00)
[Drone drone] Target position: (5.45, 4.00, 3.00)
[Drone drone] Target position: (5.50, 4.00, 3.00)
[Drone drone] Target position: (5.55, 4.00, 3.00)
[Drone drone] Target position: (5.60, 4.00, 3.00)
[Drone drone] Target position: (5.65, 4.00, 3.00)
[Drone drone] Target position: (5.70, 4.00, 3.00)
[Drone drone] Target position: (5.75, 4.00, 3.00)
[Drone drone] Target position: (5.80, 4.00, 3.00)
[Drone drone] Target position: (5.85, 4.00, 3.00)
[Drone drone] Target position: (5.90, 4.00, 3.00)
[Drone drone] Target position: (5.95, 4.00, 3.00)
[Drone drone] Target position: (6.00, 4.00, 3.00)
[Drone drone] Target position: (6.05, 4.00, 3.00)
[Drone drone] Target position: (6.10, 4.00, 3.00)
[Drone drone] Target position: (6.15, 4.00, 3.00)
[Drone drone] Target position: (6.20, 4.00, 3.00)
[Drone drone] Target position: (6.25, 4.00, 3.00)
[Drone drone] Target position: (6.30, 4.00, 3.00)
[Drone drone] Target position: (6.35, 4.00, 3.00)
[Drone drone] Target position: (6.40, 4.00, 3.00)
[Drone drone] Target position: (6.45, 4.00, 3.00)
[Drone drone] Target position: (6.50, 4.00, 3.00)
[Drone drone] Target position: (6.55, 4.00, 3.00)
[Drone drone] Target position: (6.60, 4.00, 3.00)
[Drone drone] Target position: (6.65, 4.00, 3.00)
[Drone drone] Target position: (6.70, 4.00, 3.00)
[Drone drone] Target position: (6.75, 4.00, 3.00)
[Drone drone] Target position: (6.80, 4.00, 3.00)
[Drone drone] Target position: (6.85, 4.00, 3.00)
[Drone drone] Target position: (6.90, 4.00, 3.00)
[Drone drone] Target position: (6.95, 4.00, 3.00)
[Drone drone] Target position: (7.00, 4.00, 3.00)
[Drone drone] Target position: (7.05, 4.00, 3.00)
[Drone drone] Target position: (7.10, 4.00, 3.00)
[Drone drone] Target position: (7.15, 4.00, 3.00)
[Drone drone] Target position: (7.20, 4.00, 3.00)
[Drone drone] Target position: (7.25, 4.00, 3.00)
[Drone drone] Target position: (7.30, 4.00, 3.00)
[Drone drone] Target position: (7.35, 4.00, 3.00)
[Drone drone] Target position: (7.40, 4.00, 3.00)
[Drone drone] Target position: (7.45, 4.00, 3.00)
[Drone drone] Target position: (7.50, 4.00, 3.00)
[Drone drone] Target position: (7.55, 4.00, 3.00)
[Drone drone] Target position: (7.60, 4.00, 3.00)
[Drone drone] Target position: (7.65, 4.00, 3.00)
[Drone drone] Target position: (7.70, 4.00, 3.00)
[Drone drone] Target position: (7.75, 4.00, 3.00)
[Drone drone] Target position: (7.80, 4.00, 3.00)
[Drone drone] Target position: (7.85, 4.00, 3.00)
[Drone drone] Target position: (7.90, 4.00, 3.00)
[Drone drone] Target position: (7.95, 4.00, 3.00)
[Drone drone] Target position: (8.00, 4.00, 3.00)
[Drone drone] Target position: (8.05, 4.00, 3.00)
[Drone drone] Target position: (8.10, 4.00, 3.00)
[Drone drone] Target position: (8.15, 4.00, 3.00)
[Drone drone] Target position: (8.20, 4.00, 3.00)
[Drone drone] Target position: (8.25, 4.00, 3.00)
[Drone drone] Target position: (8.30, 4.00, 3.00)
[Drone drone] Target position: (8.35, 4.00, 3.00)
[Drone drone] Target position: (8.40, 4.00, 3.00)
[Drone drone] Target position: (8.45, 4.00, 3.00)
[Drone drone] Target position: (8.50, 4.00, 3.00)
[Drone drone] Target position: (8.55, 4.00, 3.00)
[Drone drone] Target position: (8.60, 4.00, 3.00)
[Drone drone] Target position: (8.65, 4.00, 3.00)
[Drone drone] Target position: (8.70, 4.00, 3.00)
[Drone drone] Target position: (8.75, 4.00, 3.00)
[Drone drone] Target position: (8.80, 4.00, 3.00)
[Drone drone] Target position: (8.85, 4.00, 3.00)
[Drone drone] Target position: (8.90, 4.00, 3.00)
[Drone drone] Target position: (8.95, 4.00, 3.00)
[Drone drone] Target position: (9.00, 4.00, 3.00)
[Drone drone] Target position: (9.05, 4.00, 3.00)
[Drone drone] Target position: (9.10, 4.00, 3.00)
[Drone drone] Target position: (9.15, 4.00, 3.00)
[Drone drone] Target position: (9.20, 4.00, 3.00)
[Drone drone] Target position: (9.25, 4.00, 3.00)
[Drone drone] Target position: (9.30, 4.00, 3.00)
[Drone drone] Target position: (9.35, 4.00, 3.00)
[Drone drone] Target position: (9.40, 4.00, 3.00)
[Drone drone] Target position: (9.45, 4.00, 3.00)
[Drone drone] Target position: (9.50, 4.00, 3.00)
[Drone drone] Target position: (9.55, 4.00, 3.00)
[Drone drone] Target position: (9.60, 4.00, 3.00)
[Drone drone] Target position: (9.65, 4.00, 3.00)
[Drone drone] Target position: (9.70, 4.00, 3.00)
[Drone drone] Target position: (9.75, 4.00, 3.00)
[Drone drone] Target position: (9.80, 4.00, 3.00)
[Drone drone] Target position: (9.85, 4.00, 3.00)
[Drone drone] Target position: (9.90, 4.00, 3.00)
[Drone drone] Target position: (9.95, 4.00, 3.00)
[Drone drone] Target position: (10.00, 4.00, 3.00)
[Drone drone] Target position: (10.00, 4.05, 3.00)
[Drone drone] Target position: (10.00, 4.10, 3.00)
[Drone drone] Target position: (10.00, 4.15, 3.00)
[Drone drone] Target position: (10.00, 4.20, 3.00)
[Drone drone] Target position: (10.00, 4.25, 3.00)
[Drone drone] Target position: (10.00, 4.30, 3.00)
[Drone drone] Target position: (10.00, 4.35, 3.00)
[Drone drone] Target position: (10.00, 4.40, 3.00)
[Drone drone] Target position: (10.00, 4.45, 3.00)
[Drone drone] Target position: (10.00, 4.50, 3.00)
[Drone drone] Target position: (10.00, 4.55, 3.00)
[Drone drone] Target position: (10.00, 4.60, 3.00)
[Drone drone] Target position: (10.00, 4.65, 3.00)
[Drone drone] Target position: (10.00, 4.70, 3.00)
[Drone drone] Target position: (10.00, 4.75, 3.00)
[Drone drone] Target position: (10.00, 4.80, 3.00)
[Drone drone] Target position: (10.00, 4.85, 3.00)
[Drone drone] Target position: (10.00, 4.90, 3.00)
[Drone drone] Target position: (10.00, 4.95, 3.00)
[Drone drone] Target position: (10.00, 5.00, 3.00)
[Drone drone] Target position: (10.00, 5.05, 3.00)
[Drone drone] Target position: (10.00, 5.10, 3.00)
[Drone drone] Target position: (10.00, 5.15, 3.00)
[Drone drone] Target position: (10.00, 5.20, 3.00)
[Drone drone] Target position: (10.00, 5.25, 3.00)
[Drone drone] Target position: (10.00, 5.30, 3.00)
[Drone drone] Target position: (10.00, 5.35, 3.00)
[Drone drone] Target position: (10.00, 5.40, 3.00)
[Drone drone] Target position: (10.00, 5.45, 3.00)
[Drone drone] Target position: (10.00, 5.50, 3.00)
[Drone drone] Target position: (10.00, 5.55, 3.00)
[Drone drone] Target position: (10.00, 5.60, 3.00)
[Drone drone] Target position: (10.00, 5.65, 3.00)
[Drone drone] Target position: (10.00, 5.70, 3.00)
[Drone drone] Target position: (10.00, 5.75, 3.00)
[Drone drone] Target position: (10.00, 5.80, 3.00)
[Drone drone] Target position: (10.00, 5.85, 3.00)
[Drone drone] Target position: (10.00, 5.90, 3.00)
[Drone drone] Target position: (10.00, 5.95, 3.00)
[Drone drone] Target position: (10.00, 6.00, 3.00)
[Drone drone] Target position: (9.95, 6.00, 3.00)
[Drone drone] Target position: (9.90, 6.00, 3.00)
[Drone drone] Target position: (9.85, 6.00, 3.00)
[Drone drone] Target position: (9.80, 6.00, 3.00)
[Drone drone] Target position: (9.75, 6.00, 3.00)
[Drone drone] Target position: (9.70, 6.00, 3.00)
[Drone drone] Target position: (9.65, 6.00, 3.00)
[Drone drone] Target position: (9.60, 6.00, 3.00)
[Drone drone] Target position: (9.55, 6.00, 3.00)
[Drone drone] Target position: (9.50, 6.00, 3.00)
[Drone drone] Target position: (9.45, 6.00, 3.00)
[Drone drone] Target position: (9.40, 6.00, 3.00)
[Drone drone] Target position: (9.35, 6.00, 3.00)
[Drone drone] Target position: (9.30, 6.00, 3.00)
[Drone drone] Target position: (9.25, 6.00, 3.00)
[Drone drone] Target position: (9.20, 6.00, 3.00)
[Drone drone] Target position: (9.15, 6.00, 3.00)
[Drone drone] Target position: (9.10, 6.00, 3.00)
[Drone drone] Target position: (9.05, 6.00, 3.00)
[Drone drone] Target position: (9.00, 6.00, 3.00)
[Drone drone] Target position: (8.95, 6.00, 3.00)
[Drone drone] Target position: (8.90, 6.00, 3.00)
[Drone drone] Target position: (8.85, 6.00, 3.00)
[Drone drone] Target position: (8.80, 6.00, 3.00)
[Drone drone] Target position: (8.75, 6.00, 3.00)
[Drone drone] Target position: (8.70, 6.00, 3.00)
[Drone drone] Target position: (8.65, 6.00, 3.00)
[Drone drone] Target position: (8.60, 6.00, 3.00)
[Drone drone] Target position: (8.55, 6.00, 3.00)
[Drone drone] Target position: (8.50, 6.00, 3.00)
[Drone drone] Target position: (8.45, 6.00, 3.00)
[Drone drone] Target position: (8.40, 6.00, 3.00)
[Drone drone] Target position: (8.35, 6.00, 3.00)
[Drone drone] Target position: (8.30, 6.00, 3.00)
[Drone drone] Target position: (8.25, 6.00, 3.00)
[Drone drone] Target position: (8.20, 6.00, 3.00)
[Drone drone] Target position: (8.15, 6.00, 3.00)
[Drone drone] Target position: (8.10, 6.00, 3.00)
[Drone drone] Target position: (8.05, 6.00, 3.00)
[Drone drone] Target position: (8.00, 6.00, 3.00)
[Drone drone] Target position: (7.95, 6.00, 3.00)
[Drone drone] Target position: (7.90, 6.00, 3.00)
[Drone drone] Target position: (7.85, 6.00, 3.00)
[Drone drone] Target position: (7.80, 6.00, 3.00)
[Drone drone] Target position: (7.75, 6.00, 3.00)
[Drone drone] Target position: (7.70, 6.00, 3.00)
[Drone drone] Target position: (7.65, 6.00, 3.00)
[Drone drone] Target position: (7.60, 6.00, 3.00)
[Drone drone] Target position: (7.55, 6.00, 3.00)
[Drone drone] Target position: (7.50, 6.00, 3.00)
[Drone drone] Target position: (7.45, 6.00, 3.00)
[Drone drone] Target position: (7.40, 6.00, 3.00)
[Drone drone] Target position: (7.35, 6.00, 3.00)
[Drone drone] Target position: (7.30, 6.00, 3.00)
[Drone drone] Target position: (7.25, 6.00, 3.00)
[Drone drone] Target position: (7.20, 6.00, 3.00)
[Drone drone] Target position: (7.15, 6.00, 3.00)
[Drone drone] Target position: (7.10, 6.00, 3.00)
[Drone drone] Target position: (7.05, 6.00, 3.00)
[Drone drone] Target position: (7.00, 6.00, 3.00)
[Drone drone] Target position: (6.95, 6.00, 3.00)
[Drone drone] Target position: (6.90, 6.00, 3.00)
[Drone drone] Target position: (6.85, 6.00, 3.00)
[Drone drone] Target position: (6.80, 6.00, 3.00)
[Drone drone] Target position: (6.75, 6.00, 3.00)
[Drone drone] Target position: (6.70, 6.00, 3.00)
[Drone drone] Target position: (6.65, 6.00, 3.00)
[Drone drone] Target position: (6.60, 6.00, 3.00)
[Drone drone] Target position: (6.55, 6.00, 3.00)
[Drone drone] Target position: (6.50, 6.00, 3.00)
[Drone drone] Target position: (6.45, 6.00, 3.00)
[Drone drone] Target position: (6.40, 6.00, 3.00)
[Drone drone] Target position: (6.35, 6.00, 3.00)
[Drone drone] Target position: (6.30, 6.00, 3.00)
[Drone drone] Target position: (6.25, 6.00, 3.00)
[Drone drone] Target position: (6.20, 6.00, 3.00)
[Drone drone] Target position: (6.15, 6.00, 3.00)
[Drone drone] Target position: (6.10, 6.00, 3.00)
[Drone drone] Target position: (6.05, 6.00, 3.00)
[Drone drone] Target position: (6.00, 6.00, 3.00)
[Drone drone] Target position: (5.95, 6.00, 3.00)
[Drone drone] Target position: (5.90, 6.00, 3.00)
[Drone drone] Target position: (5.85, 6.00, 3.00)
[Drone drone] Target position: (5.80, 6.00, 3.00)
[Drone drone] Target position: (5.75, 6.00, 3.00)
[Drone drone] Target position: (5.70, 6.00, 3.00)
[Drone drone] Target position: (5.65, 6.00, 3.00)
[Drone drone] Target position: (5.60, 6.00, 3.00)
[Drone drone] Target position: (5.55, 6.00, 3.00)
[Drone drone] Target position: (5.50, 6.00, 3.00)
[Drone drone] Target position: (5.45, 6.00, 3.00)
[Drone drone] Target position: (5.40, 6.00, 3.00)
[Drone drone] Target position: (5.35, 6.00, 3.00)
[Drone drone] Target position: (5.30, 6.00, 3.00)
[Drone drone] Target position: (5.25, 6.00, 3.00)
[Drone drone] Target position: (5.20, 6.00, 3.00)
[Drone drone] Target position: (5.15, 6.00, 3.00)
[Drone drone] Target position: (5.10, 6.00, 3.00)
[Drone drone] Target position: (5.05, 6.00, 3.00)
[Drone drone] Target position: (5.00, 6.00, 3.00)
[Drone drone] Target position: (4.95, 6.00, 3.00)
[Drone drone] Target position: (4.90, 6.00, 3.00)
[Drone drone] Target position: (4.85, 6.00, 3.00)
[Drone drone] Target position: (4.80, 6.00, 3.00)
[Drone drone] Target position: (4.75, 6.00, 3.00)
[Drone drone] Target position: (4.70, 6.00, 3.00)
[Drone drone] Target position: (4.65, 6.00, 3.00)
[Drone drone] Target position: (4.60, 6.00, 3.00)
[Drone drone] Target position: (4.55, 6.00, 3.00)
[Drone drone] Target position: (4.50, 6.00, 3.00)
[Drone drone] Target position: (4.45, 6.00, 3.00)
[Drone drone] Target position: (4.40, 6.00, 3.00)
[Drone drone] Target position: (4.35, 6.00, 3.00)
[Drone drone] Target position: (4.30, 6.00, 3.00)
[Drone drone] Target position: (4.25, 6.00, 3.00)
[Drone drone] Target position: (4.20, 6.00, 3.00)
[Drone drone] Target position: (4.15, 6.00, 3.00)
[Drone drone] Target position: (4.10, 6.00, 3.00)
[Drone drone] Target position: (4.05, 6.00, 3.00)
[Drone drone] Target position: (4.00, 6.00, 3.00)
[Drone drone] Target position: (3.95, 6.00, 3.00)
[Drone drone] Target position: (3.90, 6.00, 3.00)
[Drone drone] Target position: (3.85, 6.00, 3.00)
[Drone drone] Target position: (3.80, 6.00, 3.00)
[Drone drone] Target position: (3.75, 6.00, 3.00)
[Drone drone] Target position: (3.70, 6.00, 3.00)
[Drone drone] Target position: (3.65, 6.00, 3.00)
[Drone drone] Target position: (3.60, 6.00, 3.00)
[Drone drone] Target position: (3.55, 6.00, 3.00)
[Drone drone] Target position: (3.50, 6.00, 3.00)
[Drone drone] Target position: (3.45, 6.00, 3.00)
[Drone drone] Target position: (3.40, 6.00, 3.00)
[Drone drone] Target position: (3.35, 6.00, 3.00)
[Drone drone] Target position: (3.30, 6.00, 3.00)
[Drone drone] Target position: (3.25, 6.00, 3.00)
[Drone drone] Target position: (3.20, 6.00, 3.00)
[Drone drone] Target position: (3.15, 6.00, 3.00)
[Drone drone] Target position: (3.10, 6.00, 3.00)
[Drone drone] Target position: (3.05, 6.00, 3.00)
[Drone drone] Target position: (3.00, 6.00, 3.00)
[Drone drone] Target position: (2.95, 6.00, 3.00)
[Drone drone] Target position: (2.90, 6.00, 3.00)
[Drone drone] Target position: (2.85, 6.00, 3.00)
[Drone drone] Target position: (2.80, 6.00, 3.00)
[Drone drone] Target position: (2.75, 6.00, 3.00)
[Drone drone] Target position: (2.70, 6.00, 3.00)
[Drone drone] Target position: (2.65, 6.00, 3.00)
[Drone drone] Target position: (2.60, 6.00, 3.00)
[Drone drone] Target position: (2.55, 6.00, 3.00)
[Drone drone] Target position: (2.50, 6.00, 3.00)
[Drone drone] Target position: (2.45, 6.00, 3.00)
[Drone drone] Target position: (2.40, 6.00, 3.00)
[Drone drone] Target position: (2.35, 6.00, 3.00)
[Drone drone] Target position: (2.30, 6.00, 3.00)
[Drone drone] Target position: (2.25, 6.00, 3.00)
[Drone drone] Target position: (2.20, 6.00, 3.00)
[Drone drone] Target position: (2.15, 6.00, 3.00)
[Drone drone] Target position: (2.10, 6.00, 3.00)
[Drone drone] Target position: (2.05, 6.00, 3.00)
[Drone drone] Target position: (2.00, 6.00, 3.00)
[Drone drone] Target position: (1.95, 6.00, 3.00)
[Drone drone] Target position: (1.90, 6.00, 3.00)
[Drone drone] Target position: (1.85, 6.00, 3.00)
[Drone drone] Target position: (1.80, 6.00, 3.00)
[Drone drone] Target position: (1.75, 6.00, 3.00)
[Drone drone] Target position: (1.70, 6.00, 3.00)
[Drone drone] Target position: (1.65, 6.00, 3.00)
[Drone drone] Target position: (1.60, 6.00, 3.00)
[Drone drone] Target position: (1.55, 6.00, 3.00)
[Drone drone] Target position: (1.50, 6.00, 3.00)
[Drone drone] Target position: (1.45, 6.00, 3.00)
[Drone drone] Target position: (1.40, 6.00, 3.00)
[Drone drone] Target position: (1.35, 6.00, 3.00)
[Drone drone] Target position: (1.30, 6.00, 3.00)
[Drone drone] Target position: (1.25, 6.00, 3.00)
[Drone drone] Target position: (1.20, 6.00, 3.00)
[Drone drone] Target position: (1.15, 6.00, 3.00)
[Drone drone] Target position: (1.10, 6.00, 3.00)
[Drone drone] Target position: (1.05, 6.00, 3.00)
[Drone drone] Target position: (1.00, 6.00, 3.00)
[Drone drone] Target position: (0.95, 6.00, 3.00)
[Drone drone] Target position: (0.90, 6.00, 3.00)
[Drone drone] Target position: (0.85, 6.00, 3.00)
[Drone drone] Target position: (0.80, 6.00, 3.00)
[Drone drone] Target position: (0.75, 6.00, 3.00)
[Drone drone] Target position: (0.70, 6.00, 3.00)
[Drone drone] Target position: (0.65, 6.00, 3.00)
[Drone drone] Target position: (0.60, 6.00, 3.00)
[Drone drone] Target position: (0.55, 6.00, 3.00)
[Drone drone] Target position: (0.50, 6.00, 3.00)
[Drone drone] Target position: (0.45, 6.00, 3.00)
[Drone drone] Target position: (0.40, 6.00, 3.00)
[Drone drone] Target position: (0.35, 6.00, 3.00)
[Drone drone] Target position: (0.30, 6.00, 3.00)
[Drone drone] Target position: (0.25, 6.00, 3.00)
[Drone drone] Target position: (0.20, 6.00, 3.00)
[Drone drone] Target position: (0.15, 6.00, 3.00)
[Drone drone] Target position: (0.10, 6.00, 3.00)
[Drone drone] Target position: (0.05, 6.00, 3.00)
[Drone drone] Target position: (0.00, 6.00, 3.00)
[Drone drone] Target position: (0.00, 6.05, 3.00)
[Drone drone] Target position: (0.00, 6.10, 3.00)
[Drone drone] Target position: (0.00, 6.15, 3.00)
[Drone drone] Target position: (0.00, 6.20, 3.00)
[Drone drone] Target position: (0.00, 6.25, 3.00)
[Drone drone] Target position: (0.00, 6.30, 3.00)
[Drone drone] Target position: (0.00, 6.35, 3.00)
[Drone drone] Target position: (0.00, 6.40, 3.00)
[Drone drone] Target position: (0.00, 6.45, 3.00)
[Drone drone] Target position: (0.00, 6.50, 3.00)
[Drone drone] Target position: (0.00, 6.55, 3.00)
[Drone drone] Target position: (0.00, 6.60, 3.00)
[Drone drone] Target position: (0.00, 6.65, 3.00)
[Drone drone] Target position: (0.00, 6.70, 3.00)
[Drone drone] Target position: (0.00, 6.75, 3.00)
[Drone drone] Target position: (0.00, 6.80, 3.00)
[Drone drone] Target position: (0.00, 6.85, 3.00)
[Drone drone] Target position: (0.00, 6.90, 3.00)
[Drone drone] Target position: (0.00, 6.95, 3.00)
[Drone drone] Target position: (0.00, 7.00, 3.00)
[Drone drone] Target position: (0.00, 7.05, 3.00)
[Drone drone] Target position: (0.00, 7.10, 3.00)
[Drone drone] Target position: (0.00, 7.15, 3.00)
[Drone drone] Target position: (0.00, 7.20, 3.00)
[Drone drone] Target position: (0.00, 7.25, 3.00)
[Drone drone] Target position: (0.00, 7.30, 3.00)
[Drone drone] Target position: (0.00, 7.35, 3.00)
[Drone drone] Target position: (0.00, 7.40, 3.00)
[Drone drone] Target position: (0.00, 7.45, 3.00)
[Drone drone] Target position: (0.00, 7.50, 3.00)
[Drone drone] Target position: (0.00, 7.55, 3.00)
[Drone drone] Target position: (0.00, 7.60, 3.00)
[Drone drone] Target position: (0.00, 7.65, 3.00)
[Drone drone] Target position: (0.00, 7.70, 3.00)
[Drone drone] Target position: (0.00, 7.75, 3.00)
[Drone drone] Target position: (0.00, 7.80, 3.00)
[Drone drone] Target position: (0.00, 7.85, 3.00)
[Drone drone] Target position: (0.00, 7.90, 3.00)
[Drone drone] Target position: (0.00, 7.95, 3.00)
[Drone drone] Target position: (0.00, 8.00, 3.00)
[Drone drone] Target position: (0.05, 8.00, 3.00)
[Drone drone] Target position: (0.10, 8.00, 3.00)
[Drone drone] Target position: (0.15, 8.00, 3.00)
[Drone drone] Target position: (0.20, 8.00, 3.00)
[Drone drone] Target position: (0.25, 8.00, 3.00)
[Drone drone] Target position: (0.30, 8.00, 3.00)
[Drone drone] Target position: (0.35, 8.00, 3.00)
[Drone drone] Target position: (0.40, 8.00, 3.00)
[Drone drone] Target position: (0.45, 8.00, 3.00)
[Drone drone] Target position: (0.50, 8.00, 3.00)
[Drone drone] Target position: (0.55, 8.00, 3.00)
[Drone drone] Target position: (0.60, 8.00, 3.00)
[Drone drone] Target position: (0.65, 8.00, 3.00)
[Drone drone] Target position: (0.70, 8.00, 3.00)
[Drone drone] Target position: (0.75, 8.00, 3.00)
[Drone drone] Target position: (0.80, 8.00, 3.00)
[Drone drone] Target position: (0.85, 8.00, 3.00)
[Drone drone] Target position: (0.90, 8.00, 3.00)
[Drone drone] Target position: (0.95, 8.00, 3.00)
[Drone drone] Target position: (1.00, 8.00, 3.00)
[Drone drone] Target position: (1.05, 8.00, 3.00)
[Drone drone] Target position: (1.10, 8.00, 3.00)
[Drone drone] Target position: (1.15, 8.00, 3.00)
[Drone drone] Target position: (1.20, 8.00, 3.00)
[Drone drone] Target position: (1.25, 8.00, 3.00)
[Drone drone] Target position: (1.30, 8.00, 3.00)
[Drone drone] Target position: (1.35, 8.00, 3.00)
[Drone drone] Target position: (1.40, 8.00, 3.00)
[Drone drone] Target position: (1.45, 8.00, 3.00)
[Drone drone] Target position: (1.50, 8.00, 3.00)
[Drone drone] Target position: (1.55, 8.00, 3.00)
[Drone drone] Target position: (1.60, 8.00, 3.00)
[Drone drone] Target position: (1.65, 8.00, 3.00)
[Drone drone] Target position: (1.70, 8.00, 3.00)
[Drone drone] Target position: (1.75, 8.00, 3.00)
[Drone drone] Target position: (1.80, 8.00, 3.00)
[Drone drone] Target position: (1.85, 8.00, 3.00)
[Drone drone] Target position: (1.90, 8.00, 3.00)
[Drone drone] Target position: (1.95, 8.00, 3.00)
[Drone drone] Target position: (2.00, 8.00, 3.00)
[Drone drone] Target position: (2.05, 8.00, 3.00)
[Drone drone] Target position: (2.10, 8.00, 3.00)
[Drone drone] Target position: (2.15, 8.00, 3.00)
[Drone drone] Target position: (2.20, 8.00, 3.00)
[Drone drone] Target position: (2.25, 8.00, 3.00)
[Drone drone] Target position: (2.30, 8.00, 3.00)
[Drone drone] Target position: (2.35, 8.00, 3.00)
[Drone drone] Target position: (2.40, 8.00, 3.00)
[Drone drone] Target position: (2.45, 8.00, 3.00)
[Drone drone] Target position: (2.50, 8.00, 3.00)
[Drone drone] Target position: (2.55, 8.00, 3.00)
[Drone drone] Target position: (2.60, 8.00, 3.00)
[Drone drone] Target position: (2.65, 8.00, 3.00)
[Drone drone] Target position: (2.70, 8.00, 3.00)
[Drone drone] Target position: (2.75, 8.00, 3.00)
[Drone drone] Target position: (2.80, 8.00, 3.00)
[Drone drone] Target position: (2.85, 8.00, 3.00)
[Drone drone] Target position: (2.90, 8.00, 3.00)
[Drone drone] Target position: (2.95, 8.00, 3.00)
[Drone drone] Target position: (3.00, 8.00, 3.00)
[Drone drone] Target position: (3.05, 8.00, 3.00)
[Drone drone] Target position: (3.10, 8.00, 3.00)
[Drone drone] Target position: (3.15, 8.00, 3.00)
[Drone drone] Target position: (3.20, 8.00, 3.00)
[Drone drone] Target position: (3.25, 8.00, 3.00)
[Drone drone] Target position: (3.30, 8.00, 3.00)
[Drone drone] Target position: (3.35, 8.00, 3.00)
[Drone drone] Target position: (3.40, 8.00, 3.00)
[Drone drone] Target position: (3.45, 8.00, 3.00)
[Drone drone] Target position: (3.50, 8.00, 3.00)
[Drone drone] Target position: (3.55, 8.00, 3.00)
[Drone drone] Target position: (3.60, 8.00, 3.00)
[Drone drone] Target position: (3.65, 8.00, 3.00)
[Drone drone] Target position: (3.70, 8.00, 3.00)
[Drone drone] Target position: (3.75, 8.00, 3.00)
[Drone drone] Target position: (3.80, 8.00, 3.00)
[Drone drone] Target position: (3.85, 8.00, 3.00)
[Drone drone] Target position: (3.90, 8.00, 3.00)
[Drone drone] Target position: (3.95, 8.00, 3.00)
[Drone drone] Target position: (4.00, 8.00, 3.00)
[Drone drone] Target position: (4.05, 8.00, 3.00)
[Drone drone] Target position: (4.10, 8.00, 3.00)
[Drone drone] Target position: (4.15, 8.00, 3.00)
[Drone drone] Target position: (4.20, 8.00, 3.00)
[Drone drone] Target position: (4.25, 8.00, 3.00)
[Drone drone] Target position: (4.30, 8.00, 3.00)
[Drone drone] Target position: (4.35, 8.00, 3.00)
[Drone drone] Target position: (4.40, 8.00, 3.00)
[Drone drone] Target position: (4.45, 8.00, 3.00)
[Drone drone] Target position: (4.50, 8.00, 3.00)
[Drone drone] Target position: (4.55, 8.00, 3.00)
[Drone drone] Target position: (4.60, 8.00, 3.00)
[Drone drone] Target position: (4.65, 8.00, 3.00)
[Drone drone] Target position: (4.70, 8.00, 3.00)
[Drone drone] Target position: (4.75, 8.00, 3.00)
[Drone drone] Target position: (4.80, 8.00, 3.00)
[Drone drone] Target position: (4.85, 8.00, 3.00)
[Drone drone] Target position: (4.90, 8.00, 3.00)
[Drone drone] Target position: (4.95, 8.00, 3.00)
[Drone drone] Target position: (5.00, 8.00, 3.00)
[Drone drone] Target position: (5.05, 8.00, 3.00)
[Drone drone] Target position: (5.10, 8.00, 3.00)
[Drone drone] Target position: (5.15, 8.00, 3.00)
[Drone drone] Target position: (5.20, 8.00, 3.00)
[Drone drone] Target position: (5.25, 8.00, 3.00)
[Drone drone] Target position: (5.30, 8.00, 3.00)
[Drone drone] Target position: (5.35, 8.00, 3.00)
[Drone drone] Target position: (5.40, 8.00, 3.00)
[Drone drone] Target position: (5.45, 8.00, 3.00)
[Drone drone] Target position: (5.50, 8.00, 3.00)
[Drone drone] Target position: (5.55, 8.00, 3.00)
[Drone drone] Target position: (5.60, 8.00, 3.00)
[Drone drone] Target position: (5.65, 8.00, 3.00)
[Drone drone] Target position: (5.70, 8.00, 3.00)
[Drone drone] Target position: (5.75, 8.00, 3.00)
[Drone drone] Target position: (5.80, 8.00, 3.00)
[Drone drone] Target position: (5.85, 8.00, 3.00)
[Drone drone] Target position: (5.90, 8.00, 3.00)
[Drone drone] Target position: (5.95, 8.00, 3.00)
[Drone drone] Target position: (6.00, 8.00, 3.00)
[Drone drone] Target position: (6.05, 8.00, 3.00)
[Drone drone] Target position: (6.10, 8.00, 3.00)
[Drone drone] Target position: (6.15, 8.00, 3.00)
[Drone drone] Target position: (6.20, 8.00, 3.00)
[Drone drone] Target position: (6.25, 8.00, 3.00)
[Drone drone] Target position: (6.30, 8.00, 3.00)
[Drone drone] Target position: (6.35, 8.00, 3.00)
[Drone drone] Target position: (6.40, 8.00, 3.00)
[Drone drone] Target position: (6.45, 8.00, 3.00)
[Drone drone] Target position: (6.50, 8.00, 3.00)
[Drone drone] Target position: (6.55, 8.00, 3.00)
[Drone drone] Target position: (6.60, 8.00, 3.00)
[Drone drone] Target position: (6.65, 8.00, 3.00)
[Drone drone] Target position: (6.70, 8.00, 3.00)
[Drone drone] Target position: (6.75, 8.00, 3.00)
[Drone drone] Target position: (6.80, 8.00, 3.00)
[Drone drone] Target position: (6.85, 8.00, 3.00)
[Drone drone] Target position: (6.90, 8.00, 3.00)
[Drone drone] Target position: (6.95, 8.00, 3.00)
[Drone drone] Target position: (7.00, 8.00, 3.00)
[Drone drone] Target position: (7.05, 8.00, 3.00)
[Drone drone] Target position: (7.10, 8.00, 3.00)
[Drone drone] Target position: (7.15, 8.00, 3.00)
[Drone drone] Target position: (7.20, 8.00, 3.00)
[Drone drone] Target position: (7.25, 8.00, 3.00)
[Drone drone] Target position: (7.30, 8.00, 3.00)
[Drone drone] Target position: (7.35, 8.00, 3.00)
[Drone drone] Target position: (7.40, 8.00, 3.00)
[Drone drone] Target position: (7.45, 8.00, 3.00)
[Drone drone] Target position: (7.50, 8.00, 3.00)
[Drone drone] Target position: (7.55, 8.00, 3.00)
[Drone drone] Target position: (7.60, 8.00, 3.00)
[Drone drone] Target position: (7.65, 8.00, 3.00)
[Drone drone] Target position: (7.70, 8.00, 3.00)
[Drone drone] Target position: (7.75, 8.00, 3.00)
[Drone drone] Target position: (7.80, 8.00, 3.00)
[Drone drone] Target position: (7.85, 8.00, 3.00)
[Drone drone] Target position: (7.90, 8.00, 3.00)
[Drone drone] Target position: (7.95, 8.00, 3.00)
[Drone drone] Target position: (8.00, 8.00, 3.00)
[Drone drone] Target position: (8.05, 8.00, 3.00)
[Drone drone] Target position: (8.10, 8.00, 3.00)
[Drone drone] Target position: (8.15, 8.00, 3.00)
[Drone drone] Target position: (8.20, 8.00, 3.00)
[Drone drone] Target position: (8.25, 8.00, 3.00)
[Drone drone] Target position: (8.30, 8.00, 3.00)
[Drone drone] Target position: (8.35, 8.00, 3.00)
[Drone drone] Target position: (8.40, 8.00, 3.00)
[Drone drone] Target position: (8.45, 8.00, 3.00)
[Drone drone] Target position: (8.50, 8.00, 3.00)
[Drone drone] Target position: (8.55, 8.00, 3.00)
[Drone drone] Target position: (8.60, 8.00, 3.00)
[Drone drone] Target position: (8.65, 8.00, 3.00)
[Drone drone] Target position: (8.70, 8.00, 3.00)
[Drone drone] Target position: (8.75, 8.00, 3.00)
[Drone drone] Target position: (8.80, 8.00, 3.00)
[Drone drone] Target position: (8.85, 8.00, 3.00)
[Drone drone] Target position: (8.90, 8.00, 3.00)
[Drone drone] Target position: (8.95, 8.00, 3.00)
[Drone drone] Target position: (9.00, 8.00, 3.00)
[Drone drone] Target position: (9.05, 8.00, 3.00)
[Drone drone] Target position: (9.10, 8.00, 3.00)
[Drone drone] Target position: (9.15, 8.00, 3.00)
[Drone drone] Target position: (9.20, 8.00, 3.00)
[Drone drone] Target position: (9.25, 8.00, 3.00)
[Drone drone] Target position: (9.30, 8.00, 3.00)
[Drone drone] Target position: (9.35, 8.00, 3.00)
[Drone drone] Target position: (9.40, 8.00, 3.00)
[Drone drone] Target position: (9.45, 8.00, 3.00)
[Drone drone] Target position: (9.50, 8.00, 3.00)
[Drone drone] Target position: (9.55, 8.00, 3.00)
[Drone drone] Target position: (9.60, 8.00, 3.00)
[Drone drone] Target position: (9.65, 8.00, 3.00)
[Drone drone] Target position: (9.70, 8.00, 3.00)
[Drone drone] Target position: (9.75, 8.00, 3.00)
[Drone drone] Target position: (9.80, 8.00, 3.00)
[Drone drone] Target position: (9.85, 8.00, 3.00)
[Drone drone] Target position: (9.90, 8.00, 3.00)
[Drone drone] Target position: (9.95, 8.00, 3.00)
[Drone drone] Target position: (10.00, 8.00, 3.00)
[Drone drone] Target position: (10.00, 8.05, 3.00)
[Drone drone] Target position: (10.00, 8.10, 3.00)
[Drone drone] Target position: (10.00, 8.15, 3.00)
[Drone drone] Target position: (10.00, 8.20, 3.00)
[Drone drone] Target position: (10.00, 8.25, 3.00)
[Drone drone] Target position: (10.00, 8.30, 3.00)
[Drone drone] Target position: (10.00, 8.35, 3.00)
[Drone drone] Target position: (10.00, 8.40, 3.00)
[Drone drone] Target position: (10.00, 8.45, 3.00)
[Drone drone] Target position: (10.00, 8.50, 3.00)
[Drone drone] Target position: (10.00, 8.55, 3.00)
[Drone drone] Target position: (10.00, 8.60, 3.00)
[Drone drone] Target position: (10.00, 8.65, 3.00)
[Drone drone] Target position: (10.00, 8.70, 3.00)
[Drone drone] Target position: (10.00, 8.75, 3.00)
[Drone drone] Target position: (10.00, 8.80, 3.00)
[Drone drone] Target position: (10.00, 8.85, 3.00)
[Drone drone] Target position: (10.00, 8.90, 3.00)
[Drone drone] Target position: (10.00, 8.95, 3.00)
[Drone drone] Target position: (10.00, 9.00, 3.00)
[Drone drone] Target position: (10.00, 9.05, 3.00)
[Drone drone] Target position: (10.00, 9.10, 3.00)
[Drone drone] Target position: (10.00, 9.15, 3.00)
[Drone drone] Target position: (10.00, 9.20, 3.00)
[Drone drone] Target position: (10.00, 9.25, 3.00)
[Drone drone] Target position: (10.00, 9.30, 3.00)
[Drone drone] Target position: (10.00, 9.35, 3.00)
[Drone drone] Target position: (10.00, 9.40, 3.00)
[Drone drone] Target position: (10.00, 9.45, 3.00)
[Drone drone] Target position: (10.00, 9.50, 3.00)
[Drone drone] Target position: (10.00, 9.55, 3.00)
[Drone drone] Target position: (10.00, 9.60, 3.00)
[Drone drone] Target position: (10.00, 9.65, 3.00)
[Drone drone] Target position: (10.00, 9.70, 3.00)
[Drone drone] Target position: (10.00, 9.75, 3.00)
[Drone drone] Target position: (10.00, 9.80, 3.00)
[Drone drone] Target position: (10.00, 9.85, 3.00)
[Drone drone] Target position: (10.00, 9.90, 3.00)
[Drone drone] Target position: (10.00, 9.95, 3.00)
[Drone drone] Target position: (10.00, 10.00, 3.00)
[Drone drone] Target position: (9.95, 10.00, 3.00)
[Drone drone] Target position: (9.90, 10.00, 3.00)
[Drone drone] Target position: (9.85, 10.00, 3.00)
[Drone drone] Target position: (9.80, 10.00, 3.00)
[Drone drone] Target position: (9.75, 10.00, 3.00)
[Drone drone] Target position: (9.70, 10.00, 3.00)
[Drone drone] Target position: (9.65, 10.00, 3.00)
[Drone drone] Target position: (9.60, 10.00, 3.00)
[Drone drone] Target position: (9.55, 10.00, 3.00)
[Drone drone] Target position: (9.50, 10.00, 3.00)
[Drone drone] Target position: (9.45, 10.00, 3.00)
[Drone drone] Target position: (9.40, 10.00, 3.00)
[Drone drone] Target position: (9.35, 10.00, 3.00)
[Drone drone] Target position: (9.30, 10.00, 3.00)
[Drone drone] Target position: (9.25, 10.00, 3.00)
[Drone drone] Target position: (9.20, 10.00, 3.00)
[Drone drone] Target position: (9.15, 10.00, 3.00)
[Drone drone] Target position: (9.10, 10.00, 3.00)
[Drone drone] Target position: (9.05, 10.00, 3.00)
[Drone drone] Target position: (9.00, 10.00, 3.00)
[Drone drone] Target position: (8.95, 10.00, 3.00)
[Drone drone] Target position: (8.90, 10.00, 3.00)
[Drone drone] Target position: (8.85, 10.00, 3.00)
[Drone drone] Target position: (8.80, 10.00, 3.00)
[Drone drone] Target position: (8.75, 10.00, 3.00)
[Drone drone] Target position: (8.70, 10.00, 3.00)
[Drone drone] Target position: (8.65, 10.00, 3.00)
[Drone drone] Target position: (8.60, 10.00, 3.00)
[Drone drone] Target position: (8.55, 10.00, 3.00)
[Drone drone] Target position: (8.50, 10.00, 3.00)
[Drone drone] Target position: (8.45, 10.00, 3.00)
[Drone drone] Target position: (8.40, 10.00, 3.00)
[Drone drone] Target position: (8.35, 10.00, 3.00)
[Drone drone] Target position: (8.30, 10.00, 3.00)
[Drone drone] Target position: (8.25, 10.00, 3.00)
[Drone drone] Target position: (8.20, 10.00, 3.00)
[Drone drone] Target position: (8.15, 10.00, 3.00)
[Drone drone] Target position: (8.10, 10.00, 3.00)
[Drone drone] Target position: (8.05, 10.00, 3.00)
[Drone drone] Target position: (8.00, 10.00, 3.00)
[Drone drone] Target position: (7.95, 10.00, 3.00)
[Drone drone] Target position: (7.90, 10.00, 3.00)
[Drone drone] Target position: (7.85, 10.00, 3.00)
[Drone drone] Target position: (7.80, 10.00, 3.00)
[Drone drone] Target position: (7.75, 10.00, 3.00)
[Drone drone] Target position: (7.70, 10.00, 3.00)
[Drone drone] Target position: (7.65, 10.00, 3.00)
[Drone drone] Target position: (7.60, 10.00, 3.00)
[Drone drone] Target position: (7.55, 10.00, 3.00)
[Drone drone] Target position: (7.50, 10.00, 3.00)
[Drone drone] Target position: (7.45, 10.00, 3.00)
[Drone drone] Target position: (7.40, 10.00, 3.00)
[Drone drone] Target position: (7.35, 10.00, 3.00)
[Drone drone] Target position: (7.30, 10.00, 3.00)
[Drone drone] Target position: (7.25, 10.00, 3.00)
[Drone drone] Target position: (7.20, 10.00, 3.00)
[Drone drone] Target position: (7.15, 10.00, 3.00)
[Drone drone] Target position: (7.10, 10.00, 3.00)
[Drone drone] Target position: (7.05, 10.00, 3.00)
[Drone drone] Target position: (7.00, 10.00, 3.00)
[Drone drone] Target position: (6.95, 10.00, 3.00)
[Drone drone] Target position: (6.90, 10.00, 3.00)
[Drone drone] Target position: (6.85, 10.00, 3.00)
[Drone drone] Target position: (6.80, 10.00, 3.00)
[Drone drone] Target position: (6.75, 10.00, 3.00)
[Drone drone] Target position: (6.70, 10.00, 3.00)
[Drone drone] Target position: (6.65, 10.00, 3.00)
[Drone drone] Target position: (6.60, 10.00, 3.00)
[Drone drone] Target position: (6.55, 10.00, 3.00)
[Drone drone] Target position: (6.50, 10.00, 3.00)
[Drone drone] Target position: (6.45, 10.00, 3.00)
[Drone drone] Target position: (6.40, 10.00, 3.00)
[Drone drone] Target position: (6.35, 10.00, 3.00)
[Drone drone] Target position: (6.30, 10.00, 3.00)
[Drone drone] Target position: (6.25, 10.00, 3.00)
[Drone drone] Target position: (6.20, 10.00, 3.00)
[Drone drone] Target position: (6.15, 10.00, 3.00)
[Drone drone] Target position: (6.10, 10.00, 3.00)
[Drone drone] Target position: (6.05, 10.00, 3.00)
[Drone drone] Target position: (6.00, 10.00, 3.00)
[Drone drone] Target position: (5.95, 10.00, 3.00)
[Drone drone] Target position: (5.90, 10.00, 3.00)
[Drone drone] Target position: (5.85, 10.00, 3.00)
[Drone drone] Target position: (5.80, 10.00, 3.00)
[Drone drone] Target position: (5.75, 10.00, 3.00)
[Drone drone] Target position: (5.70, 10.00, 3.00)
[Drone drone] Target position: (5.65, 10.00, 3.00)
[Drone drone] Target position: (5.60, 10.00, 3.00)
[Drone drone] Target position: (5.55, 10.00, 3.00)
[Drone drone] Target position: (5.50, 10.00, 3.00)
[Drone drone] Target position: (5.45, 10.00, 3.00)
[Drone drone] Target position: (5.40, 10.00, 3.00)
[Drone drone] Target position: (5.35, 10.00, 3.00)
[Drone drone] Target position: (5.30, 10.00, 3.00)
[Drone drone] Target position: (5.25, 10.00, 3.00)
[Drone drone] Target position: (5.20, 10.00, 3.00)
[Drone drone] Target position: (5.15, 10.00, 3.00)
[Drone drone] Target position: (5.10, 10.00, 3.00)
[Drone drone] Target position: (5.05, 10.00, 3.00)
[Drone drone] Target position: (5.00, 10.00, 3.00)
[Drone drone] Target position: (4.95, 10.00, 3.00)
[Drone drone] Target position: (4.90, 10.00, 3.00)
[Drone drone] Target position: (4.85, 10.00, 3.00)
[Drone drone] Target position: (4.80, 10.00, 3.00)
[Drone drone] Target position: (4.75, 10.00, 3.00)
[Drone drone] Target position: (4.70, 10.00, 3.00)
[Drone drone] Target position: (4.65, 10.00, 3.00)
[Drone drone] Target position: (4.60, 10.00, 3.00)
[Drone drone] Target position: (4.55, 10.00, 3.00)
[Drone drone] Target position: (4.50, 10.00, 3.00)
[Drone drone] Target position: (4.45, 10.00, 3.00)
[Drone drone] Target position: (4.40, 10.00, 3.00)
[Drone drone] Target position: (4.35, 10.00, 3.00)
[Drone drone] Target position: (4.30, 10.00, 3.00)
[Drone drone] Target position: (4.25, 10.00, 3.00)
[Drone drone] Target position: (4.20, 10.00, 3.00)
[Drone drone] Target position: (4.15, 10.00, 3.00)
[Drone drone] Target position: (4.10, 10.00, 3.00)
[Drone drone] Target position: (4.05, 10.00, 3.00)
[Drone drone] Target position: (4.00, 10.00, 3.00)
[Drone drone] Target position: (3.95, 10.00, 3.00)
[Drone drone] Target position: (3.90, 10.00, 3.00)
[Drone drone] Target position: (3.85, 10.00, 3.00)
[Drone drone] Target position: (3.80, 10.00, 3.00)
[Drone drone] Target position: (3.75, 10.00, 3.00)
[Drone drone] Target position: (3.70, 10.00, 3.00)
[Drone drone] Target position: (3.65, 10.00, 3.00)
[Drone drone] Target position: (3.60, 10.00, 3.00)
[Drone drone] Target position: (3.55, 10.00, 3.00)
[Drone drone] Target position: (3.50, 10.00, 3.00)
[Drone drone] Target position: (3.45, 10.00, 3.00)
[Drone drone] Target position: (3.40, 10.00, 3.00)
[Drone drone] Target position: (3.35, 10.00, 3.00)
[Drone drone] Target position: (3.30, 10.00, 3.00)
[Drone drone] Target position: (3.25, 10.00, 3.00)
[Drone drone] Target position: (3.20, 10.00, 3.00)
[Drone drone] Target position: (3.15, 10.00, 3.00)
[Drone drone] Target position: (3.10, 10.00, 3.00)
[Drone drone] Target position: (3.05, 10.00, 3.00)
[Drone drone] Target position: (3.00, 10.00, 3.00)
[Drone drone] Target position: (2.95, 10.00, 3.00)
[Drone drone] Target position: (2.90, 10.00, 3.00)
[Drone drone] Target position: (2.85, 10.00, 3.00)
[Drone drone] Target position: (2.80, 10.00, 3.00)
[Drone drone] Target position: (2.75, 10.00, 3.00)
[Drone drone] Target position: (2.70, 10.00, 3.00)
[Drone drone] Target position: (2.65, 10.00, 3.00)
[Drone drone] Target position: (2.60, 10.00, 3.00)
[Drone drone] Target position: (2.55, 10.00, 3.00)
[Drone drone] Target position: (2.50, 10.00, 3.00)
[Drone drone] Target position: (2.45, 10.00, 3.00)
[Drone drone] Target position: (2.40, 10.00, 3.00)
[Drone drone] Target position: (2.35, 10.00, 3.00)
[Drone drone] Target position: (2.30, 10.00, 3.00)
[Drone drone] Target position: (2.25, 10.00, 3.00)
[Drone drone] Target position: (2.20, 10.00, 3.00)
[Drone drone] Target position: (2.15, 10.00, 3.00)
[Drone drone] Target position: (2.10, 10.00, 3.00)
[Drone drone] Target position: (2.05, 10.00, 3.00)
[Drone drone] Target position: (2.00, 10.00, 3.00)
[Drone drone] Target position: (1.95, 10.00, 3.00)
[Drone drone] Target position: (1.90, 10.00, 3.00)
[Drone drone] Target position: (1.85, 10.00, 3.00)
[Drone drone] Target position: (1.80, 10.00, 3.00)
[Drone drone] Target position: (1.75, 10.00, 3.00)
[Drone drone] Target position: (1.70, 10.00, 3.00)
[Drone drone] Target position: (1.65, 10.00, 3.00)
[Drone drone] Target position: (1.60, 10.00, 3.00)
[Drone drone] Target position: (1.55, 10.00, 3.00)
[Drone drone] Target position: (1.50, 10.00, 3.00)
[Drone drone] Target position: (1.45, 10.00, 3.00)
[Drone drone] Target position: (1.40, 10.00, 3.00)
[Drone drone] Target position: (1.35, 10.00, 3.00)
[Drone drone] Target position: (1.30, 10.00, 3.00)
[Drone drone] Target position: (1.25, 10.00, 3.00)
[Drone drone] Target position: (1.20, 10.00, 3.00)
[Drone drone] Target position: (1.15, 10.00, 3.00)
[Drone drone] Target position: (1.10, 10.00, 3.00)
[Drone drone] Target position: (1.05, 10.00, 3.00)
[Drone drone] Target position: (1.00, 10.00, 3.00)
[Drone drone] Target position: (0.95, 10.00, 3.00)
[Drone drone] Target position: (0.90, 10.00, 3.00)
[Drone drone] Target position: (0.85, 10.00, 3.00)
[Drone drone] Target position: (0.80, 10.00, 3.00)
[Drone drone] Target position: (0.75, 10.00, 3.00)
[Drone drone] Target position: (0.70, 10.00, 3.00)
[Drone drone] Target position: (0.65, 10.00, 3.00)
[Drone drone] Target position: (0.60, 10.00, 3.00)
[Drone drone] Target position: (0.55, 10.00, 3.00)
[Drone drone] Target position: (0.50, 10.00, 3.00)
[Drone drone] Target position: (0.45, 10.00, 3.00)
[Drone drone] Target position: (0.40, 10.00, 3.00)
[Drone drone] Target position: (0.35, 10.00, 3.00)
[Drone drone] Target position: (0.30, 10.00, 3.00)
[Drone drone] Target position: (0.25, 10.00, 3.00)
[Drone drone] Target position: (0.20, 10.00, 3.00)
[Drone drone] Target position: (0.15, 10.00, 3.00)
[Drone drone] Target position: (0.10, 10.00, 3.00)
[Drone drone] Target position: (0.05, 10.00, 3.00)
[Drone drone] Target position: (0.00, 10.00, 3.00)
[ROS2 SERVICE] /drone/land called
[Drone drone] Mode: POSITION → LANDING
[ROS2 SERVICE] /drone/land success: Mode set to LANDING
[Drone drone] Mode: LANDING → DISARMED
[Drone drone] Landed and disarmed
[ROS2 SERVICE] /drone/arm called with data=True
[ROS2 SERVICE] Waiting for lock...
[ROS2 SERVICE] Lock acquired
[Drone drone] Mode: DISARMED → IDLE

********************************************************************************
[ARM EVENT] Drone ARMED
********************************************************************************

[Drone drone] Mode: IDLE → LOITER
[INFO] World drone switched to LOITER at position (0.23, 10.19, 0.08)
[Drone drone] Target position: (0.23, 10.19, 1.50)
[Drone drone] Mode: LOITER → POSITION
[SAFETY] Takeoff service executed:
  Mode: POSITION
  Target: (0.229, 10.191, 1.500)
  Current: (0.229, 10.191, 0.075)
[Drone drone] Target position: (0.05, 0.00, 3.00)
[Drone drone] Target position: (0.10, 0.00, 3.00)
[Drone drone] Target position: (0.15, 0.00, 3.00)
[Drone drone] Target position: (0.20, 0.00, 3.00)
[Drone drone] Target position: (0.25, 0.00, 3.00)
[Drone drone] Target position: (0.30, 0.00, 3.00)
[Drone drone] Target position: (0.35, 0.00, 3.00)
[Drone drone] Target position: (0.40, 0.00, 3.00)
[Drone drone] Target position: (0.45, 0.00, 3.00)
[Drone drone] Target position: (0.50, 0.00, 3.00)
[Drone drone] Target position: (0.55, 0.00, 3.00)
[Drone drone] Target position: (0.60, 0.00, 3.00)
[Drone drone] Target position: (0.65, 0.00, 3.00)
[Drone drone] Target position: (0.70, 0.00, 3.00)
[Drone drone] Target position: (0.75, 0.00, 3.00)
[Drone drone] Target position: (0.80, 0.00, 3.00)
[Drone drone] Target position: (0.85, 0.00, 3.00)
[Drone drone] Target position: (0.90, 0.00, 3.00)
[Drone drone] Target position: (0.95, 0.00, 3.00)
[Drone drone] Target position: (1.00, 0.00, 3.00)
[Drone drone] Target position: (1.05, 0.00, 3.00)
[Drone drone] Target position: (1.10, 0.00, 3.00)
[Drone drone] Target position: (1.15, 0.00, 3.00)
[Drone drone] Target position: (1.20, 0.00, 3.00)
[Drone drone] Target position: (1.25, 0.00, 3.00)
[Drone drone] Target position: (1.30, 0.00, 3.00)
[Drone drone] Target position: (1.35, 0.00, 3.00)
[Drone drone] Target position: (1.40, 0.00, 3.00)
[Drone drone] Target position: (1.45, 0.00, 3.00)
[Drone drone] Target position: (1.50, 0.00, 3.00)
[Drone drone] Target position: (1.55, 0.00, 3.00)
[Drone drone] Target position: (1.60, 0.00, 3.00)
[Drone drone] Target position: (1.65, 0.00, 3.00)
[Drone drone] Target position: (1.70, 0.00, 3.00)
[Drone drone] Target position: (1.75, 0.00, 3.00)
[Drone drone] Target position: (1.80, 0.00, 3.00)
[Drone drone] Target position: (1.85, 0.00, 3.00)
[Drone drone] Target position: (1.90, 0.00, 3.00)
[Drone drone] Target position: (1.95, 0.00, 3.00)
[Drone drone] Target position: (2.00, 0.00, 3.00)
[Drone drone] Target position: (2.05, 0.00, 3.00)
[Drone drone] Target position: (2.10, 0.00, 3.00)
[Drone drone] Target position: (2.15, 0.00, 3.00)
[Drone drone] Target position: (2.20, 0.00, 3.00)
[Drone drone] Target position: (2.25, 0.00, 3.00)
[Drone drone] Target position: (2.30, 0.00, 3.00)
[Drone drone] Target position: (2.35, 0.00, 3.00)
[Drone drone] Target position: (2.40, 0.00, 3.00)
[Drone drone] Target position: (2.45, 0.00, 3.00)
[Drone drone] Target position: (2.50, 0.00, 3.00)
[Drone drone] Target position: (2.55, 0.00, 3.00)
[Drone drone] Target position: (2.60, 0.00, 3.00)
[Drone drone] Target position: (2.65, 0.00, 3.00)
[Drone drone] Target position: (2.70, 0.00, 3.00)
[Drone drone] Target position: (2.75, 0.00, 3.00)
[Drone drone] Target position: (2.80, 0.00, 3.00)
[Drone drone] Target position: (2.85, 0.00, 3.00)
[Drone drone] Target position: (2.90, 0.00, 3.00)
[Drone drone] Target position: (2.95, 0.00, 3.00)
[Drone drone] Target position: (3.00, 0.00, 3.00)
[Drone drone] Target position: (3.05, 0.00, 3.00)
[Drone drone] Target position: (3.10, 0.00, 3.00)
[Drone drone] Target position: (3.15, 0.00, 3.00)
[Drone drone] Target position: (3.20, 0.00, 3.00)
[Drone drone] Target position: (3.25, 0.00, 3.00)
[Drone drone] Target position: (3.30, 0.00, 3.00)
[Drone drone] Target position: (3.35, 0.00, 3.00)
[Drone drone] Target position: (3.40, 0.00, 3.00)
[Drone drone] Target position: (3.45, 0.00, 3.00)
[Drone drone] Target position: (3.50, 0.00, 3.00)
[Drone drone] Target position: (3.55, 0.00, 3.00)
[Drone drone] Target position: (3.60, 0.00, 3.00)
[Drone drone] Target position: (3.65, 0.00, 3.00)
[Drone drone] Target position: (3.70, 0.00, 3.00)
[Drone drone] Target position: (3.75, 0.00, 3.00)
[Drone drone] Target position: (3.80, 0.00, 3.00)
[Drone drone] Target position: (3.85, 0.00, 3.00)
[Drone drone] Target position: (3.90, 0.00, 3.00)
[Drone drone] Target position: (3.95, 0.00, 3.00)
[Drone drone] Target position: (4.00, 0.00, 3.00)
[Drone drone] Target position: (4.05, 0.00, 3.00)
[Drone drone] Target position: (4.10, 0.00, 3.00)
[Drone drone] Target position: (4.15, 0.00, 3.00)
[Drone drone] Target position: (4.20, 0.00, 3.00)
[Drone drone] Target position: (4.25, 0.00, 3.00)
[Drone drone] Target position: (4.30, 0.00, 3.00)
[Drone drone] Target position: (4.35, 0.00, 3.00)
[Drone drone] Target position: (4.40, 0.00, 3.00)
[Drone drone] Target position: (4.45, 0.00, 3.00)
[Drone drone] Target position: (4.50, 0.00, 3.00)
[Drone drone] Target position: (4.55, 0.00, 3.00)
[Drone drone] Target position: (4.60, 0.00, 3.00)
[Drone drone] Target position: (4.65, 0.00, 3.00)
[Drone drone] Target position: (4.70, 0.00, 3.00)
[Drone drone] Target position: (4.75, 0.00, 3.00)
[Drone drone] Target position: (4.80, 0.00, 3.00)
[Drone drone] Target position: (4.85, 0.00, 3.00)
[Drone drone] Target position: (4.90, 0.00, 3.00)
[Drone drone] Target position: (4.95, 0.00, 3.00)
[Drone drone] Target position: (5.00, 0.00, 3.00)
[Drone drone] Target position: (5.05, 0.00, 3.00)
[Drone drone] Target position: (5.10, 0.00, 3.00)
[Drone drone] Target position: (5.15, 0.00, 3.00)
[Drone drone] Target position: (5.20, 0.00, 3.00)
[Drone drone] Target position: (5.25, 0.00, 3.00)
[Drone drone] Target position: (5.30, 0.00, 3.00)
[Drone drone] Target position: (5.35, 0.00, 3.00)
[Drone drone] Target position: (5.40, 0.00, 3.00)
[Drone drone] Target position: (5.45, 0.00, 3.00)
[Drone drone] Target position: (5.50, 0.00, 3.00)
[Drone drone] Target position: (5.55, 0.00, 3.00)
[Drone drone] Target position: (5.60, 0.00, 3.00)
[Drone drone] Target position: (5.65, 0.00, 3.00)
[Drone drone] Target position: (5.70, 0.00, 3.00)
[Drone drone] Target position: (5.75, 0.00, 3.00)
[Drone drone] Target position: (5.80, 0.00, 3.00)
[Drone drone] Target position: (5.85, 0.00, 3.00)
[Drone drone] Target position: (5.90, 0.00, 3.00)
[Drone drone] Target position: (5.95, 0.00, 3.00)
[Drone drone] Target position: (6.00, 0.00, 3.00)
[Drone drone] Target position: (6.05, 0.00, 3.00)
[Drone drone] Target position: (6.10, 0.00, 3.00)
[Drone drone] Target position: (6.15, 0.00, 3.00)
[Drone drone] Target position: (6.20, 0.00, 3.00)
[Drone drone] Target position: (6.25, 0.00, 3.00)
[Drone drone] Target position: (6.30, 0.00, 3.00)
[Drone drone] Target position: (6.35, 0.00, 3.00)
[Drone drone] Target position: (6.40, 0.00, 3.00)
[Drone drone] Target position: (6.45, 0.00, 3.00)
[Drone drone] Target position: (6.50, 0.00, 3.00)
[Drone drone] Target position: (6.55, 0.00, 3.00)
[Drone drone] Target position: (6.60, 0.00, 3.00)
[Drone drone] Target position: (6.65, 0.00, 3.00)
[Drone drone] Target position: (6.70, 0.00, 3.00)
[Drone drone] Target position: (6.75, 0.00, 3.00)
[Drone drone] Target position: (6.80, 0.00, 3.00)
[Drone drone] Target position: (6.85, 0.00, 3.00)
[Drone drone] Target position: (6.90, 0.00, 3.00)
[Drone drone] Target position: (6.95, 0.00, 3.00)
[Drone drone] Target position: (7.00, 0.00, 3.00)
[Drone drone] Target position: (7.05, 0.00, 3.00)
[Drone drone] Target position: (7.10, 0.00, 3.00)
[Drone drone] Target position: (7.15, 0.00, 3.00)
[Drone drone] Target position: (7.20, 0.00, 3.00)
[Drone drone] Target position: (7.25, 0.00, 3.00)
[Drone drone] Target position: (7.30, 0.00, 3.00)
[Drone drone] Target position: (7.35, 0.00, 3.00)
[Drone drone] Target position: (7.40, 0.00, 3.00)
[Drone drone] Target position: (7.45, 0.00, 3.00)
[Drone drone] Target position: (7.50, 0.00, 3.00)
[Drone drone] Target position: (7.55, 0.00, 3.00)
[Drone drone] Target position: (7.60, 0.00, 3.00)
[Drone drone] Target position: (7.65, 0.00, 3.00)
[Drone drone] Target position: (7.70, 0.00, 3.00)
[Drone drone] Target position: (7.75, 0.00, 3.00)
[Drone drone] Target position: (7.80, 0.00, 3.00)
[Drone drone] Target position: (7.85, 0.00, 3.00)
[Drone drone] Target position: (7.90, 0.00, 3.00)
[Drone drone] Target position: (7.95, 0.00, 3.00)
[Drone drone] Target position: (8.00, 0.00, 3.00)
[Drone drone] Target position: (8.05, 0.00, 3.00)
[Drone drone] Target position: (8.10, 0.00, 3.00)
[Drone drone] Target position: (8.15, 0.00, 3.00)
[Drone drone] Target position: (8.20, 0.00, 3.00)
[Drone drone] Target position: (8.25, 0.00, 3.00)
[Drone drone] Target position: (8.30, 0.00, 3.00)
[Drone drone] Target position: (8.35, 0.00, 3.00)
[Drone drone] Target position: (8.40, 0.00, 3.00)
[Drone drone] Target position: (8.45, 0.00, 3.00)
[Drone drone] Target position: (8.50, 0.00, 3.00)
[Drone drone] Target position: (8.55, 0.00, 3.00)
[Drone drone] Target position: (8.60, 0.00, 3.00)
[Drone drone] Target position: (8.65, 0.00, 3.00)
[Drone drone] Target position: (8.70, 0.00, 3.00)
[Drone drone] Target position: (8.75, 0.00, 3.00)
[Drone drone] Target position: (8.80, 0.00, 3.00)
[Drone drone] Target position: (8.85, 0.00, 3.00)
[Drone drone] Target position: (8.90, 0.00, 3.00)
[Drone drone] Target position: (8.95, 0.00, 3.00)
[Drone drone] Target position: (9.00, 0.00, 3.00)
[Drone drone] Target position: (9.05, 0.00, 3.00)
[Drone drone] Target position: (9.10, 0.00, 3.00)
[Drone drone] Target position: (9.15, 0.00, 3.00)
[Drone drone] Target position: (9.20, 0.00, 3.00)
[Drone drone] Target position: (9.25, 0.00, 3.00)
[Drone drone] Target position: (9.30, 0.00, 3.00)
[Drone drone] Target position: (9.35, 0.00, 3.00)
[Drone drone] Target position: (9.40, 0.00, 3.00)
[Drone drone] Target position: (9.45, 0.00, 3.00)
[Drone drone] Target position: (9.50, 0.00, 3.00)
[Drone drone] Target position: (9.55, 0.00, 3.00)
[Drone drone] Target position: (9.60, 0.00, 3.00)
[Drone drone] Target position: (9.65, 0.00, 3.00)
[Drone drone] Target position: (9.70, 0.00, 3.00)
[Drone drone] Target position: (9.75, 0.00, 3.00)
[Drone drone] Target position: (9.80, 0.00, 3.00)
[Drone drone] Target position: (9.85, 0.00, 3.00)
[Drone drone] Target position: (9.90, 0.00, 3.00)
[Drone drone] Target position: (9.95, 0.00, 3.00)
[Drone drone] Target position: (10.00, 0.00, 3.00)
[Drone drone] Target position: (10.00, 0.05, 3.00)
[Drone drone] Target position: (10.00, 0.10, 3.00)
[Drone drone] Target position: (10.00, 0.15, 3.00)
[Drone drone] Target position: (10.00, 0.20, 3.00)
[Drone drone] Target position: (10.00, 0.25, 3.00)
[Drone drone] Target position: (10.00, 0.30, 3.00)
[Drone drone] Target position: (10.00, 0.35, 3.00)
[Drone drone] Target position: (10.00, 0.40, 3.00)
[Drone drone] Target position: (10.00, 0.45, 3.00)
[Drone drone] Target position: (10.00, 0.50, 3.00)
[Drone drone] Target position: (10.00, 0.55, 3.00)
[Drone drone] Target position: (10.00, 0.60, 3.00)
[Drone drone] Target position: (10.00, 0.65, 3.00)
[Drone drone] Target position: (10.00, 0.70, 3.00)
[Drone drone] Target position: (10.00, 0.75, 3.00)
[Drone drone] Target position: (10.00, 0.80, 3.00)
[Drone drone] Target position: (10.00, 0.85, 3.00)
[Drone drone] Target position: (10.00, 0.90, 3.00)
[Drone drone] Target position: (10.00, 0.95, 3.00)
[Drone drone] Target position: (10.00, 1.00, 3.00)
[Drone drone] Target position: (10.00, 1.05, 3.00)
[Drone drone] Target position: (10.00, 1.10, 3.00)
[Drone drone] Target position: (10.00, 1.15, 3.00)
[Drone drone] Target position: (10.00, 1.20, 3.00)
[Drone drone] Target position: (10.00, 1.25, 3.00)
[Drone drone] Target position: (10.00, 1.30, 3.00)
[Drone drone] Target position: (10.00, 1.35, 3.00)
[Drone drone] Target position: (10.00, 1.40, 3.00)
[Drone drone] Target position: (10.00, 1.45, 3.00)
[Drone drone] Target position: (10.00, 1.50, 3.00)
[Drone drone] Target position: (10.00, 1.55, 3.00)
[Drone drone] Target position: (10.00, 1.60, 3.00)
[Drone drone] Target position: (10.00, 1.65, 3.00)
[Drone drone] Target position: (10.00, 1.70, 3.00)
[Drone drone] Target position: (10.00, 1.75, 3.00)
[Drone drone] Target position: (10.00, 1.80, 3.00)
[Drone drone] Target position: (10.00, 1.85, 3.00)
[Drone drone] Target position: (10.00, 1.90, 3.00)
[Drone drone] Target position: (10.00, 1.95, 3.00)
[Drone drone] Target position: (10.00, 2.00, 3.00)
[Drone drone] Target position: (9.95, 2.00, 3.00)
[Drone drone] Target position: (9.90, 2.00, 3.00)
[Drone drone] Target position: (9.85, 2.00, 3.00)
[Drone drone] Target position: (9.80, 2.00, 3.00)
[Drone drone] Target position: (9.75, 2.00, 3.00)
[Drone drone] Target position: (9.70, 2.00, 3.00)
[Drone drone] Target position: (9.65, 2.00, 3.00)
[Drone drone] Target position: (9.60, 2.00, 3.00)
[Drone drone] Target position: (9.55, 2.00, 3.00)
[Drone drone] Target position: (9.50, 2.00, 3.00)
[Drone drone] Target position: (9.45, 2.00, 3.00)
[Drone drone] Target position: (9.40, 2.00, 3.00)
[Drone drone] Target position: (9.35, 2.00, 3.00)
[Drone drone] Target position: (9.30, 2.00, 3.00)
[Drone drone] Target position: (9.25, 2.00, 3.00)
[Drone drone] Target position: (9.20, 2.00, 3.00)
[Drone drone] Target position: (9.15, 2.00, 3.00)
[Drone drone] Target position: (9.10, 2.00, 3.00)
[Drone drone] Target position: (9.05, 2.00, 3.00)
[Drone drone] Target position: (9.00, 2.00, 3.00)
[Drone drone] Target position: (8.95, 2.00, 3.00)
[Drone drone] Target position: (8.90, 2.00, 3.00)
[Drone drone] Target position: (8.85, 2.00, 3.00)
[Drone drone] Target position: (8.80, 2.00, 3.00)
[Drone drone] Target position: (8.75, 2.00, 3.00)
[Drone drone] Target position: (8.70, 2.00, 3.00)
[Drone drone] Target position: (8.65, 2.00, 3.00)
[Drone drone] Target position: (8.60, 2.00, 3.00)
[Drone drone] Target position: (8.55, 2.00, 3.00)
[Drone drone] Target position: (8.50, 2.00, 3.00)
[Drone drone] Target position: (8.45, 2.00, 3.00)
[Drone drone] Target position: (8.40, 2.00, 3.00)
[Drone drone] Target position: (8.35, 2.00, 3.00)
[Drone drone] Target position: (8.30, 2.00, 3.00)
[Drone drone] Target position: (8.25, 2.00, 3.00)
[Drone drone] Target position: (8.20, 2.00, 3.00)
[Drone drone] Target position: (8.15, 2.00, 3.00)
[Drone drone] Target position: (8.10, 2.00, 3.00)
[Drone drone] Target position: (8.05, 2.00, 3.00)
[Drone drone] Target position: (8.00, 2.00, 3.00)
[Drone drone] Target position: (7.95, 2.00, 3.00)
[Drone drone] Target position: (7.90, 2.00, 3.00)
[Drone drone] Target position: (7.85, 2.00, 3.00)
[Drone drone] Target position: (7.80, 2.00, 3.00)
[Drone drone] Target position: (7.75, 2.00, 3.00)
[Drone drone] Target position: (7.70, 2.00, 3.00)
[Drone drone] Target position: (7.65, 2.00, 3.00)
[Drone drone] Target position: (7.60, 2.00, 3.00)
[Drone drone] Target position: (7.55, 2.00, 3.00)
[Drone drone] Target position: (7.50, 2.00, 3.00)
[Drone drone] Target position: (7.45, 2.00, 3.00)
[Drone drone] Target position: (7.40, 2.00, 3.00)
[Drone drone] Target position: (7.35, 2.00, 3.00)
[Drone drone] Target position: (7.30, 2.00, 3.00)
[Drone drone] Target position: (7.25, 2.00, 3.00)
[Drone drone] Target position: (7.20, 2.00, 3.00)
[Drone drone] Target position: (7.15, 2.00, 3.00)
[Drone drone] Target position: (7.10, 2.00, 3.00)
[Drone drone] Target position: (7.05, 2.00, 3.00)
[Drone drone] Target position: (7.00, 2.00, 3.00)
[Drone drone] Target position: (6.95, 2.00, 3.00)
[Drone drone] Target position: (6.90, 2.00, 3.00)
[Drone drone] Target position: (6.85, 2.00, 3.00)
[Drone drone] Target position: (6.80, 2.00, 3.00)
[Drone drone] Target position: (6.75, 2.00, 3.00)
[Drone drone] Target position: (6.70, 2.00, 3.00)
[Drone drone] Target position: (6.65, 2.00, 3.00)
[Drone drone] Target position: (6.60, 2.00, 3.00)
[Drone drone] Target position: (6.55, 2.00, 3.00)
[Drone drone] Target position: (6.50, 2.00, 3.00)
[Drone drone] Target position: (6.45, 2.00, 3.00)
[Drone drone] Target position: (6.40, 2.00, 3.00)
[Drone drone] Target position: (6.35, 2.00, 3.00)
[Drone drone] Target position: (6.30, 2.00, 3.00)
[Drone drone] Target position: (6.25, 2.00, 3.00)
[Drone drone] Target position: (6.20, 2.00, 3.00)
[Drone drone] Target position: (6.15, 2.00, 3.00)
[Drone drone] Target position: (6.10, 2.00, 3.00)
[Drone drone] Target position: (6.05, 2.00, 3.00)
[Drone drone] Target position: (6.00, 2.00, 3.00)
[Drone drone] Target position: (5.95, 2.00, 3.00)
[Drone drone] Target position: (5.90, 2.00, 3.00)
[Drone drone] Target position: (5.85, 2.00, 3.00)
[Drone drone] Target position: (5.80, 2.00, 3.00)
[Drone drone] Target position: (5.75, 2.00, 3.00)
[Drone drone] Target position: (5.70, 2.00, 3.00)
[Drone drone] Target position: (5.65, 2.00, 3.00)
[Drone drone] Target position: (5.60, 2.00, 3.00)
[Drone drone] Target position: (5.55, 2.00, 3.00)
[Drone drone] Target position: (5.50, 2.00, 3.00)
[Drone drone] Target position: (5.45, 2.00, 3.00)
[Drone drone] Target position: (5.40, 2.00, 3.00)
[Drone drone] Target position: (5.35, 2.00, 3.00)
[Drone drone] Target position: (5.30, 2.00, 3.00)
[Drone drone] Target position: (5.25, 2.00, 3.00)
[Drone drone] Target position: (5.20, 2.00, 3.00)
[Drone drone] Target position: (5.15, 2.00, 3.00)
[Drone drone] Target position: (5.10, 2.00, 3.00)
[Drone drone] Target position: (5.05, 2.00, 3.00)
[Drone drone] Target position: (5.00, 2.00, 3.00)
[Drone drone] Target position: (4.95, 2.00, 3.00)
[Drone drone] Target position: (4.90, 2.00, 3.00)
[Drone drone] Target position: (4.85, 2.00, 3.00)
[Drone drone] Target position: (4.80, 2.00, 3.00)
[Drone drone] Target position: (4.75, 2.00, 3.00)
[Drone drone] Target position: (4.70, 2.00, 3.00)
[Drone drone] Target position: (4.65, 2.00, 3.00)
[Drone drone] Target position: (4.60, 2.00, 3.00)
[Drone drone] Target position: (4.55, 2.00, 3.00)
[Drone drone] Target position: (4.50, 2.00, 3.00)
[Drone drone] Target position: (4.45, 2.00, 3.00)
[Drone drone] Target position: (4.40, 2.00, 3.00)
[Drone drone] Target position: (4.35, 2.00, 3.00)
[Drone drone] Target position: (4.30, 2.00, 3.00)
[Drone drone] Target position: (4.25, 2.00, 3.00)
[Drone drone] Target position: (4.20, 2.00, 3.00)
[Drone drone] Target position: (4.15, 2.00, 3.00)
[Drone drone] Target position: (4.10, 2.00, 3.00)
[Drone drone] Target position: (4.05, 2.00, 3.00)
[Drone drone] Target position: (4.00, 2.00, 3.00)
[Drone drone] Target position: (3.95, 2.00, 3.00)
[Drone drone] Target position: (3.90, 2.00, 3.00)
[Drone drone] Target position: (3.85, 2.00, 3.00)
[Drone drone] Target position: (3.80, 2.00, 3.00)
[Drone drone] Target position: (3.75, 2.00, 3.00)
[Drone drone] Target position: (3.70, 2.00, 3.00)
[Drone drone] Target position: (3.65, 2.00, 3.00)
[Drone drone] Target position: (3.60, 2.00, 3.00)
[Drone drone] Target position: (3.55, 2.00, 3.00)
[Drone drone] Target position: (3.50, 2.00, 3.00)
[Drone drone] Target position: (3.45, 2.00, 3.00)
[Drone drone] Target position: (3.40, 2.00, 3.00)
[Drone drone] Target position: (3.35, 2.00, 3.00)
[Drone drone] Target position: (3.30, 2.00, 3.00)
[Drone drone] Target position: (3.25, 2.00, 3.00)
[Drone drone] Target position: (3.20, 2.00, 3.00)
[Drone drone] Target position: (3.15, 2.00, 3.00)
[Drone drone] Target position: (3.10, 2.00, 3.00)
[Drone drone] Target position: (3.05, 2.00, 3.00)
[Drone drone] Target position: (3.00, 2.00, 3.00)
[Drone drone] Target position: (2.95, 2.00, 3.00)
[Drone drone] Target position: (2.90, 2.00, 3.00)
[Drone drone] Target position: (2.85, 2.00, 3.00)
[Drone drone] Target position: (2.80, 2.00, 3.00)
[Drone drone] Target position: (2.75, 2.00, 3.00)
[Drone drone] Target position: (2.70, 2.00, 3.00)
[Drone drone] Target position: (2.65, 2.00, 3.00)
[Drone drone] Target position: (2.60, 2.00, 3.00)
[Drone drone] Target position: (2.55, 2.00, 3.00)
[Drone drone] Target position: (2.50, 2.00, 3.00)
[Drone drone] Target position: (2.45, 2.00, 3.00)
[Drone drone] Target position: (2.40, 2.00, 3.00)
[Drone drone] Target position: (2.35, 2.00, 3.00)
[Drone drone] Target position: (2.30, 2.00, 3.00)
[Drone drone] Target position: (2.25, 2.00, 3.00)
[Drone drone] Target position: (2.20, 2.00, 3.00)
[Drone drone] Target position: (2.15, 2.00, 3.00)
[Drone drone] Target position: (2.10, 2.00, 3.00)
[Drone drone] Target position: (2.05, 2.00, 3.00)
[Drone drone] Target position: (2.00, 2.00, 3.00)
[Drone drone] Target position: (1.95, 2.00, 3.00)
[Drone drone] Target position: (1.90, 2.00, 3.00)
[Drone drone] Target position: (1.85, 2.00, 3.00)
[Drone drone] Target position: (1.80, 2.00, 3.00)
[Drone drone] Target position: (1.75, 2.00, 3.00)
[Drone drone] Target position: (1.70, 2.00, 3.00)
[Drone drone] Target position: (1.65, 2.00, 3.00)
[Drone drone] Target position: (1.60, 2.00, 3.00)
[Drone drone] Target position: (1.55, 2.00, 3.00)
[Drone drone] Target position: (1.50, 2.00, 3.00)
[Drone drone] Target position: (1.45, 2.00, 3.00)
[Drone drone] Target position: (1.40, 2.00, 3.00)
[Drone drone] Target position: (1.35, 2.00, 3.00)
[Drone drone] Target position: (1.30, 2.00, 3.00)
[Drone drone] Target position: (1.25, 2.00, 3.00)
[Drone drone] Target position: (1.20, 2.00, 3.00)
[Drone drone] Target position: (1.15, 2.00, 3.00)
[Drone drone] Target position: (1.10, 2.00, 3.00)
[Drone drone] Target position: (1.05, 2.00, 3.00)
[Drone drone] Target position: (1.00, 2.00, 3.00)
[Drone drone] Target position: (0.95, 2.00, 3.00)
[Drone drone] Target position: (0.90, 2.00, 3.00)
[Drone drone] Target position: (0.85, 2.00, 3.00)
[Drone drone] Target position: (0.80, 2.00, 3.00)
[Drone drone] Target position: (0.75, 2.00, 3.00)
[Drone drone] Target position: (0.70, 2.00, 3.00)
[Drone drone] Target position: (0.65, 2.00, 3.00)
[Drone drone] Target position: (0.60, 2.00, 3.00)
[Drone drone] Target position: (0.55, 2.00, 3.00)
[Drone drone] Target position: (0.50, 2.00, 3.00)
[Drone drone] Target position: (0.45, 2.00, 3.00)
[Drone drone] Target position: (0.40, 2.00, 3.00)
[Drone drone] Target position: (0.35, 2.00, 3.00)
[Drone drone] Target position: (0.30, 2.00, 3.00)
[Drone drone] Target position: (0.25, 2.00, 3.00)
[Drone drone] Target position: (0.20, 2.00, 3.00)
[Drone drone] Target position: (0.15, 2.00, 3.00)
[Drone drone] Target position: (0.10, 2.00, 3.00)
[Drone drone] Target position: (0.05, 2.00, 3.00)
[Drone drone] Target position: (0.00, 2.00, 3.00)
[Drone drone] Target position: (0.00, 2.05, 3.00)
[Drone drone] Target position: (0.00, 2.10, 3.00)
[Drone drone] Target position: (0.00, 2.15, 3.00)
[Drone drone] Target position: (0.00, 2.20, 3.00)
[Drone drone] Target position: (0.00, 2.25, 3.00)
[Drone drone] Target position: (0.00, 2.30, 3.00)
[Drone drone] Target position: (0.00, 2.35, 3.00)
[Drone drone] Target position: (0.00, 2.40, 3.00)
[Drone drone] Target position: (0.00, 2.45, 3.00)
[Drone drone] Target position: (0.00, 2.50, 3.00)
[Drone drone] Target position: (0.00, 2.55, 3.00)
[Drone drone] Target position: (0.00, 2.60, 3.00)
[Drone drone] Target position: (0.00, 2.65, 3.00)
[Drone drone] Target position: (0.00, 2.70, 3.00)
[Drone drone] Target position: (0.00, 2.75, 3.00)
[Drone drone] Target position: (0.00, 2.80, 3.00)
[Drone drone] Target position: (0.00, 2.85, 3.00)
[Drone drone] Target position: (0.00, 2.90, 3.00)
[Drone drone] Target position: (0.00, 2.95, 3.00)
[Drone drone] Target position: (0.00, 3.00, 3.00)
[Drone drone] Target position: (0.00, 3.05, 3.00)
[Drone drone] Target position: (0.00, 3.10, 3.00)
[Drone drone] Target position: (0.00, 3.15, 3.00)
[Drone drone] Target position: (0.00, 3.20, 3.00)
[Drone drone] Target position: (0.00, 3.25, 3.00)
[Drone drone] Target position: (0.00, 3.30, 3.00)
[Drone drone] Target position: (0.00, 3.35, 3.00)
[Drone drone] Target position: (0.00, 3.40, 3.00)
[Drone drone] Target position: (0.00, 3.45, 3.00)
[Drone drone] Target position: (0.00, 3.50, 3.00)
[Drone drone] Target position: (0.00, 3.55, 3.00)
[Drone drone] Target position: (0.00, 3.60, 3.00)
[Drone drone] Target position: (0.00, 3.65, 3.00)
[Drone drone] Target position: (0.00, 3.70, 3.00)
[Drone drone] Target position: (0.00, 3.75, 3.00)
[Drone drone] Target position: (0.00, 3.80, 3.00)
[Drone drone] Target position: (0.00, 3.85, 3.00)
[Drone drone] Target position: (0.00, 3.90, 3.00)
[Drone drone] Target position: (0.00, 3.95, 3.00)
[Drone drone] Target position: (0.00, 4.00, 3.00)
[Drone drone] Target position: (0.05, 4.00, 3.00)
[Drone drone] Target position: (0.10, 4.00, 3.00)
[Drone drone] Target position: (0.15, 4.00, 3.00)
[Drone drone] Target position: (0.20, 4.00, 3.00)
[Drone drone] Target position: (0.25, 4.00, 3.00)
[Drone drone] Target position: (0.30, 4.00, 3.00)
[Drone drone] Target position: (0.35, 4.00, 3.00)
[Drone drone] Target position: (0.40, 4.00, 3.00)
[Drone drone] Target position: (0.45, 4.00, 3.00)
[Drone drone] Target position: (0.50, 4.00, 3.00)
[Drone drone] Target position: (0.55, 4.00, 3.00)
[Drone drone] Target position: (0.60, 4.00, 3.00)
[Drone drone] Target position: (0.65, 4.00, 3.00)
[Drone drone] Target position: (0.70, 4.00, 3.00)
[Drone drone] Target position: (0.75, 4.00, 3.00)
[Drone drone] Target position: (0.80, 4.00, 3.00)
[Drone drone] Target position: (0.85, 4.00, 3.00)
[Drone drone] Target position: (0.90, 4.00, 3.00)
[Drone drone] Target position: (0.95, 4.00, 3.00)
[Drone drone] Target position: (1.00, 4.00, 3.00)
[Drone drone] Target position: (1.05, 4.00, 3.00)
[Drone drone] Target position: (1.10, 4.00, 3.00)
[Drone drone] Target position: (1.15, 4.00, 3.00)
[Drone drone] Target position: (1.20, 4.00, 3.00)
[Drone drone] Target position: (1.25, 4.00, 3.00)
[Drone drone] Target position: (1.30, 4.00, 3.00)
[Drone drone] Target position: (1.35, 4.00, 3.00)
[Drone drone] Target position: (1.40, 4.00, 3.00)
[Drone drone] Target position: (1.45, 4.00, 3.00)
[Drone drone] Target position: (1.50, 4.00, 3.00)
[Drone drone] Target position: (1.55, 4.00, 3.00)
[Drone drone] Target position: (1.60, 4.00, 3.00)
[Drone drone] Target position: (1.65, 4.00, 3.00)
[Drone drone] Target position: (1.70, 4.00, 3.00)
[Drone drone] Target position: (1.75, 4.00, 3.00)
[Drone drone] Target position: (1.80, 4.00, 3.00)
[Drone drone] Target position: (1.85, 4.00, 3.00)
[Drone drone] Target position: (1.90, 4.00, 3.00)
[Drone drone] Target position: (1.95, 4.00, 3.00)
[Drone drone] Target position: (2.00, 4.00, 3.00)
[Drone drone] Target position: (2.05, 4.00, 3.00)
[Drone drone] Target position: (2.10, 4.00, 3.00)
[Drone drone] Target position: (2.15, 4.00, 3.00)
[Drone drone] Target position: (2.20, 4.00, 3.00)
[Drone drone] Target position: (2.25, 4.00, 3.00)
[Drone drone] Target position: (2.30, 4.00, 3.00)
[Drone drone] Target position: (2.35, 4.00, 3.00)
[Drone drone] Target position: (2.40, 4.00, 3.00)
[Drone drone] Target position: (2.45, 4.00, 3.00)
[Drone drone] Target position: (2.50, 4.00, 3.00)
[Drone drone] Target position: (2.55, 4.00, 3.00)
[Drone drone] Target position: (2.60, 4.00, 3.00)
[Drone drone] Target position: (2.65, 4.00, 3.00)
[Drone drone] Target position: (2.70, 4.00, 3.00)
[Drone drone] Target position: (2.75, 4.00, 3.00)
[Drone drone] Target position: (2.80, 4.00, 3.00)
[Drone drone] Target position: (2.85, 4.00, 3.00)
[Drone drone] Target position: (2.90, 4.00, 3.00)
[Drone drone] Target position: (2.95, 4.00, 3.00)
[Drone drone] Target position: (3.00, 4.00, 3.00)
[Drone drone] Target position: (3.05, 4.00, 3.00)
[Drone drone] Target position: (3.10, 4.00, 3.00)
[Drone drone] Target position: (3.15, 4.00, 3.00)
[Drone drone] Target position: (3.20, 4.00, 3.00)
[Drone drone] Target position: (3.25, 4.00, 3.00)
[Drone drone] Target position: (3.30, 4.00, 3.00)
[Drone drone] Target position: (3.35, 4.00, 3.00)
[Drone drone] Target position: (3.40, 4.00, 3.00)
[Drone drone] Target position: (3.45, 4.00, 3.00)
[Drone drone] Target position: (3.50, 4.00, 3.00)
[Drone drone] Target position: (3.55, 4.00, 3.00)
[Drone drone] Target position: (3.60, 4.00, 3.00)
[Drone drone] Target position: (3.65, 4.00, 3.00)
[Drone drone] Target position: (3.70, 4.00, 3.00)
[Drone drone] Target position: (3.75, 4.00, 3.00)
[Drone drone] Target position: (3.80, 4.00, 3.00)
[Drone drone] Target position: (3.85, 4.00, 3.00)
[Drone drone] Target position: (3.90, 4.00, 3.00)
[Drone drone] Target position: (3.95, 4.00, 3.00)
[Drone drone] Target position: (4.00, 4.00, 3.00)
[Drone drone] Target position: (4.05, 4.00, 3.00)
[Drone drone] Target position: (4.10, 4.00, 3.00)
[Drone drone] Target position: (4.15, 4.00, 3.00)
[Drone drone] Target position: (4.20, 4.00, 3.00)
[Drone drone] Target position: (4.25, 4.00, 3.00)
[Drone drone] Target position: (4.30, 4.00, 3.00)
[Drone drone] Target position: (4.35, 4.00, 3.00)
[Drone drone] Target position: (4.40, 4.00, 3.00)
[Drone drone] Target position: (4.45, 4.00, 3.00)
[Drone drone] Target position: (4.50, 4.00, 3.00)
[Drone drone] Target position: (4.55, 4.00, 3.00)
[Drone drone] Target position: (4.60, 4.00, 3.00)
[Drone drone] Target position: (4.65, 4.00, 3.00)
[Drone drone] Target position: (4.70, 4.00, 3.00)
[Drone drone] Target position: (4.75, 4.00, 3.00)
[Drone drone] Target position: (4.80, 4.00, 3.00)
[Drone drone] Target position: (4.85, 4.00, 3.00)
[Drone drone] Target position: (4.90, 4.00, 3.00)
[Drone drone] Target position: (4.95, 4.00, 3.00)
[Drone drone] Target position: (5.00, 4.00, 3.00)
[Drone drone] Target position: (5.05, 4.00, 3.00)
[Drone drone] Target position: (5.10, 4.00, 3.00)
[Drone drone] Target position: (5.15, 4.00, 3.00)
[Drone drone] Target position: (5.20, 4.00, 3.00)
[Drone drone] Target position: (5.25, 4.00, 3.00)
[Drone drone] Target position: (5.30, 4.00, 3.00)
[Drone drone] Target position: (5.35, 4.00, 3.00)
[Drone drone] Target position: (5.40, 4.00, 3.00)
[Drone drone] Target position: (5.45, 4.00, 3.00)
[Drone drone] Target position: (5.50, 4.00, 3.00)
[Drone drone] Target position: (5.55, 4.00, 3.00)
[Drone drone] Target position: (5.60, 4.00, 3.00)
[Drone drone] Target position: (5.65, 4.00, 3.00)
[Drone drone] Target position: (5.70, 4.00, 3.00)
[Drone drone] Target position: (5.75, 4.00, 3.00)
[Drone drone] Target position: (5.80, 4.00, 3.00)
[Drone drone] Target position: (5.85, 4.00, 3.00)
[Drone drone] Target position: (5.90, 4.00, 3.00)
[Drone drone] Target position: (5.95, 4.00, 3.00)
[Drone drone] Target position: (6.00, 4.00, 3.00)
[Drone drone] Target position: (6.05, 4.00, 3.00)
[Drone drone] Target position: (6.10, 4.00, 3.00)
[Drone drone] Target position: (6.15, 4.00, 3.00)
[Drone drone] Target position: (6.20, 4.00, 3.00)
[Drone drone] Target position: (6.25, 4.00, 3.00)
[Drone drone] Target position: (6.30, 4.00, 3.00)
[Drone drone] Target position: (6.35, 4.00, 3.00)
[Drone drone] Target position: (6.40, 4.00, 3.00)
[Drone drone] Target position: (6.45, 4.00, 3.00)
[Drone drone] Target position: (6.50, 4.00, 3.00)
[Drone drone] Target position: (6.55, 4.00, 3.00)
[Drone drone] Target position: (6.60, 4.00, 3.00)
[Drone drone] Target position: (6.65, 4.00, 3.00)
[Drone drone] Target position: (6.70, 4.00, 3.00)
[Drone drone] Target position: (6.75, 4.00, 3.00)
[Drone drone] Target position: (6.80, 4.00, 3.00)
[Drone drone] Target position: (6.85, 4.00, 3.00)
[Drone drone] Target position: (6.90, 4.00, 3.00)
[Drone drone] Target position: (6.95, 4.00, 3.00)
[Drone drone] Target position: (7.00, 4.00, 3.00)
[Drone drone] Target position: (7.05, 4.00, 3.00)
[Drone drone] Target position: (7.10, 4.00, 3.00)
[Drone drone] Target position: (7.15, 4.00, 3.00)
[Drone drone] Target position: (7.20, 4.00, 3.00)
[Drone drone] Target position: (7.25, 4.00, 3.00)
[Drone drone] Target position: (7.30, 4.00, 3.00)
[Drone drone] Target position: (7.35, 4.00, 3.00)
[Drone drone] Target position: (7.40, 4.00, 3.00)
[Drone drone] Target position: (7.45, 4.00, 3.00)
[Drone drone] Target position: (7.50, 4.00, 3.00)
[Drone drone] Target position: (7.55, 4.00, 3.00)
[Drone drone] Target position: (7.60, 4.00, 3.00)
[Drone drone] Target position: (7.65, 4.00, 3.00)
[Drone drone] Target position: (7.70, 4.00, 3.00)
[Drone drone] Target position: (7.75, 4.00, 3.00)
[Drone drone] Target position: (7.80, 4.00, 3.00)
[Drone drone] Target position: (7.85, 4.00, 3.00)
[Drone drone] Target position: (7.90, 4.00, 3.00)
[Drone drone] Target position: (7.95, 4.00, 3.00)
[Drone drone] Target position: (8.00, 4.00, 3.00)
[Drone drone] Target position: (8.05, 4.00, 3.00)
[Drone drone] Target position: (8.10, 4.00, 3.00)
[Drone drone] Target position: (8.15, 4.00, 3.00)
[Drone drone] Target position: (8.20, 4.00, 3.00)
[Drone drone] Target position: (8.25, 4.00, 3.00)
[Drone drone] Target position: (8.30, 4.00, 3.00)
[Drone drone] Target position: (8.35, 4.00, 3.00)
[Drone drone] Target position: (8.40, 4.00, 3.00)
[Drone drone] Target position: (8.45, 4.00, 3.00)
[Drone drone] Target position: (8.50, 4.00, 3.00)
[Drone drone] Target position: (8.55, 4.00, 3.00)
[Drone drone] Target position: (8.60, 4.00, 3.00)
[Drone drone] Target position: (8.65, 4.00, 3.00)
[Drone drone] Target position: (8.70, 4.00, 3.00)
[Drone drone] Target position: (8.75, 4.00, 3.00)
[Drone drone] Target position: (8.80, 4.00, 3.00)
[Drone drone] Target position: (8.85, 4.00, 3.00)
[Drone drone] Target position: (8.90, 4.00, 3.00)
[Drone drone] Target position: (8.95, 4.00, 3.00)
[Drone drone] Target position: (9.00, 4.00, 3.00)
[Drone drone] Target position: (9.05, 4.00, 3.00)
[Drone drone] Target position: (9.10, 4.00, 3.00)
[Drone drone] Target position: (9.15, 4.00, 3.00)
[Drone drone] Target position: (9.20, 4.00, 3.00)
[Drone drone] Target position: (9.25, 4.00, 3.00)
[Drone drone] Target position: (9.30, 4.00, 3.00)
[Drone drone] Target position: (9.35, 4.00, 3.00)
[Drone drone] Target position: (9.40, 4.00, 3.00)
[Drone drone] Target position: (9.45, 4.00, 3.00)
[Drone drone] Target position: (9.50, 4.00, 3.00)
[Drone drone] Target position: (9.55, 4.00, 3.00)
[Drone drone] Target position: (9.60, 4.00, 3.00)
[Drone drone] Target position: (9.65, 4.00, 3.00)
[Drone drone] Target position: (9.70, 4.00, 3.00)
[Drone drone] Target position: (9.75, 4.00, 3.00)
[Drone drone] Target position: (9.80, 4.00, 3.00)
[Drone drone] Target position: (9.85, 4.00, 3.00)
[Drone drone] Target position: (9.90, 4.00, 3.00)
[Drone drone] Target position: (9.95, 4.00, 3.00)
[Drone drone] Target position: (10.00, 4.00, 3.00)
[Drone drone] Target position: (10.00, 4.05, 3.00)
[Drone drone] Target position: (10.00, 4.10, 3.00)
[Drone drone] Target position: (10.00, 4.15, 3.00)
[Drone drone] Target position: (10.00, 4.20, 3.00)
[Drone drone] Target position: (10.00, 4.25, 3.00)
[Drone drone] Target position: (10.00, 4.30, 3.00)
[Drone drone] Target position: (10.00, 4.35, 3.00)
[Drone drone] Target position: (10.00, 4.40, 3.00)
[Drone drone] Target position: (10.00, 4.45, 3.00)
[Drone drone] Target position: (10.00, 4.50, 3.00)
[Drone drone] Target position: (10.00, 4.55, 3.00)
[Drone drone] Target position: (10.00, 4.60, 3.00)
[Drone drone] Target position: (10.00, 4.65, 3.00)
[Drone drone] Target position: (10.00, 4.70, 3.00)
[Drone drone] Target position: (10.00, 4.75, 3.00)
[Drone drone] Target position: (10.00, 4.80, 3.00)
[Drone drone] Target position: (10.00, 4.85, 3.00)
[Drone drone] Target position: (10.00, 4.90, 3.00)
[Drone drone] Target position: (10.00, 4.95, 3.00)
[Drone drone] Target position: (10.00, 5.00, 3.00)
[Drone drone] Target position: (10.00, 5.05, 3.00)
[Drone drone] Target position: (10.00, 5.10, 3.00)
[Drone drone] Target position: (10.00, 5.15, 3.00)
[Drone drone] Target position: (10.00, 5.20, 3.00)
[Drone drone] Target position: (10.00, 5.25, 3.00)
[Drone drone] Target position: (10.00, 5.30, 3.00)
[Drone drone] Target position: (10.00, 5.35, 3.00)
[Drone drone] Target position: (10.00, 5.40, 3.00)
[Drone drone] Target position: (10.00, 5.45, 3.00)
[Drone drone] Target position: (10.00, 5.50, 3.00)
[Drone drone] Target position: (10.00, 5.55, 3.00)
[Drone drone] Target position: (10.00, 5.60, 3.00)
[Drone drone] Target position: (10.00, 5.65, 3.00)
[Drone drone] Target position: (10.00, 5.70, 3.00)
[Drone drone] Target position: (10.00, 5.75, 3.00)
[Drone drone] Target position: (10.00, 5.80, 3.00)
[Drone drone] Target position: (10.00, 5.85, 3.00)
[Drone drone] Target position: (10.00, 5.90, 3.00)
[Drone drone] Target position: (10.00, 5.95, 3.00)
[Drone drone] Target position: (10.00, 6.00, 3.00)
[Drone drone] Target position: (9.95, 6.00, 3.00)
[Drone drone] Target position: (9.90, 6.00, 3.00)
[Drone drone] Target position: (9.85, 6.00, 3.00)
[Drone drone] Target position: (9.80, 6.00, 3.00)
[Drone drone] Target position: (9.75, 6.00, 3.00)
[Drone drone] Target position: (9.70, 6.00, 3.00)
[Drone drone] Target position: (9.65, 6.00, 3.00)
[Drone drone] Target position: (9.60, 6.00, 3.00)
[Drone drone] Target position: (9.55, 6.00, 3.00)
[Drone drone] Target position: (9.50, 6.00, 3.00)
[Drone drone] Target position: (9.45, 6.00, 3.00)
[Drone drone] Target position: (9.40, 6.00, 3.00)
[Drone drone] Target position: (9.35, 6.00, 3.00)
[Drone drone] Target position: (9.30, 6.00, 3.00)
[Drone drone] Target position: (9.25, 6.00, 3.00)
[Drone drone] Target position: (9.20, 6.00, 3.00)
[Drone drone] Target position: (9.15, 6.00, 3.00)
[Drone drone] Target position: (9.10, 6.00, 3.00)
[Drone drone] Target position: (9.05, 6.00, 3.00)
[Drone drone] Target position: (9.00, 6.00, 3.00)
[Drone drone] Target position: (8.95, 6.00, 3.00)
[Drone drone] Target position: (8.90, 6.00, 3.00)
[Drone drone] Target position: (8.85, 6.00, 3.00)
[Drone drone] Target position: (8.80, 6.00, 3.00)
[Drone drone] Target position: (8.75, 6.00, 3.00)
[Drone drone] Target position: (8.70, 6.00, 3.00)
[Drone drone] Target position: (8.65, 6.00, 3.00)
[Drone drone] Target position: (8.60, 6.00, 3.00)
[Drone drone] Target position: (8.55, 6.00, 3.00)
[Drone drone] Target position: (8.50, 6.00, 3.00)
[Drone drone] Target position: (8.45, 6.00, 3.00)
[Drone drone] Target position: (8.40, 6.00, 3.00)
[Drone drone] Target position: (8.35, 6.00, 3.00)
[Drone drone] Target position: (8.30, 6.00, 3.00)
[Drone drone] Target position: (8.25, 6.00, 3.00)
[Drone drone] Target position: (8.20, 6.00, 3.00)
[Drone drone] Target position: (8.15, 6.00, 3.00)
[Drone drone] Target position: (8.10, 6.00, 3.00)
[Drone drone] Target position: (8.05, 6.00, 3.00)
[Drone drone] Target position: (8.00, 6.00, 3.00)
[Drone drone] Target position: (7.95, 6.00, 3.00)
[Drone drone] Target position: (7.90, 6.00, 3.00)
[Drone drone] Target position: (7.85, 6.00, 3.00)
[Drone drone] Target position: (7.80, 6.00, 3.00)
[Drone drone] Target position: (7.75, 6.00, 3.00)
[Drone drone] Target position: (7.70, 6.00, 3.00)
[Drone drone] Target position: (7.65, 6.00, 3.00)
[Drone drone] Target position: (7.60, 6.00, 3.00)
[Drone drone] Target position: (7.55, 6.00, 3.00)
[Drone drone] Target position: (7.50, 6.00, 3.00)
[Drone drone] Target position: (7.45, 6.00, 3.00)
[Drone drone] Target position: (7.40, 6.00, 3.00)
[Drone drone] Target position: (7.35, 6.00, 3.00)
[Drone drone] Target position: (7.30, 6.00, 3.00)
[Drone drone] Target position: (7.25, 6.00, 3.00)
[Drone drone] Target position: (7.20, 6.00, 3.00)
[Drone drone] Target position: (7.15, 6.00, 3.00)
[Drone drone] Target position: (7.10, 6.00, 3.00)
[Drone drone] Target position: (7.05, 6.00, 3.00)
[Drone drone] Target position: (7.00, 6.00, 3.00)
[Drone drone] Target position: (6.95, 6.00, 3.00)
[Drone drone] Target position: (6.90, 6.00, 3.00)
[Drone drone] Target position: (6.85, 6.00, 3.00)
[Drone drone] Target position: (6.80, 6.00, 3.00)
[Drone drone] Target position: (6.75, 6.00, 3.00)
[Drone drone] Target position: (6.70, 6.00, 3.00)
[Drone drone] Target position: (6.65, 6.00, 3.00)
[Drone drone] Target position: (6.60, 6.00, 3.00)
[Drone drone] Target position: (6.55, 6.00, 3.00)
[Drone drone] Target position: (6.50, 6.00, 3.00)
[Drone drone] Target position: (6.45, 6.00, 3.00)
[Drone drone] Target position: (6.40, 6.00, 3.00)
[Drone drone] Target position: (6.35, 6.00, 3.00)
[Drone drone] Target position: (6.30, 6.00, 3.00)
[Drone drone] Target position: (6.25, 6.00, 3.00)
[Drone drone] Target position: (6.20, 6.00, 3.00)
[Drone drone] Target position: (6.15, 6.00, 3.00)
[Drone drone] Target position: (6.10, 6.00, 3.00)
[Drone drone] Target position: (6.05, 6.00, 3.00)
[Drone drone] Target position: (6.00, 6.00, 3.00)
[Drone drone] Target position: (5.95, 6.00, 3.00)
[Drone drone] Target position: (5.90, 6.00, 3.00)
[Drone drone] Target position: (5.85, 6.00, 3.00)
[Drone drone] Target position: (5.80, 6.00, 3.00)
[Drone drone] Target position: (5.75, 6.00, 3.00)
[Drone drone] Target position: (5.70, 6.00, 3.00)
[Drone drone] Target position: (5.65, 6.00, 3.00)
[Drone drone] Target position: (5.60, 6.00, 3.00)
[Drone drone] Target position: (5.55, 6.00, 3.00)
[Drone drone] Target position: (5.50, 6.00, 3.00)
[Drone drone] Target position: (5.45, 6.00, 3.00)
[Drone drone] Target position: (5.40, 6.00, 3.00)
[Drone drone] Target position: (5.35, 6.00, 3.00)
[Drone drone] Target position: (5.30, 6.00, 3.00)
[Drone drone] Target position: (5.25, 6.00, 3.00)
[Drone drone] Target position: (5.20, 6.00, 3.00)
[Drone drone] Target position: (5.15, 6.00, 3.00)
[Drone drone] Target position: (5.10, 6.00, 3.00)
[Drone drone] Target position: (5.05, 6.00, 3.00)
[Drone drone] Target position: (5.00, 6.00, 3.00)
[Drone drone] Target position: (4.95, 6.00, 3.00)
[Drone drone] Target position: (4.90, 6.00, 3.00)
[Drone drone] Target position: (4.85, 6.00, 3.00)
[Drone drone] Target position: (4.80, 6.00, 3.00)
[Drone drone] Target position: (4.75, 6.00, 3.00)
[Drone drone] Target position: (4.70, 6.00, 3.00)
[Drone drone] Target position: (4.65, 6.00, 3.00)
[Drone drone] Target position: (4.60, 6.00, 3.00)
[Drone drone] Target position: (4.55, 6.00, 3.00)
[Drone drone] Target position: (4.50, 6.00, 3.00)
[Drone drone] Target position: (4.45, 6.00, 3.00)
[Drone drone] Target position: (4.40, 6.00, 3.00)
[Drone drone] Target position: (4.35, 6.00, 3.00)
[Drone drone] Target position: (4.30, 6.00, 3.00)
[Drone drone] Target position: (4.25, 6.00, 3.00)
[Drone drone] Target position: (4.20, 6.00, 3.00)
[Drone drone] Target position: (4.15, 6.00, 3.00)
[Drone drone] Target position: (4.10, 6.00, 3.00)
[Drone drone] Target position: (4.05, 6.00, 3.00)
[Drone drone] Target position: (4.00, 6.00, 3.00)
[Drone drone] Target position: (3.95, 6.00, 3.00)
[Drone drone] Target position: (3.90, 6.00, 3.00)
[Drone drone] Target position: (3.85, 6.00, 3.00)
[Drone drone] Target position: (3.80, 6.00, 3.00)
[Drone drone] Target position: (3.75, 6.00, 3.00)
[Drone drone] Target position: (3.70, 6.00, 3.00)
[Drone drone] Target position: (3.65, 6.00, 3.00)
[Drone drone] Target position: (3.60, 6.00, 3.00)
[Drone drone] Target position: (3.55, 6.00, 3.00)
[Drone drone] Target position: (3.50, 6.00, 3.00)
[Drone drone] Target position: (3.45, 6.00, 3.00)
[Drone drone] Target position: (3.40, 6.00, 3.00)
[Drone drone] Target position: (3.35, 6.00, 3.00)
[Drone drone] Target position: (3.30, 6.00, 3.00)
[Drone drone] Target position: (3.25, 6.00, 3.00)
[Drone drone] Target position: (3.20, 6.00, 3.00)
[Drone drone] Target position: (3.15, 6.00, 3.00)
[Drone drone] Target position: (3.10, 6.00, 3.00)
[Drone drone] Target position: (3.05, 6.00, 3.00)
[Drone drone] Target position: (3.00, 6.00, 3.00)
[Drone drone] Target position: (2.95, 6.00, 3.00)
[Drone drone] Target position: (2.90, 6.00, 3.00)
[Drone drone] Target position: (2.85, 6.00, 3.00)
[Drone drone] Target position: (2.80, 6.00, 3.00)
[Drone drone] Target position: (2.75, 6.00, 3.00)
[Drone drone] Target position: (2.70, 6.00, 3.00)
[Drone drone] Target position: (2.65, 6.00, 3.00)
[Drone drone] Target position: (2.60, 6.00, 3.00)
[Drone drone] Target position: (2.55, 6.00, 3.00)
[Drone drone] Target position: (2.50, 6.00, 3.00)
[Drone drone] Target position: (2.45, 6.00, 3.00)
[Drone drone] Target position: (2.40, 6.00, 3.00)
[Drone drone] Target position: (2.35, 6.00, 3.00)
[Drone drone] Target position: (2.30, 6.00, 3.00)
[Drone drone] Target position: (2.25, 6.00, 3.00)
[Drone drone] Target position: (2.20, 6.00, 3.00)
[Drone drone] Target position: (2.15, 6.00, 3.00)
[Drone drone] Target position: (2.10, 6.00, 3.00)
[Drone drone] Target position: (2.05, 6.00, 3.00)
[Drone drone] Target position: (2.00, 6.00, 3.00)
[Drone drone] Target position: (1.95, 6.00, 3.00)
[Drone drone] Target position: (1.90, 6.00, 3.00)
[Drone drone] Target position: (1.85, 6.00, 3.00)
[Drone drone] Target position: (1.80, 6.00, 3.00)
[Drone drone] Target position: (1.75, 6.00, 3.00)
[Drone drone] Target position: (1.70, 6.00, 3.00)
[Drone drone] Target position: (1.65, 6.00, 3.00)
[Drone drone] Target position: (1.60, 6.00, 3.00)
[Drone drone] Target position: (1.55, 6.00, 3.00)
[Drone drone] Target position: (1.50, 6.00, 3.00)
[Drone drone] Target position: (1.45, 6.00, 3.00)
[Drone drone] Target position: (1.40, 6.00, 3.00)
[Drone drone] Target position: (1.35, 6.00, 3.00)
[Drone drone] Target position: (1.30, 6.00, 3.00)
[Drone drone] Target position: (1.25, 6.00, 3.00)
[Drone drone] Target position: (1.20, 6.00, 3.00)
[Drone drone] Target position: (1.15, 6.00, 3.00)
[Drone drone] Target position: (1.10, 6.00, 3.00)
[Drone drone] Target position: (1.05, 6.00, 3.00)
[Drone drone] Target position: (1.00, 6.00, 3.00)
[Drone drone] Target position: (0.95, 6.00, 3.00)
[Drone drone] Target position: (0.90, 6.00, 3.00)
[Drone drone] Target position: (0.85, 6.00, 3.00)
[Drone drone] Target position: (0.80, 6.00, 3.00)
[Drone drone] Target position: (0.75, 6.00, 3.00)
[Drone drone] Target position: (0.70, 6.00, 3.00)
[Drone drone] Target position: (0.65, 6.00, 3.00)
[Drone drone] Target position: (0.60, 6.00, 3.00)
[Drone drone] Target position: (0.55, 6.00, 3.00)
[Drone drone] Target position: (0.50, 6.00, 3.00)
[Drone drone] Target position: (0.45, 6.00, 3.00)
[Drone drone] Target position: (0.40, 6.00, 3.00)
[Drone drone] Target position: (0.35, 6.00, 3.00)
[Drone drone] Target position: (0.30, 6.00, 3.00)
[Drone drone] Target position: (0.25, 6.00, 3.00)
[Drone drone] Target position: (0.20, 6.00, 3.00)
[Drone drone] Target position: (0.15, 6.00, 3.00)
[Drone drone] Target position: (0.10, 6.00, 3.00)
[Drone drone] Target position: (0.05, 6.00, 3.00)
[Drone drone] Target position: (0.00, 6.00, 3.00)
[Drone drone] Target position: (0.00, 6.05, 3.00)
[Drone drone] Target position: (0.00, 6.10, 3.00)
[Drone drone] Target position: (0.00, 6.15, 3.00)
[Drone drone] Target position: (0.00, 6.20, 3.00)
[Drone drone] Target position: (0.00, 6.25, 3.00)
[Drone drone] Target position: (0.00, 6.30, 3.00)
[Drone drone] Target position: (0.00, 6.35, 3.00)
[Drone drone] Target position: (0.00, 6.40, 3.00)
[Drone drone] Target position: (0.00, 6.45, 3.00)
[Drone drone] Target position: (0.00, 6.50, 3.00)
[Drone drone] Target position: (0.00, 6.55, 3.00)
[Drone drone] Target position: (0.00, 6.60, 3.00)
[Drone drone] Target position: (0.00, 6.65, 3.00)
[Drone drone] Target position: (0.00, 6.70, 3.00)
[Drone drone] Target position: (0.00, 6.75, 3.00)
[Drone drone] Target position: (0.00, 6.80, 3.00)
[Drone drone] Target position: (0.00, 6.85, 3.00)
[Drone drone] Target position: (0.00, 6.90, 3.00)
[Drone drone] Target position: (0.00, 6.95, 3.00)
[Drone drone] Target position: (0.00, 7.00, 3.00)
[Drone drone] Target position: (0.00, 7.05, 3.00)
[Drone drone] Target position: (0.00, 7.10, 3.00)
[Drone drone] Target position: (0.00, 7.15, 3.00)
[Drone drone] Target position: (0.00, 7.20, 3.00)
[Drone drone] Target position: (0.00, 7.25, 3.00)
[Drone drone] Target position: (0.00, 7.30, 3.00)
[Drone drone] Target position: (0.00, 7.35, 3.00)
[Drone drone] Target position: (0.00, 7.40, 3.00)
[Drone drone] Target position: (0.00, 7.45, 3.00)
[Drone drone] Target position: (0.00, 7.50, 3.00)
[Drone drone] Target position: (0.00, 7.55, 3.00)
[Drone drone] Target position: (0.00, 7.60, 3.00)
[Drone drone] Target position: (0.00, 7.65, 3.00)
[Drone drone] Target position: (0.00, 7.70, 3.00)
[Drone drone] Target position: (0.00, 7.75, 3.00)
[Drone drone] Target position: (0.00, 7.80, 3.00)
[Drone drone] Target position: (0.00, 7.85, 3.00)
[Drone drone] Target position: (0.00, 7.90, 3.00)
[Drone drone] Target position: (0.00, 7.95, 3.00)
[Drone drone] Target position: (0.00, 8.00, 3.00)
[Drone drone] Target position: (0.05, 8.00, 3.00)
[Drone drone] Target position: (0.10, 8.00, 3.00)
[Drone drone] Target position: (0.15, 8.00, 3.00)
[Drone drone] Target position: (0.20, 8.00, 3.00)
[Drone drone] Target position: (0.25, 8.00, 3.00)
[Drone drone] Target position: (0.30, 8.00, 3.00)
[Drone drone] Target position: (0.35, 8.00, 3.00)
[Drone drone] Target position: (0.40, 8.00, 3.00)
[Drone drone] Target position: (0.45, 8.00, 3.00)
[Drone drone] Target position: (0.50, 8.00, 3.00)
[Drone drone] Target position: (0.55, 8.00, 3.00)
[Drone drone] Target position: (0.60, 8.00, 3.00)
[Drone drone] Target position: (0.65, 8.00, 3.00)
[Drone drone] Target position: (0.70, 8.00, 3.00)
[Drone drone] Target position: (0.75, 8.00, 3.00)
[Drone drone] Target position: (0.80, 8.00, 3.00)
[Drone drone] Target position: (0.85, 8.00, 3.00)
[Drone drone] Target position: (0.90, 8.00, 3.00)
[Drone drone] Target position: (0.95, 8.00, 3.00)
[Drone drone] Target position: (1.00, 8.00, 3.00)
[Drone drone] Target position: (1.05, 8.00, 3.00)
[Drone drone] Target position: (1.10, 8.00, 3.00)
[Drone drone] Target position: (1.15, 8.00, 3.00)
[Drone drone] Target position: (1.20, 8.00, 3.00)
[Drone drone] Target position: (1.25, 8.00, 3.00)
[Drone drone] Target position: (1.30, 8.00, 3.00)
[Drone drone] Target position: (1.35, 8.00, 3.00)
[Drone drone] Target position: (1.40, 8.00, 3.00)
[Drone drone] Target position: (1.45, 8.00, 3.00)
[Drone drone] Target position: (1.50, 8.00, 3.00)
[Drone drone] Target position: (1.55, 8.00, 3.00)
[Drone drone] Target position: (1.60, 8.00, 3.00)
[Drone drone] Target position: (1.65, 8.00, 3.00)
[Drone drone] Target position: (1.70, 8.00, 3.00)
[Drone drone] Target position: (1.75, 8.00, 3.00)
[Drone drone] Target position: (1.80, 8.00, 3.00)
[Drone drone] Target position: (1.85, 8.00, 3.00)
[Drone drone] Target position: (1.90, 8.00, 3.00)
[Drone drone] Target position: (1.95, 8.00, 3.00)
[Drone drone] Target position: (2.00, 8.00, 3.00)
[Drone drone] Target position: (2.05, 8.00, 3.00)
[Drone drone] Target position: (2.10, 8.00, 3.00)
[Drone drone] Target position: (2.15, 8.00, 3.00)
[Drone drone] Target position: (2.20, 8.00, 3.00)
[Drone drone] Target position: (2.25, 8.00, 3.00)
[Drone drone] Target position: (2.30, 8.00, 3.00)
[Drone drone] Target position: (2.35, 8.00, 3.00)
[Drone drone] Target position: (2.40, 8.00, 3.00)
[Drone drone] Target position: (2.45, 8.00, 3.00)
[Drone drone] Target position: (2.50, 8.00, 3.00)
[Drone drone] Target position: (2.55, 8.00, 3.00)
[Drone drone] Target position: (2.60, 8.00, 3.00)
[Drone drone] Target position: (2.65, 8.00, 3.00)
[Drone drone] Target position: (2.70, 8.00, 3.00)
[Drone drone] Target position: (2.75, 8.00, 3.00)
[Drone drone] Target position: (2.80, 8.00, 3.00)
[Drone drone] Target position: (2.85, 8.00, 3.00)
[Drone drone] Target position: (2.90, 8.00, 3.00)
[Drone drone] Target position: (2.95, 8.00, 3.00)
[Drone drone] Target position: (3.00, 8.00, 3.00)
[Drone drone] Target position: (3.05, 8.00, 3.00)
[Drone drone] Target position: (3.10, 8.00, 3.00)
[Drone drone] Target position: (3.15, 8.00, 3.00)
[Drone drone] Target position: (3.20, 8.00, 3.00)
[Drone drone] Target position: (3.25, 8.00, 3.00)
[Drone drone] Target position: (3.30, 8.00, 3.00)
[Drone drone] Target position: (3.35, 8.00, 3.00)
[Drone drone] Target position: (3.40, 8.00, 3.00)
[Drone drone] Target position: (3.45, 8.00, 3.00)
[Drone drone] Target position: (3.50, 8.00, 3.00)
[Drone drone] Target position: (3.55, 8.00, 3.00)
[Drone drone] Target position: (3.60, 8.00, 3.00)
[Drone drone] Target position: (3.65, 8.00, 3.00)
[Drone drone] Target position: (3.70, 8.00, 3.00)
[Drone drone] Target position: (3.75, 8.00, 3.00)
[Drone drone] Target position: (3.80, 8.00, 3.00)
[Drone drone] Target position: (3.85, 8.00, 3.00)
[Drone drone] Target position: (3.90, 8.00, 3.00)
[Drone drone] Target position: (3.95, 8.00, 3.00)
[Drone drone] Target position: (4.00, 8.00, 3.00)
[Drone drone] Target position: (4.05, 8.00, 3.00)
[Drone drone] Target position: (4.10, 8.00, 3.00)
[Drone drone] Target position: (4.15, 8.00, 3.00)
[Drone drone] Target position: (4.20, 8.00, 3.00)
[Drone drone] Target position: (4.25, 8.00, 3.00)
[Drone drone] Target position: (4.30, 8.00, 3.00)
[Drone drone] Target position: (4.35, 8.00, 3.00)
[Drone drone] Target position: (4.40, 8.00, 3.00)
[Drone drone] Target position: (4.45, 8.00, 3.00)
[Drone drone] Target position: (4.50, 8.00, 3.00)
[Drone drone] Target position: (4.55, 8.00, 3.00)
[Drone drone] Target position: (4.60, 8.00, 3.00)
[Drone drone] Target position: (4.65, 8.00, 3.00)
[Drone drone] Target position: (4.70, 8.00, 3.00)
[Drone drone] Target position: (4.75, 8.00, 3.00)
[Drone drone] Target position: (4.80, 8.00, 3.00)
[Drone drone] Target position: (4.85, 8.00, 3.00)
[Drone drone] Target position: (4.90, 8.00, 3.00)
[Drone drone] Target position: (4.95, 8.00, 3.00)
[Drone drone] Target position: (5.00, 8.00, 3.00)
[Drone drone] Target position: (5.05, 8.00, 3.00)
[Drone drone] Target position: (5.10, 8.00, 3.00)
[Drone drone] Target position: (5.15, 8.00, 3.00)
[Drone drone] Target position: (5.20, 8.00, 3.00)
[Drone drone] Target position: (5.25, 8.00, 3.00)
[Drone drone] Target position: (5.30, 8.00, 3.00)
[Drone drone] Target position: (5.35, 8.00, 3.00)
[Drone drone] Target position: (5.40, 8.00, 3.00)
[Drone drone] Target position: (5.45, 8.00, 3.00)
[Drone drone] Target position: (5.50, 8.00, 3.00)
[Drone drone] Target position: (5.55, 8.00, 3.00)
[Drone drone] Target position: (5.60, 8.00, 3.00)
[Drone drone] Target position: (5.65, 8.00, 3.00)
[Drone drone] Target position: (5.70, 8.00, 3.00)
[Drone drone] Target position: (5.75, 8.00, 3.00)
[Drone drone] Target position: (5.80, 8.00, 3.00)
[Drone drone] Target position: (5.85, 8.00, 3.00)
[Drone drone] Target position: (5.90, 8.00, 3.00)
[Drone drone] Target position: (5.95, 8.00, 3.00)
[Drone drone] Target position: (6.00, 8.00, 3.00)
[Drone drone] Target position: (6.05, 8.00, 3.00)
[Drone drone] Target position: (6.10, 8.00, 3.00)
[Drone drone] Target position: (6.15, 8.00, 3.00)
[Drone drone] Target position: (6.20, 8.00, 3.00)
[Drone drone] Target position: (6.25, 8.00, 3.00)
[Drone drone] Target position: (6.30, 8.00, 3.00)
[Drone drone] Target position: (6.35, 8.00, 3.00)
[Drone drone] Target position: (6.40, 8.00, 3.00)
[Drone drone] Target position: (6.45, 8.00, 3.00)
[Drone drone] Target position: (6.50, 8.00, 3.00)
[Drone drone] Target position: (6.55, 8.00, 3.00)
[Drone drone] Target position: (6.60, 8.00, 3.00)
[Drone drone] Target position: (6.65, 8.00, 3.00)
[Drone drone] Target position: (6.70, 8.00, 3.00)
[Drone drone] Target position: (6.75, 8.00, 3.00)
[Drone drone] Target position: (6.80, 8.00, 3.00)
[Drone drone] Target position: (6.85, 8.00, 3.00)
[Drone drone] Target position: (6.90, 8.00, 3.00)
[Drone drone] Target position: (6.95, 8.00, 3.00)
[Drone drone] Target position: (7.00, 8.00, 3.00)
[Drone drone] Target position: (7.05, 8.00, 3.00)
[Drone drone] Target position: (7.10, 8.00, 3.00)
[Drone drone] Target position: (7.15, 8.00, 3.00)
[Drone drone] Target position: (7.20, 8.00, 3.00)
[Drone drone] Target position: (7.25, 8.00, 3.00)
[Drone drone] Target position: (7.30, 8.00, 3.00)
[Drone drone] Target position: (7.35, 8.00, 3.00)
[Drone drone] Target position: (7.40, 8.00, 3.00)
[Drone drone] Target position: (7.45, 8.00, 3.00)
[Drone drone] Target position: (7.50, 8.00, 3.00)
[Drone drone] Target position: (7.55, 8.00, 3.00)
[Drone drone] Target position: (7.60, 8.00, 3.00)
[Drone drone] Target position: (7.65, 8.00, 3.00)
[Drone drone] Target position: (7.70, 8.00, 3.00)
[Drone drone] Target position: (7.75, 8.00, 3.00)
[Drone drone] Target position: (7.80, 8.00, 3.00)
[Drone drone] Target position: (7.85, 8.00, 3.00)
[Drone drone] Target position: (7.90, 8.00, 3.00)
[Drone drone] Target position: (7.95, 8.00, 3.00)
[Drone drone] Target position: (8.00, 8.00, 3.00)
[Drone drone] Target position: (8.05, 8.00, 3.00)
[Drone drone] Target position: (8.10, 8.00, 3.00)
[Drone drone] Target position: (8.15, 8.00, 3.00)
[Drone drone] Target position: (8.20, 8.00, 3.00)
[Drone drone] Target position: (8.25, 8.00, 3.00)
[Drone drone] Target position: (8.30, 8.00, 3.00)
[Drone drone] Target position: (8.35, 8.00, 3.00)
[Drone drone] Target position: (8.40, 8.00, 3.00)
[Drone drone] Target position: (8.45, 8.00, 3.00)
[Drone drone] Target position: (8.50, 8.00, 3.00)
[Drone drone] Target position: (8.55, 8.00, 3.00)
[Drone drone] Target position: (8.60, 8.00, 3.00)
[Drone drone] Target position: (8.65, 8.00, 3.00)
[Drone drone] Target position: (8.70, 8.00, 3.00)
[Drone drone] Target position: (8.75, 8.00, 3.00)
[Drone drone] Target position: (8.80, 8.00, 3.00)
[Drone drone] Target position: (8.85, 8.00, 3.00)
[Drone drone] Target position: (8.90, 8.00, 3.00)
[Drone drone] Target position: (8.95, 8.00, 3.00)
[Drone drone] Target position: (9.00, 8.00, 3.00)
[Drone drone] Target position: (9.05, 8.00, 3.00)
[Drone drone] Target position: (9.10, 8.00, 3.00)
[Drone drone] Target position: (9.15, 8.00, 3.00)
[Drone drone] Target position: (9.20, 8.00, 3.00)
[Drone drone] Target position: (9.25, 8.00, 3.00)
[Drone drone] Target position: (9.30, 8.00, 3.00)
[Drone drone] Target position: (9.35, 8.00, 3.00)
[Drone drone] Target position: (9.40, 8.00, 3.00)
[Drone drone] Target position: (9.45, 8.00, 3.00)
[Drone drone] Target position: (9.50, 8.00, 3.00)
[Drone drone] Target position: (9.55, 8.00, 3.00)
[Drone drone] Target position: (9.60, 8.00, 3.00)
[Drone drone] Target position: (9.65, 8.00, 3.00)
[Drone drone] Target position: (9.70, 8.00, 3.00)
[Drone drone] Target position: (9.75, 8.00, 3.00)
[Drone drone] Target position: (9.80, 8.00, 3.00)
[Drone drone] Target position: (9.85, 8.00, 3.00)
[Drone drone] Target position: (9.90, 8.00, 3.00)
[Drone drone] Target position: (9.95, 8.00, 3.00)
[Drone drone] Target position: (10.00, 8.00, 3.00)
[Drone drone] Target position: (10.00, 8.05, 3.00)
[Drone drone] Target position: (10.00, 8.10, 3.00)
[Drone drone] Target position: (10.00, 8.15, 3.00)
[Drone drone] Target position: (10.00, 8.20, 3.00)
[Drone drone] Target position: (10.00, 8.25, 3.00)
[Drone drone] Target position: (10.00, 8.30, 3.00)
[Drone drone] Target position: (10.00, 8.35, 3.00)
[Drone drone] Target position: (10.00, 8.40, 3.00)
[Drone drone] Target position: (10.00, 8.45, 3.00)
[Drone drone] Target position: (10.00, 8.50, 3.00)
[Drone drone] Target position: (10.00, 8.55, 3.00)
[Drone drone] Target position: (10.00, 8.60, 3.00)
[Drone drone] Target position: (10.00, 8.65, 3.00)
[Drone drone] Target position: (10.00, 8.70, 3.00)
[Drone drone] Target position: (10.00, 8.75, 3.00)
[Drone drone] Target position: (10.00, 8.80, 3.00)
[Drone drone] Target position: (10.00, 8.85, 3.00)
[Drone drone] Target position: (10.00, 8.90, 3.00)
[Drone drone] Target position: (10.00, 8.95, 3.00)
[Drone drone] Target position: (10.00, 9.00, 3.00)
[Drone drone] Target position: (10.00, 9.05, 3.00)
[Drone drone] Target position: (10.00, 9.10, 3.00)
[Drone drone] Target position: (10.00, 9.15, 3.00)
[Drone drone] Target position: (10.00, 9.20, 3.00)
[Drone drone] Target position: (10.00, 9.25, 3.00)
[Drone drone] Target position: (10.00, 9.30, 3.00)
[Drone drone] Target position: (10.00, 9.35, 3.00)
[Drone drone] Target position: (10.00, 9.40, 3.00)
[Drone drone] Target position: (10.00, 9.45, 3.00)
[Drone drone] Target position: (10.00, 9.50, 3.00)
[Drone drone] Target position: (10.00, 9.55, 3.00)
[Drone drone] Target position: (10.00, 9.60, 3.00)
[Drone drone] Target position: (10.00, 9.65, 3.00)
[Drone drone] Target position: (10.00, 9.70, 3.00)
[Drone drone] Target position: (10.00, 9.75, 3.00)
[Drone drone] Target position: (10.00, 9.80, 3.00)
[Drone drone] Target position: (10.00, 9.85, 3.00)
[Drone drone] Target position: (10.00, 9.90, 3.00)
[Drone drone] Target position: (10.00, 9.95, 3.00)
[Drone drone] Target position: (10.00, 10.00, 3.00)
[Drone drone] Target position: (9.95, 10.00, 3.00)
[Drone drone] Target position: (9.90, 10.00, 3.00)
[Drone drone] Target position: (9.85, 10.00, 3.00)
[Drone drone] Target position: (9.80, 10.00, 3.00)
[Drone drone] Target position: (9.75, 10.00, 3.00)
[Drone drone] Target position: (9.70, 10.00, 3.00)
[Drone drone] Target position: (9.65, 10.00, 3.00)
[Drone drone] Target position: (9.60, 10.00, 3.00)
[Drone drone] Target position: (9.55, 10.00, 3.00)
[Drone drone] Target position: (9.50, 10.00, 3.00)
[Drone drone] Target position: (9.45, 10.00, 3.00)
[Drone drone] Target position: (9.40, 10.00, 3.00)
[Drone drone] Target position: (9.35, 10.00, 3.00)
[Drone drone] Target position: (9.30, 10.00, 3.00)
[Drone drone] Target position: (9.25, 10.00, 3.00)
[Drone drone] Target position: (9.20, 10.00, 3.00)
[Drone drone] Target position: (9.15, 10.00, 3.00)
[Drone drone] Target position: (9.10, 10.00, 3.00)
[Drone drone] Target position: (9.05, 10.00, 3.00)
[Drone drone] Target position: (9.00, 10.00, 3.00)
[Drone drone] Target position: (8.95, 10.00, 3.00)
[Drone drone] Target position: (8.90, 10.00, 3.00)
[Drone drone] Target position: (8.85, 10.00, 3.00)
[Drone drone] Target position: (8.80, 10.00, 3.00)
[Drone drone] Target position: (8.75, 10.00, 3.00)
[Drone drone] Target position: (8.70, 10.00, 3.00)
[Drone drone] Target position: (8.65, 10.00, 3.00)
[Drone drone] Target position: (8.60, 10.00, 3.00)
[Drone drone] Target position: (8.55, 10.00, 3.00)
[Drone drone] Target position: (8.50, 10.00, 3.00)
[Drone drone] Target position: (8.45, 10.00, 3.00)
[Drone drone] Target position: (8.40, 10.00, 3.00)
[Drone drone] Target position: (8.35, 10.00, 3.00)
[Drone drone] Target position: (8.30, 10.00, 3.00)
[Drone drone] Target position: (8.25, 10.00, 3.00)
[Drone drone] Target position: (8.20, 10.00, 3.00)
[Drone drone] Target position: (8.15, 10.00, 3.00)
[Drone drone] Target position: (8.10, 10.00, 3.00)
[Drone drone] Target position: (8.05, 10.00, 3.00)
[Drone drone] Target position: (8.00, 10.00, 3.00)
[Drone drone] Target position: (7.95, 10.00, 3.00)
[Drone drone] Target position: (7.90, 10.00, 3.00)
[Drone drone] Target position: (7.85, 10.00, 3.00)
[Drone drone] Target position: (7.80, 10.00, 3.00)
[Drone drone] Target position: (7.75, 10.00, 3.00)
[Drone drone] Target position: (7.70, 10.00, 3.00)
[Drone drone] Target position: (7.65, 10.00, 3.00)
[Drone drone] Target position: (7.60, 10.00, 3.00)
[Drone drone] Target position: (7.55, 10.00, 3.00)
[Drone drone] Target position: (7.50, 10.00, 3.00)
[Drone drone] Target position: (7.45, 10.00, 3.00)
[Drone drone] Target position: (7.40, 10.00, 3.00)
[Drone drone] Target position: (7.35, 10.00, 3.00)
[Drone drone] Target position: (7.30, 10.00, 3.00)
[Drone drone] Target position: (7.25, 10.00, 3.00)
[Drone drone] Target position: (7.20, 10.00, 3.00)
[Drone drone] Target position: (7.15, 10.00, 3.00)
[Drone drone] Target position: (7.10, 10.00, 3.00)
[Drone drone] Target position: (7.05, 10.00, 3.00)
[Drone drone] Target position: (7.00, 10.00, 3.00)
[Drone drone] Target position: (6.95, 10.00, 3.00)
[Drone drone] Target position: (6.90, 10.00, 3.00)
[Drone drone] Target position: (6.85, 10.00, 3.00)
[Drone drone] Target position: (6.80, 10.00, 3.00)
[Drone drone] Target position: (6.75, 10.00, 3.00)
[Drone drone] Target position: (6.70, 10.00, 3.00)
[Drone drone] Target position: (6.65, 10.00, 3.00)
[Drone drone] Target position: (6.60, 10.00, 3.00)
[Drone drone] Target position: (6.55, 10.00, 3.00)
[Drone drone] Target position: (6.50, 10.00, 3.00)
[Drone drone] Target position: (6.45, 10.00, 3.00)
[Drone drone] Target position: (6.40, 10.00, 3.00)
[Drone drone] Target position: (6.35, 10.00, 3.00)
[Drone drone] Target position: (6.30, 10.00, 3.00)
[Drone drone] Target position: (6.25, 10.00, 3.00)
[Drone drone] Target position: (6.20, 10.00, 3.00)
[Drone drone] Target position: (6.15, 10.00, 3.00)
[Drone drone] Target position: (6.10, 10.00, 3.00)
[Drone drone] Target position: (6.05, 10.00, 3.00)
[Drone drone] Target position: (6.00, 10.00, 3.00)
[Drone drone] Target position: (5.95, 10.00, 3.00)
[Drone drone] Target position: (5.90, 10.00, 3.00)
[Drone drone] Target position: (5.85, 10.00, 3.00)
[Drone drone] Target position: (5.80, 10.00, 3.00)
[Drone drone] Target position: (5.75, 10.00, 3.00)
[Drone drone] Target position: (5.70, 10.00, 3.00)
[Drone drone] Target position: (5.65, 10.00, 3.00)
[Drone drone] Target position: (5.60, 10.00, 3.00)
[Drone drone] Target position: (5.55, 10.00, 3.00)
[Drone drone] Target position: (5.50, 10.00, 3.00)
[Drone drone] Target position: (5.45, 10.00, 3.00)
[Drone drone] Target position: (5.40, 10.00, 3.00)
[Drone drone] Target position: (5.35, 10.00, 3.00)
[Drone drone] Target position: (5.30, 10.00, 3.00)
[Drone drone] Target position: (5.25, 10.00, 3.00)
[Drone drone] Target position: (5.20, 10.00, 3.00)
[Drone drone] Target position: (5.15, 10.00, 3.00)
[Drone drone] Target position: (5.10, 10.00, 3.00)
[Drone drone] Target position: (5.05, 10.00, 3.00)
[Drone drone] Target position: (5.00, 10.00, 3.00)
[Drone drone] Target position: (4.95, 10.00, 3.00)
[Drone drone] Target position: (4.90, 10.00, 3.00)
[Drone drone] Target position: (4.85, 10.00, 3.00)
[Drone drone] Target position: (4.80, 10.00, 3.00)
[Drone drone] Target position: (4.75, 10.00, 3.00)
[Drone drone] Target position: (4.70, 10.00, 3.00)
[Drone drone] Target position: (4.65, 10.00, 3.00)
[Drone drone] Target position: (4.60, 10.00, 3.00)
[Drone drone] Target position: (4.55, 10.00, 3.00)
[Drone drone] Target position: (4.50, 10.00, 3.00)
[Drone drone] Target position: (4.45, 10.00, 3.00)
[Drone drone] Target position: (4.40, 10.00, 3.00)
[Drone drone] Target position: (4.35, 10.00, 3.00)
[Drone drone] Target position: (4.30, 10.00, 3.00)
[Drone drone] Target position: (4.25, 10.00, 3.00)
[Drone drone] Target position: (4.20, 10.00, 3.00)
[Drone drone] Target position: (4.15, 10.00, 3.00)
[Drone drone] Target position: (4.10, 10.00, 3.00)
[Drone drone] Target position: (4.05, 10.00, 3.00)
[Drone drone] Target position: (4.00, 10.00, 3.00)
[Drone drone] Target position: (3.95, 10.00, 3.00)
[Drone drone] Target position: (3.90, 10.00, 3.00)
[Drone drone] Target position: (3.85, 10.00, 3.00)
[Drone drone] Target position: (3.80, 10.00, 3.00)
[Drone drone] Target position: (3.75, 10.00, 3.00)
[Drone drone] Target position: (3.70, 10.00, 3.00)
[Drone drone] Target position: (3.65, 10.00, 3.00)
[Drone drone] Target position: (3.60, 10.00, 3.00)
[Drone drone] Target position: (3.55, 10.00, 3.00)
[Drone drone] Target position: (3.50, 10.00, 3.00)
[Drone drone] Target position: (3.45, 10.00, 3.00)
[Drone drone] Target position: (3.40, 10.00, 3.00)
[Drone drone] Target position: (3.35, 10.00, 3.00)
[Drone drone] Target position: (3.30, 10.00, 3.00)
[Drone drone] Target position: (3.25, 10.00, 3.00)
[Drone drone] Target position: (3.20, 10.00, 3.00)
[Drone drone] Target position: (3.15, 10.00, 3.00)
[Drone drone] Target position: (3.10, 10.00, 3.00)
[Drone drone] Target position: (3.05, 10.00, 3.00)
[Drone drone] Target position: (3.00, 10.00, 3.00)
[Drone drone] Target position: (2.95, 10.00, 3.00)
[Drone drone] Target position: (2.90, 10.00, 3.00)
[Drone drone] Target position: (2.85, 10.00, 3.00)
[Drone drone] Target position: (2.80, 10.00, 3.00)
[Drone drone] Target position: (2.75, 10.00, 3.00)
[Drone drone] Target position: (2.70, 10.00, 3.00)
[Drone drone] Target position: (2.65, 10.00, 3.00)
[Drone drone] Target position: (2.60, 10.00, 3.00)
[Drone drone] Target position: (2.55, 10.00, 3.00)
[Drone drone] Target position: (2.50, 10.00, 3.00)
[Drone drone] Target position: (2.45, 10.00, 3.00)
[Drone drone] Target position: (2.40, 10.00, 3.00)
[Drone drone] Target position: (2.35, 10.00, 3.00)
[Drone drone] Target position: (2.30, 10.00, 3.00)
[Drone drone] Target position: (2.25, 10.00, 3.00)
[Drone drone] Target position: (2.20, 10.00, 3.00)
[Drone drone] Target position: (2.15, 10.00, 3.00)
[Drone drone] Target position: (2.10, 10.00, 3.00)
[Drone drone] Target position: (2.05, 10.00, 3.00)
[Drone drone] Target position: (2.00, 10.00, 3.00)
[Drone drone] Target position: (1.95, 10.00, 3.00)
[Drone drone] Target position: (1.90, 10.00, 3.00)
[Drone drone] Target position: (1.85, 10.00, 3.00)
[Drone drone] Target position: (1.80, 10.00, 3.00)
[Drone drone] Target position: (1.75, 10.00, 3.00)
[Drone drone] Target position: (1.70, 10.00, 3.00)
[Drone drone] Target position: (1.65, 10.00, 3.00)
[Drone drone] Target position: (1.60, 10.00, 3.00)
[Drone drone] Target position: (1.55, 10.00, 3.00)
[Drone drone] Target position: (1.50, 10.00, 3.00)
[Drone drone] Target position: (1.45, 10.00, 3.00)
[Drone drone] Target position: (1.40, 10.00, 3.00)
[Drone drone] Target position: (1.35, 10.00, 3.00)
[Drone drone] Target position: (1.30, 10.00, 3.00)
[Drone drone] Target position: (1.25, 10.00, 3.00)
[Drone drone] Target position: (1.20, 10.00, 3.00)
[Drone drone] Target position: (1.15, 10.00, 3.00)
[Drone drone] Target position: (1.10, 10.00, 3.00)
[Drone drone] Target position: (1.05, 10.00, 3.00)
[Drone drone] Target position: (1.00, 10.00, 3.00)
[Drone drone] Target position: (0.95, 10.00, 3.00)
[Drone drone] Target position: (0.90, 10.00, 3.00)
[Drone drone] Target position: (0.85, 10.00, 3.00)
[Drone drone] Target position: (0.80, 10.00, 3.00)
[Drone drone] Target position: (0.75, 10.00, 3.00)
[Drone drone] Target position: (0.70, 10.00, 3.00)
[Drone drone] Target position: (0.65, 10.00, 3.00)
[Drone drone] Target position: (0.60, 10.00, 3.00)
[Drone drone] Target position: (0.55, 10.00, 3.00)
[Drone drone] Target position: (0.50, 10.00, 3.00)
[Drone drone] Target position: (0.45, 10.00, 3.00)
[Drone drone] Target position: (0.40, 10.00, 3.00)
[Drone drone] Target position: (0.35, 10.00, 3.00)
[Drone drone] Target position: (0.30, 10.00, 3.00)
[Drone drone] Target position: (0.25, 10.00, 3.00)
[Drone drone] Target position: (0.20, 10.00, 3.00)
[Drone drone] Target position: (0.15, 10.00, 3.00)
[Drone drone] Target position: (0.10, 10.00, 3.00)
[Drone drone] Target position: (0.05, 10.00, 3.00)
[Drone drone] Target position: (0.00, 10.00, 3.00)
[ROS2 SERVICE] /drone/land called
[Drone drone] Mode: POSITION → LANDING
[ROS2 SERVICE] /drone/land success: Mode set to LANDING
[Drone drone] Mode: LANDING → DISARMED
[Drone drone] Landed and disarmed
