t,state,dog_x,dog_y,drone_z,wp_idx,wp_total,vel_x,ang_z,dist_to_wp
0.000,INIT,-4.979,-7.006,0.098,0,0,0.000,0.000,0.000
0.000,ARMING,-4.978,-7.006,0.098,0,0,0.000,0.000,0.000
0.000,ARMING,-4.978,-7.005,0.098,0,0,0.000,0.000,0.000
0.100,CLIMBING,-4.979,-7.005,0.098,0,0,0.000,0.000,0.000
0.202,CLIMBING,-4.979,-7.005,0.114,0,0,0.000,0.000,0.000
0.300,CENTERING,-4.979,-7.005,0.133,0,0,0.000,0.000,0.000
0.403,CENTERING,-4.979,-7.004,0.195,0,0,0.000,0.000,0.000
0.500,CENTERING,-4.979,-7.004,0.278,0,0,0.000,0.000,0.000
0.600,CENTERING,-4.979,-7.005,0.324,0,0,0.000,0.000,0.000
0.700,CENTERING,-4.979,-7.005,0.422,0,0,0.000,0.000,0.000
0.800,CENTERING,-4.979,-7.005,0.526,0,0,0.000,0.000,0.000
0.900,CENTERING,-4.979,-7.004,0.632,0,0,0.000,0.000,0.000
1.000,CENTERING,-4.979,-7.004,0.650,0,0,0.000,0.000,0.000
1.100,CENTERING,-4.979,-7.005,0.705,0,0,0.000,0.000,0.000
1.200,CENTERING,-4.979,-7.005,0.784,0,0,0.000,0.000,0.000
1.300,CENTERING,-4.979,-7.005,0.829,0,0,0.000,0.000,0.000
1.400,CENTERING,-4.979,-7.005,0.926,0,0,0.000,0.000,0.000
1.500,CENTERING,-4.979,-7.004,1.028,0,0,0.000,0.000,0.000
1.600,CENTERING,-4.979,-7.004,1.081,0,0,0.000,0.000,0.000
1.702,CENTERING,-4.979,-7.004,1.187,0,0,0.000,0.000,0.000
1.800,CENTERING,-4.979,-7.004,1.296,0,0,0.000,0.000,0.000
1.900,CENTERING,-4.978,-7.004,1.405,0,0,0.000,0.000,0.000
2.000,CENTERING,-4.978,-7.004,1.459,0,0,0.000,0.000,0.000
2.100,CENTERING,-4.978,-7.004,1.569,0,0,0.000,0.000,0.000
2.200,CENTERING,-4.978,-7.004,1.678,0,0,0.000,0.000,0.000
2.300,CENTERING,-4.978,-7.004,1.733,0,0,0.000,0.000,0.000
2.400,CENTERING,-4.977,-7.003,1.843,0,0,0.000,0.000,0.000
2.501,CENTERING,-4.977,-7.003,1.953,0,0,0.000,0.000,0.000
2.600,CENTERING,-4.977,-7.003,2.008,0,0,0.000,0.000,0.000
2.700,CENTERING,-4.977,-7.003,2.118,0,0,0.000,0.000,0.000
2.800,CENTERING,-4.976,-7.003,2.227,0,0,0.000,0.000,0.000
2.900,CENTERING,-4.976,-7.003,2.282,0,0,0.000,0.000,0.000
3.000,CENTERING,-4.976,-7.003,2.392,0,0,0.000,0.000,0.000
3.100,CENTERING,-4.976,-7.003,2.502,0,0,0.000,0.000,0.000
3.200,CENTERING,-4.976,-7.003,2.557,0,0,0.000,0.000,0.000
3.301,CENTERING,-4.975,-7.003,2.667,0,0,0.000,0.000,0.000
3.400,CENTERING,-4.975,-7.004,2.777,0,0,0.000,0.000,0.000
3.500,CENTERING,-4.975,-7.004,2.887,0,0,0.000,0.000,0.000
3.600,CENTERING,-4.975,-7.004,2.942,0,0,0.000,0.000,0.000
3.700,CENTERING,-4.975,-7.004,3.052,0,0,0.000,0.000,0.000
3.801,CENTERING,-4.976,-7.004,3.162,0,0,0.000,0.000,0.000
3.900,CENTERING,-4.976,-7.004,3.217,0,0,0.000,0.000,0.000
4.000,CENTERING,-4.976,-7.005,3.326,0,0,0.000,0.000,0.000
4.100,CENTERING,-4.976,-7.005,3.436,0,0,0.000,0.000,0.000
4.200,CENTERING,-4.976,-7.005,3.546,0,0,0.000,0.000,0.000
4.301,CENTERING,-4.977,-7.005,3.601,0,0,0.000,0.000,0.000
4.400,CENTERING,-4.977,-7.005,3.711,0,0,0.000,0.000,0.000
4.500,CENTERING,-4.977,-7.005,3.821,0,0,0.000,0.000,0.000
4.600,CENTERING,-4.978,-7.005,3.876,0,0,0.000,0.000,0.000
4.700,CENTERING,-4.978,-7.004,3.986,0,0,0.000,0.000,0.000
4.800,CENTERING,-4.978,-7.004,4.096,0,0,0.000,0.000,0.000
4.900,CENTERING,-4.978,-7.004,4.151,0,0,0.000,0.000,0.000
5.000,CENTERING,-4.978,-7.004,4.261,0,0,0.000,0.000,0.000
5.102,CENTERING,-4.978,-7.004,4.370,0,0,0.000,0.000,0.000
5.200,CENTERING,-4.978,-7.004,4.425,0,0,0.000,0.000,0.000
5.300,CENTERING,-4.978,-7.004,4.535,0,0,0.000,0.000,0.000
5.402,CENTERING,-4.979,-7.003,4.645,0,0,0.000,0.000,0.000
5.500,CENTERING,-4.979,-7.003,4.700,0,0,0.000,0.000,0.000
5.600,CENTERING,-4.979,-7.003,4.810,0,0,0.000,0.000,0.000
5.700,CENTERING,-4.979,-7.003,4.920,0,0,0.000,0.000,0.000
5.800,CENTERING,-4.978,-7.003,4.975,0,0,0.000,0.000,0.000
5.900,CENTERING,-4.978,-7.003,5.085,0,0,0.000,0.000,0.000
6.000,CENTERING,-4.978,-7.003,5.140,0,0,0.000,0.000,0.000
6.101,CENTERING,-4.978,-7.003,5.250,0,0,0.000,0.000,0.000
6.200,CENTERING,-4.977,-7.003,5.360,0,0,0.000,0.000,0.000
6.300,CENTERING,-4.977,-7.003,5.469,0,0,0.000,0.000,0.000
6.400,CENTERING,-4.977,-7.003,5.524,0,0,0.000,0.000,0.000
6.500,CENTERING,-4.977,-7.003,5.634,0,0,0.000,0.000,0.000
6.600,CENTERING,-4.976,-7.003,5.744,0,0,0.000,0.000,0.000
6.700,CENTERING,-4.976,-7.003,5.799,0,0,0.000,0.000,0.000
6.800,CENTERING,-4.976,-7.003,5.909,0,0,0.000,0.000,0.000
6.900,CENTERING,-4.977,-7.004,6.019,0,0,0.000,0.000,0.000
7.000,CENTERING,-4.977,-7.004,6.074,0,0,0.000,0.000,0.000
7.100,CENTERING,-4.978,-7.004,6.184,0,0,0.000,0.000,0.000
7.200,CENTERING,-4.978,-7.005,6.294,0,0,0.000,0.000,0.000
7.302,CENTERING,-4.978,-7.005,6.349,0,0,0.000,0.000,0.000
7.400,CENTERING,-4.978,-7.005,6.458,0,0,0.000,0.000,0.000
7.500,CENTERING,-4.977,-7.005,6.568,0,0,0.000,0.000,0.000
7.600,CENTERING,-4.977,-7.005,6.623,0,0,0.000,0.000,0.000
7.700,CENTERING,-4.977,-7.005,6.733,0,0,0.000,0.000,0.000
7.800,CENTERING,-4.977,-7.004,6.843,0,0,0.000,0.000,0.000
7.900,CENTERING,-4.978,-7.004,6.898,0,0,0.000,0.000,0.000
8.000,CENTERING,-4.978,-7.003,7.008,0,0,0.000,0.000,0.000
8.100,CENTERING,-4.978,-7.003,7.118,0,0,0.000,0.000,0.000
8.200,CENTERING,-4.978,-7.002,7.173,0,0,0.000,0.000,0.000
8.300,CENTERING,-4.977,-7.002,7.283,0,0,0.000,0.000,0.000
8.401,CENTERING,-4.977,-7.003,7.393,0,0,0.000,0.000,0.000
8.500,CENTERING,-4.978,-7.003,7.448,0,0,0.000,0.000,0.000
8.600,CENTERING,-4.978,-7.003,7.557,0,0,0.000,0.000,0.000
8.702,CENTERING,-4.978,-7.003,7.667,0,0,0.000,0.000,0.000
8.800,CENTERING,-4.978,-7.004,7.722,0,0,0.000,0.000,0.000
8.901,CENTERING,-4.977,-7.004,7.832,0,0,0.000,0.000,0.000
9.000,CENTERING,-4.977,-7.004,7.942,0,0,0.000,0.000,0.000
9.100,CENTERING,-4.977,-7.004,8.052,0,0,0.000,0.000,0.000
9.200,CENTERING,-4.977,-7.004,8.107,0,0,0.000,0.000,0.000
9.300,CENTERING,-4.978,-7.004,8.217,0,0,0.000,0.000,0.000
9.400,CENTERING,-4.978,-7.004,8.327,0,0,0.000,0.000,0.000
9.500,CENTERING,-4.978,-7.004,8.382,0,0,0.000,0.000,0.000
9.600,CENTERING,-4.978,-7.004,8.492,0,0,0.000,0.000,0.000
9.700,CENTERING,-4.977,-7.004,8.601,0,0,0.000,0.000,0.000
9.800,CENTERING,-4.977,-7.004,8.711,0,0,0.000,0.000,0.000
9.900,CENTERING,-4.977,-7.004,8.766,0,0,0.000,0.000,0.000
10.000,CENTERING,-4.978,-7.003,8.876,0,0,0.000,0.000,0.000
10.100,CENTERING,-4.978,-7.003,8.986,0,0,0.000,0.000,0.000
10.200,CENTERING,-4.978,-7.003,9.041,0,0,0.000,0.000,0.000
10.300,CENTERING,-4.978,-7.002,9.151,0,0,0.000,0.000,0.000
10.400,CENTERING,-4.978,-7.002,9.261,0,0,0.000,0.000,0.000
10.500,CENTERING,-4.978,-7.002,9.316,0,0,0.000,0.000,0.000
10.600,CENTERING,-4.978,-7.001,9.426,0,0,0.000,0.000,0.000
10.700,CENTERING,-4.978,-7.001,9.536,0,0,0.000,0.000,0.000
10.800,CENTERING,-4.978,-7.001,9.591,0,0,0.000,0.000,0.000
10.902,CENTERING,-4.978,-7.002,9.700,0,0,0.000,0.000,0.000
11.000,CENTERING,-4.978,-7.002,9.810,0,0,0.000,0.000,0.000
11.100,CENTERING,-4.978,-7.002,9.865,0,0,0.000,0.000,0.000
11.201,CENTERING,-4.978,-7.002,9.975,0,0,0.000,0.000,0.000
11.300,CENTERING,-4.978,-7.002,10.085,0,0,0.000,0.000,0.000
11.400,CENTERING,-4.978,-7.002,10.195,0,0,0.000,0.000,0.000
11.500,CENTERING,-4.977,-7.002,10.250,0,0,0.000,0.000,0.000
11.600,CENTERING,-4.977,-7.002,10.360,0,0,0.000,0.000,0.000
11.700,CENTERING,-4.977,-7.003,10.470,0,0,0.000,0.000,0.000
11.800,CENTERING,-4.977,-7.003,10.525,0,0,0.000,0.000,0.000
11.900,CENTERING,-4.977,-7.002,10.635,0,0,0.000,0.000,0.000
12.000,CENTERING,-4.978,-7.002,10.744,0,0,0.000,0.000,0.000
12.100,CENTERING,-4.978,-7.002,10.799,0,0,0.000,0.000,0.000
12.200,CENTERING,-4.977,-7.001,10.909,0,0,0.000,0.000,0.000
12.300,CENTERING,-4.977,-7.001,11.019,0,0,0.000,0.000,0.000
12.400,CENTERING,-4.976,-7.001,11.129,0,0,0.000,0.000,0.000
12.500,CENTERING,-4.976,-7.001,11.184,0,0,0.000,0.000,0.000
12.600,CENTERING,-4.976,-7.001,11.294,0,0,0.000,0.000,0.000
12.700,CENTERING,-4.975,-7.001,11.404,0,0,0.000,0.000,0.000
12.800,CENTERING,-4.975,-7.001,11.459,0,0,0.000,0.000,0.000
12.900,CENTERING,-4.975,-7.002,11.569,0,0,0.000,0.000,0.000
13.000,CENTERING,-4.975,-7.002,11.679,0,0,0.000,0.000,0.000
13.100,CENTERING,-4.975,-7.002,11.733,0,0,0.000,0.000,0.000
13.200,CENTERING,-4.975,-7.002,11.843,0,0,0.000,0.000,0.000
13.300,CENTERING,-4.975,-7.003,11.953,0,0,0.000,0.000,0.000
13.400,CENTERING,-4.975,-7.003,12.063,0,0,0.000,0.000,0.000
13.500,CENTERING,-4.975,-7.003,12.118,0,0,0.000,0.000,0.000
13.600,CENTERING,-4.974,-7.003,12.228,0,0,0.000,0.000,0.000
13.702,CENTERING,-4.974,-7.003,12.338,0,0,0.000,0.000,0.000
13.800,CENTERING,-4.974,-7.003,12.393,0,0,0.000,0.000,0.000
13.901,CENTERING,-4.974,-7.003,12.503,0,0,0.000,0.000,0.000
14.000,CENTERING,-4.975,-7.003,12.613,0,0,0.000,0.000,0.000
14.100,CENTERING,-4.974,-7.003,12.723,0,0,0.000,0.000,0.000
14.200,CENTERING,-4.974,-7.003,12.777,0,0,0.000,0.000,0.000
14.300,CENTERING,-4.975,-7.003,12.887,0,0,0.000,0.000,0.000
14.400,CENTERING,-4.974,-7.003,12.997,0,0,0.000,0.000,0.000
14.500,CENTERING,-4.974,-7.003,13.052,0,0,0.000,0.000,0.000
14.600,CENTERING,-4.974,-7.002,13.162,0,0,0.000,0.000,0.000
14.703,CENTERING,-4.974,-7.002,13.272,0,0,0.000,0.000,0.000
14.800,CENTERING,-4.974,-7.002,13.327,0,0,0.000,0.000,0.000
14.901,CENTERING,-4.975,-7.002,13.437,0,0,0.000,0.000,0.000
15.000,CENTERING,-4.975,-7.002,13.547,0,0,0.000,0.000,0.000
15.101,CENTERING,-4.975,-7.002,13.657,0,0,0.000,0.000,0.000
15.200,CENTERING,-4.976,-7.002,13.712,0,0,0.000,0.000,0.000
15.300,CENTERING,-4.976,-7.002,13.822,0,0,0.000,0.000,0.000
15.400,CENTERING,-4.975,-7.002,13.931,0,0,0.000,0.000,0.000
15.500,CENTERING,-4.974,-7.002,14.041,0,0,0.000,0.000,0.000
15.600,ALTITUDE_SURVEY,-4.974,-7.002,14.096,0,0,0.000,0.000,0.000
15.700,ALTITUDE_SURVEY,-4.975,-7.003,14.206,0,0,0.000,0.000,0.000
15.800,ALTITUDE_SURVEY,-4.975,-7.003,14.316,0,0,0.000,0.000,0.000
15.900,ALTITUDE_SURVEY,-4.975,-7.004,14.371,0,0,0.000,0.000,0.000
16.000,ALTITUDE_SURVEY,-4.976,-7.004,14.481,0,0,0.000,0.000,0.000
16.100,ALTITUDE_SURVEY,-4.976,-7.004,14.591,0,0,0.000,0.000,0.000
16.200,ALTITUDE_SURVEY,-4.976,-7.004,14.701,0,0,0.000,0.000,0.000
16.300,ALTITUDE_SURVEY,-4.976,-7.003,14.756,0,0,0.000,0.000,0.000
16.400,ALTITUDE_SURVEY,-4.977,-7.003,14.866,0,0,0.000,0.000,0.000
16.500,ALTITUDE_SURVEY,-4.977,-7.003,14.975,0,0,0.000,0.000,0.000
16.600,ALTITUDE_SURVEY,-4.977,-7.003,15.030,0,0,0.000,0.000,0.000
16.700,ALTITUDE_SURVEY,-4.977,-7.003,15.138,0,0,0.000,0.000,0.000
16.800,ALTITUDE_SURVEY,-4.977,-7.003,15.237,0,0,0.000,0.000,0.000
16.900,ALTITUDE_SURVEY,-4.977,-7.003,15.326,0,0,0.000,0.000,0.000
17.000,ALTITUDE_SURVEY,-4.977,-7.003,15.366,0,0,0.000,0.000,0.000
17.100,ALTITUDE_SURVEY,-4.977,-7.003,15.436,0,0,0.000,0.000,0.000
17.200,ALTITUDE_SURVEY,-4.978,-7.003,15.496,0,0,0.000,0.000,0.000
17.300,ALTITUDE_SURVEY,-4.978,-7.003,15.545,0,0,0.000,0.000,0.000
17.400,ALTITUDE_SURVEY,-4.977,-7.003,15.566,0,0,0.000,0.000,0.000
17.500,ALTITUDE_SURVEY,-4.977,-7.004,15.602,0,0,0.000,0.000,0.000
17.604,ALTITUDE_SURVEY,-4.977,-7.004,15.630,0,0,0.000,0.000,0.000
17.700,ALTITUDE_SURVEY,-4.977,-7.004,15.642,0,0,0.000,0.000,0.000
17.803,ALTITUDE_SURVEY,-4.977,-7.003,15.666,0,0,0.000,0.000,0.000
17.900,ALTITUDE_SURVEY,-4.977,-7.003,15.717,0,0,0.000,0.000,0.000
18.001,ALTITUDE_SURVEY,-4.977,-7.003,15.752,0,0,0.000,0.000,0.000
18.100,ALTITUDE_SURVEY,-4.977,-7.003,15.837,0,0,0.000,0.000,0.000
18.200,ALTITUDE_SURVEY,-4.977,-7.003,15.932,0,0,0.000,0.000,0.000
18.300,ALTITUDE_SURVEY,-4.977,-7.003,15.982,0,0,0.000,0.000,0.000
18.400,ALTITUDE_SURVEY,-4.977,-7.003,16.085,0,0,0.000,0.000,0.000
18.500,ALTITUDE_SURVEY,-4.977,-7.003,16.184,0,0,0.000,0.000,0.000
18.600,ALTITUDE_SURVEY,-4.976,-7.003,16.275,0,0,0.000,0.000,0.000
18.702,ALTITUDE_SURVEY,-4.976,-7.003,16.316,0,0,0.000,0.000,0.000
18.800,ALTITUDE_SURVEY,-4.976,-7.003,16.390,0,0,0.000,0.000,0.000
18.900,ALTITUDE_SURVEY,-4.976,-7.002,16.454,0,0,0.000,0.000,0.000
19.000,ALTITUDE_SURVEY,-4.976,-7.002,16.482,0,0,0.000,0.000,0.000
19.100,ALTITUDE_SURVEY,-4.976,-7.002,16.530,0,0,0.000,0.000,0.000
19.200,ALTITUDE_SURVEY,-4.975,-7.002,16.569,0,0,0.000,0.000,0.000
19.300,ALTITUDE_SURVEY,-4.975,-7.002,16.586,0,0,0.000,0.000,0.000
19.400,ALTITUDE_SURVEY,-4.975,-7.003,16.614,0,0,0.000,0.000,0.000
19.500,ALTITUDE_SURVEY,-4.975,-7.003,16.636,0,0,0.000,0.000,0.000
19.600,ALTITUDE_SURVEY,-4.975,-7.004,16.653,0,0,0.000,0.000,0.000
19.700,ALTITUDE_SURVEY,-4.975,-7.004,16.660,0,0,0.000,0.000,0.000
19.800,ALTITUDE_SURVEY,-4.975,-7.004,16.671,0,0,0.000,0.000,0.000
19.900,ALTITUDE_SURVEY,-4.975,-7.003,16.696,0,0,0.000,0.000,0.000
20.000,ALTITUDE_SURVEY,-4.976,-7.003,16.720,0,0,0.000,0.000,0.000
20.100,ALTITUDE_SURVEY,-4.976,-7.003,16.789,0,0,0.000,0.000,0.000
20.200,ALTITUDE_SURVEY,-4.975,-7.002,16.876,0,0,0.000,0.000,0.000
20.300,ALTITUDE_SURVEY,-4.975,-7.002,16.973,0,0,0.000,0.000,0.000
20.400,ALTITUDE_SURVEY,-4.975,-7.002,17.024,0,0,0.000,0.000,0.000
20.500,ALTITUDE_SURVEY,-4.975,-7.002,17.124,0,0,0.000,0.000,0.000
20.600,ALTITUDE_SURVEY,-4.974,-7.002,17.217,0,0,0.000,0.000,0.000
20.700,ALTITUDE_SURVEY,-4.974,-7.002,17.260,0,0,0.000,0.000,0.000
20.800,ALTITUDE_SURVEY,-4.974,-7.002,17.338,0,0,0.000,0.000,0.000
20.900,ALTITUDE_SURVEY,-4.975,-7.002,17.405,0,0,0.000,0.000,0.000
21.000,ALTITUDE_SURVEY,-4.975,-7.002,17.462,0,0,0.000,0.000,0.000
21.100,ALTITUDE_SURVEY,-4.976,-7.002,17.487,0,0,0.000,0.000,0.000
21.200,ALTITUDE_SURVEY,-4.976,-7.002,17.529,0,0,0.000,0.000,0.000
21.300,ALTITUDE_SURVEY,-4.976,-7.002,17.564,0,0,0.000,0.000,0.000
21.400,ALTITUDE_SURVEY,-4.976,-7.002,17.591,0,0,0.000,0.000,0.000
21.500,ALTITUDE_SURVEY,-4.976,-7.003,17.603,0,0,0.000,0.000,0.000
21.600,ALTITUDE_SURVEY,-4.976,-7.003,17.622,0,0,0.000,0.000,0.000
21.700,ALTITUDE_SURVEY,-4.976,-7.004,17.636,0,0,0.000,0.000,0.000
21.800,ALTITUDE_SURVEY,-4.976,-7.004,17.647,0,0,0.000,0.000,0.000
21.901,ALTITUDE_SURVEY,-4.976,-7.004,17.652,0,0,0.000,0.000,0.000
22.000,ALTITUDE_SURVEY,-4.976,-7.004,17.662,0,0,0.000,0.000,0.000
22.100,ALTITUDE_SURVEY,-4.977,-7.004,17.700,0,0,0.000,0.000,0.000
22.200,ALTITUDE_SURVEY,-4.977,-7.004,17.730,0,0,0.000,0.000,0.000
22.300,ALTITUDE_SURVEY,-4.977,-7.004,17.808,0,0,0.000,0.000,0.000
22.400,ALTITUDE_SURVEY,-4.977,-7.004,17.900,0,0,0.000,0.000,0.000
22.500,ALTITUDE_SURVEY,-4.978,-7.004,17.949,0,0,0.000,0.000,0.000
22.601,ALTITUDE_SURVEY,-4.978,-7.005,18.049,0,0,0.000,0.000,0.000
22.700,ALTITUDE_SURVEY,-4.978,-7.004,18.146,0,0,0.000,0.000,0.000
22.800,ALTITUDE_SURVEY,-4.979,-7.004,18.234,0,0,0.000,0.000,0.000
22.900,ALTITUDE_SURVEY,-4.979,-7.004,18.274,0,0,0.000,0.000,0.000
23.000,ALTITUDE_SURVEY,-4.979,-7.003,18.347,0,0,0.000,0.000,0.000
23.100,ALTITUDE_SURVEY,-4.980,-7.003,18.409,0,0,0.000,0.000,0.000
23.200,ALTITUDE_SURVEY,-4.980,-7.002,18.436,0,0,0.000,0.000,0.000
23.300,ALTITUDE_SURVEY,-4.980,-7.002,18.482,0,0,0.000,0.000,0.000
23.400,ALTITUDE_SURVEY,-4.980,-7.002,18.521,0,0,0.000,0.000,0.000
23.501,ALTITUDE_SURVEY,-4.979,-7.002,18.551,0,0,0.000,0.000,0.000
23.600,ALTITUDE_SURVEY,-4.979,-7.002,18.564,0,0,0.000,0.000,0.000
23.700,ALTITUDE_SURVEY,-4.979,-7.002,18.586,0,0,0.000,0.000,0.000
23.800,ALTITUDE_SURVEY,-4.979,-7.003,18.603,0,0,0.000,0.000,0.000
23.900,ALTITUDE_SURVEY,-4.979,-7.003,18.610,0,0,0.000,0.000,0.000
24.000,ALTITUDE_SURVEY,-4.979,-7.003,18.625,0,0,0.000,0.000,0.000
24.100,ALTITUDE_SURVEY,-4.979,-7.003,18.667,0,0,0.000,0.000,0.000
24.203,ALTITUDE_SURVEY,-4.979,-7.003,18.737,0,0,0.000,0.000,0.000
24.300,ALTITUDE_SURVEY,-4.979,-7.003,18.779,0,0,0.000,0.000,0.000
24.400,ALTITUDE_SURVEY,-4.978,-7.004,18.872,0,0,0.000,0.000,0.000
24.500,ALTITUDE_SURVEY,-4.978,-7.004,18.972,0,0,0.000,0.000,0.000
24.600,ALTITUDE_SURVEY,-4.978,-7.004,19.023,0,0,0.000,0.000,0.000
24.700,ALTITUDE_SURVEY,-4.978,-7.004,19.120,0,0,0.000,0.000,0.000
24.800,ALTITUDE_SURVEY,-4.978,-7.004,19.210,0,0,0.000,0.000,0.000
24.900,ALTITUDE_SURVEY,-4.977,-7.004,19.288,0,0,0.000,0.000,0.000
25.000,ALTITUDE_SURVEY,-4.977,-7.004,19.324,0,0,0.000,0.000,0.000
25.100,ALTITUDE_SURVEY,-4.977,-7.004,19.386,0,0,0.000,0.000,0.000
25.200,ALTITUDE_SURVEY,-4.977,-7.004,19.438,0,0,0.000,0.000,0.000
25.300,ALTITUDE_SURVEY,-4.977,-7.004,19.461,0,0,0.000,0.000,0.000
25.400,ALTITUDE_SURVEY,-4.977,-7.003,19.499,0,0,0.000,0.000,0.000
25.500,ALTITUDE_SURVEY,-4.978,-7.003,19.531,0,0,0.000,0.000,0.000
25.600,ALTITUDE_SURVEY,-4.978,-7.003,19.544,0,0,0.000,0.000,0.000
25.701,ALTITUDE_SURVEY,-4.978,-7.003,19.566,0,0,0.000,0.000,0.000
25.800,ALTITUDE_SURVEY,-4.978,-7.003,19.583,0,0,0.000,0.000,0.000
25.902,ALTITUDE_SURVEY,-4.978,-7.003,19.596,0,0,0.000,0.000,0.000
26.000,ALTITUDE_SURVEY,-4.977,-7.004,19.601,0,0,0.000,0.000,0.000
26.100,ALTITUDE_SURVEY,-4.977,-7.004,19.609,0,0,0.000,0.000,0.000
26.203,ALTITUDE_SURVEY,-4.977,-7.004,19.615,0,0,0.000,0.000,0.000
26.300,ALTITUDE_SURVEY,-4.977,-7.004,19.618,0,0,0.000,0.000,0.000
26.400,ALTITUDE_SURVEY,-4.977,-7.005,19.621,0,0,0.000,0.000,0.000
26.500,ALTITUDE_SURVEY,-4.977,-7.005,19.622,0,0,0.000,0.000,0.000
26.600,ALTITUDE_SURVEY,-4.976,-7.005,19.623,0,0,0.000,0.000,0.000
26.700,ALTITUDE_SURVEY,-4.976,-7.005,19.623,0,0,0.000,0.000,0.000
26.800,ALTITUDE_SURVEY,-4.977,-7.005,19.622,0,0,0.000,0.000,0.000
26.900,ALTITUDE_SURVEY,-4.977,-7.005,19.621,0,0,0.000,0.000,0.000
27.000,ALTITUDE_SURVEY,-4.977,-7.005,19.619,0,0,0.000,0.000,0.000
27.100,ALTITUDE_SURVEY,-4.977,-7.005,19.618,0,0,0.000,0.000,0.000
27.200,ALTITUDE_SURVEY,-4.976,-7.005,19.616,0,0,0.000,0.000,0.000
27.301,ALTITUDE_SURVEY,-4.976,-7.005,19.614,0,0,0.000,0.000,0.000
27.400,ALTITUDE_SURVEY,-4.976,-7.005,19.612,0,0,0.000,0.000,0.000
27.504,ALTITUDE_SURVEY,-4.976,-7.005,19.610,0,0,0.000,0.000,0.000
27.600,ALTITUDE_SURVEY,-4.976,-7.005,19.607,0,0,0.000,0.000,0.000
27.700,ALTITUDE_SURVEY,-4.976,-7.005,19.604,0,0,0.000,0.000,0.000
27.800,ALTITUDE_SURVEY,-4.976,-7.005,19.602,0,0,0.000,0.000,0.000
27.900,ALTITUDE_SURVEY,-4.976,-7.005,19.599,0,0,0.000,0.000,0.000
28.000,ALTITUDE_SURVEY,-4.976,-7.005,19.596,0,0,0.000,0.000,0.000
28.100,ALTITUDE_SURVEY,-4.976,-7.005,19.594,0,0,0.000,0.000,0.000
28.200,ALTITUDE_SURVEY,-4.977,-7.005,19.591,0,0,0.000,0.000,0.000
28.300,ALTITUDE_SURVEY,-4.977,-7.005,19.588,0,0,0.000,0.000,0.000
28.400,ALTITUDE_SURVEY,-4.977,-7.004,19.586,0,0,0.000,0.000,0.000
28.500,ALTITUDE_SURVEY,-4.977,-7.004,19.583,0,0,0.000,0.000,0.000
28.600,ALTITUDE_SURVEY,-4.978,-7.004,19.580,0,0,0.000,0.000,0.000
28.700,ALTITUDE_SURVEY,-4.978,-7.003,19.577,0,0,0.000,0.000,0.000
28.800,ALTITUDE_SURVEY,-4.978,-7.003,19.575,0,0,0.000,0.000,0.000
28.900,ALTITUDE_SURVEY,-4.978,-7.003,19.572,0,0,0.000,0.000,0.000
29.000,ALTITUDE_SURVEY,-4.978,-7.002,19.569,0,0,0.000,0.000,0.000
29.100,ALTITUDE_SURVEY,-4.979,-7.002,19.566,0,0,0.000,0.000,0.000
29.200,ALTITUDE_SURVEY,-4.979,-7.002,19.564,0,0,0.000,0.000,0.000
29.300,ALTITUDE_SURVEY,-4.980,-7.001,19.561,0,0,0.000,0.000,0.000
29.400,ALTITUDE_SURVEY,-4.980,-7.001,19.558,0,0,0.000,0.000,0.000
29.500,ALTITUDE_SURVEY,-4.980,-7.001,19.556,0,0,0.000,0.000,0.000
29.600,ALTITUDE_SURVEY,-4.979,-7.002,19.553,0,0,0.000,0.000,0.000
29.700,ALTITUDE_SURVEY,-4.979,-7.002,19.552,0,0,0.000,0.000,0.000
29.800,ALTITUDE_SURVEY,-4.979,-7.003,19.549,0,0,0.000,0.000,0.000
29.900,ALTITUDE_SURVEY,-4.979,-7.003,19.545,0,0,0.000,0.000,0.000
30.003,ALTITUDE_SURVEY,-4.979,-7.004,19.542,0,0,0.000,0.000,0.000
30.162,PERCEIVING,-4.979,-7.004,19.541,0,0,0.000,0.000,0.000
30.204,PERCEIVING,-4.978,-7.005,19.538,0,0,0.000,0.000,0.000
30.303,PERCEIVING,-4.978,-7.005,19.535,0,0,0.000,0.000,0.000
30.410,PERCEIVING,-4.977,-7.005,19.533,0,0,0.000,0.000,0.000
30.503,PLANNING,-4.976,-7.006,19.530,0,0,0.000,0.000,0.000
30.603,SHOWING_PATH,-4.976,-7.006,19.528,0,6,0.000,0.000,0.000
30.703,SHOWING_PATH,-4.976,-7.006,19.526,0,6,0.000,0.000,0.000
30.803,SHOWING_PATH,-4.976,-7.007,19.523,0,6,0.000,0.000,0.000
30.903,SHOWING_PATH,-4.976,-7.007,19.520,0,6,0.000,0.000,0.000
31.004,SHOWING_PATH,-4.976,-7.007,19.519,0,6,0.000,0.000,0.000
31.103,SHOWING_PATH,-4.975,-7.007,19.516,0,6,0.000,0.000,0.000
31.203,SHOWING_PATH,-4.975,-7.007,19.513,0,6,0.000,0.000,0.000
31.303,SHOWING_PATH,-4.975,-7.007,19.512,0,6,0.000,0.000,0.000
31.403,SHOWING_PATH,-4.975,-7.006,19.509,0,6,0.000,0.000,0.000
31.503,SHOWING_PATH,-4.975,-7.006,19.506,0,6,0.000,0.000,0.000
31.603,SHOWING_PATH,-4.975,-7.006,19.504,0,6,0.000,0.000,0.000
31.703,SHOWING_PATH,-4.975,-7.005,19.502,0,6,0.000,0.000,0.000
31.803,SHOWING_PATH,-4.975,-7.005,19.499,0,6,0.000,0.000,0.000
31.903,SHOWING_PATH,-4.975,-7.005,19.497,0,6,0.000,0.000,0.000
32.003,SHOWING_PATH,-4.975,-7.004,19.495,0,6,0.000,0.000,0.000
32.103,SHOWING_PATH,-4.975,-7.004,19.492,0,6,0.000,0.000,0.000
32.203,SHOWING_PATH,-4.975,-7.004,19.491,0,6,0.000,0.000,0.000
32.303,SHOWING_PATH,-4.975,-7.003,19.488,0,6,0.000,0.000,0.000
32.403,SHOWING_PATH,-4.974,-7.003,19.485,0,6,0.000,0.000,0.000
32.505,SHOWING_PATH,-4.974,-7.003,19.482,0,6,0.000,0.000,0.000
32.603,SHOWING_PATH,-4.974,-7.003,19.481,0,6,0.000,0.000,0.000
32.703,SHOWING_PATH,-4.974,-7.003,19.478,0,6,0.000,0.000,0.000
32.803,SHOWING_PATH,-4.974,-7.003,19.476,0,6,0.000,0.000,0.000
32.903,SHOWING_PATH,-4.974,-7.003,19.473,0,6,0.000,0.000,0.000
33.003,SHOWING_PATH,-4.974,-7.003,19.472,0,6,0.000,0.000,0.000
33.103,SHOWING_PATH,-4.974,-7.003,19.469,0,6,0.000,0.000,0.000
33.203,SHOWING_PATH,-4.974,-7.003,19.466,0,6,0.000,0.000,0.000
33.303,SHOWING_PATH,-4.974,-7.003,19.464,0,6,0.000,0.000,0.000
33.403,SHOWING_PATH,-4.974,-7.003,19.463,0,6,0.000,0.000,0.000
33.503,SHOWING_PATH,-4.974,-7.003,19.460,0,6,0.000,0.000,0.000
33.604,SHOWING_PATH,-4.975,-7.003,19.457,0,6,0.000,0.000,0.000
33.703,GUIDING_DOG,-4.975,-7.003,19.456,0,6,0.000,0.000,0.000
33.803,GUIDING_DOG,-4.975,-7.003,19.454,0,6,0.000,2.000,2.003
33.903,GUIDING_DOG,-4.976,-7.003,19.451,0,6,0.000,2.000,2.003
34.003,GUIDING_DOG,-4.977,-7.002,19.449,0,6,0.000,2.000,2.003
34.104,GUIDING_DOG,-4.977,-7.002,19.447,0,6,0.000,2.000,2.002
34.203,GUIDING_DOG,-4.977,-7.003,19.445,0,6,0.000,2.000,2.002
34.303,GUIDING_DOG,-4.978,-7.005,19.444,0,6,0.000,2.000,2.003
34.403,GUIDING_DOG,-4.979,-7.007,19.441,0,6,0.000,2.000,2.005
34.503,GUIDING_DOG,-4.981,-7.011,19.439,0,6,0.000,2.000,2.007
34.603,GUIDING_DOG,-4.982,-7.013,19.437,0,6,0.000,2.000,2.011
34.703,GUIDING_DOG,-4.983,-7.019,19.435,0,6,0.000,2.000,2.013
34.803,GUIDING_DOG,-4.983,-7.022,19.434,0,6,0.000,2.000,2.019
34.903,GUIDING_DOG,-4.984,-7.029,19.431,0,6,0.000,2.000,2.022
35.003,GUIDING_DOG,-4.984,-7.033,19.430,0,6,0.000,2.000,2.029
35.103,GUIDING_DOG,-4.984,-7.041,19.428,0,6,0.000,2.000,2.033
35.203,GUIDING_DOG,-4.985,-7.049,19.425,0,6,0.000,1.904,2.041
35.304,GUIDING_DOG,-4.985,-7.052,19.424,0,6,0.000,1.747,2.049
35.403,GUIDING_DOG,-4.984,-7.058,19.422,0,6,0.000,1.671,2.052
35.503,GUIDING_DOG,-4.984,-7.060,19.421,0,6,0.000,1.531,2.058
35.603,GUIDING_DOG,-4.983,-7.064,19.418,0,6,0.000,1.464,2.060
35.703,GUIDING_DOG,-4.982,-7.068,19.416,0,6,0.000,1.343,2.064
35.803,GUIDING_DOG,-4.981,-7.070,19.415,0,6,0.000,1.231,2.068
35.903,GUIDING_DOG,-4.980,-7.074,19.412,0,6,0.000,1.178,2.070
36.003,GUIDING_DOG,-4.980,-7.075,19.411,0,6,0.000,1.082,2.074
36.103,GUIDING_DOG,-4.980,-7.078,19.409,0,6,0.000,1.035,2.075
36.204,GUIDING_DOG,-4.980,-7.080,19.407,0,6,0.000,0.941,2.078
36.303,GUIDING_DOG,-4.981,-7.081,19.406,0,6,0.000,0.858,2.080
36.403,GUIDING_DOG,-4.981,-7.083,19.403,0,6,0.000,0.822,2.081
36.503,GUIDING_DOG,-4.982,-7.084,19.402,0,6,0.000,0.755,2.083
36.603,GUIDING_DOG,-4.982,-7.086,19.400,0,6,0.000,0.725,2.084
36.703,GUIDING_DOG,-4.982,-7.089,19.398,0,6,0.000,0.669,2.087
36.803,GUIDING_DOG,-4.983,-7.090,19.397,0,6,0.000,0.617,2.089
36.903,GUIDING_DOG,-4.984,-7.092,19.394,0,6,0.500,0.586,2.090
37.003,GUIDING_DOG,-4.985,-7.091,19.392,0,6,0.500,0.519,2.092
37.103,GUIDING_DOG,-4.984,-7.091,19.391,0,6,0.500,0.468,2.091
37.203,GUIDING_DOG,-4.980,-7.088,19.389,0,6,0.500,0.446,2.091
37.303,GUIDING_DOG,-4.974,-7.084,19.387,0,6,0.500,0.407,2.088
37.403,GUIDING_DOG,-4.971,-7.082,19.386,0,6,0.500,0.374,2.084
37.503,GUIDING_DOG,-4.966,-7.076,19.384,0,6,0.500,0.360,2.082
37.603,GUIDING_DOG,-4.961,-7.068,19.381,0,6,0.500,0.338,2.076
37.703,GUIDING_DOG,-4.956,-7.059,19.379,0,6,0.500,0.323,2.069
37.803,GUIDING_DOG,-4.954,-7.053,19.378,0,6,0.500,0.312,2.059
37.903,GUIDING_DOG,-4.948,-7.041,19.376,0,6,0.500,0.306,2.053
38.003,GUIDING_DOG,-4.941,-7.028,19.374,0,6,0.500,0.285,2.042
38.103,GUIDING_DOG,-4.937,-7.021,19.373,0,6,0.500,0.257,2.028
38.203,GUIDING_DOG,-4.927,-7.006,19.371,0,6,0.500,0.245,2.022
38.303,GUIDING_DOG,-4.922,-6.998,19.370,0,6,0.500,0.231,2.007
38.403,GUIDING_DOG,-4.914,-6.984,19.368,0,6,0.500,0.231,2.000
38.503,GUIDING_DOG,-4.911,-6.976,19.367,0,6,0.500,0.229,1.985
38.603,GUIDING_DOG,-4.904,-6.959,19.365,0,6,0.500,0.228,1.978
38.703,GUIDING_DOG,-4.899,-6.939,19.363,0,6,0.500,0.209,1.961
38.803,GUIDING_DOG,-4.897,-6.930,19.362,0,6,0.500,0.195,1.942
38.903,GUIDING_DOG,-4.892,-6.911,19.360,0,6,0.500,0.191,1.932
39.003,GUIDING_DOG,-4.886,-6.892,19.358,0,6,0.500,0.185,1.914
39.103,GUIDING_DOG,-4.883,-6.882,19.357,0,6,0.500,0.183,1.895
39.203,GUIDING_DOG,-4.876,-6.863,19.355,0,6,0.500,0.183,1.886
39.303,GUIDING_DOG,-4.869,-6.845,19.353,0,6,0.500,0.181,1.867
39.403,GUIDING_DOG,-4.865,-6.835,19.352,0,6,0.500,0.180,1.849
39.503,GUIDING_DOG,-4.858,-6.818,19.350,0,6,0.500,0.181,1.840
39.603,GUIDING_DOG,-4.852,-6.801,19.348,0,6,0.500,0.190,1.824
39.703,GUIDING_DOG,-4.850,-6.792,19.347,0,6,0.500,0.193,1.807
39.803,GUIDING_DOG,-4.846,-6.775,19.345,0,6,0.500,0.189,1.798
39.903,GUIDING_DOG,-4.840,-6.758,19.343,0,6,0.500,0.182,1.781
40.003,GUIDING_DOG,-4.837,-6.749,19.342,0,6,0.500,0.177,1.765
40.103,GUIDING_DOG,-4.831,-6.731,19.340,0,6,0.500,0.174,1.757
40.203,GUIDING_DOG,-4.827,-6.722,19.339,0,6,0.500,0.170,1.740
40.303,GUIDING_DOG,-4.822,-6.705,19.337,0,6,0.500,0.170,1.731
40.403,GUIDING_DOG,-4.817,-6.685,19.335,0,6,0.500,0.169,1.714
40.503,GUIDING_DOG,-4.815,-6.674,19.334,0,6,0.500,0.161,1.695
40.603,GUIDING_DOG,-4.812,-6.653,19.333,0,6,0.500,0.157,1.684
40.703,GUIDING_DOG,-4.808,-6.632,19.331,0,6,0.500,0.150,1.664
40.806,GUIDING_DOG,-4.806,-6.621,19.330,0,6,0.500,0.150,1.643
40.903,GUIDING_DOG,-4.803,-6.599,19.328,0,6,0.500,0.149,1.633
41.003,GUIDING_DOG,-4.802,-6.588,19.327,0,6,0.500,0.145,1.611
41.103,GUIDING_DOG,-4.801,-6.568,19.325,0,6,0.500,0.143,1.600
41.203,GUIDING_DOG,-4.801,-6.550,19.323,0,6,0.500,0.141,1.581
41.303,GUIDING_DOG,-4.801,-6.532,19.323,0,6,0.500,0.140,1.562
41.403,GUIDING_DOG,-4.801,-6.523,19.321,0,6,0.500,0.137,1.545
41.503,GUIDING_DOG,-4.802,-6.507,19.319,0,6,0.500,0.135,1.536
41.603,GUIDING_DOG,-4.802,-6.498,19.318,0,6,0.500,0.134,1.520
41.703,GUIDING_DOG,-4.802,-6.482,19.316,0,6,0.500,0.133,1.511
41.803,GUIDING_DOG,-4.801,-6.466,19.315,0,6,0.500,0.134,1.496
41.903,GUIDING_DOG,-4.800,-6.450,19.313,0,6,0.500,0.136,1.480
42.004,GUIDING_DOG,-4.799,-6.442,19.312,0,6,0.500,0.139,1.464
42.103,GUIDING_DOG,-4.797,-6.427,19.310,0,6,0.500,0.139,1.456
42.203,GUIDING_DOG,-4.797,-6.419,19.309,0,6,0.500,0.134,1.441
42.305,GUIDING_DOG,-4.798,-6.403,19.308,0,6,0.500,0.132,1.434
42.403,GUIDING_DOG,-4.800,-6.386,19.306,0,6,0.500,0.123,1.418
42.503,GUIDING_DOG,-4.801,-6.376,19.305,0,6,0.500,0.108,1.400
42.603,GUIDING_DOG,-4.802,-6.356,19.303,0,6,0.500,0.103,1.390
42.703,GUIDING_DOG,-4.803,-6.334,19.302,0,6,0.500,0.093,1.370
42.803,GUIDING_DOG,-4.803,-6.323,19.301,0,6,0.500,0.085,1.348
42.903,GUIDING_DOG,-4.804,-6.304,19.299,0,6,0.500,0.082,1.338
43.003,GUIDING_DOG,-4.806,-6.284,19.297,0,6,0.500,0.075,1.318
43.103,GUIDING_DOG,-4.808,-6.273,19.297,0,6,0.500,0.065,1.298
43.203,GUIDING_DOG,-4.811,-6.251,19.295,0,6,0.500,0.061,1.288
43.303,GUIDING_DOG,-4.813,-6.240,19.294,0,6,0.500,0.051,1.265
43.403,GUIDING_DOG,-4.815,-6.220,19.293,0,6,0.500,0.047,1.254
43.503,GUIDING_DOG,-4.818,-6.200,19.291,0,6,0.500,0.042,1.234
43.603,GUIDING_DOG,-4.819,-6.190,19.290,0,6,0.500,0.039,1.214
43.703,GUIDING_DOG,-4.822,-6.170,19.288,0,6,0.500,0.039,1.204
43.803,GUIDING_DOG,-4.823,-6.151,19.287,0,6,0.500,0.041,1.184
43.903,GUIDING_DOG,-4.824,-6.142,19.286,0,6,0.500,0.044,1.165
44.003,GUIDING_DOG,-4.824,-6.124,19.284,0,6,0.500,0.046,1.155
44.103,GUIDING_DOG,-4.824,-6.107,19.283,0,6,0.500,0.051,1.137
44.203,GUIDING_DOG,-4.824,-6.098,19.282,0,6,0.500,0.053,1.120
44.306,GUIDING_DOG,-4.825,-6.082,19.281,0,6,0.500,0.055,1.112
44.403,GUIDING_DOG,-4.825,-6.066,19.279,0,6,0.500,0.057,1.096
44.503,GUIDING_DOG,-4.826,-6.059,19.278,0,6,0.500,0.058,1.081
44.603,GUIDING_DOG,-4.827,-6.044,19.277,0,6,0.500,0.058,1.073
44.703,GUIDING_DOG,-4.828,-6.029,19.275,0,6,0.500,0.057,1.058
44.803,GUIDING_DOG,-4.828,-6.022,19.274,0,6,0.500,0.055,1.043
44.903,GUIDING_DOG,-4.831,-6.008,19.273,0,6,0.500,0.052,1.036
45.003,GUIDING_DOG,-4.836,-5.993,19.271,0,6,0.500,0.041,1.022
45.103,GUIDING_DOG,-4.839,-5.985,19.271,0,6,0.500,0.028,1.006
45.203,GUIDING_DOG,-4.843,-5.969,19.269,0,6,0.500,0.022,0.998
45.303,GUIDING_DOG,-4.845,-5.951,19.268,0,6,0.500,0.015,0.981
45.403,GUIDING_DOG,-4.846,-5.941,19.267,0,6,0.500,0.011,0.963
45.503,GUIDING_DOG,-4.849,-5.922,19.265,0,6,0.500,0.008,0.954
45.603,GUIDING_DOG,-4.851,-5.912,19.265,0,6,0.500,0.005,0.934
45.703,GUIDING_DOG,-4.857,-5.890,19.263,0,6,0.500,0.003,0.924
45.803,GUIDING_DOG,-4.863,-5.868,19.262,0,6,0.500,-0.001,0.902
45.903,GUIDING_DOG,-4.866,-5.857,19.261,0,6,0.500,-0.009,0.879
46.003,GUIDING_DOG,-4.871,-5.838,19.259,0,6,0.500,-0.014,0.868
46.103,GUIDING_DOG,-4.873,-5.829,19.259,0,6,0.500,-0.020,0.848
46.203,GUIDING_DOG,-4.877,-5.809,19.257,0,6,0.500,-0.022,0.838
46.303,GUIDING_DOG,-4.881,-5.790,19.256,0,6,0.500,-0.022,0.819
46.403,GUIDING_DOG,-4.882,-5.781,19.255,0,6,0.500,-0.020,0.799
46.503,GUIDING_DOG,-4.885,-5.763,19.254,0,6,0.500,-0.017,0.789
46.603,GUIDING_DOG,-4.886,-5.754,19.253,0,6,0.500,-0.012,0.771
46.703,GUIDING_DOG,-4.888,-5.736,19.252,0,6,0.500,-0.009,0.763
46.803,GUIDING_DOG,-4.890,-5.720,19.250,0,6,0.500,-0.004,0.745
46.903,GUIDING_DOG,-4.891,-5.711,19.250,0,6,0.500,0.001,0.728
47.003,GUIDING_DOG,-4.894,-5.695,19.248,0,6,0.500,0.004,0.719
47.103,GUIDING_DOG,-4.897,-5.679,19.247,0,6,0.500,0.006,0.703
47.203,GUIDING_DOG,-4.898,-5.671,19.246,0,6,0.500,0.006,0.687
47.303,GUIDING_DOG,-4.902,-5.656,19.245,0,6,0.500,0.005,0.679
47.403,GUIDING_DOG,-4.905,-5.642,19.243,0,6,0.500,0.002,0.663
47.503,GUIDING_DOG,-4.906,-5.634,19.243,0,6,0.500,0.006,0.649
47.603,GUIDING_DOG,-4.907,-5.617,19.241,0,6,0.500,0.009,0.641
47.703,GUIDING_DOG,-4.910,-5.601,19.240,0,6,0.500,0.006,0.624
47.803,GUIDING_DOG,-4.912,-5.592,19.239,0,6,0.500,0.006,0.607
47.903,GUIDING_DOG,-4.917,-5.574,19.238,0,6,0.500,0.004,0.599
48.003,GUIDING_DOG,-4.922,-5.555,19.237,0,6,0.500,-0.008,0.580
48.103,GUIDING_DOG,-4.924,-5.546,19.236,0,6,0.500,-0.023,0.560
48.203,GUIDING_DOG,-4.928,-5.527,19.235,0,6,0.500,-0.027,0.551
48.303,GUIDING_DOG,-4.930,-5.517,19.234,0,6,0.500,-0.031,0.532
48.403,GUIDING_DOG,-4.932,-5.496,19.233,0,6,0.500,-0.031,0.522
48.504,GUIDING_DOG,-4.935,-5.475,19.231,0,6,0.500,-0.031,0.501
48.603,GUIDING_DOG,-4.936,-5.465,19.231,0,6,0.480,-0.032,0.480
48.703,GUIDING_DOG,-4.939,-5.447,19.229,0,6,0.470,-0.032,0.470
48.803,GUIDING_DOG,-4.944,-5.429,19.228,0,6,0.451,-0.039,0.451
48.903,GUIDING_DOG,-4.946,-5.420,19.228,0,6,0.433,-0.050,0.433
49.003,GUIDING_DOG,-4.951,-5.402,19.226,0,6,0.423,-0.057,0.423
49.103,GUIDING_DOG,-4.952,-5.393,19.226,0,6,0.405,-0.065,0.405
49.203,GUIDING_DOG,-4.955,-5.376,19.224,0,6,0.396,-0.066,0.396
49.303,GUIDING_DOG,-4.958,-5.361,19.223,0,6,0.379,-0.065,0.379
49.403,GUIDING_DOG,-4.958,-5.354,19.223,0,6,0.363,-0.058,0.363
49.503,GUIDING_DOG,-4.959,-5.340,19.221,0,6,0.356,-0.053,0.356
49.603,GUIDING_DOG,-4.959,-5.328,19.220,0,6,0.342,-0.039,0.342
49.703,GUIDING_DOG,-4.959,-5.321,19.219,0,6,0.330,-0.027,0.330
49.803,GUIDING_DOG,-4.959,-5.310,19.218,0,6,0.324,-0.020,0.324
49.903,GUIDING_DOG,-4.960,-5.304,19.218,0,6,0.312,-0.009,0.312
50.003,GUIDING_DOG,-4.960,-5.293,19.216,0,6,0.307,-0.007,0.307
50.103,GUIDING_DOG,-4.962,-5.283,19.215,1,6,0.500,-0.252,4.293
50.203,GUIDING_DOG,-4.962,-5.278,19.215,1,6,0.500,-0.252,4.283
50.303,GUIDING_DOG,-4.964,-5.266,19.213,1,6,0.500,-0.249,4.278
50.403,GUIDING_DOG,-4.966,-5.260,19.213,1,6,0.500,-0.238,4.266
50.503,GUIDING_DOG,-4.969,-5.247,19.212,1,6,0.500,-0.231,4.260
50.603,GUIDING_DOG,-4.971,-5.234,19.210,1,6,0.500,-0.216,4.247
50.703,GUIDING_DOG,-4.972,-5.228,19.210,1,6,0.500,-0.198,4.234
50.803,GUIDING_DOG,-4.973,-5.214,19.209,1,6,0.500,-0.185,4.228
50.904,GUIDING_DOG,-4.972,-5.199,19.208,1,6,0.500,-0.165,4.214
51.003,GUIDING_DOG,-4.973,-5.192,19.207,1,6,0.500,-0.155,4.199
51.103,GUIDING_DOG,-4.975,-5.177,19.206,1,6,0.500,-0.149,4.192
51.203,GUIDING_DOG,-4.976,-5.168,19.205,1,6,0.500,-0.139,4.177
51.303,GUIDING_DOG,-4.980,-5.150,19.204,1,6,0.500,-0.135,4.168
51.403,GUIDING_DOG,-4.982,-5.140,19.204,1,6,0.500,-0.130,4.150
51.503,GUIDING_DOG,-4.985,-5.122,19.202,1,6,0.500,-0.129,4.140
51.603,GUIDING_DOG,-4.988,-5.104,19.201,1,6,0.500,-0.124,4.122
51.703,GUIDING_DOG,-4.989,-5.095,19.201,1,6,0.500,-0.115,4.104
51.803,GUIDING_DOG,-4.992,-5.075,19.200,1,6,0.500,-0.111,4.095
51.904,GUIDING_DOG,-4.993,-5.053,19.199,1,6,0.500,-0.104,4.075
52.003,GUIDING_DOG,-4.994,-5.043,19.198,1,6,0.500,-0.098,4.053
52.103,GUIDING_DOG,-4.995,-5.023,19.197,1,6,0.500,-0.095,4.043
52.203,GUIDING_DOG,-4.996,-5.004,19.196,1,6,0.500,-0.089,4.023
52.303,GUIDING_DOG,-4.998,-4.994,19.195,1,6,0.500,-0.088,4.004
52.403,GUIDING_DOG,-5.001,-4.974,19.194,1,6,0.500,-0.087,3.994
52.503,GUIDING_DOG,-5.002,-4.964,19.194,1,6,0.500,-0.083,3.974
52.603,GUIDING_DOG,-5.006,-4.944,19.193,1,6,0.500,-0.081,3.964
52.706,GUIDING_DOG,-5.009,-4.926,19.191,1,6,0.500,-0.076,3.944
52.803,GUIDING_DOG,-5.010,-4.916,19.191,1,6,0.500,-0.067,3.926
52.903,GUIDING_DOG,-5.011,-4.898,19.190,1,6,0.500,-0.062,3.916
53.003,GUIDING_DOG,-5.013,-4.880,19.189,1,6,0.500,-0.051,3.898
53.103,GUIDING_DOG,-5.013,-4.872,19.188,1,6,0.500,-0.043,3.880
53.203,GUIDING_DOG,-5.015,-4.854,19.187,1,6,0.500,-0.040,3.872
53.303,GUIDING_DOG,-5.015,-4.846,19.187,1,6,0.500,-0.030,3.854
53.403,GUIDING_DOG,-5.015,-4.829,19.186,1,6,0.500,-0.022,3.846
53.503,GUIDING_DOG,-5.014,-4.820,19.185,1,6,0.500,-0.006,3.829
53.603,GUIDING_DOG,-5.012,-4.803,19.184,1,6,0.500,0.001,3.820
53.703,GUIDING_DOG,-5.013,-4.786,19.183,1,6,0.500,0.008,3.803
53.805,GUIDING_DOG,-5.014,-4.777,19.183,1,6,0.500,0.017,3.786
53.903,GUIDING_DOG,-5.016,-4.758,19.182,1,6,0.500,0.019,3.778
54.003,GUIDING_DOG,-5.017,-4.748,19.181,1,6,0.500,0.018,3.758
54.103,GUIDING_DOG,-5.019,-4.729,19.180,1,6,0.500,0.017,3.748
54.203,GUIDING_DOG,-5.019,-4.708,19.179,1,6,0.500,0.016,3.729
54.303,GUIDING_DOG,-5.019,-4.697,19.179,1,6,0.500,0.014,3.708
54.403,GUIDING_DOG,-5.019,-4.675,19.178,1,6,0.500,0.011,3.697
54.506,GUIDING_DOG,-5.019,-4.665,19.177,1,6,0.500,0.005,3.675
54.604,GUIDING_DOG,-5.019,-4.646,19.176,1,6,0.500,0.001,3.665
54.703,GUIDING_DOG,-5.019,-4.636,19.176,1,6,0.500,-0.007,3.646
54.803,GUIDING_DOG,-5.021,-4.616,19.175,1,6,0.500,-0.011,3.636
54.903,GUIDING_DOG,-5.023,-4.595,19.174,1,6,0.500,-0.019,3.616
55.003,GUIDING_DOG,-5.024,-4.585,19.173,1,6,0.500,-0.024,3.595
55.103,GUIDING_DOG,-5.024,-4.567,19.172,1,6,0.500,-0.026,3.585
55.203,GUIDING_DOG,-5.025,-4.558,19.172,1,6,0.500,-0.028,3.567
55.303,GUIDING_DOG,-5.024,-4.539,19.171,1,6,0.500,-0.028,3.558
55.403,GUIDING_DOG,-5.023,-4.520,19.170,1,6,0.500,-0.026,3.539
55.503,GUIDING_DOG,-5.023,-4.511,19.169,1,6,0.500,-0.024,3.521
55.603,GUIDING_DOG,-5.021,-4.494,19.168,1,6,0.500,-0.022,3.511
55.703,GUIDING_DOG,-5.021,-4.485,19.168,1,6,0.500,-0.019,3.494
55.803,GUIDING_DOG,-5.020,-4.467,19.167,1,6,0.500,-0.019,3.485
55.903,GUIDING_DOG,-5.020,-4.447,19.166,1,6,0.500,-0.021,3.467
56.003,GUIDING_DOG,-5.020,-4.438,19.166,1,6,0.500,-0.027,3.448
56.103,GUIDING_DOG,-5.020,-4.420,19.165,1,6,0.500,-0.027,3.438
56.204,GUIDING_DOG,-5.020,-4.402,19.164,1,6,0.500,-0.022,3.420
56.303,GUIDING_DOG,-5.020,-4.393,19.163,1,6,0.500,-0.016,3.402
56.403,GUIDING_DOG,-5.020,-4.374,19.162,1,6,0.500,-0.013,3.393
56.503,GUIDING_DOG,-5.019,-4.355,19.162,1,6,0.500,-0.009,3.374
56.603,GUIDING_DOG,-5.019,-4.346,19.161,1,6,0.500,-0.005,3.355
56.703,GUIDING_DOG,-5.016,-4.328,19.160,1,6,0.500,-0.003,3.346
56.803,GUIDING_DOG,-5.013,-4.310,19.159,1,6,0.500,0.000,3.328
56.903,GUIDING_DOG,-5.012,-4.301,19.159,1,6,0.500,0.001,3.310
57.003,GUIDING_DOG,-5.008,-4.285,19.158,1,6,0.500,0.001,3.301
57.103,GUIDING_DOG,-5.004,-4.270,19.157,1,6,0.500,-0.004,3.285
57.206,GUIDING_DOG,-5.003,-4.262,19.157,1,6,0.500,-0.010,3.270
57.303,GUIDING_DOG,-5.002,-4.248,19.156,1,6,0.500,-0.012,3.262
57.403,GUIDING_DOG,-5.001,-4.241,19.155,1,6,0.500,-0.016,3.248
57.503,GUIDING_DOG,-5.001,-4.226,19.155,1,6,0.500,-0.017,3.241
57.607,GUIDING_DOG,-5.001,-4.211,19.154,1,6,0.500,-0.022,3.226
57.703,GUIDING_DOG,-5.001,-4.203,19.153,1,6,0.500,-0.027,3.211
57.803,GUIDING_DOG,-5.002,-4.187,19.152,1,6,0.500,-0.030,3.203
57.903,GUIDING_DOG,-5.003,-4.170,19.152,1,6,0.500,-0.040,3.187
58.003,GUIDING_DOG,-5.003,-4.162,19.151,1,6,0.500,-0.044,3.170
58.104,GUIDING_DOG,-5.004,-4.145,19.150,1,6,0.500,-0.044,3.162
58.203,GUIDING_DOG,-5.004,-4.136,19.150,1,6,0.500,-0.040,3.145
58.303,GUIDING_DOG,-5.005,-4.118,19.149,1,6,0.500,-0.038,3.136
58.403,GUIDING_DOG,-5.006,-4.098,19.148,1,6,0.500,-0.035,3.118
58.503,GUIDING_DOG,-5.007,-4.089,19.148,1,6,0.500,-0.034,3.098
58.603,GUIDING_DOG,-5.008,-4.068,19.147,1,6,0.500,-0.035,3.089
58.703,GUIDING_DOG,-5.008,-4.059,19.147,1,6,0.500,-0.039,3.068
58.803,GUIDING_DOG,-5.009,-4.040,19.146,1,6,0.500,-0.041,3.059
58.903,GUIDING_DOG,-5.010,-4.022,19.145,1,6,0.500,-0.046,3.040
59.003,GUIDING_DOG,-5.011,-4.013,19.145,1,6,0.500,-0.048,3.022
59.103,GUIDING_DOG,-5.013,-3.994,19.144,1,6,0.500,-0.049,3.013
59.203,GUIDING_DOG,-5.015,-3.984,19.143,1,6,0.500,-0.050,2.994
59.303,GUIDING_DOG,-5.017,-3.965,19.143,1,6,0.500,-0.050,2.984
59.405,GUIDING_DOG,-5.019,-3.947,19.142,1,6,0.500,-0.049,2.965
59.503,GUIDING_DOG,-5.019,-3.938,19.141,1,6,0.500,-0.046,2.947
59.603,GUIDING_DOG,-5.020,-3.920,19.141,1,6,0.500,-0.043,2.938
59.703,GUIDING_DOG,-5.021,-3.901,19.140,1,6,0.500,-0.037,2.920
59.803,GUIDING_DOG,-5.020,-3.892,19.139,1,6,0.500,-0.029,2.901
59.903,GUIDING_DOG,-5.020,-3.874,19.139,1,6,0.500,-0.025,2.892
60.003,GUIDING_DOG,-5.019,-3.857,19.138,1,6,0.500,-0.017,2.874
60.103,GUIDING_DOG,-5.018,-3.849,19.137,1,6,0.500,-0.012,2.857
60.203,GUIDING_DOG,-5.018,-3.834,19.137,1,6,0.500,-0.010,2.849
60.303,GUIDING_DOG,-5.018,-3.826,19.136,1,6,0.500,-0.006,2.834
60.403,GUIDING_DOG,-5.018,-3.811,19.136,1,6,0.500,-0.004,2.826
60.503,GUIDING_DOG,-5.019,-3.797,19.135,1,6,0.500,-0.001,2.811
60.603,GUIDING_DOG,-5.019,-3.790,19.134,1,6,0.500,0.001,2.797
60.703,GUIDING_DOG,-5.020,-3.776,19.134,1,6,0.500,0.003,2.790
60.803,GUIDING_DOG,-5.019,-3.762,19.133,1,6,0.500,0.011,2.776
60.903,GUIDING_DOG,-5.018,-3.754,19.133,1,6,0.500,0.014,2.762
61.003,GUIDING_DOG,-5.016,-3.739,19.132,1,6,0.500,0.009,2.754
61.103,GUIDING_DOG,-5.016,-3.730,19.132,1,6,0.500,0.004,2.739
61.203,GUIDING_DOG,-5.016,-3.711,19.131,1,6,0.500,0.003,2.730
61.303,GUIDING_DOG,-5.016,-3.701,19.130,1,6,0.500,-0.001,2.711
61.403,GUIDING_DOG,-5.017,-3.680,19.130,1,6,0.500,-0.003,2.701
61.503,GUIDING_DOG,-5.019,-3.661,19.129,1,6,0.500,-0.010,2.680
61.603,GUIDING_DOG,-5.019,-3.652,19.129,1,6,0.500,-0.017,2.661
61.703,GUIDING_DOG,-5.020,-3.633,19.128,1,6,0.500,-0.019,2.652
61.803,GUIDING_DOG,-5.021,-3.623,19.128,1,6,0.500,-0.018,2.633
61.903,GUIDING_DOG,-5.021,-3.603,19.127,1,6,0.500,-0.018,2.624
62.003,GUIDING_DOG,-5.021,-3.583,19.126,1,6,0.500,-0.018,2.603
62.103,GUIDING_DOG,-5.021,-3.573,19.126,1,6,0.500,-0.020,2.583
62.203,GUIDING_DOG,-5.020,-3.554,19.125,1,6,0.500,-0.020,2.573
62.303,GUIDING_DOG,-5.020,-3.535,19.125,1,6,0.500,-0.022,2.554
62.406,GUIDING_DOG,-5.021,-3.525,19.124,1,6,0.500,-0.023,2.535
62.503,GUIDING_DOG,-5.022,-3.505,19.123,1,6,0.500,-0.024,2.525
62.603,GUIDING_DOG,-5.023,-3.495,19.123,1,6,0.500,-0.028,2.505
62.703,GUIDING_DOG,-5.024,-3.477,19.122,1,6,0.500,-0.029,2.496
62.803,GUIDING_DOG,-5.025,-3.459,19.122,1,6,0.500,-0.031,2.477
62.903,GUIDING_DOG,-5.026,-3.450,19.121,1,6,0.500,-0.027,2.459
63.003,GUIDING_DOG,-5.025,-3.432,19.121,1,6,0.500,-0.023,2.450
63.103,GUIDING_DOG,-5.025,-3.423,19.120,1,6,0.500,-0.013,2.432
63.203,GUIDING_DOG,-5.023,-3.406,19.120,1,6,0.500,-0.008,2.424
63.303,GUIDING_DOG,-5.022,-3.397,19.119,1,6,0.500,0.001,2.406
63.403,GUIDING_DOG,-5.020,-3.380,19.119,1,6,0.500,0.003,2.397
63.504,GUIDING_DOG,-5.019,-3.363,19.118,1,6,0.500,0.004,2.380
63.603,GUIDING_DOG,-5.019,-3.355,19.118,1,6,0.500,0.003,2.363
63.703,GUIDING_DOG,-5.019,-3.339,19.117,1,6,0.500,0.000,2.355
63.803,GUIDING_DOG,-5.021,-3.324,19.116,1,6,0.500,-0.005,2.339
63.903,GUIDING_DOG,-5.022,-3.316,19.116,1,6,0.500,-0.013,2.324
64.004,GUIDING_DOG,-5.024,-3.299,19.115,1,6,0.500,-0.018,2.316
64.103,GUIDING_DOG,-5.024,-3.290,19.115,1,6,0.500,-0.022,2.299
64.203,GUIDING_DOG,-5.022,-3.271,19.114,1,6,0.500,-0.026,2.290
64.303,GUIDING_DOG,-5.021,-3.261,19.114,1,6,0.500,-0.031,2.271
64.403,GUIDING_DOG,-5.020,-3.243,19.113,1,6,0.500,-0.036,2.262
64.503,GUIDING_DOG,-5.019,-3.223,19.113,1,6,0.500,-0.040,2.243
64.603,GUIDING_DOG,-5.019,-3.213,19.113,1,6,0.500,-0.042,2.223
64.703,GUIDING_DOG,-5.019,-3.191,19.112,1,6,0.500,-0.043,2.213
64.803,GUIDING_DOG,-5.020,-3.168,19.111,1,6,0.500,-0.044,2.191
64.903,GUIDING_DOG,-5.021,-3.157,19.111,1,6,0.500,-0.047,2.168
65.003,GUIDING_DOG,-5.021,-3.136,19.110,1,6,0.500,-0.049,2.157
65.103,GUIDING_DOG,-5.022,-3.126,19.110,1,6,0.500,-0.050,2.136
65.203,GUIDING_DOG,-5.022,-3.106,19.109,1,6,0.500,-0.049,2.126
65.303,GUIDING_DOG,-5.022,-3.087,19.109,1,6,0.500,-0.046,2.107
65.404,GUIDING_DOG,-5.021,-3.077,19.109,1,6,0.500,-0.039,2.087
65.503,GUIDING_DOG,-5.020,-3.058,19.108,1,6,0.500,-0.036,2.077
65.603,GUIDING_DOG,-5.020,-3.049,19.108,1,6,0.500,-0.029,2.058
65.703,GUIDING_DOG,-5.019,-3.031,19.107,1,6,0.500,-0.026,2.049
65.803,GUIDING_DOG,-5.018,-3.013,19.106,1,6,0.500,-0.023,2.031
65.903,GUIDING_DOG,-5.018,-3.005,19.106,1,6,0.500,-0.020,2.014
66.003,GUIDING_DOG,-5.018,-2.988,19.106,1,6,0.500,-0.021,2.005
66.103,GUIDING_DOG,-5.017,-2.971,19.105,1,6,0.500,-0.019,1.988
66.203,GUIDING_DOG,-5.017,-2.963,19.105,1,6,0.500,-0.012,1.971
66.303,GUIDING_DOG,-5.015,-2.946,19.104,1,6,0.500,-0.006,1.963
66.403,GUIDING_DOG,-5.014,-2.937,19.104,1,6,0.500,0.004,1.946
66.503,GUIDING_DOG,-5.010,-2.919,19.103,1,6,0.500,0.009,1.937
66.603,GUIDING_DOG,-5.008,-2.910,19.103,1,6,0.500,0.011,1.919
66.703,GUIDING_DOG,-5.004,-2.894,19.102,1,6,0.500,0.010,1.910
66.803,GUIDING_DOG,-5.002,-2.877,19.102,1,6,0.500,0.006,1.894
66.903,GUIDING_DOG,-5.001,-2.869,19.102,1,6,0.500,0.000,1.877
67.003,GUIDING_DOG,-5.001,-2.852,19.101,1,6,0.500,-0.001,1.869
67.103,GUIDING_DOG,-5.000,-2.843,19.101,1,6,0.500,-0.003,1.852
67.203,GUIDING_DOG,-4.999,-2.824,19.100,1,6,0.500,-0.002,1.843
67.303,GUIDING_DOG,-4.997,-2.804,19.100,1,6,0.500,-0.002,1.824
67.403,GUIDING_DOG,-4.996,-2.795,19.099,1,6,0.500,-0.003,1.804
67.503,GUIDING_DOG,-4.995,-2.776,19.099,1,6,0.500,-0.003,1.795
67.603,GUIDING_DOG,-4.994,-2.767,19.099,1,6,0.500,-0.007,1.776
67.703,GUIDING_DOG,-4.994,-2.748,19.098,1,6,0.500,-0.009,1.767
67.803,GUIDING_DOG,-4.994,-2.729,19.097,1,6,0.500,-0.014,1.748
67.903,GUIDING_DOG,-4.994,-2.720,19.097,1,6,0.500,-0.015,1.729
68.003,GUIDING_DOG,-4.993,-2.703,19.097,1,6,0.500,-0.013,1.720
68.103,GUIDING_DOG,-4.993,-2.695,19.096,1,6,0.500,-0.008,1.703
68.203,GUIDING_DOG,-4.991,-2.678,19.096,1,6,0.500,-0.005,1.695
68.303,GUIDING_DOG,-4.990,-2.670,19.096,1,6,0.500,0.002,1.678
68.403,GUIDING_DOG,-4.989,-2.653,19.095,1,6,0.500,0.006,1.670
68.503,GUIDING_DOG,-4.988,-2.637,19.095,1,6,0.500,0.008,1.653
68.603,GUIDING_DOG,-4.988,-2.629,19.094,1,6,0.500,0.002,1.637
68.705,GUIDING_DOG,-4.990,-2.613,19.094,1,6,0.500,-0.004,1.630
68.803,GUIDING_DOG,-4.990,-2.605,19.093,1,6,0.500,-0.010,1.613
68.903,GUIDING_DOG,-4.991,-2.586,19.093,1,6,0.500,-0.011,1.605
69.003,GUIDING_DOG,-4.990,-2.576,19.093,1,6,0.500,-0.014,1.586
69.103,GUIDING_DOG,-4.989,-2.556,19.092,1,6,0.500,-0.015,1.576
69.203,GUIDING_DOG,-4.988,-2.546,19.092,1,6,0.500,-0.018,1.556
69.303,GUIDING_DOG,-4.987,-2.527,19.091,1,6,0.500,-0.019,1.546
69.403,GUIDING_DOG,-4.987,-2.508,19.091,1,6,0.500,-0.026,1.527
69.503,GUIDING_DOG,-4.987,-2.497,19.091,1,6,0.500,-0.030,1.508
69.603,GUIDING_DOG,-4.988,-2.475,19.090,1,6,0.500,-0.031,1.497
69.703,GUIDING_DOG,-4.989,-2.464,19.090,1,6,0.500,-0.031,1.475
69.803,GUIDING_DOG,-4.990,-2.443,19.089,1,6,0.500,-0.031,1.464
69.903,GUIDING_DOG,-4.990,-2.433,19.089,1,6,0.500,-0.033,1.443
70.003,GUIDING_DOG,-4.991,-2.413,19.089,1,6,0.500,-0.032,1.433
70.103,GUIDING_DOG,-4.991,-2.403,19.088,1,6,0.500,-0.029,1.413
70.203,GUIDING_DOG,-4.990,-2.384,19.088,1,6,0.500,-0.027,1.403
70.303,GUIDING_DOG,-4.990,-2.374,19.088,1,6,0.500,-0.022,1.384
70.403,GUIDING_DOG,-4.989,-2.356,19.087,1,6,0.500,-0.019,1.374
70.503,GUIDING_DOG,-4.988,-2.338,19.087,1,6,0.500,-0.013,1.356
70.603,GUIDING_DOG,-4.988,-2.329,19.087,1,6,0.500,-0.008,1.338
70.703,GUIDING_DOG,-4.987,-2.311,19.086,1,6,0.500,-0.007,1.329
70.803,GUIDING_DOG,-4.987,-2.302,19.086,1,6,0.500,-0.005,1.311
70.904,GUIDING_DOG,-4.986,-2.285,19.085,1,6,0.500,-0.004,1.302
71.003,GUIDING_DOG,-4.985,-2.276,19.085,1,6,0.500,0.002,1.285
71.103,GUIDING_DOG,-4.985,-2.260,19.085,1,6,0.500,0.005,1.277
71.203,GUIDING_DOG,-4.984,-2.252,19.084,1,6,0.500,0.007,1.260
71.303,GUIDING_DOG,-4.984,-2.237,19.084,1,6,0.500,0.007,1.252
71.403,GUIDING_DOG,-4.985,-2.229,19.084,1,6,0.500,0.003,1.237
71.503,GUIDING_DOG,-4.987,-2.214,19.083,1,6,0.500,-0.000,1.229
71.603,GUIDING_DOG,-4.989,-2.206,19.083,1,6,0.500,-0.009,1.214
71.703,GUIDING_DOG,-4.992,-2.188,19.083,1,6,0.500,-0.012,1.206
71.803,GUIDING_DOG,-4.993,-2.179,19.082,1,6,0.500,-0.016,1.188
71.903,GUIDING_DOG,-4.993,-2.160,19.082,1,6,0.500,-0.019,1.179
72.003,GUIDING_DOG,-4.992,-2.139,19.081,1,6,0.500,-0.027,1.160
72.103,GUIDING_DOG,-4.992,-2.129,19.081,1,6,0.500,-0.029,1.139
72.203,GUIDING_DOG,-4.991,-2.110,19.081,1,6,0.500,-0.029,1.130
72.303,GUIDING_DOG,-4.991,-2.100,19.081,1,6,0.500,-0.029,1.110
72.403,GUIDING_DOG,-4.991,-2.079,19.080,1,6,0.500,-0.029,1.100
72.503,GUIDING_DOG,-4.991,-2.068,19.080,1,6,0.500,-0.029,1.079
72.603,GUIDING_DOG,-4.992,-2.045,19.079,1,6,0.500,-0.029,1.068
72.703,GUIDING_DOG,-4.993,-2.022,19.079,1,6,0.500,-0.031,1.045
72.803,GUIDING_DOG,-4.994,-2.012,19.079,1,6,0.500,-0.035,1.022
72.903,GUIDING_DOG,-4.995,-1.992,19.078,1,6,0.500,-0.038,1.012
73.003,GUIDING_DOG,-4.996,-1.982,19.078,1,6,0.500,-0.041,0.992
73.104,GUIDING_DOG,-4.997,-1.962,19.078,1,6,0.500,-0.042,0.982
73.203,GUIDING_DOG,-4.998,-1.952,19.077,1,6,0.500,-0.040,0.962
73.303,GUIDING_DOG,-5.000,-1.931,19.077,1,6,0.500,-0.040,0.952
73.403,GUIDING_DOG,-5.001,-1.922,19.077,1,6,0.500,-0.040,0.931
73.503,GUIDING_DOG,-5.002,-1.903,19.076,1,6,0.500,-0.039,0.922
73.603,GUIDING_DOG,-5.002,-1.886,19.076,1,6,0.500,-0.036,0.903
73.703,GUIDING_DOG,-5.002,-1.878,19.076,1,6,0.500,-0.032,0.886
73.803,GUIDING_DOG,-5.001,-1.861,19.076,1,6,0.500,-0.030,0.878
73.903,GUIDING_DOG,-5.001,-1.852,19.075,1,6,0.500,-0.027,0.861
74.003,GUIDING_DOG,-5.001,-1.843,19.075,1,6,0.500,-0.024,0.852
74.103,GUIDING_DOG,-4.999,-1.827,19.075,1,6,0.500,-0.022,0.843
74.203,GUIDING_DOG,-4.997,-1.811,19.074,1,6,0.500,-0.017,0.827
74.303,GUIDING_DOG,-4.996,-1.803,19.074,1,6,0.500,-0.015,0.811
74.404,GUIDING_DOG,-4.995,-1.788,19.073,1,6,0.500,-0.015,0.803
74.506,GUIDING_DOG,-4.995,-1.780,19.073,1,6,0.500,-0.012,0.788
74.603,GUIDING_DOG,-4.995,-1.763,19.073,1,6,0.500,-0.014,0.780
74.703,GUIDING_DOG,-4.996,-1.755,19.073,1,6,0.500,-0.022,0.763
74.803,GUIDING_DOG,-4.997,-1.737,19.072,1,6,0.500,-0.025,0.755
74.903,GUIDING_DOG,-4.997,-1.727,19.072,1,6,0.500,-0.028,0.737
75.003,GUIDING_DOG,-4.997,-1.708,19.072,1,6,0.500,-0.028,0.727
75.103,GUIDING_DOG,-4.997,-1.697,19.071,1,6,0.500,-0.027,0.708
75.203,GUIDING_DOG,-4.996,-1.678,19.071,1,6,0.500,-0.027,0.697
75.303,GUIDING_DOG,-4.996,-1.668,19.071,1,6,0.500,-0.025,0.678
75.403,GUIDING_DOG,-4.996,-1.649,19.071,1,6,0.500,-0.024,0.668
75.503,GUIDING_DOG,-4.996,-1.640,19.070,1,6,0.500,-0.025,0.649
75.603,GUIDING_DOG,-4.997,-1.620,19.070,1,6,0.500,-0.026,0.640
75.703,GUIDING_DOG,-4.998,-1.611,19.070,1,6,0.500,-0.030,0.620
75.803,GUIDING_DOG,-4.999,-1.592,19.069,1,6,0.500,-0.033,0.611
75.903,GUIDING_DOG,-5.000,-1.584,19.069,1,6,0.500,-0.038,0.592
76.003,GUIDING_DOG,-5.001,-1.566,19.069,1,6,0.500,-0.039,0.584
76.103,GUIDING_DOG,-5.001,-1.558,19.069,1,6,0.500,-0.035,0.566
76.203,GUIDING_DOG,-5.001,-1.541,19.068,1,6,0.500,-0.030,0.558
76.303,GUIDING_DOG,-5.000,-1.532,19.068,1,6,0.500,-0.014,0.541
76.403,GUIDING_DOG,-4.997,-1.515,19.068,1,6,0.500,-0.004,0.532
76.503,GUIDING_DOG,-4.994,-1.499,19.067,1,6,0.500,0.020,0.515
76.603,GUIDING_DOG,-4.993,-1.490,19.067,1,6,0.499,0.038,0.499
76.703,GUIDING_DOG,-4.993,-1.474,19.067,1,6,0.490,0.040,0.490
76.804,GUIDING_DOG,-4.993,-1.465,19.067,1,6,0.474,0.039,0.474
76.903,GUIDING_DOG,-4.994,-1.449,19.066,1,6,0.465,0.037,0.465
77.003,GUIDING_DOG,-4.995,-1.441,19.066,1,6,0.449,0.033,0.449
77.103,GUIDING_DOG,-4.996,-1.423,19.066,1,6,0.441,0.031,0.441
77.203,GUIDING_DOG,-4.997,-1.414,19.065,1,6,0.423,0.022,0.423
77.303,GUIDING_DOG,-4.999,-1.396,19.065,1,6,0.414,0.015,0.414
77.403,GUIDING_DOG,-5.000,-1.387,19.065,1,6,0.396,-0.000,0.396
77.503,GUIDING_DOG,-5.001,-1.371,19.065,1,6,0.387,-0.009,0.387
77.603,GUIDING_DOG,-5.002,-1.363,19.064,1,6,0.371,-0.027,0.371
77.703,GUIDING_DOG,-5.002,-1.347,19.064,1,6,0.363,-0.035,0.363
77.803,GUIDING_DOG,-5.002,-1.331,19.064,1,6,0.347,-0.043,0.347
77.903,GUIDING_DOG,-5.001,-1.323,19.064,1,6,0.331,-0.046,0.331
78.003,GUIDING_DOG,-5.001,-1.306,19.063,1,6,0.323,-0.047,0.323
78.107,GUIDING_DOG,-5.001,-1.299,19.063,1,6,0.306,-0.049,0.306
78.204,GUIDING_DOG,-5.000,-1.284,19.063,2,6,0.000,-2.000,8.006
78.303,GUIDING_DOG,-5.000,-1.278,19.062,2,6,0.000,-2.000,8.005
78.403,GUIDING_DOG,-5.000,-1.267,19.062,2,6,0.000,-2.000,8.005
78.503,GUIDING_DOG,-5.000,-1.262,19.062,2,6,0.000,-2.000,8.005
78.603,GUIDING_DOG,-4.998,-1.254,19.062,2,6,0.000,-2.000,8.004
78.703,GUIDING_DOG,-4.997,-1.251,19.061,2,6,0.000,-2.000,8.002
78.803,GUIDING_DOG,-4.995,-1.245,19.061,2,6,0.000,-2.000,8.001
78.903,GUIDING_DOG,-4.995,-1.244,19.061,2,6,0.000,-2.000,7.998
79.004,GUIDING_DOG,-4.996,-1.243,19.061,2,6,0.000,-2.000,7.999
79.103,GUIDING_DOG,-4.996,-1.243,19.060,2,6,0.000,-2.000,8.000
79.203,GUIDING_DOG,-4.997,-1.243,19.060,2,6,0.000,-2.000,8.000
79.303,GUIDING_DOG,-4.997,-1.244,19.060,2,6,0.000,-2.000,8.000
79.403,GUIDING_DOG,-4.998,-1.244,19.059,2,6,0.000,-2.000,8.001
79.503,GUIDING_DOG,-4.999,-1.244,19.059,2,6,0.000,-1.852,8.002
79.603,GUIDING_DOG,-5.001,-1.244,19.059,2,6,0.000,-1.766,8.003
79.703,GUIDING_DOG,-5.001,-1.244,19.059,2,6,0.000,-1.611,8.004
79.803,GUIDING_DOG,-5.004,-1.244,19.058,2,6,0.000,-1.541,8.005
79.903,GUIDING_DOG,-5.006,-1.244,19.058,2,6,0.000,-1.410,8.007
80.003,GUIDING_DOG,-5.008,-1.243,19.058,2,6,0.000,-1.283,8.010
80.103,GUIDING_DOG,-5.010,-1.241,19.058,2,6,0.000,-1.224,8.011
80.203,GUIDING_DOG,-5.012,-1.238,19.057,2,6,0.000,-1.121,8.014
80.304,GUIDING_DOG,-5.013,-1.237,19.057,2,6,0.000,-1.028,8.016
80.403,GUIDING_DOG,-5.016,-1.234,19.057,2,6,0.000,-0.985,8.017
80.503,GUIDING_DOG,-5.017,-1.233,19.057,2,6,0.000,-0.899,8.019
80.608,GUIDING_DOG,-5.019,-1.230,19.056,2,6,0.000,-0.859,8.020
80.703,GUIDING_DOG,-5.021,-1.228,19.056,2,6,0.000,-0.786,8.022
80.803,GUIDING_DOG,-5.022,-1.227,19.056,2,6,0.000,-0.716,8.024
80.903,GUIDING_DOG,-5.024,-1.223,19.056,2,6,0.000,-0.685,8.026
81.003,GUIDING_DOG,-5.026,-1.220,19.055,2,6,0.000,-0.627,8.027
81.103,GUIDING_DOG,-5.027,-1.218,19.055,2,6,0.500,-0.575,8.029
81.203,GUIDING_DOG,-5.026,-1.213,19.055,2,6,0.500,-0.553,8.030
81.303,GUIDING_DOG,-5.024,-1.207,19.055,2,6,0.500,-0.518,8.029
81.403,GUIDING_DOG,-5.023,-1.203,19.054,2,6,0.500,-0.478,8.027
81.503,GUIDING_DOG,-5.018,-1.196,19.054,2,6,0.500,-0.454,8.025
81.603,GUIDING_DOG,-5.011,-1.188,19.054,2,6,0.500,-0.413,8.020
81.703,GUIDING_DOG,-5.007,-1.184,19.054,2,6,0.500,-0.372,8.013
81.803,GUIDING_DOG,-4.998,-1.176,19.053,2,6,0.500,-0.352,8.009
81.903,GUIDING_DOG,-4.988,-1.168,19.053,2,6,0.500,-0.323,8.000
82.003,GUIDING_DOG,-4.982,-1.165,19.053,2,6,0.500,-0.303,7.989
82.103,GUIDING_DOG,-4.970,-1.157,19.053,2,6,0.500,-0.294,7.983
82.203,GUIDING_DOG,-4.957,-1.148,19.052,2,6,0.500,-0.268,7.971
82.303,GUIDING_DOG,-4.949,-1.143,19.052,2,6,0.500,-0.242,7.958
82.403,GUIDING_DOG,-4.935,-1.134,19.052,2,6,0.500,-0.228,7.951
82.503,GUIDING_DOG,-4.928,-1.130,19.052,2,6,0.500,-0.206,7.936
82.603,GUIDING_DOG,-4.913,-1.123,19.052,2,6,0.500,-0.202,7.929
82.703,GUIDING_DOG,-4.897,-1.118,19.051,2,6,0.500,-0.187,7.914
82.803,GUIDING_DOG,-4.889,-1.116,19.051,2,6,0.500,-0.168,7.898
82.903,GUIDING_DOG,-4.870,-1.113,19.051,2,6,0.500,-0.157,7.889
83.003,GUIDING_DOG,-4.851,-1.111,19.051,2,6,0.500,-0.137,7.871
83.103,GUIDING_DOG,-4.843,-1.110,19.050,2,6,0.500,-0.126,7.852
83.203,GUIDING_DOG,-4.825,-1.108,19.050,2,6,0.500,-0.121,7.843
83.303,GUIDING_DOG,-4.806,-1.107,19.050,2,6,0.500,-0.114,7.825
83.403,GUIDING_DOG,-4.796,-1.106,19.050,2,6,0.500,-0.109,7.807
83.503,GUIDING_DOG,-4.776,-1.105,19.049,2,6,0.500,-0.106,7.797
83.603,GUIDING_DOG,-4.755,-1.104,19.049,2,6,0.500,-0.101,7.777
83.703,GUIDING_DOG,-4.745,-1.103,19.049,2,6,0.500,-0.098,7.756
83.803,GUIDING_DOG,-4.725,-1.101,19.049,2,6,0.500,-0.095,7.746
83.903,GUIDING_DOG,-4.705,-1.098,19.049,2,6,0.500,-0.089,7.725
84.003,GUIDING_DOG,-4.696,-1.097,19.048,2,6,0.500,-0.080,7.706
84.103,GUIDING_DOG,-4.678,-1.095,19.048,2,6,0.500,-0.075,7.697
84.203,GUIDING_DOG,-4.659,-1.093,19.048,2,6,0.500,-0.065,7.678
84.303,GUIDING_DOG,-4.650,-1.091,19.048,2,6,0.500,-0.058,7.659
84.403,GUIDING_DOG,-4.632,-1.089,19.047,2,6,0.500,-0.054,7.650
84.503,GUIDING_DOG,-4.614,-1.088,19.047,2,6,0.500,-0.047,7.632
84.603,GUIDING_DOG,-4.606,-1.087,19.047,2,6,0.500,-0.042,7.615
84.703,GUIDING_DOG,-4.589,-1.086,19.047,2,6,0.500,-0.040,7.606
84.803,GUIDING_DOG,-4.573,-1.085,19.047,2,6,0.500,-0.038,7.590
84.903,GUIDING_DOG,-4.566,-1.085,19.046,2,6,0.500,-0.038,7.574
85.003,GUIDING_DOG,-4.550,-1.084,19.046,2,6,0.500,-0.040,7.566
85.103,GUIDING_DOG,-4.534,-1.083,19.046,2,6,0.500,-0.044,7.550
85.203,GUIDING_DOG,-4.526,-1.082,19.046,2,6,0.500,-0.044,7.534
85.303,GUIDING_DOG,-4.509,-1.079,19.046,2,6,0.500,-0.044,7.526
85.403,GUIDING_DOG,-4.491,-1.076,19.045,2,6,0.500,-0.048,7.509
85.505,GUIDING_DOG,-4.483,-1.075,19.045,2,6,0.500,-0.048,7.492
85.603,GUIDING_DOG,-4.465,-1.073,19.045,2,6,0.500,-0.047,7.483
85.703,GUIDING_DOG,-4.455,-1.072,19.045,2,6,0.500,-0.044,7.465
85.803,GUIDING_DOG,-4.436,-1.070,19.045,2,6,0.500,-0.044,7.456
85.904,GUIDING_DOG,-4.415,-1.069,19.044,2,6,0.500,-0.043,7.436
86.003,GUIDING_DOG,-4.405,-1.069,19.044,2,6,0.500,-0.042,7.415
86.103,GUIDING_DOG,-4.386,-1.068,19.044,2,6,0.500,-0.043,7.405
86.203,GUIDING_DOG,-4.366,-1.066,19.044,2,6,0.500,-0.046,7.386
86.303,GUIDING_DOG,-4.356,-1.066,19.044,2,6,0.500,-0.048,7.367
86.403,GUIDING_DOG,-4.336,-1.063,19.043,2,6,0.500,-0.050,7.357
86.503,GUIDING_DOG,-4.325,-1.062,19.043,2,6,0.500,-0.051,7.336
86.603,GUIDING_DOG,-4.305,-1.060,19.043,2,6,0.500,-0.051,7.325
86.705,GUIDING_DOG,-4.287,-1.059,19.043,2,6,0.500,-0.048,7.306
86.803,GUIDING_DOG,-4.278,-1.059,19.043,2,6,0.500,-0.043,7.287
86.903,GUIDING_DOG,-4.260,-1.058,19.042,2,6,0.500,-0.040,7.278
87.003,GUIDING_DOG,-4.242,-1.058,19.042,2,6,0.500,-0.032,7.260
87.103,GUIDING_DOG,-4.233,-1.058,19.042,2,6,0.500,-0.026,7.242
87.203,GUIDING_DOG,-4.216,-1.058,19.042,2,6,0.500,-0.023,7.233
87.303,GUIDING_DOG,-4.199,-1.058,19.042,2,6,0.500,-0.019,7.216
87.403,GUIDING_DOG,-4.191,-1.059,19.042,2,6,0.500,-0.017,7.199
87.503,GUIDING_DOG,-4.174,-1.058,19.041,2,6,0.500,-0.016,7.191
87.603,GUIDING_DOG,-4.159,-1.058,19.041,2,6,0.500,-0.014,7.174
87.703,GUIDING_DOG,-4.151,-1.059,19.041,2,6,0.500,-0.009,7.159
87.803,GUIDING_DOG,-4.135,-1.061,19.041,2,6,0.500,-0.005,7.151
87.903,GUIDING_DOG,-4.118,-1.062,19.041,2,6,0.500,-0.006,7.135
88.004,GUIDING_DOG,-4.110,-1.062,19.040,2,6,0.500,-0.011,7.119
88.103,GUIDING_DOG,-4.093,-1.062,19.040,2,6,0.500,-0.012,7.111
88.203,GUIDING_DOG,-4.084,-1.061,19.040,2,6,0.500,-0.015,7.094
88.303,GUIDING_DOG,-4.067,-1.060,19.040,2,6,0.500,-0.018,7.085
88.403,GUIDING_DOG,-4.048,-1.060,19.040,2,6,0.500,-0.019,7.067
88.503,GUIDING_DOG,-4.038,-1.060,19.040,2,6,0.500,-0.018,7.048
88.603,GUIDING_DOG,-4.018,-1.062,19.039,2,6,0.500,-0.018,7.038
88.703,GUIDING_DOG,-4.008,-1.062,19.039,2,6,0.500,-0.020,7.018
88.803,GUIDING_DOG,-3.990,-1.063,19.039,2,6,0.500,-0.021,7.009
88.903,GUIDING_DOG,-3.971,-1.062,19.039,2,6,0.500,-0.026,6.990
89.004,GUIDING_DOG,-3.962,-1.061,19.039,2,6,0.500,-0.032,6.972
89.103,GUIDING_DOG,-3.943,-1.060,19.038,2,6,0.500,-0.034,6.962
89.203,GUIDING_DOG,-3.934,-1.059,19.038,2,6,0.500,-0.035,6.943
89.303,GUIDING_DOG,-3.916,-1.058,19.038,2,6,0.500,-0.034,6.934
89.403,GUIDING_DOG,-3.907,-1.058,19.038,2,6,0.500,-0.028,6.916
89.503,GUIDING_DOG,-3.891,-1.058,19.038,2,6,0.500,-0.022,6.908
89.603,GUIDING_DOG,-3.875,-1.057,19.038,2,6,0.500,-0.014,6.891
89.703,GUIDING_DOG,-3.867,-1.057,19.038,2,6,0.500,-0.009,6.875
89.803,GUIDING_DOG,-3.852,-1.054,19.037,2,6,0.500,-0.009,6.867
89.903,GUIDING_DOG,-3.836,-1.049,19.037,2,6,0.500,-0.013,6.852
90.003,GUIDING_DOG,-3.828,-1.047,19.037,2,6,0.500,-0.020,6.836
90.103,GUIDING_DOG,-3.811,-1.045,19.037,2,6,0.500,-0.021,6.829
90.203,GUIDING_DOG,-3.794,-1.044,19.037,2,6,0.500,-0.024,6.812
90.302,GUIDING_DOG,-3.785,-1.044,19.037,2,6,0.500,-0.030,6.794
90.403,GUIDING_DOG,-3.766,-1.043,19.036,2,6,0.500,-0.038,6.785
90.503,GUIDING_DOG,-3.757,-1.043,19.036,2,6,0.500,-0.041,6.766
90.603,GUIDING_DOG,-3.737,-1.042,19.036,2,6,0.500,-0.041,6.757
90.703,GUIDING_DOG,-3.727,-1.042,19.036,2,6,0.500,-0.043,6.737
90.803,GUIDING_DOG,-3.705,-1.041,19.036,2,6,0.500,-0.044,6.727
90.903,GUIDING_DOG,-3.681,-1.040,19.036,2,6,0.500,-0.045,6.705
91.004,GUIDING_DOG,-3.670,-1.039,19.035,2,6,0.500,-0.046,6.681
91.103,GUIDING_DOG,-3.649,-1.038,19.035,2,6,0.500,-0.047,6.670
91.203,GUIDING_DOG,-3.639,-1.038,19.035,2,6,0.500,-0.050,6.649
91.303,GUIDING_DOG,-3.620,-1.037,19.035,2,6,0.500,-0.052,6.639
91.403,GUIDING_DOG,-3.601,-1.036,19.035,2,6,0.500,-0.050,6.620
91.503,GUIDING_DOG,-3.591,-1.036,19.035,2,6,0.500,-0.046,6.601
91.603,GUIDING_DOG,-3.570,-1.036,19.035,2,6,0.500,-0.044,6.591
91.703,GUIDING_DOG,-3.549,-1.036,19.034,2,6,0.500,-0.041,6.570
91.803,GUIDING_DOG,-3.539,-1.036,19.034,2,6,0.500,-0.038,6.549
91.903,GUIDING_DOG,-3.520,-1.036,19.034,2,6,0.500,-0.036,6.540
92.003,GUIDING_DOG,-3.501,-1.036,19.034,2,6,0.500,-0.033,6.520
92.103,GUIDING_DOG,-3.492,-1.036,19.034,2,6,0.500,-0.031,6.502
92.203,GUIDING_DOG,-3.473,-1.035,19.034,2,6,0.500,-0.030,6.492
92.303,GUIDING_DOG,-3.455,-1.034,19.033,2,6,0.500,-0.031,6.473
92.404,GUIDING_DOG,-3.446,-1.034,19.033,2,6,0.500,-0.026,6.455
92.503,GUIDING_DOG,-3.428,-1.034,19.033,2,6,0.500,-0.021,6.446
92.603,GUIDING_DOG,-3.410,-1.035,19.033,2,6,0.500,-0.009,6.428
92.703,GUIDING_DOG,-3.401,-1.036,19.033,2,6,0.500,0.003,6.410
92.805,GUIDING_DOG,-3.383,-1.038,19.033,2,6,0.500,0.007,6.401
92.903,GUIDING_DOG,-3.374,-1.039,19.033,2,6,0.500,0.011,6.383
93.003,GUIDING_DOG,-3.356,-1.041,19.032,2,6,0.500,0.012,6.374
93.103,GUIDING_DOG,-3.338,-1.041,19.032,2,6,0.500,0.007,6.356
93.203,GUIDING_DOG,-3.329,-1.040,19.032,2,6,0.500,-0.001,6.338
93.303,GUIDING_DOG,-3.311,-1.038,19.032,2,6,0.500,-0.006,6.330
93.403,GUIDING_DOG,-3.302,-1.036,19.032,2,6,0.500,-0.016,6.312
93.503,GUIDING_DOG,-3.283,-1.034,19.032,2,6,0.500,-0.020,6.302
93.603,GUIDING_DOG,-3.261,-1.033,19.032,2,6,0.500,-0.023,6.283
93.703,GUIDING_DOG,-3.250,-1.033,19.031,2,6,0.500,-0.034,6.261
93.803,GUIDING_DOG,-3.228,-1.033,19.031,2,6,0.500,-0.039,6.250
93.903,GUIDING_DOG,-3.218,-1.033,19.031,2,6,0.500,-0.048,6.228
94.003,GUIDING_DOG,-3.197,-1.033,19.031,2,6,0.500,-0.051,6.218
94.103,GUIDING_DOG,-3.186,-1.032,19.031,2,6,0.500,-0.056,6.197
94.203,GUIDING_DOG,-3.163,-1.031,19.031,2,6,0.500,-0.057,6.186
94.303,GUIDING_DOG,-3.140,-1.029,19.031,2,6,0.500,-0.057,6.163
94.403,GUIDING_DOG,-3.128,-1.028,19.031,2,6,0.500,-0.057,6.140
94.503,GUIDING_DOG,-3.106,-1.026,19.030,2,6,0.500,-0.057,6.128
94.603,GUIDING_DOG,-3.087,-1.024,19.030,2,6,0.500,-0.058,6.106
94.703,GUIDING_DOG,-3.078,-1.022,19.030,2,6,0.500,-0.062,6.087
94.803,GUIDING_DOG,-3.059,-1.019,19.030,2,6,0.500,-0.061,6.078
94.903,GUIDING_DOG,-3.049,-1.018,19.030,2,6,0.500,-0.057,6.059
95.003,GUIDING_DOG,-3.030,-1.015,19.030,2,6,0.500,-0.055,6.049
95.103,GUIDING_DOG,-3.020,-1.014,19.030,2,6,0.500,-0.053,6.030
95.203,GUIDING_DOG,-3.002,-1.012,19.029,2,6,0.500,-0.052,6.020
95.304,GUIDING_DOG,-2.984,-1.009,19.029,2,6,0.500,-0.050,6.002
95.403,GUIDING_DOG,-2.976,-1.008,19.029,2,6,0.500,-0.048,5.984
95.503,GUIDING_DOG,-2.959,-1.005,19.029,2,6,0.500,-0.046,5.976
95.606,GUIDING_DOG,-2.942,-1.002,19.029,2,6,0.500,-0.043,5.959
95.703,GUIDING_DOG,-2.933,-1.000,19.029,2,6,0.500,-0.043,5.942
95.803,GUIDING_DOG,-2.917,-0.995,19.029,2,6,0.500,-0.044,5.933
95.903,GUIDING_DOG,-2.901,-0.990,19.029,2,6,0.500,-0.041,5.917
96.003,GUIDING_DOG,-2.893,-0.987,19.028,2,6,0.500,-0.039,5.901
96.103,GUIDING_DOG,-2.874,-0.983,19.028,2,6,0.500,-0.040,5.893
96.203,GUIDING_DOG,-2.856,-0.978,19.028,2,6,0.500,-0.036,5.874
96.303,GUIDING_DOG,-2.847,-0.976,19.028,2,6,0.500,-0.038,5.856
96.403,GUIDING_DOG,-2.828,-0.971,19.028,2,6,0.500,-0.036,5.847
96.503,GUIDING_DOG,-2.808,-0.966,19.028,2,6,0.500,-0.037,5.828
96.606,GUIDING_DOG,-2.798,-0.964,19.028,2,6,0.500,-0.039,5.808
96.703,GUIDING_DOG,-2.779,-0.960,19.028,2,6,0.500,-0.039,5.798
96.803,GUIDING_DOG,-2.770,-0.959,19.028,2,6,0.500,-0.038,5.779
96.903,GUIDING_DOG,-2.753,-0.957,19.027,2,6,0.500,-0.038,5.770
97.004,GUIDING_DOG,-2.735,-0.955,19.027,2,6,0.500,-0.037,5.753
97.103,GUIDING_DOG,-2.726,-0.955,19.027,2,6,0.500,-0.032,5.735
97.203,GUIDING_DOG,-2.709,-0.955,19.027,2,6,0.500,-0.028,5.727
97.303,GUIDING_DOG,-2.700,-0.955,19.027,2,6,0.500,-0.025,5.709
97.403,GUIDING_DOG,-2.683,-0.955,19.027,2,6,0.500,-0.025,5.700
97.503,GUIDING_DOG,-2.666,-0.954,19.027,2,6,0.500,-0.023,5.683
97.603,GUIDING_DOG,-2.658,-0.954,19.027,2,6,0.500,-0.019,5.667
97.703,GUIDING_DOG,-2.643,-0.953,19.026,2,6,0.500,-0.018,5.659
97.803,GUIDING_DOG,-2.635,-0.952,19.026,2,6,0.500,-0.016,5.643
97.903,GUIDING_DOG,-2.620,-0.951,19.026,2,6,0.500,-0.016,5.635
98.003,GUIDING_DOG,-2.603,-0.952,19.026,2,6,0.500,-0.013,5.620
98.103,GUIDING_DOG,-2.595,-0.953,19.026,2,6,0.500,-0.014,5.603
98.203,GUIDING_DOG,-2.577,-0.952,19.026,2,6,0.500,-0.015,5.595
98.303,GUIDING_DOG,-2.569,-0.951,19.026,2,6,0.500,-0.013,5.577
98.403,GUIDING_DOG,-2.550,-0.949,19.026,2,6,0.500,-0.013,5.569
98.504,GUIDING_DOG,-2.532,-0.946,19.026,2,6,0.500,-0.019,5.550
98.603,GUIDING_DOG,-2.523,-0.945,19.025,2,6,0.500,-0.026,5.532
98.703,GUIDING_DOG,-2.504,-0.943,19.025,2,6,0.500,-0.029,5.523
98.803,GUIDING_DOG,-2.483,-0.941,19.025,2,6,0.500,-0.031,5.504
98.903,GUIDING_DOG,-2.473,-0.940,19.025,2,6,0.500,-0.035,5.484
99.003,GUIDING_DOG,-2.451,-0.939,19.025,2,6,0.500,-0.038,5.473
99.103,GUIDING_DOG,-2.441,-0.939,19.025,2,6,0.500,-0.041,5.452
99.203,GUIDING_DOG,-2.421,-0.938,19.025,2,6,0.500,-0.042,5.441
99.306,GUIDING_DOG,-2.401,-0.937,19.025,2,6,0.500,-0.044,5.421
99.403,GUIDING_DOG,-2.391,-0.936,19.025,2,6,0.500,-0.048,5.402
99.503,GUIDING_DOG,-2.370,-0.934,19.024,2,6,0.500,-0.050,5.391
99.603,GUIDING_DOG,-2.349,-0.931,19.024,2,6,0.500,-0.052,5.370
99.703,GUIDING_DOG,-2.338,-0.929,19.024,2,6,0.500,-0.053,5.349
99.803,GUIDING_DOG,-2.319,-0.927,19.024,2,6,0.500,-0.053,5.339
99.903,GUIDING_DOG,-2.301,-0.926,19.024,2,6,0.500,-0.051,5.320
100.003,GUIDING_DOG,-2.292,-0.925,19.024,2,6,0.500,-0.046,5.301
100.103,GUIDING_DOG,-2.273,-0.924,19.024,2,6,0.500,-0.042,5.292
100.203,GUIDING_DOG,-2.255,-0.924,19.024,2,6,0.500,-0.035,5.274
100.303,GUIDING_DOG,-2.246,-0.925,19.024,2,6,0.500,-0.027,5.256
100.403,GUIDING_DOG,-2.228,-0.926,19.023,2,6,0.500,-0.024,5.247
100.504,GUIDING_DOG,-2.211,-0.927,19.023,2,6,0.500,-0.016,5.229
100.606,GUIDING_DOG,-2.203,-0.928,19.023,2,6,0.500,-0.008,5.212
100.703,GUIDING_DOG,-2.187,-0.930,19.023,2,6,0.500,-0.005,5.204
100.803,GUIDING_DOG,-2.170,-0.934,19.023,2,6,0.500,0.001,5.187
100.903,GUIDING_DOG,-2.162,-0.936,19.023,2,6,0.500,0.006,5.170
101.003,GUIDING_DOG,-2.146,-0.939,19.023,2,6,0.500,0.007,5.162
101.103,GUIDING_DOG,-2.138,-0.940,19.023,2,6,0.500,0.005,5.146
101.203,GUIDING_DOG,-2.124,-0.941,19.023,2,6,0.500,0.003,5.139
101.303,GUIDING_DOG,-2.107,-0.941,19.023,2,6,0.500,-0.002,5.124
101.403,GUIDING_DOG,-2.098,-0.941,19.022,2,6,0.500,-0.006,5.107
101.503,GUIDING_DOG,-2.079,-0.942,19.022,2,6,0.500,-0.007,5.098
101.603,GUIDING_DOG,-2.057,-0.943,19.022,2,6,0.500,-0.010,5.079
101.706,GUIDING_DOG,-2.047,-0.944,19.022,2,6,0.500,-0.015,5.058
101.803,GUIDING_DOG,-2.029,-0.945,19.022,2,6,0.500,-0.017,5.048
101.903,GUIDING_DOG,-2.010,-0.944,19.022,2,6,0.500,-0.022,5.029
102.005,GUIDING_DOG,-2.000,-0.944,19.022,2,6,0.500,-0.027,5.010
102.103,GUIDING_DOG,-1.978,-0.943,19.022,2,6,0.500,-0.029,5.000
102.203,GUIDING_DOG,-1.958,-0.941,19.022,2,6,0.500,-0.031,4.978
102.303,GUIDING_DOG,-1.949,-0.941,19.022,2,6,0.500,-0.031,4.959
102.404,GUIDING_DOG,-1.930,-0.940,19.022,2,6,0.500,-0.030,4.950
102.503,GUIDING_DOG,-1.920,-0.940,19.021,2,6,0.500,-0.025,4.930
102.603,GUIDING_DOG,-1.901,-0.939,19.021,2,6,0.500,-0.022,4.921
102.703,GUIDING_DOG,-1.883,-0.940,19.021,2,6,0.500,-0.016,4.902
102.803,GUIDING_DOG,-1.874,-0.940,19.021,2,6,0.500,-0.010,4.883
102.903,GUIDING_DOG,-1.857,-0.941,19.021,2,6,0.500,-0.007,4.875
103.003,GUIDING_DOG,-1.848,-0.942,19.021,2,6,0.500,-0.002,4.857
103.103,GUIDING_DOG,-1.831,-0.944,19.021,2,6,0.500,-0.000,4.848
103.203,GUIDING_DOG,-1.815,-0.946,19.021,2,6,0.500,0.003,4.831
103.303,GUIDING_DOG,-1.807,-0.946,19.021,2,6,0.500,0.004,4.815
103.403,GUIDING_DOG,-1.791,-0.948,19.021,2,6,0.500,0.006,4.807
103.503,GUIDING_DOG,-1.784,-0.949,19.021,2,6,0.500,0.008,4.792
103.603,GUIDING_DOG,-1.770,-0.950,19.020,2,6,0.500,0.009,4.784
103.703,GUIDING_DOG,-1.757,-0.953,19.020,2,6,0.500,0.011,4.771
103.803,GUIDING_DOG,-1.749,-0.954,19.020,2,6,0.500,0.015,4.757
103.903,GUIDING_DOG,-1.734,-0.958,19.020,2,6,0.500,0.014,4.750
104.003,GUIDING_DOG,-1.726,-0.960,19.020,2,6,0.500,0.010,4.734
104.103,GUIDING_DOG,-1.709,-0.961,19.020,2,6,0.500,0.009,4.726
104.203,GUIDING_DOG,-1.689,-0.962,19.020,2,6,0.500,0.011,4.709
104.303,GUIDING_DOG,-1.679,-0.962,19.020,2,6,0.500,0.006,4.689
104.403,GUIDING_DOG,-1.660,-0.962,19.020,2,6,0.500,0.002,4.679
104.503,GUIDING_DOG,-1.650,-0.961,19.020,2,6,0.500,-0.003,4.660
104.603,GUIDING_DOG,-1.631,-0.961,19.020,2,6,0.500,-0.004,4.651
104.703,GUIDING_DOG,-1.610,-0.962,19.019,2,6,0.500,-0.002,4.631
104.803,GUIDING_DOG,-1.600,-0.962,19.019,2,6,0.500,-0.003,4.610
104.903,GUIDING_DOG,-1.579,-0.963,19.019,2,6,0.500,-0.004,4.600
105.003,GUIDING_DOG,-1.558,-0.964,19.019,2,6,0.500,-0.010,4.579
105.103,GUIDING_DOG,-1.548,-0.964,19.019,2,6,0.500,-0.014,4.558
105.203,GUIDING_DOG,-1.529,-0.965,19.019,2,6,0.500,-0.014,4.548
105.303,GUIDING_DOG,-1.510,-0.965,19.019,2,6,0.500,-0.014,4.529
105.403,GUIDING_DOG,-1.499,-0.965,19.019,2,6,0.500,-0.017,4.510
105.503,GUIDING_DOG,-1.479,-0.965,19.019,2,6,0.500,-0.019,4.500
105.603,GUIDING_DOG,-1.458,-0.963,19.019,2,6,0.500,-0.023,4.479
105.703,GUIDING_DOG,-1.447,-0.963,19.019,2,6,0.500,-0.026,4.458
105.803,GUIDING_DOG,-1.428,-0.962,19.019,2,6,0.500,-0.027,4.448
105.903,GUIDING_DOG,-1.409,-0.962,19.019,2,6,0.500,-0.025,4.429
106.003,GUIDING_DOG,-1.400,-0.962,19.018,2,6,0.500,-0.020,4.410
106.103,GUIDING_DOG,-1.382,-0.962,19.018,2,6,0.500,-0.016,4.400
106.203,GUIDING_DOG,-1.372,-0.963,19.018,2,6,0.500,-0.009,4.382
106.303,GUIDING_DOG,-1.353,-0.965,19.018,2,6,0.500,-0.006,4.372
106.404,GUIDING_DOG,-1.335,-0.967,19.018,2,6,0.500,0.002,4.354
106.503,GUIDING_DOG,-1.327,-0.968,19.018,2,6,0.500,0.007,4.335
106.603,GUIDING_DOG,-1.310,-0.969,19.018,2,6,0.500,0.007,4.327
106.703,GUIDING_DOG,-1.294,-0.970,19.018,2,6,0.500,0.007,4.310
106.803,GUIDING_DOG,-1.286,-0.971,19.018,2,6,0.500,0.005,4.294
106.903,GUIDING_DOG,-1.270,-0.971,19.018,2,6,0.500,0.004,4.286
107.003,GUIDING_DOG,-1.255,-0.971,19.018,2,6,0.500,0.002,4.270
107.103,GUIDING_DOG,-1.248,-0.970,19.018,2,6,0.500,-0.001,4.256
107.203,GUIDING_DOG,-1.234,-0.969,19.017,2,6,0.500,-0.003,4.248
107.303,GUIDING_DOG,-1.219,-0.970,19.017,2,6,0.500,-0.004,4.234
107.403,GUIDING_DOG,-1.211,-0.971,19.017,2,6,0.500,-0.002,4.219
107.503,GUIDING_DOG,-1.195,-0.971,19.017,2,6,0.500,-0.004,4.211
107.603,GUIDING_DOG,-1.186,-0.971,19.017,2,6,0.500,-0.006,4.195
107.703,GUIDING_DOG,-1.170,-0.969,19.017,2,6,0.500,-0.004,4.187
107.803,GUIDING_DOG,-1.149,-0.967,19.017,2,6,0.500,-0.006,4.170
107.903,GUIDING_DOG,-1.140,-0.965,19.017,2,6,0.500,-0.010,4.150
108.003,GUIDING_DOG,-1.120,-0.963,19.017,2,6,0.500,-0.013,4.140
108.105,GUIDING_DOG,-1.110,-0.962,19.017,2,6,0.500,-0.015,4.120
108.203,GUIDING_DOG,-1.090,-0.960,19.017,2,6,0.500,-0.015,4.111
108.303,GUIDING_DOG,-1.079,-0.959,19.017,2,6,0.500,-0.017,4.090
108.403,GUIDING_DOG,-1.058,-0.958,19.017,2,6,0.500,-0.019,4.080
108.503,GUIDING_DOG,-1.037,-0.957,19.017,2,6,0.500,-0.024,4.058
108.603,GUIDING_DOG,-1.027,-0.957,19.017,2,6,0.500,-0.027,4.037
108.704,GUIDING_DOG,-1.007,-0.956,19.016,2,6,0.500,-0.028,4.027
108.803,GUIDING_DOG,-0.997,-0.956,19.016,2,6,0.500,-0.031,4.007
108.903,GUIDING_DOG,-0.977,-0.954,19.016,2,6,0.500,-0.032,3.997
109.003,GUIDING_DOG,-0.967,-0.953,19.016,2,6,0.500,-0.036,3.977
109.103,GUIDING_DOG,-0.946,-0.951,19.016,2,6,0.500,-0.038,3.967
109.203,GUIDING_DOG,-0.928,-0.951,19.016,2,6,0.500,-0.038,3.946
109.303,GUIDING_DOG,-0.919,-0.951,19.016,2,6,0.500,-0.034,3.928
109.403,GUIDING_DOG,-0.901,-0.952,19.016,2,6,0.500,-0.031,3.919
109.503,GUIDING_DOG,-0.884,-0.953,19.016,2,6,0.500,-0.024,3.902
109.603,GUIDING_DOG,-0.875,-0.954,19.016,2,6,0.500,-0.016,3.884
109.703,GUIDING_DOG,-0.858,-0.955,19.016,2,6,0.500,-0.013,3.875
109.803,GUIDING_DOG,-0.842,-0.958,19.016,2,6,0.500,-0.006,3.859
109.903,GUIDING_DOG,-0.834,-0.959,19.016,2,6,0.500,0.003,3.842
110.003,GUIDING_DOG,-0.819,-0.962,19.016,2,6,0.500,0.007,3.834
110.103,GUIDING_DOG,-0.804,-0.964,19.016,2,6,0.500,0.014,3.819
110.203,GUIDING_DOG,-0.796,-0.965,19.015,2,6,0.500,0.014,3.804
110.303,GUIDING_DOG,-0.781,-0.965,19.015,2,6,0.500,0.011,3.797
110.403,GUIDING_DOG,-0.766,-0.965,19.015,2,6,0.500,0.005,3.781
110.504,GUIDING_DOG,-0.758,-0.965,19.015,2,6,0.500,0.004,3.766
110.603,GUIDING_DOG,-0.743,-0.967,19.015,2,6,0.500,0.007,3.758
110.703,GUIDING_DOG,-0.735,-0.967,19.015,2,6,0.500,0.006,3.743
110.803,GUIDING_DOG,-0.719,-0.967,19.015,2,6,0.500,0.004,3.735
110.903,GUIDING_DOG,-0.700,-0.967,19.015,2,6,0.500,0.004,3.719
111.003,GUIDING_DOG,-0.691,-0.967,19.015,2,6,0.500,-0.000,3.701
111.103,GUIDING_DOG,-0.670,-0.967,19.015,2,6,0.500,-0.000,3.691
111.203,GUIDING_DOG,-0.659,-0.967,19.015,2,6,0.500,-0.002,3.670
111.303,GUIDING_DOG,-0.637,-0.967,19.015,2,6,0.500,-0.004,3.659
111.403,GUIDING_DOG,-0.617,-0.966,19.015,2,6,0.500,-0.009,3.638
111.503,GUIDING_DOG,-0.607,-0.966,19.015,2,6,0.500,-0.017,3.617
111.603,GUIDING_DOG,-0.587,-0.965,19.015,2,6,0.500,-0.021,3.607
111.703,GUIDING_DOG,-0.565,-0.963,19.014,2,6,0.500,-0.027,3.587
111.803,GUIDING_DOG,-0.554,-0.961,19.014,2,6,0.500,-0.031,3.565
111.903,GUIDING_DOG,-0.533,-0.959,19.014,2,6,0.500,-0.033,3.554
112.003,GUIDING_DOG,-0.523,-0.958,19.014,2,6,0.500,-0.035,3.533
112.103,GUIDING_DOG,-0.504,-0.957,19.014,2,6,0.500,-0.036,3.523
112.207,GUIDING_DOG,-0.485,-0.955,19.014,2,6,0.500,-0.037,3.505
112.303,GUIDING_DOG,-0.476,-0.955,19.014,2,6,0.500,-0.036,3.486
112.403,GUIDING_DOG,-0.456,-0.954,19.014,2,6,0.500,-0.036,3.476
112.503,GUIDING_DOG,-0.436,-0.954,19.014,2,6,0.500,-0.036,3.456
112.603,GUIDING_DOG,-0.426,-0.954,19.014,2,6,0.500,-0.036,3.436
112.703,GUIDING_DOG,-0.407,-0.954,19.014,2,6,0.500,-0.036,3.426
112.803,GUIDING_DOG,-0.397,-0.955,19.014,2,6,0.500,-0.033,3.407
112.903,GUIDING_DOG,-0.379,-0.955,19.014,2,6,0.500,-0.031,3.398
113.003,GUIDING_DOG,-0.360,-0.954,19.014,2,6,0.500,-0.027,3.379
113.103,GUIDING_DOG,-0.350,-0.954,19.014,2,6,0.500,-0.024,3.360
113.203,GUIDING_DOG,-0.332,-0.953,19.014,2,6,0.500,-0.023,3.351
113.303,GUIDING_DOG,-0.315,-0.952,19.014,2,6,0.500,-0.021,3.333
113.403,GUIDING_DOG,-0.306,-0.953,19.013,2,6,0.500,-0.012,3.315
113.503,GUIDING_DOG,-0.288,-0.954,19.013,2,6,0.500,-0.006,3.306
113.603,GUIDING_DOG,-0.279,-0.955,19.013,2,6,0.500,0.007,3.288
113.703,GUIDING_DOG,-0.261,-0.958,19.013,2,6,0.500,0.012,3.279
113.803,GUIDING_DOG,-0.242,-0.962,19.013,2,6,0.500,0.021,3.261
113.903,GUIDING_DOG,-0.234,-0.963,19.013,2,6,0.500,0.023,3.243
114.003,GUIDING_DOG,-0.216,-0.964,19.013,2,6,0.500,0.024,3.234
114.103,GUIDING_DOG,-0.206,-0.964,19.013,2,6,0.500,0.029,3.216
114.203,GUIDING_DOG,-0.187,-0.964,19.013,2,6,0.500,0.028,3.207
114.303,GUIDING_DOG,-0.168,-0.964,19.013,2,6,0.500,0.023,3.187
114.403,GUIDING_DOG,-0.159,-0.963,19.013,2,6,0.500,0.017,3.168
114.503,GUIDING_DOG,-0.139,-0.963,19.013,2,6,0.500,0.015,3.159
114.603,GUIDING_DOG,-0.129,-0.963,19.013,2,6,0.500,0.010,3.139
114.703,GUIDING_DOG,-0.108,-0.963,19.013,2,6,0.500,0.007,3.129
114.803,GUIDING_DOG,-0.088,-0.963,19.013,2,6,0.500,-0.002,3.108
114.905,GUIDING_DOG,-0.078,-0.963,19.013,2,6,0.500,-0.012,3.088
115.003,GUIDING_DOG,-0.060,-0.963,19.013,2,6,0.500,-0.016,3.078
115.103,GUIDING_DOG,-0.050,-0.963,19.013,2,6,0.500,-0.021,3.060
115.203,GUIDING_DOG,-0.030,-0.964,19.013,2,6,0.500,-0.023,3.050
115.306,GUIDING_DOG,-0.008,-0.965,19.012,2,6,0.500,-0.028,3.030
115.403,GUIDING_DOG,0.003,-0.965,19.012,2,6,0.500,-0.031,3.008
115.503,GUIDING_DOG,0.024,-0.966,19.012,2,6,0.500,-0.032,2.997
115.604,GUIDING_DOG,0.043,-0.965,19.012,2,6,0.500,-0.032,2.977
115.703,GUIDING_DOG,0.052,-0.965,19.012,2,6,0.500,-0.028,2.958
115.803,GUIDING_DOG,0.072,-0.964,19.012,2,6,0.500,-0.027,2.948
115.903,GUIDING_DOG,0.081,-0.964,19.012,2,6,0.500,-0.024,2.929
116.003,GUIDING_DOG,0.101,-0.964,19.012,2,6,0.500,-0.023,2.919
116.103,GUIDING_DOG,0.119,-0.965,19.012,2,6,0.500,-0.021,2.900
116.203,GUIDING_DOG,0.128,-0.965,19.012,2,6,0.500,-0.021,2.881
116.303,GUIDING_DOG,0.147,-0.966,19.012,2,6,0.500,-0.020,2.872
116.403,GUIDING_DOG,0.165,-0.966,19.012,2,6,0.500,-0.023,2.854
116.505,GUIDING_DOG,0.174,-0.966,19.012,2,6,0.500,-0.024,2.835
116.603,GUIDING_DOG,0.192,-0.966,19.012,2,6,0.500,-0.022,2.826
116.703,GUIDING_DOG,0.200,-0.965,19.012,2,6,0.500,-0.014,2.809
116.803,GUIDING_DOG,0.218,-0.965,19.012,2,6,0.500,-0.010,2.800
116.903,GUIDING_DOG,0.236,-0.965,19.012,2,6,0.500,-0.005,2.782
117.003,GUIDING_DOG,0.244,-0.965,19.012,2,6,0.500,-0.005,2.765
117.103,GUIDING_DOG,0.261,-0.966,19.012,2,6,0.500,-0.005,2.756
117.203,GUIDING_DOG,0.270,-0.967,19.012,2,6,0.500,-0.009,2.739
117.303,GUIDING_DOG,0.287,-0.969,19.011,2,6,0.500,-0.015,2.730
117.403,GUIDING_DOG,0.295,-0.969,19.011,2,6,0.500,-0.021,2.713
117.503,GUIDING_DOG,0.313,-0.969,19.011,2,6,0.500,-0.022,2.705
117.603,GUIDING_DOG,0.322,-0.968,19.011,2,6,0.500,-0.025,2.687
117.703,GUIDING_DOG,0.341,-0.967,19.011,2,6,0.500,-0.027,2.678
117.803,GUIDING_DOG,0.359,-0.966,19.011,2,6,0.500,-0.031,2.660
117.905,GUIDING_DOG,0.369,-0.966,19.011,2,6,0.500,-0.031,2.641
118.003,GUIDING_DOG,0.390,-0.966,19.011,2,6,0.500,-0.031,2.631
118.103,GUIDING_DOG,0.401,-0.966,19.011,2,6,0.500,-0.030,2.610
118.203,GUIDING_DOG,0.422,-0.967,19.011,2,6,0.500,-0.031,2.599
118.303,GUIDING_DOG,0.442,-0.968,19.011,2,6,0.500,-0.029,2.578
118.403,GUIDING_DOG,0.451,-0.968,19.011,2,6,0.500,-0.032,2.559
118.503,GUIDING_DOG,0.470,-0.967,19.011,2,6,0.500,-0.035,2.549
118.603,GUIDING_DOG,0.491,-0.965,19.011,2,6,0.500,-0.040,2.530
118.706,GUIDING_DOG,0.501,-0.964,19.011,2,6,0.500,-0.041,2.510
118.803,GUIDING_DOG,0.520,-0.963,19.011,2,6,0.500,-0.040,2.500
118.903,GUIDING_DOG,0.529,-0.962,19.011,2,6,0.500,-0.036,2.481
119.003,GUIDING_DOG,0.547,-0.962,19.011,2,6,0.500,-0.033,2.471
119.103,GUIDING_DOG,0.565,-0.962,19.011,2,6,0.500,-0.024,2.454
119.203,GUIDING_DOG,0.573,-0.963,19.011,2,6,0.500,-0.013,2.436
119.305,GUIDING_DOG,0.591,-0.964,19.011,2,6,0.500,-0.008,2.427
119.403,GUIDING_DOG,0.599,-0.965,19.011,2,6,0.500,-0.000,2.410
119.503,GUIDING_DOG,0.616,-0.966,19.010,2,6,0.500,0.003,2.401
119.603,GUIDING_DOG,0.632,-0.966,19.010,2,6,0.500,0.008,2.385
119.703,GUIDING_DOG,0.640,-0.966,19.010,2,6,0.500,0.013,2.369
119.803,GUIDING_DOG,0.655,-0.966,19.010,2,6,0.500,0.015,2.361
119.903,GUIDING_DOG,0.663,-0.966,19.010,2,6,0.500,0.017,2.345
120.003,GUIDING_DOG,0.678,-0.964,19.010,2,6,0.500,0.016,2.337
120.103,GUIDING_DOG,0.686,-0.964,19.010,2,6,0.500,0.015,2.322
120.203,GUIDING_DOG,0.703,-0.964,19.010,2,6,0.500,0.015,2.314
120.303,GUIDING_DOG,0.712,-0.964,19.010,2,6,0.500,0.019,2.297
120.403,GUIDING_DOG,0.731,-0.963,19.010,2,6,0.500,0.017,2.288
120.503,GUIDING_DOG,0.750,-0.960,19.010,2,6,0.500,0.019,2.270
120.603,GUIDING_DOG,0.760,-0.958,19.010,2,6,0.500,0.019,2.250
120.705,GUIDING_DOG,0.779,-0.955,19.010,2,6,0.500,0.014,2.241
120.803,GUIDING_DOG,0.789,-0.953,19.010,2,6,0.500,0.005,2.222
120.903,GUIDING_DOG,0.810,-0.951,19.010,2,6,0.500,0.001,2.212
121.003,GUIDING_DOG,0.821,-0.949,19.010,2,6,0.500,-0.007,2.191
121.103,GUIDING_DOG,0.842,-0.947,19.010,2,6,0.500,-0.012,2.180
121.203,GUIDING_DOG,0.862,-0.945,19.010,2,6,0.500,-0.023,2.159
121.303,GUIDING_DOG,0.872,-0.943,19.010,2,6,0.500,-0.034,2.139
121.403,GUIDING_DOG,0.893,-0.941,19.010,2,6,0.500,-0.039,2.129
121.503,GUIDING_DOG,0.904,-0.940,19.010,2,6,0.500,-0.047,2.108
121.603,GUIDING_DOG,0.926,-0.937,19.010,2,6,0.500,-0.050,2.097
121.703,GUIDING_DOG,0.937,-0.936,19.010,2,6,0.500,-0.056,2.075
121.803,GUIDING_DOG,0.957,-0.934,19.010,2,6,0.500,-0.058,2.064
121.903,GUIDING_DOG,0.976,-0.934,19.010,2,6,0.500,-0.057,2.044
122.003,GUIDING_DOG,0.985,-0.934,19.010,2,6,0.500,-0.055,2.025
122.103,GUIDING_DOG,1.004,-0.936,19.009,2,6,0.500,-0.053,2.016
122.203,GUIDING_DOG,1.014,-0.937,19.009,2,6,0.500,-0.048,1.997
122.303,GUIDING_DOG,1.033,-0.939,19.009,2,6,0.500,-0.045,1.987
122.403,GUIDING_DOG,1.051,-0.941,19.009,2,6,0.500,-0.036,1.968
122.505,GUIDING_DOG,1.059,-0.941,19.009,2,6,0.500,-0.027,1.950
122.603,GUIDING_DOG,1.078,-0.942,19.009,2,6,0.500,-0.025,1.941
122.703,GUIDING_DOG,1.087,-0.942,19.009,2,6,0.500,-0.026,1.923
122.803,GUIDING_DOG,1.103,-0.943,19.009,2,6,0.500,-0.026,1.914
122.903,GUIDING_DOG,1.120,-0.945,19.009,2,6,0.500,-0.020,1.897
123.003,GUIDING_DOG,1.129,-0.947,19.009,2,6,0.500,-0.009,1.881
123.103,GUIDING_DOG,1.147,-0.950,19.009,2,6,0.500,-0.003,1.872
123.203,GUIDING_DOG,1.156,-0.952,19.009,2,6,0.500,0.008,1.854
123.303,GUIDING_DOG,1.174,-0.958,19.009,2,6,0.500,0.013,1.845
123.403,GUIDING_DOG,1.190,-0.965,19.009,2,6,0.500,0.021,1.827
123.507,GUIDING_DOG,1.198,-0.967,19.009,2,6,0.500,0.025,1.810
123.603,GUIDING_DOG,1.214,-0.972,19.009,2,6,0.500,0.026,1.803
123.703,GUIDING_DOG,1.222,-0.974,19.009,2,6,0.500,0.025,1.786
123.803,GUIDING_DOG,1.238,-0.978,19.009,2,6,0.500,0.026,1.778
123.903,GUIDING_DOG,1.247,-0.980,19.009,2,6,0.500,0.027,1.762
124.003,GUIDING_DOG,1.264,-0.983,19.009,2,6,0.500,0.029,1.753
124.103,GUIDING_DOG,1.273,-0.985,19.009,2,6,0.500,0.033,1.736
124.203,GUIDING_DOG,1.293,-0.988,19.009,2,6,0.500,0.035,1.727
124.303,GUIDING_DOG,1.313,-0.992,19.009,2,6,0.500,0.038,1.707
124.403,GUIDING_DOG,1.323,-0.994,19.009,2,6,0.500,0.039,1.687
124.503,GUIDING_DOG,1.343,-0.998,19.009,2,6,0.500,0.038,1.677
124.603,GUIDING_DOG,1.352,-0.999,19.009,2,6,0.500,0.037,1.657
124.703,GUIDING_DOG,1.370,-1.003,19.009,2,6,0.500,0.038,1.648
124.803,GUIDING_DOG,1.379,-1.004,19.009,2,6,0.500,0.041,1.630
124.903,GUIDING_DOG,1.398,-1.006,19.009,2,6,0.500,0.042,1.621
125.003,GUIDING_DOG,1.417,-1.007,19.008,2,6,0.500,0.043,1.602
125.103,GUIDING_DOG,1.426,-1.007,19.008,2,6,0.500,0.040,1.583
125.203,GUIDING_DOG,1.443,-1.009,19.008,2,6,0.500,0.041,1.574
125.303,GUIDING_DOG,1.451,-1.011,19.008,2,6,0.500,0.046,1.557
125.403,GUIDING_DOG,1.468,-1.014,19.008,2,6,0.500,0.051,1.549
125.503,GUIDING_DOG,1.476,-1.015,19.008,2,6,0.500,0.059,1.533
125.603,GUIDING_DOG,1.492,-1.018,19.008,2,6,0.500,0.061,1.524
125.703,GUIDING_DOG,1.508,-1.019,19.008,2,6,0.500,0.061,1.508
125.803,GUIDING_DOG,1.516,-1.019,19.008,2,6,0.500,0.054,1.492
125.903,GUIDING_DOG,1.532,-1.019,19.008,2,6,0.500,0.047,1.484
126.003,GUIDING_DOG,1.541,-1.020,19.008,2,6,0.500,0.036,1.468
126.103,GUIDING_DOG,1.558,-1.022,19.008,2,6,0.500,0.034,1.460
126.203,GUIDING_DOG,1.578,-1.026,19.008,2,6,0.500,0.029,1.442
126.303,GUIDING_DOG,1.588,-1.028,19.008,2,6,0.500,0.026,1.422
126.403,GUIDING_DOG,1.607,-1.031,19.008,2,6,0.500,0.026,1.412
126.503,GUIDING_DOG,1.616,-1.032,19.008,2,6,0.500,0.024,1.394
126.603,GUIDING_DOG,1.636,-1.035,19.008,2,6,0.500,0.024,1.384
126.703,GUIDING_DOG,1.647,-1.035,19.008,2,6,0.500,0.025,1.364
126.803,GUIDING_DOG,1.669,-1.037,19.008,2,6,0.500,0.025,1.354
126.903,GUIDING_DOG,1.680,-1.037,19.008,2,6,0.500,0.021,1.331
127.003,GUIDING_DOG,1.701,-1.037,19.008,2,6,0.500,0.018,1.320
127.103,GUIDING_DOG,1.721,-1.037,19.008,2,6,0.500,0.014,1.300
127.203,GUIDING_DOG,1.731,-1.036,19.008,2,6,0.500,0.013,1.280
127.303,GUIDING_DOG,1.752,-1.035,19.008,2,6,0.500,0.013,1.270
127.403,GUIDING_DOG,1.762,-1.035,19.008,2,6,0.500,0.011,1.249
127.503,GUIDING_DOG,1.782,-1.034,19.008,2,6,0.500,0.009,1.238
127.603,GUIDING_DOG,1.792,-1.033,19.008,2,6,0.500,0.006,1.218
127.705,GUIDING_DOG,1.812,-1.033,19.008,2,6,0.500,0.004,1.208
127.803,GUIDING_DOG,1.822,-1.032,19.008,2,6,0.500,0.001,1.189
127.903,GUIDING_DOG,1.842,-1.031,19.008,2,6,0.500,-0.002,1.179
128.003,GUIDING_DOG,1.851,-1.030,19.008,2,6,0.500,-0.011,1.159
128.103,GUIDING_DOG,1.870,-1.029,19.008,2,6,0.500,-0.015,1.149
128.203,GUIDING_DOG,1.889,-1.028,19.008,2,6,0.500,-0.018,1.130
128.303,GUIDING_DOG,1.898,-1.027,19.008,2,6,0.500,-0.014,1.112
128.403,GUIDING_DOG,1.917,-1.027,19.007,2,6,0.500,-0.012,1.102
128.503,GUIDING_DOG,1.926,-1.027,19.007,2,6,0.500,-0.006,1.084
128.603,GUIDING_DOG,1.944,-1.027,19.007,2,6,0.500,-0.003,1.074
128.703,GUIDING_DOG,1.953,-1.028,19.007,2,6,0.500,0.001,1.056
128.803,GUIDING_DOG,1.971,-1.029,19.007,2,6,0.500,0.003,1.047
128.903,GUIDING_DOG,1.989,-1.030,19.007,2,6,0.500,0.004,1.029
129.003,GUIDING_DOG,1.997,-1.031,19.007,2,6,0.500,-0.000,1.012
129.103,GUIDING_DOG,2.013,-1.029,19.007,2,6,0.500,-0.003,1.004
129.203,GUIDING_DOG,2.021,-1.028,19.007,2,6,0.500,-0.007,0.988
129.303,GUIDING_DOG,2.039,-1.026,19.007,2,6,0.500,-0.010,0.979
129.403,GUIDING_DOG,2.048,-1.024,19.007,2,6,0.500,-0.014,0.961
129.505,GUIDING_DOG,2.066,-1.021,19.007,2,6,0.500,-0.016,0.953
129.603,GUIDING_DOG,2.076,-1.019,19.007,2,6,0.500,-0.022,0.934
129.703,GUIDING_DOG,2.097,-1.017,19.007,2,6,0.500,-0.025,0.924
129.803,GUIDING_DOG,2.108,-1.016,19.007,2,6,0.500,-0.033,0.903
129.903,GUIDING_DOG,2.128,-1.014,19.007,2,6,0.500,-0.036,0.892
130.003,GUIDING_DOG,2.138,-1.012,19.007,2,6,0.500,-0.043,0.872
130.103,GUIDING_DOG,2.157,-1.009,19.007,2,6,0.500,-0.048,0.862
130.203,GUIDING_DOG,2.168,-1.007,19.007,2,6,0.500,-0.059,0.843
130.303,GUIDING_DOG,2.188,-1.003,19.007,2,6,0.500,-0.064,0.832
130.403,GUIDING_DOG,2.198,-1.001,19.007,2,6,0.500,-0.071,0.812
130.503,GUIDING_DOG,2.217,-0.998,19.007,2,6,0.500,-0.073,0.802
130.603,GUIDING_DOG,2.235,-0.997,19.007,2,6,0.500,-0.071,0.783
130.703,GUIDING_DOG,2.244,-0.996,19.007,2,6,0.500,-0.068,0.765
130.803,GUIDING_DOG,2.261,-0.995,19.007,2,6,0.500,-0.066,0.756
130.903,GUIDING_DOG,2.269,-0.996,19.007,2,6,0.500,-0.058,0.739
131.003,GUIDING_DOG,2.287,-0.997,19.007,2,6,0.500,-0.053,0.731
131.103,GUIDING_DOG,2.295,-0.997,19.007,2,6,0.500,-0.040,0.713
131.203,GUIDING_DOG,2.312,-0.999,19.007,2,6,0.500,-0.033,0.705
131.303,GUIDING_DOG,2.319,-1.000,19.007,2,6,0.500,-0.021,0.688
131.403,GUIDING_DOG,2.334,-1.001,19.007,2,6,0.500,-0.017,0.681
131.503,GUIDING_DOG,2.342,-1.001,19.007,2,6,0.500,-0.013,0.666
131.603,GUIDING_DOG,2.356,-1.000,19.007,2,6,0.500,-0.013,0.658
131.703,GUIDING_DOG,2.363,-0.999,19.007,2,6,0.500,-0.017,0.644
131.803,GUIDING_DOG,2.377,-0.997,19.007,2,6,0.500,-0.020,0.637
131.903,GUIDING_DOG,2.384,-0.996,19.007,2,6,0.500,-0.029,0.623
132.003,GUIDING_DOG,2.398,-0.994,19.007,2,6,0.500,-0.034,0.616
132.103,GUIDING_DOG,2.406,-0.994,19.007,2,6,0.500,-0.037,0.602
132.203,GUIDING_DOG,2.423,-0.994,19.007,2,6,0.500,-0.038,0.594
132.303,GUIDING_DOG,2.431,-0.993,19.006,2,6,0.500,-0.040,0.577
132.403,GUIDING_DOG,2.448,-0.990,19.006,2,6,0.500,-0.041,0.569
132.503,GUIDING_DOG,2.458,-0.988,19.006,2,6,0.500,-0.051,0.552
132.603,GUIDING_DOG,2.477,-0.985,19.006,2,6,0.500,-0.061,0.542
132.703,GUIDING_DOG,2.486,-0.983,19.006,2,6,0.500,-0.079,0.524
132.803,GUIDING_DOG,2.504,-0.980,19.006,2,6,0.500,-0.085,0.515
132.903,GUIDING_DOG,2.514,-0.979,19.006,2,6,0.496,-0.095,0.496
133.003,GUIDING_DOG,2.535,-0.977,19.006,2,6,0.486,-0.100,0.486
133.103,GUIDING_DOG,2.546,-0.976,19.006,2,6,0.466,-0.109,0.466
133.203,GUIDING_DOG,2.567,-0.975,19.006,2,6,0.455,-0.114,0.455
133.303,GUIDING_DOG,2.586,-0.974,19.006,2,6,0.434,-0.119,0.434
133.403,GUIDING_DOG,2.595,-0.974,19.006,2,6,0.415,-0.121,0.415
133.503,GUIDING_DOG,2.613,-0.971,19.006,2,6,0.406,-0.125,0.406
133.603,GUIDING_DOG,2.622,-0.970,19.006,2,6,0.388,-0.138,0.388
133.706,GUIDING_DOG,2.640,-0.967,19.006,2,6,0.379,-0.146,0.379
133.803,GUIDING_DOG,2.648,-0.965,19.006,2,6,0.362,-0.161,0.362
133.903,GUIDING_DOG,2.664,-0.963,19.006,2,6,0.353,-0.168,0.353
134.003,GUIDING_DOG,2.671,-0.962,19.006,2,6,0.338,-0.175,0.338
134.103,GUIDING_DOG,2.686,-0.960,19.006,2,6,0.331,-0.176,0.331
134.203,GUIDING_DOG,2.693,-0.959,19.006,2,6,0.316,-0.179,0.316
134.303,GUIDING_DOG,2.705,-0.956,19.006,2,6,0.310,-0.184,0.310
134.403,GUIDING_DOG,2.711,-0.954,19.006,3,6,0.000,2.000,1.978
134.503,GUIDING_DOG,2.721,-0.951,19.006,3,6,0.000,2.000,1.976
134.603,GUIDING_DOG,2.726,-0.949,19.006,3,6,0.000,2.000,1.971
134.703,GUIDING_DOG,2.734,-0.944,19.006,3,6,0.000,2.000,1.968
134.803,GUIDING_DOG,2.737,-0.940,19.006,3,6,0.000,2.000,1.962
134.903,GUIDING_DOG,2.744,-0.931,19.006,3,6,0.000,2.000,1.958
135.003,GUIDING_DOG,2.747,-0.926,19.006,3,6,0.000,2.000,1.948
135.103,GUIDING_DOG,2.752,-0.914,19.006,3,6,0.000,2.000,1.942
135.203,GUIDING_DOG,2.756,-0.902,19.006,3,6,0.000,2.000,1.930
135.303,GUIDING_DOG,2.758,-0.895,19.006,3,6,0.000,2.000,1.917
135.403,GUIDING_DOG,2.760,-0.888,19.006,3,6,0.000,2.000,1.910
135.503,GUIDING_DOG,2.764,-0.873,19.006,3,6,0.000,2.000,1.903
135.603,GUIDING_DOG,2.767,-0.856,19.006,3,6,0.000,2.000,1.888
135.703,GUIDING_DOG,2.768,-0.846,19.006,3,6,0.000,1.975,1.871
135.803,GUIDING_DOG,2.769,-0.824,19.006,3,6,0.000,1.929,1.861
135.905,GUIDING_DOG,2.770,-0.811,19.006,3,6,0.000,1.842,1.839
136.003,GUIDING_DOG,2.772,-0.785,19.006,3,6,0.000,1.800,1.826
136.103,GUIDING_DOG,2.773,-0.773,19.006,3,6,0.000,1.678,1.800
136.203,GUIDING_DOG,2.775,-0.749,19.006,3,6,0.000,1.610,1.787
136.303,GUIDING_DOG,2.775,-0.739,19.006,3,6,0.000,1.481,1.764
136.403,GUIDING_DOG,2.775,-0.720,19.006,3,6,0.000,1.416,1.753
136.503,GUIDING_DOG,2.776,-0.702,19.006,3,6,0.000,1.281,1.734
136.604,GUIDING_DOG,2.776,-0.694,19.006,3,6,0.000,1.163,1.717
136.703,GUIDING_DOG,2.779,-0.679,19.006,3,6,0.000,1.107,1.709
136.803,GUIDING_DOG,2.780,-0.673,19.006,3,6,0.000,0.999,1.694
136.903,GUIDING_DOG,2.782,-0.661,19.006,3,6,0.000,0.954,1.687
137.003,GUIDING_DOG,2.784,-0.652,19.006,3,6,0.000,0.875,1.676
137.103,GUIDING_DOG,2.784,-0.648,19.006,3,6,0.000,0.798,1.666
137.203,GUIDING_DOG,2.784,-0.642,19.005,3,6,0.000,0.763,1.662
137.303,GUIDING_DOG,2.784,-0.639,19.005,3,6,0.000,0.696,1.656
137.403,GUIDING_DOG,2.783,-0.635,19.005,3,6,0.000,0.666,1.654
137.503,GUIDING_DOG,2.783,-0.633,19.005,3,6,0.000,0.609,1.649
137.603,GUIDING_DOG,2.780,-0.631,19.005,3,6,0.500,0.583,1.648
137.703,GUIDING_DOG,2.779,-0.629,19.005,3,6,0.500,0.532,1.646
137.803,GUIDING_DOG,2.780,-0.622,19.005,3,6,0.500,0.510,1.644
137.904,GUIDING_DOG,2.781,-0.611,19.005,3,6,0.500,0.468,1.637
138.003,GUIDING_DOG,2.781,-0.605,19.005,3,6,0.500,0.427,1.626
138.103,GUIDING_DOG,2.784,-0.591,19.005,3,6,0.500,0.406,1.620
138.203,GUIDING_DOG,2.787,-0.575,19.005,3,6,0.500,0.364,1.606
138.303,GUIDING_DOG,2.789,-0.567,19.005,3,6,0.500,0.325,1.589
138.403,GUIDING_DOG,2.793,-0.551,19.005,3,6,0.500,0.307,1.581
138.503,GUIDING_DOG,2.795,-0.543,19.005,3,6,0.500,0.279,1.565
138.604,GUIDING_DOG,2.799,-0.525,19.005,3,6,0.500,0.264,1.556
138.703,GUIDING_DOG,2.800,-0.517,19.005,3,6,0.500,0.237,1.539
138.803,GUIDING_DOG,2.802,-0.499,19.005,3,6,0.500,0.225,1.530
138.903,GUIDING_DOG,2.803,-0.490,19.005,3,6,0.500,0.205,1.512
139.003,GUIDING_DOG,2.806,-0.473,19.005,3,6,0.500,0.197,1.503
139.103,GUIDING_DOG,2.810,-0.455,19.005,3,6,0.500,0.181,1.486
139.203,GUIDING_DOG,2.812,-0.447,19.005,3,6,0.500,0.164,1.468
139.303,GUIDING_DOG,2.816,-0.431,19.005,3,6,0.500,0.157,1.459
139.403,GUIDING_DOG,2.819,-0.423,19.005,3,6,0.500,0.143,1.442
139.503,GUIDING_DOG,2.824,-0.407,19.005,3,6,0.500,0.137,1.434
139.603,GUIDING_DOG,2.830,-0.392,19.005,3,6,0.500,0.128,1.418
139.706,GUIDING_DOG,2.832,-0.384,19.005,3,6,0.500,0.119,1.402
139.805,GUIDING_DOG,2.835,-0.369,19.005,3,6,0.500,0.113,1.394
139.903,GUIDING_DOG,2.837,-0.361,19.005,3,6,0.500,0.106,1.378
140.003,GUIDING_DOG,2.841,-0.347,19.005,3,6,0.500,0.105,1.371
140.103,GUIDING_DOG,2.844,-0.340,19.005,3,6,0.500,0.103,1.356
140.203,GUIDING_DOG,2.850,-0.324,19.005,3,6,0.500,0.102,1.349
140.303,GUIDING_DOG,2.857,-0.309,19.005,3,6,0.500,0.098,1.333
140.403,GUIDING_DOG,2.860,-0.301,19.005,3,6,0.500,0.091,1.317
140.503,GUIDING_DOG,2.866,-0.285,19.005,3,6,0.500,0.087,1.309
140.603,GUIDING_DOG,2.869,-0.277,19.005,3,6,0.500,0.082,1.292
140.704,GUIDING_DOG,2.874,-0.258,19.005,3,6,0.500,0.079,1.284
140.803,GUIDING_DOG,2.876,-0.248,19.005,3,6,0.500,0.071,1.264
140.903,GUIDING_DOG,2.879,-0.229,19.005,3,6,0.500,0.068,1.254
141.003,GUIDING_DOG,2.881,-0.220,19.005,3,6,0.500,0.067,1.235
141.103,GUIDING_DOG,2.884,-0.202,19.005,3,6,0.500,0.066,1.226
141.203,GUIDING_DOG,2.885,-0.192,19.005,3,6,0.500,0.065,1.207
141.303,GUIDING_DOG,2.888,-0.172,19.005,3,6,0.500,0.065,1.197
141.403,GUIDING_DOG,2.890,-0.162,19.005,3,6,0.500,0.061,1.177
141.503,GUIDING_DOG,2.893,-0.143,19.005,3,6,0.500,0.061,1.167
141.603,GUIDING_DOG,2.894,-0.134,19.005,3,6,0.500,0.062,1.148
141.703,GUIDING_DOG,2.898,-0.117,19.005,3,6,0.500,0.063,1.139
141.803,GUIDING_DOG,2.900,-0.109,19.005,3,6,0.500,0.065,1.122
141.903,GUIDING_DOG,2.904,-0.092,19.005,3,6,0.500,0.067,1.113
142.003,GUIDING_DOG,2.907,-0.077,19.005,3,6,0.500,0.072,1.097
142.103,GUIDING_DOG,2.909,-0.070,19.005,3,6,0.500,0.075,1.081
142.203,GUIDING_DOG,2.913,-0.056,19.005,3,6,0.500,0.077,1.074
142.303,GUIDING_DOG,2.915,-0.050,19.005,3,6,0.500,0.079,1.060
142.403,GUIDING_DOG,2.920,-0.037,19.005,3,6,0.500,0.079,1.053
142.503,GUIDING_DOG,2.926,-0.025,19.005,3,6,0.500,0.080,1.040
142.603,GUIDING_DOG,2.929,-0.019,19.005,3,6,0.500,0.077,1.027
142.703,GUIDING_DOG,2.934,-0.007,19.005,3,6,0.500,0.076,1.021
142.803,GUIDING_DOG,2.936,-0.001,19.005,3,6,0.500,0.080,1.009
142.903,GUIDING_DOG,2.938,0.015,19.005,3,6,0.500,0.076,1.003
143.003,GUIDING_DOG,2.939,0.023,19.005,3,6,0.500,0.067,0.987
143.103,GUIDING_DOG,2.941,0.042,19.004,3,6,0.500,0.062,0.978
143.203,GUIDING_DOG,2.943,0.051,19.004,3,6,0.500,0.055,0.960
143.303,GUIDING_DOG,2.945,0.070,19.004,3,6,0.500,0.053,0.951
143.403,GUIDING_DOG,2.947,0.080,19.004,3,6,0.500,0.051,0.932
143.503,GUIDING_DOG,2.951,0.101,19.004,3,6,0.500,0.050,0.921
143.603,GUIDING_DOG,2.953,0.111,19.004,3,6,0.500,0.049,0.901
143.703,GUIDING_DOG,2.957,0.131,19.004,3,6,0.500,0.049,0.890
143.803,GUIDING_DOG,2.959,0.140,19.004,3,6,0.500,0.051,0.870
143.903,GUIDING_DOG,2.962,0.158,19.004,3,6,0.500,0.054,0.861
144.003,GUIDING_DOG,2.965,0.175,19.004,3,6,0.500,0.061,0.843
144.103,GUIDING_DOG,2.966,0.185,19.004,3,6,0.500,0.067,0.825
144.203,GUIDING_DOG,2.968,0.204,19.004,3,6,0.500,0.066,0.816
144.303,GUIDING_DOG,2.969,0.213,19.004,3,6,0.500,0.064,0.797
144.403,GUIDING_DOG,2.972,0.230,19.004,3,6,0.500,0.065,0.788
144.503,GUIDING_DOG,2.973,0.239,19.004,3,6,0.500,0.071,0.770
144.603,GUIDING_DOG,2.977,0.256,19.004,3,6,0.500,0.076,0.762
144.703,GUIDING_DOG,2.980,0.264,19.004,3,6,0.500,0.089,0.745
144.803,GUIDING_DOG,2.985,0.279,19.004,3,6,0.500,0.096,0.737
144.903,GUIDING_DOG,2.987,0.287,19.004,3,6,0.500,0.108,0.721
145.003,GUIDING_DOG,2.990,0.302,19.004,3,6,0.500,0.112,0.713
145.103,GUIDING_DOG,2.991,0.310,19.004,3,6,0.500,0.107,0.698
145.203,GUIDING_DOG,2.994,0.326,19.004,3,6,0.500,0.102,0.690
145.303,GUIDING_DOG,2.996,0.335,19.004,3,6,0.500,0.096,0.674
145.403,GUIDING_DOG,2.999,0.354,19.004,3,6,0.500,0.095,0.665
145.503,GUIDING_DOG,3.002,0.364,19.004,3,6,0.500,0.099,0.646
145.603,GUIDING_DOG,3.007,0.385,19.004,3,6,0.500,0.104,0.636
145.703,GUIDING_DOG,3.009,0.395,19.004,3,6,0.500,0.109,0.615
145.803,GUIDING_DOG,3.013,0.413,19.004,3,6,0.500,0.112,0.606
145.903,GUIDING_DOG,3.016,0.432,19.004,3,6,0.500,0.117,0.587
146.003,GUIDING_DOG,3.017,0.442,19.004,3,6,0.500,0.118,0.568
146.103,GUIDING_DOG,3.017,0.462,19.004,3,6,0.500,0.116,0.559
146.203,GUIDING_DOG,3.017,0.473,19.004,3,6,0.500,0.110,0.538
146.303,GUIDING_DOG,3.017,0.494,19.004,3,6,0.500,0.106,0.527
146.403,GUIDING_DOG,3.017,0.504,19.004,3,6,0.500,0.099,0.506
146.503,GUIDING_DOG,3.018,0.523,19.004,3,6,0.496,0.099,0.496
146.603,GUIDING_DOG,3.019,0.533,19.004,3,6,0.477,0.102,0.477
146.703,GUIDING_DOG,3.021,0.552,19.004,3,6,0.467,0.103,0.467
146.803,GUIDING_DOG,3.022,0.562,19.004,3,6,0.448,0.109,0.448
146.903,GUIDING_DOG,3.024,0.578,19.004,3,6,0.439,0.115,0.439
147.003,GUIDING_DOG,3.025,0.586,19.004,3,6,0.423,0.127,0.423
147.103,GUIDING_DOG,3.028,0.600,19.004,3,6,0.415,0.133,0.415
147.203,GUIDING_DOG,3.029,0.606,19.004,3,6,0.401,0.147,0.401
147.303,GUIDING_DOG,3.032,0.619,19.004,3,6,0.395,0.154,0.395
147.403,GUIDING_DOG,3.033,0.626,19.004,3,6,0.382,0.167,0.382
147.503,GUIDING_DOG,3.035,0.638,19.004,3,6,0.376,0.171,0.376
147.603,GUIDING_DOG,3.036,0.651,19.004,3,6,0.363,0.176,0.363
147.703,GUIDING_DOG,3.036,0.656,19.004,3,6,0.351,0.179,0.351
147.803,GUIDING_DOG,3.036,0.668,19.004,3,6,0.346,0.178,0.346
147.903,GUIDING_DOG,3.035,0.674,19.004,3,6,0.334,0.164,0.334
148.003,GUIDING_DOG,3.034,0.687,19.004,3,6,0.328,0.154,0.328
148.103,GUIDING_DOG,3.034,0.693,19.004,3,6,0.315,0.144,0.315
148.203,GUIDING_DOG,3.036,0.705,19.004,3,6,0.309,0.145,0.309
148.303,GUIDING_DOG,3.037,0.712,19.004,4,6,0.000,-2.000,1.986
148.403,GUIDING_DOG,3.037,0.724,19.004,4,6,0.000,-2.000,1.984
148.503,GUIDING_DOG,3.037,0.731,19.004,4,6,0.000,-2.000,1.982
148.603,GUIDING_DOG,3.036,0.744,19.004,4,6,0.000,-2.000,1.982
148.703,GUIDING_DOG,3.036,0.752,19.004,4,6,0.000,-2.000,1.981
148.803,GUIDING_DOG,3.040,0.768,19.004,4,6,0.000,-2.000,1.980
148.903,GUIDING_DOG,3.042,0.777,19.004,4,6,0.000,-2.000,1.974
149.003,GUIDING_DOG,3.048,0.798,19.004,4,6,0.000,-2.000,1.970
149.103,GUIDING_DOG,3.051,0.822,19.004,4,6,0.000,-2.000,1.962
149.203,GUIDING_DOG,3.051,0.834,19.004,4,6,0.000,-2.000,1.958
149.305,GUIDING_DOG,3.050,0.863,19.004,4,6,0.000,-2.000,1.956
149.403,GUIDING_DOG,3.050,0.876,19.004,4,6,0.000,-2.000,1.955
149.503,GUIDING_DOG,3.052,0.899,19.004,4,6,0.000,-2.000,1.954
149.603,GUIDING_DOG,3.053,0.909,19.004,4,6,0.000,-2.000,1.950
149.703,GUIDING_DOG,3.053,0.924,19.004,4,6,0.000,-2.000,1.949
149.803,GUIDING_DOG,3.053,0.938,19.004,4,6,0.000,-1.868,1.948
149.903,GUIDING_DOG,3.052,0.944,19.004,4,6,0.000,-1.734,1.948
150.003,GUIDING_DOG,3.049,0.956,19.004,4,6,0.000,-1.669,1.949
150.103,GUIDING_DOG,3.046,0.961,19.004,4,6,0.000,-1.546,1.952
150.203,GUIDING_DOG,3.041,0.974,19.004,4,6,0.000,-1.483,1.954
150.303,GUIDING_DOG,3.038,0.980,19.004,4,6,0.000,-1.366,1.960
150.403,GUIDING_DOG,3.031,0.989,19.004,4,6,0.000,-1.312,1.962
150.503,GUIDING_DOG,3.027,0.992,19.004,4,6,0.000,-1.212,1.969
150.603,GUIDING_DOG,3.020,0.999,19.004,4,6,0.000,-1.166,1.973
150.703,GUIDING_DOG,3.014,1.004,19.004,4,6,0.000,-1.077,1.980
150.803,GUIDING_DOG,3.011,1.006,19.004,4,6,0.000,-1.008,1.986
150.903,GUIDING_DOG,3.006,1.011,19.004,4,6,0.000,-0.972,1.989
151.003,GUIDING_DOG,3.004,1.013,19.004,4,6,0.000,-0.898,1.994
151.103,GUIDING_DOG,3.000,1.016,19.004,4,6,0.000,-0.861,1.996
151.207,GUIDING_DOG,2.997,1.019,19.004,4,6,0.000,-0.795,2.000
151.303,GUIDING_DOG,2.996,1.021,19.004,4,6,0.000,-0.733,2.003
151.403,GUIDING_DOG,2.994,1.024,19.003,4,6,0.000,-0.704,2.004
151.503,GUIDING_DOG,2.993,1.025,19.003,4,6,0.000,-0.648,2.006
151.603,GUIDING_DOG,2.991,1.027,19.003,4,6,0.000,-0.621,2.007
151.703,GUIDING_DOG,2.990,1.029,19.003,4,6,0.500,-0.572,2.009
151.803,GUIDING_DOG,2.990,1.030,19.003,4,6,0.500,-0.524,2.010
151.903,GUIDING_DOG,2.994,1.033,19.003,4,6,0.500,-0.502,2.010
152.003,GUIDING_DOG,3.000,1.038,19.003,4,6,0.500,-0.460,2.006
152.103,GUIDING_DOG,3.004,1.041,19.003,4,6,0.500,-0.420,2.000
152.203,GUIDING_DOG,3.014,1.048,19.003,4,6,0.500,-0.402,1.996
152.304,GUIDING_DOG,3.024,1.055,19.003,4,6,0.500,-0.368,1.987
152.403,GUIDING_DOG,3.030,1.059,19.003,4,6,0.500,-0.337,1.976
152.503,GUIDING_DOG,3.043,1.067,19.003,4,6,0.500,-0.324,1.971
152.603,GUIDING_DOG,3.056,1.075,19.003,4,6,0.500,-0.302,1.958
152.705,GUIDING_DOG,3.063,1.080,19.003,4,6,0.500,-0.285,1.945
152.803,GUIDING_DOG,3.077,1.089,19.003,4,6,0.500,-0.282,1.939
152.903,GUIDING_DOG,3.085,1.094,19.003,4,6,0.500,-0.271,1.925
153.003,GUIDING_DOG,3.101,1.103,19.003,4,6,0.500,-0.260,1.917
153.103,GUIDING_DOG,3.118,1.113,19.003,4,6,0.500,-0.240,1.901
153.203,GUIDING_DOG,3.127,1.117,19.003,4,6,0.500,-0.220,1.885
153.303,GUIDING_DOG,3.146,1.126,19.003,4,6,0.500,-0.213,1.877
153.403,GUIDING_DOG,3.156,1.131,19.003,4,6,0.500,-0.209,1.859
153.503,GUIDING_DOG,3.175,1.140,19.003,4,6,0.500,-0.206,1.849
153.603,GUIDING_DOG,3.185,1.144,19.003,4,6,0.500,-0.198,1.830
153.703,GUIDING_DOG,3.202,1.149,19.003,4,6,0.500,-0.195,1.821
153.803,GUIDING_DOG,3.220,1.152,19.003,4,6,0.500,-0.192,1.804
153.903,GUIDING_DOG,3.229,1.153,19.003,4,6,0.500,-0.185,1.787
154.003,GUIDING_DOG,3.248,1.153,19.003,4,6,0.500,-0.180,1.777
154.103,GUIDING_DOG,3.256,1.154,19.003,4,6,0.500,-0.167,1.759
154.203,GUIDING_DOG,3.274,1.154,19.003,4,6,0.500,-0.161,1.750
154.303,GUIDING_DOG,3.293,1.156,19.003,4,6,0.500,-0.152,1.733
154.404,GUIDING_DOG,3.302,1.156,19.003,4,6,0.500,-0.145,1.715
154.503,GUIDING_DOG,3.320,1.157,19.003,4,6,0.500,-0.141,1.705
154.603,GUIDING_DOG,3.330,1.158,19.003,4,6,0.500,-0.133,1.687
154.703,GUIDING_DOG,3.347,1.160,19.003,4,6,0.500,-0.131,1.678
154.803,GUIDING_DOG,3.355,1.161,19.003,4,6,0.500,-0.128,1.661
154.903,GUIDING_DOG,3.372,1.161,19.003,4,6,0.500,-0.124,1.653
155.003,GUIDING_DOG,3.389,1.160,19.003,4,6,0.500,-0.110,1.636
155.103,GUIDING_DOG,3.398,1.159,19.003,4,6,0.500,-0.094,1.619
155.203,GUIDING_DOG,3.415,1.157,19.003,4,6,0.500,-0.086,1.610
155.303,GUIDING_DOG,3.424,1.156,19.003,4,6,0.500,-0.075,1.593
155.403,GUIDING_DOG,3.441,1.154,19.003,4,6,0.500,-0.074,1.584
155.503,GUIDING_DOG,3.457,1.153,19.003,4,6,0.500,-0.074,1.567
155.603,GUIDING_DOG,3.465,1.154,19.003,4,6,0.500,-0.078,1.550
155.703,GUIDING_DOG,3.481,1.155,19.003,4,6,0.500,-0.080,1.543
155.803,GUIDING_DOG,3.490,1.156,19.003,4,6,0.500,-0.085,1.527
155.903,GUIDING_DOG,3.508,1.158,19.003,4,6,0.500,-0.087,1.518
156.003,GUIDING_DOG,3.517,1.158,19.003,4,6,0.500,-0.086,1.501
156.103,GUIDING_DOG,3.538,1.157,19.003,4,6,0.500,-0.087,1.491
156.203,GUIDING_DOG,3.559,1.155,19.003,4,6,0.500,-0.092,1.471
156.303,GUIDING_DOG,3.569,1.154,19.003,4,6,0.500,-0.092,1.449
156.403,GUIDING_DOG,3.590,1.153,19.003,4,6,0.500,-0.092,1.439
156.503,GUIDING_DOG,3.600,1.153,19.003,4,6,0.500,-0.094,1.419
156.603,GUIDING_DOG,3.622,1.153,19.003,4,6,0.500,-0.095,1.408
156.703,GUIDING_DOG,3.634,1.153,19.003,4,6,0.500,-0.096,1.386
156.803,GUIDING_DOG,3.656,1.153,19.003,4,6,0.500,-0.096,1.375
156.903,GUIDING_DOG,3.666,1.153,19.003,4,6,0.500,-0.095,1.353
157.003,GUIDING_DOG,3.685,1.153,19.003,4,6,0.500,-0.094,1.343
157.103,GUIDING_DOG,3.704,1.152,19.003,4,6,0.500,-0.091,1.324
157.204,GUIDING_DOG,3.713,1.151,19.003,4,6,0.500,-0.080,1.305
157.303,GUIDING_DOG,3.731,1.148,19.003,4,6,0.500,-0.074,1.296
157.403,GUIDING_DOG,3.740,1.146,19.003,4,6,0.500,-0.060,1.278
157.503,GUIDING_DOG,3.757,1.142,19.003,4,6,0.500,-0.053,1.269
157.603,GUIDING_DOG,3.774,1.138,19.003,4,6,0.500,-0.037,1.251
157.703,GUIDING_DOG,3.783,1.136,19.003,4,6,0.500,-0.024,1.233
157.803,GUIDING_DOG,3.798,1.132,19.003,4,6,0.500,-0.019,1.225
157.905,GUIDING_DOG,3.806,1.130,19.003,4,6,0.500,-0.011,1.209
158.003,GUIDING_DOG,3.820,1.127,19.003,4,6,0.500,-0.009,1.201
158.103,GUIDING_DOG,3.827,1.126,19.003,4,6,0.500,-0.009,1.187
158.203,GUIDING_DOG,3.842,1.126,19.003,4,6,0.500,-0.013,1.180
158.303,GUIDING_DOG,3.858,1.124,19.003,4,6,0.500,-0.017,1.165
158.403,GUIDING_DOG,3.867,1.123,19.003,4,6,0.500,-0.017,1.148
158.503,GUIDING_DOG,3.885,1.119,19.003,4,6,0.500,-0.016,1.140
158.604,GUIDING_DOG,3.894,1.116,19.003,4,6,0.500,-0.012,1.121
158.706,GUIDING_DOG,3.912,1.111,19.003,4,6,0.500,-0.010,1.112
158.803,GUIDING_DOG,3.921,1.109,19.003,4,6,0.500,-0.011,1.094
158.903,GUIDING_DOG,3.940,1.105,19.003,4,6,0.500,-0.011,1.084
159.003,GUIDING_DOG,3.950,1.103,19.003,4,6,0.500,-0.010,1.065
159.103,GUIDING_DOG,3.971,1.100,19.003,4,6,0.500,-0.010,1.055
159.203,GUIDING_DOG,3.981,1.099,19.003,4,6,0.500,-0.010,1.034
159.303,GUIDING_DOG,4.003,1.097,19.003,4,6,0.500,-0.011,1.023
159.403,GUIDING_DOG,4.013,1.096,19.003,4,6,0.500,-0.012,1.002
159.503,GUIDING_DOG,4.032,1.094,19.003,4,6,0.500,-0.012,0.992
159.603,GUIDING_DOG,4.052,1.093,19.003,4,6,0.500,-0.011,0.972
159.703,GUIDING_DOG,4.062,1.092,19.003,4,6,0.500,-0.008,0.952
159.803,GUIDING_DOG,4.072,1.091,19.003,4,6,0.500,-0.007,0.942
159.903,GUIDING_DOG,4.091,1.089,19.003,4,6,0.500,-0.006,0.933
160.003,GUIDING_DOG,4.110,1.086,19.003,4,6,0.500,-0.003,0.913
160.105,GUIDING_DOG,4.118,1.085,19.003,4,6,0.500,0.002,0.895
160.206,GUIDING_DOG,4.135,1.082,19.003,4,6,0.500,0.005,0.886
160.303,GUIDING_DOG,4.143,1.080,19.003,4,6,0.500,0.009,0.869
160.403,GUIDING_DOG,4.159,1.078,19.003,4,6,0.500,0.011,0.861
160.503,GUIDING_DOG,4.167,1.077,19.003,4,6,0.500,0.016,0.844
160.603,GUIDING_DOG,4.183,1.075,19.003,4,6,0.500,0.018,0.836
160.703,GUIDING_DOG,4.190,1.074,19.003,4,6,0.500,0.022,0.821
160.803,GUIDING_DOG,4.204,1.072,19.003,4,6,0.500,0.024,0.813
160.903,GUIDING_DOG,4.211,1.071,19.003,4,6,0.500,0.027,0.799
161.003,GUIDING_DOG,4.225,1.068,19.003,4,6,0.500,0.029,0.792
161.103,GUIDING_DOG,4.239,1.063,19.003,4,6,0.500,0.029,0.778
161.206,GUIDING_DOG,4.247,1.061,19.003,4,6,0.500,0.027,0.763
161.306,GUIDING_DOG,4.262,1.057,19.003,4,6,0.500,0.029,0.756
161.403,GUIDING_DOG,4.271,1.056,19.003,4,6,0.500,0.031,0.740
161.503,GUIDING_DOG,4.289,1.053,19.003,4,6,0.500,0.032,0.731
161.605,GUIDING_DOG,4.298,1.052,19.003,4,6,0.500,0.027,0.713
161.703,GUIDING_DOG,4.317,1.050,19.003,4,6,0.500,0.024,0.704
161.803,GUIDING_DOG,4.326,1.050,19.003,4,6,0.500,0.017,0.685
161.905,GUIDING_DOG,4.345,1.048,19.003,4,6,0.500,0.014,0.676
162.005,GUIDING_DOG,4.354,1.048,19.003,4,6,0.500,0.010,0.657
162.104,GUIDING_DOG,4.374,1.047,19.003,4,6,0.500,0.009,0.647
162.203,GUIDING_DOG,4.385,1.046,19.003,4,6,0.500,0.006,0.628
162.303,GUIDING_DOG,4.406,1.045,19.003,4,6,0.500,0.005,0.617
162.403,GUIDING_DOG,4.416,1.045,19.003,4,6,0.500,0.001,0.596
162.503,GUIDING_DOG,4.436,1.044,19.003,4,6,0.500,-0.001,0.586
162.603,GUIDING_DOG,4.446,1.043,19.003,4,6,0.500,-0.002,0.566
162.703,GUIDING_DOG,4.465,1.042,19.003,4,6,0.500,-0.002,0.556
162.803,GUIDING_DOG,4.484,1.042,19.003,4,6,0.500,-0.003,0.537
162.905,GUIDING_DOG,4.494,1.043,19.003,4,6,0.500,-0.010,0.517
163.006,GUIDING_DOG,4.514,1.043,19.003,4,6,0.500,-0.015,0.507
163.103,GUIDING_DOG,4.524,1.043,19.003,4,6,0.488,-0.020,0.488
163.203,GUIDING_DOG,4.542,1.042,19.003,4,6,0.478,-0.020,0.478
163.303,GUIDING_DOG,4.552,1.042,19.003,4,6,0.459,-0.018,0.459
163.403,GUIDING_DOG,4.569,1.040,19.003,4,6,0.450,-0.014,0.450
163.503,GUIDING_DOG,4.577,1.040,19.003,4,6,0.433,-0.008,0.433
163.603,GUIDING_DOG,4.593,1.038,19.003,4,6,0.425,-0.005,0.425
163.703,GUIDING_DOG,4.607,1.036,19.003,4,6,0.409,0.002,0.409
163.805,GUIDING_DOG,4.615,1.036,19.002,4,6,0.394,0.009,0.394
163.903,GUIDING_DOG,4.629,1.035,19.002,4,6,0.387,0.010,0.387
164.003,GUIDING_DOG,4.635,1.036,19.002,4,6,0.373,0.004,0.373
164.103,GUIDING_DOG,4.649,1.039,19.002,4,6,0.366,-0.004,0.366
164.203,GUIDING_DOG,4.656,1.040,19.002,4,6,0.353,-0.031,0.353
164.303,GUIDING_DOG,4.671,1.043,19.002,4,6,0.346,-0.049,0.346
164.403,GUIDING_DOG,4.678,1.043,19.002,4,6,0.332,-0.079,0.332
164.503,GUIDING_DOG,4.695,1.044,19.002,4,6,0.324,-0.091,0.324
164.603,GUIDING_DOG,4.712,1.046,19.002,4,6,0.308,-0.114,0.308
164.703,GUIDING_DOG,4.720,1.047,19.002,5,6,0.000,2.000,3.965
164.803,GUIDING_DOG,4.735,1.049,19.002,5,6,0.000,2.000,3.963
164.903,GUIDING_DOG,4.742,1.051,19.002,5,6,0.000,2.000,3.959
165.003,GUIDING_DOG,4.752,1.054,19.002,5,6,0.000,2.000,3.958
165.103,GUIDING_DOG,4.757,1.057,19.002,5,6,0.000,2.000,3.954
165.203,GUIDING_DOG,4.765,1.061,19.002,5,6,0.000,2.000,3.951
165.303,GUIDING_DOG,4.769,1.064,19.002,5,6,0.000,2.000,3.946
165.404,GUIDING_DOG,4.774,1.069,19.002,5,6,0.000,2.000,3.943
165.503,GUIDING_DOG,4.777,1.072,19.002,5,6,0.000,2.000,3.938
165.603,GUIDING_DOG,4.780,1.079,19.002,5,6,0.000,2.000,3.934
165.703,GUIDING_DOG,4.780,1.082,19.002,5,6,0.000,2.000,3.928
165.803,GUIDING_DOG,4.780,1.088,19.002,5,6,0.000,2.000,3.924
165.903,GUIDING_DOG,4.780,1.091,19.002,5,6,0.000,2.000,3.918
166.003,GUIDING_DOG,4.779,1.098,19.002,5,6,0.000,2.000,3.915
166.103,GUIDING_DOG,4.778,1.101,19.002,5,6,0.000,1.969,3.909
166.203,GUIDING_DOG,4.775,1.108,19.002,5,6,0.000,1.898,3.905
166.303,GUIDING_DOG,4.774,1.112,19.002,5,6,0.000,1.760,3.898
166.403,GUIDING_DOG,4.769,1.120,19.002,5,6,0.000,1.692,3.895
166.503,GUIDING_DOG,4.767,1.124,19.002,5,6,0.000,1.563,3.887
166.603,GUIDING_DOG,4.761,1.133,19.002,5,6,0.000,1.504,3.883
166.703,GUIDING_DOG,4.758,1.137,19.002,5,6,0.000,1.386,3.874
166.803,GUIDING_DOG,4.752,1.145,19.002,5,6,0.000,1.329,3.870
166.903,GUIDING_DOG,4.748,1.152,19.002,5,6,0.000,1.220,3.863
167.003,GUIDING_DOG,4.746,1.156,19.002,5,6,0.000,1.105,3.856
167.103,GUIDING_DOG,4.743,1.161,19.002,5,6,0.000,1.051,3.853
167.203,GUIDING_DOG,4.742,1.164,19.002,5,6,0.000,0.950,3.847
167.303,GUIDING_DOG,4.740,1.167,19.002,5,6,0.000,0.903,3.845
167.403,GUIDING_DOG,4.739,1.169,19.002,5,6,0.000,0.817,3.841
167.503,GUIDING_DOG,4.737,1.171,19.002,5,6,0.000,0.776,3.840
167.603,GUIDING_DOG,4.735,1.172,19.002,5,6,0.000,0.700,3.838
167.703,GUIDING_DOG,4.735,1.173,19.002,5,6,0.000,0.633,3.837
167.803,GUIDING_DOG,4.733,1.174,19.002,5,6,0.000,0.604,3.836
167.903,GUIDING_DOG,4.730,1.175,19.002,5,6,0.500,0.553,3.836
168.005,GUIDING_DOG,4.729,1.177,19.002,5,6,0.500,0.510,3.834
168.103,GUIDING_DOG,4.729,1.184,19.002,5,6,0.500,0.490,3.832
168.203,GUIDING_DOG,4.729,1.194,19.002,5,6,0.500,0.450,3.826
168.303,GUIDING_DOG,4.729,1.200,19.002,5,6,0.500,0.412,3.816
168.403,GUIDING_DOG,4.730,1.214,19.002,5,6,0.500,0.391,3.810
168.503,GUIDING_DOG,4.730,1.221,19.002,5,6,0.500,0.352,3.796
168.603,GUIDING_DOG,4.732,1.235,19.002,5,6,0.500,0.333,3.789
168.703,GUIDING_DOG,4.733,1.251,19.002,5,6,0.500,0.298,3.774
168.803,GUIDING_DOG,4.733,1.259,19.002,5,6,0.500,0.271,3.759
168.903,GUIDING_DOG,4.734,1.278,19.002,5,6,0.500,0.254,3.750
169.003,GUIDING_DOG,4.736,1.296,19.002,5,6,0.500,0.218,3.732
169.103,GUIDING_DOG,4.736,1.305,19.002,5,6,0.500,0.191,3.713
169.203,GUIDING_DOG,4.737,1.323,19.002,5,6,0.500,0.181,3.705
169.303,GUIDING_DOG,4.738,1.342,19.002,5,6,0.500,0.167,3.687
169.403,GUIDING_DOG,4.738,1.352,19.002,5,6,0.500,0.150,3.668
169.503,GUIDING_DOG,4.739,1.372,19.002,5,6,0.500,0.141,3.658
169.603,GUIDING_DOG,4.740,1.381,19.002,5,6,0.500,0.122,3.638
169.703,GUIDING_DOG,4.742,1.400,19.002,5,6,0.500,0.113,3.628
169.803,GUIDING_DOG,4.745,1.419,19.002,5,6,0.500,0.097,3.609
169.903,GUIDING_DOG,4.747,1.439,19.002,5,6,0.500,0.083,3.590
170.003,GUIDING_DOG,4.748,1.449,19.002,5,6,0.500,0.068,3.570
170.103,GUIDING_DOG,4.750,1.468,19.002,5,6,0.500,0.061,3.559
170.203,GUIDING_DOG,4.751,1.478,19.002,5,6,0.500,0.051,3.540
170.304,GUIDING_DOG,4.753,1.495,19.002,5,6,0.500,0.050,3.531
170.403,GUIDING_DOG,4.755,1.514,19.002,5,6,0.500,0.050,3.513
170.503,GUIDING_DOG,4.758,1.533,19.002,5,6,0.500,0.050,3.495
170.603,GUIDING_DOG,4.760,1.542,19.002,5,6,0.500,0.050,3.476
170.703,GUIDING_DOG,4.764,1.560,19.002,5,6,0.500,0.050,3.466
170.803,GUIDING_DOG,4.768,1.577,19.002,5,6,0.500,0.047,3.448
170.903,GUIDING_DOG,4.769,1.586,19.002,5,6,0.500,0.040,3.431
171.003,GUIDING_DOG,4.773,1.602,19.002,5,6,0.500,0.036,3.422
171.103,GUIDING_DOG,4.774,1.610,19.002,5,6,0.500,0.027,3.406
171.203,GUIDING_DOG,4.775,1.625,19.002,5,6,0.500,0.022,3.398
171.303,GUIDING_DOG,4.775,1.640,19.002,5,6,0.500,0.015,3.383
171.403,GUIDING_DOG,4.774,1.648,19.002,5,6,0.500,0.011,3.367
171.503,GUIDING_DOG,4.773,1.665,19.002,5,6,0.500,0.011,3.360
171.603,GUIDING_DOG,4.773,1.684,19.002,5,6,0.500,0.007,3.343
171.703,GUIDING_DOG,4.773,1.693,19.002,5,6,0.500,-0.001,3.324
171.803,GUIDING_DOG,4.775,1.714,19.002,5,6,0.500,-0.005,3.314
171.903,GUIDING_DOG,4.777,1.733,19.002,5,6,0.500,-0.010,3.294
172.003,GUIDING_DOG,4.778,1.743,19.002,5,6,0.500,-0.016,3.275
172.103,GUIDING_DOG,4.780,1.763,19.002,5,6,0.500,-0.019,3.265
172.203,GUIDING_DOG,4.781,1.784,19.002,5,6,0.500,-0.022,3.245
172.303,GUIDING_DOG,4.782,1.795,19.002,5,6,0.500,-0.023,3.224
172.403,GUIDING_DOG,4.783,1.817,19.002,5,6,0.500,-0.023,3.213
172.503,GUIDING_DOG,4.784,1.839,19.002,5,6,0.500,-0.024,3.190
172.603,GUIDING_DOG,4.784,1.849,19.002,5,6,0.500,-0.026,3.169
172.703,GUIDING_DOG,4.784,1.869,19.002,5,6,0.500,-0.026,3.159
172.803,GUIDING_DOG,4.785,1.889,19.002,5,6,0.500,-0.024,3.139
172.903,GUIDING_DOG,4.785,1.899,19.002,5,6,0.500,-0.020,3.119
173.003,GUIDING_DOG,4.785,1.919,19.002,5,6,0.500,-0.018,3.109
173.103,GUIDING_DOG,4.787,1.938,19.002,5,6,0.500,-0.013,3.088
173.206,GUIDING_DOG,4.788,1.947,19.002,5,6,0.500,-0.008,3.069
173.303,GUIDING_DOG,4.790,1.965,19.002,5,6,0.500,-0.007,3.060
173.403,GUIDING_DOG,4.790,1.973,19.002,5,6,0.500,-0.006,3.043
173.503,GUIDING_DOG,4.791,1.990,19.002,5,6,0.500,-0.006,3.034
173.603,GUIDING_DOG,4.792,2.007,19.002,5,6,0.500,-0.008,3.017
173.703,GUIDING_DOG,4.792,2.016,19.002,5,6,0.500,-0.011,3.000
173.805,GUIDING_DOG,4.792,2.032,19.002,5,6,0.500,-0.011,2.991
173.903,GUIDING_DOG,4.792,2.048,19.002,5,6,0.500,-0.011,2.975
174.003,GUIDING_DOG,4.793,2.057,19.002,5,6,0.500,-0.006,2.959
174.103,GUIDING_DOG,4.795,2.073,19.002,5,6,0.500,-0.003,2.951
174.205,GUIDING_DOG,4.798,2.089,19.002,5,6,0.500,0.001,2.934
174.303,GUIDING_DOG,4.799,2.097,19.002,5,6,0.500,-0.004,2.918
174.403,GUIDING_DOG,4.800,2.112,19.002,5,6,0.500,-0.005,2.910
174.503,GUIDING_DOG,4.800,2.121,19.002,5,6,0.500,-0.005,2.894
174.603,GUIDING_DOG,4.799,2.139,19.002,5,6,0.500,-0.007,2.886
174.703,GUIDING_DOG,4.798,2.157,19.002,5,6,0.500,-0.014,2.868
174.803,GUIDING_DOG,4.798,2.166,19.002,5,6,0.500,-0.017,2.850
174.903,GUIDING_DOG,4.798,2.184,19.002,5,6,0.500,-0.017,2.842
175.003,GUIDING_DOG,4.799,2.204,19.002,5,6,0.500,-0.017,2.823
175.103,GUIDING_DOG,4.800,2.214,19.002,5,6,0.500,-0.019,2.803
175.203,GUIDING_DOG,4.802,2.234,19.002,5,6,0.500,-0.020,2.793
175.303,GUIDING_DOG,4.804,2.253,19.002,5,6,0.500,-0.022,2.773
175.403,GUIDING_DOG,4.805,2.262,19.002,5,6,0.500,-0.025,2.754
175.504,GUIDING_DOG,4.805,2.279,19.002,5,6,0.500,-0.027,2.745
175.603,GUIDING_DOG,4.805,2.288,19.002,5,6,0.500,-0.031,2.727
175.703,GUIDING_DOG,4.805,2.307,19.002,5,6,0.500,-0.033,2.719
175.803,GUIDING_DOG,4.804,2.326,19.002,5,6,0.500,-0.038,2.700
175.903,GUIDING_DOG,4.803,2.335,19.002,5,6,0.500,-0.041,2.681
176.003,GUIDING_DOG,4.802,2.353,19.002,5,6,0.500,-0.041,2.672
176.104,GUIDING_DOG,4.803,2.371,19.002,5,6,0.500,-0.037,2.654
176.203,GUIDING_DOG,4.803,2.380,19.002,5,6,0.500,-0.029,2.636
176.303,GUIDING_DOG,4.805,2.398,19.002,5,6,0.500,-0.024,2.627
176.403,GUIDING_DOG,4.806,2.407,19.002,5,6,0.500,-0.015,2.609
176.504,GUIDING_DOG,4.808,2.424,19.002,5,6,0.500,-0.010,2.600
176.603,GUIDING_DOG,4.809,2.441,19.002,5,6,0.500,-0.008,2.583
176.703,GUIDING_DOG,4.809,2.457,19.002,5,6,0.500,-0.011,2.567
176.803,GUIDING_DOG,4.809,2.465,19.002,5,6,0.500,-0.018,2.551
176.905,GUIDING_DOG,4.807,2.480,19.002,5,6,0.500,-0.021,2.543
177.003,GUIDING_DOG,4.806,2.487,19.002,5,6,0.500,-0.025,2.527
177.103,GUIDING_DOG,4.806,2.502,19.002,5,6,0.500,-0.025,2.520
177.206,GUIDING_DOG,4.808,2.519,19.002,5,6,0.500,-0.019,2.505
177.303,GUIDING_DOG,4.808,2.527,19.002,5,6,0.500,-0.024,2.489
177.403,GUIDING_DOG,4.808,2.544,19.002,5,6,0.500,-0.024,2.480
177.503,GUIDING_DOG,4.806,2.563,19.002,5,6,0.500,-0.024,2.464
177.603,GUIDING_DOG,4.805,2.574,19.002,5,6,0.500,-0.029,2.445
177.706,GUIDING_DOG,4.803,2.594,19.002,5,6,0.500,-0.031,2.434
177.803,GUIDING_DOG,4.803,2.603,19.002,5,6,0.500,-0.038,2.414
177.903,GUIDING_DOG,4.802,2.622,19.002,5,6,0.500,-0.039,2.405
178.003,GUIDING_DOG,4.802,2.642,19.002,5,6,0.500,-0.038,2.386
178.103,GUIDING_DOG,4.802,2.652,19.002,5,6,0.500,-0.038,2.367
178.203,GUIDING_DOG,4.804,2.673,19.002,5,6,0.500,-0.038,2.356
178.303,GUIDING_DOG,4.805,2.693,19.002,5,6,0.500,-0.038,2.336
178.403,GUIDING_DOG,4.806,2.703,19.002,5,6,0.500,-0.036,2.315
178.503,GUIDING_DOG,4.806,2.722,19.002,5,6,0.500,-0.035,2.305
178.603,GUIDING_DOG,4.805,2.742,19.002,5,6,0.500,-0.038,2.286
178.703,GUIDING_DOG,4.804,2.751,19.002,5,6,0.500,-0.038,2.267
178.804,GUIDING_DOG,4.804,2.770,19.002,5,6,0.500,-0.037,2.257
178.903,GUIDING_DOG,4.804,2.779,19.002,5,6,0.500,-0.031,2.238
179.003,GUIDING_DOG,4.804,2.798,19.002,5,6,0.500,-0.027,2.229
179.103,GUIDING_DOG,4.805,2.816,19.002,5,6,0.500,-0.017,2.211
179.203,GUIDING_DOG,4.805,2.824,19.002,5,6,0.500,-0.010,2.193
179.303,GUIDING_DOG,4.804,2.840,19.002,5,6,0.500,-0.010,2.185
179.403,GUIDING_DOG,4.800,2.856,19.002,5,6,0.500,-0.013,2.169
179.503,GUIDING_DOG,4.798,2.865,19.002,5,6,0.500,-0.022,2.153
179.603,GUIDING_DOG,4.793,2.882,19.002,5,6,0.500,-0.028,2.145
179.703,GUIDING_DOG,4.791,2.890,19.002,5,6,0.500,-0.036,2.128
179.806,GUIDING_DOG,4.788,2.909,19.002,5,6,0.500,-0.038,2.120
179.903,GUIDING_DOG,4.786,2.929,19.002,5,6,0.500,-0.047,2.102
180.003,GUIDING_DOG,4.784,2.949,19.002,5,6,0.500,-0.055,2.082
180.106,GUIDING_DOG,4.783,2.959,19.002,5,6,0.500,-0.059,2.063
180.203,GUIDING_DOG,4.782,2.980,19.002,5,6,0.500,-0.062,2.053
180.303,GUIDING_DOG,4.781,2.990,19.002,5,6,0.500,-0.067,2.032
180.403,GUIDING_DOG,4.780,3.013,19.002,5,6,0.500,-0.068,2.022
180.506,GUIDING_DOG,4.779,3.035,19.002,5,6,0.500,-0.069,1.999
180.603,GUIDING_DOG,4.778,3.046,19.002,5,6,0.500,-0.071,1.977
180.703,GUIDING_DOG,4.778,3.067,19.002,5,6,0.500,-0.072,1.966
180.803,GUIDING_DOG,4.778,3.085,19.002,5,6,0.500,-0.077,1.946
180.903,GUIDING_DOG,4.778,3.094,19.002,5,6,0.500,-0.082,1.928
181.003,GUIDING_DOG,4.779,3.113,19.002,5,6,0.500,-0.081,1.919
181.103,GUIDING_DOG,4.780,3.132,19.002,5,6,0.500,-0.076,1.900
181.203,GUIDING_DOG,4.781,3.141,19.002,5,6,0.500,-0.067,1.881
181.303,GUIDING_DOG,4.783,3.158,19.002,5,6,0.500,-0.063,1.872
181.403,GUIDING_DOG,4.787,3.176,19.002,5,6,0.500,-0.054,1.854
181.503,GUIDING_DOG,4.788,3.185,19.002,5,6,0.500,-0.045,1.836
181.603,GUIDING_DOG,4.793,3.202,19.002,5,6,0.500,-0.039,1.828
181.703,GUIDING_DOG,4.798,3.218,19.002,5,6,0.500,-0.029,1.810
181.803,GUIDING_DOG,4.800,3.226,19.002,5,6,0.500,-0.020,1.793
181.903,GUIDING_DOG,4.805,3.242,19.002,5,6,0.500,-0.017,1.785
182.003,GUIDING_DOG,4.807,3.250,19.002,5,6,0.500,-0.013,1.769
182.103,GUIDING_DOG,4.810,3.264,19.002,5,6,0.500,-0.012,1.761
182.205,GUIDING_DOG,4.812,3.279,19.002,5,6,0.500,-0.010,1.746
182.303,GUIDING_DOG,4.813,3.287,19.002,5,6,0.500,-0.013,1.731
182.403,GUIDING_DOG,4.815,3.305,19.002,5,6,0.500,-0.014,1.723
182.503,GUIDING_DOG,4.817,3.324,19.002,5,6,0.500,-0.015,1.705
182.603,GUIDING_DOG,4.818,3.334,19.002,5,6,0.500,-0.017,1.686
182.703,GUIDING_DOG,4.822,3.354,19.002,5,6,0.500,-0.018,1.676
182.803,GUIDING_DOG,4.825,3.373,19.002,5,6,0.500,-0.021,1.655
182.903,GUIDING_DOG,4.826,3.382,19.002,5,6,0.500,-0.025,1.636
183.003,GUIDING_DOG,4.828,3.400,19.002,5,6,0.500,-0.028,1.627
183.103,GUIDING_DOG,4.828,3.410,19.002,5,6,0.500,-0.035,1.609
183.203,GUIDING_DOG,4.829,3.430,19.002,5,6,0.500,-0.038,1.600
183.303,GUIDING_DOG,4.830,3.449,19.002,5,6,0.500,-0.043,1.580
183.403,GUIDING_DOG,4.831,3.458,19.002,5,6,0.500,-0.043,1.560
183.503,GUIDING_DOG,4.833,3.476,19.002,5,6,0.500,-0.041,1.551
183.603,GUIDING_DOG,4.835,3.493,19.002,5,6,0.500,-0.035,1.533
183.703,GUIDING_DOG,4.839,3.511,19.002,5,6,0.500,-0.025,1.516
183.803,GUIDING_DOG,4.841,3.520,19.002,5,6,0.500,-0.014,1.497
183.903,GUIDING_DOG,4.846,3.537,19.002,5,6,0.500,-0.010,1.488
184.003,GUIDING_DOG,4.851,3.554,19.002,5,6,0.500,0.001,1.471
184.103,GUIDING_DOG,4.854,3.562,19.002,5,6,0.500,0.011,1.454
184.203,GUIDING_DOG,4.858,3.578,19.002,5,6,0.500,0.014,1.445
184.303,GUIDING_DOG,4.862,3.593,19.002,5,6,0.500,0.018,1.429
184.403,GUIDING_DOG,4.863,3.601,19.002,5,6,0.500,0.014,1.413
184.503,GUIDING_DOG,4.865,3.617,19.002,5,6,0.500,0.011,1.405
184.603,GUIDING_DOG,4.868,3.633,19.002,5,6,0.500,0.008,1.389
184.705,GUIDING_DOG,4.870,3.641,19.002,5,6,0.500,0.011,1.373
184.803,GUIDING_DOG,4.874,3.656,19.002,5,6,0.500,0.012,1.366
184.903,GUIDING_DOG,4.875,3.665,19.002,5,6,0.500,0.006,1.350
185.003,GUIDING_DOG,4.877,3.681,19.002,5,6,0.500,0.006,1.341
185.103,GUIDING_DOG,4.880,3.700,19.002,5,6,0.500,-0.001,1.324
185.203,GUIDING_DOG,4.881,3.709,19.002,5,6,0.500,-0.002,1.306
185.303,GUIDING_DOG,4.883,3.730,19.002,5,6,0.500,-0.002,1.296
185.403,GUIDING_DOG,4.885,3.741,19.002,5,6,0.500,-0.001,1.275
185.503,GUIDING_DOG,4.886,3.762,19.002,5,6,0.500,-0.002,1.264
185.603,GUIDING_DOG,4.888,3.782,19.002,5,6,0.500,-0.005,1.243
185.703,GUIDING_DOG,4.889,3.791,19.002,5,6,0.500,-0.014,1.223
185.803,GUIDING_DOG,4.891,3.811,19.002,5,6,0.500,-0.017,1.214
185.903,GUIDING_DOG,4.893,3.821,19.002,5,6,0.500,-0.021,1.194
186.003,GUIDING_DOG,4.895,3.842,19.002,5,6,0.500,-0.022,1.184
186.103,GUIDING_DOG,4.896,3.865,19.002,5,6,0.500,-0.024,1.162
186.203,GUIDING_DOG,4.897,3.877,19.002,5,6,0.500,-0.027,1.139
186.303,GUIDING_DOG,4.898,3.897,19.002,5,6,0.500,-0.029,1.128
186.403,GUIDING_DOG,4.899,3.917,19.002,5,6,0.500,-0.031,1.107
186.503,GUIDING_DOG,4.900,3.927,19.002,5,6,0.500,-0.032,1.088
186.603,GUIDING_DOG,4.900,3.947,19.002,5,6,0.500,-0.032,1.078
186.703,GUIDING_DOG,4.901,3.968,19.002,5,6,0.500,-0.032,1.057
186.803,GUIDING_DOG,4.901,3.978,19.002,5,6,0.500,-0.034,1.037
186.903,GUIDING_DOG,4.902,3.997,19.002,5,6,0.500,-0.035,1.027
187.003,GUIDING_DOG,4.902,4.006,19.002,5,6,0.500,-0.038,1.008
187.103,GUIDING_DOG,4.903,4.025,19.002,5,6,0.500,-0.038,0.999
187.203,GUIDING_DOG,4.903,4.045,19.002,5,6,0.500,-0.042,0.979
187.303,GUIDING_DOG,4.903,4.055,19.002,5,6,0.500,-0.049,0.960
187.405,GUIDING_DOG,4.904,4.073,19.002,5,6,0.500,-0.052,0.950
187.503,GUIDING_DOG,4.905,4.091,19.002,5,6,0.500,-0.048,0.932
187.603,GUIDING_DOG,4.907,4.110,19.002,5,6,0.500,-0.040,0.914
187.703,GUIDING_DOG,4.908,4.119,19.002,5,6,0.500,-0.032,0.895
187.803,GUIDING_DOG,4.910,4.137,19.002,5,6,0.500,-0.030,0.886
187.903,GUIDING_DOG,4.912,4.156,19.002,5,6,0.500,-0.027,0.867
188.003,GUIDING_DOG,4.914,4.165,19.002,5,6,0.500,-0.023,0.849
188.105,GUIDING_DOG,4.918,4.183,19.002,5,6,0.500,-0.020,0.839
188.203,GUIDING_DOG,4.920,4.192,19.002,5,6,0.500,-0.016,0.821
188.303,GUIDING_DOG,4.923,4.209,19.002,5,6,0.500,-0.016,0.812
188.403,GUIDING_DOG,4.924,4.226,19.002,5,6,0.500,-0.015,0.795
188.503,GUIDING_DOG,4.924,4.236,19.002,5,6,0.500,-0.016,0.778
188.603,GUIDING_DOG,4.924,4.255,19.002,5,6,0.500,-0.020,0.768
188.703,GUIDING_DOG,4.924,4.273,19.002,5,6,0.500,-0.031,0.749
188.803,GUIDING_DOG,4.924,4.283,19.002,5,6,0.500,-0.040,0.731
188.905,GUIDING_DOG,4.923,4.302,19.002,5,6,0.500,-0.043,0.721
189.003,GUIDING_DOG,4.923,4.312,19.002,5,6,0.500,-0.051,0.702
189.103,GUIDING_DOG,4.923,4.332,19.002,5,6,0.500,-0.054,0.692
189.203,GUIDING_DOG,4.923,4.351,19.002,5,6,0.500,-0.064,0.672
189.306,GUIDING_DOG,4.923,4.361,19.002,5,6,0.500,-0.074,0.653
189.403,GUIDING_DOG,4.924,4.379,19.002,5,6,0.500,-0.077,0.644
189.503,GUIDING_DOG,4.924,4.388,19.002,5,6,0.500,-0.083,0.626
189.603,GUIDING_DOG,4.924,4.408,19.002,5,6,0.500,-0.086,0.616
189.703,GUIDING_DOG,4.924,4.429,19.002,5,6,0.500,-0.092,0.597
189.803,GUIDING_DOG,4.923,4.439,19.002,5,6,0.500,-0.101,0.576
189.903,GUIDING_DOG,4.923,4.459,19.002,5,6,0.500,-0.106,0.566
190.003,GUIDING_DOG,4.923,4.478,19.002,5,6,0.500,-0.113,0.546
190.103,GUIDING_DOG,4.923,4.487,19.002,5,6,0.500,-0.113,0.528
190.204,GUIDING_DOG,4.924,4.505,19.002,5,6,0.500,-0.113,0.519
190.303,GUIDING_DOG,4.925,4.514,19.002,5,6,0.500,-0.106,0.501
190.403,GUIDING_DOG,4.927,4.531,19.002,5,6,0.492,-0.103,0.492
190.503,GUIDING_DOG,4.930,4.548,19.002,5,6,0.474,-0.092,0.474
190.603,GUIDING_DOG,4.932,4.557,19.002,5,6,0.457,-0.077,0.457
190.703,GUIDING_DOG,4.936,4.574,19.002,5,6,0.448,-0.068,0.448
190.803,GUIDING_DOG,4.938,4.582,19.002,5,6,0.431,-0.052,0.431
190.903,GUIDING_DOG,4.941,4.597,19.002,5,6,0.423,-0.046,0.423
191.003,GUIDING_DOG,4.944,4.611,19.002,5,6,0.407,-0.039,0.407
191.103,GUIDING_DOG,4.945,4.625,19.002,5,6,0.393,-0.037,0.393
191.203,GUIDING_DOG,4.945,4.631,19.002,5,6,0.379,-0.039,0.379
191.303,GUIDING_DOG,4.945,4.643,19.002,5,6,0.373,-0.041,0.373
191.403,GUIDING_DOG,4.944,4.655,19.002,5,6,0.361,-0.051,0.361
191.505,GUIDING_DOG,4.943,4.661,19.002,5,6,0.350,-0.067,0.350
191.603,GUIDING_DOG,4.942,4.673,19.002,5,6,0.344,-0.079,0.344
191.703,GUIDING_DOG,4.942,4.679,19.002,5,6,0.332,-0.099,0.332
191.803,GUIDING_DOG,4.943,4.692,19.002,5,6,0.326,-0.105,0.326
191.903,GUIDING_DOG,4.943,4.704,19.002,5,6,0.314,-0.110,0.314
192.003,GUIDING_DOG,4.943,4.711,19.002,5,6,0.301,-0.116,0.301
192.103,SUCCESS,4.941,4.725,19.001,6,6,0.000,0.000,0.000
192.211,SUCCESS,4.939,4.732,19.001,6,6,0.000,0.000,0.000
192.312,SUCCESS,4.938,4.744,19.001,6,6,0.000,0.000,0.000
192.413,SUCCESS,4.938,4.750,19.001,6,6,0.000,0.000,0.000
192.630,SUCCESS,4.938,4.750,19.001,6,6,0.000,0.000,0.000
192.738,SUCCESS,4.935,4.772,19.001,6,6,0.000,0.000,0.000
192.863,SUCCESS,4.935,4.772,19.001,6,6,0.000,0.000,0.000
192.971,SUCCESS,4.934,4.776,19.001,6,6,0.000,0.000,0.000
193.093,SUCCESS,4.932,4.779,19.001,6,6,0.000,0.000,0.000
193.111,SUCCESS,4.925,4.787,19.001,6,6,0.000,0.000,0.000
193.206,SUCCESS,4.924,4.789,19.001,6,6,0.000,0.000,0.000
193.304,SUCCESS,4.922,4.791,19.001,6,6,0.000,0.000,0.000
193.417,SUCCESS,4.922,4.792,19.001,6,6,0.000,0.000,0.000
193.509,SUCCESS,4.920,4.794,19.001,6,6,0.000,0.000,0.000
193.606,SUCCESS,4.919,4.794,19.001,6,6,0.000,0.000,0.000
193.713,SUCCESS,4.917,4.795,19.001,6,6,0.000,0.000,0.000
193.807,SUCCESS,4.913,4.796,19.001,6,6,0.000,0.000,0.000
193.931,SUCCESS,4.911,4.797,19.001,6,6,0.000,0.000,0.000
194.021,SUCCESS,4.905,4.798,19.001,6,6,0.000,0.000,0.000
194.120,SUCCESS,4.903,4.799,19.001,6,6,0.000,0.000,0.000
194.231,SUCCESS,4.898,4.800,19.001,6,6,0.000,0.000,0.000
194.303,SUCCESS,4.895,4.800,19.001,6,6,0.000,0.000,0.000
194.414,SUCCESS,4.891,4.800,19.001,6,6,0.000,0.000,0.000
194.504,SUCCESS,4.887,4.800,19.001,6,6,0.000,0.000,0.000
194.605,SUCCESS,4.885,4.800,19.001,6,6,0.000,0.000,0.000
194.704,SUCCESS,4.883,4.800,19.001,6,6,0.000,0.000,0.000
194.807,SUCCESS,4.878,4.801,19.001,6,6,0.000,0.000,0.000
194.959,SUCCESS,4.872,4.803,19.001,6,6,0.000,0.000,0.000
195.006,SUCCESS,4.869,4.804,19.001,6,6,0.000,0.000,0.000
195.108,SUCCESS,4.865,4.805,19.001,6,6,0.000,0.000,0.000
195.204,SUCCESS,4.863,4.806,19.001,6,6,0.000,0.000,0.000
195.308,SUCCESS,4.859,4.807,19.001,6,6,0.000,0.000,0.000
195.406,SUCCESS,4.858,4.807,19.001,6,6,0.000,0.000,0.000
195.504,SUCCESS,4.856,4.807,19.001,6,6,0.000,0.000,0.000
195.604,SUCCESS,4.855,4.807,19.001,6,6,0.000,0.000,0.000
195.705,SUCCESS,4.854,4.808,19.001,6,6,0.000,0.000,0.000
195.805,SUCCESS,4.853,4.808,19.001,6,6,0.000,0.000,0.000
195.907,SUCCESS,4.852,4.807,19.001,6,6,0.000,0.000,0.000
196.008,SUCCESS,4.851,4.807,19.001,6,6,0.000,0.000,0.000
196.104,SUCCESS,4.850,4.807,19.001,6,6,0.000,0.000,0.000
196.204,SUCCESS,4.849,4.808,19.001,6,6,0.000,0.000,0.000
196.305,SUCCESS,4.848,4.808,19.001,6,6,0.000,0.000,0.000
196.403,SUCCESS,4.848,4.808,19.001,6,6,0.000,0.000,0.000
196.505,SUCCESS,4.847,4.807,19.001,6,6,0.000,0.000,0.000
196.606,SUCCESS,4.847,4.807,19.001,6,6,0.000,0.000,0.000
196.705,SUCCESS,4.847,4.807,19.001,6,6,0.000,0.000,0.000
196.804,SUCCESS,4.847,4.807,19.001,6,6,0.000,0.000,0.000
196.905,SUCCESS,4.847,4.807,19.001,6,6,0.000,0.000,0.000
197.004,SUCCESS,4.847,4.808,19.001,6,6,0.000,0.000,0.000
197.104,SUCCESS,4.846,4.808,19.001,6,6,0.000,0.000,0.000
197.204,SUCCESS,4.846,4.809,19.001,6,6,0.000,0.000,0.000
197.303,SUCCESS,4.846,4.809,19.001,6,6,0.000,0.000,0.000
197.406,SUCCESS,4.845,4.810,19.001,6,6,0.000,0.000,0.000
197.505,SUCCESS,4.845,4.810,19.001,6,6,0.000,0.000,0.000
197.604,SUCCESS,4.845,4.810,19.001,6,6,0.000,0.000,0.000
197.704,SUCCESS,4.843,4.809,19.001,6,6,0.000,0.000,0.000
197.805,SUCCESS,4.843,4.809,19.001,6,6,0.000,0.000,0.000
197.903,SUCCESS,4.841,4.809,19.001,6,6,0.000,0.000,0.000
198.004,SUCCESS,4.840,4.809,19.001,6,6,0.000,0.000,0.000
198.104,SUCCESS,4.838,4.809,19.001,6,6,0.000,0.000,0.000
198.205,SUCCESS,4.837,4.809,19.001,6,6,0.000,0.000,0.000
198.305,SUCCESS,4.836,4.808,19.001,6,6,0.000,0.000,0.000
198.404,SUCCESS,4.835,4.808,19.001,6,6,0.000,0.000,0.000
198.508,SUCCESS,4.834,4.808,19.001,6,6,0.000,0.000,0.000
198.604,SUCCESS,4.833,4.808,19.001,6,6,0.000,0.000,0.000
198.703,SUCCESS,4.831,4.808,19.001,6,6,0.000,0.000,0.000
198.805,SUCCESS,4.831,4.808,19.001,6,6,0.000,0.000,0.000
198.904,SUCCESS,4.829,4.808,19.001,6,6,0.000,0.000,0.000
199.004,SUCCESS,4.828,4.808,19.001,6,6,0.000,0.000,0.000
199.103,SUCCESS,4.827,4.808,19.001,6,6,0.000,0.000,0.000
199.203,SUCCESS,4.825,4.808,19.001,6,6,0.000,0.000,0.000
199.303,SUCCESS,4.824,4.808,19.001,6,6,0.000,0.000,0.000
199.403,SUCCESS,4.823,4.807,19.001,6,6,0.000,0.000,0.000
199.503,SUCCESS,4.820,4.807,19.001,6,6,0.000,0.000,0.000
199.603,SUCCESS,4.819,4.806,19.001,6,6,0.000,0.000,0.000
199.703,SUCCESS,4.818,4.806,19.001,6,6,0.000,0.000,0.000
199.803,SUCCESS,4.815,4.807,19.001,6,6,0.000,0.000,0.000
199.903,SUCCESS,4.812,4.808,19.001,6,6,0.000,0.000,0.000
200.003,SUCCESS,4.810,4.808,19.001,6,6,0.000,0.000,0.000
200.103,SUCCESS,4.805,4.808,19.001,6,6,0.000,0.000,0.000
200.204,SUCCESS,4.803,4.808,19.001,6,6,0.000,0.000,0.000
200.303,SUCCESS,4.803,4.808,19.001,6,6,0.000,0.000,0.000
200.403,SUCCESS,4.800,4.809,19.001,6,6,0.000,0.000,0.000
200.503,SUCCESS,4.794,4.809,19.001,6,6,0.000,0.000,0.000
200.605,SUCCESS,4.792,4.809,19.001,6,6,0.000,0.000,0.000
200.705,SUCCESS,4.788,4.810,19.001,6,6,0.000,0.000,0.000
200.803,SUCCESS,4.786,4.810,19.001,6,6,0.000,0.000,0.000
200.903,SUCCESS,4.783,4.810,19.001,6,6,0.000,0.000,0.000
201.003,SUCCESS,4.781,4.809,19.001,6,6,0.000,0.000,0.000
201.104,SUCCESS,4.779,4.808,19.001,6,6,0.000,0.000,0.000
201.203,SUCCESS,4.776,4.808,19.001,6,6,0.000,0.000,0.000
201.303,SUCCESS,4.775,4.808,19.001,6,6,0.000,0.000,0.000
201.404,SUCCESS,4.774,4.808,19.001,6,6,0.000,0.000,0.000
201.503,SUCCESS,4.773,4.808,19.001,6,6,0.000,0.000,0.000
201.603,SUCCESS,4.771,4.808,19.001,6,6,0.000,0.000,0.000
201.703,SUCCESS,4.771,4.808,19.001,6,6,0.000,0.000,0.000
201.803,SUCCESS,4.769,4.808,19.001,6,6,0.000,0.000,0.000
201.903,SUCCESS,4.767,4.808,19.001,6,6,0.000,0.000,0.000
202.004,SUCCESS,4.766,4.808,19.001,6,6,0.000,0.000,0.000
202.103,SUCCESS,4.765,4.808,19.001,6,6,0.000,0.000,0.000
202.203,SUCCESS,4.764,4.808,19.001,6,6,0.000,0.000,0.000
202.303,SUCCESS,4.762,4.808,19.001,6,6,0.000,0.000,0.000
202.403,SUCCESS,4.759,4.808,19.001,6,6,0.000,0.000,0.000
202.503,SUCCESS,4.758,4.808,19.001,6,6,0.000,0.000,0.000
202.603,SUCCESS,4.755,4.808,19.001,6,6,0.000,0.000,0.000
202.703,SUCCESS,4.752,4.807,19.001,6,6,0.000,0.000,0.000
202.803,SUCCESS,4.749,4.806,19.001,6,6,0.000,0.000,0.000
202.904,SUCCESS,4.747,4.805,19.001,6,6,0.000,0.000,0.000
203.003,SUCCESS,4.743,4.804,19.001,6,6,0.000,0.000,0.000
203.103,SUCCESS,4.740,4.803,19.001,6,6,0.000,0.000,0.000
203.203,SUCCESS,4.734,4.802,19.001,6,6,0.000,0.000,0.000
203.303,SUCCESS,4.728,4.802,19.001,6,6,0.000,0.000,0.000
203.403,SUCCESS,4.725,4.802,19.001,6,6,0.000,0.000,0.000
203.503,SUCCESS,4.717,4.803,19.001,6,6,0.000,0.000,0.000
203.603,SUCCESS,4.711,4.803,19.001,6,6,0.000,0.000,0.000
203.703,SUCCESS,4.709,4.803,19.001,6,6,0.000,0.000,0.000
203.803,SUCCESS,4.704,4.802,19.001,6,6,0.000,0.000,0.000
203.903,SUCCESS,4.701,4.802,19.001,6,6,0.000,0.000,0.000
204.003,SUCCESS,4.698,4.801,19.001,6,6,0.000,0.000,0.000
204.103,SUCCESS,4.697,4.800,19.001,6,6,0.000,0.000,0.000
204.203,SUCCESS,4.696,4.799,19.001,6,6,0.000,0.000,0.000
204.303,SUCCESS,4.694,4.798,19.001,6,6,0.000,0.000,0.000
204.403,SUCCESS,4.693,4.797,19.001,6,6,0.000,0.000,0.000
204.503,SUCCESS,4.691,4.795,19.001,6,6,0.000,0.000,0.000
204.603,SUCCESS,4.690,4.794,19.001,6,6,0.000,0.000,0.000
204.703,SUCCESS,4.689,4.793,19.001,6,6,0.000,0.000,0.000
204.803,SUCCESS,4.688,4.792,19.001,6,6,0.000,0.000,0.000
204.903,SUCCESS,4.687,4.791,19.001,6,6,0.000,0.000,0.000
205.003,SUCCESS,4.687,4.791,19.001,6,6,0.000,0.000,0.000
205.103,SUCCESS,4.686,4.791,19.001,6,6,0.000,0.000,0.000
205.203,SUCCESS,4.685,4.790,19.001,6,6,0.000,0.000,0.000
205.303,SUCCESS,4.684,4.790,19.001,6,6,0.000,0.000,0.000
205.403,SUCCESS,4.684,4.791,19.001,6,6,0.000,0.000,0.000
205.503,SUCCESS,4.683,4.791,19.001,6,6,0.000,0.000,0.000
205.603,SUCCESS,4.683,4.791,19.001,6,6,0.000,0.000,0.000
205.703,SUCCESS,4.682,4.791,19.001,6,6,0.000,0.000,0.000
205.803,SUCCESS,4.682,4.790,19.001,6,6,0.000,0.000,0.000
205.903,SUCCESS,4.682,4.790,19.001,6,6,0.000,0.000,0.000
206.003,SUCCESS,4.681,4.789,19.001,6,6,0.000,0.000,0.000
206.103,SUCCESS,4.681,4.788,19.001,6,6,0.000,0.000,0.000
206.203,SUCCESS,4.681,4.788,19.001,6,6,0.000,0.000,0.000
206.303,SUCCESS,4.680,4.787,19.001,6,6,0.000,0.000,0.000
206.403,SUCCESS,4.680,4.787,19.001,6,6,0.000,0.000,0.000
206.503,SUCCESS,4.680,4.787,19.001,6,6,0.000,0.000,0.000
206.603,SUCCESS,4.679,4.786,19.001,6,6,0.000,0.000,0.000
206.703,SUCCESS,4.677,4.785,19.001,6,6,0.000,0.000,0.000
206.803,SUCCESS,4.677,4.785,19.001,6,6,0.000,0.000,0.000
206.903,SUCCESS,4.675,4.784,19.001,6,6,0.000,0.000,0.000
207.003,SUCCESS,4.673,4.783,19.001,6,6,0.000,0.000,0.000
207.103,SUCCESS,4.672,4.783,19.001,6,6,0.000,0.000,0.000
207.203,SUCCESS,4.671,4.782,19.001,6,6,0.000,0.000,0.000
207.303,SUCCESS,4.668,4.781,19.001,6,6,0.000,0.000,0.000
207.403,SUCCESS,4.666,4.780,19.001,6,6,0.000,0.000,0.000
207.503,SUCCESS,4.664,4.779,19.001,6,6,0.000,0.000,0.000
207.603,SUCCESS,4.662,4.777,19.001,6,6,0.000,0.000,0.000
207.703,SUCCESS,4.658,4.776,19.001,6,6,0.000,0.000,0.000
207.803,SUCCESS,4.655,4.775,19.001,6,6,0.000,0.000,0.000
207.903,SUCCESS,4.654,4.775,19.001,6,6,0.000,0.000,0.000
208.003,SUCCESS,4.650,4.773,19.001,6,6,0.000,0.000,0.000
208.103,SUCCESS,4.648,4.772,19.001,6,6,0.000,0.000,0.000
208.203,SUCCESS,4.644,4.770,19.001,6,6,0.000,0.000,0.000
208.303,SUCCESS,4.639,4.769,19.001,6,6,0.000,0.000,0.000
208.403,SUCCESS,4.633,4.768,19.001,6,6,0.000,0.000,0.000
208.503,SUCCESS,4.629,4.768,19.001,6,6,0.000,0.000,0.000
208.603,SUCCESS,4.622,4.768,19.001,6,6,0.000,0.000,0.000
208.703,SUCCESS,4.618,4.767,19.001,6,6,0.000,0.000,0.000
208.803,SUCCESS,4.612,4.767,19.001,6,6,0.000,0.000,0.000
208.903,SUCCESS,4.607,4.767,19.001,6,6,0.000,0.000,0.000
209.004,SUCCESS,4.603,4.767,19.001,6,6,0.000,0.000,0.000
209.103,SUCCESS,4.601,4.766,19.001,6,6,0.000,0.000,0.000
209.203,SUCCESS,4.598,4.764,19.001,6,6,0.000,0.000,0.000
209.303,SUCCESS,4.595,4.763,19.001,6,6,0.000,0.000,0.000
209.403,SUCCESS,4.594,4.762,19.001,6,6,0.000,0.000,0.000
209.503,SUCCESS,4.592,4.761,19.001,6,6,0.000,0.000,0.000
209.603,SUCCESS,4.591,4.760,19.001,6,6,0.000,0.000,0.000
209.703,SUCCESS,4.590,4.759,19.001,6,6,0.000,0.000,0.000
209.803,SUCCESS,4.589,4.758,19.001,6,6,0.000,0.000,0.000
209.903,SUCCESS,4.588,4.757,19.001,6,6,0.000,0.000,0.000
210.003,SUCCESS,4.586,4.756,19.001,6,6,0.000,0.000,0.000
210.103,SUCCESS,4.585,4.756,19.001,6,6,0.000,0.000,0.000
210.203,SUCCESS,4.582,4.755,19.001,6,6,0.000,0.000,0.000
210.303,SUCCESS,4.580,4.754,19.001,6,6,0.000,0.000,0.000
210.404,SUCCESS,4.576,4.754,19.001,6,6,0.000,0.000,0.000
210.503,SUCCESS,4.572,4.753,19.001,6,6,0.000,0.000,0.000
210.603,SUCCESS,4.566,4.753,19.001,6,6,0.000,0.000,0.000
210.703,SUCCESS,4.563,4.754,19.001,6,6,0.000,0.000,0.000
210.803,SUCCESS,4.557,4.753,19.001,6,6,0.000,0.000,0.000
210.904,SUCCESS,4.551,4.752,19.001,6,6,0.000,0.000,0.000
211.003,SUCCESS,4.548,4.751,19.001,6,6,0.000,0.000,0.000
211.103,SUCCESS,4.541,4.749,19.001,6,6,0.000,0.000,0.000
211.203,SUCCESS,4.532,4.747,19.001,6,6,0.000,0.000,0.000
211.303,SUCCESS,4.528,4.747,19.001,6,6,0.000,0.000,0.000
211.403,SUCCESS,4.518,4.746,19.001,6,6,0.000,0.000,0.000
211.503,SUCCESS,4.510,4.745,19.001,6,6,0.000,0.000,0.000
211.603,SUCCESS,4.506,4.745,19.001,6,6,0.000,0.000,0.000
211.703,SUCCESS,4.501,4.744,19.001,6,6,0.000,0.000,0.000
211.803,SUCCESS,4.498,4.744,19.001,6,6,0.000,0.000,0.000
211.903,SUCCESS,4.497,4.744,19.001,6,6,0.000,0.000,0.000
212.003,SUCCESS,4.495,4.744,19.001,6,6,0.000,0.000,0.000
212.103,SUCCESS,4.493,4.745,19.001,6,6,0.000,0.000,0.000
212.203,SUCCESS,4.493,4.745,19.001,6,6,0.000,0.000,0.000
212.303,SUCCESS,4.491,4.745,19.001,6,6,0.000,0.000,0.000
212.403,SUCCESS,4.490,4.745,19.001,6,6,0.000,0.000,0.000
212.503,SUCCESS,4.489,4.745,19.001,6,6,0.000,0.000,0.000
212.603,SUCCESS,4.487,4.745,19.001,6,6,0.000,0.000,0.000
212.703,SUCCESS,4.486,4.744,19.001,6,6,0.000,0.000,0.000
212.803,SUCCESS,4.486,4.744,19.001,6,6,0.000,0.000,0.000
212.903,SUCCESS,4.487,4.743,19.001,6,6,0.000,0.000,0.000
213.003,SUCCESS,4.487,4.743,19.001,6,6,0.000,0.000,0.000
213.103,SUCCESS,4.487,4.743,19.001,6,6,0.000,0.000,0.000
213.203,SUCCESS,4.487,4.742,19.001,6,6,0.000,0.000,0.000
213.303,SUCCESS,4.488,4.742,19.001,6,6,0.000,0.000,0.000
213.403,SUCCESS,4.488,4.741,19.001,6,6,0.000,0.000,0.000
213.503,SUCCESS,4.488,4.740,19.001,6,6,0.000,0.000,0.000
213.603,SUCCESS,4.488,4.739,19.001,6,6,0.000,0.000,0.000
213.703,SUCCESS,4.488,4.738,19.001,6,6,0.000,0.000,0.000
213.803,SUCCESS,4.488,4.736,19.001,6,6,0.000,0.000,0.000
213.903,SUCCESS,4.488,4.735,19.001,6,6,0.000,0.000,0.000
214.003,SUCCESS,4.488,4.734,19.001,6,6,0.000,0.000,0.000
214.103,SUCCESS,4.489,4.733,19.001,6,6,0.000,0.000,0.000
214.203,SUCCESS,4.490,4.731,19.001,6,6,0.000,0.000,0.000
214.303,SUCCESS,4.491,4.730,19.001,6,6,0.000,0.000,0.000
214.403,SUCCESS,4.492,4.729,19.001,6,6,0.000,0.000,0.000
214.503,SUCCESS,4.492,4.728,19.001,6,6,0.000,0.000,0.000
214.603,SUCCESS,4.493,4.727,19.001,6,6,0.000,0.000,0.000
214.703,SUCCESS,4.493,4.725,19.001,6,6,0.000,0.000,0.000
214.803,SUCCESS,4.494,4.723,19.001,6,6,0.000,0.000,0.000
214.903,SUCCESS,4.494,4.723,19.001,6,6,0.000,0.000,0.000
215.003,SUCCESS,4.495,4.720,19.001,6,6,0.000,0.000,0.000
215.103,SUCCESS,4.495,4.718,19.001,6,6,0.000,0.000,0.000
215.203,SUCCESS,4.495,4.717,19.001,6,6,0.000,0.000,0.000
215.303,SUCCESS,4.496,4.716,19.001,6,6,0.000,0.000,0.000
215.403,SUCCESS,4.498,4.714,19.001,6,6,0.000,0.000,0.000
215.503,SUCCESS,4.498,4.713,19.001,6,6,0.000,0.000,0.000
215.603,SUCCESS,4.499,4.711,19.001,6,6,0.000,0.000,0.000
215.704,SUCCESS,4.499,4.709,19.001,6,6,0.000,0.000,0.000
215.803,SUCCESS,4.499,4.708,19.001,6,6,0.000,0.000,0.000
215.903,SUCCESS,4.500,4.707,19.001,6,6,0.000,0.000,0.000
216.003,SUCCESS,4.502,4.706,19.001,6,6,0.000,0.000,0.000
216.103,SUCCESS,4.502,4.705,19.001,6,6,0.000,0.000,0.000
216.203,SUCCESS,4.503,4.704,19.001,6,6,0.000,0.000,0.000
216.303,SUCCESS,4.504,4.703,19.001,6,6,0.000,0.000,0.000
216.403,SUCCESS,4.504,4.703,19.001,6,6,0.000,0.000,0.000
216.503,SUCCESS,4.505,4.702,19.001,6,6,0.000,0.000,0.000
216.603,SUCCESS,4.506,4.702,19.001,6,6,0.000,0.000,0.000
216.703,SUCCESS,4.506,4.702,19.001,6,6,0.000,0.000,0.000
216.803,SUCCESS,4.507,4.703,19.001,6,6,0.000,0.000,0.000
216.903,SUCCESS,4.507,4.702,19.001,6,6,0.000,0.000,0.000
217.003,SUCCESS,4.508,4.702,19.001,6,6,0.000,0.000,0.000
217.103,SUCCESS,4.508,4.703,19.001,6,6,0.000,0.000,0.000
217.203,SUCCESS,4.508,4.703,19.001,6,6,0.000,0.000,0.000
217.303,SUCCESS,4.508,4.703,19.001,6,6,0.000,0.000,0.000
217.403,SUCCESS,4.508,4.703,19.001,6,6,0.000,0.000,0.000
217.503,SUCCESS,4.508,4.703,19.001,6,6,0.000,0.000,0.000
217.605,SUCCESS,4.508,4.703,19.001,6,6,0.000,0.000,0.000
217.703,SUCCESS,4.508,4.703,19.001,6,6,0.000,0.000,0.000
217.803,SUCCESS,4.507,4.703,19.001,6,6,0.000,0.000,0.000
217.903,SUCCESS,4.507,4.703,19.001,6,6,0.000,0.000,0.000
218.003,SUCCESS,4.507,4.703,19.001,6,6,0.000,0.000,0.000
218.103,SUCCESS,4.506,4.704,19.001,6,6,0.000,0.000,0.000
218.204,SUCCESS,4.505,4.704,19.001,6,6,0.000,0.000,0.000
218.303,SUCCESS,4.505,4.704,19.001,6,6,0.000,0.000,0.000
218.403,SUCCESS,4.505,4.704,19.001,6,6,0.000,0.000,0.000
218.503,SUCCESS,4.504,4.704,19.001,6,6,0.000,0.000,0.000
218.603,SUCCESS,4.504,4.705,19.001,6,6,0.000,0.000,0.000
218.703,SUCCESS,4.504,4.705,19.001,6,6,0.000,0.000,0.000
218.803,SUCCESS,4.505,4.705,19.001,6,6,0.000,0.000,0.000
218.903,SUCCESS,4.505,4.705,19.001,6,6,0.000,0.000,0.000
219.003,SUCCESS,4.505,4.705,19.001,6,6,0.000,0.000,0.000
219.103,SUCCESS,4.506,4.706,19.001,6,6,0.000,0.000,0.000
219.203,SUCCESS,4.506,4.706,19.001,6,6,0.000,0.000,0.000
219.303,SUCCESS,4.506,4.705,19.001,6,6,0.000,0.000,0.000
219.403,SUCCESS,4.506,4.705,19.001,6,6,0.000,0.000,0.000
219.503,SUCCESS,4.505,4.706,19.001,6,6,0.000,0.000,0.000
219.603,SUCCESS,4.505,4.706,19.001,6,6,0.000,0.000,0.000
219.703,SUCCESS,4.505,4.706,19.001,6,6,0.000,0.000,0.000
219.803,SUCCESS,4.505,4.706,19.001,6,6,0.000,0.000,0.000
219.903,SUCCESS,4.505,4.706,19.001,6,6,0.000,0.000,0.000
220.003,SUCCESS,4.505,4.707,19.001,6,6,0.000,0.000,0.000
220.103,SUCCESS,4.505,4.707,19.001,6,6,0.000,0.000,0.000
220.203,SUCCESS,4.505,4.707,19.001,6,6,0.000,0.000,0.000
220.303,SUCCESS,4.506,4.707,19.001,6,6,0.000,0.000,0.000
220.403,SUCCESS,4.506,4.708,19.001,6,6,0.000,0.000,0.000
220.503,SUCCESS,4.507,4.708,19.001,6,6,0.000,0.000,0.000
220.603,SUCCESS,4.507,4.708,19.001,6,6,0.000,0.000,0.000
220.703,SUCCESS,4.507,4.708,19.001,6,6,0.000,0.000,0.000
220.804,SUCCESS,4.507,4.709,19.001,6,6,0.000,0.000,0.000
220.905,SUCCESS,4.507,4.709,19.001,6,6,0.000,0.000,0.000
221.004,SUCCESS,4.507,4.709,19.001,6,6,0.000,0.000,0.000
221.104,SUCCESS,4.507,4.709,19.001,6,6,0.000,0.000,0.000
221.204,SUCCESS,4.507,4.709,19.001,6,6,0.000,0.000,0.000
221.304,SUCCESS,4.506,4.709,19.001,6,6,0.000,0.000,0.000
221.406,SUCCESS,4.507,4.709,19.001,6,6,0.000,0.000,0.000
221.504,SUCCESS,4.507,4.709,19.001,6,6,0.000,0.000,0.000
221.604,SUCCESS,4.507,4.709,19.001,6,6,0.000,0.000,0.000
221.704,SUCCESS,4.507,4.710,19.001,6,6,0.000,0.000,0.000
221.804,SUCCESS,4.507,4.710,19.001,6,6,0.000,0.000,0.000
221.903,SUCCESS,4.507,4.710,19.001,6,6,0.000,0.000,0.000
222.003,SUCCESS,4.508,4.710,19.001,6,6,0.000,0.000,0.000
222.103,SUCCESS,4.508,4.710,19.001,6,6,0.000,0.000,0.000
222.203,SUCCESS,4.508,4.710,19.001,6,6,0.000,0.000,0.000
222.303,SUCCESS,4.508,4.710,19.001,6,6,0.000,0.000,0.000
222.403,SUCCESS,4.508,4.711,19.001,6,6,0.000,0.000,0.000
222.503,SUCCESS,4.508,4.711,19.001,6,6,0.000,0.000,0.000
222.604,SUCCESS,4.509,4.711,19.001,6,6,0.000,0.000,0.000
222.703,SUCCESS,4.509,4.711,19.001,6,6,0.000,0.000,0.000
222.803,SUCCESS,4.509,4.711,19.001,6,6,0.000,0.000,0.000
222.903,SUCCESS,4.509,4.711,19.001,6,6,0.000,0.000,0.000
223.003,SUCCESS,4.509,4.711,19.001,6,6,0.000,0.000,0.000
223.103,SUCCESS,4.509,4.711,19.001,6,6,0.000,0.000,0.000
223.203,SUCCESS,4.509,4.711,19.001,6,6,0.000,0.000,0.000
223.303,SUCCESS,4.509,4.712,19.001,6,6,0.000,0.000,0.000
223.403,SUCCESS,4.509,4.712,19.001,6,6,0.000,0.000,0.000
223.503,SUCCESS,4.509,4.712,19.001,6,6,0.000,0.000,0.000
223.603,SUCCESS,4.508,4.712,19.001,6,6,0.000,0.000,0.000
223.703,SUCCESS,4.508,4.712,19.001,6,6,0.000,0.000,0.000
223.803,SUCCESS,4.507,4.712,19.001,6,6,0.000,0.000,0.000
223.903,SUCCESS,4.506,4.713,19.001,6,6,0.000,0.000,0.000
224.003,SUCCESS,4.506,4.713,19.001,6,6,0.000,0.000,0.000
224.103,SUCCESS,4.506,4.713,19.001,6,6,0.000,0.000,0.000
224.203,SUCCESS,4.505,4.713,19.001,6,6,0.000,0.000,0.000
224.303,SUCCESS,4.505,4.713,19.001,6,6,0.000,0.000,0.000
224.403,SUCCESS,4.505,4.713,19.001,6,6,0.000,0.000,0.000
224.504,SUCCESS,4.504,4.713,19.001,6,6,0.000,0.000,0.000
224.603,SUCCESS,4.504,4.714,19.001,6,6,0.000,0.000,0.000
224.703,SUCCESS,4.503,4.714,19.001,6,6,0.000,0.000,0.000
224.803,SUCCESS,4.503,4.714,19.001,6,6,0.000,0.000,0.000
224.903,SUCCESS,4.503,4.714,19.001,6,6,0.000,0.000,0.000
225.003,SUCCESS,4.503,4.714,19.001,6,6,0.000,0.000,0.000
225.103,SUCCESS,4.503,4.714,19.001,6,6,0.000,0.000,0.000
225.203,SUCCESS,4.504,4.714,19.001,6,6,0.000,0.000,0.000
225.304,SUCCESS,4.504,4.714,19.001,6,6,0.000,0.000,0.000
225.403,SUCCESS,4.504,4.714,19.001,6,6,0.000,0.000,0.000
225.503,SUCCESS,4.504,4.714,19.001,6,6,0.000,0.000,0.000
225.603,SUCCESS,4.505,4.714,19.001,6,6,0.000,0.000,0.000
225.703,SUCCESS,4.506,4.714,19.001,6,6,0.000,0.000,0.000
225.803,SUCCESS,4.506,4.714,19.001,6,6,0.000,0.000,0.000
225.903,SUCCESS,4.507,4.714,19.001,6,6,0.000,0.000,0.000
226.003,SUCCESS,4.507,4.714,19.001,6,6,0.000,0.000,0.000
226.103,SUCCESS,4.507,4.714,19.001,6,6,0.000,0.000,0.000
226.203,SUCCESS,4.507,4.714,19.001,6,6,0.000,0.000,0.000
226.303,SUCCESS,4.507,4.714,19.001,6,6,0.000,0.000,0.000
226.403,SUCCESS,4.508,4.714,19.001,6,6,0.000,0.000,0.000
226.503,SUCCESS,4.508,4.714,19.001,6,6,0.000,0.000,0.000
226.603,SUCCESS,4.507,4.714,19.001,6,6,0.000,0.000,0.000
226.703,SUCCESS,4.507,4.714,19.001,6,6,0.000,0.000,0.000
226.803,SUCCESS,4.507,4.715,19.001,6,6,0.000,0.000,0.000
226.903,SUCCESS,4.507,4.715,19.001,6,6,0.000,0.000,0.000
227.003,SUCCESS,4.507,4.714,19.001,6,6,0.000,0.000,0.000
227.103,SUCCESS,4.508,4.714,19.001,6,6,0.000,0.000,0.000
227.204,SUCCESS,4.509,4.715,19.001,6,6,0.000,0.000,0.000
227.303,SUCCESS,4.509,4.715,19.001,6,6,0.000,0.000,0.000
227.404,SUCCESS,4.509,4.714,19.001,6,6,0.000,0.000,0.000
227.505,SUCCESS,4.510,4.714,19.001,6,6,0.000,0.000,0.000
227.604,SUCCESS,4.510,4.715,19.001,6,6,0.000,0.000,0.000
227.705,SUCCESS,4.510,4.714,19.001,6,6,0.000,0.000,0.000
227.804,SUCCESS,4.509,4.714,19.001,6,6,0.000,0.000,0.000
227.905,SUCCESS,4.509,4.714,19.001,6,6,0.000,0.000,0.000
228.005,SUCCESS,4.509,4.715,19.001,6,6,0.000,0.000,0.000
228.105,SUCCESS,4.509,4.715,19.001,6,6,0.000,0.000,0.000
228.203,SUCCESS,4.508,4.715,19.001,6,6,0.000,0.000,0.000
228.303,SUCCESS,4.508,4.715,19.001,6,6,0.000,0.000,0.000
228.404,SUCCESS,4.507,4.715,19.001,6,6,0.000,0.000,0.000
228.503,SUCCESS,4.507,4.715,19.001,6,6,0.000,0.000,0.000
228.603,SUCCESS,4.506,4.715,19.001,6,6,0.000,0.000,0.000
228.703,SUCCESS,4.506,4.715,19.001,6,6,0.000,0.000,0.000
228.804,SUCCESS,4.506,4.715,19.001,6,6,0.000,0.000,0.000
228.903,SUCCESS,4.506,4.715,19.001,6,6,0.000,0.000,0.000
229.003,SUCCESS,4.506,4.715,19.001,6,6,0.000,0.000,0.000
229.103,SUCCESS,4.506,4.715,19.001,6,6,0.000,0.000,0.000
229.203,SUCCESS,4.506,4.715,19.001,6,6,0.000,0.000,0.000
229.303,SUCCESS,4.506,4.715,19.001,6,6,0.000,0.000,0.000
229.403,SUCCESS,4.506,4.715,19.001,6,6,0.000,0.000,0.000
229.503,SUCCESS,4.506,4.715,19.001,6,6,0.000,0.000,0.000
229.603,SUCCESS,4.506,4.716,19.001,6,6,0.000,0.000,0.000
229.703,SUCCESS,4.506,4.716,19.001,6,6,0.000,0.000,0.000
229.803,SUCCESS,4.506,4.716,19.001,6,6,0.000,0.000,0.000
229.903,SUCCESS,4.507,4.716,19.001,6,6,0.000,0.000,0.000
230.003,SUCCESS,4.507,4.716,19.001,6,6,0.000,0.000,0.000
230.103,SUCCESS,4.508,4.716,19.001,6,6,0.000,0.000,0.000
230.203,SUCCESS,4.508,4.716,19.001,6,6,0.000,0.000,0.000
230.303,SUCCESS,4.508,4.716,19.001,6,6,0.000,0.000,0.000
230.403,SUCCESS,4.508,4.716,19.001,6,6,0.000,0.000,0.000
230.503,SUCCESS,4.508,4.716,19.001,6,6,0.000,0.000,0.000
230.603,SUCCESS,4.508,4.716,19.001,6,6,0.000,0.000,0.000
230.703,SUCCESS,4.507,4.715,19.001,6,6,0.000,0.000,0.000
230.803,SUCCESS,4.507,4.715,19.001,6,6,0.000,0.000,0.000
230.903,SUCCESS,4.506,4.715,19.001,6,6,0.000,0.000,0.000
231.003,SUCCESS,4.505,4.715,19.001,6,6,0.000,0.000,0.000
231.103,SUCCESS,4.505,4.715,19.001,6,6,0.000,0.000,0.000
231.203,SUCCESS,4.504,4.715,19.001,6,6,0.000,0.000,0.000
231.304,SUCCESS,4.504,4.715,19.001,6,6,0.000,0.000,0.000
231.403,SUCCESS,4.504,4.715,19.001,6,6,0.000,0.000,0.000
231.503,SUCCESS,4.504,4.715,19.001,6,6,0.000,0.000,0.000
231.603,SUCCESS,4.504,4.715,19.001,6,6,0.000,0.000,0.000
231.704,SUCCESS,4.503,4.715,19.001,6,6,0.000,0.000,0.000
231.803,SUCCESS,4.504,4.715,19.001,6,6,0.000,0.000,0.000
231.903,SUCCESS,4.504,4.715,19.001,6,6,0.000,0.000,0.000
232.003,SUCCESS,4.504,4.715,19.001,6,6,0.000,0.000,0.000
232.103,SUCCESS,4.504,4.715,19.001,6,6,0.000,0.000,0.000
232.203,SUCCESS,4.504,4.715,19.001,6,6,0.000,0.000,0.000
232.303,SUCCESS,4.505,4.715,19.001,6,6,0.000,0.000,0.000
232.404,SUCCESS,4.505,4.715,19.001,6,6,0.000,0.000,0.000
232.503,SUCCESS,4.505,4.715,19.001,6,6,0.000,0.000,0.000
232.603,SUCCESS,4.505,4.715,19.001,6,6,0.000,0.000,0.000
232.703,SUCCESS,4.505,4.715,19.001,6,6,0.000,0.000,0.000
232.803,SUCCESS,4.505,4.715,19.001,6,6,0.000,0.000,0.000
232.903,SUCCESS,4.505,4.715,19.001,6,6,0.000,0.000,0.000
233.003,SUCCESS,4.505,4.715,19.001,6,6,0.000,0.000,0.000
233.103,SUCCESS,4.505,4.716,19.001,6,6,0.000,0.000,0.000
233.203,SUCCESS,4.505,4.716,19.001,6,6,0.000,0.000,0.000
233.303,SUCCESS,4.505,4.716,19.001,6,6,0.000,0.000,0.000
233.403,SUCCESS,4.504,4.716,19.001,6,6,0.000,0.000,0.000
233.503,SUCCESS,4.504,4.716,19.001,6,6,0.000,0.000,0.000
233.603,SUCCESS,4.504,4.716,19.001,6,6,0.000,0.000,0.000
233.703,SUCCESS,4.504,4.716,19.001,6,6,0.000,0.000,0.000
233.803,SUCCESS,4.504,4.716,19.001,6,6,0.000,0.000,0.000
233.903,SUCCESS,4.503,4.716,19.001,6,6,0.000,0.000,0.000
234.003,SUCCESS,4.503,4.716,19.001,6,6,0.000,0.000,0.000
234.103,SUCCESS,4.503,4.716,19.001,6,6,0.000,0.000,0.000
234.203,SUCCESS,4.503,4.716,19.001,6,6,0.000,0.000,0.000
234.303,SUCCESS,4.503,4.716,19.001,6,6,0.000,0.000,0.000
234.403,SUCCESS,4.503,4.717,19.001,6,6,0.000,0.000,0.000
234.503,SUCCESS,4.504,4.717,19.001,6,6,0.000,0.000,0.000
234.603,SUCCESS,4.504,4.717,19.001,6,6,0.000,0.000,0.000
234.703,SUCCESS,4.504,4.717,19.001,6,6,0.000,0.000,0.000
234.803,SUCCESS,4.503,4.717,19.001,6,6,0.000,0.000,0.000
234.903,SUCCESS,4.503,4.717,19.001,6,6,0.000,0.000,0.000
235.003,SUCCESS,4.504,4.717,19.001,6,6,0.000,0.000,0.000
235.103,SUCCESS,4.504,4.717,19.001,6,6,0.000,0.000,0.000
235.203,SUCCESS,4.504,4.717,19.001,6,6,0.000,0.000,0.000
235.303,SUCCESS,4.504,4.717,19.001,6,6,0.000,0.000,0.000
235.403,SUCCESS,4.504,4.717,19.001,6,6,0.000,0.000,0.000
235.504,SUCCESS,4.504,4.717,19.001,6,6,0.000,0.000,0.000
235.603,SUCCESS,4.504,4.717,19.001,6,6,0.000,0.000,0.000
235.703,SUCCESS,4.503,4.717,19.001,6,6,0.000,0.000,0.000
235.803,SUCCESS,4.503,4.717,19.001,6,6,0.000,0.000,0.000
235.903,SUCCESS,4.502,4.717,19.001,6,6,0.000,0.000,0.000
236.003,SUCCESS,4.502,4.717,19.001,6,6,0.000,0.000,0.000
236.103,SUCCESS,4.501,4.717,19.001,6,6,0.000,0.000,0.000
236.203,SUCCESS,4.501,4.718,19.001,6,6,0.000,0.000,0.000
236.303,SUCCESS,4.500,4.718,19.001,6,6,0.000,0.000,0.000
236.404,SUCCESS,4.500,4.717,19.001,6,6,0.000,0.000,0.000
236.503,SUCCESS,4.500,4.717,19.001,6,6,0.000,0.000,0.000
236.603,SUCCESS,4.500,4.717,19.001,6,6,0.000,0.000,0.000
236.703,SUCCESS,4.500,4.717,19.001,6,6,0.000,0.000,0.000
236.803,SUCCESS,4.501,4.717,19.001,6,6,0.000,0.000,0.000
236.903,SUCCESS,4.501,4.716,19.001,6,6,0.000,0.000,0.000
237.003,SUCCESS,4.501,4.716,19.001,6,6,0.000,0.000,0.000
237.103,SUCCESS,4.501,4.714,19.001,6,6,0.000,0.000,0.000
237.203,SUCCESS,4.502,4.713,19.001,6,6,0.000,0.000,0.000
237.303,SUCCESS,4.502,4.712,19.001,6,6,0.000,0.000,0.000
237.403,SUCCESS,4.502,4.712,19.001,6,6,0.000,0.000,0.000
237.503,SUCCESS,4.502,4.712,19.001,6,6,0.000,0.000,0.000
237.603,SUCCESS,4.503,4.712,19.001,6,6,0.000,0.000,0.000
237.703,SUCCESS,4.503,4.712,19.001,6,6,0.000,0.000,0.000
237.803,SUCCESS,4.504,4.712,19.001,6,6,0.000,0.000,0.000
237.903,SUCCESS,4.504,4.712,19.001,6,6,0.000,0.000,0.000
238.003,SUCCESS,4.505,4.712,19.001,6,6,0.000,0.000,0.000
238.103,SUCCESS,4.505,4.712,19.001,6,6,0.000,0.000,0.000
238.203,SUCCESS,4.506,4.712,19.001,6,6,0.000,0.000,0.000
238.303,SUCCESS,4.506,4.712,19.001,6,6,0.000,0.000,0.000
238.403,SUCCESS,4.506,4.712,19.001,6,6,0.000,0.000,0.000
238.503,SUCCESS,4.506,4.712,19.001,6,6,0.000,0.000,0.000
238.603,SUCCESS,4.506,4.712,19.001,6,6,0.000,0.000,0.000
238.703,SUCCESS,4.506,4.711,19.001,6,6,0.000,0.000,0.000
238.803,SUCCESS,4.505,4.711,19.001,6,6,0.000,0.000,0.000
238.903,SUCCESS,4.505,4.712,19.001,6,6,0.000,0.000,0.000
239.003,SUCCESS,4.505,4.712,19.001,6,6,0.000,0.000,0.000
239.103,SUCCESS,4.505,4.711,19.001,6,6,0.000,0.000,0.000
239.203,SUCCESS,4.505,4.711,19.001,6,6,0.000,0.000,0.000
239.304,SUCCESS,4.505,4.711,19.001,6,6,0.000,0.000,0.000
239.403,SUCCESS,4.505,4.711,19.001,6,6,0.000,0.000,0.000
239.504,SUCCESS,4.505,4.711,19.001,6,6,0.000,0.000,0.000
239.603,SUCCESS,4.505,4.711,19.001,6,6,0.000,0.000,0.000
239.704,SUCCESS,4.505,4.711,19.001,6,6,0.000,0.000,0.000
239.803,SUCCESS,4.505,4.711,19.001,6,6,0.000,0.000,0.000
239.903,SUCCESS,4.505,4.711,19.001,6,6,0.000,0.000,0.000
240.003,SUCCESS,4.505,4.711,19.001,6,6,0.000,0.000,0.000
240.103,SUCCESS,4.505,4.711,19.001,6,6,0.000,0.000,0.000
240.203,SUCCESS,4.505,4.712,19.001,6,6,0.000,0.000,0.000
240.303,SUCCESS,4.505,4.711,19.001,6,6,0.000,0.000,0.000
240.403,SUCCESS,4.505,4.711,19.001,6,6,0.000,0.000,0.000
240.503,SUCCESS,4.505,4.711,19.001,6,6,0.000,0.000,0.000
240.603,SUCCESS,4.505,4.712,19.001,6,6,0.000,0.000,0.000
240.703,SUCCESS,4.505,4.712,19.001,6,6,0.000,0.000,0.000
240.804,SUCCESS,4.505,4.712,19.001,6,6,0.000,0.000,0.000
240.903,SUCCESS,4.505,4.712,19.001,6,6,0.000,0.000,0.000
241.003,SUCCESS,4.506,4.712,19.001,6,6,0.000,0.000,0.000
241.105,SUCCESS,4.506,4.712,19.001,6,6,0.000,0.000,0.000
241.203,SUCCESS,4.506,4.712,19.001,6,6,0.000,0.000,0.000
241.303,SUCCESS,4.506,4.712,19.001,6,6,0.000,0.000,0.000
241.403,SUCCESS,4.505,4.712,19.001,6,6,0.000,0.000,0.000
241.503,SUCCESS,4.505,4.712,19.001,6,6,0.000,0.000,0.000
241.603,SUCCESS,4.506,4.713,19.001,6,6,0.000,0.000,0.000
241.703,SUCCESS,4.506,4.713,19.001,6,6,0.000,0.000,0.000
241.803,SUCCESS,4.506,4.713,19.001,6,6,0.000,0.000,0.000
241.903,SUCCESS,4.506,4.712,19.001,6,6,0.000,0.000,0.000
242.003,SUCCESS,4.506,4.712,19.001,6,6,0.000,0.000,0.000
242.103,SUCCESS,4.506,4.713,19.001,6,6,0.000,0.000,0.000
242.203,SUCCESS,4.506,4.713,19.001,6,6,0.000,0.000,0.000
242.303,SUCCESS,4.506,4.713,19.001,6,6,0.000,0.000,0.000
242.403,SUCCESS,4.505,4.713,19.001,6,6,0.000,0.000,0.000
242.503,SUCCESS,4.505,4.713,19.001,6,6,0.000,0.000,0.000
242.603,SUCCESS,4.505,4.713,19.001,6,6,0.000,0.000,0.000
242.703,SUCCESS,4.505,4.713,19.001,6,6,0.000,0.000,0.000
242.803,SUCCESS,4.505,4.713,19.001,6,6,0.000,0.000,0.000
242.903,SUCCESS,4.505,4.713,19.001,6,6,0.000,0.000,0.000
243.003,SUCCESS,4.505,4.713,19.001,6,6,0.000,0.000,0.000
243.103,SUCCESS,4.505,4.714,19.001,6,6,0.000,0.000,0.000
243.203,SUCCESS,4.505,4.714,19.001,6,6,0.000,0.000,0.000
243.303,SUCCESS,4.505,4.714,19.001,6,6,0.000,0.000,0.000
243.403,SUCCESS,4.505,4.713,19.001,6,6,0.000,0.000,0.000
243.503,SUCCESS,4.505,4.713,19.001,6,6,0.000,0.000,0.000
243.603,SUCCESS,4.505,4.713,19.001,6,6,0.000,0.000,0.000
243.703,SUCCESS,4.505,4.713,19.001,6,6,0.000,0.000,0.000
243.803,SUCCESS,4.505,4.713,19.001,6,6,0.000,0.000,0.000
243.903,SUCCESS,4.504,4.713,19.001,6,6,0.000,0.000,0.000
244.003,SUCCESS,4.503,4.713,19.001,6,6,0.000,0.000,0.000
244.103,SUCCESS,4.502,4.713,19.001,6,6,0.000,0.000,0.000
244.203,SUCCESS,4.502,4.713,19.001,6,6,0.000,0.000,0.000
244.303,SUCCESS,4.501,4.713,19.001,6,6,0.000,0.000,0.000
244.403,SUCCESS,4.501,4.713,19.001,6,6,0.000,0.000,0.000
244.503,SUCCESS,4.501,4.714,19.001,6,6,0.000,0.000,0.000
244.603,SUCCESS,4.501,4.714,19.001,6,6,0.000,0.000,0.000
244.703,SUCCESS,4.502,4.714,19.001,6,6,0.000,0.000,0.000
244.803,SUCCESS,4.502,4.713,19.001,6,6,0.000,0.000,0.000
244.903,SUCCESS,4.502,4.714,19.001,6,6,0.000,0.000,0.000
245.003,SUCCESS,4.503,4.714,19.001,6,6,0.000,0.000,0.000
245.103,SUCCESS,4.503,4.714,19.001,6,6,0.000,0.000,0.000
245.203,SUCCESS,4.504,4.714,19.001,6,6,0.000,0.000,0.000
245.303,SUCCESS,4.504,4.714,19.001,6,6,0.000,0.000,0.000
245.403,SUCCESS,4.505,4.714,19.001,6,6,0.000,0.000,0.000
245.503,SUCCESS,4.506,4.714,19.001,6,6,0.000,0.000,0.000
245.603,SUCCESS,4.506,4.714,19.001,6,6,0.000,0.000,0.000
245.703,SUCCESS,4.506,4.714,19.001,6,6,0.000,0.000,0.000
245.803,SUCCESS,4.505,4.714,19.001,6,6,0.000,0.000,0.000
245.903,SUCCESS,4.505,4.714,19.001,6,6,0.000,0.000,0.000
246.003,SUCCESS,4.505,4.714,19.001,6,6,0.000,0.000,0.000
246.103,SUCCESS,4.504,4.714,19.001,6,6,0.000,0.000,0.000
246.203,SUCCESS,4.503,4.714,19.001,6,6,0.000,0.000,0.000
246.303,SUCCESS,4.503,4.714,19.001,6,6,0.000,0.000,0.000
246.403,SUCCESS,4.504,4.714,19.001,6,6,0.000,0.000,0.000
246.503,SUCCESS,4.503,4.714,19.001,6,6,0.000,0.000,0.000
246.603,SUCCESS,4.503,4.714,19.001,6,6,0.000,0.000,0.000
246.703,SUCCESS,4.503,4.714,19.001,6,6,0.000,0.000,0.000
246.803,SUCCESS,4.504,4.714,19.001,6,6,0.000,0.000,0.000
246.903,SUCCESS,4.504,4.714,19.001,6,6,0.000,0.000,0.000
247.003,SUCCESS,4.504,4.713,19.001,6,6,0.000,0.000,0.000
247.104,SUCCESS,4.505,4.713,19.001,6,6,0.000,0.000,0.000
247.203,SUCCESS,4.505,4.713,19.001,6,6,0.000,0.000,0.000
247.303,SUCCESS,4.506,4.713,19.001,6,6,0.000,0.000,0.000
247.403,SUCCESS,4.506,4.713,19.001,6,6,0.000,0.000,0.000
247.503,SUCCESS,4.506,4.713,19.001,6,6,0.000,0.000,0.000
247.603,SUCCESS,4.507,4.713,19.001,6,6,0.000,0.000,0.000
247.704,SUCCESS,4.507,4.713,19.001,6,6,0.000,0.000,0.000
247.803,SUCCESS,4.507,4.713,19.001,6,6,0.000,0.000,0.000
247.903,SUCCESS,4.507,4.713,19.001,6,6,0.000,0.000,0.000
248.004,SUCCESS,4.508,4.713,19.001,6,6,0.000,0.000,0.000
248.103,SUCCESS,4.508,4.713,19.001,6,6,0.000,0.000,0.000
248.203,SUCCESS,4.508,4.713,19.001,6,6,0.000,0.000,0.000
248.303,SUCCESS,4.508,4.713,19.001,6,6,0.000,0.000,0.000
248.403,SUCCESS,4.508,4.713,19.001,6,6,0.000,0.000,0.000
248.503,SUCCESS,4.507,4.713,19.001,6,6,0.000,0.000,0.000
248.603,SUCCESS,4.507,4.713,19.001,6,6,0.000,0.000,0.000
248.703,SUCCESS,4.507,4.713,19.001,6,6,0.000,0.000,0.000
248.804,SUCCESS,4.507,4.713,19.001,6,6,0.000,0.000,0.000
248.903,SUCCESS,4.507,4.713,19.001,6,6,0.000,0.000,0.000
249.003,SUCCESS,4.507,4.713,19.001,6,6,0.000,0.000,0.000
249.103,SUCCESS,4.507,4.713,19.001,6,6,0.000,0.000,0.000
249.203,SUCCESS,4.507,4.713,19.001,6,6,0.000,0.000,0.000
249.303,SUCCESS,4.507,4.713,19.001,6,6,0.000,0.000,0.000
249.403,SUCCESS,4.507,4.713,19.001,6,6,0.000,0.000,0.000
249.503,SUCCESS,4.508,4.714,19.001,6,6,0.000,0.000,0.000
249.603,SUCCESS,4.508,4.714,19.001,6,6,0.000,0.000,0.000
249.703,SUCCESS,4.509,4.714,19.001,6,6,0.000,0.000,0.000
249.803,SUCCESS,4.509,4.714,19.001,6,6,0.000,0.000,0.000
249.903,SUCCESS,4.509,4.714,19.001,6,6,0.000,0.000,0.000
250.003,SUCCESS,4.509,4.714,19.001,6,6,0.000,0.000,0.000
250.103,SUCCESS,4.509,4.714,19.001,6,6,0.000,0.000,0.000
250.203,SUCCESS,4.509,4.713,19.001,6,6,0.000,0.000,0.000
250.303,SUCCESS,4.509,4.713,19.001,6,6,0.000,0.000,0.000
250.403,SUCCESS,4.510,4.713,19.001,6,6,0.000,0.000,0.000
250.503,SUCCESS,4.510,4.713,19.001,6,6,0.000,0.000,0.000
250.603,SUCCESS,4.510,4.713,19.001,6,6,0.000,0.000,0.000
250.703,SUCCESS,4.510,4.713,19.001,6,6,0.000,0.000,0.000
250.803,SUCCESS,4.510,4.713,19.001,6,6,0.000,0.000,0.000
250.903,SUCCESS,4.510,4.712,19.001,6,6,0.000,0.000,0.000
251.003,SUCCESS,4.510,4.712,19.001,6,6,0.000,0.000,0.000
251.103,SUCCESS,4.510,4.712,19.001,6,6,0.000,0.000,0.000
251.203,SUCCESS,4.509,4.712,19.001,6,6,0.000,0.000,0.000
251.303,SUCCESS,4.509,4.712,19.001,6,6,0.000,0.000,0.000
251.403,SUCCESS,4.509,4.712,19.001,6,6,0.000,0.000,0.000
251.503,SUCCESS,4.509,4.712,19.001,6,6,0.000,0.000,0.000
251.603,SUCCESS,4.509,4.712,19.001,6,6,0.000,0.000,0.000
251.703,SUCCESS,4.510,4.712,19.001,6,6,0.000,0.000,0.000
251.803,SUCCESS,4.510,4.712,19.001,6,6,0.000,0.000,0.000
251.903,SUCCESS,4.510,4.712,19.001,6,6,0.000,0.000,0.000
252.003,SUCCESS,4.510,4.712,19.001,6,6,0.000,0.000,0.000
252.103,SUCCESS,4.509,4.711,19.001,6,6,0.000,0.000,0.000
252.203,SUCCESS,4.509,4.712,19.001,6,6,0.000,0.000,0.000
252.303,SUCCESS,4.509,4.712,19.001,6,6,0.000,0.000,0.000
252.403,SUCCESS,4.508,4.711,19.001,6,6,0.000,0.000,0.000
252.503,SUCCESS,4.508,4.711,19.001,6,6,0.000,0.000,0.000
252.603,SUCCESS,4.508,4.712,19.001,6,6,0.000,0.000,0.000
252.703,SUCCESS,4.508,4.712,19.001,6,6,0.000,0.000,0.000
252.803,SUCCESS,4.508,4.712,19.001,6,6,0.000,0.000,0.000
252.903,SUCCESS,4.508,4.711,19.001,6,6,0.000,0.000,0.000
253.003,SUCCESS,4.507,4.711,19.001,6,6,0.000,0.000,0.000
253.103,SUCCESS,4.507,4.711,19.001,6,6,0.000,0.000,0.000
253.203,SUCCESS,4.507,4.711,19.001,6,6,0.000,0.000,0.000
253.303,SUCCESS,4.507,4.711,19.001,6,6,0.000,0.000,0.000
253.403,SUCCESS,4.507,4.711,19.001,6,6,0.000,0.000,0.000
253.503,SUCCESS,4.507,4.711,19.001,6,6,0.000,0.000,0.000
253.603,SUCCESS,4.507,4.711,19.001,6,6,0.000,0.000,0.000
253.703,SUCCESS,4.507,4.711,19.001,6,6,0.000,0.000,0.000
253.803,SUCCESS,4.507,4.711,19.001,6,6,0.000,0.000,0.000
253.903,SUCCESS,4.507,4.711,19.001,6,6,0.000,0.000,0.000
254.003,SUCCESS,4.508,4.712,19.001,6,6,0.000,0.000,0.000
254.103,SUCCESS,4.508,4.712,19.001,6,6,0.000,0.000,0.000
254.203,SUCCESS,4.508,4.712,19.001,6,6,0.000,0.000,0.000
254.303,SUCCESS,4.507,4.712,19.001,6,6,0.000,0.000,0.000
254.403,SUCCESS,4.507,4.712,19.001,6,6,0.000,0.000,0.000
254.503,SUCCESS,4.507,4.712,19.001,6,6,0.000,0.000,0.000
254.603,SUCCESS,4.507,4.712,19.001,6,6,0.000,0.000,0.000
254.703,SUCCESS,4.507,4.712,19.001,6,6,0.000,0.000,0.000
254.803,SUCCESS,4.508,4.712,19.001,6,6,0.000,0.000,0.000
254.903,SUCCESS,4.508,4.712,19.001,6,6,0.000,0.000,0.000
255.003,SUCCESS,4.508,4.712,19.001,6,6,0.000,0.000,0.000
255.103,SUCCESS,4.508,4.712,19.001,6,6,0.000,0.000,0.000
255.203,SUCCESS,4.508,4.712,19.001,6,6,0.000,0.000,0.000
255.303,SUCCESS,4.507,4.712,19.001,6,6,0.000,0.000,0.000
255.403,SUCCESS,4.507,4.712,19.001,6,6,0.000,0.000,0.000
255.503,SUCCESS,4.506,4.712,19.001,6,6,0.000,0.000,0.000
255.603,SUCCESS,4.506,4.712,19.001,6,6,0.000,0.000,0.000
255.703,SUCCESS,4.506,4.712,19.001,6,6,0.000,0.000,0.000
255.803,SUCCESS,4.506,4.712,19.001,6,6,0.000,0.000,0.000
255.904,SUCCESS,4.506,4.712,19.001,6,6,0.000,0.000,0.000
256.003,SUCCESS,4.506,4.712,19.001,6,6,0.000,0.000,0.000
256.103,SUCCESS,4.506,4.713,19.001,6,6,0.000,0.000,0.000
256.204,SUCCESS,4.506,4.712,19.001,6,6,0.000,0.000,0.000
256.303,SUCCESS,4.506,4.712,19.001,6,6,0.000,0.000,0.000
256.403,SUCCESS,4.505,4.713,19.001,6,6,0.000,0.000,0.000
256.503,SUCCESS,4.505,4.713,19.001,6,6,0.000,0.000,0.000
256.603,SUCCESS,4.505,4.713,19.001,6,6,0.000,0.000,0.000
256.703,SUCCESS,4.505,4.713,19.001,6,6,0.000,0.000,0.000
256.803,SUCCESS,4.504,4.713,19.001,6,6,0.000,0.000,0.000
256.903,SUCCESS,4.504,4.713,19.001,6,6,0.000,0.000,0.000
257.003,SUCCESS,4.504,4.713,19.001,6,6,0.000,0.000,0.000
257.103,SUCCESS,4.503,4.714,19.001,6,6,0.000,0.000,0.000
257.203,SUCCESS,4.503,4.713,19.001,6,6,0.000,0.000,0.000
257.303,SUCCESS,4.502,4.713,19.001,6,6,0.000,0.000,0.000
257.403,SUCCESS,4.502,4.714,19.001,6,6,0.000,0.000,0.000
257.503,SUCCESS,4.502,4.714,19.001,6,6,0.000,0.000,0.000
257.603,SUCCESS,4.502,4.714,19.001,6,6,0.000,0.000,0.000
257.703,SUCCESS,4.502,4.713,19.001,6,6,0.000,0.000,0.000
257.803,SUCCESS,4.502,4.714,19.001,6,6,0.000,0.000,0.000
257.903,SUCCESS,4.502,4.714,19.001,6,6,0.000,0.000,0.000
258.003,SUCCESS,4.502,4.714,19.001,6,6,0.000,0.000,0.000
258.103,SUCCESS,4.501,4.714,19.001,6,6,0.000,0.000,0.000
258.203,SUCCESS,4.501,4.714,19.001,6,6,0.000,0.000,0.000
258.303,SUCCESS,4.501,4.714,19.001,6,6,0.000,0.000,0.000
258.403,SUCCESS,4.502,4.714,19.001,6,6,0.000,0.000,0.000
258.503,SUCCESS,4.503,4.714,19.001,6,6,0.000,0.000,0.000
258.603,SUCCESS,4.503,4.714,19.001,6,6,0.000,0.000,0.000
258.703,SUCCESS,4.504,4.713,19.001,6,6,0.000,0.000,0.000
258.803,SUCCESS,4.504,4.713,19.001,6,6,0.000,0.000,0.000
258.903,SUCCESS,4.504,4.713,19.001,6,6,0.000,0.000,0.000
259.003,SUCCESS,4.504,4.713,19.001,6,6,0.000,0.000,0.000
259.103,SUCCESS,4.504,4.713,19.001,6,6,0.000,0.000,0.000
259.203,SUCCESS,4.503,4.713,19.001,6,6,0.000,0.000,0.000
259.303,SUCCESS,4.503,4.713,19.001,6,6,0.000,0.000,0.000
259.403,SUCCESS,4.503,4.713,19.001,6,6,0.000,0.000,0.000
259.503,SUCCESS,4.503,4.713,19.001,6,6,0.000,0.000,0.000
259.603,SUCCESS,4.504,4.713,19.001,6,6,0.000,0.000,0.000
259.703,SUCCESS,4.504,4.713,19.001,6,6,0.000,0.000,0.000
259.803,SUCCESS,4.505,4.713,19.001,6,6,0.000,0.000,0.000
259.903,SUCCESS,4.505,4.713,19.001,6,6,0.000,0.000,0.000
260.003,SUCCESS,4.505,4.713,19.001,6,6,0.000,0.000,0.000
260.103,SUCCESS,4.505,4.714,19.001,6,6,0.000,0.000,0.000
260.204,SUCCESS,4.505,4.713,19.001,6,6,0.000,0.000,0.000
260.303,SUCCESS,4.505,4.713,19.001,6,6,0.000,0.000,0.000
260.403,SUCCESS,4.505,4.713,19.001,6,6,0.000,0.000,0.000
260.503,SUCCESS,4.505,4.713,19.001,6,6,0.000,0.000,0.000
260.603,SUCCESS,4.504,4.713,19.001,6,6,0.000,0.000,0.000
260.703,SUCCESS,4.504,4.713,19.001,6,6,0.000,0.000,0.000
260.803,SUCCESS,4.504,4.713,19.001,6,6,0.000,0.000,0.000
260.903,SUCCESS,4.504,4.713,19.001,6,6,0.000,0.000,0.000
261.003,SUCCESS,4.503,4.713,19.001,6,6,0.000,0.000,0.000
261.103,SUCCESS,4.503,4.713,19.001,6,6,0.000,0.000,0.000
261.203,SUCCESS,4.502,4.713,19.001,6,6,0.000,0.000,0.000
261.303,SUCCESS,4.502,4.713,19.001,6,6,0.000,0.000,0.000
261.403,SUCCESS,4.502,4.713,19.001,6,6,0.000,0.000,0.000
261.503,SUCCESS,4.502,4.713,19.001,6,6,0.000,0.000,0.000
261.603,SUCCESS,4.502,4.713,19.001,6,6,0.000,0.000,0.000
261.703,SUCCESS,4.502,4.713,19.001,6,6,0.000,0.000,0.000
261.803,SUCCESS,4.502,4.713,19.001,6,6,0.000,0.000,0.000
261.904,SUCCESS,4.503,4.713,19.001,6,6,0.000,0.000,0.000
262.004,SUCCESS,4.503,4.713,19.001,6,6,0.000,0.000,0.000
262.103,SUCCESS,4.503,4.713,19.001,6,6,0.000,0.000,0.000
262.203,SUCCESS,4.503,4.713,19.001,6,6,0.000,0.000,0.000
262.303,SUCCESS,4.503,4.713,19.001,6,6,0.000,0.000,0.000
262.403,SUCCESS,4.502,4.713,19.001,6,6,0.000,0.000,0.000
262.503,SUCCESS,4.502,4.713,19.001,6,6,0.000,0.000,0.000
262.603,SUCCESS,4.502,4.713,19.001,6,6,0.000,0.000,0.000
262.703,SUCCESS,4.502,4.713,19.001,6,6,0.000,0.000,0.000
262.803,SUCCESS,4.502,4.713,19.001,6,6,0.000,0.000,0.000
262.903,SUCCESS,4.503,4.713,19.001,6,6,0.000,0.000,0.000
263.004,SUCCESS,4.503,4.713,19.001,6,6,0.000,0.000,0.000
263.103,SUCCESS,4.504,4.713,19.001,6,6,0.000,0.000,0.000
263.203,SUCCESS,4.504,4.713,19.001,6,6,0.000,0.000,0.000
263.303,SUCCESS,4.505,4.713,19.001,6,6,0.000,0.000,0.000
263.403,SUCCESS,4.505,4.713,19.001,6,6,0.000,0.000,0.000
263.503,SUCCESS,4.504,4.713,19.001,6,6,0.000,0.000,0.000
263.603,SUCCESS,4.504,4.713,19.001,6,6,0.000,0.000,0.000
263.703,SUCCESS,4.504,4.713,19.001,6,6,0.000,0.000,0.000
263.803,SUCCESS,4.504,4.713,19.001,6,6,0.000,0.000,0.000
263.903,SUCCESS,4.504,4.713,19.001,6,6,0.000,0.000,0.000
264.003,SUCCESS,4.504,4.713,19.001,6,6,0.000,0.000,0.000
264.103,SUCCESS,4.504,4.713,19.001,6,6,0.000,0.000,0.000
264.203,SUCCESS,4.504,4.713,19.001,6,6,0.000,0.000,0.000
264.303,SUCCESS,4.504,4.713,19.001,6,6,0.000,0.000,0.000
264.403,SUCCESS,4.504,4.713,19.001,6,6,0.000,0.000,0.000
264.503,SUCCESS,4.503,4.713,19.001,6,6,0.000,0.000,0.000
264.603,SUCCESS,4.503,4.713,19.001,6,6,0.000,0.000,0.000
264.703,SUCCESS,4.503,4.713,19.001,6,6,0.000,0.000,0.000
264.803,SUCCESS,4.502,4.713,19.001,6,6,0.000,0.000,0.000
264.903,SUCCESS,4.502,4.713,19.001,6,6,0.000,0.000,0.000
265.003,SUCCESS,4.502,4.713,19.001,6,6,0.000,0.000,0.000
265.103,SUCCESS,4.501,4.713,19.001,6,6,0.000,0.000,0.000
265.203,SUCCESS,4.500,4.713,19.001,6,6,0.000,0.000,0.000
265.303,SUCCESS,4.500,4.713,19.001,6,6,0.000,0.000,0.000
265.403,SUCCESS,4.499,4.713,19.001,6,6,0.000,0.000,0.000
265.503,SUCCESS,4.500,4.713,19.001,6,6,0.000,0.000,0.000
265.603,SUCCESS,4.500,4.713,19.001,6,6,0.000,0.000,0.000
265.703,SUCCESS,4.500,4.713,19.001,6,6,0.000,0.000,0.000
265.803,SUCCESS,4.500,4.713,19.001,6,6,0.000,0.000,0.000
265.903,SUCCESS,4.501,4.713,19.001,6,6,0.000,0.000,0.000
266.003,SUCCESS,4.501,4.713,19.001,6,6,0.000,0.000,0.000
266.103,SUCCESS,4.501,4.713,19.001,6,6,0.000,0.000,0.000
266.203,SUCCESS,4.502,4.713,19.001,6,6,0.000,0.000,0.000
266.303,SUCCESS,4.502,4.713,19.001,6,6,0.000,0.000,0.000
266.403,SUCCESS,4.502,4.713,19.001,6,6,0.000,0.000,0.000
266.503,SUCCESS,4.503,4.713,19.001,6,6,0.000,0.000,0.000
266.603,SUCCESS,4.503,4.713,19.001,6,6,0.000,0.000,0.000
266.703,SUCCESS,4.504,4.713,19.001,6,6,0.000,0.000,0.000
266.803,SUCCESS,4.505,4.713,19.001,6,6,0.000,0.000,0.000
266.903,SUCCESS,4.506,4.713,19.001,6,6,0.000,0.000,0.000
267.003,SUCCESS,4.506,4.712,19.001,6,6,0.000,0.000,0.000
267.103,SUCCESS,4.507,4.713,19.001,6,6,0.000,0.000,0.000
267.203,SUCCESS,4.507,4.713,19.001,6,6,0.000,0.000,0.000
267.303,SUCCESS,4.507,4.713,19.001,6,6,0.000,0.000,0.000
267.403,SUCCESS,4.507,4.713,19.001,6,6,0.000,0.000,0.000
267.503,SUCCESS,4.507,4.712,19.001,6,6,0.000,0.000,0.000
267.603,SUCCESS,4.507,4.712,19.001,6,6,0.000,0.000,0.000
267.703,SUCCESS,4.507,4.713,19.001,6,6,0.000,0.000,0.000
267.803,SUCCESS,4.507,4.713,19.001,6,6,0.000,0.000,0.000
267.903,SUCCESS,4.507,4.713,19.001,6,6,0.000,0.000,0.000
268.003,SUCCESS,4.507,4.713,19.001,6,6,0.000,0.000,0.000
268.103,SUCCESS,4.507,4.713,19.001,6,6,0.000,0.000,0.000
268.203,SUCCESS,4.507,4.713,19.001,6,6,0.000,0.000,0.000
268.303,SUCCESS,4.507,4.713,19.001,6,6,0.000,0.000,0.000
268.403,SUCCESS,4.506,4.713,19.001,6,6,0.000,0.000,0.000
268.503,SUCCESS,4.506,4.713,19.001,6,6,0.000,0.000,0.000
268.603,SUCCESS,4.506,4.713,19.001,6,6,0.000,0.000,0.000
268.703,SUCCESS,4.506,4.713,19.001,6,6,0.000,0.000,0.000
268.803,SUCCESS,4.507,4.713,19.001,6,6,0.000,0.000,0.000
268.903,SUCCESS,4.507,4.713,19.001,6,6,0.000,0.000,0.000
269.003,SUCCESS,4.507,4.713,19.001,6,6,0.000,0.000,0.000
269.103,SUCCESS,4.507,4.713,19.001,6,6,0.000,0.000,0.000
269.203,SUCCESS,4.507,4.713,19.001,6,6,0.000,0.000,0.000
269.303,SUCCESS,4.507,4.713,19.001,6,6,0.000,0.000,0.000
269.403,SUCCESS,4.507,4.713,19.001,6,6,0.000,0.000,0.000
269.503,SUCCESS,4.507,4.713,19.001,6,6,0.000,0.000,0.000
269.603,SUCCESS,4.507,4.713,19.001,6,6,0.000,0.000,0.000
269.703,SUCCESS,4.507,4.713,19.001,6,6,0.000,0.000,0.000
269.803,SUCCESS,4.507,4.713,19.001,6,6,0.000,0.000,0.000
269.903,SUCCESS,4.507,4.712,19.001,6,6,0.000,0.000,0.000
270.003,SUCCESS,4.507,4.712,19.001,6,6,0.000,0.000,0.000
270.103,SUCCESS,4.508,4.712,19.001,6,6,0.000,0.000,0.000
270.203,SUCCESS,4.508,4.712,19.001,6,6,0.000,0.000,0.000
270.303,SUCCESS,4.508,4.712,19.001,6,6,0.000,0.000,0.000
270.403,SUCCESS,4.508,4.712,19.001,6,6,0.000,0.000,0.000
270.503,SUCCESS,4.507,4.711,19.001,6,6,0.000,0.000,0.000
270.603,SUCCESS,4.507,4.712,19.001,6,6,0.000,0.000,0.000
270.703,SUCCESS,4.507,4.712,19.001,6,6,0.000,0.000,0.000
270.803,SUCCESS,4.506,4.712,19.001,6,6,0.000,0.000,0.000
270.903,SUCCESS,4.505,4.712,19.001,6,6,0.000,0.000,0.000
271.003,SUCCESS,4.505,4.711,19.001,6,6,0.000,0.000,0.000
271.103,SUCCESS,4.505,4.712,19.001,6,6,0.000,0.000,0.000
271.203,SUCCESS,4.505,4.712,19.001,6,6,0.000,0.000,0.000
271.303,SUCCESS,4.505,4.711,19.001,6,6,0.000,0.000,0.000
271.403,SUCCESS,4.504,4.711,19.001,6,6,0.000,0.000,0.000
271.503,SUCCESS,4.504,4.711,19.001,6,6,0.000,0.000,0.000
271.603,SUCCESS,4.504,4.712,19.001,6,6,0.000,0.000,0.000
271.703,SUCCESS,4.504,4.711,19.001,6,6,0.000,0.000,0.000
271.803,SUCCESS,4.504,4.711,19.001,6,6,0.000,0.000,0.000
271.903,SUCCESS,4.504,4.711,19.001,6,6,0.000,0.000,0.000
272.003,SUCCESS,4.504,4.711,19.001,6,6,0.000,0.000,0.000
272.104,SUCCESS,4.504,4.711,19.001,6,6,0.000,0.000,0.000
272.203,SUCCESS,4.504,4.711,19.001,6,6,0.000,0.000,0.000
272.303,SUCCESS,4.504,4.711,19.001,6,6,0.000,0.000,0.000
272.403,SUCCESS,4.504,4.711,19.001,6,6,0.000,0.000,0.000
272.503,SUCCESS,4.503,4.711,19.001,6,6,0.000,0.000,0.000
272.603,SUCCESS,4.503,4.711,19.001,6,6,0.000,0.000,0.000
272.703,SUCCESS,4.502,4.711,19.001,6,6,0.000,0.000,0.000
272.803,SUCCESS,4.502,4.711,19.001,6,6,0.000,0.000,0.000
272.903,SUCCESS,4.502,4.711,19.001,6,6,0.000,0.000,0.000
273.003,SUCCESS,4.501,4.711,19.001,6,6,0.000,0.000,0.000
273.103,SUCCESS,4.501,4.711,19.001,6,6,0.000,0.000,0.000
273.204,SUCCESS,4.500,4.712,19.001,6,6,0.000,0.000,0.000
273.303,SUCCESS,4.500,4.712,19.001,6,6,0.000,0.000,0.000
273.403,SUCCESS,4.500,4.711,19.001,6,6,0.000,0.000,0.000
273.503,SUCCESS,4.501,4.711,19.001,6,6,0.000,0.000,0.000
273.603,SUCCESS,4.501,4.711,19.001,6,6,0.000,0.000,0.000
273.703,SUCCESS,4.501,4.711,19.001,6,6,0.000,0.000,0.000
273.803,SUCCESS,4.502,4.711,19.001,6,6,0.000,0.000,0.000
273.903,SUCCESS,4.502,4.711,19.001,6,6,0.000,0.000,0.000
274.003,SUCCESS,4.503,4.712,19.001,6,6,0.000,0.000,0.000
274.103,SUCCESS,4.503,4.712,19.001,6,6,0.000,0.000,0.000
274.203,SUCCESS,4.503,4.712,19.001,6,6,0.000,0.000,0.000
274.303,SUCCESS,4.503,4.712,19.001,6,6,0.000,0.000,0.000
274.404,SUCCESS,4.503,4.712,19.001,6,6,0.000,0.000,0.000
274.503,SUCCESS,4.504,4.711,19.001,6,6,0.000,0.000,0.000
274.603,SUCCESS,4.504,4.711,19.001,6,6,0.000,0.000,0.000
274.703,SUCCESS,4.504,4.711,19.001,6,6,0.000,0.000,0.000
274.803,SUCCESS,4.505,4.711,19.001,6,6,0.000,0.000,0.000
274.903,SUCCESS,4.505,4.711,19.001,6,6,0.000,0.000,0.000
275.003,SUCCESS,4.506,4.711,19.001,6,6,0.000,0.000,0.000
275.103,SUCCESS,4.508,4.711,19.001,6,6,0.000,0.000,0.000
275.203,SUCCESS,4.509,4.711,19.001,6,6,0.000,0.000,0.000
275.303,SUCCESS,4.509,4.711,19.001,6,6,0.000,0.000,0.000
275.403,SUCCESS,4.509,4.711,19.001,6,6,0.000,0.000,0.000
275.503,SUCCESS,4.510,4.711,19.001,6,6,0.000,0.000,0.000
275.603,SUCCESS,4.510,4.711,19.001,6,6,0.000,0.000,0.000
275.703,SUCCESS,4.510,4.711,19.001,6,6,0.000,0.000,0.000
275.803,SUCCESS,4.511,4.711,19.001,6,6,0.000,0.000,0.000
275.903,SUCCESS,4.511,4.711,19.001,6,6,0.000,0.000,0.000
276.003,SUCCESS,4.511,4.711,19.001,6,6,0.000,0.000,0.000
276.103,SUCCESS,4.511,4.712,19.001,6,6,0.000,0.000,0.000
276.203,SUCCESS,4.511,4.712,19.001,6,6,0.000,0.000,0.000
276.303,SUCCESS,4.511,4.711,19.001,6,6,0.000,0.000,0.000
276.403,SUCCESS,4.511,4.711,19.001,6,6,0.000,0.000,0.000
276.503,SUCCESS,4.511,4.711,19.001,6,6,0.000,0.000,0.000
276.603,SUCCESS,4.511,4.712,19.001,6,6,0.000,0.000,0.000
276.703,SUCCESS,4.511,4.712,19.001,6,6,0.000,0.000,0.000
276.803,SUCCESS,4.511,4.711,19.001,6,6,0.000,0.000,0.000
276.903,SUCCESS,4.511,4.711,19.001,6,6,0.000,0.000,0.000
277.003,SUCCESS,4.511,4.712,19.001,6,6,0.000,0.000,0.000
277.103,SUCCESS,4.511,4.711,19.001,6,6,0.000,0.000,0.000
277.203,SUCCESS,4.511,4.711,19.001,6,6,0.000,0.000,0.000
277.303,SUCCESS,4.510,4.711,19.001,6,6,0.000,0.000,0.000
277.403,SUCCESS,4.510,4.711,19.001,6,6,0.000,0.000,0.000
277.504,SUCCESS,4.509,4.711,19.001,6,6,0.000,0.000,0.000
277.603,SUCCESS,4.509,4.711,19.001,6,6,0.000,0.000,0.000
277.703,SUCCESS,4.509,4.711,19.001,6,6,0.000,0.000,0.000
277.803,SUCCESS,4.509,4.711,19.001,6,6,0.000,0.000,0.000
277.904,SUCCESS,4.508,4.711,19.001,6,6,0.000,0.000,0.000
278.003,SUCCESS,4.508,4.711,19.001,6,6,0.000,0.000,0.000
278.103,SUCCESS,4.508,4.711,19.001,6,6,0.000,0.000,0.000
278.203,SUCCESS,4.508,4.711,19.001,6,6,0.000,0.000,0.000
278.303,SUCCESS,4.507,4.711,19.001,6,6,0.000,0.000,0.000
278.403,SUCCESS,4.507,4.711,19.001,6,6,0.000,0.000,0.000
278.503,SUCCESS,4.507,4.711,19.001,6,6,0.000,0.000,0.000
278.603,SUCCESS,4.507,4.711,19.001,6,6,0.000,0.000,0.000
278.703,SUCCESS,4.507,4.711,19.001,6,6,0.000,0.000,0.000
278.803,SUCCESS,4.507,4.711,19.001,6,6,0.000,0.000,0.000
278.903,SUCCESS,4.507,4.711,19.001,6,6,0.000,0.000,0.000
279.003,SUCCESS,4.508,4.711,19.001,6,6,0.000,0.000,0.000
279.103,SUCCESS,4.508,4.711,19.001,6,6,0.000,0.000,0.000
279.203,SUCCESS,4.508,4.711,19.001,6,6,0.000,0.000,0.000
279.303,SUCCESS,4.508,4.711,19.001,6,6,0.000,0.000,0.000
279.403,SUCCESS,4.509,4.711,19.001,6,6,0.000,0.000,0.000
279.503,SUCCESS,4.509,4.711,19.001,6,6,0.000,0.000,0.000
279.603,SUCCESS,4.509,4.711,19.001,6,6,0.000,0.000,0.000
279.703,SUCCESS,4.509,4.711,19.001,6,6,0.000,0.000,0.000
279.804,SUCCESS,4.508,4.711,19.001,6,6,0.000,0.000,0.000
279.903,SUCCESS,4.508,4.711,19.001,6,6,0.000,0.000,0.000
280.003,SUCCESS,4.508,4.711,19.001,6,6,0.000,0.000,0.000
280.103,SUCCESS,4.507,4.711,19.001,6,6,0.000,0.000,0.000
280.203,SUCCESS,4.506,4.711,19.001,6,6,0.000,0.000,0.000
280.303,SUCCESS,4.506,4.711,19.001,6,6,0.000,0.000,0.000
280.403,SUCCESS,4.505,4.712,19.001,6,6,0.000,0.000,0.000
280.503,SUCCESS,4.505,4.712,19.001,6,6,0.000,0.000,0.000
280.603,SUCCESS,4.504,4.711,19.001,6,6,0.000,0.000,0.000
280.703,SUCCESS,4.504,4.712,19.001,6,6,0.000,0.000,0.000
280.803,SUCCESS,4.504,4.712,19.001,6,6,0.000,0.000,0.000
280.903,SUCCESS,4.504,4.712,19.001,6,6,0.000,0.000,0.000
281.003,SUCCESS,4.504,4.712,19.001,6,6,0.000,0.000,0.000
281.103,SUCCESS,4.504,4.712,19.001,6,6,0.000,0.000,0.000
281.203,SUCCESS,4.504,4.712,19.001,6,6,0.000,0.000,0.000
281.303,SUCCESS,4.504,4.712,19.001,6,6,0.000,0.000,0.000
281.403,SUCCESS,4.504,4.712,19.001,6,6,0.000,0.000,0.000
281.503,SUCCESS,4.504,4.712,19.001,6,6,0.000,0.000,0.000
281.603,SUCCESS,4.504,4.712,19.001,6,6,0.000,0.000,0.000
281.704,SUCCESS,4.504,4.712,19.001,6,6,0.000,0.000,0.000
281.803,SUCCESS,4.503,4.712,19.001,6,6,0.000,0.000,0.000
281.903,SUCCESS,4.503,4.712,19.001,6,6,0.000,0.000,0.000
282.003,SUCCESS,4.503,4.712,19.001,6,6,0.000,0.000,0.000
282.103,SUCCESS,4.503,4.712,19.001,6,6,0.000,0.000,0.000
282.203,SUCCESS,4.503,4.712,19.001,6,6,0.000,0.000,0.000
282.304,SUCCESS,4.504,4.712,19.001,6,6,0.000,0.000,0.000
282.403,SUCCESS,4.504,4.712,19.001,6,6,0.000,0.000,0.000
282.503,SUCCESS,4.504,4.712,19.001,6,6,0.000,0.000,0.000
282.603,SUCCESS,4.504,4.712,19.001,6,6,0.000,0.000,0.000
282.703,SUCCESS,4.504,4.713,19.001,6,6,0.000,0.000,0.000
282.803,SUCCESS,4.504,4.712,19.001,6,6,0.000,0.000,0.000
282.903,SUCCESS,4.504,4.712,19.001,6,6,0.000,0.000,0.000
283.003,SUCCESS,4.504,4.712,19.001,6,6,0.000,0.000,0.000
283.104,SUCCESS,4.503,4.712,19.001,6,6,0.000,0.000,0.000
283.203,SUCCESS,4.503,4.712,19.001,6,6,0.000,0.000,0.000
283.303,SUCCESS,4.503,4.712,19.001,6,6,0.000,0.000,0.000
283.403,SUCCESS,4.503,4.712,19.001,6,6,0.000,0.000,0.000
283.503,SUCCESS,4.503,4.712,19.001,6,6,0.000,0.000,0.000
283.603,SUCCESS,4.504,4.713,19.001,6,6,0.000,0.000,0.000
283.703,SUCCESS,4.504,4.713,19.001,6,6,0.000,0.000,0.000
283.803,SUCCESS,4.504,4.712,19.001,6,6,0.000,0.000,0.000
283.904,SUCCESS,4.504,4.712,19.001,6,6,0.000,0.000,0.000
284.003,SUCCESS,4.504,4.712,19.001,6,6,0.000,0.000,0.000
284.103,SUCCESS,4.504,4.712,19.001,6,6,0.000,0.000,0.000
284.203,SUCCESS,4.504,4.712,19.001,6,6,0.000,0.000,0.000
284.303,SUCCESS,4.504,4.712,19.001,6,6,0.000,0.000,0.000
284.403,SUCCESS,4.504,4.712,19.001,6,6,0.000,0.000,0.000
284.503,SUCCESS,4.503,4.712,19.001,6,6,0.000,0.000,0.000
284.603,SUCCESS,4.503,4.712,19.001,6,6,0.000,0.000,0.000
284.703,SUCCESS,4.503,4.712,19.001,6,6,0.000,0.000,0.000
284.803,SUCCESS,4.504,4.712,19.001,6,6,0.000,0.000,0.000
284.903,SUCCESS,4.504,4.712,19.001,6,6,0.000,0.000,0.000
285.003,SUCCESS,4.505,4.712,19.001,6,6,0.000,0.000,0.000
285.103,SUCCESS,4.505,4.712,19.001,6,6,0.000,0.000,0.000
285.203,SUCCESS,4.505,4.712,19.001,6,6,0.000,0.000,0.000
285.303,SUCCESS,4.506,4.712,19.001,6,6,0.000,0.000,0.000
285.403,SUCCESS,4.506,4.712,19.001,6,6,0.000,0.000,0.000
285.503,SUCCESS,4.506,4.712,19.001,6,6,0.000,0.000,0.000
285.603,SUCCESS,4.507,4.711,19.001,6,6,0.000,0.000,0.000
285.703,SUCCESS,4.507,4.711,19.001,6,6,0.000,0.000,0.000
285.803,SUCCESS,4.507,4.712,19.001,6,6,0.000,0.000,0.000
285.903,SUCCESS,4.508,4.712,19.001,6,6,0.000,0.000,0.000
286.003,SUCCESS,4.508,4.712,19.001,6,6,0.000,0.000,0.000
286.103,SUCCESS,4.508,4.712,19.001,6,6,0.000,0.000,0.000
286.203,SUCCESS,4.508,4.711,19.001,6,6,0.000,0.000,0.000
286.303,SUCCESS,4.509,4.711,19.001,6,6,0.000,0.000,0.000
286.403,SUCCESS,4.509,4.711,19.001,6,6,0.000,0.000,0.000
286.503,SUCCESS,4.509,4.711,19.001,6,6,0.000,0.000,0.000
286.603,SUCCESS,4.509,4.711,19.001,6,6,0.000,0.000,0.000
286.703,SUCCESS,4.510,4.711,19.001,6,6,0.000,0.000,0.000
286.803,SUCCESS,4.510,4.711,19.001,6,6,0.000,0.000,0.000
286.903,SUCCESS,4.510,4.711,19.001,6,6,0.000,0.000,0.000
287.003,SUCCESS,4.510,4.711,19.001,6,6,0.000,0.000,0.000
287.103,SUCCESS,4.510,4.711,19.001,6,6,0.000,0.000,0.000
287.203,SUCCESS,4.511,4.712,19.001,6,6,0.000,0.000,0.000
287.303,SUCCESS,4.511,4.712,19.001,6,6,0.000,0.000,0.000
287.403,SUCCESS,4.510,4.712,19.001,6,6,0.000,0.000,0.000
287.503,SUCCESS,4.510,4.712,19.001,6,6,0.000,0.000,0.000
287.603,SUCCESS,4.510,4.712,19.001,6,6,0.000,0.000,0.000
287.703,SUCCESS,4.510,4.712,19.001,6,6,0.000,0.000,0.000
287.803,SUCCESS,4.510,4.712,19.001,6,6,0.000,0.000,0.000
287.903,SUCCESS,4.510,4.712,19.001,6,6,0.000,0.000,0.000
288.003,SUCCESS,4.510,4.712,19.001,6,6,0.000,0.000,0.000
288.103,SUCCESS,4.510,4.712,19.001,6,6,0.000,0.000,0.000
288.203,SUCCESS,4.509,4.712,19.001,6,6,0.000,0.000,0.000
288.303,SUCCESS,4.509,4.712,19.001,6,6,0.000,0.000,0.000
288.403,SUCCESS,4.508,4.712,19.001,6,6,0.000,0.000,0.000
288.503,SUCCESS,4.508,4.712,19.001,6,6,0.000,0.000,0.000
288.604,SUCCESS,4.508,4.712,19.001,6,6,0.000,0.000,0.000
288.703,SUCCESS,4.508,4.712,19.001,6,6,0.000,0.000,0.000
288.803,SUCCESS,4.508,4.713,19.001,6,6,0.000,0.000,0.000
288.903,SUCCESS,4.509,4.713,19.001,6,6,0.000,0.000,0.000
289.003,SUCCESS,4.509,4.712,19.001,6,6,0.000,0.000,0.000
289.103,SUCCESS,4.509,4.712,19.001,6,6,0.000,0.000,0.000
289.203,SUCCESS,4.509,4.712,19.001,6,6,0.000,0.000,0.000
289.303,SUCCESS,4.509,4.712,19.001,6,6,0.000,0.000,0.000
289.403,SUCCESS,4.509,4.712,19.001,6,6,0.000,0.000,0.000
289.503,SUCCESS,4.509,4.712,19.001,6,6,0.000,0.000,0.000
289.603,SUCCESS,4.509,4.712,19.001,6,6,0.000,0.000,0.000
289.703,SUCCESS,4.509,4.712,19.001,6,6,0.000,0.000,0.000
289.803,SUCCESS,4.508,4.712,19.001,6,6,0.000,0.000,0.000
289.903,SUCCESS,4.507,4.711,19.001,6,6,0.000,0.000,0.000
290.003,SUCCESS,4.507,4.711,19.001,6,6,0.000,0.000,0.000
290.103,SUCCESS,4.506,4.712,19.001,6,6,0.000,0.000,0.000
290.203,SUCCESS,4.506,4.712,19.001,6,6,0.000,0.000,0.000
290.303,SUCCESS,4.506,4.712,19.001,6,6,0.000,0.000,0.000
290.403,SUCCESS,4.506,4.712,19.001,6,6,0.000,0.000,0.000
290.503,SUCCESS,4.505,4.712,19.001,6,6,0.000,0.000,0.000
290.603,SUCCESS,4.505,4.712,19.001,6,6,0.000,0.000,0.000
290.703,SUCCESS,4.504,4.712,19.001,6,6,0.000,0.000,0.000
290.803,SUCCESS,4.504,4.711,19.001,6,6,0.000,0.000,0.000
290.904,SUCCESS,4.505,4.712,19.001,6,6,0.000,0.000,0.000
291.003,SUCCESS,4.505,4.712,19.001,6,6,0.000,0.000,0.000
291.103,SUCCESS,4.506,4.711,19.001,6,6,0.000,0.000,0.000
291.204,SUCCESS,4.506,4.711,19.001,6,6,0.000,0.000,0.000
291.303,SUCCESS,4.507,4.711,19.001,6,6,0.000,0.000,0.000
291.403,SUCCESS,4.507,4.712,19.001,6,6,0.000,0.000,0.000
291.503,SUCCESS,4.508,4.712,19.001,6,6,0.000,0.000,0.000
291.603,SUCCESS,4.508,4.712,19.001,6,6,0.000,0.000,0.000
291.703,SUCCESS,4.508,4.712,19.001,6,6,0.000,0.000,0.000
291.803,SUCCESS,4.508,4.712,19.001,6,6,0.000,0.000,0.000
291.903,SUCCESS,4.508,4.712,19.001,6,6,0.000,0.000,0.000
292.003,SUCCESS,4.508,4.712,19.001,6,6,0.000,0.000,0.000
292.103,SUCCESS,4.508,4.711,19.001,6,6,0.000,0.000,0.000
292.203,SUCCESS,4.508,4.711,19.001,6,6,0.000,0.000,0.000
292.303,SUCCESS,4.509,4.712,19.001,6,6,0.000,0.000,0.000
292.403,SUCCESS,4.509,4.712,19.001,6,6,0.000,0.000,0.000
292.503,SUCCESS,4.508,4.712,19.001,6,6,0.000,0.000,0.000
292.603,SUCCESS,4.508,4.712,19.001,6,6,0.000,0.000,0.000
292.703,SUCCESS,4.508,4.711,19.001,6,6,0.000,0.000,0.000
292.803,SUCCESS,4.507,4.711,19.001,6,6,0.000,0.000,0.000
292.903,SUCCESS,4.506,4.711,19.001,6,6,0.000,0.000,0.000
293.003,SUCCESS,4.506,4.711,19.001,6,6,0.000,0.000,0.000
293.103,SUCCESS,4.505,4.711,19.001,6,6,0.000,0.000,0.000
293.203,SUCCESS,4.505,4.711,19.001,6,6,0.000,0.000,0.000
293.303,SUCCESS,4.505,4.711,19.001,6,6,0.000,0.000,0.000
293.403,SUCCESS,4.505,4.711,19.001,6,6,0.000,0.000,0.000
293.503,SUCCESS,4.505,4.711,19.001,6,6,0.000,0.000,0.000
293.603,SUCCESS,4.505,4.711,19.001,6,6,0.000,0.000,0.000
293.703,SUCCESS,4.505,4.711,19.001,6,6,0.000,0.000,0.000
293.803,SUCCESS,4.505,4.712,19.001,6,6,0.000,0.000,0.000
293.903,SUCCESS,4.505,4.712,19.001,6,6,0.000,0.000,0.000
294.003,SUCCESS,4.505,4.712,19.001,6,6,0.000,0.000,0.000
294.103,SUCCESS,4.506,4.712,19.001,6,6,0.000,0.000,0.000
294.203,SUCCESS,4.506,4.712,19.001,6,6,0.000,0.000,0.000
294.303,SUCCESS,4.506,4.713,19.001,6,6,0.000,0.000,0.000
294.403,SUCCESS,4.507,4.713,19.001,6,6,0.000,0.000,0.000
294.504,SUCCESS,4.507,4.713,19.001,6,6,0.000,0.000,0.000
294.603,SUCCESS,4.507,4.713,19.001,6,6,0.000,0.000,0.000
294.703,SUCCESS,4.508,4.713,19.001,6,6,0.000,0.000,0.000
294.803,SUCCESS,4.508,4.713,19.001,6,6,0.000,0.000,0.000
294.903,SUCCESS,4.509,4.713,19.001,6,6,0.000,0.000,0.000
295.003,SUCCESS,4.509,4.713,19.001,6,6,0.000,0.000,0.000
295.103,SUCCESS,4.510,4.713,19.001,6,6,0.000,0.000,0.000
295.203,SUCCESS,4.510,4.712,19.001,6,6,0.000,0.000,0.000
295.303,SUCCESS,4.510,4.712,19.001,6,6,0.000,0.000,0.000
295.403,SUCCESS,4.511,4.712,19.001,6,6,0.000,0.000,0.000
295.503,SUCCESS,4.510,4.712,19.001,6,6,0.000,0.000,0.000
295.603,SUCCESS,4.510,4.711,19.001,6,6,0.000,0.000,0.000
295.704,SUCCESS,4.511,4.711,19.001,6,6,0.000,0.000,0.000
295.803,SUCCESS,4.510,4.711,19.001,6,6,0.000,0.000,0.000
295.903,SUCCESS,4.510,4.711,19.001,6,6,0.000,0.000,0.000
296.003,SUCCESS,4.510,4.711,19.001,6,6,0.000,0.000,0.000
296.103,SUCCESS,4.510,4.711,19.001,6,6,0.000,0.000,0.000
296.203,SUCCESS,4.510,4.711,19.001,6,6,0.000,0.000,0.000
296.303,SUCCESS,4.511,4.711,19.001,6,6,0.000,0.000,0.000
296.403,SUCCESS,4.511,4.711,19.001,6,6,0.000,0.000,0.000
296.503,SUCCESS,4.511,4.711,19.001,6,6,0.000,0.000,0.000
296.603,SUCCESS,4.512,4.711,19.001,6,6,0.000,0.000,0.000
296.703,SUCCESS,4.512,4.711,19.001,6,6,0.000,0.000,0.000
296.803,SUCCESS,4.513,4.710,19.001,6,6,0.000,0.000,0.000
296.903,SUCCESS,4.513,4.710,19.001,6,6,0.000,0.000,0.000
297.003,SUCCESS,4.514,4.710,19.001,6,6,0.000,0.000,0.000
297.103,SUCCESS,4.514,4.710,19.001,6,6,0.000,0.000,0.000
297.203,SUCCESS,4.514,4.710,19.001,6,6,0.000,0.000,0.000
297.303,SUCCESS,4.515,4.710,19.001,6,6,0.000,0.000,0.000
297.403,SUCCESS,4.515,4.710,19.001,6,6,0.000,0.000,0.000
297.503,SUCCESS,4.516,4.710,19.001,6,6,0.000,0.000,0.000
297.603,SUCCESS,4.516,4.710,19.001,6,6,0.000,0.000,0.000
297.703,SUCCESS,4.516,4.711,19.001,6,6,0.000,0.000,0.000
297.803,SUCCESS,4.515,4.711,19.001,6,6,0.000,0.000,0.000
297.903,SUCCESS,4.515,4.711,19.001,6,6,0.000,0.000,0.000
298.003,SUCCESS,4.514,4.711,19.001,6,6,0.000,0.000,0.000
298.103,SUCCESS,4.514,4.711,19.001,6,6,0.000,0.000,0.000
298.203,SUCCESS,4.513,4.711,19.001,6,6,0.000,0.000,0.000
298.303,SUCCESS,4.513,4.711,19.001,6,6,0.000,0.000,0.000
298.403,SUCCESS,4.513,4.711,19.001,6,6,0.000,0.000,0.000
298.503,SUCCESS,4.513,4.711,19.001,6,6,0.000,0.000,0.000
298.603,SUCCESS,4.513,4.711,19.001,6,6,0.000,0.000,0.000
298.703,SUCCESS,4.514,4.711,19.001,6,6,0.000,0.000,0.000
298.804,SUCCESS,4.514,4.711,19.001,6,6,0.000,0.000,0.000
298.903,SUCCESS,4.514,4.711,19.001,6,6,0.000,0.000,0.000
299.003,SUCCESS,4.513,4.711,19.001,6,6,0.000,0.000,0.000
299.103,SUCCESS,4.514,4.711,19.001,6,6,0.000,0.000,0.000
299.203,SUCCESS,4.513,4.712,19.001,6,6,0.000,0.000,0.000
299.303,SUCCESS,4.513,4.712,19.001,6,6,0.000,0.000,0.000
299.403,SUCCESS,4.513,4.712,19.001,6,6,0.000,0.000,0.000
299.503,SUCCESS,4.512,4.712,19.001,6,6,0.000,0.000,0.000
299.603,SUCCESS,4.512,4.712,19.001,6,6,0.000,0.000,0.000
299.703,SUCCESS,4.511,4.712,19.001,6,6,0.000,0.000,0.000
299.803,SUCCESS,4.511,4.713,19.001,6,6,0.000,0.000,0.000
299.903,SUCCESS,4.511,4.713,19.001,6,6,0.000,0.000,0.000
300.003,SUCCESS,4.511,4.713,19.001,6,6,0.000,0.000,0.000
300.103,SUCCESS,4.511,4.714,19.001,6,6,0.000,0.000,0.000
300.203,SUCCESS,4.511,4.714,19.001,6,6,0.000,0.000,0.000
300.303,SUCCESS,4.511,4.714,19.001,6,6,0.000,0.000,0.000
300.403,SUCCESS,4.511,4.714,19.001,6,6,0.000,0.000,0.000
300.503,SUCCESS,4.511,4.714,19.001,6,6,0.000,0.000,0.000
300.603,SUCCESS,4.511,4.714,19.001,6,6,0.000,0.000,0.000
300.703,SUCCESS,4.511,4.714,19.001,6,6,0.000,0.000,0.000
300.803,SUCCESS,4.511,4.714,19.001,6,6,0.000,0.000,0.000
300.903,SUCCESS,4.511,4.714,19.001,6,6,0.000,0.000,0.000
301.007,SUCCESS,4.511,4.714,19.001,6,6,0.000,0.000,0.000
301.103,SUCCESS,4.511,4.714,19.001,6,6,0.000,0.000,0.000
301.203,SUCCESS,4.511,4.714,19.001,6,6,0.000,0.000,0.000
301.303,SUCCESS,4.511,4.714,19.001,6,6,0.000,0.000,0.000
301.403,SUCCESS,4.511,4.715,19.001,6,6,0.000,0.000,0.000
301.503,SUCCESS,4.510,4.714,19.001,6,6,0.000,0.000,0.000
301.603,SUCCESS,4.510,4.714,19.001,6,6,0.000,0.000,0.000
301.703,SUCCESS,4.509,4.714,19.001,6,6,0.000,0.000,0.000
301.803,SUCCESS,4.509,4.714,19.001,6,6,0.000,0.000,0.000
301.903,SUCCESS,4.509,4.714,19.001,6,6,0.000,0.000,0.000
302.003,SUCCESS,4.509,4.715,19.001,6,6,0.000,0.000,0.000
302.103,SUCCESS,4.509,4.715,19.001,6,6,0.000,0.000,0.000
302.203,SUCCESS,4.509,4.715,19.001,6,6,0.000,0.000,0.000
302.303,SUCCESS,4.508,4.715,19.001,6,6,0.000,0.000,0.000
302.403,SUCCESS,4.509,4.715,19.001,6,6,0.000,0.000,0.000
302.503,SUCCESS,4.509,4.715,19.001,6,6,0.000,0.000,0.000
302.604,SUCCESS,4.509,4.715,19.001,6,6,0.000,0.000,0.000
302.703,SUCCESS,4.509,4.715,19.001,6,6,0.000,0.000,0.000
302.803,SUCCESS,4.509,4.715,19.001,6,6,0.000,0.000,0.000
302.903,SUCCESS,4.509,4.715,19.001,6,6,0.000,0.000,0.000
303.003,SUCCESS,4.509,4.715,19.001,6,6,0.000,0.000,0.000
303.103,SUCCESS,4.510,4.715,19.001,6,6,0.000,0.000,0.000
303.203,SUCCESS,4.510,4.715,19.001,6,6,0.000,0.000,0.000
303.304,SUCCESS,4.510,4.715,19.001,6,6,0.000,0.000,0.000
303.403,SUCCESS,4.510,4.715,19.001,6,6,0.000,0.000,0.000
303.503,SUCCESS,4.510,4.714,19.001,6,6,0.000,0.000,0.000
303.603,SUCCESS,4.510,4.714,19.001,6,6,0.000,0.000,0.000
303.703,SUCCESS,4.510,4.714,19.001,6,6,0.000,0.000,0.000
303.803,SUCCESS,4.510,4.714,19.001,6,6,0.000,0.000,0.000
303.903,SUCCESS,4.511,4.714,19.001,6,6,0.000,0.000,0.000
304.003,SUCCESS,4.511,4.714,19.001,6,6,0.000,0.000,0.000
304.103,SUCCESS,4.511,4.714,19.001,6,6,0.000,0.000,0.000
304.203,SUCCESS,4.510,4.714,19.001,6,6,0.000,0.000,0.000
304.303,SUCCESS,4.510,4.714,19.001,6,6,0.000,0.000,0.000
304.403,SUCCESS,4.509,4.714,19.001,6,6,0.000,0.000,0.000
304.503,SUCCESS,4.509,4.714,19.001,6,6,0.000,0.000,0.000
304.603,SUCCESS,4.509,4.714,19.001,6,6,0.000,0.000,0.000
304.703,SUCCESS,4.509,4.714,19.001,6,6,0.000,0.000,0.000
304.803,SUCCESS,4.509,4.714,19.001,6,6,0.000,0.000,0.000
304.903,SUCCESS,4.509,4.714,19.001,6,6,0.000,0.000,0.000
305.003,SUCCESS,4.509,4.714,19.001,6,6,0.000,0.000,0.000
305.103,SUCCESS,4.509,4.714,19.001,6,6,0.000,0.000,0.000
305.203,SUCCESS,4.509,4.714,19.001,6,6,0.000,0.000,0.000
305.303,SUCCESS,4.509,4.714,19.001,6,6,0.000,0.000,0.000
305.403,SUCCESS,4.509,4.714,19.001,6,6,0.000,0.000,0.000
305.503,SUCCESS,4.509,4.714,19.001,6,6,0.000,0.000,0.000
305.603,SUCCESS,4.509,4.714,19.001,6,6,0.000,0.000,0.000
305.703,SUCCESS,4.509,4.714,19.001,6,6,0.000,0.000,0.000
305.803,SUCCESS,4.509,4.714,19.001,6,6,0.000,0.000,0.000
305.903,SUCCESS,4.509,4.714,19.001,6,6,0.000,0.000,0.000
306.003,SUCCESS,4.509,4.714,19.001,6,6,0.000,0.000,0.000
306.103,SUCCESS,4.509,4.714,19.001,6,6,0.000,0.000,0.000
306.206,SUCCESS,4.510,4.714,19.001,6,6,0.000,0.000,0.000
306.303,SUCCESS,4.510,4.715,19.001,6,6,0.000,0.000,0.000
306.403,SUCCESS,4.510,4.714,19.001,6,6,0.000,0.000,0.000
306.503,SUCCESS,4.510,4.714,19.001,6,6,0.000,0.000,0.000
306.603,SUCCESS,4.510,4.714,19.001,6,6,0.000,0.000,0.000
306.703,SUCCESS,4.511,4.714,19.001,6,6,0.000,0.000,0.000
306.803,SUCCESS,4.511,4.715,19.001,6,6,0.000,0.000,0.000
306.903,SUCCESS,4.512,4.715,19.001,6,6,0.000,0.000,0.000
307.003,SUCCESS,4.512,4.715,19.001,6,6,0.000,0.000,0.000
307.103,SUCCESS,4.512,4.714,19.001,6,6,0.000,0.000,0.000
307.203,SUCCESS,4.512,4.715,19.001,6,6,0.000,0.000,0.000
307.303,SUCCESS,4.513,4.715,19.001,6,6,0.000,0.000,0.000
307.403,SUCCESS,4.513,4.715,19.001,6,6,0.000,0.000,0.000
307.503,SUCCESS,4.512,4.715,19.001,6,6,0.000,0.000,0.000
307.603,SUCCESS,4.512,4.715,19.001,6,6,0.000,0.000,0.000
307.703,SUCCESS,4.512,4.715,19.001,6,6,0.000,0.000,0.000
307.803,SUCCESS,4.511,4.715,19.001,6,6,0.000,0.000,0.000
307.903,SUCCESS,4.511,4.715,19.001,6,6,0.000,0.000,0.000
308.003,SUCCESS,4.510,4.715,19.001,6,6,0.000,0.000,0.000
308.103,SUCCESS,4.509,4.715,19.001,6,6,0.000,0.000,0.000
308.203,SUCCESS,4.509,4.715,19.001,6,6,0.000,0.000,0.000
308.303,SUCCESS,4.508,4.715,19.001,6,6,0.000,0.000,0.000
308.403,SUCCESS,4.508,4.715,19.001,6,6,0.000,0.000,0.000
308.503,SUCCESS,4.507,4.715,19.001,6,6,0.000,0.000,0.000
308.603,SUCCESS,4.507,4.715,19.001,6,6,0.000,0.000,0.000
308.703,SUCCESS,4.507,4.715,19.001,6,6,0.000,0.000,0.000
308.803,SUCCESS,4.507,4.715,19.001,6,6,0.000,0.000,0.000
308.903,SUCCESS,4.507,4.715,19.001,6,6,0.000,0.000,0.000
309.003,SUCCESS,4.507,4.715,19.001,6,6,0.000,0.000,0.000
309.103,SUCCESS,4.506,4.715,19.001,6,6,0.000,0.000,0.000
309.203,SUCCESS,4.507,4.714,19.001,6,6,0.000,0.000,0.000
309.303,SUCCESS,4.507,4.715,19.001,6,6,0.000,0.000,0.000
309.404,SUCCESS,4.507,4.715,19.001,6,6,0.000,0.000,0.000
309.503,SUCCESS,4.507,4.715,19.001,6,6,0.000,0.000,0.000
309.603,SUCCESS,4.508,4.715,19.001,6,6,0.000,0.000,0.000
309.703,SUCCESS,4.508,4.715,19.001,6,6,0.000,0.000,0.000
309.803,SUCCESS,4.508,4.714,19.001,6,6,0.000,0.000,0.000
309.903,SUCCESS,4.508,4.714,19.001,6,6,0.000,0.000,0.000
310.003,SUCCESS,4.508,4.714,19.001,6,6,0.000,0.000,0.000
310.103,SUCCESS,4.508,4.714,19.001,6,6,0.000,0.000,0.000
310.203,SUCCESS,4.509,4.714,19.001,6,6,0.000,0.000,0.000
310.303,SUCCESS,4.509,4.714,19.001,6,6,0.000,0.000,0.000
310.403,SUCCESS,4.509,4.713,19.001,6,6,0.000,0.000,0.000
310.503,SUCCESS,4.510,4.713,19.001,6,6,0.000,0.000,0.000
310.603,SUCCESS,4.510,4.713,19.001,6,6,0.000,0.000,0.000
310.703,SUCCESS,4.510,4.714,19.001,6,6,0.000,0.000,0.000
310.803,SUCCESS,4.511,4.714,19.001,6,6,0.000,0.000,0.000
310.903,SUCCESS,4.511,4.714,19.001,6,6,0.000,0.000,0.000
311.003,SUCCESS,4.511,4.713,19.001,6,6,0.000,0.000,0.000
311.103,SUCCESS,4.511,4.713,19.001,6,6,0.000,0.000,0.000
311.203,SUCCESS,4.511,4.713,19.001,6,6,0.000,0.000,0.000
311.303,SUCCESS,4.510,4.713,19.001,6,6,0.000,0.000,0.000
311.403,SUCCESS,4.510,4.713,19.001,6,6,0.000,0.000,0.000
311.503,SUCCESS,4.510,4.713,19.001,6,6,0.000,0.000,0.000
311.603,SUCCESS,4.510,4.713,19.001,6,6,0.000,0.000,0.000
311.703,SUCCESS,4.510,4.713,19.001,6,6,0.000,0.000,0.000
311.804,SUCCESS,4.509,4.713,19.001,6,6,0.000,0.000,0.000
311.903,SUCCESS,4.509,4.713,19.001,6,6,0.000,0.000,0.000
312.003,SUCCESS,4.509,4.713,19.001,6,6,0.000,0.000,0.000
312.103,SUCCESS,4.510,4.713,19.001,6,6,0.000,0.000,0.000
312.203,SUCCESS,4.510,4.713,19.001,6,6,0.000,0.000,0.000
312.303,SUCCESS,4.510,4.714,19.001,6,6,0.000,0.000,0.000
312.403,SUCCESS,4.511,4.714,19.001,6,6,0.000,0.000,0.000
312.503,SUCCESS,4.511,4.714,19.001,6,6,0.000,0.000,0.000
312.603,SUCCESS,4.511,4.714,19.001,6,6,0.000,0.000,0.000
312.703,SUCCESS,4.511,4.714,19.001,6,6,0.000,0.000,0.000
312.803,SUCCESS,4.511,4.714,19.001,6,6,0.000,0.000,0.000
312.903,SUCCESS,4.511,4.714,19.001,6,6,0.000,0.000,0.000
313.003,SUCCESS,4.512,4.714,19.001,6,6,0.000,0.000,0.000
313.103,SUCCESS,4.512,4.714,19.001,6,6,0.000,0.000,0.000
313.203,SUCCESS,4.512,4.714,19.001,6,6,0.000,0.000,0.000
313.303,SUCCESS,4.512,4.714,19.001,6,6,0.000,0.000,0.000
313.403,SUCCESS,4.512,4.714,19.001,6,6,0.000,0.000,0.000
313.503,SUCCESS,4.512,4.714,19.001,6,6,0.000,0.000,0.000
313.603,SUCCESS,4.511,4.714,19.001,6,6,0.000,0.000,0.000
313.703,SUCCESS,4.511,4.715,19.001,6,6,0.000,0.000,0.000
313.803,SUCCESS,4.511,4.715,19.001,6,6,0.000,0.000,0.000
313.903,SUCCESS,4.512,4.715,19.001,6,6,0.000,0.000,0.000
314.003,SUCCESS,4.512,4.715,19.001,6,6,0.000,0.000,0.000
314.103,SUCCESS,4.512,4.714,19.001,6,6,0.000,0.000,0.000
314.203,SUCCESS,4.513,4.714,19.001,6,6,0.000,0.000,0.000
314.303,SUCCESS,4.513,4.714,19.001,6,6,0.000,0.000,0.000
314.403,SUCCESS,4.513,4.714,19.001,6,6,0.000,0.000,0.000
314.503,SUCCESS,4.513,4.715,19.001,6,6,0.000,0.000,0.000
314.603,SUCCESS,4.513,4.715,19.001,6,6,0.000,0.000,0.000
314.703,SUCCESS,4.513,4.715,19.001,6,6,0.000,0.000,0.000
314.803,SUCCESS,4.513,4.714,19.001,6,6,0.000,0.000,0.000
314.905,SUCCESS,4.512,4.715,19.001,6,6,0.000,0.000,0.000
315.003,SUCCESS,4.512,4.715,19.001,6,6,0.000,0.000,0.000
315.103,SUCCESS,4.512,4.715,19.001,6,6,0.000,0.000,0.000
315.203,SUCCESS,4.512,4.715,19.001,6,6,0.000,0.000,0.000
315.303,SUCCESS,4.512,4.715,19.001,6,6,0.000,0.000,0.000
315.403,SUCCESS,4.512,4.714,19.001,6,6,0.000,0.000,0.000
315.503,SUCCESS,4.512,4.715,19.001,6,6,0.000,0.000,0.000
315.603,SUCCESS,4.513,4.715,19.001,6,6,0.000,0.000,0.000
315.703,SUCCESS,4.513,4.715,19.001,6,6,0.000,0.000,0.000
315.803,SUCCESS,4.514,4.714,19.001,6,6,0.000,0.000,0.000
315.903,SUCCESS,4.514,4.714,19.001,6,6,0.000,0.000,0.000
316.003,SUCCESS,4.514,4.714,19.001,6,6,0.000,0.000,0.000
316.103,SUCCESS,4.514,4.714,19.001,6,6,0.000,0.000,0.000
316.203,SUCCESS,4.514,4.714,19.001,6,6,0.000,0.000,0.000
316.303,SUCCESS,4.514,4.714,19.001,6,6,0.000,0.000,0.000
316.403,SUCCESS,4.514,4.714,19.001,6,6,0.000,0.000,0.000
316.503,SUCCESS,4.514,4.714,19.001,6,6,0.000,0.000,0.000
316.604,SUCCESS,4.514,4.714,19.001,6,6,0.000,0.000,0.000
316.703,SUCCESS,4.514,4.714,19.001,6,6,0.000,0.000,0.000
316.803,SUCCESS,4.514,4.714,19.001,6,6,0.000,0.000,0.000
316.903,SUCCESS,4.513,4.714,19.001,6,6,0.000,0.000,0.000
317.003,SUCCESS,4.513,4.714,19.001,6,6,0.000,0.000,0.000
317.103,SUCCESS,4.513,4.714,19.001,6,6,0.000,0.000,0.000
317.203,SUCCESS,4.513,4.714,19.001,6,6,0.000,0.000,0.000
317.303,SUCCESS,4.513,4.714,19.001,6,6,0.000,0.000,0.000
317.403,SUCCESS,4.513,4.714,19.001,6,6,0.000,0.000,0.000
317.503,SUCCESS,4.513,4.714,19.001,6,6,0.000,0.000,0.000
317.603,SUCCESS,4.513,4.713,19.001,6,6,0.000,0.000,0.000
317.703,SUCCESS,4.513,4.713,19.001,6,6,0.000,0.000,0.000
317.803,SUCCESS,4.513,4.713,19.001,6,6,0.000,0.000,0.000
317.903,SUCCESS,4.513,4.714,19.001,6,6,0.000,0.000,0.000
318.003,SUCCESS,4.513,4.713,19.001,6,6,0.000,0.000,0.000
318.103,SUCCESS,4.513,4.713,19.001,6,6,0.000,0.000,0.000
318.203,SUCCESS,4.514,4.714,19.001,6,6,0.000,0.000,0.000
318.303,SUCCESS,4.514,4.714,19.001,6,6,0.000,0.000,0.000
318.403,SUCCESS,4.514,4.714,19.001,6,6,0.000,0.000,0.000
318.503,SUCCESS,4.514,4.714,19.001,6,6,0.000,0.000,0.000
318.603,SUCCESS,4.514,4.714,19.001,6,6,0.000,0.000,0.000
318.703,SUCCESS,4.514,4.714,19.001,6,6,0.000,0.000,0.000
318.804,SUCCESS,4.514,4.714,19.001,6,6,0.000,0.000,0.000
318.903,SUCCESS,4.514,4.714,19.001,6,6,0.000,0.000,0.000
319.003,SUCCESS,4.514,4.714,19.001,6,6,0.000,0.000,0.000
319.103,SUCCESS,4.514,4.714,19.001,6,6,0.000,0.000,0.000
319.203,SUCCESS,4.514,4.713,19.001,6,6,0.000,0.000,0.000
319.303,SUCCESS,4.514,4.713,19.001,6,6,0.000,0.000,0.000
319.403,SUCCESS,4.514,4.713,19.001,6,6,0.000,0.000,0.000
319.503,SUCCESS,4.514,4.714,19.001,6,6,0.000,0.000,0.000
319.603,SUCCESS,4.514,4.714,19.001,6,6,0.000,0.000,0.000
319.703,SUCCESS,4.514,4.713,19.001,6,6,0.000,0.000,0.000
319.803,SUCCESS,4.514,4.713,19.001,6,6,0.000,0.000,0.000
319.903,SUCCESS,4.514,4.713,19.001,6,6,0.000,0.000,0.000
320.004,SUCCESS,4.514,4.713,19.001,6,6,0.000,0.000,0.000
320.103,SUCCESS,4.514,4.713,19.001,6,6,0.000,0.000,0.000
320.203,SUCCESS,4.514,4.713,19.001,6,6,0.000,0.000,0.000
320.303,SUCCESS,4.514,4.714,19.001,6,6,0.000,0.000,0.000
320.403,SUCCESS,4.514,4.713,19.001,6,6,0.000,0.000,0.000
320.503,SUCCESS,4.514,4.714,19.001,6,6,0.000,0.000,0.000
320.603,SUCCESS,4.514,4.714,19.001,6,6,0.000,0.000,0.000
320.703,SUCCESS,4.514,4.714,19.001,6,6,0.000,0.000,0.000
320.803,SUCCESS,4.514,4.714,19.001,6,6,0.000,0.000,0.000
320.904,SUCCESS,4.514,4.714,19.001,6,6,0.000,0.000,0.000
321.003,SUCCESS,4.514,4.714,19.001,6,6,0.000,0.000,0.000
321.104,SUCCESS,4.514,4.714,19.001,6,6,0.000,0.000,0.000
321.203,SUCCESS,4.514,4.714,19.001,6,6,0.000,0.000,0.000
321.303,SUCCESS,4.514,4.714,19.001,6,6,0.000,0.000,0.000
321.403,SUCCESS,4.514,4.714,19.001,6,6,0.000,0.000,0.000
321.503,SUCCESS,4.514,4.713,19.001,6,6,0.000,0.000,0.000
321.603,SUCCESS,4.514,4.713,19.001,6,6,0.000,0.000,0.000
321.703,SUCCESS,4.514,4.713,19.001,6,6,0.000,0.000,0.000
321.803,SUCCESS,4.514,4.713,19.001,6,6,0.000,0.000,0.000
321.903,SUCCESS,4.513,4.713,19.001,6,6,0.000,0.000,0.000
322.003,SUCCESS,4.513,4.714,19.001,6,6,0.000,0.000,0.000
322.103,SUCCESS,4.512,4.714,19.001,6,6,0.000,0.000,0.000
322.203,SUCCESS,4.512,4.714,19.001,6,6,0.000,0.000,0.000
322.303,SUCCESS,4.511,4.714,19.001,6,6,0.000,0.000,0.000
322.403,SUCCESS,4.511,4.714,19.001,6,6,0.000,0.000,0.000
322.503,SUCCESS,4.511,4.714,19.001,6,6,0.000,0.000,0.000
322.603,SUCCESS,4.510,4.714,19.001,6,6,0.000,0.000,0.000
322.703,SUCCESS,4.510,4.714,19.001,6,6,0.000,0.000,0.000
322.803,SUCCESS,4.510,4.714,19.001,6,6,0.000,0.000,0.000
322.903,SUCCESS,4.510,4.714,19.001,6,6,0.000,0.000,0.000
323.003,SUCCESS,4.511,4.714,19.001,6,6,0.000,0.000,0.000
323.103,SUCCESS,4.511,4.714,19.001,6,6,0.000,0.000,0.000
323.203,SUCCESS,4.512,4.714,19.001,6,6,0.000,0.000,0.000
323.303,SUCCESS,4.512,4.714,19.001,6,6,0.000,0.000,0.000
323.403,SUCCESS,4.512,4.714,19.001,6,6,0.000,0.000,0.000
323.503,SUCCESS,4.512,4.714,19.001,6,6,0.000,0.000,0.000
323.603,SUCCESS,4.512,4.714,19.001,6,6,0.000,0.000,0.000
323.703,SUCCESS,4.512,4.714,19.001,6,6,0.000,0.000,0.000
323.803,SUCCESS,4.512,4.714,19.001,6,6,0.000,0.000,0.000
323.903,SUCCESS,4.511,4.714,19.001,6,6,0.000,0.000,0.000
324.003,SUCCESS,4.511,4.714,19.001,6,6,0.000,0.000,0.000
324.103,SUCCESS,4.511,4.714,19.001,6,6,0.000,0.000,0.000
324.203,SUCCESS,4.511,4.714,19.001,6,6,0.000,0.000,0.000
324.303,SUCCESS,4.511,4.714,19.001,6,6,0.000,0.000,0.000
324.403,SUCCESS,4.511,4.714,19.001,6,6,0.000,0.000,0.000
324.503,SUCCESS,4.511,4.714,19.001,6,6,0.000,0.000,0.000
324.603,SUCCESS,4.511,4.714,19.001,6,6,0.000,0.000,0.000
324.703,SUCCESS,4.511,4.714,19.001,6,6,0.000,0.000,0.000
324.803,SUCCESS,4.510,4.714,19.001,6,6,0.000,0.000,0.000
324.903,SUCCESS,4.510,4.714,19.001,6,6,0.000,0.000,0.000
325.003,SUCCESS,4.509,4.714,19.001,6,6,0.000,0.000,0.000
325.103,SUCCESS,4.509,4.714,19.001,6,6,0.000,0.000,0.000
325.203,SUCCESS,4.508,4.714,19.001,6,6,0.000,0.000,0.000
325.303,SUCCESS,4.508,4.715,19.001,6,6,0.000,0.000,0.000
325.403,SUCCESS,4.508,4.715,19.001,6,6,0.000,0.000,0.000
325.503,SUCCESS,4.508,4.715,19.001,6,6,0.000,0.000,0.000
325.603,SUCCESS,4.508,4.715,19.001,6,6,0.000,0.000,0.000
325.703,SUCCESS,4.508,4.715,19.001,6,6,0.000,0.000,0.000
325.803,SUCCESS,4.509,4.715,19.001,6,6,0.000,0.000,0.000
325.903,SUCCESS,4.510,4.714,19.001,6,6,0.000,0.000,0.000
326.003,SUCCESS,4.511,4.714,19.001,6,6,0.000,0.000,0.000
326.104,SUCCESS,4.511,4.714,19.001,6,6,0.000,0.000,0.000
326.203,SUCCESS,4.512,4.714,19.001,6,6,0.000,0.000,0.000
326.303,SUCCESS,4.512,4.714,19.001,6,6,0.000,0.000,0.000
326.403,SUCCESS,4.512,4.714,19.001,6,6,0.000,0.000,0.000
326.503,SUCCESS,4.512,4.714,19.001,6,6,0.000,0.000,0.000
326.603,SUCCESS,4.512,4.714,19.001,6,6,0.000,0.000,0.000
326.703,SUCCESS,4.512,4.714,19.001,6,6,0.000,0.000,0.000
326.803,SUCCESS,4.512,4.714,19.001,6,6,0.000,0.000,0.000
326.903,SUCCESS,4.512,4.714,19.001,6,6,0.000,0.000,0.000
327.003,SUCCESS,4.511,4.714,19.001,6,6,0.000,0.000,0.000
327.103,SUCCESS,4.511,4.714,19.001,6,6,0.000,0.000,0.000
327.203,SUCCESS,4.512,4.714,19.001,6,6,0.000,0.000,0.000
327.303,SUCCESS,4.512,4.714,19.001,6,6,0.000,0.000,0.000
327.403,SUCCESS,4.512,4.714,19.001,6,6,0.000,0.000,0.000
327.503,SUCCESS,4.512,4.714,19.001,6,6,0.000,0.000,0.000
327.603,SUCCESS,4.512,4.714,19.001,6,6,0.000,0.000,0.000
327.703,SUCCESS,4.512,4.713,19.001,6,6,0.000,0.000,0.000
327.803,SUCCESS,4.513,4.713,19.001,6,6,0.000,0.000,0.000
327.904,SUCCESS,4.513,4.714,19.001,6,6,0.000,0.000,0.000
328.003,SUCCESS,4.513,4.714,19.001,6,6,0.000,0.000,0.000
328.103,SUCCESS,4.513,4.714,19.001,6,6,0.000,0.000,0.000
328.203,SUCCESS,4.513,4.713,19.001,6,6,0.000,0.000,0.000
328.303,SUCCESS,4.514,4.714,19.001,6,6,0.000,0.000,0.000
328.403,SUCCESS,4.514,4.714,19.001,6,6,0.000,0.000,0.000
328.503,SUCCESS,4.514,4.714,19.001,6,6,0.000,0.000,0.000
328.603,SUCCESS,4.514,4.714,19.001,6,6,0.000,0.000,0.000
328.703,SUCCESS,4.514,4.714,19.001,6,6,0.000,0.000,0.000
328.803,SUCCESS,4.514,4.714,19.001,6,6,0.000,0.000,0.000
328.903,SUCCESS,4.513,4.714,19.001,6,6,0.000,0.000,0.000
329.003,SUCCESS,4.513,4.714,19.001,6,6,0.000,0.000,0.000
329.103,SUCCESS,4.513,4.714,19.001,6,6,0.000,0.000,0.000
329.203,SUCCESS,4.512,4.714,19.001,6,6,0.000,0.000,0.000
329.305,SUCCESS,4.512,4.714,19.001,6,6,0.000,0.000,0.000
329.403,SUCCESS,4.511,4.714,19.001,6,6,0.000,0.000,0.000
329.503,SUCCESS,4.511,4.714,19.001,6,6,0.000,0.000,0.000
329.603,SUCCESS,4.511,4.714,19.001,6,6,0.000,0.000,0.000
329.704,SUCCESS,4.511,4.714,19.001,6,6,0.000,0.000,0.000
329.804,SUCCESS,4.510,4.714,19.001,6,6,0.000,0.000,0.000
329.903,SUCCESS,4.510,4.714,19.001,6,6,0.000,0.000,0.000
330.003,SUCCESS,4.510,4.714,19.001,6,6,0.000,0.000,0.000
330.103,SUCCESS,4.510,4.714,19.001,6,6,0.000,0.000,0.000
330.203,SUCCESS,4.510,4.714,19.001,6,6,0.000,0.000,0.000
330.303,SUCCESS,4.510,4.714,19.001,6,6,0.000,0.000,0.000
330.403,SUCCESS,4.510,4.714,19.001,6,6,0.000,0.000,0.000
330.504,SUCCESS,4.510,4.714,19.001,6,6,0.000,0.000,0.000
330.603,SUCCESS,4.510,4.714,19.001,6,6,0.000,0.000,0.000
330.703,SUCCESS,4.510,4.714,19.001,6,6,0.000,0.000,0.000
330.803,SUCCESS,4.509,4.714,19.001,6,6,0.000,0.000,0.000
330.903,SUCCESS,4.509,4.714,19.001,6,6,0.000,0.000,0.000
331.003,SUCCESS,4.509,4.714,19.001,6,6,0.000,0.000,0.000
331.103,SUCCESS,4.509,4.714,19.001,6,6,0.000,0.000,0.000
331.203,SUCCESS,4.509,4.714,19.001,6,6,0.000,0.000,0.000
331.303,SUCCESS,4.508,4.714,19.001,6,6,0.000,0.000,0.000
331.403,SUCCESS,4.508,4.714,19.001,6,6,0.000,0.000,0.000
331.503,SUCCESS,4.508,4.715,19.001,6,6,0.000,0.000,0.000
331.603,SUCCESS,4.507,4.715,19.001,6,6,0.000,0.000,0.000
331.703,SUCCESS,4.507,4.715,19.001,6,6,0.000,0.000,0.000
331.803,SUCCESS,4.507,4.715,19.001,6,6,0.000,0.000,0.000
331.903,SUCCESS,4.507,4.715,19.001,6,6,0.000,0.000,0.000
332.003,SUCCESS,4.506,4.715,19.001,6,6,0.000,0.000,0.000
332.103,SUCCESS,4.506,4.714,19.001,6,6,0.000,0.000,0.000
332.203,SUCCESS,4.506,4.714,19.001,6,6,0.000,0.000,0.000
332.303,SUCCESS,4.507,4.715,19.001,6,6,0.000,0.000,0.000
332.403,SUCCESS,4.507,4.715,19.001,6,6,0.000,0.000,0.000
332.503,SUCCESS,4.507,4.715,19.001,6,6,0.000,0.000,0.000
332.603,SUCCESS,4.508,4.714,19.001,6,6,0.000,0.000,0.000
332.703,SUCCESS,4.508,4.714,19.001,6,6,0.000,0.000,0.000
332.803,SUCCESS,4.509,4.715,19.001,6,6,0.000,0.000,0.000
332.903,SUCCESS,4.509,4.715,19.001,6,6,0.000,0.000,0.000
333.003,SUCCESS,4.510,4.714,19.001,6,6,0.000,0.000,0.000
333.103,SUCCESS,4.510,4.714,19.001,6,6,0.000,0.000,0.000
333.203,SUCCESS,4.511,4.714,19.001,6,6,0.000,0.000,0.000
333.303,SUCCESS,4.511,4.714,19.001,6,6,0.000,0.000,0.000
333.403,SUCCESS,4.511,4.714,19.001,6,6,0.000,0.000,0.000
333.503,SUCCESS,4.511,4.714,19.001,6,6,0.000,0.000,0.000
333.603,SUCCESS,4.512,4.714,19.001,6,6,0.000,0.000,0.000
333.703,SUCCESS,4.512,4.714,19.001,6,6,0.000,0.000,0.000
333.803,SUCCESS,4.512,4.714,19.001,6,6,0.000,0.000,0.000
333.903,SUCCESS,4.513,4.714,19.001,6,6,0.000,0.000,0.000
334.003,SUCCESS,4.513,4.714,19.001,6,6,0.000,0.000,0.000
334.103,SUCCESS,4.513,4.714,19.001,6,6,0.000,0.000,0.000
334.203,SUCCESS,4.513,4.714,19.001,6,6,0.000,0.000,0.000
334.304,SUCCESS,4.513,4.714,19.001,6,6,0.000,0.000,0.000
334.403,SUCCESS,4.513,4.714,19.001,6,6,0.000,0.000,0.000
334.503,SUCCESS,4.513,4.714,19.001,6,6,0.000,0.000,0.000
334.603,SUCCESS,4.513,4.714,19.001,6,6,0.000,0.000,0.000
334.703,SUCCESS,4.513,4.714,19.001,6,6,0.000,0.000,0.000
334.803,SUCCESS,4.513,4.714,19.001,6,6,0.000,0.000,0.000
334.903,SUCCESS,4.513,4.714,19.001,6,6,0.000,0.000,0.000
335.003,SUCCESS,4.513,4.714,19.001,6,6,0.000,0.000,0.000
335.103,SUCCESS,4.513,4.714,19.001,6,6,0.000,0.000,0.000
335.203,SUCCESS,4.513,4.714,19.001,6,6,0.000,0.000,0.000
335.303,SUCCESS,4.513,4.714,19.001,6,6,0.000,0.000,0.000
335.403,SUCCESS,4.514,4.714,19.001,6,6,0.000,0.000,0.000
335.503,SUCCESS,4.515,4.715,19.001,6,6,0.000,0.000,0.000
335.603,SUCCESS,4.516,4.715,19.001,6,6,0.000,0.000,0.000
335.703,SUCCESS,4.516,4.715,19.001,6,6,0.000,0.000,0.000
335.803,SUCCESS,4.516,4.714,19.001,6,6,0.000,0.000,0.000
335.904,SUCCESS,4.516,4.715,19.001,6,6,0.000,0.000,0.000
336.003,SUCCESS,4.516,4.715,19.001,6,6,0.000,0.000,0.000
336.103,SUCCESS,4.515,4.714,19.001,6,6,0.000,0.000,0.000
336.203,SUCCESS,4.514,4.714,19.001,6,6,0.000,0.000,0.000
336.303,SUCCESS,4.514,4.715,19.001,6,6,0.000,0.000,0.000
336.403,SUCCESS,4.513,4.715,19.001,6,6,0.000,0.000,0.000
336.503,SUCCESS,4.512,4.715,19.001,6,6,0.000,0.000,0.000
336.603,SUCCESS,4.512,4.715,19.001,6,6,0.000,0.000,0.000
336.703,SUCCESS,4.512,4.715,19.001,6,6,0.000,0.000,0.000
336.803,SUCCESS,4.512,4.714,19.001,6,6,0.000,0.000,0.000
336.903,SUCCESS,4.512,4.714,19.001,6,6,0.000,0.000,0.000
337.003,SUCCESS,4.512,4.714,19.001,6,6,0.000,0.000,0.000
337.103,SUCCESS,4.512,4.714,19.001,6,6,0.000,0.000,0.000
337.203,SUCCESS,4.512,4.714,19.001,6,6,0.000,0.000,0.000
337.303,SUCCESS,4.512,4.714,19.001,6,6,0.000,0.000,0.000
337.403,SUCCESS,4.512,4.714,19.001,6,6,0.000,0.000,0.000
337.503,SUCCESS,4.512,4.714,19.001,6,6,0.000,0.000,0.000
337.603,SUCCESS,4.511,4.714,19.001,6,6,0.000,0.000,0.000
337.703,SUCCESS,4.511,4.715,19.001,6,6,0.000,0.000,0.000
337.803,SUCCESS,4.510,4.715,19.001,6,6,0.000,0.000,0.000
337.904,SUCCESS,4.509,4.715,19.001,6,6,0.000,0.000,0.000
338.003,SUCCESS,4.508,4.714,19.001,6,6,0.000,0.000,0.000
338.103,SUCCESS,4.508,4.714,19.001,6,6,0.000,0.000,0.000
338.203,SUCCESS,4.508,4.714,19.001,6,6,0.000,0.000,0.000
338.303,SUCCESS,4.509,4.714,19.001,6,6,0.000,0.000,0.000
338.403,SUCCESS,4.509,4.714,19.001,6,6,0.000,0.000,0.000
338.503,SUCCESS,4.510,4.714,19.001,6,6,0.000,0.000,0.000
338.603,SUCCESS,4.510,4.714,19.001,6,6,0.000,0.000,0.000
338.703,SUCCESS,4.511,4.715,19.001,6,6,0.000,0.000,0.000
338.803,SUCCESS,4.511,4.715,19.001,6,6,0.000,0.000,0.000
338.903,SUCCESS,4.511,4.714,19.001,6,6,0.000,0.000,0.000
339.004,SUCCESS,4.511,4.714,19.001,6,6,0.000,0.000,0.000
339.103,SUCCESS,4.511,4.714,19.001,6,6,0.000,0.000,0.000
339.203,SUCCESS,4.511,4.715,19.001,6,6,0.000,0.000,0.000
339.303,SUCCESS,4.511,4.714,19.001,6,6,0.000,0.000,0.000
339.403,SUCCESS,4.510,4.714,19.001,6,6,0.000,0.000,0.000
339.503,SUCCESS,4.510,4.715,19.001,6,6,0.000,0.000,0.000
339.603,SUCCESS,4.510,4.715,19.001,6,6,0.000,0.000,0.000
339.703,SUCCESS,4.510,4.715,19.001,6,6,0.000,0.000,0.000
339.803,SUCCESS,4.510,4.715,19.001,6,6,0.000,0.000,0.000
339.903,SUCCESS,4.510,4.715,19.001,6,6,0.000,0.000,0.000
340.003,SUCCESS,4.510,4.715,19.001,6,6,0.000,0.000,0.000
340.103,SUCCESS,4.510,4.715,19.001,6,6,0.000,0.000,0.000
340.203,SUCCESS,4.510,4.715,19.001,6,6,0.000,0.000,0.000
340.303,SUCCESS,4.510,4.715,19.001,6,6,0.000,0.000,0.000
340.403,SUCCESS,4.510,4.715,19.001,6,6,0.000,0.000,0.000
340.503,SUCCESS,4.510,4.715,19.001,6,6,0.000,0.000,0.000
340.603,SUCCESS,4.510,4.715,19.001,6,6,0.000,0.000,0.000
340.703,SUCCESS,4.510,4.715,19.001,6,6,0.000,0.000,0.000
340.803,SUCCESS,4.510,4.715,19.001,6,6,0.000,0.000,0.000
340.903,SUCCESS,4.510,4.715,19.001,6,6,0.000,0.000,0.000
341.003,SUCCESS,4.510,4.715,19.001,6,6,0.000,0.000,0.000
341.103,SUCCESS,4.510,4.715,19.001,6,6,0.000,0.000,0.000
341.203,SUCCESS,4.510,4.715,19.001,6,6,0.000,0.000,0.000
341.303,SUCCESS,4.510,4.715,19.001,6,6,0.000,0.000,0.000
341.403,SUCCESS,4.510,4.715,19.001,6,6,0.000,0.000,0.000
341.503,SUCCESS,4.510,4.715,19.001,6,6,0.000,0.000,0.000
341.603,SUCCESS,4.510,4.715,19.001,6,6,0.000,0.000,0.000
341.703,SUCCESS,4.510,4.716,19.001,6,6,0.000,0.000,0.000
341.803,SUCCESS,4.510,4.716,19.001,6,6,0.000,0.000,0.000
341.903,SUCCESS,4.510,4.716,19.001,6,6,0.000,0.000,0.000
342.003,SUCCESS,4.511,4.716,19.001,6,6,0.000,0.000,0.000
342.103,SUCCESS,4.511,4.715,19.001,6,6,0.000,0.000,0.000
342.203,SUCCESS,4.512,4.715,19.001,6,6,0.000,0.000,0.000
342.303,SUCCESS,4.512,4.715,19.001,6,6,0.000,0.000,0.000
342.403,SUCCESS,4.513,4.715,19.001,6,6,0.000,0.000,0.000
342.504,SUCCESS,4.513,4.715,19.001,6,6,0.000,0.000,0.000
342.603,SUCCESS,4.513,4.715,19.001,6,6,0.000,0.000,0.000
342.703,SUCCESS,4.513,4.715,19.001,6,6,0.000,0.000,0.000
342.803,SUCCESS,4.513,4.715,19.001,6,6,0.000,0.000,0.000
342.903,SUCCESS,4.513,4.715,19.001,6,6,0.000,0.000,0.000
343.003,SUCCESS,4.513,4.715,19.001,6,6,0.000,0.000,0.000
343.103,SUCCESS,4.513,4.715,19.001,6,6,0.000,0.000,0.000
343.203,SUCCESS,4.513,4.715,19.001,6,6,0.000,0.000,0.000
343.303,SUCCESS,4.513,4.716,19.001,6,6,0.000,0.000,0.000
343.403,SUCCESS,4.513,4.716,19.001,6,6,0.000,0.000,0.000
343.503,SUCCESS,4.513,4.716,19.001,6,6,0.000,0.000,0.000
343.603,SUCCESS,4.513,4.716,19.001,6,6,0.000,0.000,0.000
343.703,SUCCESS,4.513,4.716,19.001,6,6,0.000,0.000,0.000
343.803,SUCCESS,4.513,4.716,19.001,6,6,0.000,0.000,0.000
343.903,SUCCESS,4.513,4.716,19.001,6,6,0.000,0.000,0.000
344.003,SUCCESS,4.512,4.716,19.001,6,6,0.000,0.000,0.000
344.103,SUCCESS,4.512,4.716,19.001,6,6,0.000,0.000,0.000
344.203,SUCCESS,4.512,4.716,19.001,6,6,0.000,0.000,0.000
344.303,SUCCESS,4.512,4.716,19.001,6,6,0.000,0.000,0.000
344.403,SUCCESS,4.512,4.716,19.001,6,6,0.000,0.000,0.000
344.503,SUCCESS,4.512,4.716,19.001,6,6,0.000,0.000,0.000
344.603,SUCCESS,4.512,4.716,19.001,6,6,0.000,0.000,0.000
344.703,SUCCESS,4.511,4.716,19.001,6,6,0.000,0.000,0.000
344.803,SUCCESS,4.511,4.716,19.001,6,6,0.000,0.000,0.000
344.903,SUCCESS,4.511,4.716,19.001,6,6,0.000,0.000,0.000
345.003,SUCCESS,4.511,4.716,19.001,6,6,0.000,0.000,0.000
345.103,SUCCESS,4.511,4.716,19.001,6,6,0.000,0.000,0.000
345.203,SUCCESS,4.511,4.716,19.001,6,6,0.000,0.000,0.000
345.303,SUCCESS,4.510,4.716,19.001,6,6,0.000,0.000,0.000
345.403,SUCCESS,4.510,4.716,19.001,6,6,0.000,0.000,0.000
345.503,SUCCESS,4.510,4.716,19.001,6,6,0.000,0.000,0.000
345.603,SUCCESS,4.510,4.717,19.001,6,6,0.000,0.000,0.000
345.703,SUCCESS,4.510,4.716,19.001,6,6,0.000,0.000,0.000
345.803,SUCCESS,4.510,4.716,19.001,6,6,0.000,0.000,0.000
345.904,SUCCESS,4.510,4.716,19.001,6,6,0.000,0.000,0.000
346.003,SUCCESS,4.510,4.717,19.001,6,6,0.000,0.000,0.000
346.103,SUCCESS,4.510,4.717,19.001,6,6,0.000,0.000,0.000
346.203,SUCCESS,4.510,4.717,19.001,6,6,0.000,0.000,0.000
346.303,SUCCESS,4.510,4.716,19.001,6,6,0.000,0.000,0.000
346.403,SUCCESS,4.510,4.717,19.001,6,6,0.000,0.000,0.000
346.503,SUCCESS,4.510,4.717,19.001,6,6,0.000,0.000,0.000
346.603,SUCCESS,4.510,4.717,19.001,6,6,0.000,0.000,0.000
346.703,SUCCESS,4.510,4.717,19.001,6,6,0.000,0.000,0.000
346.803,SUCCESS,4.510,4.717,19.001,6,6,0.000,0.000,0.000
346.903,SUCCESS,4.510,4.716,19.001,6,6,0.000,0.000,0.000
347.003,SUCCESS,4.511,4.717,19.001,6,6,0.000,0.000,0.000
347.103,SUCCESS,4.511,4.717,19.001,6,6,0.000,0.000,0.000
347.203,SUCCESS,4.512,4.717,19.001,6,6,0.000,0.000,0.000
347.303,SUCCESS,4.512,4.716,19.001,6,6,0.000,0.000,0.000
347.403,SUCCESS,4.512,4.716,19.001,6,6,0.000,0.000,0.000
347.503,SUCCESS,4.512,4.716,19.001,6,6,0.000,0.000,0.000
347.603,SUCCESS,4.512,4.716,19.001,6,6,0.000,0.000,0.000
347.703,SUCCESS,4.513,4.716,19.001,6,6,0.000,0.000,0.000
347.803,SUCCESS,4.513,4.716,19.001,6,6,0.000,0.000,0.000
347.903,SUCCESS,4.513,4.716,19.001,6,6,0.000,0.000,0.000
348.004,SUCCESS,4.514,4.716,19.001,6,6,0.000,0.000,0.000
348.104,SUCCESS,4.514,4.716,19.001,6,6,0.000,0.000,0.000
348.203,SUCCESS,4.514,4.716,19.001,6,6,0.000,0.000,0.000
348.303,SUCCESS,4.514,4.716,19.001,6,6,0.000,0.000,0.000
348.403,SUCCESS,4.514,4.716,19.001,6,6,0.000,0.000,0.000
348.503,SUCCESS,4.514,4.716,19.001,6,6,0.000,0.000,0.000
348.603,SUCCESS,4.514,4.716,19.001,6,6,0.000,0.000,0.000
348.703,SUCCESS,4.514,4.716,19.001,6,6,0.000,0.000,0.000
348.803,SUCCESS,4.514,4.716,19.001,6,6,0.000,0.000,0.000
348.903,SUCCESS,4.514,4.716,19.001,6,6,0.000,0.000,0.000
349.003,SUCCESS,4.514,4.716,19.001,6,6,0.000,0.000,0.000
349.103,SUCCESS,4.513,4.716,19.001,6,6,0.000,0.000,0.000
349.203,SUCCESS,4.513,4.716,19.001,6,6,0.000,0.000,0.000
349.303,SUCCESS,4.514,4.716,19.001,6,6,0.000,0.000,0.000
349.403,SUCCESS,4.514,4.716,19.001,6,6,0.000,0.000,0.000
349.503,SUCCESS,4.514,4.716,19.001,6,6,0.000,0.000,0.000
349.603,SUCCESS,4.515,4.716,19.001,6,6,0.000,0.000,0.000
349.703,SUCCESS,4.515,4.716,19.001,6,6,0.000,0.000,0.000
349.803,SUCCESS,4.515,4.716,19.001,6,6,0.000,0.000,0.000
349.903,SUCCESS,4.515,4.716,19.001,6,6,0.000,0.000,0.000
350.003,SUCCESS,4.515,4.716,19.001,6,6,0.000,0.000,0.000
350.103,SUCCESS,4.515,4.716,19.001,6,6,0.000,0.000,0.000
350.204,SUCCESS,4.515,4.716,19.001,6,6,0.000,0.000,0.000
350.303,SUCCESS,4.515,4.716,19.001,6,6,0.000,0.000,0.000
350.403,SUCCESS,4.514,4.716,19.001,6,6,0.000,0.000,0.000
350.503,SUCCESS,4.514,4.716,19.001,6,6,0.000,0.000,0.000
350.603,SUCCESS,4.514,4.716,19.001,6,6,0.000,0.000,0.000
350.703,SUCCESS,4.514,4.716,19.001,6,6,0.000,0.000,0.000
350.803,SUCCESS,4.514,4.716,19.001,6,6,0.000,0.000,0.000
350.903,SUCCESS,4.514,4.716,19.001,6,6,0.000,0.000,0.000
351.003,SUCCESS,4.514,4.717,19.001,6,6,0.000,0.000,0.000
351.103,SUCCESS,4.513,4.716,19.001,6,6,0.000,0.000,0.000
351.203,SUCCESS,4.513,4.716,19.001,6,6,0.000,0.000,0.000
351.303,SUCCESS,4.513,4.716,19.001,6,6,0.000,0.000,0.000
351.403,SUCCESS,4.513,4.716,19.001,6,6,0.000,0.000,0.000
351.503,SUCCESS,4.513,4.716,19.001,6,6,0.000,0.000,0.000
351.603,SUCCESS,4.513,4.716,19.001,6,6,0.000,0.000,0.000
351.703,SUCCESS,4.513,4.715,19.001,6,6,0.000,0.000,0.000
351.803,SUCCESS,4.513,4.715,19.001,6,6,0.000,0.000,0.000
351.903,SUCCESS,4.514,4.716,19.001,6,6,0.000,0.000,0.000
352.004,SUCCESS,4.513,4.716,19.001,6,6,0.000,0.000,0.000
352.103,SUCCESS,4.513,4.716,19.001,6,6,0.000,0.000,0.000
352.203,SUCCESS,4.513,4.715,19.001,6,6,0.000,0.000,0.000
352.303,SUCCESS,4.513,4.716,19.001,6,6,0.000,0.000,0.000
352.403,SUCCESS,4.513,4.716,19.001,6,6,0.000,0.000,0.000
352.504,SUCCESS,4.512,4.716,19.001,6,6,0.000,0.000,0.000
352.603,SUCCESS,4.512,4.716,19.001,6,6,0.000,0.000,0.000
352.703,SUCCESS,4.511,4.716,19.001,6,6,0.000,0.000,0.000
352.803,SUCCESS,4.511,4.716,19.001,6,6,0.000,0.000,0.000
352.903,SUCCESS,4.510,4.716,19.001,6,6,0.000,0.000,0.000
353.003,SUCCESS,4.509,4.716,19.001,6,6,0.000,0.000,0.000
353.103,SUCCESS,4.509,4.716,19.001,6,6,0.000,0.000,0.000
353.203,SUCCESS,4.509,4.717,19.001,6,6,0.000,0.000,0.000
353.303,SUCCESS,4.509,4.717,19.001,6,6,0.000,0.000,0.000
353.403,SUCCESS,4.509,4.716,19.001,6,6,0.000,0.000,0.000
353.503,SUCCESS,4.509,4.716,19.001,6,6,0.000,0.000,0.000
353.603,SUCCESS,4.510,4.717,19.001,6,6,0.000,0.000,0.000
353.703,SUCCESS,4.510,4.717,19.001,6,6,0.000,0.000,0.000
353.803,SUCCESS,4.510,4.716,19.001,6,6,0.000,0.000,0.000
353.903,SUCCESS,4.511,4.716,19.001,6,6,0.000,0.000,0.000
354.003,SUCCESS,4.511,4.716,19.001,6,6,0.000,0.000,0.000
354.103,SUCCESS,4.511,4.716,19.001,6,6,0.000,0.000,0.000
354.203,SUCCESS,4.511,4.717,19.001,6,6,0.000,0.000,0.000
354.303,SUCCESS,4.511,4.717,19.001,6,6,0.000,0.000,0.000
354.403,SUCCESS,4.511,4.717,19.001,6,6,0.000,0.000,0.000
354.503,SUCCESS,4.511,4.717,19.001,6,6,0.000,0.000,0.000
354.603,SUCCESS,4.512,4.717,19.001,6,6,0.000,0.000,0.000
354.703,SUCCESS,4.512,4.717,19.001,6,6,0.000,0.000,0.000
354.804,SUCCESS,4.512,4.717,19.001,6,6,0.000,0.000,0.000
354.903,SUCCESS,4.512,4.717,19.001,6,6,0.000,0.000,0.000
355.003,SUCCESS,4.512,4.717,19.001,6,6,0.000,0.000,0.000
355.103,SUCCESS,4.512,4.717,19.001,6,6,0.000,0.000,0.000
355.203,SUCCESS,4.511,4.717,19.001,6,6,0.000,0.000,0.000
355.303,SUCCESS,4.511,4.717,19.001,6,6,0.000,0.000,0.000
355.403,SUCCESS,4.511,4.717,19.001,6,6,0.000,0.000,0.000
355.503,SUCCESS,4.510,4.717,19.001,6,6,0.000,0.000,0.000
355.603,SUCCESS,4.510,4.717,19.001,6,6,0.000,0.000,0.000
355.703,SUCCESS,4.510,4.717,19.001,6,6,0.000,0.000,0.000
355.803,SUCCESS,4.509,4.716,19.001,6,6,0.000,0.000,0.000
355.903,SUCCESS,4.509,4.716,19.001,6,6,0.000,0.000,0.000
356.003,SUCCESS,4.509,4.716,19.001,6,6,0.000,0.000,0.000
356.103,SUCCESS,4.509,4.716,19.001,6,6,0.000,0.000,0.000
356.203,SUCCESS,4.509,4.716,19.001,6,6,0.000,0.000,0.000
356.303,SUCCESS,4.509,4.716,19.001,6,6,0.000,0.000,0.000
356.403,SUCCESS,4.509,4.716,19.001,6,6,0.000,0.000,0.000
356.503,SUCCESS,4.508,4.716,19.001,6,6,0.000,0.000,0.000
356.603,SUCCESS,4.508,4.716,19.001,6,6,0.000,0.000,0.000
356.703,SUCCESS,4.508,4.716,19.001,6,6,0.000,0.000,0.000
356.803,SUCCESS,4.508,4.716,19.001,6,6,0.000,0.000,0.000
356.903,SUCCESS,4.508,4.716,19.001,6,6,0.000,0.000,0.000
357.003,SUCCESS,4.508,4.716,19.001,6,6,0.000,0.000,0.000
357.103,SUCCESS,4.508,4.716,19.001,6,6,0.000,0.000,0.000
357.203,SUCCESS,4.509,4.715,19.001,6,6,0.000,0.000,0.000
357.303,SUCCESS,4.509,4.715,19.001,6,6,0.000,0.000,0.000
357.403,SUCCESS,4.509,4.715,19.001,6,6,0.000,0.000,0.000
357.503,SUCCESS,4.510,4.715,19.001,6,6,0.000,0.000,0.000
357.603,SUCCESS,4.510,4.715,19.001,6,6,0.000,0.000,0.000
357.703,SUCCESS,4.511,4.714,19.001,6,6,0.000,0.000,0.000
357.803,SUCCESS,4.512,4.714,19.001,6,6,0.000,0.000,0.000
357.903,SUCCESS,4.513,4.714,19.001,6,6,0.000,0.000,0.000
358.003,SUCCESS,4.514,4.714,19.001,6,6,0.000,0.000,0.000
358.103,SUCCESS,4.514,4.713,19.001,6,6,0.000,0.000,0.000
358.204,SUCCESS,4.514,4.714,19.001,6,6,0.000,0.000,0.000
358.303,SUCCESS,4.514,4.714,19.001,6,6,0.000,0.000,0.000
358.403,SUCCESS,4.514,4.714,19.001,6,6,0.000,0.000,0.000
358.503,SUCCESS,4.514,4.714,19.001,6,6,0.000,0.000,0.000
358.603,SUCCESS,4.513,4.714,19.001,6,6,0.000,0.000,0.000
358.703,SUCCESS,4.513,4.714,19.001,6,6,0.000,0.000,0.000
358.804,SUCCESS,4.514,4.714,19.001,6,6,0.000,0.000,0.000
358.903,SUCCESS,4.514,4.714,19.001,6,6,0.000,0.000,0.000
359.004,SUCCESS,4.514,4.714,19.001,6,6,0.000,0.000,0.000
359.103,SUCCESS,4.514,4.713,19.001,6,6,0.000,0.000,0.000
359.203,SUCCESS,4.514,4.713,19.001,6,6,0.000,0.000,0.000
359.303,SUCCESS,4.515,4.714,19.001,6,6,0.000,0.000,0.000
359.403,SUCCESS,4.515,4.714,19.001,6,6,0.000,0.000,0.000
359.503,SUCCESS,4.514,4.714,19.001,6,6,0.000,0.000,0.000
359.603,SUCCESS,4.514,4.713,19.001,6,6,0.000,0.000,0.000
359.703,SUCCESS,4.514,4.713,19.001,6,6,0.000,0.000,0.000
359.803,SUCCESS,4.514,4.714,19.001,6,6,0.000,0.000,0.000
359.903,SUCCESS,4.514,4.714,19.001,6,6,0.000,0.000,0.000
360.004,SUCCESS,4.513,4.714,19.001,6,6,0.000,0.000,0.000
360.103,SUCCESS,4.513,4.714,19.001,6,6,0.000,0.000,0.000
360.203,SUCCESS,4.513,4.714,19.001,6,6,0.000,0.000,0.000
360.303,SUCCESS,4.514,4.714,19.001,6,6,0.000,0.000,0.000
360.403,SUCCESS,4.514,4.714,19.001,6,6,0.000,0.000,0.000
360.503,SUCCESS,4.514,4.714,19.001,6,6,0.000,0.000,0.000
360.603,SUCCESS,4.514,4.714,19.001,6,6,0.000,0.000,0.000
360.703,SUCCESS,4.515,4.714,19.001,6,6,0.000,0.000,0.000
360.803,SUCCESS,4.515,4.714,19.001,6,6,0.000,0.000,0.000
360.903,SUCCESS,4.515,4.714,19.001,6,6,0.000,0.000,0.000
361.004,SUCCESS,4.515,4.714,19.001,6,6,0.000,0.000,0.000
361.103,SUCCESS,4.515,4.714,19.001,6,6,0.000,0.000,0.000
361.203,SUCCESS,4.515,4.714,19.001,6,6,0.000,0.000,0.000
361.303,SUCCESS,4.516,4.714,19.001,6,6,0.000,0.000,0.000
361.403,SUCCESS,4.516,4.714,19.001,6,6,0.000,0.000,0.000
361.503,SUCCESS,4.516,4.714,19.001,6,6,0.000,0.000,0.000
361.603,SUCCESS,4.516,4.714,19.001,6,6,0.000,0.000,0.000
361.703,SUCCESS,4.516,4.714,19.001,6,6,0.000,0.000,0.000
361.803,SUCCESS,4.516,4.714,19.001,6,6,0.000,0.000,0.000
361.903,SUCCESS,4.516,4.714,19.001,6,6,0.000,0.000,0.000
362.003,SUCCESS,4.516,4.714,19.001,6,6,0.000,0.000,0.000
362.103,SUCCESS,4.516,4.714,19.001,6,6,0.000,0.000,0.000
362.203,SUCCESS,4.515,4.714,19.001,6,6,0.000,0.000,0.000
362.303,SUCCESS,4.515,4.714,19.001,6,6,0.000,0.000,0.000
362.403,SUCCESS,4.515,4.714,19.001,6,6,0.000,0.000,0.000
362.503,SUCCESS,4.514,4.714,19.001,6,6,0.000,0.000,0.000
362.603,SUCCESS,4.514,4.714,19.001,6,6,0.000,0.000,0.000
362.703,SUCCESS,4.513,4.714,19.001,6,6,0.000,0.000,0.000
362.803,SUCCESS,4.513,4.715,19.001,6,6,0.000,0.000,0.000
362.903,SUCCESS,4.513,4.715,19.001,6,6,0.000,0.000,0.000
363.003,SUCCESS,4.512,4.715,19.001,6,6,0.000,0.000,0.000
363.103,SUCCESS,4.512,4.715,19.001,6,6,0.000,0.000,0.000
363.203,SUCCESS,4.512,4.715,19.001,6,6,0.000,0.000,0.000
363.303,SUCCESS,4.512,4.715,19.001,6,6,0.000,0.000,0.000
363.403,SUCCESS,4.512,4.715,19.001,6,6,0.000,0.000,0.000
363.503,SUCCESS,4.512,4.715,19.001,6,6,0.000,0.000,0.000
363.603,SUCCESS,4.513,4.715,19.001,6,6,0.000,0.000,0.000
363.703,SUCCESS,4.512,4.714,19.001,6,6,0.000,0.000,0.000
363.803,SUCCESS,4.512,4.715,19.001,6,6,0.000,0.000,0.000
363.903,SUCCESS,4.512,4.715,19.001,6,6,0.000,0.000,0.000
364.003,SUCCESS,4.512,4.715,19.001,6,6,0.000,0.000,0.000
364.103,SUCCESS,4.512,4.715,19.001,6,6,0.000,0.000,0.000
364.203,SUCCESS,4.512,4.715,19.001,6,6,0.000,0.000,0.000
364.303,SUCCESS,4.512,4.715,19.001,6,6,0.000,0.000,0.000
364.403,SUCCESS,4.512,4.716,19.001,6,6,0.000,0.000,0.000
364.503,SUCCESS,4.512,4.716,19.001,6,6,0.000,0.000,0.000
364.603,SUCCESS,4.512,4.716,19.001,6,6,0.000,0.000,0.000
364.703,SUCCESS,4.512,4.715,19.001,6,6,0.000,0.000,0.000
364.803,SUCCESS,4.513,4.715,19.001,6,6,0.000,0.000,0.000
364.903,SUCCESS,4.513,4.715,19.001,6,6,0.000,0.000,0.000
365.003,SUCCESS,4.514,4.715,19.001,6,6,0.000,0.000,0.000
365.103,SUCCESS,4.514,4.715,19.001,6,6,0.000,0.000,0.000
365.203,SUCCESS,4.514,4.715,19.001,6,6,0.000,0.000,0.000
365.303,SUCCESS,4.515,4.715,19.001,6,6,0.000,0.000,0.000
365.403,SUCCESS,4.515,4.715,19.001,6,6,0.000,0.000,0.000
365.503,SUCCESS,4.515,4.715,19.001,6,6,0.000,0.000,0.000
365.603,SUCCESS,4.514,4.715,19.001,6,6,0.000,0.000,0.000
365.703,SUCCESS,4.514,4.715,19.001,6,6,0.000,0.000,0.000
365.803,SUCCESS,4.513,4.715,19.001,6,6,0.000,0.000,0.000
365.903,SUCCESS,4.513,4.715,19.001,6,6,0.000,0.000,0.000
366.003,SUCCESS,4.513,4.715,19.001,6,6,0.000,0.000,0.000
366.103,SUCCESS,4.513,4.715,19.001,6,6,0.000,0.000,0.000
366.203,SUCCESS,4.513,4.715,19.001,6,6,0.000,0.000,0.000
366.303,SUCCESS,4.513,4.715,19.001,6,6,0.000,0.000,0.000
366.403,SUCCESS,4.513,4.715,19.001,6,6,0.000,0.000,0.000
366.504,SUCCESS,4.513,4.715,19.001,6,6,0.000,0.000,0.000
366.603,SUCCESS,4.513,4.715,19.001,6,6,0.000,0.000,0.000
366.703,SUCCESS,4.513,4.715,19.001,6,6,0.000,0.000,0.000
366.803,SUCCESS,4.513,4.715,19.001,6,6,0.000,0.000,0.000
366.903,SUCCESS,4.513,4.715,19.001,6,6,0.000,0.000,0.000
367.003,SUCCESS,4.513,4.715,19.001,6,6,0.000,0.000,0.000
367.103,SUCCESS,4.513,4.715,19.001,6,6,0.000,0.000,0.000
367.203,SUCCESS,4.513,4.715,19.001,6,6,0.000,0.000,0.000
367.303,SUCCESS,4.514,4.715,19.001,6,6,0.000,0.000,0.000
367.403,SUCCESS,4.514,4.715,19.001,6,6,0.000,0.000,0.000
367.503,SUCCESS,4.515,4.715,19.001,6,6,0.000,0.000,0.000
367.603,SUCCESS,4.515,4.715,19.001,6,6,0.000,0.000,0.000
367.703,SUCCESS,4.515,4.715,19.001,6,6,0.000,0.000,0.000
367.803,SUCCESS,4.515,4.715,19.001,6,6,0.000,0.000,0.000
367.903,SUCCESS,4.515,4.715,19.001,6,6,0.000,0.000,0.000
368.003,SUCCESS,4.515,4.715,19.001,6,6,0.000,0.000,0.000
368.103,SUCCESS,4.515,4.715,19.001,6,6,0.000,0.000,0.000
368.204,SUCCESS,4.515,4.715,19.001,6,6,0.000,0.000,0.000
368.303,SUCCESS,4.515,4.715,19.001,6,6,0.000,0.000,0.000
368.403,SUCCESS,4.515,4.715,19.001,6,6,0.000,0.000,0.000
368.503,SUCCESS,4.515,4.715,19.001,6,6,0.000,0.000,0.000
368.603,SUCCESS,4.515,4.715,19.001,6,6,0.000,0.000,0.000
368.703,SUCCESS,4.515,4.715,19.001,6,6,0.000,0.000,0.000
368.803,SUCCESS,4.515,4.715,19.001,6,6,0.000,0.000,0.000
368.903,SUCCESS,4.514,4.714,19.001,6,6,0.000,0.000,0.000
369.003,SUCCESS,4.514,4.714,19.001,6,6,0.000,0.000,0.000
369.103,SUCCESS,4.514,4.715,19.001,6,6,0.000,0.000,0.000
369.203,SUCCESS,4.515,4.715,19.001,6,6,0.000,0.000,0.000
369.303,SUCCESS,4.515,4.714,19.001,6,6,0.000,0.000,0.000
369.403,SUCCESS,4.515,4.715,19.001,6,6,0.000,0.000,0.000
369.503,SUCCESS,4.516,4.715,19.001,6,6,0.000,0.000,0.000
369.603,SUCCESS,4.516,4.715,19.001,6,6,0.000,0.000,0.000
369.703,SUCCESS,4.517,4.715,19.001,6,6,0.000,0.000,0.000
369.803,SUCCESS,4.517,4.715,19.001,6,6,0.000,0.000,0.000
369.903,SUCCESS,4.517,4.715,19.001,6,6,0.000,0.000,0.000
370.003,SUCCESS,4.518,4.715,19.001,6,6,0.000,0.000,0.000
370.103,SUCCESS,4.518,4.715,19.001,6,6,0.000,0.000,0.000
370.203,SUCCESS,4.517,4.715,19.001,6,6,0.000,0.000,0.000
370.303,SUCCESS,4.517,4.715,19.001,6,6,0.000,0.000,0.000
370.403,SUCCESS,4.517,4.715,19.001,6,6,0.000,0.000,0.000
370.503,SUCCESS,4.517,4.715,19.001,6,6,0.000,0.000,0.000
370.603,SUCCESS,4.517,4.715,19.001,6,6,0.000,0.000,0.000
370.703,SUCCESS,4.517,4.715,19.001,6,6,0.000,0.000,0.000
370.803,SUCCESS,4.517,4.715,19.001,6,6,0.000,0.000,0.000
370.903,SUCCESS,4.517,4.715,19.001,6,6,0.000,0.000,0.000
371.003,SUCCESS,4.517,4.715,19.001,6,6,0.000,0.000,0.000
371.103,SUCCESS,4.517,4.715,19.001,6,6,0.000,0.000,0.000
371.203,SUCCESS,4.517,4.715,19.001,6,6,0.000,0.000,0.000
371.303,SUCCESS,4.518,4.715,19.001,6,6,0.000,0.000,0.000
371.403,SUCCESS,4.518,4.715,19.001,6,6,0.000,0.000,0.000
371.503,SUCCESS,4.518,4.715,19.001,6,6,0.000,0.000,0.000
371.603,SUCCESS,4.517,4.715,19.001,6,6,0.000,0.000,0.000
371.703,SUCCESS,4.517,4.715,19.001,6,6,0.000,0.000,0.000
371.803,SUCCESS,4.517,4.715,19.001,6,6,0.000,0.000,0.000
371.903,SUCCESS,4.517,4.715,19.001,6,6,0.000,0.000,0.000
372.003,SUCCESS,4.517,4.715,19.001,6,6,0.000,0.000,0.000
372.103,SUCCESS,4.518,4.715,19.001,6,6,0.000,0.000,0.000
372.204,SUCCESS,4.518,4.715,19.001,6,6,0.000,0.000,0.000
372.303,SUCCESS,4.518,4.715,19.001,6,6,0.000,0.000,0.000
372.403,SUCCESS,4.518,4.715,19.001,6,6,0.000,0.000,0.000
372.503,SUCCESS,4.518,4.715,19.001,6,6,0.000,0.000,0.000
372.603,SUCCESS,4.518,4.715,19.001,6,6,0.000,0.000,0.000
372.703,SUCCESS,4.518,4.715,19.001,6,6,0.000,0.000,0.000
372.803,SUCCESS,4.517,4.715,19.001,6,6,0.000,0.000,0.000
372.903,SUCCESS,4.516,4.715,19.001,6,6,0.000,0.000,0.000
373.003,SUCCESS,4.516,4.715,19.001,6,6,0.000,0.000,0.000
373.103,SUCCESS,4.515,4.715,19.001,6,6,0.000,0.000,0.000
373.203,SUCCESS,4.515,4.715,19.001,6,6,0.000,0.000,0.000
373.304,SUCCESS,4.514,4.715,19.001,6,6,0.000,0.000,0.000
373.403,SUCCESS,4.513,4.715,19.001,6,6,0.000,0.000,0.000
373.503,SUCCESS,4.513,4.715,19.001,6,6,0.000,0.000,0.000
373.603,SUCCESS,4.513,4.715,19.001,6,6,0.000,0.000,0.000
373.703,SUCCESS,4.512,4.715,19.001,6,6,0.000,0.000,0.000
373.803,SUCCESS,4.512,4.715,19.001,6,6,0.000,0.000,0.000
373.903,SUCCESS,4.512,4.715,19.001,6,6,0.000,0.000,0.000
374.003,SUCCESS,4.513,4.715,19.001,6,6,0.000,0.000,0.000
374.103,SUCCESS,4.513,4.715,19.001,6,6,0.000,0.000,0.000
374.203,SUCCESS,4.513,4.715,19.001,6,6,0.000,0.000,0.000
374.303,SUCCESS,4.512,4.715,19.001,6,6,0.000,0.000,0.000
374.403,SUCCESS,4.512,4.715,19.001,6,6,0.000,0.000,0.000
374.503,SUCCESS,4.512,4.715,19.001,6,6,0.000,0.000,0.000
374.603,SUCCESS,4.512,4.715,19.001,6,6,0.000,0.000,0.000
374.703,SUCCESS,4.511,4.715,19.001,6,6,0.000,0.000,0.000
374.803,SUCCESS,4.511,4.715,19.001,6,6,0.000,0.000,0.000
374.903,SUCCESS,4.512,4.715,19.001,6,6,0.000,0.000,0.000
375.003,SUCCESS,4.512,4.715,19.001,6,6,0.000,0.000,0.000
375.103,SUCCESS,4.512,4.715,19.001,6,6,0.000,0.000,0.000
375.203,SUCCESS,4.513,4.714,19.001,6,6,0.000,0.000,0.000
375.303,SUCCESS,4.513,4.715,19.001,6,6,0.000,0.000,0.000
375.403,SUCCESS,4.514,4.715,19.001,6,6,0.000,0.000,0.000
375.503,SUCCESS,4.514,4.714,19.001,6,6,0.000,0.000,0.000
375.603,SUCCESS,4.515,4.714,19.001,6,6,0.000,0.000,0.000
375.703,SUCCESS,4.515,4.714,19.001,6,6,0.000,0.000,0.000
375.803,SUCCESS,4.516,4.714,19.001,6,6,0.000,0.000,0.000
375.903,SUCCESS,4.516,4.714,19.001,6,6,0.000,0.000,0.000
376.003,SUCCESS,4.517,4.714,19.001,6,6,0.000,0.000,0.000
376.103,SUCCESS,4.517,4.714,19.001,6,6,0.000,0.000,0.000
376.203,SUCCESS,4.517,4.714,19.001,6,6,0.000,0.000,0.000
376.305,SUCCESS,4.518,4.714,19.001,6,6,0.000,0.000,0.000
376.403,SUCCESS,4.518,4.714,19.001,6,6,0.000,0.000,0.000
376.503,SUCCESS,4.518,4.714,19.001,6,6,0.000,0.000,0.000
376.603,SUCCESS,4.518,4.714,19.001,6,6,0.000,0.000,0.000
376.703,SUCCESS,4.518,4.714,19.001,6,6,0.000,0.000,0.000
376.803,SUCCESS,4.518,4.714,19.001,6,6,0.000,0.000,0.000
376.903,SUCCESS,4.518,4.714,19.001,6,6,0.000,0.000,0.000
377.003,SUCCESS,4.518,4.714,19.001,6,6,0.000,0.000,0.000
377.103,SUCCESS,4.518,4.714,19.001,6,6,0.000,0.000,0.000
377.203,SUCCESS,4.518,4.714,19.001,6,6,0.000,0.000,0.000
377.304,SUCCESS,4.518,4.714,19.001,6,6,0.000,0.000,0.000
377.403,SUCCESS,4.517,4.714,19.001,6,6,0.000,0.000,0.000
377.503,SUCCESS,4.517,4.714,19.001,6,6,0.000,0.000,0.000
377.603,SUCCESS,4.517,4.714,19.001,6,6,0.000,0.000,0.000
377.703,SUCCESS,4.517,4.714,19.001,6,6,0.000,0.000,0.000
377.804,SUCCESS,4.516,4.714,19.001,6,6,0.000,0.000,0.000
377.903,SUCCESS,4.516,4.714,19.001,6,6,0.000,0.000,0.000
378.003,SUCCESS,4.516,4.714,19.001,6,6,0.000,0.000,0.000
378.103,SUCCESS,4.516,4.714,19.001,6,6,0.000,0.000,0.000
378.203,SUCCESS,4.516,4.715,19.001,6,6,0.000,0.000,0.000
378.303,SUCCESS,4.515,4.715,19.001,6,6,0.000,0.000,0.000
378.403,SUCCESS,4.515,4.715,19.001,6,6,0.000,0.000,0.000
378.503,SUCCESS,4.516,4.714,19.001,6,6,0.000,0.000,0.000
378.603,SUCCESS,4.516,4.714,19.001,6,6,0.000,0.000,0.000
378.703,SUCCESS,4.516,4.714,19.001,6,6,0.000,0.000,0.000
378.803,SUCCESS,4.516,4.714,19.001,6,6,0.000,0.000,0.000
378.903,SUCCESS,4.516,4.714,19.001,6,6,0.000,0.000,0.000
379.003,SUCCESS,4.517,4.714,19.001,6,6,0.000,0.000,0.000
379.103,SUCCESS,4.517,4.714,19.001,6,6,0.000,0.000,0.000
379.203,SUCCESS,4.518,4.714,19.001,6,6,0.000,0.000,0.000
379.303,SUCCESS,4.518,4.714,19.001,6,6,0.000,0.000,0.000
379.406,SUCCESS,4.518,4.714,19.001,6,6,0.000,0.000,0.000
379.503,SUCCESS,4.519,4.714,19.001,6,6,0.000,0.000,0.000
379.603,SUCCESS,4.519,4.714,19.001,6,6,0.000,0.000,0.000
379.704,SUCCESS,4.520,4.714,19.001,6,6,0.000,0.000,0.000
379.804,SUCCESS,4.520,4.714,19.001,6,6,0.000,0.000,0.000
379.903,SUCCESS,4.521,4.714,19.001,6,6,0.000,0.000,0.000
380.003,SUCCESS,4.521,4.714,19.001,6,6,0.000,0.000,0.000
380.103,SUCCESS,4.521,4.714,19.001,6,6,0.000,0.000,0.000
380.203,SUCCESS,4.522,4.714,19.001,6,6,0.000,0.000,0.000
380.303,SUCCESS,4.522,4.714,19.001,6,6,0.000,0.000,0.000
380.403,SUCCESS,4.522,4.714,19.001,6,6,0.000,0.000,0.000
380.503,SUCCESS,4.521,4.713,19.001,6,6,0.000,0.000,0.000
380.603,SUCCESS,4.521,4.713,19.001,6,6,0.000,0.000,0.000
380.703,SUCCESS,4.522,4.713,19.001,6,6,0.000,0.000,0.000
380.803,SUCCESS,4.523,4.714,19.001,6,6,0.000,0.000,0.000
380.903,SUCCESS,4.523,4.713,19.001,6,6,0.000,0.000,0.000
381.003,SUCCESS,4.524,4.713,19.001,6,6,0.000,0.000,0.000
381.103,SUCCESS,4.525,4.713,19.001,6,6,0.000,0.000,0.000
381.205,SUCCESS,4.525,4.713,19.001,6,6,0.000,0.000,0.000
381.303,SUCCESS,4.525,4.713,19.001,6,6,0.000,0.000,0.000
381.403,SUCCESS,4.526,4.713,19.001,6,6,0.000,0.000,0.000
381.503,SUCCESS,4.526,4.713,19.001,6,6,0.000,0.000,0.000
381.603,SUCCESS,4.526,4.713,19.001,6,6,0.000,0.000,0.000
381.703,SUCCESS,4.525,4.712,19.001,6,6,0.000,0.000,0.000
381.803,SUCCESS,4.525,4.712,19.001,6,6,0.000,0.000,0.000
381.903,SUCCESS,4.525,4.712,19.001,6,6,0.000,0.000,0.000
382.003,SUCCESS,4.525,4.712,19.001,6,6,0.000,0.000,0.000
382.103,SUCCESS,4.525,4.712,19.001,6,6,0.000,0.000,0.000
382.203,SUCCESS,4.524,4.712,19.001,6,6,0.000,0.000,0.000
382.303,SUCCESS,4.524,4.712,19.001,6,6,0.000,0.000,0.000
382.403,SUCCESS,4.523,4.712,19.001,6,6,0.000,0.000,0.000
382.503,SUCCESS,4.523,4.712,19.001,6,6,0.000,0.000,0.000
382.603,SUCCESS,4.522,4.712,19.001,6,6,0.000,0.000,0.000
382.703,SUCCESS,4.522,4.712,19.001,6,6,0.000,0.000,0.000
382.803,SUCCESS,4.522,4.712,19.001,6,6,0.000,0.000,0.000
382.903,SUCCESS,4.522,4.712,19.001,6,6,0.000,0.000,0.000
383.003,SUCCESS,4.521,4.712,19.001,6,6,0.000,0.000,0.000
383.103,SUCCESS,4.521,4.712,19.001,6,6,0.000,0.000,0.000
383.203,SUCCESS,4.521,4.712,19.001,6,6,0.000,0.000,0.000
383.303,SUCCESS,4.521,4.712,19.001,6,6,0.000,0.000,0.000
383.403,SUCCESS,4.520,4.712,19.001,6,6,0.000,0.000,0.000
383.503,SUCCESS,4.520,4.712,19.001,6,6,0.000,0.000,0.000
383.603,SUCCESS,4.520,4.713,19.001,6,6,0.000,0.000,0.000
383.703,SUCCESS,4.519,4.713,19.001,6,6,0.000,0.000,0.000
383.803,SUCCESS,4.519,4.713,19.001,6,6,0.000,0.000,0.000
383.903,SUCCESS,4.518,4.713,19.001,6,6,0.000,0.000,0.000
384.003,SUCCESS,4.518,4.713,19.001,6,6,0.000,0.000,0.000
384.103,SUCCESS,4.518,4.713,19.001,6,6,0.000,0.000,0.000
384.204,SUCCESS,4.517,4.713,19.001,6,6,0.000,0.000,0.000
384.303,SUCCESS,4.517,4.713,19.001,6,6,0.000,0.000,0.000
384.403,SUCCESS,4.517,4.714,19.001,6,6,0.000,0.000,0.000
384.504,SUCCESS,4.516,4.714,19.001,6,6,0.000,0.000,0.000
384.603,SUCCESS,4.516,4.714,19.001,6,6,0.000,0.000,0.000
384.703,SUCCESS,4.515,4.714,19.001,6,6,0.000,0.000,0.000
384.803,SUCCESS,4.515,4.714,19.001,6,6,0.000,0.000,0.000
384.903,SUCCESS,4.515,4.714,19.001,6,6,0.000,0.000,0.000
385.003,SUCCESS,4.514,4.714,19.001,6,6,0.000,0.000,0.000
385.103,SUCCESS,4.514,4.714,19.001,6,6,0.000,0.000,0.000
385.203,SUCCESS,4.514,4.714,19.001,6,6,0.000,0.000,0.000
385.303,SUCCESS,4.513,4.714,19.001,6,6,0.000,0.000,0.000
385.403,SUCCESS,4.513,4.714,19.001,6,6,0.000,0.000,0.000
385.503,SUCCESS,4.513,4.714,19.001,6,6,0.000,0.000,0.000
385.603,SUCCESS,4.513,4.714,19.001,6,6,0.000,0.000,0.000
385.703,SUCCESS,4.514,4.714,19.001,6,6,0.000,0.000,0.000
385.803,SUCCESS,4.514,4.714,19.001,6,6,0.000,0.000,0.000
385.903,SUCCESS,4.514,4.714,19.001,6,6,0.000,0.000,0.000
386.003,SUCCESS,4.514,4.714,19.001,6,6,0.000,0.000,0.000
386.103,SUCCESS,4.514,4.714,19.001,6,6,0.000,0.000,0.000
386.203,SUCCESS,4.514,4.714,19.001,6,6,0.000,0.000,0.000
386.303,SUCCESS,4.514,4.713,19.001,6,6,0.000,0.000,0.000
386.403,SUCCESS,4.514,4.713,19.001,6,6,0.000,0.000,0.000
386.503,SUCCESS,4.514,4.713,19.001,6,6,0.000,0.000,0.000
386.603,SUCCESS,4.515,4.714,19.001,6,6,0.000,0.000,0.000
386.703,SUCCESS,4.515,4.714,19.001,6,6,0.000,0.000,0.000
386.803,SUCCESS,4.515,4.714,19.001,6,6,0.000,0.000,0.000
386.903,SUCCESS,4.515,4.713,19.001,6,6,0.000,0.000,0.000
387.003,SUCCESS,4.515,4.713,19.001,6,6,0.000,0.000,0.000
387.103,SUCCESS,4.515,4.713,19.001,6,6,0.000,0.000,0.000
387.203,SUCCESS,4.516,4.714,19.001,6,6,0.000,0.000,0.000
387.303,SUCCESS,4.516,4.714,19.001,6,6,0.000,0.000,0.000
387.403,SUCCESS,4.517,4.713,19.001,6,6,0.000,0.000,0.000
387.503,SUCCESS,4.517,4.713,19.001,6,6,0.000,0.000,0.000
387.605,SUCCESS,4.517,4.713,19.001,6,6,0.000,0.000,0.000
387.703,SUCCESS,4.518,4.713,19.001,6,6,0.000,0.000,0.000
387.803,SUCCESS,4.518,4.713,19.001,6,6,0.000,0.000,0.000
387.903,SUCCESS,4.518,4.713,19.001,6,6,0.000,0.000,0.000
388.003,SUCCESS,4.518,4.713,19.001,6,6,0.000,0.000,0.000
388.103,SUCCESS,4.517,4.713,19.001,6,6,0.000,0.000,0.000
388.203,SUCCESS,4.517,4.713,19.001,6,6,0.000,0.000,0.000
388.303,SUCCESS,4.517,4.713,19.001,6,6,0.000,0.000,0.000
388.403,SUCCESS,4.516,4.713,19.001,6,6,0.000,0.000,0.000
388.503,SUCCESS,4.516,4.713,19.001,6,6,0.000,0.000,0.000
388.603,SUCCESS,4.516,4.713,19.001,6,6,0.000,0.000,0.000
388.703,SUCCESS,4.517,4.713,19.001,6,6,0.000,0.000,0.000
388.803,SUCCESS,4.516,4.713,19.001,6,6,0.000,0.000,0.000
388.903,SUCCESS,4.516,4.713,19.001,6,6,0.000,0.000,0.000
389.003,SUCCESS,4.515,4.713,19.001,6,6,0.000,0.000,0.000
389.103,SUCCESS,4.515,4.713,19.001,6,6,0.000,0.000,0.000
389.203,SUCCESS,4.515,4.713,19.001,6,6,0.000,0.000,0.000
389.303,SUCCESS,4.514,4.713,19.001,6,6,0.000,0.000,0.000
389.403,SUCCESS,4.514,4.713,19.001,6,6,0.000,0.000,0.000
389.503,SUCCESS,4.514,4.713,19.001,6,6,0.000,0.000,0.000
389.603,SUCCESS,4.514,4.713,19.001,6,6,0.000,0.000,0.000
389.703,SUCCESS,4.514,4.713,19.001,6,6,0.000,0.000,0.000
389.803,SUCCESS,4.514,4.713,19.001,6,6,0.000,0.000,0.000
389.903,SUCCESS,4.514,4.713,19.001,6,6,0.000,0.000,0.000
390.003,SUCCESS,4.514,4.713,19.001,6,6,0.000,0.000,0.000
390.103,SUCCESS,4.514,4.713,19.001,6,6,0.000,0.000,0.000
390.203,SUCCESS,4.514,4.713,19.001,6,6,0.000,0.000,0.000
390.303,SUCCESS,4.515,4.713,19.001,6,6,0.000,0.000,0.000
390.403,SUCCESS,4.515,4.713,19.001,6,6,0.000,0.000,0.000
390.503,SUCCESS,4.516,4.713,19.001,6,6,0.000,0.000,0.000
390.603,SUCCESS,4.516,4.713,19.001,6,6,0.000,0.000,0.000
390.703,SUCCESS,4.516,4.713,19.001,6,6,0.000,0.000,0.000
390.803,SUCCESS,4.516,4.713,19.001,6,6,0.000,0.000,0.000
390.903,SUCCESS,4.516,4.713,19.001,6,6,0.000,0.000,0.000
391.003,SUCCESS,4.516,4.713,19.001,6,6,0.000,0.000,0.000
391.103,SUCCESS,4.516,4.714,19.001,6,6,0.000,0.000,0.000
391.203,SUCCESS,4.515,4.714,19.001,6,6,0.000,0.000,0.000
391.303,SUCCESS,4.515,4.713,19.001,6,6,0.000,0.000,0.000
391.404,SUCCESS,4.515,4.713,19.001,6,6,0.000,0.000,0.000
391.503,SUCCESS,4.515,4.713,19.001,6,6,0.000,0.000,0.000
391.603,SUCCESS,4.515,4.713,19.001,6,6,0.000,0.000,0.000
391.703,SUCCESS,4.515,4.714,19.001,6,6,0.000,0.000,0.000
391.803,SUCCESS,4.515,4.713,19.001,6,6,0.000,0.000,0.000
391.903,SUCCESS,4.515,4.713,19.001,6,6,0.000,0.000,0.000
392.003,SUCCESS,4.515,4.713,19.001,6,6,0.000,0.000,0.000
392.103,SUCCESS,4.515,4.713,19.001,6,6,0.000,0.000,0.000
392.203,SUCCESS,4.515,4.713,19.001,6,6,0.000,0.000,0.000
392.303,SUCCESS,4.516,4.713,19.001,6,6,0.000,0.000,0.000
392.403,SUCCESS,4.516,4.713,19.001,6,6,0.000,0.000,0.000
392.503,SUCCESS,4.516,4.713,19.001,6,6,0.000,0.000,0.000
392.603,SUCCESS,4.517,4.713,19.001,6,6,0.000,0.000,0.000
392.703,SUCCESS,4.517,4.713,19.001,6,6,0.000,0.000,0.000
392.803,SUCCESS,4.517,4.714,19.001,6,6,0.000,0.000,0.000
392.903,SUCCESS,4.517,4.714,19.001,6,6,0.000,0.000,0.000
393.003,SUCCESS,4.517,4.714,19.001,6,6,0.000,0.000,0.000
393.103,SUCCESS,4.517,4.714,19.001,6,6,0.000,0.000,0.000
393.203,SUCCESS,4.517,4.714,19.001,6,6,0.000,0.000,0.000
393.303,SUCCESS,4.517,4.714,19.001,6,6,0.000,0.000,0.000
393.403,SUCCESS,4.517,4.714,19.001,6,6,0.000,0.000,0.000
393.503,SUCCESS,4.518,4.714,19.001,6,6,0.000,0.000,0.000
393.603,SUCCESS,4.518,4.714,19.001,6,6,0.000,0.000,0.000
393.703,SUCCESS,4.518,4.714,19.001,6,6,0.000,0.000,0.000
393.803,SUCCESS,4.518,4.714,19.001,6,6,0.000,0.000,0.000
393.903,SUCCESS,4.518,4.714,19.001,6,6,0.000,0.000,0.000
394.003,SUCCESS,4.518,4.714,19.001,6,6,0.000,0.000,0.000
394.103,SUCCESS,4.518,4.714,19.001,6,6,0.000,0.000,0.000
394.203,SUCCESS,4.518,4.714,19.001,6,6,0.000,0.000,0.000
394.303,SUCCESS,4.519,4.713,19.001,6,6,0.000,0.000,0.000
394.403,SUCCESS,4.519,4.713,19.001,6,6,0.000,0.000,0.000
394.503,SUCCESS,4.520,4.713,19.001,6,6,0.000,0.000,0.000
394.603,SUCCESS,4.520,4.714,19.001,6,6,0.000,0.000,0.000
394.703,SUCCESS,4.521,4.714,19.001,6,6,0.000,0.000,0.000
394.803,SUCCESS,4.521,4.714,19.001,6,6,0.000,0.000,0.000
394.903,SUCCESS,4.521,4.713,19.001,6,6,0.000,0.000,0.000
395.003,SUCCESS,4.521,4.713,19.001,6,6,0.000,0.000,0.000
395.103,SUCCESS,4.522,4.713,19.001,6,6,0.000,0.000,0.000
395.203,SUCCESS,4.522,4.713,19.001,6,6,0.000,0.000,0.000
395.303,SUCCESS,4.521,4.713,19.001,6,6,0.000,0.000,0.000
395.403,SUCCESS,4.521,4.713,19.001,6,6,0.000,0.000,0.000
395.503,SUCCESS,4.521,4.713,19.001,6,6,0.000,0.000,0.000
395.603,SUCCESS,4.521,4.713,19.001,6,6,0.000,0.000,0.000
395.703,SUCCESS,4.521,4.713,19.001,6,6,0.000,0.000,0.000
395.803,SUCCESS,4.521,4.713,19.001,6,6,0.000,0.000,0.000
395.903,SUCCESS,4.522,4.713,19.001,6,6,0.000,0.000,0.000
396.003,SUCCESS,4.522,4.712,19.001,6,6,0.000,0.000,0.000
396.103,SUCCESS,4.522,4.712,19.001,6,6,0.000,0.000,0.000
396.203,SUCCESS,4.522,4.712,19.001,6,6,0.000,0.000,0.000
396.303,SUCCESS,4.522,4.712,19.001,6,6,0.000,0.000,0.000
396.403,SUCCESS,4.522,4.712,19.001,6,6,0.000,0.000,0.000
396.503,SUCCESS,4.523,4.712,19.001,6,6,0.000,0.000,0.000
396.603,SUCCESS,4.523,4.712,19.001,6,6,0.000,0.000,0.000
396.705,SUCCESS,4.523,4.712,19.001,6,6,0.000,0.000,0.000
396.803,SUCCESS,4.524,4.712,19.001,6,6,0.000,0.000,0.000
396.903,SUCCESS,4.524,4.712,19.001,6,6,0.000,0.000,0.000
397.003,SUCCESS,4.524,4.712,19.001,6,6,0.000,0.000,0.000
397.103,SUCCESS,4.524,4.712,19.001,6,6,0.000,0.000,0.000
397.203,SUCCESS,4.525,4.712,19.001,6,6,0.000,0.000,0.000
397.303,SUCCESS,4.525,4.712,19.001,6,6,0.000,0.000,0.000
397.403,SUCCESS,4.525,4.712,19.001,6,6,0.000,0.000,0.000
397.504,SUCCESS,4.525,4.712,19.001,6,6,0.000,0.000,0.000
397.603,SUCCESS,4.525,4.712,19.001,6,6,0.000,0.000,0.000
397.703,SUCCESS,4.525,4.712,19.001,6,6,0.000,0.000,0.000
397.804,SUCCESS,4.525,4.712,19.001,6,6,0.000,0.000,0.000
397.903,SUCCESS,4.525,4.712,19.001,6,6,0.000,0.000,0.000
398.003,SUCCESS,4.525,4.712,19.001,6,6,0.000,0.000,0.000
398.103,SUCCESS,4.525,4.713,19.001,6,6,0.000,0.000,0.000
398.203,SUCCESS,4.525,4.713,19.001,6,6,0.000,0.000,0.000
398.303,SUCCESS,4.525,4.712,19.001,6,6,0.000,0.000,0.000
398.403,SUCCESS,4.525,4.712,19.001,6,6,0.000,0.000,0.000
398.503,SUCCESS,4.524,4.712,19.001,6,6,0.000,0.000,0.000
398.603,SUCCESS,4.524,4.712,19.001,6,6,0.000,0.000,0.000
398.703,SUCCESS,4.524,4.712,19.001,6,6,0.000,0.000,0.000
398.803,SUCCESS,4.524,4.712,19.001,6,6,0.000,0.000,0.000
398.903,SUCCESS,4.523,4.712,19.001,6,6,0.000,0.000,0.000
399.003,SUCCESS,4.523,4.712,19.001,6,6,0.000,0.000,0.000
399.103,SUCCESS,4.523,4.712,19.001,6,6,0.000,0.000,0.000
399.203,SUCCESS,4.522,4.712,19.001,6,6,0.000,0.000,0.000
399.303,SUCCESS,4.522,4.712,19.001,6,6,0.000,0.000,0.000
399.403,SUCCESS,4.522,4.712,19.001,6,6,0.000,0.000,0.000
399.503,SUCCESS,4.521,4.711,19.001,6,6,0.000,0.000,0.000
399.603,SUCCESS,4.521,4.711,19.001,6,6,0.000,0.000,0.000
399.703,SUCCESS,4.521,4.712,19.001,6,6,0.000,0.000,0.000
399.804,SUCCESS,4.521,4.712,19.001,6,6,0.000,0.000,0.000
399.903,SUCCESS,4.520,4.712,19.001,6,6,0.000,0.000,0.000
400.003,SUCCESS,4.520,4.712,19.001,6,6,0.000,0.000,0.000
400.103,SUCCESS,4.520,4.712,19.001,6,6,0.000,0.000,0.000
400.203,SUCCESS,4.519,4.712,19.001,6,6,0.000,0.000,0.000
400.303,SUCCESS,4.519,4.712,19.001,6,6,0.000,0.000,0.000
400.403,SUCCESS,4.519,4.713,19.001,6,6,0.000,0.000,0.000
400.503,SUCCESS,4.518,4.713,19.001,6,6,0.000,0.000,0.000
400.603,SUCCESS,4.517,4.713,19.001,6,6,0.000,0.000,0.000
400.703,SUCCESS,4.517,4.713,19.001,6,6,0.000,0.000,0.000
400.803,SUCCESS,4.517,4.713,19.001,6,6,0.000,0.000,0.000
400.903,SUCCESS,4.517,4.713,19.001,6,6,0.000,0.000,0.000
401.003,SUCCESS,4.517,4.713,19.001,6,6,0.000,0.000,0.000
401.103,SUCCESS,4.517,4.713,19.001,6,6,0.000,0.000,0.000
401.203,SUCCESS,4.517,4.713,19.001,6,6,0.000,0.000,0.000
401.305,SUCCESS,4.517,4.713,19.001,6,6,0.000,0.000,0.000
401.403,SUCCESS,4.516,4.712,19.001,6,6,0.000,0.000,0.000
401.503,SUCCESS,4.516,4.712,19.001,6,6,0.000,0.000,0.000
401.603,SUCCESS,4.516,4.712,19.001,6,6,0.000,0.000,0.000
401.703,SUCCESS,4.517,4.713,19.001,6,6,0.000,0.000,0.000
401.803,SUCCESS,4.517,4.713,19.001,6,6,0.000,0.000,0.000
401.903,SUCCESS,4.517,4.712,19.001,6,6,0.000,0.000,0.000
402.003,SUCCESS,4.517,4.712,19.001,6,6,0.000,0.000,0.000
402.103,SUCCESS,4.517,4.712,19.001,6,6,0.000,0.000,0.000
402.203,SUCCESS,4.517,4.712,19.001,6,6,0.000,0.000,0.000
402.303,SUCCESS,4.517,4.712,19.001,6,6,0.000,0.000,0.000
402.404,SUCCESS,4.518,4.712,19.001,6,6,0.000,0.000,0.000
402.503,SUCCESS,4.517,4.712,19.001,6,6,0.000,0.000,0.000
402.603,SUCCESS,4.517,4.712,19.001,6,6,0.000,0.000,0.000
402.703,SUCCESS,4.517,4.712,19.001,6,6,0.000,0.000,0.000
402.803,SUCCESS,4.517,4.712,19.001,6,6,0.000,0.000,0.000
402.903,SUCCESS,4.516,4.712,19.001,6,6,0.000,0.000,0.000
403.003,SUCCESS,4.516,4.713,19.001,6,6,0.000,0.000,0.000
403.104,SUCCESS,4.516,4.713,19.001,6,6,0.000,0.000,0.000
403.203,SUCCESS,4.515,4.712,19.001,6,6,0.000,0.000,0.000
403.303,SUCCESS,4.515,4.712,19.001,6,6,0.000,0.000,0.000
403.403,SUCCESS,4.515,4.712,19.001,6,6,0.000,0.000,0.000
403.504,SUCCESS,4.515,4.712,19.001,6,6,0.000,0.000,0.000
403.603,SUCCESS,4.515,4.712,19.001,6,6,0.000,0.000,0.000
403.703,SUCCESS,4.515,4.712,19.001,6,6,0.000,0.000,0.000
403.803,SUCCESS,4.515,4.712,19.001,6,6,0.000,0.000,0.000
403.903,SUCCESS,4.515,4.713,19.001,6,6,0.000,0.000,0.000
404.003,SUCCESS,4.515,4.713,19.001,6,6,0.000,0.000,0.000
404.103,SUCCESS,4.515,4.712,19.001,6,6,0.000,0.000,0.000
404.203,SUCCESS,4.515,4.712,19.001,6,6,0.000,0.000,0.000
404.303,SUCCESS,4.515,4.712,19.001,6,6,0.000,0.000,0.000
404.403,SUCCESS,4.515,4.712,19.001,6,6,0.000,0.000,0.000
404.503,SUCCESS,4.515,4.713,19.001,6,6,0.000,0.000,0.000
404.603,SUCCESS,4.515,4.713,19.001,6,6,0.000,0.000,0.000
404.703,SUCCESS,4.515,4.713,19.001,6,6,0.000,0.000,0.000
404.803,SUCCESS,4.516,4.713,19.001,6,6,0.000,0.000,0.000
404.903,SUCCESS,4.516,4.713,19.001,6,6,0.000,0.000,0.000
405.003,SUCCESS,4.516,4.713,19.001,6,6,0.000,0.000,0.000
405.103,SUCCESS,4.516,4.713,19.001,6,6,0.000,0.000,0.000
405.203,SUCCESS,4.517,4.713,19.001,6,6,0.000,0.000,0.000
405.303,SUCCESS,4.517,4.712,19.001,6,6,0.000,0.000,0.000
405.403,SUCCESS,4.516,4.713,19.001,6,6,0.000,0.000,0.000
405.503,SUCCESS,4.516,4.713,19.001,6,6,0.000,0.000,0.000
405.603,SUCCESS,4.516,4.713,19.001,6,6,0.000,0.000,0.000
405.703,SUCCESS,4.516,4.713,19.001,6,6,0.000,0.000,0.000
405.803,SUCCESS,4.516,4.713,19.001,6,6,0.000,0.000,0.000
405.903,SUCCESS,4.517,4.713,19.001,6,6,0.000,0.000,0.000
406.003,SUCCESS,4.517,4.713,19.001,6,6,0.000,0.000,0.000
406.103,SUCCESS,4.518,4.713,19.001,6,6,0.000,0.000,0.000
406.203,SUCCESS,4.518,4.713,19.001,6,6,0.000,0.000,0.000
406.303,SUCCESS,4.518,4.713,19.001,6,6,0.000,0.000,0.000
406.403,SUCCESS,4.518,4.713,19.001,6,6,0.000,0.000,0.000
406.503,SUCCESS,4.518,4.713,19.001,6,6,0.000,0.000,0.000
406.603,SUCCESS,4.518,4.713,19.001,6,6,0.000,0.000,0.000
406.703,SUCCESS,4.518,4.713,19.001,6,6,0.000,0.000,0.000
406.803,SUCCESS,4.517,4.713,19.001,6,6,0.000,0.000,0.000
406.903,SUCCESS,4.517,4.713,19.001,6,6,0.000,0.000,0.000
407.003,SUCCESS,4.518,4.713,19.001,6,6,0.000,0.000,0.000
407.103,SUCCESS,4.517,4.713,19.001,6,6,0.000,0.000,0.000
407.203,SUCCESS,4.517,4.713,19.001,6,6,0.000,0.000,0.000
407.303,SUCCESS,4.517,4.713,19.001,6,6,0.000,0.000,0.000
407.403,SUCCESS,4.516,4.713,19.001,6,6,0.000,0.000,0.000
407.503,SUCCESS,4.516,4.713,19.001,6,6,0.000,0.000,0.000
407.603,SUCCESS,4.516,4.713,19.001,6,6,0.000,0.000,0.000
407.703,SUCCESS,4.515,4.713,19.001,6,6,0.000,0.000,0.000
407.803,SUCCESS,4.515,4.713,19.001,6,6,0.000,0.000,0.000
407.903,SUCCESS,4.514,4.713,19.001,6,6,0.000,0.000,0.000
408.003,SUCCESS,4.514,4.713,19.001,6,6,0.000,0.000,0.000
408.103,SUCCESS,4.513,4.713,19.001,6,6,0.000,0.000,0.000
408.203,SUCCESS,4.513,4.713,19.001,6,6,0.000,0.000,0.000
408.303,SUCCESS,4.512,4.713,19.001,6,6,0.000,0.000,0.000
408.403,SUCCESS,4.512,4.713,19.001,6,6,0.000,0.000,0.000
408.503,SUCCESS,4.512,4.713,19.001,6,6,0.000,0.000,0.000
408.603,SUCCESS,4.512,4.714,19.001,6,6,0.000,0.000,0.000
408.703,SUCCESS,4.512,4.714,19.001,6,6,0.000,0.000,0.000
408.803,SUCCESS,4.513,4.714,19.001,6,6,0.000,0.000,0.000
408.903,SUCCESS,4.513,4.714,19.001,6,6,0.000,0.000,0.000
409.003,SUCCESS,4.513,4.714,19.001,6,6,0.000,0.000,0.000
409.103,SUCCESS,4.513,4.714,19.001,6,6,0.000,0.000,0.000
409.203,SUCCESS,4.513,4.714,19.001,6,6,0.000,0.000,0.000
409.303,SUCCESS,4.514,4.714,19.001,6,6,0.000,0.000,0.000
409.403,SUCCESS,4.514,4.714,19.001,6,6,0.000,0.000,0.000
409.503,SUCCESS,4.514,4.714,19.001,6,6,0.000,0.000,0.000
409.603,SUCCESS,4.514,4.714,19.001,6,6,0.000,0.000,0.000
409.703,SUCCESS,4.514,4.714,19.001,6,6,0.000,0.000,0.000
409.803,SUCCESS,4.514,4.714,19.001,6,6,0.000,0.000,0.000
409.903,SUCCESS,4.514,4.714,19.001,6,6,0.000,0.000,0.000
410.003,SUCCESS,4.514,4.714,19.001,6,6,0.000,0.000,0.000
410.103,SUCCESS,4.513,4.714,19.001,6,6,0.000,0.000,0.000
410.203,SUCCESS,4.513,4.714,19.001,6,6,0.000,0.000,0.000
410.303,SUCCESS,4.513,4.714,19.001,6,6,0.000,0.000,0.000
410.403,SUCCESS,4.513,4.714,19.001,6,6,0.000,0.000,0.000
410.503,SUCCESS,4.513,4.714,19.001,6,6,0.000,0.000,0.000
410.603,SUCCESS,4.513,4.714,19.001,6,6,0.000,0.000,0.000
410.703,SUCCESS,4.514,4.714,19.001,6,6,0.000,0.000,0.000
410.803,SUCCESS,4.514,4.714,19.001,6,6,0.000,0.000,0.000
410.903,SUCCESS,4.514,4.714,19.001,6,6,0.000,0.000,0.000
411.003,SUCCESS,4.514,4.714,19.001,6,6,0.000,0.000,0.000
411.103,SUCCESS,4.515,4.714,19.001,6,6,0.000,0.000,0.000
411.203,SUCCESS,4.515,4.714,19.001,6,6,0.000,0.000,0.000
411.303,SUCCESS,4.515,4.714,19.001,6,6,0.000,0.000,0.000
411.403,SUCCESS,4.515,4.714,19.001,6,6,0.000,0.000,0.000
411.503,SUCCESS,4.515,4.714,19.001,6,6,0.000,0.000,0.000
411.603,SUCCESS,4.514,4.714,19.001,6,6,0.000,0.000,0.000
411.703,SUCCESS,4.514,4.714,19.001,6,6,0.000,0.000,0.000
411.803,SUCCESS,4.514,4.714,19.001,6,6,0.000,0.000,0.000
411.904,SUCCESS,4.514,4.714,19.001,6,6,0.000,0.000,0.000
412.003,SUCCESS,4.514,4.714,19.001,6,6,0.000,0.000,0.000
412.104,SUCCESS,4.514,4.714,19.001,6,6,0.000,0.000,0.000
412.203,SUCCESS,4.514,4.714,19.001,6,6,0.000,0.000,0.000
412.303,SUCCESS,4.515,4.714,19.001,6,6,0.000,0.000,0.000
412.403,SUCCESS,4.515,4.714,19.001,6,6,0.000,0.000,0.000
412.503,SUCCESS,4.516,4.714,19.001,6,6,0.000,0.000,0.000
412.603,SUCCESS,4.516,4.714,19.001,6,6,0.000,0.000,0.000
412.703,SUCCESS,4.516,4.714,19.001,6,6,0.000,0.000,0.000
412.803,SUCCESS,4.516,4.714,19.001,6,6,0.000,0.000,0.000
412.903,SUCCESS,4.516,4.714,19.001,6,6,0.000,0.000,0.000
413.003,SUCCESS,4.516,4.714,19.001,6,6,0.000,0.000,0.000
413.103,SUCCESS,4.516,4.714,19.001,6,6,0.000,0.000,0.000
413.203,SUCCESS,4.516,4.714,19.001,6,6,0.000,0.000,0.000
413.304,SUCCESS,4.516,4.714,19.001,6,6,0.000,0.000,0.000
413.403,SUCCESS,4.516,4.714,19.001,6,6,0.000,0.000,0.000
413.503,SUCCESS,4.517,4.713,19.001,6,6,0.000,0.000,0.000
413.603,SUCCESS,4.517,4.713,19.001,6,6,0.000,0.000,0.000
413.703,SUCCESS,4.517,4.713,19.001,6,6,0.000,0.000,0.000
413.804,SUCCESS,4.517,4.714,19.001,6,6,0.000,0.000,0.000
413.903,SUCCESS,4.517,4.714,19.001,6,6,0.000,0.000,0.000
414.003,SUCCESS,4.518,4.714,19.001,6,6,0.000,0.000,0.000
414.103,SUCCESS,4.518,4.713,19.001,6,6,0.000,0.000,0.000
414.203,SUCCESS,4.518,4.713,19.001,6,6,0.000,0.000,0.000
414.303,SUCCESS,4.517,4.713,19.001,6,6,0.000,0.000,0.000
414.403,SUCCESS,4.517,4.713,19.001,6,6,0.000,0.000,0.000
414.503,SUCCESS,4.517,4.713,19.001,6,6,0.000,0.000,0.000
414.603,SUCCESS,4.516,4.713,19.001,6,6,0.000,0.000,0.000
414.703,SUCCESS,4.516,4.713,19.001,6,6,0.000,0.000,0.000
414.803,SUCCESS,4.516,4.713,19.001,6,6,0.000,0.000,0.000
414.903,SUCCESS,4.516,4.713,19.001,6,6,0.000,0.000,0.000
415.003,SUCCESS,4.516,4.713,19.001,6,6,0.000,0.000,0.000
415.103,SUCCESS,4.517,4.713,19.001,6,6,0.000,0.000,0.000
415.203,SUCCESS,4.517,4.713,19.001,6,6,0.000,0.000,0.000
415.303,SUCCESS,4.516,4.713,19.001,6,6,0.000,0.000,0.000
415.403,SUCCESS,4.516,4.713,19.001,6,6,0.000,0.000,0.000
415.503,SUCCESS,4.515,4.713,19.001,6,6,0.000,0.000,0.000
415.603,SUCCESS,4.515,4.714,19.001,6,6,0.000,0.000,0.000
415.703,SUCCESS,4.514,4.714,19.001,6,6,0.000,0.000,0.000
415.803,SUCCESS,4.514,4.714,19.001,6,6,0.000,0.000,0.000
415.903,SUCCESS,4.514,4.714,19.001,6,6,0.000,0.000,0.000
416.003,SUCCESS,4.513,4.714,19.001,6,6,0.000,0.000,0.000
416.103,SUCCESS,4.513,4.714,19.001,6,6,0.000,0.000,0.000
416.203,SUCCESS,4.513,4.714,19.001,6,6,0.000,0.000,0.000
416.303,SUCCESS,4.513,4.714,19.001,6,6,0.000,0.000,0.000
416.403,SUCCESS,4.513,4.715,19.001,6,6,0.000,0.000,0.000
416.503,SUCCESS,4.513,4.714,19.001,6,6,0.000,0.000,0.000
416.603,SUCCESS,4.513,4.715,19.001,6,6,0.000,0.000,0.000
416.703,SUCCESS,4.513,4.715,19.001,6,6,0.000,0.000,0.000
416.803,SUCCESS,4.513,4.715,19.001,6,6,0.000,0.000,0.000
416.904,SUCCESS,4.514,4.715,19.001,6,6,0.000,0.000,0.000
417.003,SUCCESS,4.514,4.715,19.001,6,6,0.000,0.000,0.000
417.103,SUCCESS,4.514,4.715,19.001,6,6,0.000,0.000,0.000
417.203,SUCCESS,4.514,4.715,19.001,6,6,0.000,0.000,0.000
417.303,SUCCESS,4.514,4.715,19.001,6,6,0.000,0.000,0.000
417.403,SUCCESS,4.514,4.715,19.001,6,6,0.000,0.000,0.000
417.503,SUCCESS,4.514,4.715,19.001,6,6,0.000,0.000,0.000
417.603,SUCCESS,4.515,4.715,19.001,6,6,0.000,0.000,0.000
417.703,SUCCESS,4.515,4.715,19.001,6,6,0.000,0.000,0.000
417.803,SUCCESS,4.514,4.715,19.001,6,6,0.000,0.000,0.000
417.904,SUCCESS,4.514,4.715,19.001,6,6,0.000,0.000,0.000
418.003,SUCCESS,4.514,4.714,19.001,6,6,0.000,0.000,0.000
418.103,SUCCESS,4.514,4.713,19.001,6,6,0.000,0.000,0.000
418.203,SUCCESS,4.514,4.712,19.001,6,6,0.000,0.000,0.000
418.303,SUCCESS,4.514,4.712,19.001,6,6,0.000,0.000,0.000
418.403,SUCCESS,4.514,4.713,19.001,6,6,0.000,0.000,0.000
418.503,SUCCESS,4.514,4.713,19.001,6,6,0.000,0.000,0.000
418.603,SUCCESS,4.514,4.713,19.001,6,6,0.000,0.000,0.000
418.703,SUCCESS,4.515,4.713,19.001,6,6,0.000,0.000,0.000
418.803,SUCCESS,4.515,4.713,19.001,6,6,0.000,0.000,0.000
418.903,SUCCESS,4.515,4.713,19.001,6,6,0.000,0.000,0.000
419.003,SUCCESS,4.516,4.713,19.001,6,6,0.000,0.000,0.000
419.103,SUCCESS,4.516,4.713,19.001,6,6,0.000,0.000,0.000
419.203,SUCCESS,4.516,4.713,19.001,6,6,0.000,0.000,0.000
419.305,SUCCESS,4.516,4.713,19.001,6,6,0.000,0.000,0.000
419.403,SUCCESS,4.516,4.712,19.001,6,6,0.000,0.000,0.000
419.503,SUCCESS,4.516,4.713,19.001,6,6,0.000,0.000,0.000
419.603,SUCCESS,4.516,4.713,19.001,6,6,0.000,0.000,0.000
419.703,SUCCESS,4.515,4.713,19.001,6,6,0.000,0.000,0.000
419.803,SUCCESS,4.515,4.713,19.001,6,6,0.000,0.000,0.000
419.903,SUCCESS,4.515,4.713,19.001,6,6,0.000,0.000,0.000
420.003,SUCCESS,4.514,4.713,19.001,6,6,0.000,0.000,0.000
420.103,SUCCESS,4.514,4.713,19.001,6,6,0.000,0.000,0.000
420.204,SUCCESS,4.514,4.714,19.001,6,6,0.000,0.000,0.000
420.303,SUCCESS,4.514,4.714,19.001,6,6,0.000,0.000,0.000
420.403,SUCCESS,4.514,4.714,19.001,6,6,0.000,0.000,0.000
420.503,SUCCESS,4.514,4.714,19.001,6,6,0.000,0.000,0.000
420.603,SUCCESS,4.514,4.714,19.001,6,6,0.000,0.000,0.000
420.703,SUCCESS,4.514,4.714,19.001,6,6,0.000,0.000,0.000
420.803,SUCCESS,4.514,4.714,19.001,6,6,0.000,0.000,0.000
420.903,SUCCESS,4.514,4.714,19.001,6,6,0.000,0.000,0.000
421.003,SUCCESS,4.514,4.714,19.001,6,6,0.000,0.000,0.000
421.103,SUCCESS,4.514,4.714,19.001,6,6,0.000,0.000,0.000
421.203,SUCCESS,4.514,4.715,19.001,6,6,0.000,0.000,0.000
421.304,SUCCESS,4.515,4.715,19.001,6,6,0.000,0.000,0.000
421.403,SUCCESS,4.515,4.714,19.001,6,6,0.000,0.000,0.000
421.504,SUCCESS,4.515,4.714,19.001,6,6,0.000,0.000,0.000
421.603,SUCCESS,4.515,4.714,19.001,6,6,0.000,0.000,0.000
421.703,SUCCESS,4.515,4.714,19.001,6,6,0.000,0.000,0.000
421.804,SUCCESS,4.515,4.715,19.001,6,6,0.000,0.000,0.000
421.903,SUCCESS,4.515,4.715,19.001,6,6,0.000,0.000,0.000
422.003,SUCCESS,4.516,4.714,19.001,6,6,0.000,0.000,0.000
422.103,SUCCESS,4.516,4.714,19.001,6,6,0.000,0.000,0.000
422.204,SUCCESS,4.516,4.714,19.001,6,6,0.000,0.000,0.000
422.303,SUCCESS,4.516,4.714,19.001,6,6,0.000,0.000,0.000
422.403,SUCCESS,4.516,4.714,19.001,6,6,0.000,0.000,0.000
422.503,SUCCESS,4.516,4.714,19.001,6,6,0.000,0.000,0.000
422.603,SUCCESS,4.516,4.714,19.001,6,6,0.000,0.000,0.000
422.703,SUCCESS,4.516,4.715,19.001,6,6,0.000,0.000,0.000
422.803,SUCCESS,4.516,4.714,19.001,6,6,0.000,0.000,0.000
422.903,SUCCESS,4.516,4.714,19.001,6,6,0.000,0.000,0.000
423.003,SUCCESS,4.516,4.714,19.001,6,6,0.000,0.000,0.000
423.103,SUCCESS,4.516,4.715,19.001,6,6,0.000,0.000,0.000
423.203,SUCCESS,4.516,4.715,19.001,6,6,0.000,0.000,0.000
423.303,SUCCESS,4.517,4.715,19.001,6,6,0.000,0.000,0.000
423.403,SUCCESS,4.517,4.715,19.001,6,6,0.000,0.000,0.000
423.503,SUCCESS,4.517,4.715,19.001,6,6,0.000,0.000,0.000
423.603,SUCCESS,4.517,4.715,19.001,6,6,0.000,0.000,0.000
423.703,SUCCESS,4.517,4.714,19.001,6,6,0.000,0.000,0.000
423.804,SUCCESS,4.518,4.714,19.001,6,6,0.000,0.000,0.000
423.903,SUCCESS,4.518,4.714,19.001,6,6,0.000,0.000,0.000
424.003,SUCCESS,4.518,4.714,19.001,6,6,0.000,0.000,0.000
424.103,SUCCESS,4.518,4.714,19.001,6,6,0.000,0.000,0.000
424.203,SUCCESS,4.518,4.714,19.001,6,6,0.000,0.000,0.000
424.303,SUCCESS,4.519,4.714,19.001,6,6,0.000,0.000,0.000
424.403,SUCCESS,4.519,4.714,19.001,6,6,0.000,0.000,0.000
424.503,SUCCESS,4.520,4.714,19.001,6,6,0.000,0.000,0.000
424.603,SUCCESS,4.520,4.714,19.001,6,6,0.000,0.000,0.000
424.703,SUCCESS,4.521,4.714,19.001,6,6,0.000,0.000,0.000
424.803,SUCCESS,4.521,4.714,19.001,6,6,0.000,0.000,0.000
424.903,SUCCESS,4.521,4.714,19.001,6,6,0.000,0.000,0.000
425.003,SUCCESS,4.521,4.714,19.001,6,6,0.000,0.000,0.000
425.103,SUCCESS,4.521,4.714,19.001,6,6,0.000,0.000,0.000
425.203,SUCCESS,4.521,4.714,19.001,6,6,0.000,0.000,0.000
425.303,SUCCESS,4.521,4.714,19.001,6,6,0.000,0.000,0.000
425.403,SUCCESS,4.521,4.714,19.001,6,6,0.000,0.000,0.000
425.503,SUCCESS,4.521,4.714,19.001,6,6,0.000,0.000,0.000
425.603,SUCCESS,4.521,4.714,19.001,6,6,0.000,0.000,0.000
425.703,SUCCESS,4.521,4.714,19.001,6,6,0.000,0.000,0.000
425.803,SUCCESS,4.521,4.714,19.001,6,6,0.000,0.000,0.000
425.903,SUCCESS,4.521,4.714,19.001,6,6,0.000,0.000,0.000
426.003,SUCCESS,4.521,4.714,19.001,6,6,0.000,0.000,0.000
426.103,SUCCESS,4.521,4.714,19.001,6,6,0.000,0.000,0.000
426.203,SUCCESS,4.521,4.714,19.001,6,6,0.000,0.000,0.000
426.303,SUCCESS,4.521,4.714,19.001,6,6,0.000,0.000,0.000
426.403,SUCCESS,4.521,4.714,19.001,6,6,0.000,0.000,0.000
426.503,SUCCESS,4.521,4.714,19.001,6,6,0.000,0.000,0.000
426.603,SUCCESS,4.522,4.714,19.001,6,6,0.000,0.000,0.000
426.703,SUCCESS,4.522,4.714,19.001,6,6,0.000,0.000,0.000
426.803,SUCCESS,4.522,4.713,19.001,6,6,0.000,0.000,0.000
426.903,SUCCESS,4.523,4.714,19.001,6,6,0.000,0.000,0.000
427.003,SUCCESS,4.523,4.714,19.001,6,6,0.000,0.000,0.000
427.103,SUCCESS,4.522,4.714,19.001,6,6,0.000,0.000,0.000
427.203,SUCCESS,4.522,4.714,19.001,6,6,0.000,0.000,0.000
427.303,SUCCESS,4.522,4.714,19.001,6,6,0.000,0.000,0.000
427.403,SUCCESS,4.522,4.713,19.001,6,6,0.000,0.000,0.000
427.503,SUCCESS,4.522,4.713,19.001,6,6,0.000,0.000,0.000
427.603,SUCCESS,4.522,4.713,19.001,6,6,0.000,0.000,0.000
427.703,SUCCESS,4.523,4.713,19.001,6,6,0.000,0.000,0.000
427.803,SUCCESS,4.523,4.714,19.001,6,6,0.000,0.000,0.000
427.903,SUCCESS,4.523,4.713,19.001,6,6,0.000,0.000,0.000
428.003,SUCCESS,4.524,4.713,19.001,6,6,0.000,0.000,0.000
428.103,SUCCESS,4.524,4.713,19.001,6,6,0.000,0.000,0.000
428.203,SUCCESS,4.525,4.713,19.001,6,6,0.000,0.000,0.000
428.303,SUCCESS,4.525,4.713,19.001,6,6,0.000,0.000,0.000
428.403,SUCCESS,4.526,4.713,19.001,6,6,0.000,0.000,0.000
428.503,SUCCESS,4.526,4.713,19.001,6,6,0.000,0.000,0.000
428.603,SUCCESS,4.526,4.713,19.001,6,6,0.000,0.000,0.000
428.703,SUCCESS,4.527,4.713,19.001,6,6,0.000,0.000,0.000
428.803,SUCCESS,4.527,4.713,19.001,6,6,0.000,0.000,0.000
428.903,SUCCESS,4.527,4.713,19.001,6,6,0.000,0.000,0.000
429.003,SUCCESS,4.528,4.713,19.001,6,6,0.000,0.000,0.000
429.103,SUCCESS,4.528,4.713,19.001,6,6,0.000,0.000,0.000
429.203,SUCCESS,4.529,4.713,19.001,6,6,0.000,0.000,0.000
429.303,SUCCESS,4.529,4.713,19.001,6,6,0.000,0.000,0.000
429.403,SUCCESS,4.529,4.713,19.001,6,6,0.000,0.000,0.000
429.503,SUCCESS,4.528,4.713,19.001,6,6,0.000,0.000,0.000
429.603,SUCCESS,4.528,4.713,19.001,6,6,0.000,0.000,0.000
429.703,SUCCESS,4.528,4.713,19.001,6,6,0.000,0.000,0.000
429.803,SUCCESS,4.528,4.713,19.001,6,6,0.000,0.000,0.000
429.903,SUCCESS,4.528,4.713,19.001,6,6,0.000,0.000,0.000
430.003,SUCCESS,4.528,4.713,19.001,6,6,0.000,0.000,0.000
430.103,SUCCESS,4.528,4.713,19.001,6,6,0.000,0.000,0.000
430.203,SUCCESS,4.528,4.713,19.001,6,6,0.000,0.000,0.000
430.303,SUCCESS,4.528,4.713,19.001,6,6,0.000,0.000,0.000
430.403,SUCCESS,4.528,4.713,19.001,6,6,0.000,0.000,0.000
430.503,SUCCESS,4.528,4.713,19.001,6,6,0.000,0.000,0.000
430.603,SUCCESS,4.528,4.713,19.001,6,6,0.000,0.000,0.000
430.703,SUCCESS,4.528,4.713,19.001,6,6,0.000,0.000,0.000
430.803,SUCCESS,4.528,4.713,19.001,6,6,0.000,0.000,0.000
430.903,SUCCESS,4.528,4.713,19.001,6,6,0.000,0.000,0.000
431.003,SUCCESS,4.528,4.713,19.001,6,6,0.000,0.000,0.000
431.103,SUCCESS,4.528,4.713,19.001,6,6,0.000,0.000,0.000
431.203,SUCCESS,4.528,4.713,19.001,6,6,0.000,0.000,0.000
431.303,SUCCESS,4.528,4.713,19.001,6,6,0.000,0.000,0.000
431.403,SUCCESS,4.528,4.713,19.001,6,6,0.000,0.000,0.000
431.503,SUCCESS,4.528,4.713,19.001,6,6,0.000,0.000,0.000
431.603,SUCCESS,4.528,4.713,19.001,6,6,0.000,0.000,0.000
431.703,SUCCESS,4.527,4.713,19.001,6,6,0.000,0.000,0.000
431.803,SUCCESS,4.527,4.713,19.001,6,6,0.000,0.000,0.000
431.903,SUCCESS,4.527,4.713,19.001,6,6,0.000,0.000,0.000
432.003,SUCCESS,4.527,4.714,19.001,6,6,0.000,0.000,0.000
432.103,SUCCESS,4.527,4.714,19.001,6,6,0.000,0.000,0.000
432.203,SUCCESS,4.526,4.714,19.001,6,6,0.000,0.000,0.000
432.303,SUCCESS,4.526,4.713,19.001,6,6,0.000,0.000,0.000
432.404,SUCCESS,4.526,4.713,19.001,6,6,0.000,0.000,0.000
432.503,SUCCESS,4.527,4.713,19.001,6,6,0.000,0.000,0.000
432.603,SUCCESS,4.527,4.713,19.001,6,6,0.000,0.000,0.000
432.703,SUCCESS,4.528,4.714,19.001,6,6,0.000,0.000,0.000
432.803,SUCCESS,4.528,4.713,19.001,6,6,0.000,0.000,0.000
432.903,SUCCESS,4.528,4.713,19.001,6,6,0.000,0.000,0.000
433.003,SUCCESS,4.528,4.713,19.001,6,6,0.000,0.000,0.000
433.103,SUCCESS,4.528,4.713,19.001,6,6,0.000,0.000,0.000
433.203,SUCCESS,4.528,4.713,19.001,6,6,0.000,0.000,0.000
433.303,SUCCESS,4.528,4.713,19.001,6,6,0.000,0.000,0.000
433.403,SUCCESS,4.528,4.713,19.001,6,6,0.000,0.000,0.000
433.503,SUCCESS,4.527,4.713,19.001,6,6,0.000,0.000,0.000
433.603,SUCCESS,4.527,4.713,19.001,6,6,0.000,0.000,0.000
433.703,SUCCESS,4.527,4.713,19.001,6,6,0.000,0.000,0.000
433.803,SUCCESS,4.526,4.713,19.001,6,6,0.000,0.000,0.000
433.904,SUCCESS,4.526,4.713,19.001,6,6,0.000,0.000,0.000
434.003,SUCCESS,4.526,4.713,19.001,6,6,0.000,0.000,0.000
434.103,SUCCESS,4.525,4.713,19.001,6,6,0.000,0.000,0.000
434.203,SUCCESS,4.524,4.713,19.001,6,6,0.000,0.000,0.000
434.303,SUCCESS,4.524,4.713,19.001,6,6,0.000,0.000,0.000
434.403,SUCCESS,4.523,4.713,19.001,6,6,0.000,0.000,0.000
434.503,SUCCESS,4.523,4.713,19.001,6,6,0.000,0.000,0.000
434.603,SUCCESS,4.523,4.713,19.001,6,6,0.000,0.000,0.000
434.703,SUCCESS,4.522,4.713,19.001,6,6,0.000,0.000,0.000
434.803,SUCCESS,4.522,4.713,19.001,6,6,0.000,0.000,0.000
434.903,SUCCESS,4.522,4.713,19.001,6,6,0.000,0.000,0.000
435.003,SUCCESS,4.522,4.713,19.001,6,6,0.000,0.000,0.000
435.103,SUCCESS,4.521,4.714,19.001,6,6,0.000,0.000,0.000
435.203,SUCCESS,4.521,4.713,19.001,6,6,0.000,0.000,0.000
435.303,SUCCESS,4.521,4.713,19.001,6,6,0.000,0.000,0.000
435.404,SUCCESS,4.521,4.713,19.001,6,6,0.000,0.000,0.000
435.503,SUCCESS,4.521,4.714,19.001,6,6,0.000,0.000,0.000
435.603,SUCCESS,4.521,4.714,19.001,6,6,0.000,0.000,0.000
435.703,SUCCESS,4.521,4.714,19.001,6,6,0.000,0.000,0.000
435.803,SUCCESS,4.521,4.713,19.001,6,6,0.000,0.000,0.000
435.904,SUCCESS,4.522,4.713,19.001,6,6,0.000,0.000,0.000
436.003,SUCCESS,4.522,4.713,19.001,6,6,0.000,0.000,0.000
436.103,SUCCESS,4.523,4.713,19.001,6,6,0.000,0.000,0.000
436.203,SUCCESS,4.523,4.714,19.001,6,6,0.000,0.000,0.000
436.303,SUCCESS,4.523,4.713,19.001,6,6,0.000,0.000,0.000
436.403,SUCCESS,4.523,4.713,19.001,6,6,0.000,0.000,0.000
436.503,SUCCESS,4.524,4.713,19.001,6,6,0.000,0.000,0.000
436.603,SUCCESS,4.524,4.713,19.001,6,6,0.000,0.000,0.000
436.703,SUCCESS,4.525,4.713,19.001,6,6,0.000,0.000,0.000
436.803,SUCCESS,4.525,4.713,19.001,6,6,0.000,0.000,0.000
436.903,SUCCESS,4.525,4.713,19.001,6,6,0.000,0.000,0.000
437.003,SUCCESS,4.525,4.713,19.001,6,6,0.000,0.000,0.000
437.103,SUCCESS,4.526,4.713,19.001,6,6,0.000,0.000,0.000
437.203,SUCCESS,4.526,4.713,19.001,6,6,0.000,0.000,0.000
437.303,SUCCESS,4.526,4.712,19.001,6,6,0.000,0.000,0.000
437.403,SUCCESS,4.526,4.713,19.001,6,6,0.000,0.000,0.000
437.503,SUCCESS,4.526,4.713,19.001,6,6,0.000,0.000,0.000
437.603,SUCCESS,4.526,4.713,19.001,6,6,0.000,0.000,0.000
437.703,SUCCESS,4.526,4.713,19.001,6,6,0.000,0.000,0.000
437.803,SUCCESS,4.526,4.713,19.001,6,6,0.000,0.000,0.000
437.903,SUCCESS,4.527,4.712,19.001,6,6,0.000,0.000,0.000
438.003,SUCCESS,4.527,4.712,19.001,6,6,0.000,0.000,0.000
438.103,SUCCESS,4.527,4.712,19.001,6,6,0.000,0.000,0.000
438.203,SUCCESS,4.527,4.712,19.001,6,6,0.000,0.000,0.000
438.303,SUCCESS,4.527,4.712,19.001,6,6,0.000,0.000,0.000
438.403,SUCCESS,4.528,4.712,19.001,6,6,0.000,0.000,0.000
438.503,SUCCESS,4.528,4.712,19.001,6,6,0.000,0.000,0.000
438.603,SUCCESS,4.528,4.712,19.001,6,6,0.000,0.000,0.000
438.703,SUCCESS,4.529,4.712,19.001,6,6,0.000,0.000,0.000
438.803,SUCCESS,4.529,4.712,19.001,6,6,0.000,0.000,0.000
438.903,SUCCESS,4.529,4.712,19.001,6,6,0.000,0.000,0.000
439.003,SUCCESS,4.529,4.712,19.001,6,6,0.000,0.000,0.000
439.103,SUCCESS,4.530,4.712,19.001,6,6,0.000,0.000,0.000
439.203,SUCCESS,4.530,4.712,19.001,6,6,0.000,0.000,0.000
439.303,SUCCESS,4.530,4.712,19.001,6,6,0.000,0.000,0.000
439.403,SUCCESS,4.531,4.711,19.001,6,6,0.000,0.000,0.000
439.503,SUCCESS,4.531,4.712,19.001,6,6,0.000,0.000,0.000
439.603,SUCCESS,4.531,4.711,19.001,6,6,0.000,0.000,0.000
439.703,SUCCESS,4.531,4.711,19.001,6,6,0.000,0.000,0.000
439.803,SUCCESS,4.531,4.712,19.001,6,6,0.000,0.000,0.000
439.903,SUCCESS,4.531,4.712,19.001,6,6,0.000,0.000,0.000
440.003,SUCCESS,4.531,4.712,19.001,6,6,0.000,0.000,0.000
440.103,SUCCESS,4.531,4.712,19.001,6,6,0.000,0.000,0.000
440.203,SUCCESS,4.532,4.712,19.001,6,6,0.000,0.000,0.000
440.303,SUCCESS,4.532,4.712,19.001,6,6,0.000,0.000,0.000
440.403,SUCCESS,4.532,4.712,19.001,6,6,0.000,0.000,0.000
440.503,SUCCESS,4.532,4.712,19.001,6,6,0.000,0.000,0.000
440.603,SUCCESS,4.532,4.712,19.001,6,6,0.000,0.000,0.000
440.703,SUCCESS,4.532,4.712,19.001,6,6,0.000,0.000,0.000
440.803,SUCCESS,4.532,4.712,19.001,6,6,0.000,0.000,0.000
440.903,SUCCESS,4.532,4.712,19.001,6,6,0.000,0.000,0.000
441.003,SUCCESS,4.532,4.712,19.001,6,6,0.000,0.000,0.000
441.103,SUCCESS,4.532,4.712,19.001,6,6,0.000,0.000,0.000
441.203,SUCCESS,4.532,4.712,19.001,6,6,0.000,0.000,0.000
441.303,SUCCESS,4.532,4.712,19.001,6,6,0.000,0.000,0.000
441.403,SUCCESS,4.532,4.713,19.001,6,6,0.000,0.000,0.000
441.504,SUCCESS,4.532,4.712,19.001,6,6,0.000,0.000,0.000
441.603,SUCCESS,4.532,4.712,19.001,6,6,0.000,0.000,0.000
441.703,SUCCESS,4.532,4.712,19.001,6,6,0.000,0.000,0.000
441.803,SUCCESS,4.532,4.712,19.001,6,6,0.000,0.000,0.000
441.903,SUCCESS,4.532,4.712,19.001,6,6,0.000,0.000,0.000
442.003,SUCCESS,4.532,4.712,19.001,6,6,0.000,0.000,0.000
442.103,SUCCESS,4.533,4.712,19.001,6,6,0.000,0.000,0.000
442.203,SUCCESS,4.533,4.712,19.001,6,6,0.000,0.000,0.000
442.303,SUCCESS,4.533,4.712,19.001,6,6,0.000,0.000,0.000
442.403,SUCCESS,4.533,4.712,19.001,6,6,0.000,0.000,0.000
442.504,SUCCESS,4.533,4.712,19.001,6,6,0.000,0.000,0.000
442.603,SUCCESS,4.533,4.712,19.001,6,6,0.000,0.000,0.000
442.703,SUCCESS,4.533,4.712,19.001,6,6,0.000,0.000,0.000
442.803,SUCCESS,4.533,4.712,19.001,6,6,0.000,0.000,0.000
442.903,SUCCESS,4.533,4.712,19.001,6,6,0.000,0.000,0.000
443.003,SUCCESS,4.533,4.713,19.001,6,6,0.000,0.000,0.000
443.103,SUCCESS,4.533,4.713,19.001,6,6,0.000,0.000,0.000
443.204,SUCCESS,4.533,4.712,19.001,6,6,0.000,0.000,0.000
443.303,SUCCESS,4.533,4.712,19.001,6,6,0.000,0.000,0.000
443.403,SUCCESS,4.533,4.712,19.001,6,6,0.000,0.000,0.000
443.503,SUCCESS,4.533,4.712,19.001,6,6,0.000,0.000,0.000
443.603,SUCCESS,4.533,4.712,19.001,6,6,0.000,0.000,0.000
443.703,SUCCESS,4.533,4.712,19.001,6,6,0.000,0.000,0.000
443.803,SUCCESS,4.533,4.712,19.001,6,6,0.000,0.000,0.000
443.903,SUCCESS,4.533,4.712,19.001,6,6,0.000,0.000,0.000
444.003,SUCCESS,4.533,4.712,19.001,6,6,0.000,0.000,0.000
444.103,SUCCESS,4.533,4.712,19.001,6,6,0.000,0.000,0.000
444.204,SUCCESS,4.533,4.712,19.001,6,6,0.000,0.000,0.000
444.303,SUCCESS,4.533,4.712,19.001,6,6,0.000,0.000,0.000
444.403,SUCCESS,4.533,4.712,19.001,6,6,0.000,0.000,0.000
444.503,SUCCESS,4.534,4.712,19.001,6,6,0.000,0.000,0.000
444.603,SUCCESS,4.534,4.711,19.001,6,6,0.000,0.000,0.000
444.703,SUCCESS,4.534,4.711,19.001,6,6,0.000,0.000,0.000
444.803,SUCCESS,4.534,4.712,19.001,6,6,0.000,0.000,0.000
444.903,SUCCESS,4.534,4.712,19.001,6,6,0.000,0.000,0.000
445.003,SUCCESS,4.534,4.712,19.001,6,6,0.000,0.000,0.000
445.103,SUCCESS,4.534,4.712,19.001,6,6,0.000,0.000,0.000
445.203,SUCCESS,4.534,4.712,19.001,6,6,0.000,0.000,0.000
445.303,SUCCESS,4.534,4.712,19.001,6,6,0.000,0.000,0.000
445.403,SUCCESS,4.534,4.712,19.001,6,6,0.000,0.000,0.000
445.503,SUCCESS,4.534,4.712,19.001,6,6,0.000,0.000,0.000
445.603,SUCCESS,4.534,4.712,19.001,6,6,0.000,0.000,0.000
445.703,SUCCESS,4.533,4.712,19.001,6,6,0.000,0.000,0.000
445.803,SUCCESS,4.533,4.712,19.001,6,6,0.000,0.000,0.000
445.903,SUCCESS,4.533,4.712,19.001,6,6,0.000,0.000,0.000
446.003,SUCCESS,4.533,4.712,19.001,6,6,0.000,0.000,0.000
446.103,SUCCESS,4.533,4.712,19.001,6,6,0.000,0.000,0.000
446.203,SUCCESS,4.533,4.712,19.001,6,6,0.000,0.000,0.000
446.303,SUCCESS,4.532,4.712,19.001,6,6,0.000,0.000,0.000
446.403,SUCCESS,4.532,4.712,19.001,6,6,0.000,0.000,0.000
446.503,SUCCESS,4.532,4.712,19.001,6,6,0.000,0.000,0.000
446.603,SUCCESS,4.532,4.712,19.001,6,6,0.000,0.000,0.000
446.703,SUCCESS,4.532,4.712,19.001,6,6,0.000,0.000,0.000
446.803,SUCCESS,4.531,4.712,19.001,6,6,0.000,0.000,0.000
446.903,SUCCESS,4.531,4.712,19.001,6,6,0.000,0.000,0.000
447.003,SUCCESS,4.531,4.712,19.001,6,6,0.000,0.000,0.000
447.103,SUCCESS,4.532,4.713,19.001,6,6,0.000,0.000,0.000
447.203,SUCCESS,4.532,4.713,19.001,6,6,0.000,0.000,0.000
447.303,SUCCESS,4.532,4.712,19.001,6,6,0.000,0.000,0.000
447.403,SUCCESS,4.533,4.712,19.001,6,6,0.000,0.000,0.000
447.503,SUCCESS,4.533,4.712,19.001,6,6,0.000,0.000,0.000
447.603,SUCCESS,4.533,4.712,19.001,6,6,0.000,0.000,0.000
447.705,SUCCESS,4.534,4.712,19.001,6,6,0.000,0.000,0.000
447.803,SUCCESS,4.534,4.712,19.001,6,6,0.000,0.000,0.000
447.903,SUCCESS,4.534,4.712,19.001,6,6,0.000,0.000,0.000
448.005,SUCCESS,4.534,4.712,19.001,6,6,0.000,0.000,0.000
448.103,SUCCESS,4.534,4.712,19.001,6,6,0.000,0.000,0.000
448.203,SUCCESS,4.533,4.712,19.001,6,6,0.000,0.000,0.000
448.303,SUCCESS,4.533,4.712,19.001,6,6,0.000,0.000,0.000
448.403,SUCCESS,4.533,4.712,19.001,6,6,0.000,0.000,0.000
448.503,SUCCESS,4.534,4.712,19.001,6,6,0.000,0.000,0.000
448.603,SUCCESS,4.534,4.712,19.001,6,6,0.000,0.000,0.000
448.703,SUCCESS,4.534,4.712,19.001,6,6,0.000,0.000,0.000
448.803,SUCCESS,4.535,4.712,19.001,6,6,0.000,0.000,0.000
448.903,SUCCESS,4.535,4.712,19.001,6,6,0.000,0.000,0.000
449.003,SUCCESS,4.535,4.712,19.001,6,6,0.000,0.000,0.000
449.103,SUCCESS,4.536,4.712,19.001,6,6,0.000,0.000,0.000
449.203,SUCCESS,4.536,4.712,19.001,6,6,0.000,0.000,0.000
449.303,SUCCESS,4.536,4.712,19.001,6,6,0.000,0.000,0.000
449.403,SUCCESS,4.536,4.712,19.001,6,6,0.000,0.000,0.000
449.503,SUCCESS,4.536,4.712,19.001,6,6,0.000,0.000,0.000
449.603,SUCCESS,4.536,4.711,19.001,6,6,0.000,0.000,0.000
449.703,SUCCESS,4.536,4.711,19.001,6,6,0.000,0.000,0.000
449.803,SUCCESS,4.536,4.711,19.001,6,6,0.000,0.000,0.000
449.903,SUCCESS,4.536,4.711,19.001,6,6,0.000,0.000,0.000
450.003,SUCCESS,4.536,4.710,19.001,6,6,0.000,0.000,0.000
450.103,SUCCESS,4.536,4.710,19.001,6,6,0.000,0.000,0.000
450.203,SUCCESS,4.536,4.710,19.001,6,6,0.000,0.000,0.000
450.303,SUCCESS,4.537,4.710,19.001,6,6,0.000,0.000,0.000
450.403,SUCCESS,4.537,4.711,19.001,6,6,0.000,0.000,0.000
450.503,SUCCESS,4.537,4.710,19.001,6,6,0.000,0.000,0.000
450.603,SUCCESS,4.538,4.710,19.001,6,6,0.000,0.000,0.000
450.704,SUCCESS,4.538,4.710,19.001,6,6,0.000,0.000,0.000
450.803,SUCCESS,4.539,4.710,19.001,6,6,0.000,0.000,0.000
450.903,SUCCESS,4.539,4.710,19.001,6,6,0.000,0.000,0.000
451.003,SUCCESS,4.540,4.710,19.001,6,6,0.000,0.000,0.000
451.103,SUCCESS,4.540,4.710,19.001,6,6,0.000,0.000,0.000
451.204,SUCCESS,4.541,4.710,19.001,6,6,0.000,0.000,0.000
451.303,SUCCESS,4.541,4.710,19.001,6,6,0.000,0.000,0.000
451.403,SUCCESS,4.542,4.710,19.001,6,6,0.000,0.000,0.000
451.503,SUCCESS,4.542,4.710,19.001,6,6,0.000,0.000,0.000
451.603,SUCCESS,4.543,4.710,19.001,6,6,0.000,0.000,0.000
451.703,SUCCESS,4.543,4.710,19.001,6,6,0.000,0.000,0.000
451.803,SUCCESS,4.543,4.709,19.001,6,6,0.000,0.000,0.000
451.903,SUCCESS,4.544,4.709,19.001,6,6,0.000,0.000,0.000
452.003,SUCCESS,4.544,4.709,19.001,6,6,0.000,0.000,0.000
452.103,SUCCESS,4.545,4.709,19.001,6,6,0.000,0.000,0.000
452.203,SUCCESS,4.545,4.709,19.001,6,6,0.000,0.000,0.000
452.303,SUCCESS,4.546,4.709,19.001,6,6,0.000,0.000,0.000
452.403,SUCCESS,4.546,4.708,19.001,6,6,0.000,0.000,0.000
452.503,SUCCESS,4.547,4.708,19.001,6,6,0.000,0.000,0.000
452.603,SUCCESS,4.547,4.708,19.001,6,6,0.000,0.000,0.000
452.703,SUCCESS,4.547,4.708,19.001,6,6,0.000,0.000,0.000
452.803,SUCCESS,4.548,4.707,19.001,6,6,0.000,0.000,0.000
452.903,SUCCESS,4.548,4.707,19.001,6,6,0.000,0.000,0.000
453.003,SUCCESS,4.548,4.707,19.001,6,6,0.000,0.000,0.000
453.103,SUCCESS,4.549,4.707,19.001,6,6,0.000,0.000,0.000
453.203,SUCCESS,4.549,4.707,19.001,6,6,0.000,0.000,0.000
453.303,SUCCESS,4.550,4.706,19.001,6,6,0.000,0.000,0.000
453.403,SUCCESS,4.550,4.706,19.001,6,6,0.000,0.000,0.000
453.503,SUCCESS,4.551,4.706,19.001,6,6,0.000,0.000,0.000
453.603,SUCCESS,4.551,4.706,19.001,6,6,0.000,0.000,0.000
453.703,SUCCESS,4.551,4.706,19.001,6,6,0.000,0.000,0.000
453.803,SUCCESS,4.551,4.706,19.001,6,6,0.000,0.000,0.000
453.903,SUCCESS,4.551,4.705,19.001,6,6,0.000,0.000,0.000
454.003,SUCCESS,4.551,4.705,19.001,6,6,0.000,0.000,0.000
454.103,SUCCESS,4.552,4.704,19.001,6,6,0.000,0.000,0.000
454.203,SUCCESS,4.552,4.704,19.001,6,6,0.000,0.000,0.000
454.303,SUCCESS,4.552,4.704,19.001,6,6,0.000,0.000,0.000
454.403,SUCCESS,4.553,4.704,19.001,6,6,0.000,0.000,0.000
454.503,SUCCESS,4.553,4.704,19.001,6,6,0.000,0.000,0.000
454.603,SUCCESS,4.554,4.704,19.001,6,6,0.000,0.000,0.000
454.703,SUCCESS,4.554,4.704,19.001,6,6,0.000,0.000,0.000
454.803,SUCCESS,4.554,4.704,19.001,6,6,0.000,0.000,0.000
454.903,SUCCESS,4.554,4.704,19.001,6,6,0.000,0.000,0.000
455.003,SUCCESS,4.554,4.703,19.001,6,6,0.000,0.000,0.000
455.103,SUCCESS,4.553,4.704,19.001,6,6,0.000,0.000,0.000
455.203,SUCCESS,4.552,4.704,19.001,6,6,0.000,0.000,0.000
455.303,SUCCESS,4.550,4.704,19.001,6,6,0.000,0.000,0.000
455.403,SUCCESS,4.549,4.704,19.001,6,6,0.000,0.000,0.000
455.503,SUCCESS,4.546,4.703,19.001,6,6,0.000,0.000,0.000
455.603,SUCCESS,4.543,4.702,19.001,6,6,0.000,0.000,0.000
455.703,SUCCESS,4.541,4.701,19.001,6,6,0.000,0.000,0.000
455.803,SUCCESS,4.537,4.699,19.001,6,6,0.000,0.000,0.000
455.903,SUCCESS,4.533,4.697,19.001,6,6,0.000,0.000,0.000
456.003,SUCCESS,4.531,4.697,19.001,6,6,0.000,0.000,0.000
456.103,SUCCESS,4.528,4.695,19.001,6,6,0.000,0.000,0.000
456.203,SUCCESS,4.527,4.695,19.001,6,6,0.000,0.000,0.000
456.303,SUCCESS,4.526,4.695,19.001,6,6,0.000,0.000,0.000
456.403,SUCCESS,4.526,4.696,19.001,6,6,0.000,0.000,0.000
456.503,SUCCESS,4.526,4.697,19.001,6,6,0.000,0.000,0.000
456.603,SUCCESS,4.526,4.698,19.001,6,6,0.000,0.000,0.000
456.703,SUCCESS,4.525,4.699,19.001,6,6,0.000,0.000,0.000
456.803,SUCCESS,4.525,4.699,19.001,6,6,0.000,0.000,0.000
456.903,SUCCESS,4.524,4.700,19.001,6,6,0.000,0.000,0.000
457.003,SUCCESS,4.524,4.701,19.001,6,6,0.000,0.000,0.000
457.103,SUCCESS,4.523,4.701,19.001,6,6,0.000,0.000,0.000
457.203,SUCCESS,4.523,4.702,19.001,6,6,0.000,0.000,0.000
457.303,SUCCESS,4.523,4.702,19.001,6,6,0.000,0.000,0.000
457.403,SUCCESS,4.523,4.703,19.001,6,6,0.000,0.000,0.000
457.503,SUCCESS,4.523,4.703,19.001,6,6,0.000,0.000,0.000
457.603,SUCCESS,4.522,4.703,19.001,6,6,0.000,0.000,0.000
457.703,SUCCESS,4.522,4.703,19.001,6,6,0.000,0.000,0.000
457.803,SUCCESS,4.522,4.704,19.001,6,6,0.000,0.000,0.000
457.903,SUCCESS,4.521,4.704,19.001,6,6,0.000,0.000,0.000
458.003,SUCCESS,4.521,4.705,19.001,6,6,0.000,0.000,0.000
458.103,SUCCESS,4.521,4.705,19.001,6,6,0.000,0.000,0.000
458.204,SUCCESS,4.521,4.705,19.001,6,6,0.000,0.000,0.000
458.303,SUCCESS,4.521,4.705,19.001,6,6,0.000,0.000,0.000
458.403,SUCCESS,4.520,4.705,19.001,6,6,0.000,0.000,0.000
458.503,SUCCESS,4.520,4.706,19.001,6,6,0.000,0.000,0.000
458.603,SUCCESS,4.520,4.706,19.001,6,6,0.000,0.000,0.000
458.703,SUCCESS,4.520,4.706,19.001,6,6,0.000,0.000,0.000
458.803,SUCCESS,4.520,4.706,19.001,6,6,0.000,0.000,0.000
458.903,SUCCESS,4.520,4.707,19.001,6,6,0.000,0.000,0.000
459.003,SUCCESS,4.519,4.708,19.001,6,6,0.000,0.000,0.000
459.103,SUCCESS,4.519,4.708,19.001,6,6,0.000,0.000,0.000
459.203,SUCCESS,4.518,4.708,19.001,6,6,0.000,0.000,0.000
459.303,SUCCESS,4.518,4.709,19.001,6,6,0.000,0.000,0.000
459.403,SUCCESS,4.517,4.709,19.001,6,6,0.000,0.000,0.000
459.503,SUCCESS,4.517,4.708,19.001,6,6,0.000,0.000,0.000
459.603,SUCCESS,4.517,4.708,19.001,6,6,0.000,0.000,0.000
459.704,SUCCESS,4.517,4.708,19.001,6,6,0.000,0.000,0.000
459.803,SUCCESS,4.517,4.708,19.001,6,6,0.000,0.000,0.000
459.903,SUCCESS,4.517,4.708,19.001,6,6,0.000,0.000,0.000
460.003,SUCCESS,4.517,4.708,19.001,6,6,0.000,0.000,0.000
460.104,SUCCESS,4.517,4.709,19.001,6,6,0.000,0.000,0.000
460.203,SUCCESS,4.516,4.708,19.001,6,6,0.000,0.000,0.000
460.303,SUCCESS,4.516,4.708,19.001,6,6,0.000,0.000,0.000
460.403,SUCCESS,4.516,4.708,19.001,6,6,0.000,0.000,0.000
460.503,SUCCESS,4.516,4.708,19.001,6,6,0.000,0.000,0.000
460.603,SUCCESS,4.516,4.708,19.001,6,6,0.000,0.000,0.000
460.703,SUCCESS,4.516,4.708,19.001,6,6,0.000,0.000,0.000
460.803,SUCCESS,4.515,4.709,19.001,6,6,0.000,0.000,0.000
460.903,SUCCESS,4.515,4.709,19.001,6,6,0.000,0.000,0.000
461.003,SUCCESS,4.515,4.710,19.001,6,6,0.000,0.000,0.000
461.103,SUCCESS,4.515,4.710,19.001,6,6,0.000,0.000,0.000
461.203,SUCCESS,4.514,4.711,19.001,6,6,0.000,0.000,0.000
461.303,SUCCESS,4.514,4.711,19.001,6,6,0.000,0.000,0.000
461.404,SUCCESS,4.514,4.711,19.001,6,6,0.000,0.000,0.000
461.503,SUCCESS,4.514,4.711,19.001,6,6,0.000,0.000,0.000
461.603,SUCCESS,4.514,4.711,19.001,6,6,0.000,0.000,0.000
461.703,SUCCESS,4.514,4.711,19.001,6,6,0.000,0.000,0.000
461.803,SUCCESS,4.514,4.711,19.001,6,6,0.000,0.000,0.000
461.903,SUCCESS,4.514,4.711,19.001,6,6,0.000,0.000,0.000
462.003,SUCCESS,4.514,4.712,19.001,6,6,0.000,0.000,0.000
462.103,SUCCESS,4.514,4.712,19.001,6,6,0.000,0.000,0.000
462.203,SUCCESS,4.514,4.712,19.001,6,6,0.000,0.000,0.000
462.303,SUCCESS,4.513,4.712,19.001,6,6,0.000,0.000,0.000
462.403,SUCCESS,4.513,4.712,19.001,6,6,0.000,0.000,0.000
462.503,SUCCESS,4.513,4.712,19.001,6,6,0.000,0.000,0.000
462.603,SUCCESS,4.513,4.712,19.001,6,6,0.000,0.000,0.000
462.703,SUCCESS,4.513,4.712,19.001,6,6,0.000,0.000,0.000
462.803,SUCCESS,4.513,4.712,19.001,6,6,0.000,0.000,0.000
462.903,SUCCESS,4.513,4.711,19.001,6,6,0.000,0.000,0.000
463.003,SUCCESS,4.513,4.711,19.001,6,6,0.000,0.000,0.000
463.103,SUCCESS,4.513,4.711,19.001,6,6,0.000,0.000,0.000
463.203,SUCCESS,4.513,4.711,19.001,6,6,0.000,0.000,0.000
463.303,SUCCESS,4.513,4.711,19.001,6,6,0.000,0.000,0.000
463.403,SUCCESS,4.513,4.711,19.001,6,6,0.000,0.000,0.000
463.503,SUCCESS,4.513,4.711,19.001,6,6,0.000,0.000,0.000
463.603,SUCCESS,4.513,4.711,19.001,6,6,0.000,0.000,0.000
463.703,SUCCESS,4.512,4.711,19.001,6,6,0.000,0.000,0.000
463.803,SUCCESS,4.512,4.712,19.001,6,6,0.000,0.000,0.000
463.903,SUCCESS,4.512,4.712,19.001,6,6,0.000,0.000,0.000
464.003,SUCCESS,4.512,4.712,19.001,6,6,0.000,0.000,0.000
464.103,SUCCESS,4.511,4.713,19.001,6,6,0.000,0.000,0.000
464.203,SUCCESS,4.511,4.713,19.001,6,6,0.000,0.000,0.000
464.303,SUCCESS,4.511,4.713,19.001,6,6,0.000,0.000,0.000
464.403,SUCCESS,4.511,4.713,19.001,6,6,0.000,0.000,0.000
464.503,SUCCESS,4.511,4.713,19.001,6,6,0.000,0.000,0.000
464.603,SUCCESS,4.511,4.713,19.001,6,6,0.000,0.000,0.000
464.703,SUCCESS,4.511,4.713,19.001,6,6,0.000,0.000,0.000
464.803,SUCCESS,4.511,4.713,19.001,6,6,0.000,0.000,0.000
464.903,SUCCESS,4.510,4.714,19.001,6,6,0.000,0.000,0.000
465.003,SUCCESS,4.510,4.714,19.001,6,6,0.000,0.000,0.000
465.103,SUCCESS,4.510,4.714,19.001,6,6,0.000,0.000,0.000
465.203,SUCCESS,4.510,4.714,19.001,6,6,0.000,0.000,0.000
465.303,SUCCESS,4.509,4.715,19.001,6,6,0.000,0.000,0.000
465.403,SUCCESS,4.509,4.715,19.001,6,6,0.000,0.000,0.000
465.503,SUCCESS,4.509,4.715,19.001,6,6,0.000,0.000,0.000
465.603,SUCCESS,4.509,4.715,19.001,6,6,0.000,0.000,0.000
465.703,SUCCESS,4.509,4.715,19.001,6,6,0.000,0.000,0.000
465.803,SUCCESS,4.509,4.715,19.001,6,6,0.000,0.000,0.000
465.903,SUCCESS,4.508,4.716,19.001,6,6,0.000,0.000,0.000
466.003,SUCCESS,4.508,4.716,19.001,6,6,0.000,0.000,0.000
466.103,SUCCESS,4.508,4.716,19.001,6,6,0.000,0.000,0.000
466.203,SUCCESS,4.508,4.716,19.001,6,6,0.000,0.000,0.000
466.303,SUCCESS,4.508,4.717,19.001,6,6,0.000,0.000,0.000
466.403,SUCCESS,4.507,4.717,19.001,6,6,0.000,0.000,0.000
466.503,SUCCESS,4.507,4.716,19.001,6,6,0.000,0.000,0.000
466.603,SUCCESS,4.507,4.716,19.001,6,6,0.000,0.000,0.000
466.703,SUCCESS,4.507,4.716,19.001,6,6,0.000,0.000,0.000
466.803,SUCCESS,4.507,4.716,19.001,6,6,0.000,0.000,0.000
466.903,SUCCESS,4.507,4.716,19.001,6,6,0.000,0.000,0.000
467.003,SUCCESS,4.507,4.716,19.001,6,6,0.000,0.000,0.000
467.103,SUCCESS,4.507,4.716,19.001,6,6,0.000,0.000,0.000
467.203,SUCCESS,4.507,4.716,19.001,6,6,0.000,0.000,0.000
467.303,SUCCESS,4.507,4.717,19.001,6,6,0.000,0.000,0.000
467.403,SUCCESS,4.507,4.717,19.001,6,6,0.000,0.000,0.000
467.503,SUCCESS,4.506,4.717,19.001,6,6,0.000,0.000,0.000
467.603,SUCCESS,4.506,4.717,19.001,6,6,0.000,0.000,0.000
467.703,SUCCESS,4.506,4.717,19.001,6,6,0.000,0.000,0.000
467.803,SUCCESS,4.506,4.717,19.001,6,6,0.000,0.000,0.000
467.903,SUCCESS,4.506,4.717,19.001,6,6,0.000,0.000,0.000
468.003,SUCCESS,4.506,4.717,19.001,6,6,0.000,0.000,0.000
468.103,SUCCESS,4.506,4.716,19.001,6,6,0.000,0.000,0.000
468.203,SUCCESS,4.506,4.715,19.001,6,6,0.000,0.000,0.000
468.303,SUCCESS,4.506,4.715,19.001,6,6,0.000,0.000,0.000
468.403,SUCCESS,4.507,4.715,19.001,6,6,0.000,0.000,0.000
468.503,SUCCESS,4.507,4.715,19.001,6,6,0.000,0.000,0.000
468.603,SUCCESS,4.507,4.715,19.001,6,6,0.000,0.000,0.000
468.703,SUCCESS,4.506,4.715,19.001,6,6,0.000,0.000,0.000
468.803,SUCCESS,4.506,4.715,19.001,6,6,0.000,0.000,0.000
468.903,SUCCESS,4.506,4.715,19.001,6,6,0.000,0.000,0.000
469.003,SUCCESS,4.506,4.715,19.001,6,6,0.000,0.000,0.000
469.104,SUCCESS,4.506,4.715,19.001,6,6,0.000,0.000,0.000
469.203,SUCCESS,4.506,4.716,19.001,6,6,0.000,0.000,0.000
469.303,SUCCESS,4.506,4.716,19.001,6,6,0.000,0.000,0.000
469.403,SUCCESS,4.506,4.716,19.001,6,6,0.000,0.000,0.000
469.503,SUCCESS,4.505,4.716,19.001,6,6,0.000,0.000,0.000
469.603,SUCCESS,4.505,4.716,19.001,6,6,0.000,0.000,0.000
469.703,SUCCESS,4.505,4.716,19.001,6,6,0.000,0.000,0.000
469.803,SUCCESS,4.505,4.716,19.001,6,6,0.000,0.000,0.000
469.903,SUCCESS,4.505,4.716,19.001,6,6,0.000,0.000,0.000
470.003,SUCCESS,4.505,4.717,19.001,6,6,0.000,0.000,0.000
470.103,SUCCESS,4.505,4.717,19.001,6,6,0.000,0.000,0.000
470.203,SUCCESS,4.505,4.717,19.001,6,6,0.000,0.000,0.000
470.303,SUCCESS,4.504,4.717,19.001,6,6,0.000,0.000,0.000
470.403,SUCCESS,4.504,4.718,19.001,6,6,0.000,0.000,0.000
470.503,SUCCESS,4.504,4.718,19.001,6,6,0.000,0.000,0.000
470.603,SUCCESS,4.504,4.718,19.001,6,6,0.000,0.000,0.000
470.703,SUCCESS,4.504,4.718,19.001,6,6,0.000,0.000,0.000
470.803,SUCCESS,4.504,4.718,19.001,6,6,0.000,0.000,0.000
470.903,SUCCESS,4.503,4.718,19.001,6,6,0.000,0.000,0.000
471.003,SUCCESS,4.503,4.719,19.001,6,6,0.000,0.000,0.000
471.103,SUCCESS,4.503,4.719,19.001,6,6,0.000,0.000,0.000
471.203,SUCCESS,4.503,4.720,19.001,6,6,0.000,0.000,0.000
471.303,SUCCESS,4.503,4.720,19.001,6,6,0.000,0.000,0.000
471.403,SUCCESS,4.503,4.720,19.001,6,6,0.000,0.000,0.000
471.503,SUCCESS,4.502,4.721,19.001,6,6,0.000,0.000,0.000
471.603,SUCCESS,4.502,4.721,19.001,6,6,0.000,0.000,0.000
471.703,SUCCESS,4.502,4.721,19.001,6,6,0.000,0.000,0.000
471.803,SUCCESS,4.502,4.722,19.001,6,6,0.000,0.000,0.000
471.903,SUCCESS,4.502,4.722,19.001,6,6,0.000,0.000,0.000
472.003,SUCCESS,4.502,4.722,19.001,6,6,0.000,0.000,0.000
472.103,SUCCESS,4.502,4.723,19.001,6,6,0.000,0.000,0.000
472.203,SUCCESS,4.502,4.723,19.001,6,6,0.000,0.000,0.000
472.303,SUCCESS,4.502,4.723,19.001,6,6,0.000,0.000,0.000
472.403,SUCCESS,4.501,4.723,19.001,6,6,0.000,0.000,0.000
472.503,SUCCESS,4.501,4.723,19.001,6,6,0.000,0.000,0.000
472.603,SUCCESS,4.501,4.723,19.001,6,6,0.000,0.000,0.000
472.703,SUCCESS,4.501,4.722,19.001,6,6,0.000,0.000,0.000
472.803,SUCCESS,4.501,4.722,19.001,6,6,0.000,0.000,0.000
472.903,SUCCESS,4.501,4.722,19.001,6,6,0.000,0.000,0.000
473.003,SUCCESS,4.501,4.722,19.001,6,6,0.000,0.000,0.000
473.103,SUCCESS,4.501,4.721,19.001,6,6,0.000,0.000,0.000
473.203,SUCCESS,4.501,4.721,19.001,6,6,0.000,0.000,0.000
473.304,SUCCESS,4.502,4.721,19.001,6,6,0.000,0.000,0.000
473.403,SUCCESS,4.502,4.720,19.001,6,6,0.000,0.000,0.000
473.503,SUCCESS,4.502,4.720,19.001,6,6,0.000,0.000,0.000
473.603,SUCCESS,4.502,4.719,19.001,6,6,0.000,0.000,0.000
473.703,SUCCESS,4.502,4.719,19.001,6,6,0.000,0.000,0.000
473.803,SUCCESS,4.503,4.719,19.001,6,6,0.000,0.000,0.000
473.903,SUCCESS,4.503,4.718,19.001,6,6,0.000,0.000,0.000
474.003,SUCCESS,4.503,4.718,19.001,6,6,0.000,0.000,0.000
474.103,SUCCESS,4.503,4.718,19.001,6,6,0.000,0.000,0.000
474.203,SUCCESS,4.504,4.718,19.001,6,6,0.000,0.000,0.000
474.303,SUCCESS,4.504,4.718,19.001,6,6,0.000,0.000,0.000
474.403,SUCCESS,4.503,4.718,19.001,6,6,0.000,0.000,0.000
474.503,SUCCESS,4.503,4.718,19.001,6,6,0.000,0.000,0.000
474.603,SUCCESS,4.503,4.718,19.001,6,6,0.000,0.000,0.000
474.703,SUCCESS,4.503,4.718,19.001,6,6,0.000,0.000,0.000
474.803,SUCCESS,4.503,4.718,19.001,6,6,0.000,0.000,0.000
474.903,SUCCESS,4.503,4.718,19.001,6,6,0.000,0.000,0.000
475.003,SUCCESS,4.503,4.718,19.001,6,6,0.000,0.000,0.000
475.103,SUCCESS,4.503,4.718,19.001,6,6,0.000,0.000,0.000
475.203,SUCCESS,4.503,4.718,19.001,6,6,0.000,0.000,0.000
475.303,SUCCESS,4.502,4.719,19.001,6,6,0.000,0.000,0.000
475.403,SUCCESS,4.502,4.720,19.001,6,6,0.000,0.000,0.000
475.503,SUCCESS,4.502,4.720,19.001,6,6,0.000,0.000,0.000
475.603,SUCCESS,4.502,4.720,19.001,6,6,0.000,0.000,0.000
475.703,SUCCESS,4.501,4.720,19.001,6,6,0.000,0.000,0.000
475.803,SUCCESS,4.501,4.720,19.001,6,6,0.000,0.000,0.000
475.903,SUCCESS,4.501,4.720,19.001,6,6,0.000,0.000,0.000
476.003,SUCCESS,4.501,4.720,19.001,6,6,0.000,0.000,0.000
476.103,SUCCESS,4.501,4.719,19.001,6,6,0.000,0.000,0.000
476.203,SUCCESS,4.501,4.719,19.001,6,6,0.000,0.000,0.000
476.303,SUCCESS,4.501,4.719,19.001,6,6,0.000,0.000,0.000
476.403,SUCCESS,4.501,4.720,19.001,6,6,0.000,0.000,0.000
476.505,SUCCESS,4.501,4.720,19.001,6,6,0.000,0.000,0.000
476.603,SUCCESS,4.501,4.720,19.001,6,6,0.000,0.000,0.000
476.703,SUCCESS,4.501,4.720,19.001,6,6,0.000,0.000,0.000
476.803,SUCCESS,4.501,4.719,19.001,6,6,0.000,0.000,0.000
476.904,SUCCESS,4.501,4.719,19.001,6,6,0.000,0.000,0.000
477.003,SUCCESS,4.501,4.719,19.001,6,6,0.000,0.000,0.000
477.103,SUCCESS,4.502,4.719,19.001,6,6,0.000,0.000,0.000
477.203,SUCCESS,4.502,4.719,19.001,6,6,0.000,0.000,0.000
477.303,SUCCESS,4.502,4.718,19.001,6,6,0.000,0.000,0.000
477.403,SUCCESS,4.502,4.718,19.001,6,6,0.000,0.000,0.000
477.503,SUCCESS,4.503,4.717,19.001,6,6,0.000,0.000,0.000
477.603,SUCCESS,4.503,4.716,19.001,6,6,0.000,0.000,0.000
477.703,SUCCESS,4.503,4.716,19.001,6,6,0.000,0.000,0.000
477.803,SUCCESS,4.503,4.716,19.001,6,6,0.000,0.000,0.000
477.904,SUCCESS,4.504,4.716,19.001,6,6,0.000,0.000,0.000
478.003,SUCCESS,4.504,4.715,19.001,6,6,0.000,0.000,0.000
478.103,SUCCESS,4.504,4.715,19.001,6,6,0.000,0.000,0.000
478.203,SUCCESS,4.505,4.714,19.001,6,6,0.000,0.000,0.000
478.303,SUCCESS,4.505,4.714,19.001,6,6,0.000,0.000,0.000
478.403,SUCCESS,4.505,4.714,19.001,6,6,0.000,0.000,0.000
478.503,SUCCESS,4.505,4.714,19.001,6,6,0.000,0.000,0.000
478.603,SUCCESS,4.505,4.714,19.001,6,6,0.000,0.000,0.000
478.703,SUCCESS,4.505,4.715,19.001,6,6,0.000,0.000,0.000
478.803,SUCCESS,4.504,4.715,19.001,6,6,0.000,0.000,0.000
478.903,SUCCESS,4.504,4.716,19.001,6,6,0.000,0.000,0.000
479.003,SUCCESS,4.504,4.716,19.001,6,6,0.000,0.000,0.000
479.103,SUCCESS,4.504,4.716,19.001,6,6,0.000,0.000,0.000
479.203,SUCCESS,4.504,4.716,19.001,6,6,0.000,0.000,0.000
479.303,SUCCESS,4.504,4.716,19.001,6,6,0.000,0.000,0.000
479.403,SUCCESS,4.504,4.716,19.001,6,6,0.000,0.000,0.000
479.503,SUCCESS,4.504,4.716,19.001,6,6,0.000,0.000,0.000
479.603,SUCCESS,4.504,4.716,19.001,6,6,0.000,0.000,0.000
479.703,SUCCESS,4.504,4.717,19.001,6,6,0.000,0.000,0.000
479.803,SUCCESS,4.504,4.717,19.001,6,6,0.000,0.000,0.000
479.903,SUCCESS,4.504,4.717,19.001,6,6,0.000,0.000,0.000
480.003,SUCCESS,4.504,4.717,19.001,6,6,0.000,0.000,0.000
480.103,SUCCESS,4.504,4.717,19.001,6,6,0.000,0.000,0.000
480.203,SUCCESS,4.504,4.717,19.001,6,6,0.000,0.000,0.000
480.304,SUCCESS,4.504,4.717,19.001,6,6,0.000,0.000,0.000
480.403,SUCCESS,4.504,4.717,19.001,6,6,0.000,0.000,0.000
480.503,SUCCESS,4.505,4.717,19.001,6,6,0.000,0.000,0.000
480.603,SUCCESS,4.504,4.717,19.001,6,6,0.000,0.000,0.000
480.703,SUCCESS,4.504,4.717,19.001,6,6,0.000,0.000,0.000
480.803,SUCCESS,4.504,4.717,19.001,6,6,0.000,0.000,0.000
480.903,SUCCESS,4.504,4.718,19.001,6,6,0.000,0.000,0.000
481.003,SUCCESS,4.504,4.718,19.001,6,6,0.000,0.000,0.000
481.103,SUCCESS,4.504,4.719,19.001,6,6,0.000,0.000,0.000
481.203,SUCCESS,4.503,4.719,19.001,6,6,0.000,0.000,0.000
481.303,SUCCESS,4.503,4.719,19.001,6,6,0.000,0.000,0.000
481.404,SUCCESS,4.504,4.719,19.001,6,6,0.000,0.000,0.000
481.503,SUCCESS,4.504,4.718,19.001,6,6,0.000,0.000,0.000
481.603,SUCCESS,4.505,4.717,19.001,6,6,0.000,0.000,0.000
481.703,SUCCESS,4.505,4.717,19.001,6,6,0.000,0.000,0.000
481.803,SUCCESS,4.505,4.717,19.001,6,6,0.000,0.000,0.000
481.903,SUCCESS,4.505,4.717,19.001,6,6,0.000,0.000,0.000
482.003,SUCCESS,4.505,4.717,19.001,6,6,0.000,0.000,0.000
482.103,SUCCESS,4.505,4.717,19.001,6,6,0.000,0.000,0.000
482.203,SUCCESS,4.505,4.717,19.001,6,6,0.000,0.000,0.000
482.303,SUCCESS,4.505,4.717,19.001,6,6,0.000,0.000,0.000
482.403,SUCCESS,4.505,4.717,19.001,6,6,0.000,0.000,0.000
482.503,SUCCESS,4.505,4.717,19.001,6,6,0.000,0.000,0.000
482.603,SUCCESS,4.505,4.717,19.001,6,6,0.000,0.000,0.000
482.705,SUCCESS,4.505,4.717,19.001,6,6,0.000,0.000,0.000
482.803,SUCCESS,4.505,4.717,19.001,6,6,0.000,0.000,0.000
482.903,SUCCESS,4.505,4.717,19.001,6,6,0.000,0.000,0.000
483.003,SUCCESS,4.505,4.717,19.001,6,6,0.000,0.000,0.000
483.103,SUCCESS,4.505,4.717,19.001,6,6,0.000,0.000,0.000
483.203,SUCCESS,4.505,4.717,19.001,6,6,0.000,0.000,0.000
483.303,SUCCESS,4.505,4.717,19.001,6,6,0.000,0.000,0.000
483.403,SUCCESS,4.504,4.717,19.001,6,6,0.000,0.000,0.000
483.503,SUCCESS,4.504,4.717,19.001,6,6,0.000,0.000,0.000
483.603,SUCCESS,4.504,4.717,19.001,6,6,0.000,0.000,0.000
483.703,SUCCESS,4.504,4.716,19.001,6,6,0.000,0.000,0.000
483.803,SUCCESS,4.504,4.716,19.001,6,6,0.000,0.000,0.000
483.903,SUCCESS,4.505,4.716,19.001,6,6,0.000,0.000,0.000
484.003,SUCCESS,4.505,4.716,19.001,6,6,0.000,0.000,0.000
484.103,SUCCESS,4.505,4.715,19.001,6,6,0.000,0.000,0.000
484.203,SUCCESS,4.505,4.716,19.001,6,6,0.000,0.000,0.000
484.303,SUCCESS,4.505,4.716,19.001,6,6,0.000,0.000,0.000
484.403,SUCCESS,4.505,4.716,19.001,6,6,0.000,0.000,0.000
484.503,SUCCESS,4.505,4.716,19.001,6,6,0.000,0.000,0.000
484.603,SUCCESS,4.505,4.716,19.001,6,6,0.000,0.000,0.000
484.703,SUCCESS,4.505,4.716,19.001,6,6,0.000,0.000,0.000
484.803,SUCCESS,4.505,4.716,19.001,6,6,0.000,0.000,0.000
484.903,SUCCESS,4.505,4.716,19.001,6,6,0.000,0.000,0.000
485.003,SUCCESS,4.505,4.716,19.001,6,6,0.000,0.000,0.000
485.103,SUCCESS,4.505,4.716,19.001,6,6,0.000,0.000,0.000
485.203,SUCCESS,4.505,4.716,19.001,6,6,0.000,0.000,0.000
485.303,SUCCESS,4.505,4.716,19.001,6,6,0.000,0.000,0.000
485.403,SUCCESS,4.505,4.716,19.001,6,6,0.000,0.000,0.000
485.503,SUCCESS,4.505,4.716,19.001,6,6,0.000,0.000,0.000
485.603,SUCCESS,4.504,4.716,19.001,6,6,0.000,0.000,0.000
485.703,SUCCESS,4.504,4.716,19.001,6,6,0.000,0.000,0.000
485.803,SUCCESS,4.504,4.716,19.001,6,6,0.000,0.000,0.000
485.903,SUCCESS,4.504,4.716,19.001,6,6,0.000,0.000,0.000
486.003,SUCCESS,4.504,4.716,19.001,6,6,0.000,0.000,0.000
486.103,SUCCESS,4.504,4.716,19.001,6,6,0.000,0.000,0.000
486.203,SUCCESS,4.504,4.717,19.001,6,6,0.000,0.000,0.000
486.303,SUCCESS,4.504,4.717,19.001,6,6,0.000,0.000,0.000
486.403,SUCCESS,4.504,4.717,19.001,6,6,0.000,0.000,0.000
486.503,SUCCESS,4.503,4.717,19.001,6,6,0.000,0.000,0.000
486.603,SUCCESS,4.503,4.716,19.001,6,6,0.000,0.000,0.000
486.703,SUCCESS,4.503,4.716,19.001,6,6,0.000,0.000,0.000
486.803,SUCCESS,4.503,4.716,19.001,6,6,0.000,0.000,0.000
486.903,SUCCESS,4.503,4.716,19.001,6,6,0.000,0.000,0.000
487.003,SUCCESS,4.503,4.716,19.001,6,6,0.000,0.000,0.000
487.103,SUCCESS,4.503,4.716,19.001,6,6,0.000,0.000,0.000
487.203,SUCCESS,4.503,4.717,19.001,6,6,0.000,0.000,0.000
487.304,SUCCESS,4.503,4.717,19.001,6,6,0.000,0.000,0.000
487.403,SUCCESS,4.503,4.717,19.001,6,6,0.000,0.000,0.000
487.503,SUCCESS,4.503,4.717,19.001,6,6,0.000,0.000,0.000
487.603,SUCCESS,4.503,4.717,19.001,6,6,0.000,0.000,0.000
487.703,SUCCESS,4.504,4.716,19.001,6,6,0.000,0.000,0.000
487.803,SUCCESS,4.504,4.716,19.001,6,6,0.000,0.000,0.000
487.903,SUCCESS,4.504,4.716,19.001,6,6,0.000,0.000,0.000
488.003,SUCCESS,4.504,4.715,19.001,6,6,0.000,0.000,0.000
488.103,SUCCESS,4.505,4.715,19.001,6,6,0.000,0.000,0.000
488.203,SUCCESS,4.505,4.715,19.001,6,6,0.000,0.000,0.000
488.303,SUCCESS,4.505,4.715,19.001,6,6,0.000,0.000,0.000
488.403,SUCCESS,4.505,4.715,19.001,6,6,0.000,0.000,0.000
488.503,SUCCESS,4.505,4.715,19.001,6,6,0.000,0.000,0.000
488.603,SUCCESS,4.505,4.715,19.001,6,6,0.000,0.000,0.000
488.703,SUCCESS,4.505,4.715,19.001,6,6,0.000,0.000,0.000
488.803,SUCCESS,4.505,4.715,19.001,6,6,0.000,0.000,0.000
488.903,SUCCESS,4.505,4.715,19.001,6,6,0.000,0.000,0.000
489.003,SUCCESS,4.505,4.714,19.001,6,6,0.000,0.000,0.000
489.103,SUCCESS,4.506,4.714,19.001,6,6,0.000,0.000,0.000
489.203,SUCCESS,4.506,4.714,19.001,6,6,0.000,0.000,0.000
489.303,SUCCESS,4.506,4.714,19.001,6,6,0.000,0.000,0.000
489.403,SUCCESS,4.506,4.714,19.001,6,6,0.000,0.000,0.000
489.503,SUCCESS,4.506,4.714,19.001,6,6,0.000,0.000,0.000
489.603,SUCCESS,4.506,4.714,19.001,6,6,0.000,0.000,0.000
489.703,SUCCESS,4.506,4.714,19.001,6,6,0.000,0.000,0.000
489.803,SUCCESS,4.506,4.715,19.001,6,6,0.000,0.000,0.000
489.903,SUCCESS,4.506,4.715,19.001,6,6,0.000,0.000,0.000
490.003,SUCCESS,4.506,4.715,19.001,6,6,0.000,0.000,0.000
490.103,SUCCESS,4.505,4.715,19.001,6,6,0.000,0.000,0.000
490.203,SUCCESS,4.505,4.715,19.001,6,6,0.000,0.000,0.000
490.303,SUCCESS,4.505,4.716,19.001,6,6,0.000,0.000,0.000
490.403,SUCCESS,4.505,4.716,19.001,6,6,0.000,0.000,0.000
490.503,SUCCESS,4.505,4.716,19.001,6,6,0.000,0.000,0.000
490.603,SUCCESS,4.504,4.716,19.001,6,6,0.000,0.000,0.000
490.703,SUCCESS,4.504,4.717,19.001,6,6,0.000,0.000,0.000
490.803,SUCCESS,4.504,4.717,19.001,6,6,0.000,0.000,0.000
490.903,SUCCESS,4.504,4.718,19.001,6,6,0.000,0.000,0.000
491.003,SUCCESS,4.504,4.718,19.001,6,6,0.000,0.000,0.000
491.103,SUCCESS,4.503,4.718,19.001,6,6,0.000,0.000,0.000
491.203,SUCCESS,4.503,4.718,19.001,6,6,0.000,0.000,0.000
491.303,SUCCESS,4.503,4.718,19.001,6,6,0.000,0.000,0.000
491.403,SUCCESS,4.503,4.718,19.001,6,6,0.000,0.000,0.000
491.503,SUCCESS,4.503,4.719,19.001,6,6,0.000,0.000,0.000
491.603,SUCCESS,4.503,4.719,19.001,6,6,0.000,0.000,0.000
491.703,SUCCESS,4.502,4.719,19.001,6,6,0.000,0.000,0.000
491.803,SUCCESS,4.502,4.720,19.001,6,6,0.000,0.000,0.000
491.903,SUCCESS,4.502,4.720,19.001,6,6,0.000,0.000,0.000
492.003,SUCCESS,4.502,4.719,19.001,6,6,0.000,0.000,0.000
492.103,SUCCESS,4.502,4.719,19.001,6,6,0.000,0.000,0.000
492.203,SUCCESS,4.503,4.719,19.001,6,6,0.000,0.000,0.000
492.303,SUCCESS,4.503,4.719,19.001,6,6,0.000,0.000,0.000
492.403,SUCCESS,4.503,4.719,19.001,6,6,0.000,0.000,0.000
492.503,SUCCESS,4.503,4.718,19.001,6,6,0.000,0.000,0.000
492.603,SUCCESS,4.504,4.718,19.001,6,6,0.000,0.000,0.000
492.703,SUCCESS,4.504,4.718,19.001,6,6,0.000,0.000,0.000
492.803,SUCCESS,4.504,4.718,19.001,6,6,0.000,0.000,0.000
492.903,SUCCESS,4.504,4.718,19.001,6,6,0.000,0.000,0.000
493.003,SUCCESS,4.504,4.718,19.001,6,6,0.000,0.000,0.000
493.104,SUCCESS,4.504,4.718,19.001,6,6,0.000,0.000,0.000
493.203,SUCCESS,4.504,4.719,19.001,6,6,0.000,0.000,0.000
493.303,SUCCESS,4.503,4.719,19.001,6,6,0.000,0.000,0.000
493.403,SUCCESS,4.503,4.719,19.001,6,6,0.000,0.000,0.000
493.503,SUCCESS,4.503,4.720,19.001,6,6,0.000,0.000,0.000
493.603,SUCCESS,4.503,4.720,19.001,6,6,0.000,0.000,0.000
493.703,SUCCESS,4.503,4.720,19.001,6,6,0.000,0.000,0.000
493.803,SUCCESS,4.502,4.720,19.001,6,6,0.000,0.000,0.000
493.903,SUCCESS,4.502,4.720,19.001,6,6,0.000,0.000,0.000
494.003,SUCCESS,4.502,4.720,19.001,6,6,0.000,0.000,0.000
494.103,SUCCESS,4.502,4.720,19.001,6,6,0.000,0.000,0.000
494.203,SUCCESS,4.502,4.721,19.001,6,6,0.000,0.000,0.000
494.303,SUCCESS,4.502,4.721,19.001,6,6,0.000,0.000,0.000
494.403,SUCCESS,4.502,4.721,19.001,6,6,0.000,0.000,0.000
494.503,SUCCESS,4.502,4.721,19.001,6,6,0.000,0.000,0.000
494.603,SUCCESS,4.502,4.721,19.001,6,6,0.000,0.000,0.000
494.703,SUCCESS,4.502,4.721,19.001,6,6,0.000,0.000,0.000
494.803,SUCCESS,4.502,4.722,19.001,6,6,0.000,0.000,0.000
494.903,SUCCESS,4.502,4.722,19.001,6,6,0.000,0.000,0.000
495.003,SUCCESS,4.501,4.722,19.001,6,6,0.000,0.000,0.000
495.103,SUCCESS,4.501,4.723,19.001,6,6,0.000,0.000,0.000
495.203,SUCCESS,4.501,4.723,19.001,6,6,0.000,0.000,0.000
495.303,SUCCESS,4.501,4.723,19.001,6,6,0.000,0.000,0.000
495.403,SUCCESS,4.501,4.723,19.001,6,6,0.000,0.000,0.000
495.503,SUCCESS,4.501,4.723,19.001,6,6,0.000,0.000,0.000
495.603,SUCCESS,4.501,4.723,19.001,6,6,0.000,0.000,0.000
495.703,SUCCESS,4.501,4.722,19.001,6,6,0.000,0.000,0.000
495.803,SUCCESS,4.501,4.722,19.001,6,6,0.000,0.000,0.000
495.903,SUCCESS,4.501,4.722,19.001,6,6,0.000,0.000,0.000
496.003,SUCCESS,4.501,4.722,19.001,6,6,0.000,0.000,0.000
496.103,SUCCESS,4.501,4.722,19.001,6,6,0.000,0.000,0.000
496.203,SUCCESS,4.501,4.722,19.001,6,6,0.000,0.000,0.000
496.303,SUCCESS,4.501,4.722,19.001,6,6,0.000,0.000,0.000
496.403,SUCCESS,4.501,4.722,19.001,6,6,0.000,0.000,0.000
496.503,SUCCESS,4.501,4.722,19.001,6,6,0.000,0.000,0.000
496.603,SUCCESS,4.501,4.722,19.001,6,6,0.000,0.000,0.000
496.703,SUCCESS,4.501,4.723,19.001,6,6,0.000,0.000,0.000
496.803,SUCCESS,4.501,4.723,19.001,6,6,0.000,0.000,0.000
496.903,SUCCESS,4.501,4.723,19.001,6,6,0.000,0.000,0.000
497.003,SUCCESS,4.501,4.723,19.001,6,6,0.000,0.000,0.000
497.103,SUCCESS,4.501,4.723,19.001,6,6,0.000,0.000,0.000
497.203,SUCCESS,4.501,4.722,19.001,6,6,0.000,0.000,0.000
497.303,SUCCESS,4.501,4.723,19.001,6,6,0.000,0.000,0.000
497.403,SUCCESS,4.501,4.723,19.001,6,6,0.000,0.000,0.000
497.503,SUCCESS,4.501,4.723,19.001,6,6,0.000,0.000,0.000
497.603,SUCCESS,4.501,4.723,19.001,6,6,0.000,0.000,0.000
497.703,SUCCESS,4.501,4.723,19.001,6,6,0.000,0.000,0.000
497.803,SUCCESS,4.501,4.723,19.001,6,6,0.000,0.000,0.000
497.903,SUCCESS,4.500,4.723,19.001,6,6,0.000,0.000,0.000
498.003,SUCCESS,4.500,4.724,19.001,6,6,0.000,0.000,0.000
498.103,SUCCESS,4.500,4.724,19.001,6,6,0.000,0.000,0.000
498.203,SUCCESS,4.500,4.724,19.001,6,6,0.000,0.000,0.000
498.303,SUCCESS,4.500,4.724,19.001,6,6,0.000,0.000,0.000
498.403,SUCCESS,4.500,4.724,19.001,6,6,0.000,0.000,0.000
498.503,SUCCESS,4.500,4.724,19.001,6,6,0.000,0.000,0.000
498.603,SUCCESS,4.500,4.724,19.001,6,6,0.000,0.000,0.000
498.703,SUCCESS,4.500,4.724,19.001,6,6,0.000,0.000,0.000
498.803,SUCCESS,4.501,4.723,19.001,6,6,0.000,0.000,0.000
498.903,SUCCESS,4.501,4.723,19.001,6,6,0.000,0.000,0.000
499.003,SUCCESS,4.501,4.723,19.001,6,6,0.000,0.000,0.000
499.103,SUCCESS,4.501,4.723,19.001,6,6,0.000,0.000,0.000
499.203,SUCCESS,4.501,4.723,19.001,6,6,0.000,0.000,0.000
499.303,SUCCESS,4.501,4.723,19.001,6,6,0.000,0.000,0.000
499.404,SUCCESS,4.501,4.724,19.001,6,6,0.000,0.000,0.000
499.503,SUCCESS,4.501,4.724,19.001,6,6,0.000,0.000,0.000
499.603,SUCCESS,4.501,4.723,19.001,6,6,0.000,0.000,0.000
499.703,SUCCESS,4.501,4.723,19.001,6,6,0.000,0.000,0.000
499.803,SUCCESS,4.501,4.723,19.001,6,6,0.000,0.000,0.000
499.903,SUCCESS,4.501,4.722,19.001,6,6,0.000,0.000,0.000
500.003,SUCCESS,4.501,4.722,19.001,6,6,0.000,0.000,0.000
500.103,SUCCESS,4.501,4.722,19.001,6,6,0.000,0.000,0.000
500.203,SUCCESS,4.501,4.722,19.001,6,6,0.000,0.000,0.000
500.303,SUCCESS,4.501,4.722,19.001,6,6,0.000,0.000,0.000
500.403,SUCCESS,4.501,4.722,19.001,6,6,0.000,0.000,0.000
500.503,SUCCESS,4.501,4.722,19.001,6,6,0.000,0.000,0.000
500.604,SUCCESS,4.501,4.723,19.001,6,6,0.000,0.000,0.000
500.703,SUCCESS,4.501,4.723,19.001,6,6,0.000,0.000,0.000
500.803,SUCCESS,4.501,4.723,19.001,6,6,0.000,0.000,0.000
500.903,SUCCESS,4.500,4.723,19.001,6,6,0.000,0.000,0.000
501.003,SUCCESS,4.500,4.723,19.001,6,6,0.000,0.000,0.000
501.103,SUCCESS,4.500,4.723,19.001,6,6,0.000,0.000,0.000
501.203,SUCCESS,4.500,4.724,19.001,6,6,0.000,0.000,0.000
501.303,SUCCESS,4.500,4.724,19.001,6,6,0.000,0.000,0.000
501.403,SUCCESS,4.500,4.724,19.001,6,6,0.000,0.000,0.000
501.503,SUCCESS,4.500,4.724,19.001,6,6,0.000,0.000,0.000
501.603,SUCCESS,4.499,4.724,19.001,6,6,0.000,0.000,0.000
501.703,SUCCESS,4.499,4.724,19.001,6,6,0.000,0.000,0.000
501.803,SUCCESS,4.499,4.724,19.001,6,6,0.000,0.000,0.000
501.903,SUCCESS,4.499,4.724,19.001,6,6,0.000,0.000,0.000
502.003,SUCCESS,4.499,4.724,19.001,6,6,0.000,0.000,0.000
502.103,SUCCESS,4.499,4.725,19.001,6,6,0.000,0.000,0.000
502.203,SUCCESS,4.499,4.725,19.001,6,6,0.000,0.000,0.000
502.303,SUCCESS,4.499,4.725,19.001,6,6,0.000,0.000,0.000
502.403,SUCCESS,4.499,4.724,19.001,6,6,0.000,0.000,0.000
502.503,SUCCESS,4.499,4.724,19.001,6,6,0.000,0.000,0.000
502.603,SUCCESS,4.499,4.724,19.001,6,6,0.000,0.000,0.000
502.703,SUCCESS,4.499,4.723,19.001,6,6,0.000,0.000,0.000
502.803,SUCCESS,4.499,4.723,19.001,6,6,0.000,0.000,0.000
502.903,SUCCESS,4.500,4.722,19.001,6,6,0.000,0.000,0.000
503.003,SUCCESS,4.500,4.721,19.001,6,6,0.000,0.000,0.000
503.103,SUCCESS,4.500,4.721,19.001,6,6,0.000,0.000,0.000
503.203,SUCCESS,4.501,4.720,19.001,6,6,0.000,0.000,0.000
503.303,SUCCESS,4.501,4.720,19.001,6,6,0.000,0.000,0.000
503.403,SUCCESS,4.502,4.720,19.001,6,6,0.000,0.000,0.000
503.503,SUCCESS,4.502,4.719,19.001,6,6,0.000,0.000,0.000
503.603,SUCCESS,4.502,4.719,19.001,6,6,0.000,0.000,0.000
503.703,SUCCESS,4.502,4.719,19.001,6,6,0.000,0.000,0.000
503.803,SUCCESS,4.502,4.719,19.001,6,6,0.000,0.000,0.000
503.903,SUCCESS,4.503,4.718,19.001,6,6,0.000,0.000,0.000
504.003,SUCCESS,4.503,4.718,19.001,6,6,0.000,0.000,0.000
504.103,SUCCESS,4.503,4.718,19.001,6,6,0.000,0.000,0.000
504.203,SUCCESS,4.503,4.718,19.001,6,6,0.000,0.000,0.000
504.303,SUCCESS,4.503,4.718,19.001,6,6,0.000,0.000,0.000
504.403,SUCCESS,4.503,4.718,19.001,6,6,0.000,0.000,0.000
504.503,SUCCESS,4.503,4.718,19.001,6,6,0.000,0.000,0.000
504.603,SUCCESS,4.503,4.718,19.001,6,6,0.000,0.000,0.000
504.703,SUCCESS,4.503,4.718,19.001,6,6,0.000,0.000,0.000
504.803,SUCCESS,4.503,4.718,19.001,6,6,0.000,0.000,0.000
504.903,SUCCESS,4.503,4.718,19.001,6,6,0.000,0.000,0.000
505.003,SUCCESS,4.503,4.718,19.001,6,6,0.000,0.000,0.000
505.103,SUCCESS,4.503,4.718,19.001,6,6,0.000,0.000,0.000
505.203,SUCCESS,4.503,4.717,19.001,6,6,0.000,0.000,0.000
505.303,SUCCESS,4.503,4.717,19.001,6,6,0.000,0.000,0.000
505.403,SUCCESS,4.502,4.718,19.001,6,6,0.000,0.000,0.000
505.504,SUCCESS,4.502,4.718,19.001,6,6,0.000,0.000,0.000
505.603,SUCCESS,4.502,4.718,19.001,6,6,0.000,0.000,0.000
505.703,SUCCESS,4.502,4.718,19.001,6,6,0.000,0.000,0.000
505.803,SUCCESS,4.502,4.718,19.001,6,6,0.000,0.000,0.000
505.903,SUCCESS,4.502,4.718,19.001,6,6,0.000,0.000,0.000
506.003,SUCCESS,4.502,4.718,19.001,6,6,0.000,0.000,0.000
506.103,SUCCESS,4.502,4.718,19.001,6,6,0.000,0.000,0.000
506.203,SUCCESS,4.502,4.718,19.001,6,6,0.000,0.000,0.000
506.303,SUCCESS,4.502,4.718,19.001,6,6,0.000,0.000,0.000
506.403,SUCCESS,4.502,4.718,19.001,6,6,0.000,0.000,0.000
506.503,SUCCESS,4.502,4.718,19.001,6,6,0.000,0.000,0.000
506.603,SUCCESS,4.501,4.719,19.001,6,6,0.000,0.000,0.000
506.703,SUCCESS,4.501,4.719,19.001,6,6,0.000,0.000,0.000
506.803,SUCCESS,4.501,4.720,19.001,6,6,0.000,0.000,0.000
506.903,SUCCESS,4.500,4.720,19.001,6,6,0.000,0.000,0.000
507.003,SUCCESS,4.500,4.720,19.001,6,6,0.000,0.000,0.000
507.103,SUCCESS,4.500,4.721,19.001,6,6,0.000,0.000,0.000
507.203,SUCCESS,4.500,4.721,19.001,6,6,0.000,0.000,0.000
507.303,SUCCESS,4.500,4.721,19.001,6,6,0.000,0.000,0.000
507.403,SUCCESS,4.499,4.722,19.001,6,6,0.000,0.000,0.000
507.503,SUCCESS,4.499,4.722,19.001,6,6,0.000,0.000,0.000
507.603,SUCCESS,4.499,4.722,19.001,6,6,0.000,0.000,0.000
507.703,SUCCESS,4.499,4.722,19.001,6,6,0.000,0.000,0.000
507.803,SUCCESS,4.499,4.722,19.001,6,6,0.000,0.000,0.000
507.903,SUCCESS,4.499,4.723,19.001,6,6,0.000,0.000,0.000
508.003,SUCCESS,4.499,4.723,19.001,6,6,0.000,0.000,0.000
508.104,SUCCESS,4.499,4.723,19.001,6,6,0.000,0.000,0.000
508.203,SUCCESS,4.499,4.724,19.001,6,6,0.000,0.000,0.000
508.303,SUCCESS,4.498,4.724,19.001,6,6,0.000,0.000,0.000
508.403,SUCCESS,4.498,4.724,19.001,6,6,0.000,0.000,0.000
508.503,SUCCESS,4.498,4.724,19.001,6,6,0.000,0.000,0.000
508.603,SUCCESS,4.498,4.724,19.001,6,6,0.000,0.000,0.000
508.703,SUCCESS,4.498,4.724,19.001,6,6,0.000,0.000,0.000
508.803,SUCCESS,4.498,4.724,19.001,6,6,0.000,0.000,0.000
508.903,SUCCESS,4.499,4.724,19.001,6,6,0.000,0.000,0.000
509.003,SUCCESS,4.499,4.724,19.001,6,6,0.000,0.000,0.000
509.103,SUCCESS,4.499,4.724,19.001,6,6,0.000,0.000,0.000
509.206,SUCCESS,4.499,4.724,19.001,6,6,0.000,0.000,0.000
509.304,SUCCESS,4.499,4.724,19.001,6,6,0.000,0.000,0.000
509.403,SUCCESS,4.500,4.724,19.001,6,6,0.000,0.000,0.000
509.503,SUCCESS,4.500,4.724,19.001,6,6,0.000,0.000,0.000
509.603,SUCCESS,4.500,4.724,19.001,6,6,0.000,0.000,0.000
509.703,SUCCESS,4.500,4.724,19.001,6,6,0.000,0.000,0.000
509.803,SUCCESS,4.500,4.724,19.001,6,6,0.000,0.000,0.000
509.903,SUCCESS,4.500,4.723,19.001,6,6,0.000,0.000,0.000
510.003,SUCCESS,4.500,4.723,19.001,6,6,0.000,0.000,0.000
510.103,SUCCESS,4.500,4.723,19.001,6,6,0.000,0.000,0.000
510.203,SUCCESS,4.500,4.723,19.001,6,6,0.000,0.000,0.000
510.303,SUCCESS,4.501,4.723,19.001,6,6,0.000,0.000,0.000
510.404,SUCCESS,4.501,4.723,19.001,6,6,0.000,0.000,0.000
510.503,SUCCESS,4.501,4.722,19.001,6,6,0.000,0.000,0.000
510.603,SUCCESS,4.501,4.722,19.001,6,6,0.000,0.000,0.000
510.703,SUCCESS,4.502,4.721,19.001,6,6,0.000,0.000,0.000
510.803,SUCCESS,4.502,4.721,19.001,6,6,0.000,0.000,0.000
510.903,SUCCESS,4.502,4.721,19.001,6,6,0.000,0.000,0.000
511.003,SUCCESS,4.502,4.721,19.001,6,6,0.000,0.000,0.000
511.103,SUCCESS,4.502,4.721,19.001,6,6,0.000,0.000,0.000
511.203,SUCCESS,4.502,4.721,19.001,6,6,0.000,0.000,0.000
511.303,SUCCESS,4.502,4.720,19.001,6,6,0.000,0.000,0.000
511.403,SUCCESS,4.502,4.720,19.001,6,6,0.000,0.000,0.000
511.503,SUCCESS,4.502,4.720,19.001,6,6,0.000,0.000,0.000
511.603,SUCCESS,4.502,4.719,19.001,6,6,0.000,0.000,0.000
511.703,SUCCESS,4.503,4.719,19.001,6,6,0.000,0.000,0.000
511.803,SUCCESS,4.503,4.719,19.001,6,6,0.000,0.000,0.000
511.904,SUCCESS,4.503,4.719,19.001,6,6,0.000,0.000,0.000
512.003,SUCCESS,4.503,4.719,19.001,6,6,0.000,0.000,0.000
512.103,SUCCESS,4.503,4.719,19.001,6,6,0.000,0.000,0.000
512.203,SUCCESS,4.503,4.719,19.001,6,6,0.000,0.000,0.000
512.303,SUCCESS,4.503,4.719,19.001,6,6,0.000,0.000,0.000
512.403,SUCCESS,4.502,4.719,19.001,6,6,0.000,0.000,0.000
512.503,SUCCESS,4.502,4.719,19.001,6,6,0.000,0.000,0.000
512.603,SUCCESS,4.502,4.720,19.001,6,6,0.000,0.000,0.000
512.703,SUCCESS,4.502,4.720,19.001,6,6,0.000,0.000,0.000
512.803,SUCCESS,4.502,4.720,19.001,6,6,0.000,0.000,0.000
512.903,SUCCESS,4.503,4.719,19.001,6,6,0.000,0.000,0.000
513.003,SUCCESS,4.503,4.719,19.001,6,6,0.000,0.000,0.000
513.103,SUCCESS,4.504,4.719,19.001,6,6,0.000,0.000,0.000
513.203,SUCCESS,4.504,4.718,19.001,6,6,0.000,0.000,0.000
513.303,SUCCESS,4.504,4.717,19.001,6,6,0.000,0.000,0.000
513.403,SUCCESS,4.505,4.717,19.001,6,6,0.000,0.000,0.000
513.503,SUCCESS,4.505,4.717,19.001,6,6,0.000,0.000,0.000
513.603,SUCCESS,4.505,4.717,19.001,6,6,0.000,0.000,0.000
513.703,SUCCESS,4.505,4.718,19.001,6,6,0.000,0.000,0.000
513.803,SUCCESS,4.505,4.718,19.001,6,6,0.000,0.000,0.000
513.903,SUCCESS,4.505,4.718,19.001,6,6,0.000,0.000,0.000
514.003,SUCCESS,4.505,4.719,19.001,6,6,0.000,0.000,0.000
514.104,SUCCESS,4.504,4.719,19.001,6,6,0.000,0.000,0.000
514.203,SUCCESS,4.504,4.719,19.001,6,6,0.000,0.000,0.000
514.303,SUCCESS,4.504,4.719,19.001,6,6,0.000,0.000,0.000
514.403,SUCCESS,4.504,4.719,19.001,6,6,0.000,0.000,0.000
514.503,SUCCESS,4.504,4.719,19.001,6,6,0.000,0.000,0.000
514.603,SUCCESS,4.504,4.719,19.001,6,6,0.000,0.000,0.000
514.703,SUCCESS,4.504,4.719,19.001,6,6,0.000,0.000,0.000
514.803,SUCCESS,4.504,4.718,19.001,6,6,0.000,0.000,0.000
514.903,SUCCESS,4.504,4.718,19.001,6,6,0.000,0.000,0.000
515.003,SUCCESS,4.504,4.718,19.001,6,6,0.000,0.000,0.000
515.103,SUCCESS,4.504,4.718,19.001,6,6,0.000,0.000,0.000
515.203,SUCCESS,4.505,4.718,19.001,6,6,0.000,0.000,0.000
515.303,SUCCESS,4.505,4.717,19.001,6,6,0.000,0.000,0.000
515.403,SUCCESS,4.505,4.717,19.001,6,6,0.000,0.000,0.000
515.503,SUCCESS,4.505,4.717,19.001,6,6,0.000,0.000,0.000
515.604,SUCCESS,4.505,4.717,19.001,6,6,0.000,0.000,0.000
515.703,SUCCESS,4.506,4.716,19.001,6,6,0.000,0.000,0.000
515.803,SUCCESS,4.506,4.716,19.001,6,6,0.000,0.000,0.000
515.903,SUCCESS,4.506,4.716,19.001,6,6,0.000,0.000,0.000
516.003,SUCCESS,4.506,4.716,19.001,6,6,0.000,0.000,0.000
516.105,SUCCESS,4.505,4.716,19.001,6,6,0.000,0.000,0.000
516.204,SUCCESS,4.505,4.716,19.001,6,6,0.000,0.000,0.000
516.303,SUCCESS,4.505,4.716,19.001,6,6,0.000,0.000,0.000
516.403,SUCCESS,4.505,4.716,19.001,6,6,0.000,0.000,0.000
516.503,SUCCESS,4.506,4.717,19.001,6,6,0.000,0.000,0.000
516.603,SUCCESS,4.505,4.717,19.001,6,6,0.000,0.000,0.000
516.703,SUCCESS,4.505,4.717,19.001,6,6,0.000,0.000,0.000
516.803,SUCCESS,4.505,4.717,19.001,6,6,0.000,0.000,0.000
516.903,SUCCESS,4.505,4.718,19.001,6,6,0.000,0.000,0.000
517.003,SUCCESS,4.505,4.718,19.001,6,6,0.000,0.000,0.000
517.103,SUCCESS,4.505,4.717,19.001,6,6,0.000,0.000,0.000
517.203,SUCCESS,4.505,4.717,19.001,6,6,0.000,0.000,0.000
517.303,SUCCESS,4.505,4.716,19.001,6,6,0.000,0.000,0.000
517.403,SUCCESS,4.505,4.716,19.001,6,6,0.000,0.000,0.000
517.503,SUCCESS,4.505,4.716,19.001,6,6,0.000,0.000,0.000
517.603,SUCCESS,4.505,4.716,19.001,6,6,0.000,0.000,0.000
517.703,SUCCESS,4.505,4.716,19.001,6,6,0.000,0.000,0.000
517.803,SUCCESS,4.505,4.715,19.001,6,6,0.000,0.000,0.000
517.903,SUCCESS,4.506,4.715,19.001,6,6,0.000,0.000,0.000
518.003,SUCCESS,4.506,4.716,19.001,6,6,0.000,0.000,0.000
518.103,SUCCESS,4.505,4.716,19.001,6,6,0.000,0.000,0.000
518.204,SUCCESS,4.505,4.716,19.001,6,6,0.000,0.000,0.000
518.303,SUCCESS,4.505,4.716,19.001,6,6,0.000,0.000,0.000
518.403,SUCCESS,4.505,4.716,19.001,6,6,0.000,0.000,0.000
518.503,SUCCESS,4.505,4.716,19.001,6,6,0.000,0.000,0.000
518.603,SUCCESS,4.505,4.716,19.001,6,6,0.000,0.000,0.000
518.703,SUCCESS,4.505,4.716,19.001,6,6,0.000,0.000,0.000
518.804,SUCCESS,4.504,4.716,19.001,6,6,0.000,0.000,0.000
518.903,SUCCESS,4.504,4.716,19.001,6,6,0.000,0.000,0.000
519.003,SUCCESS,4.505,4.716,19.001,6,6,0.000,0.000,0.000
519.103,SUCCESS,4.504,4.716,19.001,6,6,0.000,0.000,0.000
519.203,SUCCESS,4.504,4.716,19.001,6,6,0.000,0.000,0.000
519.303,SUCCESS,4.504,4.717,19.001,6,6,0.000,0.000,0.000
519.403,SUCCESS,4.504,4.717,19.001,6,6,0.000,0.000,0.000
519.503,SUCCESS,4.504,4.717,19.001,6,6,0.000,0.000,0.000
519.603,SUCCESS,4.503,4.718,19.001,6,6,0.000,0.000,0.000
519.703,SUCCESS,4.503,4.718,19.001,6,6,0.000,0.000,0.000
519.803,SUCCESS,4.503,4.718,19.001,6,6,0.000,0.000,0.000
519.903,SUCCESS,4.503,4.718,19.001,6,6,0.000,0.000,0.000
520.003,SUCCESS,4.503,4.718,19.001,6,6,0.000,0.000,0.000
520.103,SUCCESS,4.503,4.718,19.001,6,6,0.000,0.000,0.000
520.203,SUCCESS,4.504,4.717,19.001,6,6,0.000,0.000,0.000
520.303,SUCCESS,4.504,4.717,19.001,6,6,0.000,0.000,0.000
520.403,SUCCESS,4.504,4.717,19.001,6,6,0.000,0.000,0.000
520.503,SUCCESS,4.504,4.717,19.001,6,6,0.000,0.000,0.000
520.603,SUCCESS,4.504,4.717,19.001,6,6,0.000,0.000,0.000
520.703,SUCCESS,4.504,4.717,19.001,6,6,0.000,0.000,0.000
520.803,SUCCESS,4.505,4.717,19.001,6,6,0.000,0.000,0.000
520.903,SUCCESS,4.505,4.717,19.001,6,6,0.000,0.000,0.000
521.003,SUCCESS,4.505,4.717,19.001,6,6,0.000,0.000,0.000
521.103,SUCCESS,4.505,4.717,19.001,6,6,0.000,0.000,0.000
521.203,SUCCESS,4.505,4.717,19.001,6,6,0.000,0.000,0.000
521.303,SUCCESS,4.505,4.717,19.001,6,6,0.000,0.000,0.000
521.403,SUCCESS,4.505,4.717,19.001,6,6,0.000,0.000,0.000
521.503,SUCCESS,4.504,4.717,19.001,6,6,0.000,0.000,0.000
521.603,SUCCESS,4.504,4.717,19.001,6,6,0.000,0.000,0.000
521.703,SUCCESS,4.504,4.717,19.001,6,6,0.000,0.000,0.000
521.803,SUCCESS,4.504,4.716,19.001,6,6,0.000,0.000,0.000
521.903,SUCCESS,4.504,4.716,19.001,6,6,0.000,0.000,0.000
522.003,SUCCESS,4.504,4.717,19.001,6,6,0.000,0.000,0.000
522.103,SUCCESS,4.504,4.717,19.001,6,6,0.000,0.000,0.000
522.203,SUCCESS,4.504,4.717,19.001,6,6,0.000,0.000,0.000
522.303,SUCCESS,4.504,4.717,19.001,6,6,0.000,0.000,0.000
522.403,SUCCESS,4.503,4.717,19.001,6,6,0.000,0.000,0.000
522.503,SUCCESS,4.503,4.718,19.001,6,6,0.000,0.000,0.000
522.603,SUCCESS,4.503,4.718,19.001,6,6,0.000,0.000,0.000
522.703,SUCCESS,4.503,4.718,19.001,6,6,0.000,0.000,0.000
522.803,SUCCESS,4.503,4.718,19.001,6,6,0.000,0.000,0.000
522.903,SUCCESS,4.503,4.718,19.001,6,6,0.000,0.000,0.000
523.003,SUCCESS,4.503,4.718,19.001,6,6,0.000,0.000,0.000
523.103,SUCCESS,4.503,4.718,19.001,6,6,0.000,0.000,0.000
523.203,SUCCESS,4.503,4.718,19.001,6,6,0.000,0.000,0.000
523.303,SUCCESS,4.503,4.718,19.001,6,6,0.000,0.000,0.000
523.403,SUCCESS,4.503,4.718,19.001,6,6,0.000,0.000,0.000
523.503,SUCCESS,4.503,4.719,19.001,6,6,0.000,0.000,0.000
523.603,SUCCESS,4.502,4.719,19.001,6,6,0.000,0.000,0.000
523.703,SUCCESS,4.502,4.720,19.001,6,6,0.000,0.000,0.000
523.803,SUCCESS,4.502,4.720,19.001,6,6,0.000,0.000,0.000
523.903,SUCCESS,4.502,4.721,19.001,6,6,0.000,0.000,0.000
524.003,SUCCESS,4.502,4.721,19.001,6,6,0.000,0.000,0.000
524.103,SUCCESS,4.502,4.721,19.001,6,6,0.000,0.000,0.000
524.203,SUCCESS,4.502,4.721,19.001,6,6,0.000,0.000,0.000
524.303,SUCCESS,4.502,4.721,19.001,6,6,0.000,0.000,0.000
524.403,SUCCESS,4.502,4.721,19.001,6,6,0.000,0.000,0.000
524.503,SUCCESS,4.501,4.721,19.001,6,6,0.000,0.000,0.000
524.603,SUCCESS,4.501,4.721,19.001,6,6,0.000,0.000,0.000
524.703,SUCCESS,4.501,4.721,19.001,6,6,0.000,0.000,0.000
524.803,SUCCESS,4.501,4.721,19.001,6,6,0.000,0.000,0.000
524.903,SUCCESS,4.501,4.721,19.001,6,6,0.000,0.000,0.000
525.003,SUCCESS,4.501,4.722,19.001,6,6,0.000,0.000,0.000
525.103,SUCCESS,4.501,4.722,19.001,6,6,0.000,0.000,0.000
525.203,SUCCESS,4.501,4.722,19.001,6,6,0.000,0.000,0.000
525.303,SUCCESS,4.501,4.721,19.001,6,6,0.000,0.000,0.000
525.403,SUCCESS,4.501,4.721,19.001,6,6,0.000,0.000,0.000
525.503,SUCCESS,4.501,4.721,19.001,6,6,0.000,0.000,0.000
525.603,SUCCESS,4.501,4.720,19.001,6,6,0.000,0.000,0.000
525.703,SUCCESS,4.501,4.720,19.001,6,6,0.000,0.000,0.000
525.803,SUCCESS,4.501,4.720,19.001,6,6,0.000,0.000,0.000
525.903,SUCCESS,4.501,4.720,19.001,6,6,0.000,0.000,0.000
526.003,SUCCESS,4.501,4.720,19.001,6,6,0.000,0.000,0.000
526.103,SUCCESS,4.501,4.720,19.001,6,6,0.000,0.000,0.000
526.203,SUCCESS,4.502,4.720,19.001,6,6,0.000,0.000,0.000
526.303,SUCCESS,4.502,4.720,19.001,6,6,0.000,0.000,0.000
526.403,SUCCESS,4.502,4.719,19.001,6,6,0.000,0.000,0.000
526.503,SUCCESS,4.502,4.719,19.001,6,6,0.000,0.000,0.000
526.603,SUCCESS,4.502,4.719,19.001,6,6,0.000,0.000,0.000
526.703,SUCCESS,4.502,4.718,19.001,6,6,0.000,0.000,0.000
526.803,SUCCESS,4.502,4.718,19.001,6,6,0.000,0.000,0.000
526.903,SUCCESS,4.502,4.718,19.001,6,6,0.000,0.000,0.000
527.003,SUCCESS,4.503,4.718,19.001,6,6,0.000,0.000,0.000
527.103,SUCCESS,4.503,4.718,19.001,6,6,0.000,0.000,0.000
527.203,SUCCESS,4.503,4.718,19.001,6,6,0.000,0.000,0.000
527.303,SUCCESS,4.503,4.718,19.001,6,6,0.000,0.000,0.000
527.403,SUCCESS,4.503,4.718,19.001,6,6,0.000,0.000,0.000
527.503,SUCCESS,4.503,4.718,19.001,6,6,0.000,0.000,0.000
527.603,SUCCESS,4.502,4.718,19.001,6,6,0.000,0.000,0.000
527.703,SUCCESS,4.502,4.719,19.001,6,6,0.000,0.000,0.000
527.803,SUCCESS,4.502,4.719,19.001,6,6,0.000,0.000,0.000
527.903,SUCCESS,4.502,4.719,19.001,6,6,0.000,0.000,0.000
528.003,SUCCESS,4.502,4.719,19.001,6,6,0.000,0.000,0.000
528.103,SUCCESS,4.502,4.719,19.001,6,6,0.000,0.000,0.000
528.204,SUCCESS,4.502,4.719,19.001,6,6,0.000,0.000,0.000
528.303,SUCCESS,4.502,4.719,19.001,6,6,0.000,0.000,0.000
528.403,SUCCESS,4.502,4.719,19.001,6,6,0.000,0.000,0.000
528.503,SUCCESS,4.502,4.719,19.001,6,6,0.000,0.000,0.000
528.603,SUCCESS,4.502,4.719,19.001,6,6,0.000,0.000,0.000
528.703,SUCCESS,4.502,4.719,19.001,6,6,0.000,0.000,0.000
528.803,SUCCESS,4.502,4.719,19.001,6,6,0.000,0.000,0.000
528.903,SUCCESS,4.502,4.719,19.001,6,6,0.000,0.000,0.000
529.003,SUCCESS,4.502,4.719,19.001,6,6,0.000,0.000,0.000
529.103,SUCCESS,4.502,4.719,19.001,6,6,0.000,0.000,0.000
529.203,SUCCESS,4.502,4.719,19.001,6,6,0.000,0.000,0.000
529.303,SUCCESS,4.502,4.720,19.001,6,6,0.000,0.000,0.000
529.403,SUCCESS,4.502,4.720,19.001,6,6,0.000,0.000,0.000
529.503,SUCCESS,4.502,4.720,19.001,6,6,0.000,0.000,0.000
529.603,SUCCESS,4.502,4.720,19.001,6,6,0.000,0.000,0.000
529.703,SUCCESS,4.502,4.720,19.001,6,6,0.000,0.000,0.000
529.803,SUCCESS,4.502,4.720,19.001,6,6,0.000,0.000,0.000
529.903,SUCCESS,4.502,4.720,19.001,6,6,0.000,0.000,0.000
530.003,SUCCESS,4.502,4.720,19.001,6,6,0.000,0.000,0.000
530.103,SUCCESS,4.502,4.720,19.001,6,6,0.000,0.000,0.000
530.203,SUCCESS,4.502,4.720,19.001,6,6,0.000,0.000,0.000
530.303,SUCCESS,4.502,4.720,19.001,6,6,0.000,0.000,0.000
530.403,SUCCESS,4.502,4.720,19.001,6,6,0.000,0.000,0.000
530.503,SUCCESS,4.503,4.719,19.001,6,6,0.000,0.000,0.000
530.603,SUCCESS,4.503,4.719,19.001,6,6,0.000,0.000,0.000
530.703,SUCCESS,4.503,4.719,19.001,6,6,0.000,0.000,0.000
530.803,SUCCESS,4.503,4.719,19.001,6,6,0.000,0.000,0.000
530.903,SUCCESS,4.503,4.719,19.001,6,6,0.000,0.000,0.000
531.003,SUCCESS,4.503,4.719,19.001,6,6,0.000,0.000,0.000
531.103,SUCCESS,4.503,4.718,19.001,6,6,0.000,0.000,0.000
531.203,SUCCESS,4.503,4.718,19.001,6,6,0.000,0.000,0.000
531.303,SUCCESS,4.503,4.718,19.001,6,6,0.000,0.000,0.000
531.403,SUCCESS,4.504,4.718,19.001,6,6,0.000,0.000,0.000
531.503,SUCCESS,4.504,4.718,19.001,6,6,0.000,0.000,0.000
531.603,SUCCESS,4.504,4.717,19.001,6,6,0.000,0.000,0.000
531.703,SUCCESS,4.504,4.717,19.001,6,6,0.000,0.000,0.000
531.803,SUCCESS,4.504,4.717,19.001,6,6,0.000,0.000,0.000
531.903,SUCCESS,4.504,4.717,19.001,6,6,0.000,0.000,0.000
532.003,SUCCESS,4.504,4.718,19.001,6,6,0.000,0.000,0.000
532.103,SUCCESS,4.504,4.718,19.001,6,6,0.000,0.000,0.000
532.203,SUCCESS,4.504,4.718,19.001,6,6,0.000,0.000,0.000
532.303,SUCCESS,4.504,4.717,19.001,6,6,0.000,0.000,0.000
532.403,SUCCESS,4.504,4.717,19.001,6,6,0.000,0.000,0.000
532.504,SUCCESS,4.504,4.717,19.001,6,6,0.000,0.000,0.000
532.604,SUCCESS,4.504,4.717,19.001,6,6,0.000,0.000,0.000
532.703,SUCCESS,4.504,4.717,19.001,6,6,0.000,0.000,0.000
532.803,SUCCESS,4.504,4.717,19.001,6,6,0.000,0.000,0.000
532.903,SUCCESS,4.504,4.717,19.001,6,6,0.000,0.000,0.000
533.003,SUCCESS,4.504,4.716,19.001,6,6,0.000,0.000,0.000
533.103,SUCCESS,4.504,4.717,19.001,6,6,0.000,0.000,0.000
533.203,SUCCESS,4.504,4.717,19.001,6,6,0.000,0.000,0.000
533.303,SUCCESS,4.504,4.717,19.001,6,6,0.000,0.000,0.000
533.403,SUCCESS,4.504,4.717,19.001,6,6,0.000,0.000,0.000
533.503,SUCCESS,4.504,4.717,19.001,6,6,0.000,0.000,0.000
533.603,SUCCESS,4.504,4.717,19.001,6,6,0.000,0.000,0.000
533.703,SUCCESS,4.504,4.718,19.001,6,6,0.000,0.000,0.000
533.803,SUCCESS,4.503,4.718,19.001,6,6,0.000,0.000,0.000
533.903,SUCCESS,4.503,4.718,19.001,6,6,0.000,0.000,0.000
534.003,SUCCESS,4.503,4.718,19.001,6,6,0.000,0.000,0.000
534.103,SUCCESS,4.503,4.718,19.001,6,6,0.000,0.000,0.000
534.203,SUCCESS,4.503,4.718,19.001,6,6,0.000,0.000,0.000
534.303,SUCCESS,4.503,4.718,19.001,6,6,0.000,0.000,0.000
534.403,SUCCESS,4.503,4.718,19.001,6,6,0.000,0.000,0.000
534.503,SUCCESS,4.502,4.718,19.001,6,6,0.000,0.000,0.000
534.603,SUCCESS,4.502,4.718,19.001,6,6,0.000,0.000,0.000
534.703,SUCCESS,4.502,4.718,19.001,6,6,0.000,0.000,0.000
534.803,SUCCESS,4.502,4.718,19.001,6,6,0.000,0.000,0.000
534.903,SUCCESS,4.502,4.719,19.001,6,6,0.000,0.000,0.000
535.003,SUCCESS,4.502,4.719,19.001,6,6,0.000,0.000,0.000
535.103,SUCCESS,4.502,4.719,19.001,6,6,0.000,0.000,0.000
535.203,SUCCESS,4.502,4.719,19.001,6,6,0.000,0.000,0.000
535.303,SUCCESS,4.502,4.719,19.001,6,6,0.000,0.000,0.000
535.403,SUCCESS,4.502,4.719,19.001,6,6,0.000,0.000,0.000
535.503,SUCCESS,4.502,4.719,19.001,6,6,0.000,0.000,0.000
535.603,SUCCESS,4.502,4.719,19.001,6,6,0.000,0.000,0.000
535.703,SUCCESS,4.502,4.719,19.001,6,6,0.000,0.000,0.000
535.803,SUCCESS,4.501,4.719,19.001,6,6,0.000,0.000,0.000
535.903,SUCCESS,4.501,4.719,19.001,6,6,0.000,0.000,0.000
536.003,SUCCESS,4.501,4.719,19.001,6,6,0.000,0.000,0.000
536.103,SUCCESS,4.502,4.718,19.001,6,6,0.000,0.000,0.000
536.203,SUCCESS,4.502,4.718,19.001,6,6,0.000,0.000,0.000
536.303,SUCCESS,4.502,4.718,19.001,6,6,0.000,0.000,0.000
536.403,SUCCESS,4.502,4.718,19.001,6,6,0.000,0.000,0.000
536.503,SUCCESS,4.502,4.719,19.001,6,6,0.000,0.000,0.000
536.603,SUCCESS,4.501,4.719,19.001,6,6,0.000,0.000,0.000
536.703,SUCCESS,4.501,4.719,19.001,6,6,0.000,0.000,0.000
536.803,SUCCESS,4.501,4.720,19.001,6,6,0.000,0.000,0.000
536.903,SUCCESS,4.501,4.719,19.001,6,6,0.000,0.000,0.000
537.003,SUCCESS,4.501,4.720,19.001,6,6,0.000,0.000,0.000
537.103,SUCCESS,4.501,4.720,19.001,6,6,0.000,0.000,0.000
537.203,SUCCESS,4.501,4.720,19.001,6,6,0.000,0.000,0.000
537.303,SUCCESS,4.501,4.720,19.001,6,6,0.000,0.000,0.000
537.405,SUCCESS,4.501,4.720,19.001,6,6,0.000,0.000,0.000
537.503,SUCCESS,4.501,4.721,19.001,6,6,0.000,0.000,0.000
537.603,SUCCESS,4.501,4.721,19.001,6,6,0.000,0.000,0.000
537.703,SUCCESS,4.501,4.720,19.001,6,6,0.000,0.000,0.000
537.803,SUCCESS,4.501,4.720,19.001,6,6,0.000,0.000,0.000
537.903,SUCCESS,4.501,4.720,19.001,6,6,0.000,0.000,0.000
538.003,SUCCESS,4.501,4.719,19.001,6,6,0.000,0.000,0.000
538.103,SUCCESS,4.501,4.719,19.001,6,6,0.000,0.000,0.000
538.203,SUCCESS,4.501,4.719,19.001,6,6,0.000,0.000,0.000
538.303,SUCCESS,4.501,4.719,19.001,6,6,0.000,0.000,0.000
538.403,SUCCESS,4.501,4.719,19.001,6,6,0.000,0.000,0.000
538.503,SUCCESS,4.501,4.719,19.001,6,6,0.000,0.000,0.000
538.603,SUCCESS,4.501,4.719,19.001,6,6,0.000,0.000,0.000
538.703,SUCCESS,4.501,4.719,19.001,6,6,0.000,0.000,0.000
538.803,SUCCESS,4.501,4.719,19.001,6,6,0.000,0.000,0.000
538.903,SUCCESS,4.501,4.718,19.001,6,6,0.000,0.000,0.000
539.003,SUCCESS,4.502,4.718,19.001,6,6,0.000,0.000,0.000
539.103,SUCCESS,4.502,4.718,19.001,6,6,0.000,0.000,0.000
539.203,SUCCESS,4.502,4.718,19.001,6,6,0.000,0.000,0.000
539.303,SUCCESS,4.502,4.718,19.001,6,6,0.000,0.000,0.000
539.403,SUCCESS,4.502,4.718,19.001,6,6,0.000,0.000,0.000
539.503,SUCCESS,4.502,4.718,19.001,6,6,0.000,0.000,0.000
539.603,SUCCESS,4.502,4.718,19.001,6,6,0.000,0.000,0.000
539.703,SUCCESS,4.502,4.718,19.001,6,6,0.000,0.000,0.000
539.803,SUCCESS,4.502,4.719,19.001,6,6,0.000,0.000,0.000
539.903,SUCCESS,4.502,4.719,19.001,6,6,0.000,0.000,0.000
540.003,SUCCESS,4.502,4.719,19.001,6,6,0.000,0.000,0.000
540.103,SUCCESS,4.502,4.719,19.001,6,6,0.000,0.000,0.000
540.203,SUCCESS,4.501,4.720,19.001,6,6,0.000,0.000,0.000
540.303,SUCCESS,4.501,4.720,19.001,6,6,0.000,0.000,0.000
540.403,SUCCESS,4.501,4.720,19.001,6,6,0.000,0.000,0.000
540.503,SUCCESS,4.501,4.719,19.001,6,6,0.000,0.000,0.000
540.603,SUCCESS,4.501,4.719,19.001,6,6,0.000,0.000,0.000
540.703,SUCCESS,4.501,4.719,19.001,6,6,0.000,0.000,0.000
540.803,SUCCESS,4.502,4.719,19.001,6,6,0.000,0.000,0.000
540.903,SUCCESS,4.502,4.719,19.001,6,6,0.000,0.000,0.000
541.003,SUCCESS,4.502,4.718,19.001,6,6,0.000,0.000,0.000
541.103,SUCCESS,4.501,4.717,19.001,6,6,0.000,0.000,0.000
541.203,SUCCESS,4.501,4.717,19.001,6,6,0.000,0.000,0.000
541.304,SUCCESS,4.501,4.718,19.001,6,6,0.000,0.000,0.000
541.403,SUCCESS,4.501,4.718,19.001,6,6,0.000,0.000,0.000
541.503,SUCCESS,4.501,4.718,19.001,6,6,0.000,0.000,0.000
541.603,SUCCESS,4.501,4.718,19.001,6,6,0.000,0.000,0.000
541.703,SUCCESS,4.500,4.719,19.001,6,6,0.000,0.000,0.000
541.804,SUCCESS,4.501,4.718,19.001,6,6,0.000,0.000,0.000
541.903,SUCCESS,4.501,4.718,19.001,6,6,0.000,0.000,0.000
542.003,SUCCESS,4.501,4.718,19.001,6,6,0.000,0.000,0.000
542.103,SUCCESS,4.501,4.718,19.001,6,6,0.000,0.000,0.000
542.203,SUCCESS,4.501,4.718,19.001,6,6,0.000,0.000,0.000
542.303,SUCCESS,4.501,4.717,19.001,6,6,0.000,0.000,0.000
542.405,SUCCESS,4.501,4.717,19.001,6,6,0.000,0.000,0.000
542.503,SUCCESS,4.502,4.717,19.001,6,6,0.000,0.000,0.000
542.603,SUCCESS,4.502,4.717,19.001,6,6,0.000,0.000,0.000
542.703,SUCCESS,4.502,4.717,19.001,6,6,0.000,0.000,0.000
542.803,SUCCESS,4.502,4.717,19.001,6,6,0.000,0.000,0.000
542.905,SUCCESS,4.502,4.717,19.001,6,6,0.000,0.000,0.000
543.003,SUCCESS,4.502,4.717,19.001,6,6,0.000,0.000,0.000
543.103,SUCCESS,4.502,4.717,19.001,6,6,0.000,0.000,0.000
543.203,SUCCESS,4.502,4.717,19.001,6,6,0.000,0.000,0.000
543.303,SUCCESS,4.502,4.717,19.001,6,6,0.000,0.000,0.000
543.403,SUCCESS,4.502,4.717,19.001,6,6,0.000,0.000,0.000
543.503,SUCCESS,4.502,4.717,19.001,6,6,0.000,0.000,0.000
543.603,SUCCESS,4.502,4.717,19.001,6,6,0.000,0.000,0.000
543.703,SUCCESS,4.502,4.717,19.001,6,6,0.000,0.000,0.000
543.803,SUCCESS,4.502,4.717,19.001,6,6,0.000,0.000,0.000
543.903,SUCCESS,4.502,4.717,19.001,6,6,0.000,0.000,0.000
544.003,SUCCESS,4.502,4.717,19.001,6,6,0.000,0.000,0.000
544.103,SUCCESS,4.502,4.717,19.001,6,6,0.000,0.000,0.000
544.203,SUCCESS,4.502,4.718,19.001,6,6,0.000,0.000,0.000
544.303,SUCCESS,4.502,4.718,19.001,6,6,0.000,0.000,0.000
544.403,SUCCESS,4.501,4.718,19.001,6,6,0.000,0.000,0.000
544.503,SUCCESS,4.501,4.718,19.001,6,6,0.000,0.000,0.000
544.603,SUCCESS,4.501,4.718,19.001,6,6,0.000,0.000,0.000
544.703,SUCCESS,4.501,4.718,19.001,6,6,0.000,0.000,0.000
544.803,SUCCESS,4.501,4.719,19.001,6,6,0.000,0.000,0.000
544.903,SUCCESS,4.501,4.719,19.001,6,6,0.000,0.000,0.000
545.003,SUCCESS,4.500,4.719,19.001,6,6,0.000,0.000,0.000
545.103,SUCCESS,4.500,4.719,19.001,6,6,0.000,0.000,0.000
545.203,SUCCESS,4.500,4.720,19.001,6,6,0.000,0.000,0.000
545.303,SUCCESS,4.500,4.720,19.001,6,6,0.000,0.000,0.000
545.403,SUCCESS,4.500,4.720,19.001,6,6,0.000,0.000,0.000
545.503,SUCCESS,4.500,4.720,19.001,6,6,0.000,0.000,0.000
545.603,SUCCESS,4.500,4.720,19.001,6,6,0.000,0.000,0.000
545.703,SUCCESS,4.500,4.720,19.001,6,6,0.000,0.000,0.000
545.803,SUCCESS,4.499,4.720,19.001,6,6,0.000,0.000,0.000
545.903,SUCCESS,4.499,4.720,19.001,6,6,0.000,0.000,0.000
546.003,SUCCESS,4.499,4.720,19.001,6,6,0.000,0.000,0.000
546.103,SUCCESS,4.499,4.721,19.001,6,6,0.000,0.000,0.000
546.203,SUCCESS,4.499,4.721,19.001,6,6,0.000,0.000,0.000
546.303,SUCCESS,4.499,4.721,19.001,6,6,0.000,0.000,0.000
546.403,SUCCESS,4.499,4.721,19.001,6,6,0.000,0.000,0.000
546.503,SUCCESS,4.499,4.722,19.001,6,6,0.000,0.000,0.000
546.603,SUCCESS,4.498,4.722,19.001,6,6,0.000,0.000,0.000
546.703,SUCCESS,4.498,4.723,19.001,6,6,0.000,0.000,0.000
546.803,SUCCESS,4.498,4.723,19.001,6,6,0.000,0.000,0.000
546.903,SUCCESS,4.498,4.723,19.001,6,6,0.000,0.000,0.000
547.003,SUCCESS,4.498,4.723,19.001,6,6,0.000,0.000,0.000
547.103,SUCCESS,4.498,4.723,19.001,6,6,0.000,0.000,0.000
547.203,SUCCESS,4.498,4.723,19.001,6,6,0.000,0.000,0.000
547.303,SUCCESS,4.498,4.723,19.001,6,6,0.000,0.000,0.000
547.403,SUCCESS,4.498,4.723,19.001,6,6,0.000,0.000,0.000
547.503,SUCCESS,4.498,4.723,19.001,6,6,0.000,0.000,0.000
547.603,SUCCESS,4.499,4.723,19.001,6,6,0.000,0.000,0.000
547.703,SUCCESS,4.499,4.722,19.001,6,6,0.000,0.000,0.000
547.803,SUCCESS,4.499,4.722,19.001,6,6,0.000,0.000,0.000
547.903,SUCCESS,4.500,4.721,19.001,6,6,0.000,0.000,0.000
548.003,SUCCESS,4.500,4.721,19.001,6,6,0.000,0.000,0.000
548.103,SUCCESS,4.500,4.721,19.001,6,6,0.000,0.000,0.000
548.203,SUCCESS,4.500,4.720,19.001,6,6,0.000,0.000,0.000
548.303,SUCCESS,4.500,4.720,19.001,6,6,0.000,0.000,0.000
548.403,SUCCESS,4.500,4.721,19.001,6,6,0.000,0.000,0.000
548.503,SUCCESS,4.500,4.721,19.001,6,6,0.000,0.000,0.000
548.603,SUCCESS,4.500,4.720,19.001,6,6,0.000,0.000,0.000
548.703,SUCCESS,4.500,4.720,19.001,6,6,0.000,0.000,0.000
548.803,SUCCESS,4.500,4.720,19.001,6,6,0.000,0.000,0.000
548.903,SUCCESS,4.500,4.721,19.001,6,6,0.000,0.000,0.000
549.003,SUCCESS,4.500,4.721,19.001,6,6,0.000,0.000,0.000
549.103,SUCCESS,4.500,4.721,19.001,6,6,0.000,0.000,0.000
549.203,SUCCESS,4.500,4.721,19.001,6,6,0.000,0.000,0.000
549.303,SUCCESS,4.500,4.721,19.001,6,6,0.000,0.000,0.000
549.403,SUCCESS,4.500,4.721,19.001,6,6,0.000,0.000,0.000
549.503,SUCCESS,4.499,4.721,19.001,6,6,0.000,0.000,0.000
549.603,SUCCESS,4.499,4.722,19.001,6,6,0.000,0.000,0.000
549.703,SUCCESS,4.499,4.722,19.001,6,6,0.000,0.000,0.000
549.803,SUCCESS,4.499,4.722,19.001,6,6,0.000,0.000,0.000
549.903,SUCCESS,4.499,4.722,19.001,6,6,0.000,0.000,0.000
550.003,SUCCESS,4.499,4.723,19.001,6,6,0.000,0.000,0.000
550.103,SUCCESS,4.499,4.723,19.001,6,6,0.000,0.000,0.000
550.203,SUCCESS,4.499,4.723,19.001,6,6,0.000,0.000,0.000
550.303,SUCCESS,4.499,4.723,19.001,6,6,0.000,0.000,0.000
550.403,SUCCESS,4.499,4.723,19.001,6,6,0.000,0.000,0.000
550.503,SUCCESS,4.499,4.723,19.001,6,6,0.000,0.000,0.000
550.603,SUCCESS,4.499,4.723,19.001,6,6,0.000,0.000,0.000
550.703,SUCCESS,4.499,4.723,19.001,6,6,0.000,0.000,0.000
550.803,SUCCESS,4.499,4.723,19.001,6,6,0.000,0.000,0.000
550.903,SUCCESS,4.499,4.723,19.001,6,6,0.000,0.000,0.000
551.003,SUCCESS,4.499,4.723,19.001,6,6,0.000,0.000,0.000
551.104,SUCCESS,4.499,4.723,19.001,6,6,0.000,0.000,0.000
551.203,SUCCESS,4.499,4.722,19.001,6,6,0.000,0.000,0.000
551.303,SUCCESS,4.499,4.722,19.001,6,6,0.000,0.000,0.000
551.403,SUCCESS,4.499,4.722,19.001,6,6,0.000,0.000,0.000
551.503,SUCCESS,4.499,4.722,19.001,6,6,0.000,0.000,0.000
551.603,SUCCESS,4.499,4.722,19.001,6,6,0.000,0.000,0.000
551.703,SUCCESS,4.499,4.722,19.001,6,6,0.000,0.000,0.000
551.803,SUCCESS,4.499,4.722,19.001,6,6,0.000,0.000,0.000
551.903,SUCCESS,4.499,4.722,19.001,6,6,0.000,0.000,0.000
552.003,SUCCESS,4.499,4.721,19.001,6,6,0.000,0.000,0.000
552.103,SUCCESS,4.499,4.721,19.001,6,6,0.000,0.000,0.000
552.203,SUCCESS,4.499,4.721,19.001,6,6,0.000,0.000,0.000
552.303,SUCCESS,4.499,4.721,19.001,6,6,0.000,0.000,0.000
552.403,SUCCESS,4.499,4.721,19.001,6,6,0.000,0.000,0.000
552.503,SUCCESS,4.499,4.721,19.001,6,6,0.000,0.000,0.000
552.603,SUCCESS,4.499,4.721,19.001,6,6,0.000,0.000,0.000
552.703,SUCCESS,4.499,4.721,19.001,6,6,0.000,0.000,0.000
552.803,SUCCESS,4.500,4.721,19.001,6,6,0.000,0.000,0.000
552.903,SUCCESS,4.500,4.721,19.001,6,6,0.000,0.000,0.000
553.003,SUCCESS,4.500,4.721,19.001,6,6,0.000,0.000,0.000
553.103,SUCCESS,4.500,4.721,19.001,6,6,0.000,0.000,0.000
553.203,SUCCESS,4.500,4.721,19.001,6,6,0.000,0.000,0.000
553.303,SUCCESS,4.500,4.721,19.001,6,6,0.000,0.000,0.000
553.403,SUCCESS,4.500,4.721,19.001,6,6,0.000,0.000,0.000
553.503,SUCCESS,4.500,4.721,19.001,6,6,0.000,0.000,0.000
553.603,SUCCESS,4.500,4.722,19.001,6,6,0.000,0.000,0.000
553.703,SUCCESS,4.499,4.722,19.001,6,6,0.000,0.000,0.000
553.803,SUCCESS,4.499,4.722,19.001,6,6,0.000,0.000,0.000
553.903,SUCCESS,4.499,4.722,19.001,6,6,0.000,0.000,0.000
554.003,SUCCESS,4.500,4.722,19.001,6,6,0.000,0.000,0.000
554.103,SUCCESS,4.500,4.721,19.001,6,6,0.000,0.000,0.000
554.203,SUCCESS,4.500,4.721,19.001,6,6,0.000,0.000,0.000
554.303,SUCCESS,4.500,4.721,19.001,6,6,0.000,0.000,0.000
554.403,SUCCESS,4.500,4.721,19.001,6,6,0.000,0.000,0.000
554.503,SUCCESS,4.500,4.720,19.001,6,6,0.000,0.000,0.000
554.603,SUCCESS,4.501,4.720,19.001,6,6,0.000,0.000,0.000
554.703,SUCCESS,4.501,4.720,19.001,6,6,0.000,0.000,0.000
554.804,SUCCESS,4.501,4.720,19.001,6,6,0.000,0.000,0.000
554.903,SUCCESS,4.501,4.719,19.001,6,6,0.000,0.000,0.000
555.003,SUCCESS,4.501,4.719,19.001,6,6,0.000,0.000,0.000
555.103,SUCCESS,4.501,4.719,19.001,6,6,0.000,0.000,0.000
555.203,SUCCESS,4.501,4.719,19.001,6,6,0.000,0.000,0.000
555.303,SUCCESS,4.501,4.719,19.001,6,6,0.000,0.000,0.000
555.403,SUCCESS,4.502,4.718,19.001,6,6,0.000,0.000,0.000
555.504,SUCCESS,4.502,4.718,19.001,6,6,0.000,0.000,0.000
555.603,SUCCESS,4.502,4.718,19.001,6,6,0.000,0.000,0.000
555.703,SUCCESS,4.502,4.718,19.001,6,6,0.000,0.000,0.000
555.803,SUCCESS,4.502,4.718,19.001,6,6,0.000,0.000,0.000
555.903,SUCCESS,4.502,4.718,19.001,6,6,0.000,0.000,0.000
556.003,SUCCESS,4.502,4.718,19.001,6,6,0.000,0.000,0.000
556.103,SUCCESS,4.502,4.717,19.001,6,6,0.000,0.000,0.000
556.203,SUCCESS,4.502,4.718,19.001,6,6,0.000,0.000,0.000
556.303,SUCCESS,4.502,4.718,19.001,6,6,0.000,0.000,0.000
556.403,SUCCESS,4.502,4.718,19.001,6,6,0.000,0.000,0.000
556.503,SUCCESS,4.502,4.718,19.001,6,6,0.000,0.000,0.000
556.603,SUCCESS,4.502,4.719,19.001,6,6,0.000,0.000,0.000
556.703,SUCCESS,4.501,4.719,19.001,6,6,0.000,0.000,0.000
556.803,SUCCESS,4.501,4.719,19.001,6,6,0.000,0.000,0.000
556.903,SUCCESS,4.501,4.719,19.001,6,6,0.000,0.000,0.000
557.003,SUCCESS,4.501,4.719,19.001,6,6,0.000,0.000,0.000
557.103,SUCCESS,4.501,4.720,19.001,6,6,0.000,0.000,0.000
557.203,SUCCESS,4.501,4.720,19.001,6,6,0.000,0.000,0.000
557.303,SUCCESS,4.501,4.720,19.001,6,6,0.000,0.000,0.000
557.403,SUCCESS,4.501,4.720,19.001,6,6,0.000,0.000,0.000
557.503,SUCCESS,4.501,4.720,19.001,6,6,0.000,0.000,0.000
557.603,SUCCESS,4.501,4.720,19.001,6,6,0.000,0.000,0.000
557.703,SUCCESS,4.501,4.719,19.001,6,6,0.000,0.000,0.000
557.803,SUCCESS,4.501,4.719,19.001,6,6,0.000,0.000,0.000
557.903,SUCCESS,4.501,4.720,19.001,6,6,0.000,0.000,0.000
558.003,SUCCESS,4.501,4.719,19.001,6,6,0.000,0.000,0.000
558.103,SUCCESS,4.501,4.719,19.001,6,6,0.000,0.000,0.000
558.203,SUCCESS,4.501,4.719,19.001,6,6,0.000,0.000,0.000
558.303,SUCCESS,4.501,4.719,19.001,6,6,0.000,0.000,0.000
558.403,SUCCESS,4.502,4.719,19.001,6,6,0.000,0.000,0.000
558.503,SUCCESS,4.502,4.719,19.001,6,6,0.000,0.000,0.000
558.603,SUCCESS,4.502,4.719,19.001,6,6,0.000,0.000,0.000
558.703,SUCCESS,4.502,4.719,19.001,6,6,0.000,0.000,0.000
558.803,SUCCESS,4.502,4.719,19.001,6,6,0.000,0.000,0.000
558.903,SUCCESS,4.502,4.719,19.001,6,6,0.000,0.000,0.000
559.003,SUCCESS,4.502,4.719,19.001,6,6,0.000,0.000,0.000
559.103,SUCCESS,4.502,4.719,19.001,6,6,0.000,0.000,0.000
559.203,SUCCESS,4.502,4.719,19.001,6,6,0.000,0.000,0.000
559.303,SUCCESS,4.502,4.719,19.001,6,6,0.000,0.000,0.000
559.403,SUCCESS,4.502,4.719,19.001,6,6,0.000,0.000,0.000
559.503,SUCCESS,4.502,4.719,19.001,6,6,0.000,0.000,0.000
559.603,SUCCESS,4.502,4.719,19.001,6,6,0.000,0.000,0.000
559.703,SUCCESS,4.502,4.719,19.001,6,6,0.000,0.000,0.000
559.803,SUCCESS,4.502,4.719,19.001,6,6,0.000,0.000,0.000
559.903,SUCCESS,4.502,4.719,19.001,6,6,0.000,0.000,0.000
560.003,SUCCESS,4.502,4.719,19.001,6,6,0.000,0.000,0.000
560.103,SUCCESS,4.501,4.719,19.001,6,6,0.000,0.000,0.000
560.203,SUCCESS,4.501,4.719,19.001,6,6,0.000,0.000,0.000
560.303,SUCCESS,4.501,4.719,19.001,6,6,0.000,0.000,0.000
560.403,SUCCESS,4.501,4.719,19.001,6,6,0.000,0.000,0.000
560.503,SUCCESS,4.501,4.719,19.001,6,6,0.000,0.000,0.000
560.603,SUCCESS,4.501,4.719,19.001,6,6,0.000,0.000,0.000
560.703,SUCCESS,4.501,4.719,19.001,6,6,0.000,0.000,0.000
560.803,SUCCESS,4.501,4.719,19.001,6,6,0.000,0.000,0.000
560.903,SUCCESS,4.501,4.719,19.001,6,6,0.000,0.000,0.000
561.003,SUCCESS,4.501,4.719,19.001,6,6,0.000,0.000,0.000
561.103,SUCCESS,4.501,4.719,19.001,6,6,0.000,0.000,0.000
561.203,SUCCESS,4.501,4.720,19.001,6,6,0.000,0.000,0.000
561.303,SUCCESS,4.501,4.720,19.001,6,6,0.000,0.000,0.000
561.403,SUCCESS,4.500,4.721,19.001,6,6,0.000,0.000,0.000
561.503,SUCCESS,4.500,4.721,19.001,6,6,0.000,0.000,0.000
561.603,SUCCESS,4.499,4.722,19.001,6,6,0.000,0.000,0.000
561.703,SUCCESS,4.499,4.722,19.001,6,6,0.000,0.000,0.000
561.803,SUCCESS,4.499,4.722,19.001,6,6,0.000,0.000,0.000
561.903,SUCCESS,4.498,4.723,19.001,6,6,0.000,0.000,0.000
562.003,SUCCESS,4.498,4.722,19.001,6,6,0.000,0.000,0.000
562.103,SUCCESS,4.498,4.722,19.001,6,6,0.000,0.000,0.000
562.205,SUCCESS,4.499,4.722,19.001,6,6,0.000,0.000,0.000
562.303,SUCCESS,4.499,4.721,19.001,6,6,0.000,0.000,0.000
562.403,SUCCESS,4.499,4.721,19.001,6,6,0.000,0.000,0.000
562.503,SUCCESS,4.499,4.721,19.001,6,6,0.000,0.000,0.000
562.603,SUCCESS,4.499,4.721,19.001,6,6,0.000,0.000,0.000
562.703,SUCCESS,4.499,4.721,19.001,6,6,0.000,0.000,0.000
562.803,SUCCESS,4.499,4.721,19.001,6,6,0.000,0.000,0.000
562.903,SUCCESS,4.499,4.721,19.001,6,6,0.000,0.000,0.000
563.003,SUCCESS,4.499,4.721,19.001,6,6,0.000,0.000,0.000
563.104,SUCCESS,4.499,4.721,19.001,6,6,0.000,0.000,0.000
563.203,SUCCESS,4.499,4.721,19.001,6,6,0.000,0.000,0.000
563.303,SUCCESS,4.499,4.721,19.001,6,6,0.000,0.000,0.000
563.403,SUCCESS,4.499,4.721,19.001,6,6,0.000,0.000,0.000
563.503,SUCCESS,4.499,4.721,19.001,6,6,0.000,0.000,0.000
563.603,SUCCESS,4.499,4.721,19.001,6,6,0.000,0.000,0.000
563.703,SUCCESS,4.499,4.721,19.001,6,6,0.000,0.000,0.000
563.803,SUCCESS,4.499,4.721,19.001,6,6,0.000,0.000,0.000
563.903,SUCCESS,4.499,4.721,19.001,6,6,0.000,0.000,0.000
564.003,SUCCESS,4.499,4.721,19.001,6,6,0.000,0.000,0.000
564.103,SUCCESS,4.499,4.721,19.001,6,6,0.000,0.000,0.000
564.203,SUCCESS,4.499,4.721,19.001,6,6,0.000,0.000,0.000
564.303,SUCCESS,4.499,4.721,19.001,6,6,0.000,0.000,0.000
564.403,SUCCESS,4.499,4.721,19.001,6,6,0.000,0.000,0.000
564.503,SUCCESS,4.499,4.721,19.001,6,6,0.000,0.000,0.000
564.603,SUCCESS,4.499,4.721,19.001,6,6,0.000,0.000,0.000
564.704,SUCCESS,4.499,4.721,19.001,6,6,0.000,0.000,0.000
564.803,SUCCESS,4.500,4.721,19.001,6,6,0.000,0.000,0.000
564.903,SUCCESS,4.500,4.721,19.001,6,6,0.000,0.000,0.000
565.003,SUCCESS,4.500,4.721,19.001,6,6,0.000,0.000,0.000
565.104,SUCCESS,4.500,4.721,19.001,6,6,0.000,0.000,0.000
565.203,SUCCESS,4.500,4.720,19.001,6,6,0.000,0.000,0.000
565.303,SUCCESS,4.500,4.720,19.001,6,6,0.000,0.000,0.000
565.403,SUCCESS,4.500,4.720,19.001,6,6,0.000,0.000,0.000
565.503,SUCCESS,4.500,4.720,19.001,6,6,0.000,0.000,0.000
565.603,SUCCESS,4.500,4.720,19.001,6,6,0.000,0.000,0.000
565.703,SUCCESS,4.500,4.720,19.001,6,6,0.000,0.000,0.000
565.803,SUCCESS,4.501,4.720,19.001,6,6,0.000,0.000,0.000
565.903,SUCCESS,4.501,4.720,19.001,6,6,0.000,0.000,0.000
566.003,SUCCESS,4.501,4.719,19.001,6,6,0.000,0.000,0.000
566.103,SUCCESS,4.501,4.719,19.001,6,6,0.000,0.000,0.000
566.203,SUCCESS,4.501,4.719,19.001,6,6,0.000,0.000,0.000
566.303,SUCCESS,4.501,4.718,19.001,6,6,0.000,0.000,0.000
566.403,SUCCESS,4.502,4.718,19.001,6,6,0.000,0.000,0.000
566.503,SUCCESS,4.502,4.718,19.001,6,6,0.000,0.000,0.000
566.603,SUCCESS,4.502,4.717,19.001,6,6,0.000,0.000,0.000
566.703,SUCCESS,4.502,4.717,19.001,6,6,0.000,0.000,0.000
566.803,SUCCESS,4.502,4.718,19.001,6,6,0.000,0.000,0.000
566.903,SUCCESS,4.501,4.718,19.001,6,6,0.000,0.000,0.000
567.003,SUCCESS,4.501,4.719,19.001,6,6,0.000,0.000,0.000
567.103,SUCCESS,4.501,4.719,19.001,6,6,0.000,0.000,0.000
567.204,SUCCESS,4.500,4.720,19.001,6,6,0.000,0.000,0.000
567.303,SUCCESS,4.500,4.720,19.001,6,6,0.000,0.000,0.000
567.403,SUCCESS,4.500,4.720,19.001,6,6,0.000,0.000,0.000
567.503,SUCCESS,4.500,4.720,19.001,6,6,0.000,0.000,0.000
567.603,SUCCESS,4.500,4.720,19.001,6,6,0.000,0.000,0.000
567.703,SUCCESS,4.500,4.720,19.001,6,6,0.000,0.000,0.000
567.803,SUCCESS,4.500,4.720,19.001,6,6,0.000,0.000,0.000
567.903,SUCCESS,4.500,4.720,19.001,6,6,0.000,0.000,0.000
568.003,SUCCESS,4.500,4.720,19.001,6,6,0.000,0.000,0.000
568.103,SUCCESS,4.500,4.720,19.001,6,6,0.000,0.000,0.000
568.203,SUCCESS,4.500,4.720,19.001,6,6,0.000,0.000,0.000
568.303,SUCCESS,4.500,4.720,19.001,6,6,0.000,0.000,0.000
568.403,SUCCESS,4.500,4.720,19.001,6,6,0.000,0.000,0.000
568.503,SUCCESS,4.500,4.720,19.001,6,6,0.000,0.000,0.000
568.604,SUCCESS,4.499,4.721,19.001,6,6,0.000,0.000,0.000
568.703,SUCCESS,4.499,4.721,19.001,6,6,0.000,0.000,0.000
568.803,SUCCESS,4.499,4.721,19.001,6,6,0.000,0.000,0.000
568.903,SUCCESS,4.499,4.721,19.001,6,6,0.000,0.000,0.000
569.003,SUCCESS,4.499,4.722,19.001,6,6,0.000,0.000,0.000
569.103,SUCCESS,4.499,4.722,19.001,6,6,0.000,0.000,0.000
569.203,SUCCESS,4.499,4.722,19.001,6,6,0.000,0.000,0.000
569.303,SUCCESS,4.499,4.722,19.001,6,6,0.000,0.000,0.000
569.403,SUCCESS,4.499,4.722,19.001,6,6,0.000,0.000,0.000
569.503,SUCCESS,4.499,4.722,19.001,6,6,0.000,0.000,0.000
569.603,SUCCESS,4.499,4.722,19.001,6,6,0.000,0.000,0.000
569.703,SUCCESS,4.499,4.722,19.001,6,6,0.000,0.000,0.000
569.803,SUCCESS,4.499,4.722,19.001,6,6,0.000,0.000,0.000
569.903,SUCCESS,4.499,4.722,19.001,6,6,0.000,0.000,0.000
570.003,SUCCESS,4.499,4.722,19.001,6,6,0.000,0.000,0.000
570.103,SUCCESS,4.499,4.722,19.001,6,6,0.000,0.000,0.000
570.203,SUCCESS,4.499,4.722,19.001,6,6,0.000,0.000,0.000
570.303,SUCCESS,4.499,4.722,19.001,6,6,0.000,0.000,0.000
570.403,SUCCESS,4.499,4.722,19.001,6,6,0.000,0.000,0.000
570.503,SUCCESS,4.499,4.722,19.001,6,6,0.000,0.000,0.000
570.603,SUCCESS,4.499,4.722,19.001,6,6,0.000,0.000,0.000
570.703,SUCCESS,4.499,4.722,19.001,6,6,0.000,0.000,0.000
570.803,SUCCESS,4.499,4.723,19.001,6,6,0.000,0.000,0.000
570.903,SUCCESS,4.498,4.722,19.001,6,6,0.000,0.000,0.000
571.003,SUCCESS,4.498,4.723,19.001,6,6,0.000,0.000,0.000
571.103,SUCCESS,4.498,4.723,19.001,6,6,0.000,0.000,0.000
571.203,SUCCESS,4.498,4.723,19.001,6,6,0.000,0.000,0.000
571.303,SUCCESS,4.498,4.723,19.001,6,6,0.000,0.000,0.000
571.404,SUCCESS,4.498,4.723,19.001,6,6,0.000,0.000,0.000
571.503,SUCCESS,4.498,4.723,19.001,6,6,0.000,0.000,0.000
571.603,SUCCESS,4.498,4.723,19.001,6,6,0.000,0.000,0.000
571.703,SUCCESS,4.498,4.723,19.001,6,6,0.000,0.000,0.000
571.803,SUCCESS,4.498,4.723,19.001,6,6,0.000,0.000,0.000
571.903,SUCCESS,4.498,4.723,19.001,6,6,0.000,0.000,0.000
572.003,SUCCESS,4.498,4.723,19.001,6,6,0.000,0.000,0.000
572.103,SUCCESS,4.498,4.723,19.001,6,6,0.000,0.000,0.000
572.203,SUCCESS,4.498,4.723,19.001,6,6,0.000,0.000,0.000
572.303,SUCCESS,4.499,4.722,19.001,6,6,0.000,0.000,0.000
572.403,SUCCESS,4.499,4.721,19.001,6,6,0.000,0.000,0.000
572.503,SUCCESS,4.499,4.721,19.001,6,6,0.000,0.000,0.000
572.603,SUCCESS,4.500,4.721,19.001,6,6,0.000,0.000,0.000
572.703,SUCCESS,4.500,4.721,19.001,6,6,0.000,0.000,0.000
572.803,SUCCESS,4.500,4.720,19.001,6,6,0.000,0.000,0.000
572.903,SUCCESS,4.500,4.720,19.001,6,6,0.000,0.000,0.000
573.003,SUCCESS,4.500,4.720,19.001,6,6,0.000,0.000,0.000
573.103,SUCCESS,4.500,4.720,19.001,6,6,0.000,0.000,0.000
573.203,SUCCESS,4.501,4.720,19.001,6,6,0.000,0.000,0.000
573.303,SUCCESS,4.501,4.719,19.001,6,6,0.000,0.000,0.000
573.403,SUCCESS,4.501,4.719,19.001,6,6,0.000,0.000,0.000
573.503,SUCCESS,4.501,4.720,19.001,6,6,0.000,0.000,0.000
573.603,SUCCESS,4.501,4.720,19.001,6,6,0.000,0.000,0.000
573.703,SUCCESS,4.501,4.720,19.001,6,6,0.000,0.000,0.000
573.803,SUCCESS,4.501,4.720,19.001,6,6,0.000,0.000,0.000
573.903,SUCCESS,4.501,4.720,19.001,6,6,0.000,0.000,0.000
574.003,SUCCESS,4.501,4.720,19.001,6,6,0.000,0.000,0.000
574.103,SUCCESS,4.501,4.720,19.001,6,6,0.000,0.000,0.000
574.205,SUCCESS,4.501,4.720,19.001,6,6,0.000,0.000,0.000
574.303,SUCCESS,4.501,4.720,19.001,6,6,0.000,0.000,0.000
574.403,SUCCESS,4.501,4.719,19.001,6,6,0.000,0.000,0.000
574.503,SUCCESS,4.501,4.719,19.001,6,6,0.000,0.000,0.000
574.603,SUCCESS,4.501,4.719,19.001,6,6,0.000,0.000,0.000
574.703,SUCCESS,4.502,4.719,19.001,6,6,0.000,0.000,0.000
574.804,SUCCESS,4.502,4.718,19.001,6,6,0.000,0.000,0.000
574.903,SUCCESS,4.502,4.718,19.001,6,6,0.000,0.000,0.000
575.003,SUCCESS,4.502,4.718,19.001,6,6,0.000,0.000,0.000
575.103,SUCCESS,4.502,4.718,19.001,6,6,0.000,0.000,0.000
575.203,SUCCESS,4.502,4.718,19.001,6,6,0.000,0.000,0.000
575.303,SUCCESS,4.502,4.718,19.001,6,6,0.000,0.000,0.000
575.403,SUCCESS,4.502,4.718,19.001,6,6,0.000,0.000,0.000
575.503,SUCCESS,4.502,4.718,19.001,6,6,0.000,0.000,0.000
575.603,SUCCESS,4.502,4.718,19.001,6,6,0.000,0.000,0.000
575.703,SUCCESS,4.502,4.717,19.001,6,6,0.000,0.000,0.000
575.803,SUCCESS,4.503,4.717,19.001,6,6,0.000,0.000,0.000
575.903,SUCCESS,4.503,4.717,19.001,6,6,0.000,0.000,0.000
576.003,SUCCESS,4.503,4.717,19.001,6,6,0.000,0.000,0.000
576.103,SUCCESS,4.503,4.716,19.001,6,6,0.000,0.000,0.000
576.203,SUCCESS,4.503,4.717,19.001,6,6,0.000,0.000,0.000
576.303,SUCCESS,4.503,4.717,19.001,6,6,0.000,0.000,0.000
576.403,SUCCESS,4.503,4.717,19.001,6,6,0.000,0.000,0.000
576.503,SUCCESS,4.503,4.717,19.001,6,6,0.000,0.000,0.000
576.603,SUCCESS,4.503,4.717,19.001,6,6,0.000,0.000,0.000
576.704,SUCCESS,4.503,4.718,19.001,6,6,0.000,0.000,0.000
576.803,SUCCESS,4.503,4.717,19.001,6,6,0.000,0.000,0.000
576.903,SUCCESS,4.503,4.717,19.001,6,6,0.000,0.000,0.000
577.003,SUCCESS,4.503,4.718,19.001,6,6,0.000,0.000,0.000
577.103,SUCCESS,4.503,4.718,19.001,6,6,0.000,0.000,0.000
577.203,SUCCESS,4.502,4.718,19.001,6,6,0.000,0.000,0.000
577.303,SUCCESS,4.502,4.718,19.001,6,6,0.000,0.000,0.000
577.403,SUCCESS,4.502,4.718,19.001,6,6,0.000,0.000,0.000
577.503,SUCCESS,4.502,4.718,19.001,6,6,0.000,0.000,0.000
577.603,SUCCESS,4.502,4.718,19.001,6,6,0.000,0.000,0.000
577.703,SUCCESS,4.502,4.719,19.001,6,6,0.000,0.000,0.000
577.803,SUCCESS,4.502,4.719,19.001,6,6,0.000,0.000,0.000
577.903,SUCCESS,4.502,4.719,19.001,6,6,0.000,0.000,0.000
578.003,SUCCESS,4.502,4.719,19.001,6,6,0.000,0.000,0.000
578.103,SUCCESS,4.502,4.719,19.001,6,6,0.000,0.000,0.000
578.203,SUCCESS,4.502,4.718,19.001,6,6,0.000,0.000,0.000
578.303,SUCCESS,4.503,4.718,19.001,6,6,0.000,0.000,0.000
578.403,SUCCESS,4.503,4.718,19.001,6,6,0.000,0.000,0.000
578.503,SUCCESS,4.503,4.717,19.001,6,6,0.000,0.000,0.000
578.603,SUCCESS,4.503,4.717,19.001,6,6,0.000,0.000,0.000
578.704,SUCCESS,4.504,4.717,19.001,6,6,0.000,0.000,0.000
578.803,SUCCESS,4.504,4.717,19.001,6,6,0.000,0.000,0.000
578.903,SUCCESS,4.504,4.717,19.001,6,6,0.000,0.000,0.000
579.003,SUCCESS,4.504,4.717,19.001,6,6,0.000,0.000,0.000
579.103,SUCCESS,4.504,4.717,19.001,6,6,0.000,0.000,0.000
579.203,SUCCESS,4.504,4.717,19.001,6,6,0.000,0.000,0.000
579.303,SUCCESS,4.504,4.718,19.001,6,6,0.000,0.000,0.000
579.403,SUCCESS,4.503,4.718,19.001,6,6,0.000,0.000,0.000
579.503,SUCCESS,4.503,4.718,19.001,6,6,0.000,0.000,0.000
579.604,SUCCESS,4.503,4.718,19.001,6,6,0.000,0.000,0.000
579.703,SUCCESS,4.503,4.718,19.001,6,6,0.000,0.000,0.000
579.803,SUCCESS,4.503,4.718,19.001,6,6,0.000,0.000,0.000
579.903,SUCCESS,4.503,4.718,19.001,6,6,0.000,0.000,0.000
580.003,SUCCESS,4.503,4.718,19.001,6,6,0.000,0.000,0.000
580.103,SUCCESS,4.503,4.718,19.001,6,6,0.000,0.000,0.000
580.203,SUCCESS,4.503,4.719,19.001,6,6,0.000,0.000,0.000
580.303,SUCCESS,4.502,4.719,19.001,6,6,0.000,0.000,0.000
580.403,SUCCESS,4.502,4.719,19.001,6,6,0.000,0.000,0.000
580.503,SUCCESS,4.502,4.719,19.001,6,6,0.000,0.000,0.000
580.603,SUCCESS,4.502,4.719,19.001,6,6,0.000,0.000,0.000
580.703,SUCCESS,4.502,4.719,19.001,6,6,0.000,0.000,0.000
580.803,SUCCESS,4.501,4.720,19.001,6,6,0.000,0.000,0.000
580.903,SUCCESS,4.501,4.720,19.001,6,6,0.000,0.000,0.000
581.003,SUCCESS,4.501,4.720,19.001,6,6,0.000,0.000,0.000
581.103,SUCCESS,4.501,4.720,19.001,6,6,0.000,0.000,0.000
581.203,SUCCESS,4.501,4.720,19.001,6,6,0.000,0.000,0.000
581.303,SUCCESS,4.501,4.721,19.001,6,6,0.000,0.000,0.000
581.403,SUCCESS,4.500,4.721,19.001,6,6,0.000,0.000,0.000
581.503,SUCCESS,4.500,4.721,19.001,6,6,0.000,0.000,0.000
581.603,SUCCESS,4.501,4.721,19.001,6,6,0.000,0.000,0.000
581.703,SUCCESS,4.501,4.720,19.001,6,6,0.000,0.000,0.000
581.804,SUCCESS,4.501,4.720,19.001,6,6,0.000,0.000,0.000
581.903,SUCCESS,4.501,4.719,19.001,6,6,0.000,0.000,0.000
582.003,SUCCESS,4.502,4.719,19.001,6,6,0.000,0.000,0.000
582.103,SUCCESS,4.502,4.719,19.001,6,6,0.000,0.000,0.000
582.203,SUCCESS,4.502,4.719,19.001,6,6,0.000,0.000,0.000
582.303,SUCCESS,4.502,4.719,19.001,6,6,0.000,0.000,0.000
582.403,SUCCESS,4.503,4.718,19.001,6,6,0.000,0.000,0.000
582.503,SUCCESS,4.503,4.718,19.001,6,6,0.000,0.000,0.000
582.603,SUCCESS,4.503,4.718,19.001,6,6,0.000,0.000,0.000
582.703,SUCCESS,4.503,4.717,19.001,6,6,0.000,0.000,0.000
582.803,SUCCESS,4.503,4.717,19.001,6,6,0.000,0.000,0.000
582.903,SUCCESS,4.504,4.716,19.001,6,6,0.000,0.000,0.000
583.003,SUCCESS,4.504,4.716,19.001,6,6,0.000,0.000,0.000
583.103,SUCCESS,4.504,4.716,19.001,6,6,0.000,0.000,0.000
583.203,SUCCESS,4.504,4.716,19.001,6,6,0.000,0.000,0.000
583.303,SUCCESS,4.505,4.716,19.001,6,6,0.000,0.000,0.000
583.403,SUCCESS,4.505,4.715,19.001,6,6,0.000,0.000,0.000
583.503,SUCCESS,4.505,4.715,19.001,6,6,0.000,0.000,0.000
583.603,SUCCESS,4.505,4.715,19.001,6,6,0.000,0.000,0.000
583.703,SUCCESS,4.505,4.715,19.001,6,6,0.000,0.000,0.000
583.803,SUCCESS,4.504,4.715,19.001,6,6,0.000,0.000,0.000
583.903,SUCCESS,4.504,4.716,19.001,6,6,0.000,0.000,0.000
584.003,SUCCESS,4.504,4.716,19.001,6,6,0.000,0.000,0.000
584.103,SUCCESS,4.504,4.716,19.001,6,6,0.000,0.000,0.000
584.203,SUCCESS,4.504,4.716,19.001,6,6,0.000,0.000,0.000
584.303,SUCCESS,4.504,4.716,19.001,6,6,0.000,0.000,0.000
584.405,SUCCESS,4.505,4.715,19.001,6,6,0.000,0.000,0.000
584.503,SUCCESS,4.505,4.715,19.001,6,6,0.000,0.000,0.000
584.603,SUCCESS,4.505,4.715,19.001,6,6,0.000,0.000,0.000
584.703,SUCCESS,4.505,4.715,19.001,6,6,0.000,0.000,0.000
584.803,SUCCESS,4.505,4.715,19.001,6,6,0.000,0.000,0.000
584.903,SUCCESS,4.505,4.715,19.001,6,6,0.000,0.000,0.000
585.004,SUCCESS,4.505,4.715,19.001,6,6,0.000,0.000,0.000
585.103,SUCCESS,4.505,4.715,19.001,6,6,0.000,0.000,0.000
585.203,SUCCESS,4.505,4.715,19.001,6,6,0.000,0.000,0.000
585.303,SUCCESS,4.505,4.715,19.001,6,6,0.000,0.000,0.000
585.403,SUCCESS,4.505,4.715,19.001,6,6,0.000,0.000,0.000
585.503,SUCCESS,4.505,4.715,19.001,6,6,0.000,0.000,0.000
585.603,SUCCESS,4.504,4.715,19.001,6,6,0.000,0.000,0.000
585.703,SUCCESS,4.504,4.715,19.001,6,6,0.000,0.000,0.000
585.803,SUCCESS,4.504,4.715,19.001,6,6,0.000,0.000,0.000
585.903,SUCCESS,4.504,4.715,19.001,6,6,0.000,0.000,0.000
586.003,SUCCESS,4.504,4.715,19.001,6,6,0.000,0.000,0.000
586.103,SUCCESS,4.504,4.716,19.001,6,6,0.000,0.000,0.000
586.204,SUCCESS,4.503,4.716,19.001,6,6,0.000,0.000,0.000
586.303,SUCCESS,4.503,4.717,19.001,6,6,0.000,0.000,0.000
586.403,SUCCESS,4.503,4.717,19.001,6,6,0.000,0.000,0.000
586.503,SUCCESS,4.503,4.718,19.001,6,6,0.000,0.000,0.000
586.603,SUCCESS,4.502,4.718,19.001,6,6,0.000,0.000,0.000
586.703,SUCCESS,4.502,4.718,19.001,6,6,0.000,0.000,0.000
586.803,SUCCESS,4.502,4.718,19.001,6,6,0.000,0.000,0.000
586.903,SUCCESS,4.502,4.719,19.001,6,6,0.000,0.000,0.000
587.003,SUCCESS,4.502,4.719,19.001,6,6,0.000,0.000,0.000
587.103,SUCCESS,4.502,4.720,19.001,6,6,0.000,0.000,0.000
587.203,SUCCESS,4.502,4.720,19.001,6,6,0.000,0.000,0.000
587.303,SUCCESS,4.502,4.720,19.001,6,6,0.000,0.000,0.000
587.403,SUCCESS,4.502,4.720,19.001,6,6,0.000,0.000,0.000
587.503,SUCCESS,4.502,4.720,19.001,6,6,0.000,0.000,0.000
587.603,SUCCESS,4.502,4.720,19.001,6,6,0.000,0.000,0.000
587.703,SUCCESS,4.502,4.720,19.001,6,6,0.000,0.000,0.000
587.803,SUCCESS,4.501,4.720,19.001,6,6,0.000,0.000,0.000
587.903,SUCCESS,4.501,4.720,19.001,6,6,0.000,0.000,0.000
588.003,SUCCESS,4.501,4.720,19.001,6,6,0.000,0.000,0.000
588.103,SUCCESS,4.501,4.721,19.001,6,6,0.000,0.000,0.000
588.203,SUCCESS,4.501,4.721,19.001,6,6,0.000,0.000,0.000
588.303,SUCCESS,4.501,4.721,19.001,6,6,0.000,0.000,0.000
588.403,SUCCESS,4.501,4.721,19.001,6,6,0.000,0.000,0.000
588.503,SUCCESS,4.500,4.722,19.001,6,6,0.000,0.000,0.000
588.603,SUCCESS,4.500,4.722,19.001,6,6,0.000,0.000,0.000
588.703,SUCCESS,4.500,4.723,19.001,6,6,0.000,0.000,0.000
588.803,SUCCESS,4.500,4.723,19.001,6,6,0.000,0.000,0.000
588.903,SUCCESS,4.500,4.723,19.001,6,6,0.000,0.000,0.000
589.003,SUCCESS,4.499,4.723,19.001,6,6,0.000,0.000,0.000
589.103,SUCCESS,4.499,4.723,19.001,6,6,0.000,0.000,0.000
589.203,SUCCESS,4.499,4.723,19.001,6,6,0.000,0.000,0.000
589.303,SUCCESS,4.499,4.723,19.001,6,6,0.000,0.000,0.000
589.403,SUCCESS,4.499,4.722,19.001,6,6,0.000,0.000,0.000
589.503,SUCCESS,4.500,4.722,19.001,6,6,0.000,0.000,0.000
589.603,SUCCESS,4.500,4.722,19.001,6,6,0.000,0.000,0.000
589.703,SUCCESS,4.500,4.721,19.001,6,6,0.000,0.000,0.000
589.803,SUCCESS,4.500,4.721,19.001,6,6,0.000,0.000,0.000
589.903,SUCCESS,4.501,4.721,19.001,6,6,0.000,0.000,0.000
590.003,SUCCESS,4.501,4.721,19.001,6,6,0.000,0.000,0.000
590.103,SUCCESS,4.501,4.720,19.001,6,6,0.000,0.000,0.000
590.203,SUCCESS,4.501,4.720,19.001,6,6,0.000,0.000,0.000
590.303,SUCCESS,4.501,4.720,19.001,6,6,0.000,0.000,0.000
590.403,SUCCESS,4.502,4.720,19.001,6,6,0.000,0.000,0.000
590.503,SUCCESS,4.502,4.719,19.001,6,6,0.000,0.000,0.000
590.603,SUCCESS,4.502,4.719,19.001,6,6,0.000,0.000,0.000
590.703,SUCCESS,4.502,4.719,19.001,6,6,0.000,0.000,0.000
590.803,SUCCESS,4.502,4.718,19.001,6,6,0.000,0.000,0.000
590.903,SUCCESS,4.503,4.718,19.001,6,6,0.000,0.000,0.000
591.003,SUCCESS,4.503,4.718,19.001,6,6,0.000,0.000,0.000
591.103,SUCCESS,4.503,4.718,19.001,6,6,0.000,0.000,0.000
591.203,SUCCESS,4.503,4.718,19.001,6,6,0.000,0.000,0.000
591.303,SUCCESS,4.503,4.718,19.001,6,6,0.000,0.000,0.000
591.403,SUCCESS,4.503,4.718,19.001,6,6,0.000,0.000,0.000
591.504,SUCCESS,4.503,4.718,19.001,6,6,0.000,0.000,0.000
591.603,SUCCESS,4.503,4.718,19.001,6,6,0.000,0.000,0.000
591.703,SUCCESS,4.503,4.718,19.001,6,6,0.000,0.000,0.000
591.803,SUCCESS,4.503,4.718,19.001,6,6,0.000,0.000,0.000
591.903,SUCCESS,4.503,4.718,19.001,6,6,0.000,0.000,0.000
592.003,SUCCESS,4.503,4.718,19.001,6,6,0.000,0.000,0.000
592.103,SUCCESS,4.503,4.718,19.001,6,6,0.000,0.000,0.000
592.203,SUCCESS,4.503,4.717,19.001,6,6,0.000,0.000,0.000
592.303,SUCCESS,4.503,4.717,19.001,6,6,0.000,0.000,0.000
592.403,SUCCESS,4.503,4.717,19.001,6,6,0.000,0.000,0.000
592.503,SUCCESS,4.503,4.717,19.001,6,6,0.000,0.000,0.000
592.603,SUCCESS,4.503,4.717,19.001,6,6,0.000,0.000,0.000
592.703,SUCCESS,4.503,4.717,19.001,6,6,0.000,0.000,0.000
592.803,SUCCESS,4.503,4.717,19.001,6,6,0.000,0.000,0.000
592.903,SUCCESS,4.503,4.717,19.001,6,6,0.000,0.000,0.000
593.003,SUCCESS,4.503,4.717,19.001,6,6,0.000,0.000,0.000
593.103,SUCCESS,4.503,4.717,19.001,6,6,0.000,0.000,0.000
593.203,SUCCESS,4.503,4.717,19.001,6,6,0.000,0.000,0.000
593.303,SUCCESS,4.503,4.717,19.001,6,6,0.000,0.000,0.000
593.403,SUCCESS,4.503,4.717,19.001,6,6,0.000,0.000,0.000
593.503,SUCCESS,4.503,4.717,19.001,6,6,0.000,0.000,0.000
593.603,SUCCESS,4.503,4.717,19.001,6,6,0.000,0.000,0.000
593.703,SUCCESS,4.502,4.718,19.001,6,6,0.000,0.000,0.000
593.803,SUCCESS,4.502,4.718,19.001,6,6,0.000,0.000,0.000
593.903,SUCCESS,4.502,4.718,19.001,6,6,0.000,0.000,0.000
594.003,SUCCESS,4.502,4.719,19.001,6,6,0.000,0.000,0.000
594.103,SUCCESS,4.502,4.719,19.001,6,6,0.000,0.000,0.000
594.203,SUCCESS,4.501,4.719,19.001,6,6,0.000,0.000,0.000
594.303,SUCCESS,4.501,4.720,19.001,6,6,0.000,0.000,0.000
594.403,SUCCESS,4.501,4.720,19.001,6,6,0.000,0.000,0.000
594.505,SUCCESS,4.501,4.719,19.001,6,6,0.000,0.000,0.000
594.603,SUCCESS,4.501,4.719,19.001,6,6,0.000,0.000,0.000
594.703,SUCCESS,4.501,4.719,19.001,6,6,0.000,0.000,0.000
594.803,SUCCESS,4.501,4.719,19.001,6,6,0.000,0.000,0.000
594.903,SUCCESS,4.501,4.719,19.001,6,6,0.000,0.000,0.000
595.003,SUCCESS,4.501,4.719,19.001,6,6,0.000,0.000,0.000
595.103,SUCCESS,4.501,4.720,19.001,6,6,0.000,0.000,0.000
595.203,SUCCESS,4.501,4.720,19.001,6,6,0.000,0.000,0.000
595.303,SUCCESS,4.500,4.721,19.001,6,6,0.000,0.000,0.000
595.404,SUCCESS,4.500,4.720,19.001,6,6,0.000,0.000,0.000
595.503,SUCCESS,4.500,4.720,19.001,6,6,0.000,0.000,0.000
595.604,SUCCESS,4.500,4.721,19.001,6,6,0.000,0.000,0.000
595.703,SUCCESS,4.500,4.721,19.001,6,6,0.000,0.000,0.000
595.803,SUCCESS,4.500,4.721,19.001,6,6,0.000,0.000,0.000
595.903,SUCCESS,4.500,4.721,19.001,6,6,0.000,0.000,0.000
596.003,SUCCESS,4.500,4.721,19.001,6,6,0.000,0.000,0.000
596.103,SUCCESS,4.500,4.721,19.001,6,6,0.000,0.000,0.000
596.203,SUCCESS,4.500,4.721,19.001,6,6,0.000,0.000,0.000
596.303,SUCCESS,4.500,4.721,19.001,6,6,0.000,0.000,0.000
596.403,SUCCESS,4.500,4.722,19.001,6,6,0.000,0.000,0.000
596.503,SUCCESS,4.500,4.722,19.001,6,6,0.000,0.000,0.000
596.603,SUCCESS,4.499,4.723,19.001,6,6,0.000,0.000,0.000
596.703,SUCCESS,4.499,4.723,19.001,6,6,0.000,0.000,0.000
596.803,SUCCESS,4.499,4.723,19.001,6,6,0.000,0.000,0.000
596.903,SUCCESS,4.499,4.723,19.001,6,6,0.000,0.000,0.000
597.003,SUCCESS,4.499,4.724,19.001,6,6,0.000,0.000,0.000
597.103,SUCCESS,4.498,4.724,19.001,6,6,0.000,0.000,0.000
597.203,SUCCESS,4.498,4.724,19.001,6,6,0.000,0.000,0.000
597.303,SUCCESS,4.498,4.724,19.001,6,6,0.000,0.000,0.000
597.403,SUCCESS,4.498,4.724,19.001,6,6,0.000,0.000,0.000
597.503,SUCCESS,4.498,4.725,19.001,6,6,0.000,0.000,0.000
597.603,SUCCESS,4.498,4.725,19.001,6,6,0.000,0.000,0.000
597.703,SUCCESS,4.498,4.724,19.001,6,6,0.000,0.000,0.000
597.803,SUCCESS,4.498,4.724,19.001,6,6,0.000,0.000,0.000
597.903,SUCCESS,4.498,4.724,19.001,6,6,0.000,0.000,0.000
598.003,SUCCESS,4.498,4.725,19.001,6,6,0.000,0.000,0.000
598.103,SUCCESS,4.498,4.725,19.001,6,6,0.000,0.000,0.000
598.203,SUCCESS,4.498,4.725,19.001,6,6,0.000,0.000,0.000
598.303,SUCCESS,4.498,4.724,19.001,6,6,0.000,0.000,0.000
598.403,SUCCESS,4.498,4.724,19.001,6,6,0.000,0.000,0.000
598.503,SUCCESS,4.498,4.724,19.001,6,6,0.000,0.000,0.000
598.603,SUCCESS,4.498,4.724,19.001,6,6,0.000,0.000,0.000
598.703,SUCCESS,4.498,4.724,19.001,6,6,0.000,0.000,0.000
598.803,SUCCESS,4.499,4.723,19.001,6,6,0.000,0.000,0.000
598.903,SUCCESS,4.499,4.723,19.001,6,6,0.000,0.000,0.000
599.003,SUCCESS,4.499,4.723,19.001,6,6,0.000,0.000,0.000
599.103,SUCCESS,4.499,4.723,19.001,6,6,0.000,0.000,0.000
599.203,SUCCESS,4.499,4.723,19.001,6,6,0.000,0.000,0.000
599.303,SUCCESS,4.499,4.723,19.001,6,6,0.000,0.000,0.000
599.404,SUCCESS,4.499,4.723,19.001,6,6,0.000,0.000,0.000
599.503,SUCCESS,4.499,4.723,19.001,6,6,0.000,0.000,0.000
599.603,SUCCESS,4.499,4.722,19.001,6,6,0.000,0.000,0.000
599.703,SUCCESS,4.500,4.722,19.001,6,6,0.000,0.000,0.000
599.803,SUCCESS,4.500,4.721,19.001,6,6,0.000,0.000,0.000
599.903,SUCCESS,4.500,4.721,19.001,6,6,0.000,0.000,0.000
600.003,SUCCESS,4.500,4.721,19.001,6,6,0.000,0.000,0.000
600.103,SUCCESS,4.501,4.720,19.001,6,6,0.000,0.000,0.000
600.203,SUCCESS,4.501,4.720,19.001,6,6,0.000,0.000,0.000
600.303,SUCCESS,4.501,4.720,19.001,6,6,0.000,0.000,0.000
600.403,SUCCESS,4.501,4.720,19.001,6,6,0.000,0.000,0.000
600.503,SUCCESS,4.501,4.720,19.001,6,6,0.000,0.000,0.000
600.603,SUCCESS,4.500,4.721,19.001,6,6,0.000,0.000,0.000
600.703,SUCCESS,4.500,4.721,19.001,6,6,0.000,0.000,0.000
600.803,SUCCESS,4.500,4.721,19.001,6,6,0.000,0.000,0.000
600.903,SUCCESS,4.500,4.721,19.001,6,6,0.000,0.000,0.000
601.003,SUCCESS,4.500,4.721,19.001,6,6,0.000,0.000,0.000
601.103,SUCCESS,4.500,4.721,19.001,6,6,0.000,0.000,0.000
601.203,SUCCESS,4.500,4.721,19.001,6,6,0.000,0.000,0.000
601.303,SUCCESS,4.500,4.721,19.001,6,6,0.000,0.000,0.000
601.403,SUCCESS,4.500,4.721,19.001,6,6,0.000,0.000,0.000
601.503,SUCCESS,4.501,4.721,19.001,6,6,0.000,0.000,0.000
601.603,SUCCESS,4.500,4.720,19.001,6,6,0.000,0.000,0.000
601.703,SUCCESS,4.500,4.719,19.001,6,6,0.000,0.000,0.000
601.803,SUCCESS,4.499,4.718,19.001,6,6,0.000,0.000,0.000
601.903,SUCCESS,4.499,4.718,19.001,6,6,0.000,0.000,0.000
602.003,SUCCESS,4.500,4.718,19.001,6,6,0.000,0.000,0.000
602.103,SUCCESS,4.500,4.717,19.001,6,6,0.000,0.000,0.000
602.203,SUCCESS,4.500,4.717,19.001,6,6,0.000,0.000,0.000
602.303,SUCCESS,4.500,4.717,19.001,6,6,0.000,0.000,0.000
602.403,SUCCESS,4.500,4.717,19.001,6,6,0.000,0.000,0.000
602.503,SUCCESS,4.500,4.717,19.001,6,6,0.000,0.000,0.000
602.603,SUCCESS,4.500,4.717,19.001,6,6,0.000,0.000,0.000
602.703,SUCCESS,4.500,4.717,19.001,6,6,0.000,0.000,0.000
602.803,SUCCESS,4.500,4.717,19.001,6,6,0.000,0.000,0.000
602.903,SUCCESS,4.500,4.717,19.001,6,6,0.000,0.000,0.000
603.003,SUCCESS,4.500,4.717,19.001,6,6,0.000,0.000,0.000
603.103,SUCCESS,4.500,4.717,19.001,6,6,0.000,0.000,0.000
603.203,SUCCESS,4.500,4.717,19.001,6,6,0.000,0.000,0.000
603.303,SUCCESS,4.500,4.717,19.001,6,6,0.000,0.000,0.000
603.403,SUCCESS,4.500,4.717,19.001,6,6,0.000,0.000,0.000
603.503,SUCCESS,4.500,4.717,19.001,6,6,0.000,0.000,0.000
603.603,SUCCESS,4.500,4.718,19.001,6,6,0.000,0.000,0.000
603.703,SUCCESS,4.500,4.718,19.001,6,6,0.000,0.000,0.000
603.803,SUCCESS,4.500,4.718,19.001,6,6,0.000,0.000,0.000
603.903,SUCCESS,4.500,4.718,19.001,6,6,0.000,0.000,0.000
604.004,SUCCESS,4.500,4.717,19.001,6,6,0.000,0.000,0.000
604.103,SUCCESS,4.500,4.717,19.001,6,6,0.000,0.000,0.000
604.203,SUCCESS,4.500,4.717,19.001,6,6,0.000,0.000,0.000
604.303,SUCCESS,4.500,4.717,19.001,6,6,0.000,0.000,0.000
604.403,SUCCESS,4.500,4.717,19.001,6,6,0.000,0.000,0.000
604.503,SUCCESS,4.500,4.717,19.001,6,6,0.000,0.000,0.000
604.603,SUCCESS,4.500,4.718,19.001,6,6,0.000,0.000,0.000
604.703,SUCCESS,4.499,4.719,19.001,6,6,0.000,0.000,0.000
604.803,SUCCESS,4.499,4.719,19.001,6,6,0.000,0.000,0.000
604.903,SUCCESS,4.499,4.719,19.001,6,6,0.000,0.000,0.000
605.003,SUCCESS,4.499,4.719,19.001,6,6,0.000,0.000,0.000
605.103,SUCCESS,4.499,4.719,19.001,6,6,0.000,0.000,0.000
605.203,SUCCESS,4.499,4.719,19.001,6,6,0.000,0.000,0.000
605.303,SUCCESS,4.498,4.719,19.001,6,6,0.000,0.000,0.000
605.403,SUCCESS,4.498,4.719,19.001,6,6,0.000,0.000,0.000
605.503,SUCCESS,4.498,4.719,19.001,6,6,0.000,0.000,0.000
605.603,SUCCESS,4.498,4.719,19.001,6,6,0.000,0.000,0.000
605.703,SUCCESS,4.499,4.718,19.001,6,6,0.000,0.000,0.000
605.803,SUCCESS,4.499,4.718,19.001,6,6,0.000,0.000,0.000
605.903,SUCCESS,4.499,4.718,19.001,6,6,0.000,0.000,0.000
606.004,SUCCESS,4.499,4.718,19.001,6,6,0.000,0.000,0.000
606.103,SUCCESS,4.499,4.718,19.001,6,6,0.000,0.000,0.000
606.203,SUCCESS,4.499,4.718,19.001,6,6,0.000,0.000,0.000
606.303,SUCCESS,4.498,4.718,19.001,6,6,0.000,0.000,0.000
606.403,SUCCESS,4.498,4.718,19.001,6,6,0.000,0.000,0.000
606.503,SUCCESS,4.498,4.719,19.001,6,6,0.000,0.000,0.000
606.603,SUCCESS,4.498,4.719,19.001,6,6,0.000,0.000,0.000
606.703,SUCCESS,4.498,4.719,19.001,6,6,0.000,0.000,0.000
606.803,SUCCESS,4.498,4.718,19.001,6,6,0.000,0.000,0.000
606.903,SUCCESS,4.498,4.718,19.001,6,6,0.000,0.000,0.000
607.003,SUCCESS,4.499,4.718,19.001,6,6,0.000,0.000,0.000
607.103,SUCCESS,4.499,4.718,19.001,6,6,0.000,0.000,0.000
607.203,SUCCESS,4.499,4.718,19.001,6,6,0.000,0.000,0.000
607.303,SUCCESS,4.499,4.717,19.001,6,6,0.000,0.000,0.000
607.403,SUCCESS,4.500,4.717,19.001,6,6,0.000,0.000,0.000
607.503,SUCCESS,4.500,4.716,19.001,6,6,0.000,0.000,0.000
607.604,SUCCESS,4.500,4.716,19.001,6,6,0.000,0.000,0.000
607.703,SUCCESS,4.500,4.716,19.001,6,6,0.000,0.000,0.000
607.803,SUCCESS,4.500,4.716,19.001,6,6,0.000,0.000,0.000
607.903,SUCCESS,4.501,4.715,19.001,6,6,0.000,0.000,0.000
608.003,SUCCESS,4.501,4.715,19.001,6,6,0.000,0.000,0.000
608.103,SUCCESS,4.501,4.715,19.001,6,6,0.000,0.000,0.000
608.203,SUCCESS,4.501,4.715,19.001,6,6,0.000,0.000,0.000
608.303,SUCCESS,4.501,4.715,19.001,6,6,0.000,0.000,0.000
608.403,SUCCESS,4.501,4.715,19.001,6,6,0.000,0.000,0.000
608.503,SUCCESS,4.501,4.715,19.001,6,6,0.000,0.000,0.000
608.603,SUCCESS,4.501,4.715,19.001,6,6,0.000,0.000,0.000
608.703,SUCCESS,4.501,4.714,19.001,6,6,0.000,0.000,0.000
608.803,SUCCESS,4.502,4.714,19.001,6,6,0.000,0.000,0.000
608.903,SUCCESS,4.502,4.715,19.001,6,6,0.000,0.000,0.000
609.003,SUCCESS,4.502,4.714,19.001,6,6,0.000,0.000,0.000
609.103,SUCCESS,4.502,4.714,19.001,6,6,0.000,0.000,0.000
609.203,SUCCESS,4.502,4.714,19.001,6,6,0.000,0.000,0.000
609.304,SUCCESS,4.502,4.715,19.001,6,6,0.000,0.000,0.000
609.403,SUCCESS,4.502,4.715,19.001,6,6,0.000,0.000,0.000
609.503,SUCCESS,4.502,4.714,19.001,6,6,0.000,0.000,0.000
609.603,SUCCESS,4.502,4.714,19.001,6,6,0.000,0.000,0.000
609.703,SUCCESS,4.502,4.714,19.001,6,6,0.000,0.000,0.000
609.803,SUCCESS,4.502,4.715,19.001,6,6,0.000,0.000,0.000
609.903,SUCCESS,4.502,4.714,19.001,6,6,0.000,0.000,0.000
610.003,SUCCESS,4.502,4.714,19.001,6,6,0.000,0.000,0.000
610.103,SUCCESS,4.502,4.714,19.001,6,6,0.000,0.000,0.000
610.203,SUCCESS,4.502,4.714,19.001,6,6,0.000,0.000,0.000
610.303,SUCCESS,4.502,4.714,19.001,6,6,0.000,0.000,0.000
610.403,SUCCESS,4.502,4.715,19.001,6,6,0.000,0.000,0.000
610.503,SUCCESS,4.502,4.715,19.001,6,6,0.000,0.000,0.000
610.603,SUCCESS,4.502,4.715,19.001,6,6,0.000,0.000,0.000
610.705,SUCCESS,4.501,4.716,19.001,6,6,0.000,0.000,0.000
610.803,SUCCESS,4.501,4.716,19.001,6,6,0.000,0.000,0.000
610.903,SUCCESS,4.501,4.716,19.001,6,6,0.000,0.000,0.000
611.003,SUCCESS,4.501,4.716,19.001,6,6,0.000,0.000,0.000
611.103,SUCCESS,4.501,4.716,19.001,6,6,0.000,0.000,0.000
611.203,SUCCESS,4.501,4.716,19.001,6,6,0.000,0.000,0.000
611.303,SUCCESS,4.501,4.715,19.001,6,6,0.000,0.000,0.000
611.403,SUCCESS,4.502,4.715,19.001,6,6,0.000,0.000,0.000
611.503,SUCCESS,4.502,4.715,19.001,6,6,0.000,0.000,0.000
611.603,SUCCESS,4.502,4.715,19.001,6,6,0.000,0.000,0.000
611.703,SUCCESS,4.502,4.715,19.001,6,6,0.000,0.000,0.000
611.803,SUCCESS,4.501,4.715,19.001,6,6,0.000,0.000,0.000
611.903,SUCCESS,4.502,4.715,19.001,6,6,0.000,0.000,0.000
612.003,SUCCESS,4.502,4.715,19.001,6,6,0.000,0.000,0.000
612.103,SUCCESS,4.502,4.715,19.001,6,6,0.000,0.000,0.000
612.203,SUCCESS,4.502,4.715,19.001,6,6,0.000,0.000,0.000
612.303,SUCCESS,4.502,4.715,19.001,6,6,0.000,0.000,0.000
612.403,SUCCESS,4.502,4.715,19.001,6,6,0.000,0.000,0.000
612.503,SUCCESS,4.502,4.715,19.001,6,6,0.000,0.000,0.000
612.603,SUCCESS,4.502,4.714,19.001,6,6,0.000,0.000,0.000
612.703,SUCCESS,4.502,4.714,19.001,6,6,0.000,0.000,0.000
612.803,SUCCESS,4.503,4.714,19.001,6,6,0.000,0.000,0.000
612.903,SUCCESS,4.503,4.714,19.001,6,6,0.000,0.000,0.000
613.003,SUCCESS,4.503,4.714,19.001,6,6,0.000,0.000,0.000
613.103,SUCCESS,4.503,4.714,19.001,6,6,0.000,0.000,0.000
613.203,SUCCESS,4.503,4.714,19.001,6,6,0.000,0.000,0.000
613.303,SUCCESS,4.503,4.714,19.001,6,6,0.000,0.000,0.000
613.403,SUCCESS,4.503,4.714,19.001,6,6,0.000,0.000,0.000
613.503,SUCCESS,4.503,4.715,19.001,6,6,0.000,0.000,0.000
613.603,SUCCESS,4.503,4.715,19.001,6,6,0.000,0.000,0.000
613.703,SUCCESS,4.502,4.715,19.001,6,6,0.000,0.000,0.000
613.803,SUCCESS,4.503,4.715,19.001,6,6,0.000,0.000,0.000
613.903,SUCCESS,4.503,4.715,19.001,6,6,0.000,0.000,0.000
614.003,SUCCESS,4.503,4.715,19.001,6,6,0.000,0.000,0.000
614.103,SUCCESS,4.503,4.715,19.001,6,6,0.000,0.000,0.000
614.203,SUCCESS,4.503,4.715,19.001,6,6,0.000,0.000,0.000
614.303,SUCCESS,4.503,4.715,19.001,6,6,0.000,0.000,0.000
614.403,SUCCESS,4.503,4.715,19.001,6,6,0.000,0.000,0.000
614.503,SUCCESS,4.503,4.715,19.001,6,6,0.000,0.000,0.000
614.603,SUCCESS,4.503,4.716,19.001,6,6,0.000,0.000,0.000
614.703,SUCCESS,4.503,4.716,19.001,6,6,0.000,0.000,0.000
614.803,SUCCESS,4.503,4.715,19.001,6,6,0.000,0.000,0.000
614.903,SUCCESS,4.503,4.715,19.001,6,6,0.000,0.000,0.000
615.003,SUCCESS,4.503,4.715,19.001,6,6,0.000,0.000,0.000
615.103,SUCCESS,4.503,4.715,19.001,6,6,0.000,0.000,0.000
615.203,SUCCESS,4.503,4.714,19.001,6,6,0.000,0.000,0.000
615.303,SUCCESS,4.504,4.714,19.001,6,6,0.000,0.000,0.000
615.403,SUCCESS,4.504,4.714,19.001,6,6,0.000,0.000,0.000
615.503,SUCCESS,4.503,4.714,19.001,6,6,0.000,0.000,0.000
615.603,SUCCESS,4.503,4.714,19.001,6,6,0.000,0.000,0.000
615.703,SUCCESS,4.503,4.714,19.001,6,6,0.000,0.000,0.000
615.803,SUCCESS,4.503,4.714,19.001,6,6,0.000,0.000,0.000
615.903,SUCCESS,4.503,4.714,19.001,6,6,0.000,0.000,0.000
616.003,SUCCESS,4.504,4.714,19.001,6,6,0.000,0.000,0.000
616.103,SUCCESS,4.503,4.714,19.001,6,6,0.000,0.000,0.000
616.203,SUCCESS,4.503,4.714,19.001,6,6,0.000,0.000,0.000
616.303,SUCCESS,4.503,4.715,19.001,6,6,0.000,0.000,0.000
616.403,SUCCESS,4.503,4.714,19.001,6,6,0.000,0.000,0.000
616.503,SUCCESS,4.503,4.715,19.001,6,6,0.000,0.000,0.000
616.603,SUCCESS,4.503,4.715,19.001,6,6,0.000,0.000,0.000
616.703,SUCCESS,4.503,4.715,19.001,6,6,0.000,0.000,0.000
616.803,SUCCESS,4.503,4.715,19.001,6,6,0.000,0.000,0.000
616.903,SUCCESS,4.503,4.715,19.001,6,6,0.000,0.000,0.000
617.003,SUCCESS,4.503,4.715,19.001,6,6,0.000,0.000,0.000
617.103,SUCCESS,4.503,4.714,19.001,6,6,0.000,0.000,0.000
617.203,SUCCESS,4.503,4.714,19.001,6,6,0.000,0.000,0.000
617.303,SUCCESS,4.503,4.714,19.001,6,6,0.000,0.000,0.000
617.404,SUCCESS,4.503,4.714,19.001,6,6,0.000,0.000,0.000
617.503,SUCCESS,4.503,4.714,19.001,6,6,0.000,0.000,0.000
617.603,SUCCESS,4.503,4.715,19.001,6,6,0.000,0.000,0.000
617.703,SUCCESS,4.503,4.715,19.001,6,6,0.000,0.000,0.000
617.803,SUCCESS,4.503,4.715,19.001,6,6,0.000,0.000,0.000
617.903,SUCCESS,4.503,4.715,19.001,6,6,0.000,0.000,0.000
618.003,SUCCESS,4.503,4.715,19.001,6,6,0.000,0.000,0.000
618.103,SUCCESS,4.503,4.715,19.001,6,6,0.000,0.000,0.000
618.203,SUCCESS,4.502,4.715,19.001,6,6,0.000,0.000,0.000
618.303,SUCCESS,4.502,4.716,19.001,6,6,0.000,0.000,0.000
618.403,SUCCESS,4.502,4.716,19.001,6,6,0.000,0.000,0.000
618.503,SUCCESS,4.502,4.717,19.001,6,6,0.000,0.000,0.000
618.603,SUCCESS,4.501,4.717,19.001,6,6,0.000,0.000,0.000
618.703,SUCCESS,4.501,4.717,19.001,6,6,0.000,0.000,0.000
618.803,SUCCESS,4.501,4.717,19.001,6,6,0.000,0.000,0.000
618.903,SUCCESS,4.501,4.717,19.001,6,6,0.000,0.000,0.000
619.003,SUCCESS,4.501,4.716,19.001,6,6,0.000,0.000,0.000
619.103,SUCCESS,4.502,4.716,19.001,6,6,0.000,0.000,0.000
619.203,SUCCESS,4.502,4.717,19.001,6,6,0.000,0.000,0.000
619.303,SUCCESS,4.502,4.717,19.001,6,6,0.000,0.000,0.000
619.403,SUCCESS,4.501,4.717,19.001,6,6,0.000,0.000,0.000
619.503,SUCCESS,4.501,4.718,19.001,6,6,0.000,0.000,0.000
619.603,SUCCESS,4.501,4.718,19.001,6,6,0.000,0.000,0.000
619.704,SUCCESS,4.501,4.718,19.001,6,6,0.000,0.000,0.000
619.803,SUCCESS,4.501,4.718,19.001,6,6,0.000,0.000,0.000
619.903,SUCCESS,4.501,4.717,19.001,6,6,0.000,0.000,0.000
620.003,SUCCESS,4.502,4.717,19.001,6,6,0.000,0.000,0.000
620.103,SUCCESS,4.502,4.717,19.001,6,6,0.000,0.000,0.000
620.203,SUCCESS,4.502,4.717,19.001,6,6,0.000,0.000,0.000
620.303,SUCCESS,4.502,4.717,19.001,6,6,0.000,0.000,0.000
620.403,SUCCESS,4.502,4.717,19.001,6,6,0.000,0.000,0.000
620.504,SUCCESS,4.502,4.717,19.001,6,6,0.000,0.000,0.000
620.603,SUCCESS,4.502,4.717,19.001,6,6,0.000,0.000,0.000
620.703,SUCCESS,4.502,4.716,19.001,6,6,0.000,0.000,0.000
620.803,SUCCESS,4.502,4.716,19.001,6,6,0.000,0.000,0.000
620.903,SUCCESS,4.503,4.716,19.001,6,6,0.000,0.000,0.000
621.003,SUCCESS,4.503,4.716,19.001,6,6,0.000,0.000,0.000
621.103,SUCCESS,4.503,4.716,19.001,6,6,0.000,0.000,0.000
621.203,SUCCESS,4.502,4.716,19.001,6,6,0.000,0.000,0.000
621.303,SUCCESS,4.502,4.716,19.001,6,6,0.000,0.000,0.000
621.403,SUCCESS,4.503,4.716,19.001,6,6,0.000,0.000,0.000
621.503,SUCCESS,4.503,4.716,19.001,6,6,0.000,0.000,0.000
621.603,SUCCESS,4.503,4.715,19.001,6,6,0.000,0.000,0.000
621.703,SUCCESS,4.503,4.715,19.001,6,6,0.000,0.000,0.000
621.803,SUCCESS,4.503,4.716,19.001,6,6,0.000,0.000,0.000
621.903,SUCCESS,4.503,4.716,19.001,6,6,0.000,0.000,0.000
622.003,SUCCESS,4.503,4.716,19.001,6,6,0.000,0.000,0.000
622.103,SUCCESS,4.503,4.715,19.001,6,6,0.000,0.000,0.000
622.203,SUCCESS,4.503,4.715,19.001,6,6,0.000,0.000,0.000
622.303,SUCCESS,4.504,4.715,19.001,6,6,0.000,0.000,0.000
622.403,SUCCESS,4.504,4.715,19.001,6,6,0.000,0.000,0.000
622.503,SUCCESS,4.504,4.714,19.001,6,6,0.000,0.000,0.000
622.603,SUCCESS,4.504,4.714,19.001,6,6,0.000,0.000,0.000
622.703,SUCCESS,4.504,4.715,19.001,6,6,0.000,0.000,0.000
622.803,SUCCESS,4.504,4.715,19.001,6,6,0.000,0.000,0.000
622.903,SUCCESS,4.503,4.715,19.001,6,6,0.000,0.000,0.000
623.003,SUCCESS,4.503,4.716,19.001,6,6,0.000,0.000,0.000
623.103,SUCCESS,4.503,4.716,19.001,6,6,0.000,0.000,0.000
623.203,SUCCESS,4.503,4.716,19.001,6,6,0.000,0.000,0.000
623.303,SUCCESS,4.503,4.716,19.001,6,6,0.000,0.000,0.000
623.403,SUCCESS,4.502,4.716,19.001,6,6,0.000,0.000,0.000
623.503,SUCCESS,4.502,4.717,19.001,6,6,0.000,0.000,0.000
623.603,SUCCESS,4.502,4.717,19.001,6,6,0.000,0.000,0.000
623.703,SUCCESS,4.502,4.717,19.001,6,6,0.000,0.000,0.000
623.803,SUCCESS,4.502,4.717,19.001,6,6,0.000,0.000,0.000
623.903,SUCCESS,4.502,4.717,19.001,6,6,0.000,0.000,0.000
624.003,SUCCESS,4.502,4.717,19.001,6,6,0.000,0.000,0.000
624.103,SUCCESS,4.502,4.717,19.001,6,6,0.000,0.000,0.000
624.203,SUCCESS,4.502,4.717,19.001,6,6,0.000,0.000,0.000
624.303,SUCCESS,4.502,4.717,19.001,6,6,0.000,0.000,0.000
624.403,SUCCESS,4.502,4.717,19.001,6,6,0.000,0.000,0.000
624.503,SUCCESS,4.502,4.716,19.001,6,6,0.000,0.000,0.000
624.604,SUCCESS,4.503,4.716,19.001,6,6,0.000,0.000,0.000
624.703,SUCCESS,4.503,4.716,19.001,6,6,0.000,0.000,0.000
624.803,SUCCESS,4.503,4.715,19.001,6,6,0.000,0.000,0.000
624.903,SUCCESS,4.503,4.715,19.001,6,6,0.000,0.000,0.000
625.003,SUCCESS,4.503,4.715,19.001,6,6,0.000,0.000,0.000
625.103,SUCCESS,4.503,4.715,19.001,6,6,0.000,0.000,0.000
625.203,SUCCESS,4.503,4.715,19.001,6,6,0.000,0.000,0.000
625.303,SUCCESS,4.503,4.715,19.001,6,6,0.000,0.000,0.000
625.403,SUCCESS,4.503,4.715,19.001,6,6,0.000,0.000,0.000
625.503,SUCCESS,4.503,4.715,19.001,6,6,0.000,0.000,0.000
625.603,SUCCESS,4.503,4.715,19.001,6,6,0.000,0.000,0.000
625.703,SUCCESS,4.503,4.715,19.001,6,6,0.000,0.000,0.000
625.803,SUCCESS,4.503,4.715,19.001,6,6,0.000,0.000,0.000
625.903,SUCCESS,4.503,4.715,19.001,6,6,0.000,0.000,0.000
626.004,SUCCESS,4.503,4.715,19.001,6,6,0.000,0.000,0.000
626.103,SUCCESS,4.503,4.715,19.001,6,6,0.000,0.000,0.000
626.203,SUCCESS,4.502,4.715,19.001,6,6,0.000,0.000,0.000
626.303,SUCCESS,4.502,4.715,19.001,6,6,0.000,0.000,0.000
626.403,SUCCESS,4.502,4.715,19.001,6,6,0.000,0.000,0.000
626.503,SUCCESS,4.502,4.715,19.001,6,6,0.000,0.000,0.000
626.603,SUCCESS,4.502,4.715,19.001,6,6,0.000,0.000,0.000
626.703,SUCCESS,4.502,4.715,19.001,6,6,0.000,0.000,0.000
626.803,SUCCESS,4.502,4.715,19.001,6,6,0.000,0.000,0.000
626.903,SUCCESS,4.502,4.715,19.001,6,6,0.000,0.000,0.000
627.003,SUCCESS,4.503,4.715,19.001,6,6,0.000,0.000,0.000
627.103,SUCCESS,4.503,4.714,19.001,6,6,0.000,0.000,0.000
627.203,SUCCESS,4.503,4.714,19.001,6,6,0.000,0.000,0.000
627.303,SUCCESS,4.504,4.714,19.001,6,6,0.000,0.000,0.000
627.403,SUCCESS,4.504,4.713,19.001,6,6,0.000,0.000,0.000
627.503,SUCCESS,4.504,4.713,19.001,6,6,0.000,0.000,0.000
627.603,SUCCESS,4.504,4.713,19.001,6,6,0.000,0.000,0.000
627.703,SUCCESS,4.504,4.713,19.001,6,6,0.000,0.000,0.000
627.803,SUCCESS,4.503,4.714,19.001,6,6,0.000,0.000,0.000
627.903,SUCCESS,4.503,4.714,19.001,6,6,0.000,0.000,0.000
628.003,SUCCESS,4.503,4.714,19.001,6,6,0.000,0.000,0.000
628.103,SUCCESS,4.503,4.714,19.001,6,6,0.000,0.000,0.000
628.203,SUCCESS,4.503,4.714,19.001,6,6,0.000,0.000,0.000
628.303,SUCCESS,4.503,4.714,19.001,6,6,0.000,0.000,0.000
628.403,SUCCESS,4.503,4.715,19.001,6,6,0.000,0.000,0.000
628.503,SUCCESS,4.503,4.715,19.001,6,6,0.000,0.000,0.000
628.603,SUCCESS,4.502,4.716,19.001,6,6,0.000,0.000,0.000
628.703,SUCCESS,4.502,4.716,19.001,6,6,0.000,0.000,0.000
628.803,SUCCESS,4.502,4.716,19.001,6,6,0.000,0.000,0.000
628.903,SUCCESS,4.502,4.716,19.001,6,6,0.000,0.000,0.000
629.003,SUCCESS,4.503,4.716,19.001,6,6,0.000,0.000,0.000
629.103,SUCCESS,4.503,4.716,19.001,6,6,0.000,0.000,0.000
629.203,SUCCESS,4.503,4.716,19.001,6,6,0.000,0.000,0.000
629.303,SUCCESS,4.503,4.715,19.001,6,6,0.000,0.000,0.000
629.403,SUCCESS,4.503,4.716,19.001,6,6,0.000,0.000,0.000
629.503,SUCCESS,4.502,4.716,19.001,6,6,0.000,0.000,0.000
629.603,SUCCESS,4.502,4.716,19.001,6,6,0.000,0.000,0.000
629.703,SUCCESS,4.502,4.716,19.001,6,6,0.000,0.000,0.000
629.803,SUCCESS,4.502,4.716,19.001,6,6,0.000,0.000,0.000
629.903,SUCCESS,4.503,4.715,19.001,6,6,0.000,0.000,0.000
630.003,SUCCESS,4.502,4.715,19.001,6,6,0.000,0.000,0.000
630.103,SUCCESS,4.502,4.716,19.001,6,6,0.000,0.000,0.000
630.203,SUCCESS,4.502,4.716,19.001,6,6,0.000,0.000,0.000
630.303,SUCCESS,4.502,4.716,19.001,6,6,0.000,0.000,0.000
630.404,SUCCESS,4.502,4.716,19.001,6,6,0.000,0.000,0.000
630.503,SUCCESS,4.502,4.716,19.001,6,6,0.000,0.000,0.000
630.603,SUCCESS,4.502,4.716,19.001,6,6,0.000,0.000,0.000
630.703,SUCCESS,4.502,4.716,19.001,6,6,0.000,0.000,0.000
630.803,SUCCESS,4.502,4.716,19.001,6,6,0.000,0.000,0.000
630.903,SUCCESS,4.502,4.716,19.001,6,6,0.000,0.000,0.000
631.003,SUCCESS,4.501,4.716,19.001,6,6,0.000,0.000,0.000
631.103,SUCCESS,4.501,4.716,19.001,6,6,0.000,0.000,0.000
631.203,SUCCESS,4.502,4.716,19.001,6,6,0.000,0.000,0.000
631.303,SUCCESS,4.502,4.716,19.001,6,6,0.000,0.000,0.000
631.404,SUCCESS,4.502,4.716,19.001,6,6,0.000,0.000,0.000
631.503,SUCCESS,4.502,4.716,19.001,6,6,0.000,0.000,0.000
631.603,SUCCESS,4.502,4.716,19.001,6,6,0.000,0.000,0.000
631.703,SUCCESS,4.502,4.716,19.001,6,6,0.000,0.000,0.000
631.803,SUCCESS,4.502,4.716,19.001,6,6,0.000,0.000,0.000
631.903,SUCCESS,4.502,4.716,19.001,6,6,0.000,0.000,0.000
632.003,SUCCESS,4.502,4.716,19.001,6,6,0.000,0.000,0.000
632.103,SUCCESS,4.501,4.716,19.001,6,6,0.000,0.000,0.000
632.203,SUCCESS,4.501,4.716,19.001,6,6,0.000,0.000,0.000
632.303,SUCCESS,4.502,4.715,19.001,6,6,0.000,0.000,0.000
632.403,SUCCESS,4.502,4.715,19.001,6,6,0.000,0.000,0.000
632.503,SUCCESS,4.502,4.715,19.001,6,6,0.000,0.000,0.000
632.603,SUCCESS,4.502,4.715,19.001,6,6,0.000,0.000,0.000
632.703,SUCCESS,4.502,4.716,19.001,6,6,0.000,0.000,0.000
632.803,SUCCESS,4.501,4.716,19.001,6,6,0.000,0.000,0.000
632.904,SUCCESS,4.501,4.716,19.001,6,6,0.000,0.000,0.000
633.003,SUCCESS,4.501,4.716,19.001,6,6,0.000,0.000,0.000
633.103,SUCCESS,4.501,4.716,19.001,6,6,0.000,0.000,0.000
633.204,SUCCESS,4.501,4.716,19.001,6,6,0.000,0.000,0.000
633.303,SUCCESS,4.501,4.716,19.001,6,6,0.000,0.000,0.000
633.403,SUCCESS,4.500,4.717,19.001,6,6,0.000,0.000,0.000
633.503,SUCCESS,4.500,4.717,19.001,6,6,0.000,0.000,0.000
633.603,SUCCESS,4.500,4.717,19.001,6,6,0.000,0.000,0.000
633.703,SUCCESS,4.500,4.717,19.001,6,6,0.000,0.000,0.000
633.803,SUCCESS,4.500,4.717,19.001,6,6,0.000,0.000,0.000
633.903,SUCCESS,4.500,4.716,19.001,6,6,0.000,0.000,0.000
634.003,SUCCESS,4.501,4.716,19.001,6,6,0.000,0.000,0.000
634.103,SUCCESS,4.501,4.716,19.001,6,6,0.000,0.000,0.000
634.203,SUCCESS,4.501,4.716,19.001,6,6,0.000,0.000,0.000
634.303,SUCCESS,4.501,4.715,19.001,6,6,0.000,0.000,0.000
634.403,SUCCESS,4.501,4.715,19.001,6,6,0.000,0.000,0.000
634.503,SUCCESS,4.501,4.716,19.001,6,6,0.000,0.000,0.000
634.603,SUCCESS,4.501,4.715,19.001,6,6,0.000,0.000,0.000
634.703,SUCCESS,4.501,4.715,19.001,6,6,0.000,0.000,0.000
634.803,SUCCESS,4.502,4.714,19.001,6,6,0.000,0.000,0.000
634.903,SUCCESS,4.502,4.715,19.001,6,6,0.000,0.000,0.000
635.003,SUCCESS,4.502,4.715,19.001,6,6,0.000,0.000,0.000
635.103,SUCCESS,4.502,4.714,19.001,6,6,0.000,0.000,0.000
635.203,SUCCESS,4.503,4.714,19.001,6,6,0.000,0.000,0.000
635.303,SUCCESS,4.503,4.714,19.001,6,6,0.000,0.000,0.000
635.403,SUCCESS,4.503,4.714,19.001,6,6,0.000,0.000,0.000
635.503,SUCCESS,4.503,4.714,19.001,6,6,0.000,0.000,0.000
635.603,SUCCESS,4.503,4.713,19.001,6,6,0.000,0.000,0.000
635.703,SUCCESS,4.503,4.714,19.001,6,6,0.000,0.000,0.000
635.803,SUCCESS,4.503,4.714,19.001,6,6,0.000,0.000,0.000
635.903,SUCCESS,4.503,4.714,19.001,6,6,0.000,0.000,0.000
636.003,SUCCESS,4.503,4.714,19.001,6,6,0.000,0.000,0.000
636.103,SUCCESS,4.503,4.714,19.001,6,6,0.000,0.000,0.000
636.203,SUCCESS,4.503,4.715,19.001,6,6,0.000,0.000,0.000
636.303,SUCCESS,4.503,4.715,19.001,6,6,0.000,0.000,0.000
636.403,SUCCESS,4.502,4.715,19.001,6,6,0.000,0.000,0.000
636.503,SUCCESS,4.502,4.715,19.001,6,6,0.000,0.000,0.000
636.603,SUCCESS,4.502,4.715,19.001,6,6,0.000,0.000,0.000
636.703,SUCCESS,4.502,4.715,19.001,6,6,0.000,0.000,0.000
636.803,SUCCESS,4.502,4.715,19.001,6,6,0.000,0.000,0.000
636.903,SUCCESS,4.502,4.715,19.001,6,6,0.000,0.000,0.000
637.003,SUCCESS,4.502,4.715,19.001,6,6,0.000,0.000,0.000
637.103,SUCCESS,4.502,4.715,19.001,6,6,0.000,0.000,0.000
637.203,SUCCESS,4.502,4.715,19.001,6,6,0.000,0.000,0.000
637.303,SUCCESS,4.502,4.715,19.001,6,6,0.000,0.000,0.000
637.403,SUCCESS,4.502,4.715,19.001,6,6,0.000,0.000,0.000
637.503,SUCCESS,4.502,4.714,19.001,6,6,0.000,0.000,0.000
637.603,SUCCESS,4.502,4.715,19.001,6,6,0.000,0.000,0.000
637.703,SUCCESS,4.502,4.715,19.001,6,6,0.000,0.000,0.000
637.803,SUCCESS,4.502,4.715,19.001,6,6,0.000,0.000,0.000
637.904,SUCCESS,4.501,4.715,19.001,6,6,0.000,0.000,0.000
638.003,SUCCESS,4.501,4.715,19.001,6,6,0.000,0.000,0.000
638.103,SUCCESS,4.501,4.715,19.001,6,6,0.000,0.000,0.000
638.203,SUCCESS,4.501,4.715,19.001,6,6,0.000,0.000,0.000
638.303,SUCCESS,4.501,4.715,19.001,6,6,0.000,0.000,0.000
638.403,SUCCESS,4.501,4.715,19.001,6,6,0.000,0.000,0.000
638.503,SUCCESS,4.501,4.715,19.001,6,6,0.000,0.000,0.000
638.603,SUCCESS,4.501,4.715,19.001,6,6,0.000,0.000,0.000
638.703,SUCCESS,4.501,4.715,19.001,6,6,0.000,0.000,0.000
638.803,SUCCESS,4.501,4.715,19.001,6,6,0.000,0.000,0.000
638.903,SUCCESS,4.501,4.715,19.001,6,6,0.000,0.000,0.000
639.003,SUCCESS,4.501,4.715,19.001,6,6,0.000,0.000,0.000
639.103,SUCCESS,4.501,4.715,19.001,6,6,0.000,0.000,0.000
639.203,SUCCESS,4.501,4.716,19.001,6,6,0.000,0.000,0.000
639.303,SUCCESS,4.501,4.715,19.001,6,6,0.000,0.000,0.000
639.403,SUCCESS,4.501,4.715,19.001,6,6,0.000,0.000,0.000
639.504,SUCCESS,4.501,4.715,19.001,6,6,0.000,0.000,0.000
639.603,SUCCESS,4.501,4.715,19.001,6,6,0.000,0.000,0.000
639.703,SUCCESS,4.502,4.715,19.001,6,6,0.000,0.000,0.000
639.805,SUCCESS,4.501,4.715,19.001,6,6,0.000,0.000,0.000
639.903,SUCCESS,4.501,4.715,19.001,6,6,0.000,0.000,0.000
640.003,SUCCESS,4.501,4.715,19.001,6,6,0.000,0.000,0.000
640.103,SUCCESS,4.501,4.716,19.001,6,6,0.000,0.000,0.000
640.203,SUCCESS,4.501,4.716,19.001,6,6,0.000,0.000,0.000
640.303,SUCCESS,4.501,4.715,19.001,6,6,0.000,0.000,0.000
640.403,SUCCESS,4.501,4.715,19.001,6,6,0.000,0.000,0.000
640.503,SUCCESS,4.501,4.715,19.001,6,6,0.000,0.000,0.000
640.603,SUCCESS,4.501,4.715,19.001,6,6,0.000,0.000,0.000
640.703,SUCCESS,4.501,4.715,19.001,6,6,0.000,0.000,0.000
640.803,SUCCESS,4.501,4.715,19.001,6,6,0.000,0.000,0.000
640.903,SUCCESS,4.501,4.715,19.001,6,6,0.000,0.000,0.000
641.003,SUCCESS,4.501,4.715,19.001,6,6,0.000,0.000,0.000
641.103,SUCCESS,4.500,4.715,19.001,6,6,0.000,0.000,0.000
641.203,SUCCESS,4.500,4.715,19.001,6,6,0.000,0.000,0.000
641.303,SUCCESS,4.500,4.716,19.001,6,6,0.000,0.000,0.000
641.403,SUCCESS,4.500,4.716,19.001,6,6,0.000,0.000,0.000
641.503,SUCCESS,4.500,4.716,19.001,6,6,0.000,0.000,0.000
641.603,SUCCESS,4.500,4.716,19.001,6,6,0.000,0.000,0.000
641.704,SUCCESS,4.500,4.715,19.001,6,6,0.000,0.000,0.000
641.803,SUCCESS,4.500,4.715,19.001,6,6,0.000,0.000,0.000
641.903,SUCCESS,4.500,4.716,19.001,6,6,0.000,0.000,0.000
642.003,SUCCESS,4.500,4.716,19.001,6,6,0.000,0.000,0.000
642.103,SUCCESS,4.499,4.716,19.001,6,6,0.000,0.000,0.000
642.203,SUCCESS,4.499,4.716,19.001,6,6,0.000,0.000,0.000
642.303,SUCCESS,4.499,4.716,19.001,6,6,0.000,0.000,0.000
642.403,SUCCESS,4.499,4.716,19.001,6,6,0.000,0.000,0.000
642.503,SUCCESS,4.499,4.716,19.001,6,6,0.000,0.000,0.000
642.603,SUCCESS,4.499,4.716,19.001,6,6,0.000,0.000,0.000
642.703,SUCCESS,4.499,4.716,19.001,6,6,0.000,0.000,0.000
642.803,SUCCESS,4.499,4.716,19.001,6,6,0.000,0.000,0.000
642.903,SUCCESS,4.499,4.716,19.001,6,6,0.000,0.000,0.000
643.003,SUCCESS,4.499,4.716,19.001,6,6,0.000,0.000,0.000
643.104,SUCCESS,4.499,4.716,19.001,6,6,0.000,0.000,0.000
643.203,SUCCESS,4.499,4.716,19.001,6,6,0.000,0.000,0.000
643.303,SUCCESS,4.499,4.717,19.001,6,6,0.000,0.000,0.000
643.403,SUCCESS,4.499,4.716,19.001,6,6,0.000,0.000,0.000
643.503,SUCCESS,4.499,4.716,19.001,6,6,0.000,0.000,0.000
643.603,SUCCESS,4.499,4.716,19.001,6,6,0.000,0.000,0.000
643.703,SUCCESS,4.500,4.716,19.001,6,6,0.000,0.000,0.000
643.803,SUCCESS,4.500,4.716,19.001,6,6,0.000,0.000,0.000
643.903,SUCCESS,4.500,4.716,19.001,6,6,0.000,0.000,0.000
644.003,SUCCESS,4.500,4.715,19.001,6,6,0.000,0.000,0.000
644.103,SUCCESS,4.500,4.715,19.001,6,6,0.000,0.000,0.000
644.203,SUCCESS,4.500,4.715,19.001,6,6,0.000,0.000,0.000
644.303,SUCCESS,4.500,4.715,19.001,6,6,0.000,0.000,0.000
644.403,SUCCESS,4.500,4.715,19.001,6,6,0.000,0.000,0.000
644.503,SUCCESS,4.500,4.715,19.001,6,6,0.000,0.000,0.000
644.603,SUCCESS,4.500,4.715,19.001,6,6,0.000,0.000,0.000
644.703,SUCCESS,4.500,4.715,19.001,6,6,0.000,0.000,0.000
644.803,SUCCESS,4.500,4.715,19.001,6,6,0.000,0.000,0.000
644.903,SUCCESS,4.500,4.715,19.001,6,6,0.000,0.000,0.000
645.003,SUCCESS,4.500,4.715,19.001,6,6,0.000,0.000,0.000
645.103,SUCCESS,4.500,4.716,19.001,6,6,0.000,0.000,0.000
645.203,SUCCESS,4.500,4.716,19.001,6,6,0.000,0.000,0.000
645.303,SUCCESS,4.500,4.716,19.001,6,6,0.000,0.000,0.000
645.403,SUCCESS,4.500,4.716,19.001,6,6,0.000,0.000,0.000
645.503,SUCCESS,4.500,4.716,19.001,6,6,0.000,0.000,0.000
645.603,SUCCESS,4.500,4.716,19.001,6,6,0.000,0.000,0.000
645.703,SUCCESS,4.500,4.716,19.001,6,6,0.000,0.000,0.000
645.803,SUCCESS,4.500,4.716,19.001,6,6,0.000,0.000,0.000
645.903,SUCCESS,4.500,4.716,19.001,6,6,0.000,0.000,0.000
646.003,SUCCESS,4.500,4.716,19.001,6,6,0.000,0.000,0.000
646.103,SUCCESS,4.500,4.716,19.001,6,6,0.000,0.000,0.000
646.203,SUCCESS,4.500,4.715,19.001,6,6,0.000,0.000,0.000
646.303,SUCCESS,4.501,4.715,19.001,6,6,0.000,0.000,0.000
646.403,SUCCESS,4.501,4.715,19.001,6,6,0.000,0.000,0.000
646.503,SUCCESS,4.501,4.715,19.001,6,6,0.000,0.000,0.000
646.603,SUCCESS,4.501,4.715,19.001,6,6,0.000,0.000,0.000
646.703,SUCCESS,4.500,4.715,19.001,6,6,0.000,0.000,0.000
646.803,SUCCESS,4.500,4.715,19.001,6,6,0.000,0.000,0.000
646.903,SUCCESS,4.500,4.715,19.001,6,6,0.000,0.000,0.000
647.003,SUCCESS,4.501,4.715,19.001,6,6,0.000,0.000,0.000
647.103,SUCCESS,4.501,4.715,19.001,6,6,0.000,0.000,0.000
647.203,SUCCESS,4.501,4.715,19.001,6,6,0.000,0.000,0.000
647.303,SUCCESS,4.501,4.714,19.001,6,6,0.000,0.000,0.000
647.403,SUCCESS,4.502,4.714,19.001,6,6,0.000,0.000,0.000
647.503,SUCCESS,4.502,4.713,19.001,6,6,0.000,0.000,0.000
647.603,SUCCESS,4.502,4.713,19.001,6,6,0.000,0.000,0.000
647.703,SUCCESS,4.502,4.713,19.001,6,6,0.000,0.000,0.000
647.803,SUCCESS,4.502,4.713,19.001,6,6,0.000,0.000,0.000
647.903,SUCCESS,4.502,4.714,19.001,6,6,0.000,0.000,0.000
648.003,SUCCESS,4.502,4.714,19.001,6,6,0.000,0.000,0.000
648.103,SUCCESS,4.502,4.714,19.001,6,6,0.000,0.000,0.000
648.203,SUCCESS,4.502,4.714,19.001,6,6,0.000,0.000,0.000
648.303,SUCCESS,4.502,4.714,19.001,6,6,0.000,0.000,0.000
648.403,SUCCESS,4.502,4.714,19.001,6,6,0.000,0.000,0.000
648.503,SUCCESS,4.502,4.714,19.001,6,6,0.000,0.000,0.000
648.603,SUCCESS,4.502,4.714,19.001,6,6,0.000,0.000,0.000
648.703,SUCCESS,4.502,4.714,19.001,6,6,0.000,0.000,0.000
648.803,SUCCESS,4.502,4.714,19.001,6,6,0.000,0.000,0.000
648.903,SUCCESS,4.502,4.714,19.001,6,6,0.000,0.000,0.000
649.003,SUCCESS,4.502,4.714,19.001,6,6,0.000,0.000,0.000
649.103,SUCCESS,4.502,4.714,19.001,6,6,0.000,0.000,0.000
649.203,SUCCESS,4.502,4.714,19.001,6,6,0.000,0.000,0.000
649.303,SUCCESS,4.502,4.714,19.001,6,6,0.000,0.000,0.000
649.403,SUCCESS,4.501,4.714,19.001,6,6,0.000,0.000,0.000
649.503,SUCCESS,4.501,4.715,19.001,6,6,0.000,0.000,0.000
649.604,SUCCESS,4.501,4.715,19.001,6,6,0.000,0.000,0.000
649.703,SUCCESS,4.501,4.715,19.001,6,6,0.000,0.000,0.000
649.803,SUCCESS,4.500,4.716,19.001,6,6,0.000,0.000,0.000
649.903,SUCCESS,4.500,4.716,19.001,6,6,0.000,0.000,0.000
650.003,SUCCESS,4.500,4.717,19.001,6,6,0.000,0.000,0.000
650.103,SUCCESS,4.500,4.717,19.001,6,6,0.000,0.000,0.000
650.203,SUCCESS,4.499,4.717,19.001,6,6,0.000,0.000,0.000
650.303,SUCCESS,4.499,4.717,19.001,6,6,0.000,0.000,0.000
650.403,SUCCESS,4.500,4.717,19.001,6,6,0.000,0.000,0.000
650.503,SUCCESS,4.500,4.717,19.001,6,6,0.000,0.000,0.000
650.603,SUCCESS,4.500,4.717,19.001,6,6,0.000,0.000,0.000
650.703,SUCCESS,4.500,4.717,19.001,6,6,0.000,0.000,0.000
650.803,SUCCESS,4.500,4.716,19.001,6,6,0.000,0.000,0.000
650.903,SUCCESS,4.500,4.716,19.001,6,6,0.000,0.000,0.000
651.003,SUCCESS,4.500,4.716,19.001,6,6,0.000,0.000,0.000
651.103,SUCCESS,4.500,4.717,19.001,6,6,0.000,0.000,0.000
651.203,SUCCESS,4.500,4.717,19.001,6,6,0.000,0.000,0.000
651.303,SUCCESS,4.499,4.717,19.001,6,6,0.000,0.000,0.000
651.403,SUCCESS,4.499,4.717,19.001,6,6,0.000,0.000,0.000
651.503,SUCCESS,4.499,4.717,19.001,6,6,0.000,0.000,0.000
651.603,SUCCESS,4.499,4.717,19.001,6,6,0.000,0.000,0.000
651.703,SUCCESS,4.499,4.718,19.001,6,6,0.000,0.000,0.000
651.803,SUCCESS,4.499,4.718,19.001,6,6,0.000,0.000,0.000
651.903,SUCCESS,4.499,4.718,19.001,6,6,0.000,0.000,0.000
652.003,SUCCESS,4.499,4.718,19.001,6,6,0.000,0.000,0.000
652.103,SUCCESS,4.499,4.718,19.001,6,6,0.000,0.000,0.000
652.203,SUCCESS,4.499,4.718,19.001,6,6,0.000,0.000,0.000
652.303,SUCCESS,4.499,4.718,19.001,6,6,0.000,0.000,0.000
652.403,SUCCESS,4.499,4.718,19.001,6,6,0.000,0.000,0.000
652.503,SUCCESS,4.498,4.718,19.001,6,6,0.000,0.000,0.000
652.603,SUCCESS,4.498,4.718,19.001,6,6,0.000,0.000,0.000
652.703,SUCCESS,4.498,4.718,19.001,6,6,0.000,0.000,0.000
652.803,SUCCESS,4.498,4.719,19.001,6,6,0.000,0.000,0.000
652.903,SUCCESS,4.498,4.719,19.001,6,6,0.000,0.000,0.000
653.003,SUCCESS,4.498,4.719,19.001,6,6,0.000,0.000,0.000
653.104,SUCCESS,4.498,4.719,19.001,6,6,0.000,0.000,0.000
653.203,SUCCESS,4.498,4.719,19.001,6,6,0.000,0.000,0.000
653.303,SUCCESS,4.498,4.719,19.001,6,6,0.000,0.000,0.000
653.403,SUCCESS,4.499,4.718,19.001,6,6,0.000,0.000,0.000
653.503,SUCCESS,4.499,4.717,19.001,6,6,0.000,0.000,0.000
653.603,SUCCESS,4.499,4.717,19.001,6,6,0.000,0.000,0.000
653.703,SUCCESS,4.499,4.717,19.001,6,6,0.000,0.000,0.000
653.803,SUCCESS,4.499,4.717,19.001,6,6,0.000,0.000,0.000
653.903,SUCCESS,4.499,4.717,19.001,6,6,0.000,0.000,0.000
654.004,SUCCESS,4.499,4.717,19.001,6,6,0.000,0.000,0.000
654.104,SUCCESS,4.499,4.717,19.001,6,6,0.000,0.000,0.000
654.203,SUCCESS,4.499,4.718,19.001,6,6,0.000,0.000,0.000
654.303,SUCCESS,4.499,4.718,19.001,6,6,0.000,0.000,0.000
654.404,SUCCESS,4.498,4.718,19.001,6,6,0.000,0.000,0.000
654.503,SUCCESS,4.498,4.718,19.001,6,6,0.000,0.000,0.000
654.603,SUCCESS,4.498,4.718,19.001,6,6,0.000,0.000,0.000
654.703,SUCCESS,4.498,4.718,19.001,6,6,0.000,0.000,0.000
654.804,SUCCESS,4.498,4.718,19.001,6,6,0.000,0.000,0.000
654.903,SUCCESS,4.498,4.718,19.001,6,6,0.000,0.000,0.000
655.003,SUCCESS,4.498,4.718,19.001,6,6,0.000,0.000,0.000
655.103,SUCCESS,4.498,4.718,19.001,6,6,0.000,0.000,0.000
655.203,SUCCESS,4.498,4.718,19.001,6,6,0.000,0.000,0.000
655.303,SUCCESS,4.498,4.718,19.001,6,6,0.000,0.000,0.000
655.403,SUCCESS,4.498,4.718,19.001,6,6,0.000,0.000,0.000
655.503,SUCCESS,4.498,4.718,19.001,6,6,0.000,0.000,0.000
655.603,SUCCESS,4.498,4.718,19.001,6,6,0.000,0.000,0.000
655.703,SUCCESS,4.498,4.717,19.001,6,6,0.000,0.000,0.000
655.803,SUCCESS,4.499,4.717,19.001,6,6,0.000,0.000,0.000
655.903,SUCCESS,4.499,4.717,19.001,6,6,0.000,0.000,0.000
656.003,SUCCESS,4.499,4.717,19.001,6,6,0.000,0.000,0.000
656.103,SUCCESS,4.499,4.717,19.001,6,6,0.000,0.000,0.000
656.203,SUCCESS,4.499,4.717,19.001,6,6,0.000,0.000,0.000
656.303,SUCCESS,4.499,4.717,19.001,6,6,0.000,0.000,0.000
656.403,SUCCESS,4.499,4.717,19.001,6,6,0.000,0.000,0.000
656.504,SUCCESS,4.499,4.717,19.001,6,6,0.000,0.000,0.000
656.603,SUCCESS,4.499,4.718,19.001,6,6,0.000,0.000,0.000
656.703,SUCCESS,4.499,4.718,19.001,6,6,0.000,0.000,0.000
656.803,SUCCESS,4.499,4.717,19.001,6,6,0.000,0.000,0.000
656.903,SUCCESS,4.499,4.717,19.001,6,6,0.000,0.000,0.000
657.003,SUCCESS,4.499,4.717,19.001,6,6,0.000,0.000,0.000
657.103,SUCCESS,4.499,4.717,19.001,6,6,0.000,0.000,0.000
657.203,SUCCESS,4.499,4.717,19.001,6,6,0.000,0.000,0.000
657.303,SUCCESS,4.499,4.717,19.001,6,6,0.000,0.000,0.000
657.403,SUCCESS,4.499,4.717,19.001,6,6,0.000,0.000,0.000
657.503,SUCCESS,4.499,4.717,19.001,6,6,0.000,0.000,0.000
657.603,SUCCESS,4.499,4.717,19.001,6,6,0.000,0.000,0.000
657.703,SUCCESS,4.499,4.716,19.001,6,6,0.000,0.000,0.000
657.804,SUCCESS,4.500,4.716,19.001,6,6,0.000,0.000,0.000
657.903,SUCCESS,4.500,4.716,19.001,6,6,0.000,0.000,0.000
658.003,SUCCESS,4.500,4.716,19.001,6,6,0.000,0.000,0.000
658.103,SUCCESS,4.500,4.715,19.001,6,6,0.000,0.000,0.000
658.203,SUCCESS,4.500,4.715,19.001,6,6,0.000,0.000,0.000
658.303,SUCCESS,4.500,4.715,19.001,6,6,0.000,0.000,0.000
658.403,SUCCESS,4.500,4.715,19.001,6,6,0.000,0.000,0.000
658.503,SUCCESS,4.501,4.715,19.001,6,6,0.000,0.000,0.000
658.603,SUCCESS,4.501,4.715,19.001,6,6,0.000,0.000,0.000
658.703,SUCCESS,4.501,4.715,19.001,6,6,0.000,0.000,0.000
658.803,SUCCESS,4.500,4.716,19.001,6,6,0.000,0.000,0.000
658.903,SUCCESS,4.500,4.716,19.001,6,6,0.000,0.000,0.000
659.003,SUCCESS,4.500,4.716,19.001,6,6,0.000,0.000,0.000
659.103,SUCCESS,4.500,4.717,19.001,6,6,0.000,0.000,0.000
659.203,SUCCESS,4.500,4.717,19.001,6,6,0.000,0.000,0.000
659.303,SUCCESS,4.500,4.717,19.001,6,6,0.000,0.000,0.000
659.403,SUCCESS,4.499,4.717,19.001,6,6,0.000,0.000,0.000
659.503,SUCCESS,4.500,4.717,19.001,6,6,0.000,0.000,0.000
659.603,SUCCESS,4.500,4.717,19.001,6,6,0.000,0.000,0.000
659.703,SUCCESS,4.500,4.717,19.001,6,6,0.000,0.000,0.000
659.803,SUCCESS,4.500,4.717,19.001,6,6,0.000,0.000,0.000
659.903,SUCCESS,4.500,4.717,19.001,6,6,0.000,0.000,0.000
660.003,SUCCESS,4.500,4.717,19.001,6,6,0.000,0.000,0.000
660.103,SUCCESS,4.500,4.717,19.001,6,6,0.000,0.000,0.000
660.203,SUCCESS,4.500,4.717,19.001,6,6,0.000,0.000,0.000
660.303,SUCCESS,4.500,4.718,19.001,6,6,0.000,0.000,0.000
660.403,SUCCESS,4.500,4.718,19.001,6,6,0.000,0.000,0.000
660.503,SUCCESS,4.499,4.719,19.001,6,6,0.000,0.000,0.000
660.603,SUCCESS,4.499,4.719,19.001,6,6,0.000,0.000,0.000
660.703,SUCCESS,4.499,4.719,19.001,6,6,0.000,0.000,0.000
660.803,SUCCESS,4.499,4.719,19.001,6,6,0.000,0.000,0.000
660.903,SUCCESS,4.498,4.719,19.001,6,6,0.000,0.000,0.000
661.003,SUCCESS,4.498,4.720,19.001,6,6,0.000,0.000,0.000
661.103,SUCCESS,4.498,4.720,19.001,6,6,0.000,0.000,0.000
661.203,SUCCESS,4.498,4.720,19.001,6,6,0.000,0.000,0.000
661.303,SUCCESS,4.498,4.720,19.001,6,6,0.000,0.000,0.000
661.403,SUCCESS,4.498,4.720,19.001,6,6,0.000,0.000,0.000
661.503,SUCCESS,4.499,4.720,19.001,6,6,0.000,0.000,0.000
661.603,SUCCESS,4.499,4.719,19.001,6,6,0.000,0.000,0.000
661.703,SUCCESS,4.499,4.719,19.001,6,6,0.000,0.000,0.000
661.803,SUCCESS,4.499,4.719,19.001,6,6,0.000,0.000,0.000
661.903,SUCCESS,4.499,4.719,19.001,6,6,0.000,0.000,0.000
662.003,SUCCESS,4.499,4.719,19.001,6,6,0.000,0.000,0.000
662.105,SUCCESS,4.499,4.719,19.001,6,6,0.000,0.000,0.000
662.203,SUCCESS,4.499,4.719,19.001,6,6,0.000,0.000,0.000
662.303,SUCCESS,4.499,4.719,19.001,6,6,0.000,0.000,0.000
662.403,SUCCESS,4.499,4.719,19.001,6,6,0.000,0.000,0.000
662.503,SUCCESS,4.500,4.718,19.001,6,6,0.000,0.000,0.000
662.603,SUCCESS,4.500,4.718,19.001,6,6,0.000,0.000,0.000
662.703,SUCCESS,4.500,4.716,19.001,6,6,0.000,0.000,0.000
662.803,SUCCESS,4.498,4.715,19.001,6,6,0.000,0.000,0.000
662.903,SUCCESS,4.498,4.715,19.001,6,6,0.000,0.000,0.000
663.003,SUCCESS,4.499,4.715,19.001,6,6,0.000,0.000,0.000
663.103,SUCCESS,4.499,4.716,19.001,6,6,0.000,0.000,0.000
663.203,SUCCESS,4.498,4.715,19.001,6,6,0.000,0.000,0.000
663.303,SUCCESS,4.498,4.715,19.001,6,6,0.000,0.000,0.000
663.403,SUCCESS,4.498,4.715,19.001,6,6,0.000,0.000,0.000
663.503,SUCCESS,4.498,4.716,19.001,6,6,0.000,0.000,0.000
663.603,SUCCESS,4.497,4.716,19.001,6,6,0.000,0.000,0.000
663.703,SUCCESS,4.497,4.717,19.001,6,6,0.000,0.000,0.000
663.803,SUCCESS,4.497,4.717,19.001,6,6,0.000,0.000,0.000
663.903,SUCCESS,4.496,4.717,19.001,6,6,0.000,0.000,0.000
664.003,SUCCESS,4.496,4.717,19.001,6,6,0.000,0.000,0.000
664.104,SUCCESS,4.496,4.717,19.001,6,6,0.000,0.000,0.000
664.203,SUCCESS,4.496,4.718,19.001,6,6,0.000,0.000,0.000
664.303,SUCCESS,4.496,4.718,19.001,6,6,0.000,0.000,0.000
664.403,SUCCESS,4.496,4.718,19.001,6,6,0.000,0.000,0.000
664.503,SUCCESS,4.496,4.718,19.001,6,6,0.000,0.000,0.000
664.603,SUCCESS,4.496,4.718,19.001,6,6,0.000,0.000,0.000
664.703,SUCCESS,4.496,4.718,19.001,6,6,0.000,0.000,0.000
664.803,SUCCESS,4.496,4.718,19.001,6,6,0.000,0.000,0.000
664.903,SUCCESS,4.496,4.718,19.001,6,6,0.000,0.000,0.000
665.003,SUCCESS,4.495,4.718,19.001,6,6,0.000,0.000,0.000
665.103,SUCCESS,4.495,4.718,19.001,6,6,0.000,0.000,0.000
665.203,SUCCESS,4.495,4.719,19.001,6,6,0.000,0.000,0.000
665.303,SUCCESS,4.495,4.719,19.001,6,6,0.000,0.000,0.000
665.403,SUCCESS,4.495,4.719,19.001,6,6,0.000,0.000,0.000
665.503,SUCCESS,4.495,4.718,19.001,6,6,0.000,0.000,0.000
665.603,SUCCESS,4.495,4.718,19.001,6,6,0.000,0.000,0.000
665.703,SUCCESS,4.495,4.719,19.001,6,6,0.000,0.000,0.000
665.803,SUCCESS,4.495,4.719,19.001,6,6,0.000,0.000,0.000
665.903,SUCCESS,4.495,4.719,19.001,6,6,0.000,0.000,0.000
666.003,SUCCESS,4.495,4.719,19.001,6,6,0.000,0.000,0.000
666.103,SUCCESS,4.495,4.719,19.001,6,6,0.000,0.000,0.000
666.203,SUCCESS,4.495,4.719,19.001,6,6,0.000,0.000,0.000
666.303,SUCCESS,4.495,4.719,19.001,6,6,0.000,0.000,0.000
666.403,SUCCESS,4.495,4.719,19.001,6,6,0.000,0.000,0.000
666.503,SUCCESS,4.494,4.719,19.001,6,6,0.000,0.000,0.000
666.603,SUCCESS,4.495,4.719,19.001,6,6,0.000,0.000,0.000
666.703,SUCCESS,4.495,4.719,19.001,6,6,0.000,0.000,0.000
666.803,SUCCESS,4.495,4.719,19.001,6,6,0.000,0.000,0.000
666.903,SUCCESS,4.495,4.719,19.001,6,6,0.000,0.000,0.000
667.003,SUCCESS,4.495,4.719,19.001,6,6,0.000,0.000,0.000
667.103,SUCCESS,4.495,4.719,19.001,6,6,0.000,0.000,0.000
667.203,SUCCESS,4.495,4.719,19.001,6,6,0.000,0.000,0.000
667.303,SUCCESS,4.495,4.719,19.001,6,6,0.000,0.000,0.000
667.403,SUCCESS,4.495,4.719,19.001,6,6,0.000,0.000,0.000
667.503,SUCCESS,4.495,4.720,19.001,6,6,0.000,0.000,0.000
667.603,SUCCESS,4.495,4.720,19.001,6,6,0.000,0.000,0.000
667.703,SUCCESS,4.495,4.720,19.001,6,6,0.000,0.000,0.000
667.803,SUCCESS,4.495,4.720,19.001,6,6,0.000,0.000,0.000
667.903,SUCCESS,4.495,4.719,19.001,6,6,0.000,0.000,0.000
668.003,SUCCESS,4.495,4.719,19.001,6,6,0.000,0.000,0.000
668.103,SUCCESS,4.495,4.719,19.001,6,6,0.000,0.000,0.000
668.203,SUCCESS,4.496,4.719,19.001,6,6,0.000,0.000,0.000
668.303,SUCCESS,4.496,4.719,19.001,6,6,0.000,0.000,0.000
668.403,SUCCESS,4.496,4.719,19.001,6,6,0.000,0.000,0.000
668.503,SUCCESS,4.495,4.719,19.001,6,6,0.000,0.000,0.000
668.603,SUCCESS,4.495,4.720,19.001,6,6,0.000,0.000,0.000
668.703,SUCCESS,4.495,4.720,19.001,6,6,0.000,0.000,0.000
668.803,SUCCESS,4.495,4.721,19.001,6,6,0.000,0.000,0.000
668.903,SUCCESS,4.495,4.721,19.001,6,6,0.000,0.000,0.000
669.003,SUCCESS,4.495,4.720,19.001,6,6,0.000,0.000,0.000
669.103,SUCCESS,4.495,4.720,19.001,6,6,0.000,0.000,0.000
669.203,SUCCESS,4.495,4.720,19.001,6,6,0.000,0.000,0.000
669.303,SUCCESS,4.495,4.720,19.001,6,6,0.000,0.000,0.000
669.403,SUCCESS,4.495,4.720,19.001,6,6,0.000,0.000,0.000
669.503,SUCCESS,4.496,4.720,19.001,6,6,0.000,0.000,0.000
669.603,SUCCESS,4.495,4.720,19.001,6,6,0.000,0.000,0.000
669.703,SUCCESS,4.495,4.720,19.001,6,6,0.000,0.000,0.000
669.803,SUCCESS,4.495,4.719,19.001,6,6,0.000,0.000,0.000
669.903,SUCCESS,4.496,4.719,19.001,6,6,0.000,0.000,0.000
670.003,SUCCESS,4.496,4.718,19.001,6,6,0.000,0.000,0.000
670.103,SUCCESS,4.496,4.718,19.001,6,6,0.000,0.000,0.000
670.203,SUCCESS,4.496,4.718,19.001,6,6,0.000,0.000,0.000
670.303,SUCCESS,4.496,4.718,19.001,6,6,0.000,0.000,0.000
670.403,SUCCESS,4.497,4.718,19.001,6,6,0.000,0.000,0.000
670.503,SUCCESS,4.497,4.718,19.001,6,6,0.000,0.000,0.000
670.603,SUCCESS,4.497,4.717,19.001,6,6,0.000,0.000,0.000
670.703,SUCCESS,4.497,4.717,19.001,6,6,0.000,0.000,0.000
670.803,SUCCESS,4.497,4.717,19.001,6,6,0.000,0.000,0.000
670.903,SUCCESS,4.497,4.717,19.001,6,6,0.000,0.000,0.000
671.004,SUCCESS,4.497,4.717,19.001,6,6,0.000,0.000,0.000
671.103,SUCCESS,4.497,4.717,19.001,6,6,0.000,0.000,0.000
671.203,SUCCESS,4.497,4.717,19.001,6,6,0.000,0.000,0.000
671.303,SUCCESS,4.497,4.717,19.001,6,6,0.000,0.000,0.000
671.403,SUCCESS,4.497,4.717,19.001,6,6,0.000,0.000,0.000
671.503,SUCCESS,4.497,4.717,19.001,6,6,0.000,0.000,0.000
671.603,SUCCESS,4.497,4.717,19.001,6,6,0.000,0.000,0.000
671.703,SUCCESS,4.497,4.717,19.001,6,6,0.000,0.000,0.000
671.803,SUCCESS,4.497,4.717,19.001,6,6,0.000,0.000,0.000
671.903,SUCCESS,4.497,4.717,19.001,6,6,0.000,0.000,0.000
672.003,SUCCESS,4.497,4.717,19.001,6,6,0.000,0.000,0.000
672.103,SUCCESS,4.497,4.717,19.001,6,6,0.000,0.000,0.000
672.203,SUCCESS,4.497,4.717,19.001,6,6,0.000,0.000,0.000
672.303,SUCCESS,4.497,4.717,19.001,6,6,0.000,0.000,0.000
672.403,SUCCESS,4.497,4.717,19.001,6,6,0.000,0.000,0.000
672.503,SUCCESS,4.497,4.717,19.001,6,6,0.000,0.000,0.000
672.603,SUCCESS,4.498,4.717,19.001,6,6,0.000,0.000,0.000
672.703,SUCCESS,4.498,4.717,19.001,6,6,0.000,0.000,0.000
672.803,SUCCESS,4.498,4.716,19.001,6,6,0.000,0.000,0.000
672.903,SUCCESS,4.498,4.716,19.001,6,6,0.000,0.000,0.000
673.003,SUCCESS,4.498,4.716,19.001,6,6,0.000,0.000,0.000
673.103,SUCCESS,4.498,4.716,19.001,6,6,0.000,0.000,0.000
673.203,SUCCESS,4.498,4.716,19.001,6,6,0.000,0.000,0.000
673.303,SUCCESS,4.498,4.716,19.001,6,6,0.000,0.000,0.000
673.403,SUCCESS,4.498,4.716,19.001,6,6,0.000,0.000,0.000
673.503,SUCCESS,4.498,4.716,19.001,6,6,0.000,0.000,0.000
673.603,SUCCESS,4.499,4.715,19.001,6,6,0.000,0.000,0.000
673.703,SUCCESS,4.499,4.715,19.001,6,6,0.000,0.000,0.000
673.803,SUCCESS,4.499,4.715,19.001,6,6,0.000,0.000,0.000
673.903,SUCCESS,4.499,4.715,19.001,6,6,0.000,0.000,0.000
674.003,SUCCESS,4.499,4.715,19.001,6,6,0.000,0.000,0.000
674.103,SUCCESS,4.499,4.715,19.001,6,6,0.000,0.000,0.000
674.203,SUCCESS,4.499,4.715,19.001,6,6,0.000,0.000,0.000
674.303,SUCCESS,4.499,4.715,19.001,6,6,0.000,0.000,0.000
674.403,SUCCESS,4.499,4.715,19.001,6,6,0.000,0.000,0.000
674.503,SUCCESS,4.499,4.716,19.001,6,6,0.000,0.000,0.000
674.603,SUCCESS,4.498,4.716,19.001,6,6,0.000,0.000,0.000
674.703,SUCCESS,4.498,4.716,19.001,6,6,0.000,0.000,0.000
674.803,SUCCESS,4.498,4.716,19.001,6,6,0.000,0.000,0.000
674.903,SUCCESS,4.498,4.716,19.001,6,6,0.000,0.000,0.000
675.003,SUCCESS,4.498,4.716,19.001,6,6,0.000,0.000,0.000
675.103,SUCCESS,4.498,4.716,19.001,6,6,0.000,0.000,0.000
675.203,SUCCESS,4.498,4.716,19.001,6,6,0.000,0.000,0.000
675.303,SUCCESS,4.498,4.716,19.001,6,6,0.000,0.000,0.000
675.403,SUCCESS,4.498,4.716,19.001,6,6,0.000,0.000,0.000
675.503,SUCCESS,4.498,4.716,19.001,6,6,0.000,0.000,0.000
675.603,SUCCESS,4.498,4.717,19.001,6,6,0.000,0.000,0.000
675.703,SUCCESS,4.498,4.717,19.001,6,6,0.000,0.000,0.000
675.803,SUCCESS,4.498,4.716,19.001,6,6,0.000,0.000,0.000
675.903,SUCCESS,4.498,4.716,19.001,6,6,0.000,0.000,0.000
676.003,SUCCESS,4.498,4.716,19.001,6,6,0.000,0.000,0.000
676.103,SUCCESS,4.499,4.715,19.001,6,6,0.000,0.000,0.000
676.203,SUCCESS,4.499,4.715,19.001,6,6,0.000,0.000,0.000
676.303,SUCCESS,4.499,4.716,19.001,6,6,0.000,0.000,0.000
676.403,SUCCESS,4.499,4.715,19.001,6,6,0.000,0.000,0.000
676.503,SUCCESS,4.499,4.715,19.001,6,6,0.000,0.000,0.000
676.603,SUCCESS,4.499,4.715,19.001,6,6,0.000,0.000,0.000
676.703,SUCCESS,4.499,4.716,19.001,6,6,0.000,0.000,0.000
676.803,SUCCESS,4.498,4.716,19.001,6,6,0.000,0.000,0.000
676.903,SUCCESS,4.498,4.716,19.001,6,6,0.000,0.000,0.000
677.003,SUCCESS,4.498,4.716,19.001,6,6,0.000,0.000,0.000
677.103,SUCCESS,4.498,4.717,19.001,6,6,0.000,0.000,0.000
677.203,SUCCESS,4.498,4.717,19.001,6,6,0.000,0.000,0.000
677.303,SUCCESS,4.498,4.717,19.001,6,6,0.000,0.000,0.000
677.403,SUCCESS,4.498,4.717,19.001,6,6,0.000,0.000,0.000
677.503,SUCCESS,4.498,4.717,19.001,6,6,0.000,0.000,0.000
677.603,SUCCESS,4.498,4.717,19.001,6,6,0.000,0.000,0.000
677.703,SUCCESS,4.498,4.717,19.001,6,6,0.000,0.000,0.000
677.803,SUCCESS,4.497,4.717,19.001,6,6,0.000,0.000,0.000
677.903,SUCCESS,4.497,4.717,19.001,6,6,0.000,0.000,0.000
678.003,SUCCESS,4.497,4.718,19.001,6,6,0.000,0.000,0.000
678.103,SUCCESS,4.496,4.718,19.001,6,6,0.000,0.000,0.000
678.203,SUCCESS,4.496,4.718,19.001,6,6,0.000,0.000,0.000
678.303,SUCCESS,4.496,4.718,19.001,6,6,0.000,0.000,0.000
678.403,SUCCESS,4.496,4.718,19.001,6,6,0.000,0.000,0.000
678.503,SUCCESS,4.496,4.718,19.001,6,6,0.000,0.000,0.000
678.603,SUCCESS,4.496,4.718,19.001,6,6,0.000,0.000,0.000
678.703,SUCCESS,4.496,4.718,19.001,6,6,0.000,0.000,0.000
678.803,SUCCESS,4.495,4.718,19.001,6,6,0.000,0.000,0.000
678.903,SUCCESS,4.495,4.718,19.001,6,6,0.000,0.000,0.000
679.003,SUCCESS,4.495,4.719,19.001,6,6,0.000,0.000,0.000
679.103,SUCCESS,4.495,4.719,19.001,6,6,0.000,0.000,0.000
679.203,SUCCESS,4.495,4.719,19.001,6,6,0.000,0.000,0.000
679.303,SUCCESS,4.495,4.719,19.001,6,6,0.000,0.000,0.000
679.403,SUCCESS,4.495,4.719,19.001,6,6,0.000,0.000,0.000
679.503,SUCCESS,4.495,4.719,19.001,6,6,0.000,0.000,0.000
679.603,SUCCESS,4.495,4.719,19.001,6,6,0.000,0.000,0.000
679.703,SUCCESS,4.496,4.718,19.001,6,6,0.000,0.000,0.000
679.804,SUCCESS,4.496,4.718,19.001,6,6,0.000,0.000,0.000
679.903,SUCCESS,4.497,4.717,19.001,6,6,0.000,0.000,0.000
680.003,SUCCESS,4.497,4.717,19.001,6,6,0.000,0.000,0.000
680.103,SUCCESS,4.497,4.717,19.001,6,6,0.000,0.000,0.000
680.203,SUCCESS,4.497,4.717,19.001,6,6,0.000,0.000,0.000
680.303,SUCCESS,4.497,4.716,19.001,6,6,0.000,0.000,0.000
680.403,SUCCESS,4.497,4.716,19.001,6,6,0.000,0.000,0.000
680.503,SUCCESS,4.497,4.716,19.001,6,6,0.000,0.000,0.000
680.603,SUCCESS,4.497,4.715,19.001,6,6,0.000,0.000,0.000
680.704,SUCCESS,4.498,4.715,19.001,6,6,0.000,0.000,0.000
680.803,SUCCESS,4.498,4.715,19.001,6,6,0.000,0.000,0.000
680.903,SUCCESS,4.499,4.715,19.001,6,6,0.000,0.000,0.000
681.003,SUCCESS,4.499,4.714,19.001,6,6,0.000,0.000,0.000
681.103,SUCCESS,4.499,4.715,19.001,6,6,0.000,0.000,0.000
681.203,SUCCESS,4.499,4.714,19.001,6,6,0.000,0.000,0.000
681.303,SUCCESS,4.499,4.714,19.001,6,6,0.000,0.000,0.000
681.403,SUCCESS,4.499,4.714,19.001,6,6,0.000,0.000,0.000
681.503,SUCCESS,4.499,4.714,19.001,6,6,0.000,0.000,0.000
681.603,SUCCESS,4.500,4.714,19.001,6,6,0.000,0.000,0.000
681.703,SUCCESS,4.499,4.714,19.001,6,6,0.000,0.000,0.000
681.803,SUCCESS,4.499,4.714,19.001,6,6,0.000,0.000,0.000
681.903,SUCCESS,4.499,4.714,19.001,6,6,0.000,0.000,0.000
682.003,SUCCESS,4.499,4.713,19.001,6,6,0.000,0.000,0.000
682.103,SUCCESS,4.500,4.713,19.001,6,6,0.000,0.000,0.000
682.203,SUCCESS,4.500,4.713,19.001,6,6,0.000,0.000,0.000
682.303,SUCCESS,4.500,4.714,19.001,6,6,0.000,0.000,0.000
682.403,SUCCESS,4.500,4.713,19.001,6,6,0.000,0.000,0.000
682.503,SUCCESS,4.500,4.713,19.001,6,6,0.000,0.000,0.000
682.603,SUCCESS,4.500,4.713,19.001,6,6,0.000,0.000,0.000
682.703,SUCCESS,4.500,4.713,19.001,6,6,0.000,0.000,0.000
682.803,SUCCESS,4.500,4.713,19.001,6,6,0.000,0.000,0.000
682.904,SUCCESS,4.500,4.713,19.001,6,6,0.000,0.000,0.000
683.003,SUCCESS,4.500,4.713,19.001,6,6,0.000,0.000,0.000
683.103,SUCCESS,4.500,4.713,19.001,6,6,0.000,0.000,0.000
683.204,SUCCESS,4.500,4.714,19.001,6,6,0.000,0.000,0.000
683.303,SUCCESS,4.500,4.714,19.001,6,6,0.000,0.000,0.000
683.403,SUCCESS,4.499,4.714,19.001,6,6,0.000,0.000,0.000
683.503,SUCCESS,4.499,4.714,19.001,6,6,0.000,0.000,0.000
683.603,SUCCESS,4.499,4.714,19.001,6,6,0.000,0.000,0.000
683.703,SUCCESS,4.499,4.714,19.001,6,6,0.000,0.000,0.000
683.803,SUCCESS,4.499,4.714,19.001,6,6,0.000,0.000,0.000
683.903,SUCCESS,4.499,4.715,19.001,6,6,0.000,0.000,0.000
684.003,SUCCESS,4.499,4.715,19.001,6,6,0.000,0.000,0.000
684.103,SUCCESS,4.499,4.715,19.001,6,6,0.000,0.000,0.000
684.203,SUCCESS,4.498,4.715,19.001,6,6,0.000,0.000,0.000
684.303,SUCCESS,4.498,4.715,19.001,6,6,0.000,0.000,0.000
684.403,SUCCESS,4.498,4.715,19.001,6,6,0.000,0.000,0.000
684.503,SUCCESS,4.498,4.715,19.001,6,6,0.000,0.000,0.000
684.603,SUCCESS,4.498,4.716,19.001,6,6,0.000,0.000,0.000
684.703,SUCCESS,4.498,4.716,19.001,6,6,0.000,0.000,0.000
684.803,SUCCESS,4.498,4.716,19.001,6,6,0.000,0.000,0.000
684.903,SUCCESS,4.498,4.716,19.001,6,6,0.000,0.000,0.000
685.003,SUCCESS,4.498,4.716,19.001,6,6,0.000,0.000,0.000
685.103,SUCCESS,4.498,4.716,19.001,6,6,0.000,0.000,0.000
685.203,SUCCESS,4.498,4.716,19.001,6,6,0.000,0.000,0.000
685.303,SUCCESS,4.498,4.716,19.001,6,6,0.000,0.000,0.000
685.403,SUCCESS,4.498,4.716,19.001,6,6,0.000,0.000,0.000
685.504,SUCCESS,4.498,4.716,19.001,6,6,0.000,0.000,0.000
685.603,SUCCESS,4.498,4.716,19.001,6,6,0.000,0.000,0.000
685.703,SUCCESS,4.498,4.716,19.001,6,6,0.000,0.000,0.000
685.803,SUCCESS,4.498,4.715,19.001,6,6,0.000,0.000,0.000
685.903,SUCCESS,4.498,4.715,19.001,6,6,0.000,0.000,0.000
686.003,SUCCESS,4.498,4.716,19.001,6,6,0.000,0.000,0.000
686.103,SUCCESS,4.498,4.716,19.001,6,6,0.000,0.000,0.000
686.203,SUCCESS,4.498,4.715,19.001,6,6,0.000,0.000,0.000
686.303,SUCCESS,4.498,4.715,19.001,6,6,0.000,0.000,0.000
686.403,SUCCESS,4.498,4.715,19.001,6,6,0.000,0.000,0.000
686.503,SUCCESS,4.498,4.715,19.001,6,6,0.000,0.000,0.000
686.604,SUCCESS,4.498,4.715,19.001,6,6,0.000,0.000,0.000
686.703,SUCCESS,4.498,4.715,19.001,6,6,0.000,0.000,0.000
686.803,SUCCESS,4.498,4.715,19.001,6,6,0.000,0.000,0.000
686.903,SUCCESS,4.498,4.715,19.001,6,6,0.000,0.000,0.000
687.003,SUCCESS,4.498,4.715,19.001,6,6,0.000,0.000,0.000
687.103,SUCCESS,4.498,4.715,19.001,6,6,0.000,0.000,0.000
687.203,SUCCESS,4.498,4.715,19.001,6,6,0.000,0.000,0.000
687.303,SUCCESS,4.498,4.715,19.001,6,6,0.000,0.000,0.000
687.403,SUCCESS,4.498,4.715,19.001,6,6,0.000,0.000,0.000
687.503,SUCCESS,4.498,4.716,19.001,6,6,0.000,0.000,0.000
687.603,SUCCESS,4.498,4.716,19.001,6,6,0.000,0.000,0.000
687.703,SUCCESS,4.498,4.716,19.001,6,6,0.000,0.000,0.000
687.803,SUCCESS,4.498,4.716,19.001,6,6,0.000,0.000,0.000
687.903,SUCCESS,4.497,4.716,19.001,6,6,0.000,0.000,0.000
688.003,SUCCESS,4.497,4.716,19.001,6,6,0.000,0.000,0.000
688.103,SUCCESS,4.497,4.716,19.001,6,6,0.000,0.000,0.000
688.203,SUCCESS,4.497,4.716,19.001,6,6,0.000,0.000,0.000
688.303,SUCCESS,4.497,4.716,19.001,6,6,0.000,0.000,0.000
688.403,SUCCESS,4.498,4.716,19.001,6,6,0.000,0.000,0.000
688.503,SUCCESS,4.498,4.715,19.001,6,6,0.000,0.000,0.000
688.603,SUCCESS,4.498,4.715,19.001,6,6,0.000,0.000,0.000
688.703,SUCCESS,4.498,4.715,19.001,6,6,0.000,0.000,0.000
688.803,SUCCESS,4.498,4.715,19.001,6,6,0.000,0.000,0.000
688.903,SUCCESS,4.498,4.715,19.001,6,6,0.000,0.000,0.000
689.003,SUCCESS,4.498,4.714,19.001,6,6,0.000,0.000,0.000
689.103,SUCCESS,4.498,4.714,19.001,6,6,0.000,0.000,0.000
689.203,SUCCESS,4.498,4.714,19.001,6,6,0.000,0.000,0.000
689.303,SUCCESS,4.498,4.714,19.001,6,6,0.000,0.000,0.000
689.403,SUCCESS,4.499,4.714,19.001,6,6,0.000,0.000,0.000
689.503,SUCCESS,4.499,4.714,19.001,6,6,0.000,0.000,0.000
689.603,SUCCESS,4.499,4.714,19.001,6,6,0.000,0.000,0.000
689.703,SUCCESS,4.498,4.714,19.001,6,6,0.000,0.000,0.000
689.803,SUCCESS,4.498,4.715,19.001,6,6,0.000,0.000,0.000
689.903,SUCCESS,4.498,4.715,19.001,6,6,0.000,0.000,0.000
690.003,SUCCESS,4.498,4.715,19.001,6,6,0.000,0.000,0.000
690.103,SUCCESS,4.498,4.715,19.001,6,6,0.000,0.000,0.000
690.203,SUCCESS,4.498,4.716,19.001,6,6,0.000,0.000,0.000
690.303,SUCCESS,4.498,4.716,19.001,6,6,0.000,0.000,0.000
690.403,SUCCESS,4.498,4.716,19.001,6,6,0.000,0.000,0.000
690.503,SUCCESS,4.498,4.716,19.001,6,6,0.000,0.000,0.000
690.603,SUCCESS,4.498,4.716,19.001,6,6,0.000,0.000,0.000
690.703,SUCCESS,4.498,4.715,19.001,6,6,0.000,0.000,0.000
690.803,SUCCESS,4.498,4.715,19.001,6,6,0.000,0.000,0.000
690.903,SUCCESS,4.498,4.715,19.001,6,6,0.000,0.000,0.000
691.003,SUCCESS,4.498,4.715,19.001,6,6,0.000,0.000,0.000
691.103,SUCCESS,4.498,4.715,19.001,6,6,0.000,0.000,0.000
691.203,SUCCESS,4.498,4.715,19.001,6,6,0.000,0.000,0.000
691.303,SUCCESS,4.498,4.715,19.001,6,6,0.000,0.000,0.000
691.403,SUCCESS,4.498,4.714,19.001,6,6,0.000,0.000,0.000
691.503,SUCCESS,4.498,4.714,19.001,6,6,0.000,0.000,0.000
691.603,SUCCESS,4.499,4.714,19.001,6,6,0.000,0.000,0.000
691.703,SUCCESS,4.498,4.714,19.001,6,6,0.000,0.000,0.000
691.803,SUCCESS,4.498,4.714,19.001,6,6,0.000,0.000,0.000
691.903,SUCCESS,4.498,4.715,19.001,6,6,0.000,0.000,0.000
692.003,SUCCESS,4.498,4.715,19.001,6,6,0.000,0.000,0.000
692.103,SUCCESS,4.498,4.715,19.001,6,6,0.000,0.000,0.000
692.203,SUCCESS,4.498,4.714,19.001,6,6,0.000,0.000,0.000
692.303,SUCCESS,4.498,4.715,19.001,6,6,0.000,0.000,0.000
692.403,SUCCESS,4.498,4.715,19.001,6,6,0.000,0.000,0.000
692.503,SUCCESS,4.498,4.714,19.001,6,6,0.000,0.000,0.000
692.603,SUCCESS,4.498,4.715,19.001,6,6,0.000,0.000,0.000
692.703,SUCCESS,4.498,4.715,19.001,6,6,0.000,0.000,0.000
692.803,SUCCESS,4.498,4.715,19.001,6,6,0.000,0.000,0.000
692.903,SUCCESS,4.498,4.715,19.001,6,6,0.000,0.000,0.000
693.003,SUCCESS,4.498,4.715,19.001,6,6,0.000,0.000,0.000
693.103,SUCCESS,4.498,4.715,19.001,6,6,0.000,0.000,0.000
693.203,SUCCESS,4.498,4.715,19.001,6,6,0.000,0.000,0.000
693.303,SUCCESS,4.498,4.715,19.001,6,6,0.000,0.000,0.000
693.403,SUCCESS,4.498,4.714,19.001,6,6,0.000,0.000,0.000
693.503,SUCCESS,4.498,4.714,19.001,6,6,0.000,0.000,0.000
693.603,SUCCESS,4.499,4.714,19.001,6,6,0.000,0.000,0.000
693.703,SUCCESS,4.499,4.714,19.001,6,6,0.000,0.000,0.000
693.803,SUCCESS,4.499,4.714,19.001,6,6,0.000,0.000,0.000
693.904,SUCCESS,4.499,4.714,19.001,6,6,0.000,0.000,0.000
694.003,SUCCESS,4.499,4.714,19.001,6,6,0.000,0.000,0.000
694.103,SUCCESS,4.499,4.714,19.001,6,6,0.000,0.000,0.000
694.203,SUCCESS,4.499,4.714,19.001,6,6,0.000,0.000,0.000
694.304,SUCCESS,4.499,4.714,19.001,6,6,0.000,0.000,0.000
694.403,SUCCESS,4.499,4.714,19.001,6,6,0.000,0.000,0.000
694.503,SUCCESS,4.499,4.714,19.001,6,6,0.000,0.000,0.000
694.603,SUCCESS,4.499,4.714,19.001,6,6,0.000,0.000,0.000
694.703,SUCCESS,4.498,4.715,19.001,6,6,0.000,0.000,0.000
694.803,SUCCESS,4.498,4.715,19.001,6,6,0.000,0.000,0.000
694.903,SUCCESS,4.498,4.715,19.001,6,6,0.000,0.000,0.000
695.003,SUCCESS,4.498,4.715,19.001,6,6,0.000,0.000,0.000
695.103,SUCCESS,4.499,4.715,19.001,6,6,0.000,0.000,0.000
695.203,SUCCESS,4.499,4.715,19.001,6,6,0.000,0.000,0.000
695.303,SUCCESS,4.499,4.715,19.001,6,6,0.000,0.000,0.000
695.403,SUCCESS,4.498,4.715,19.001,6,6,0.000,0.000,0.000
695.503,SUCCESS,4.498,4.716,19.001,6,6,0.000,0.000,0.000
695.603,SUCCESS,4.498,4.716,19.001,6,6,0.000,0.000,0.000
695.704,SUCCESS,4.498,4.716,19.001,6,6,0.000,0.000,0.000
695.803,SUCCESS,4.498,4.716,19.001,6,6,0.000,0.000,0.000
695.903,SUCCESS,4.498,4.716,19.001,6,6,0.000,0.000,0.000
696.003,SUCCESS,4.498,4.716,19.001,6,6,0.000,0.000,0.000
696.103,SUCCESS,4.497,4.717,19.001,6,6,0.000,0.000,0.000
696.203,SUCCESS,4.497,4.717,19.001,6,6,0.000,0.000,0.000
696.303,SUCCESS,4.498,4.716,19.001,6,6,0.000,0.000,0.000
696.403,SUCCESS,4.498,4.716,19.001,6,6,0.000,0.000,0.000
696.503,SUCCESS,4.498,4.716,19.001,6,6,0.000,0.000,0.000
696.603,SUCCESS,4.498,4.716,19.001,6,6,0.000,0.000,0.000
696.703,SUCCESS,4.498,4.716,19.001,6,6,0.000,0.000,0.000
696.803,SUCCESS,4.497,4.717,19.001,6,6,0.000,0.000,0.000
696.903,SUCCESS,4.497,4.717,19.001,6,6,0.000,0.000,0.000
697.003,SUCCESS,4.497,4.717,19.001,6,6,0.000,0.000,0.000
697.103,SUCCESS,4.497,4.717,19.001,6,6,0.000,0.000,0.000
697.203,SUCCESS,4.497,4.717,19.001,6,6,0.000,0.000,0.000
697.303,SUCCESS,4.497,4.717,19.001,6,6,0.000,0.000,0.000
697.403,SUCCESS,4.497,4.717,19.001,6,6,0.000,0.000,0.000
697.503,SUCCESS,4.497,4.717,19.001,6,6,0.000,0.000,0.000
697.603,SUCCESS,4.497,4.717,19.001,6,6,0.000,0.000,0.000
697.705,SUCCESS,4.498,4.716,19.001,6,6,0.000,0.000,0.000
697.803,SUCCESS,4.498,4.716,19.001,6,6,0.000,0.000,0.000
697.903,SUCCESS,4.498,4.716,19.001,6,6,0.000,0.000,0.000
698.003,SUCCESS,4.498,4.716,19.001,6,6,0.000,0.000,0.000
698.103,SUCCESS,4.498,4.716,19.001,6,6,0.000,0.000,0.000
698.203,SUCCESS,4.498,4.716,19.001,6,6,0.000,0.000,0.000
698.303,SUCCESS,4.498,4.716,19.001,6,6,0.000,0.000,0.000
698.403,SUCCESS,4.498,4.716,19.001,6,6,0.000,0.000,0.000
698.503,SUCCESS,4.497,4.716,19.001,6,6,0.000,0.000,0.000
698.603,SUCCESS,4.497,4.716,19.001,6,6,0.000,0.000,0.000
698.703,SUCCESS,4.497,4.717,19.001,6,6,0.000,0.000,0.000
698.803,SUCCESS,4.497,4.717,19.001,6,6,0.000,0.000,0.000
698.903,SUCCESS,4.497,4.717,19.001,6,6,0.000,0.000,0.000
699.003,SUCCESS,4.496,4.718,19.001,6,6,0.000,0.000,0.000
699.103,SUCCESS,4.496,4.718,19.001,6,6,0.000,0.000,0.000
699.203,SUCCESS,4.496,4.718,19.001,6,6,0.000,0.000,0.000
699.304,SUCCESS,4.496,4.718,19.001,6,6,0.000,0.000,0.000
699.403,SUCCESS,4.496,4.719,19.001,6,6,0.000,0.000,0.000
699.503,SUCCESS,4.496,4.719,19.001,6,6,0.000,0.000,0.000
699.603,SUCCESS,4.496,4.719,19.001,6,6,0.000,0.000,0.000
699.703,SUCCESS,4.496,4.719,19.001,6,6,0.000,0.000,0.000
699.803,SUCCESS,4.495,4.719,19.001,6,6,0.000,0.000,0.000
699.903,SUCCESS,4.496,4.719,19.001,6,6,0.000,0.000,0.000
700.003,SUCCESS,4.496,4.719,19.001,6,6,0.000,0.000,0.000
700.103,SUCCESS,4.496,4.719,19.001,6,6,0.000,0.000,0.000
700.203,SUCCESS,4.496,4.719,19.001,6,6,0.000,0.000,0.000
700.303,SUCCESS,4.496,4.718,19.001,6,6,0.000,0.000,0.000
700.403,SUCCESS,4.497,4.718,19.001,6,6,0.000,0.000,0.000
700.503,SUCCESS,4.497,4.718,19.001,6,6,0.000,0.000,0.000
700.603,SUCCESS,4.496,4.719,19.001,6,6,0.000,0.000,0.000
700.703,SUCCESS,4.496,4.719,19.001,6,6,0.000,0.000,0.000
700.803,SUCCESS,4.496,4.719,19.001,6,6,0.000,0.000,0.000
700.903,SUCCESS,4.496,4.718,19.001,6,6,0.000,0.000,0.000
701.003,SUCCESS,4.496,4.718,19.001,6,6,0.000,0.000,0.000
701.104,SUCCESS,4.497,4.718,19.001,6,6,0.000,0.000,0.000
701.203,SUCCESS,4.497,4.718,19.001,6,6,0.000,0.000,0.000
701.303,SUCCESS,4.497,4.718,19.001,6,6,0.000,0.000,0.000
701.403,SUCCESS,4.497,4.717,19.001,6,6,0.000,0.000,0.000
701.503,SUCCESS,4.497,4.717,19.001,6,6,0.000,0.000,0.000
701.603,SUCCESS,4.497,4.717,19.001,6,6,0.000,0.000,0.000
701.703,SUCCESS,4.497,4.717,19.001,6,6,0.000,0.000,0.000
701.803,SUCCESS,4.498,4.717,19.001,6,6,0.000,0.000,0.000
701.903,SUCCESS,4.498,4.717,19.001,6,6,0.000,0.000,0.000
702.003,SUCCESS,4.498,4.717,19.001,6,6,0.000,0.000,0.000
702.103,SUCCESS,4.498,4.717,19.001,6,6,0.000,0.000,0.000
702.203,SUCCESS,4.498,4.717,19.001,6,6,0.000,0.000,0.000
702.303,SUCCESS,4.498,4.717,19.001,6,6,0.000,0.000,0.000
702.403,SUCCESS,4.498,4.717,19.001,6,6,0.000,0.000,0.000
702.503,SUCCESS,4.498,4.717,19.001,6,6,0.000,0.000,0.000
702.604,SUCCESS,4.498,4.717,19.001,6,6,0.000,0.000,0.000
702.704,SUCCESS,4.497,4.718,19.001,6,6,0.000,0.000,0.000
702.803,SUCCESS,4.497,4.718,19.001,6,6,0.000,0.000,0.000
702.903,SUCCESS,4.497,4.718,19.001,6,6,0.000,0.000,0.000
703.004,SUCCESS,4.497,4.719,19.001,6,6,0.000,0.000,0.000
703.103,SUCCESS,4.496,4.719,19.001,6,6,0.000,0.000,0.000
703.203,SUCCESS,4.496,4.719,19.001,6,6,0.000,0.000,0.000
703.303,SUCCESS,4.496,4.719,19.001,6,6,0.000,0.000,0.000
703.403,SUCCESS,4.497,4.719,19.001,6,6,0.000,0.000,0.000
703.503,SUCCESS,4.497,4.719,19.001,6,6,0.000,0.000,0.000
703.603,SUCCESS,4.497,4.719,19.001,6,6,0.000,0.000,0.000
703.703,SUCCESS,4.497,4.719,19.001,6,6,0.000,0.000,0.000
703.803,SUCCESS,4.497,4.719,19.001,6,6,0.000,0.000,0.000
703.903,SUCCESS,4.497,4.719,19.001,6,6,0.000,0.000,0.000
704.003,SUCCESS,4.496,4.719,19.001,6,6,0.000,0.000,0.000
704.103,SUCCESS,4.496,4.719,19.001,6,6,0.000,0.000,0.000
704.203,SUCCESS,4.496,4.719,19.001,6,6,0.000,0.000,0.000
704.303,SUCCESS,4.496,4.719,19.001,6,6,0.000,0.000,0.000
704.403,SUCCESS,4.497,4.719,19.001,6,6,0.000,0.000,0.000
704.503,SUCCESS,4.497,4.718,19.001,6,6,0.000,0.000,0.000
704.603,SUCCESS,4.497,4.718,19.001,6,6,0.000,0.000,0.000
704.703,SUCCESS,4.498,4.717,19.001,6,6,0.000,0.000,0.000
704.803,SUCCESS,4.498,4.717,19.001,6,6,0.000,0.000,0.000
704.903,SUCCESS,4.498,4.717,19.001,6,6,0.000,0.000,0.000
705.003,SUCCESS,4.499,4.716,19.001,6,6,0.000,0.000,0.000
705.104,SUCCESS,4.499,4.716,19.001,6,6,0.000,0.000,0.000
705.203,SUCCESS,4.500,4.715,19.001,6,6,0.000,0.000,0.000
705.303,SUCCESS,4.500,4.715,19.001,6,6,0.000,0.000,0.000
705.404,SUCCESS,4.500,4.714,19.001,6,6,0.000,0.000,0.000
705.503,SUCCESS,4.500,4.714,19.001,6,6,0.000,0.000,0.000
705.603,SUCCESS,4.500,4.714,19.001,6,6,0.000,0.000,0.000
705.703,SUCCESS,4.500,4.714,19.001,6,6,0.000,0.000,0.000
705.803,SUCCESS,4.500,4.714,19.001,6,6,0.000,0.000,0.000
705.903,SUCCESS,4.500,4.715,19.001,6,6,0.000,0.000,0.000
706.003,SUCCESS,4.500,4.715,19.001,6,6,0.000,0.000,0.000
706.103,SUCCESS,4.500,4.715,19.001,6,6,0.000,0.000,0.000
706.203,SUCCESS,4.500,4.715,19.001,6,6,0.000,0.000,0.000
706.303,SUCCESS,4.500,4.715,19.001,6,6,0.000,0.000,0.000
706.403,SUCCESS,4.500,4.714,19.001,6,6,0.000,0.000,0.000
706.503,SUCCESS,4.500,4.714,19.001,6,6,0.000,0.000,0.000
706.603,SUCCESS,4.500,4.714,19.001,6,6,0.000,0.000,0.000
706.703,SUCCESS,4.500,4.714,19.001,6,6,0.000,0.000,0.000
706.803,SUCCESS,4.500,4.714,19.001,6,6,0.000,0.000,0.000
706.903,SUCCESS,4.501,4.713,19.001,6,6,0.000,0.000,0.000
707.003,SUCCESS,4.501,4.714,19.001,6,6,0.000,0.000,0.000
707.103,SUCCESS,4.501,4.714,19.001,6,6,0.000,0.000,0.000
707.203,SUCCESS,4.501,4.714,19.001,6,6,0.000,0.000,0.000
707.303,SUCCESS,4.501,4.714,19.001,6,6,0.000,0.000,0.000
707.403,SUCCESS,4.501,4.714,19.001,6,6,0.000,0.000,0.000
707.503,SUCCESS,4.500,4.714,19.001,6,6,0.000,0.000,0.000
707.603,SUCCESS,4.500,4.714,19.001,6,6,0.000,0.000,0.000
707.703,SUCCESS,4.500,4.714,19.001,6,6,0.000,0.000,0.000
707.803,SUCCESS,4.500,4.714,19.001,6,6,0.000,0.000,0.000
707.903,SUCCESS,4.500,4.714,19.001,6,6,0.000,0.000,0.000
708.003,SUCCESS,4.500,4.715,19.001,6,6,0.000,0.000,0.000
708.103,SUCCESS,4.499,4.715,19.001,6,6,0.000,0.000,0.000
708.203,SUCCESS,4.499,4.715,19.001,6,6,0.000,0.000,0.000
708.303,SUCCESS,4.499,4.715,19.001,6,6,0.000,0.000,0.000
708.403,SUCCESS,4.499,4.715,19.001,6,6,0.000,0.000,0.000
708.503,SUCCESS,4.499,4.715,19.001,6,6,0.000,0.000,0.000
708.603,SUCCESS,4.499,4.715,19.001,6,6,0.000,0.000,0.000
708.703,SUCCESS,4.499,4.716,19.001,6,6,0.000,0.000,0.000
708.803,SUCCESS,4.499,4.716,19.001,6,6,0.000,0.000,0.000
708.903,SUCCESS,4.499,4.716,19.001,6,6,0.000,0.000,0.000
709.003,SUCCESS,4.499,4.716,19.001,6,6,0.000,0.000,0.000
709.103,SUCCESS,4.499,4.716,19.001,6,6,0.000,0.000,0.000
709.203,SUCCESS,4.499,4.716,19.001,6,6,0.000,0.000,0.000
709.303,SUCCESS,4.499,4.716,19.001,6,6,0.000,0.000,0.000
709.403,SUCCESS,4.499,4.716,19.001,6,6,0.000,0.000,0.000
709.503,SUCCESS,4.499,4.716,19.001,6,6,0.000,0.000,0.000
709.603,SUCCESS,4.499,4.716,19.001,6,6,0.000,0.000,0.000
709.703,SUCCESS,4.499,4.716,19.001,6,6,0.000,0.000,0.000
709.804,SUCCESS,4.499,4.715,19.001,6,6,0.000,0.000,0.000
709.903,SUCCESS,4.499,4.715,19.001,6,6,0.000,0.000,0.000
710.003,SUCCESS,4.500,4.715,19.001,6,6,0.000,0.000,0.000
710.103,SUCCESS,4.500,4.714,19.001,6,6,0.000,0.000,0.000
710.203,SUCCESS,4.500,4.714,19.001,6,6,0.000,0.000,0.000
710.303,SUCCESS,4.501,4.714,19.001,6,6,0.000,0.000,0.000
710.403,SUCCESS,4.501,4.713,19.001,6,6,0.000,0.000,0.000
710.503,SUCCESS,4.501,4.713,19.001,6,6,0.000,0.000,0.000
710.603,SUCCESS,4.501,4.713,19.001,6,6,0.000,0.000,0.000
710.703,SUCCESS,4.501,4.713,19.001,6,6,0.000,0.000,0.000
710.803,SUCCESS,4.501,4.713,19.001,6,6,0.000,0.000,0.000
710.903,SUCCESS,4.501,4.713,19.001,6,6,0.000,0.000,0.000
711.003,SUCCESS,4.501,4.713,19.001,6,6,0.000,0.000,0.000
711.103,SUCCESS,4.501,4.713,19.001,6,6,0.000,0.000,0.000
711.203,SUCCESS,4.501,4.713,19.001,6,6,0.000,0.000,0.000
711.303,SUCCESS,4.501,4.713,19.001,6,6,0.000,0.000,0.000
711.403,SUCCESS,4.501,4.713,19.001,6,6,0.000,0.000,0.000
711.503,SUCCESS,4.501,4.714,19.001,6,6,0.000,0.000,0.000
711.603,SUCCESS,4.500,4.714,19.001,6,6,0.000,0.000,0.000
711.703,SUCCESS,4.500,4.714,19.001,6,6,0.000,0.000,0.000
711.803,SUCCESS,4.500,4.714,19.001,6,6,0.000,0.000,0.000
711.903,SUCCESS,4.500,4.714,19.001,6,6,0.000,0.000,0.000
712.003,SUCCESS,4.500,4.714,19.001,6,6,0.000,0.000,0.000
712.103,SUCCESS,4.500,4.714,19.001,6,6,0.000,0.000,0.000
712.203,SUCCESS,4.500,4.714,19.001,6,6,0.000,0.000,0.000
712.303,SUCCESS,4.500,4.714,19.001,6,6,0.000,0.000,0.000
712.403,SUCCESS,4.500,4.714,19.001,6,6,0.000,0.000,0.000
712.503,SUCCESS,4.500,4.714,19.001,6,6,0.000,0.000,0.000
712.603,SUCCESS,4.500,4.715,19.001,6,6,0.000,0.000,0.000
712.703,SUCCESS,4.499,4.715,19.001,6,6,0.000,0.000,0.000
712.803,SUCCESS,4.499,4.715,19.001,6,6,0.000,0.000,0.000
712.903,SUCCESS,4.499,4.715,19.001,6,6,0.000,0.000,0.000
713.003,SUCCESS,4.499,4.714,19.001,6,6,0.000,0.000,0.000
713.103,SUCCESS,4.500,4.714,19.001,6,6,0.000,0.000,0.000
713.203,SUCCESS,4.500,4.714,19.001,6,6,0.000,0.000,0.000
713.303,SUCCESS,4.500,4.714,19.001,6,6,0.000,0.000,0.000
713.403,SUCCESS,4.500,4.714,19.001,6,6,0.000,0.000,0.000
713.503,SUCCESS,4.500,4.714,19.001,6,6,0.000,0.000,0.000
713.603,SUCCESS,4.500,4.714,19.001,6,6,0.000,0.000,0.000
713.703,SUCCESS,4.500,4.713,19.001,6,6,0.000,0.000,0.000
713.803,SUCCESS,4.501,4.713,19.001,6,6,0.000,0.000,0.000
713.903,SUCCESS,4.501,4.712,19.001,6,6,0.000,0.000,0.000
714.003,SUCCESS,4.501,4.712,19.001,6,6,0.000,0.000,0.000
714.103,SUCCESS,4.502,4.712,19.001,6,6,0.000,0.000,0.000
714.203,SUCCESS,4.502,4.712,19.001,6,6,0.000,0.000,0.000
714.303,SUCCESS,4.502,4.712,19.001,6,6,0.000,0.000,0.000
714.403,SUCCESS,4.502,4.711,19.001,6,6,0.000,0.000,0.000
714.504,SUCCESS,4.502,4.711,19.001,6,6,0.000,0.000,0.000
714.603,SUCCESS,4.502,4.711,19.001,6,6,0.000,0.000,0.000
714.703,SUCCESS,4.502,4.711,19.001,6,6,0.000,0.000,0.000
714.803,SUCCESS,4.503,4.711,19.001,6,6,0.000,0.000,0.000
714.903,SUCCESS,4.503,4.711,19.001,6,6,0.000,0.000,0.000
715.003,SUCCESS,4.503,4.711,19.001,6,6,0.000,0.000,0.000
715.103,SUCCESS,4.502,4.711,19.001,6,6,0.000,0.000,0.000
715.203,SUCCESS,4.502,4.711,19.001,6,6,0.000,0.000,0.000
715.303,SUCCESS,4.502,4.711,19.001,6,6,0.000,0.000,0.000
715.403,SUCCESS,4.502,4.711,19.001,6,6,0.000,0.000,0.000
715.503,SUCCESS,4.502,4.711,19.001,6,6,0.000,0.000,0.000
715.603,SUCCESS,4.502,4.711,19.001,6,6,0.000,0.000,0.000
715.703,SUCCESS,4.502,4.711,19.001,6,6,0.000,0.000,0.000
715.803,SUCCESS,4.502,4.711,19.001,6,6,0.000,0.000,0.000
715.903,SUCCESS,4.502,4.711,19.001,6,6,0.000,0.000,0.000
716.003,SUCCESS,4.502,4.711,19.001,6,6,0.000,0.000,0.000
716.103,SUCCESS,4.502,4.711,19.001,6,6,0.000,0.000,0.000
716.203,SUCCESS,4.502,4.711,19.001,6,6,0.000,0.000,0.000
716.303,SUCCESS,4.502,4.712,19.001,6,6,0.000,0.000,0.000
716.403,SUCCESS,4.502,4.712,19.001,6,6,0.000,0.000,0.000
716.503,SUCCESS,4.502,4.712,19.001,6,6,0.000,0.000,0.000
716.603,SUCCESS,4.502,4.712,19.001,6,6,0.000,0.000,0.000
716.704,SUCCESS,4.502,4.712,19.001,6,6,0.000,0.000,0.000
716.803,SUCCESS,4.502,4.712,19.001,6,6,0.000,0.000,0.000
716.904,SUCCESS,4.501,4.713,19.001,6,6,0.000,0.000,0.000
717.003,SUCCESS,4.501,4.713,19.001,6,6,0.000,0.000,0.000
717.103,SUCCESS,4.501,4.713,19.001,6,6,0.000,0.000,0.000
717.203,SUCCESS,4.501,4.713,19.001,6,6,0.000,0.000,0.000
717.303,SUCCESS,4.501,4.713,19.001,6,6,0.000,0.000,0.000
717.403,SUCCESS,4.500,4.714,19.001,6,6,0.000,0.000,0.000
717.503,SUCCESS,4.500,4.714,19.001,6,6,0.000,0.000,0.000
717.603,SUCCESS,4.500,4.714,19.001,6,6,0.000,0.000,0.000
717.703,SUCCESS,4.500,4.714,19.001,6,6,0.000,0.000,0.000
717.803,SUCCESS,4.500,4.714,19.001,6,6,0.000,0.000,0.000
717.903,SUCCESS,4.500,4.714,19.001,6,6,0.000,0.000,0.000
718.003,SUCCESS,4.500,4.714,19.001,6,6,0.000,0.000,0.000
718.103,SUCCESS,4.500,4.714,19.001,6,6,0.000,0.000,0.000
718.203,SUCCESS,4.500,4.715,19.001,6,6,0.000,0.000,0.000
718.303,SUCCESS,4.500,4.715,19.001,6,6,0.000,0.000,0.000
718.403,SUCCESS,4.500,4.715,19.001,6,6,0.000,0.000,0.000
718.503,SUCCESS,4.500,4.715,19.001,6,6,0.000,0.000,0.000
718.603,SUCCESS,4.500,4.715,19.001,6,6,0.000,0.000,0.000
718.703,SUCCESS,4.500,4.715,19.001,6,6,0.000,0.000,0.000
718.809,SUCCESS,4.500,4.715,19.001,6,6,0.000,0.000,0.000
718.903,SUCCESS,4.501,4.715,19.001,6,6,0.000,0.000,0.000
719.003,SUCCESS,4.501,4.715,19.001,6,6,0.000,0.000,0.000
719.103,SUCCESS,4.501,4.715,19.001,6,6,0.000,0.000,0.000
719.203,SUCCESS,4.501,4.715,19.001,6,6,0.000,0.000,0.000
719.303,SUCCESS,4.500,4.715,19.001,6,6,0.000,0.000,0.000
719.403,SUCCESS,4.500,4.715,19.001,6,6,0.000,0.000,0.000
719.504,SUCCESS,4.500,4.715,19.001,6,6,0.000,0.000,0.000
719.603,SUCCESS,4.500,4.715,19.001,6,6,0.000,0.000,0.000
719.703,SUCCESS,4.501,4.715,19.001,6,6,0.000,0.000,0.000
719.803,SUCCESS,4.501,4.714,19.001,6,6,0.000,0.000,0.000
719.903,SUCCESS,4.501,4.714,19.001,6,6,0.000,0.000,0.000
720.003,SUCCESS,4.502,4.713,19.001,6,6,0.000,0.000,0.000
720.104,SUCCESS,4.502,4.713,19.001,6,6,0.000,0.000,0.000
720.205,SUCCESS,4.502,4.713,19.001,6,6,0.000,0.000,0.000
720.303,SUCCESS,4.502,4.713,19.001,6,6,0.000,0.000,0.000
720.403,SUCCESS,4.502,4.713,19.001,6,6,0.000,0.000,0.000
720.503,SUCCESS,4.502,4.713,19.001,6,6,0.000,0.000,0.000
720.603,SUCCESS,4.502,4.712,19.001,6,6,0.000,0.000,0.000
720.703,SUCCESS,4.503,4.712,19.001,6,6,0.000,0.000,0.000
720.803,SUCCESS,4.503,4.711,19.001,6,6,0.000,0.000,0.000
720.903,SUCCESS,4.503,4.711,19.001,6,6,0.000,0.000,0.000
721.003,SUCCESS,4.503,4.711,19.001,6,6,0.000,0.000,0.000
721.103,SUCCESS,4.504,4.711,19.001,6,6,0.000,0.000,0.000
721.203,SUCCESS,4.504,4.711,19.001,6,6,0.000,0.000,0.000
721.303,SUCCESS,4.504,4.710,19.001,6,6,0.000,0.000,0.000
721.403,SUCCESS,4.504,4.710,19.001,6,6,0.000,0.000,0.000
721.503,SUCCESS,4.504,4.710,19.001,6,6,0.000,0.000,0.000
721.603,SUCCESS,4.504,4.710,19.001,6,6,0.000,0.000,0.000
721.703,SUCCESS,4.504,4.710,19.001,6,6,0.000,0.000,0.000
721.803,SUCCESS,4.504,4.711,19.001,6,6,0.000,0.000,0.000
721.903,SUCCESS,4.504,4.711,19.001,6,6,0.000,0.000,0.000
722.003,SUCCESS,4.504,4.711,19.001,6,6,0.000,0.000,0.000
722.103,SUCCESS,4.504,4.711,19.001,6,6,0.000,0.000,0.000
722.203,SUCCESS,4.504,4.711,19.001,6,6,0.000,0.000,0.000
722.303,SUCCESS,4.503,4.711,19.001,6,6,0.000,0.000,0.000
722.403,SUCCESS,4.504,4.711,19.001,6,6,0.000,0.000,0.000
722.503,SUCCESS,4.504,4.711,19.001,6,6,0.000,0.000,0.000
722.603,SUCCESS,4.504,4.711,19.001,6,6,0.000,0.000,0.000
722.703,SUCCESS,4.504,4.711,19.001,6,6,0.000,0.000,0.000
722.803,SUCCESS,4.503,4.712,19.001,6,6,0.000,0.000,0.000
722.903,SUCCESS,4.503,4.712,19.001,6,6,0.000,0.000,0.000
723.003,SUCCESS,4.503,4.712,19.001,6,6,0.000,0.000,0.000
723.103,SUCCESS,4.503,4.712,19.001,6,6,0.000,0.000,0.000
723.203,SUCCESS,4.503,4.711,19.001,6,6,0.000,0.000,0.000
723.303,SUCCESS,4.504,4.711,19.001,6,6,0.000,0.000,0.000
723.403,SUCCESS,4.504,4.711,19.001,6,6,0.000,0.000,0.000
723.503,SUCCESS,4.504,4.711,19.001,6,6,0.000,0.000,0.000
723.603,SUCCESS,4.503,4.711,19.001,6,6,0.000,0.000,0.000
723.703,SUCCESS,4.503,4.711,19.001,6,6,0.000,0.000,0.000
723.803,SUCCESS,4.504,4.711,19.001,6,6,0.000,0.000,0.000
723.903,SUCCESS,4.504,4.711,19.001,6,6,0.000,0.000,0.000
724.003,SUCCESS,4.504,4.711,19.001,6,6,0.000,0.000,0.000
724.103,SUCCESS,4.504,4.711,19.001,6,6,0.000,0.000,0.000
724.203,SUCCESS,4.505,4.710,19.001,6,6,0.000,0.000,0.000
724.303,SUCCESS,4.505,4.710,19.001,6,6,0.000,0.000,0.000
724.403,SUCCESS,4.505,4.708,19.001,6,6,0.000,0.000,0.000
724.503,SUCCESS,4.505,4.708,19.001,6,6,0.000,0.000,0.000
724.603,SUCCESS,4.506,4.707,19.001,6,6,0.000,0.000,0.000
724.704,SUCCESS,4.506,4.707,19.001,6,6,0.000,0.000,0.000
724.803,SUCCESS,4.507,4.706,19.001,6,6,0.000,0.000,0.000
724.903,SUCCESS,4.507,4.706,19.001,6,6,0.000,0.000,0.000
725.003,SUCCESS,4.507,4.706,19.001,6,6,0.000,0.000,0.000
725.103,SUCCESS,4.507,4.707,19.001,6,6,0.000,0.000,0.000
725.203,SUCCESS,4.506,4.707,19.001,6,6,0.000,0.000,0.000
725.303,SUCCESS,4.506,4.707,19.001,6,6,0.000,0.000,0.000
725.403,SUCCESS,4.506,4.707,19.001,6,6,0.000,0.000,0.000
725.503,SUCCESS,4.506,4.707,19.001,6,6,0.000,0.000,0.000
725.603,SUCCESS,4.506,4.707,19.001,6,6,0.000,0.000,0.000
725.703,SUCCESS,4.506,4.707,19.001,6,6,0.000,0.000,0.000
725.803,SUCCESS,4.506,4.708,19.001,6,6,0.000,0.000,0.000
725.903,SUCCESS,4.505,4.708,19.001,6,6,0.000,0.000,0.000
726.003,SUCCESS,4.505,4.709,19.001,6,6,0.000,0.000,0.000
726.103,SUCCESS,4.504,4.710,19.001,6,6,0.000,0.000,0.000
726.203,SUCCESS,4.504,4.710,19.001,6,6,0.000,0.000,0.000
726.303,SUCCESS,4.503,4.711,19.001,6,6,0.000,0.000,0.000
726.403,SUCCESS,4.503,4.711,19.001,6,6,0.000,0.000,0.000
726.503,SUCCESS,4.502,4.712,19.001,6,6,0.000,0.000,0.000
726.603,SUCCESS,4.502,4.712,19.001,6,6,0.000,0.000,0.000
726.703,SUCCESS,4.501,4.713,19.001,6,6,0.000,0.000,0.000
726.803,SUCCESS,4.501,4.713,19.001,6,6,0.000,0.000,0.000
726.903,SUCCESS,4.500,4.714,19.001,6,6,0.000,0.000,0.000
727.003,SUCCESS,4.500,4.714,19.001,6,6,0.000,0.000,0.000
727.103,SUCCESS,4.500,4.714,19.001,6,6,0.000,0.000,0.000
727.204,SUCCESS,4.500,4.714,19.001,6,6,0.000,0.000,0.000
727.303,SUCCESS,4.499,4.715,19.001,6,6,0.000,0.000,0.000
727.403,SUCCESS,4.499,4.714,19.001,6,6,0.000,0.000,0.000
727.503,SUCCESS,4.499,4.714,19.001,6,6,0.000,0.000,0.000
727.603,SUCCESS,4.499,4.715,19.001,6,6,0.000,0.000,0.000
727.703,SUCCESS,4.499,4.715,19.001,6,6,0.000,0.000,0.000
727.803,SUCCESS,4.499,4.715,19.001,6,6,0.000,0.000,0.000
727.903,SUCCESS,4.498,4.716,19.001,6,6,0.000,0.000,0.000
728.003,SUCCESS,4.498,4.716,19.001,6,6,0.000,0.000,0.000
728.103,SUCCESS,4.498,4.716,19.001,6,6,0.000,0.000,0.000
728.203,SUCCESS,4.498,4.717,19.001,6,6,0.000,0.000,0.000
728.303,SUCCESS,4.497,4.717,19.001,6,6,0.000,0.000,0.000
728.403,SUCCESS,4.497,4.716,19.001,6,6,0.000,0.000,0.000
728.503,SUCCESS,4.498,4.716,19.001,6,6,0.000,0.000,0.000
728.603,SUCCESS,4.498,4.716,19.001,6,6,0.000,0.000,0.000
728.703,SUCCESS,4.498,4.716,19.001,6,6,0.000,0.000,0.000
728.803,SUCCESS,4.498,4.716,19.001,6,6,0.000,0.000,0.000
728.903,SUCCESS,4.498,4.715,19.001,6,6,0.000,0.000,0.000
729.003,SUCCESS,4.498,4.715,19.001,6,6,0.000,0.000,0.000
729.103,SUCCESS,4.498,4.715,19.001,6,6,0.000,0.000,0.000
729.203,SUCCESS,4.498,4.715,19.001,6,6,0.000,0.000,0.000
729.303,SUCCESS,4.498,4.715,19.001,6,6,0.000,0.000,0.000
729.403,SUCCESS,4.498,4.715,19.001,6,6,0.000,0.000,0.000
729.504,SUCCESS,4.498,4.716,19.001,6,6,0.000,0.000,0.000
729.603,SUCCESS,4.498,4.716,19.001,6,6,0.000,0.000,0.000
729.704,SUCCESS,4.497,4.716,19.001,6,6,0.000,0.000,0.000
729.803,SUCCESS,4.497,4.717,19.001,6,6,0.000,0.000,0.000
729.903,SUCCESS,4.497,4.717,19.001,6,6,0.000,0.000,0.000
730.003,SUCCESS,4.497,4.716,19.001,6,6,0.000,0.000,0.000
730.103,SUCCESS,4.497,4.716,19.001,6,6,0.000,0.000,0.000
730.203,SUCCESS,4.497,4.716,19.001,6,6,0.000,0.000,0.000
730.303,SUCCESS,4.497,4.716,19.001,6,6,0.000,0.000,0.000
730.403,SUCCESS,4.497,4.716,19.001,6,6,0.000,0.000,0.000
730.504,SUCCESS,4.497,4.716,19.001,6,6,0.000,0.000,0.000
730.603,SUCCESS,4.497,4.716,19.001,6,6,0.000,0.000,0.000
730.703,SUCCESS,4.497,4.716,19.001,6,6,0.000,0.000,0.000
730.803,SUCCESS,4.497,4.716,19.001,6,6,0.000,0.000,0.000
730.903,SUCCESS,4.497,4.716,19.001,6,6,0.000,0.000,0.000
731.003,SUCCESS,4.497,4.716,19.001,6,6,0.000,0.000,0.000
731.103,SUCCESS,4.497,4.715,19.001,6,6,0.000,0.000,0.000
731.203,SUCCESS,4.498,4.715,19.001,6,6,0.000,0.000,0.000
731.303,SUCCESS,4.498,4.715,19.001,6,6,0.000,0.000,0.000
731.403,SUCCESS,4.498,4.715,19.001,6,6,0.000,0.000,0.000
731.503,SUCCESS,4.498,4.715,19.001,6,6,0.000,0.000,0.000
731.603,SUCCESS,4.498,4.715,19.001,6,6,0.000,0.000,0.000
731.703,SUCCESS,4.498,4.715,19.001,6,6,0.000,0.000,0.000
731.803,SUCCESS,4.498,4.715,19.001,6,6,0.000,0.000,0.000
731.903,SUCCESS,4.498,4.715,19.001,6,6,0.000,0.000,0.000
732.004,SUCCESS,4.498,4.715,19.001,6,6,0.000,0.000,0.000
732.103,SUCCESS,4.498,4.714,19.001,6,6,0.000,0.000,0.000
732.203,SUCCESS,4.498,4.714,19.001,6,6,0.000,0.000,0.000
732.303,SUCCESS,4.499,4.714,19.001,6,6,0.000,0.000,0.000
732.403,SUCCESS,4.499,4.714,19.001,6,6,0.000,0.000,0.000
732.503,SUCCESS,4.499,4.714,19.001,6,6,0.000,0.000,0.000
732.603,SUCCESS,4.499,4.714,19.001,6,6,0.000,0.000,0.000
732.703,SUCCESS,4.499,4.714,19.001,6,6,0.000,0.000,0.000
732.803,SUCCESS,4.499,4.714,19.001,6,6,0.000,0.000,0.000
732.903,SUCCESS,4.498,4.714,19.001,6,6,0.000,0.000,0.000
733.003,SUCCESS,4.498,4.714,19.001,6,6,0.000,0.000,0.000
733.103,SUCCESS,4.498,4.714,19.001,6,6,0.000,0.000,0.000
733.203,SUCCESS,4.498,4.714,19.001,6,6,0.000,0.000,0.000
733.303,SUCCESS,4.498,4.714,19.001,6,6,0.000,0.000,0.000
733.403,SUCCESS,4.498,4.714,19.001,6,6,0.000,0.000,0.000
733.503,SUCCESS,4.498,4.714,19.001,6,6,0.000,0.000,0.000
733.603,SUCCESS,4.498,4.714,19.001,6,6,0.000,0.000,0.000
733.703,SUCCESS,4.498,4.715,19.001,6,6,0.000,0.000,0.000
733.803,SUCCESS,4.498,4.715,19.001,6,6,0.000,0.000,0.000
733.903,SUCCESS,4.498,4.715,19.001,6,6,0.000,0.000,0.000
734.003,SUCCESS,4.498,4.715,19.001,6,6,0.000,0.000,0.000
734.103,SUCCESS,4.498,4.715,19.001,6,6,0.000,0.000,0.000
734.203,SUCCESS,4.498,4.715,19.001,6,6,0.000,0.000,0.000
734.304,SUCCESS,4.498,4.715,19.001,6,6,0.000,0.000,0.000
734.403,SUCCESS,4.498,4.715,19.001,6,6,0.000,0.000,0.000
734.503,SUCCESS,4.498,4.714,19.001,6,6,0.000,0.000,0.000
734.603,SUCCESS,4.498,4.714,19.001,6,6,0.000,0.000,0.000
734.703,SUCCESS,4.499,4.714,19.001,6,6,0.000,0.000,0.000
734.803,SUCCESS,4.499,4.714,19.001,6,6,0.000,0.000,0.000
734.903,SUCCESS,4.498,4.715,19.001,6,6,0.000,0.000,0.000
735.003,SUCCESS,4.498,4.715,19.001,6,6,0.000,0.000,0.000
735.103,SUCCESS,4.498,4.715,19.001,6,6,0.000,0.000,0.000
735.204,SUCCESS,4.497,4.716,19.001,6,6,0.000,0.000,0.000
735.303,SUCCESS,4.497,4.716,19.001,6,6,0.000,0.000,0.000
735.403,SUCCESS,4.497,4.716,19.001,6,6,0.000,0.000,0.000
735.503,SUCCESS,4.496,4.717,19.001,6,6,0.000,0.000,0.000
735.603,SUCCESS,4.496,4.717,19.001,6,6,0.000,0.000,0.000
735.704,SUCCESS,4.496,4.717,19.001,6,6,0.000,0.000,0.000
735.803,SUCCESS,4.496,4.717,19.001,6,6,0.000,0.000,0.000
735.903,SUCCESS,4.495,4.717,19.001,6,6,0.000,0.000,0.000
736.003,SUCCESS,4.495,4.718,19.001,6,6,0.000,0.000,0.000
736.103,SUCCESS,4.495,4.718,19.001,6,6,0.000,0.000,0.000
736.203,SUCCESS,4.495,4.718,19.001,6,6,0.000,0.000,0.000
736.303,SUCCESS,4.495,4.718,19.001,6,6,0.000,0.000,0.000
736.403,SUCCESS,4.495,4.718,19.001,6,6,0.000,0.000,0.000
736.503,SUCCESS,4.494,4.718,19.001,6,6,0.000,0.000,0.000
736.603,SUCCESS,4.494,4.719,19.001,6,6,0.000,0.000,0.000
736.703,SUCCESS,4.494,4.719,19.001,6,6,0.000,0.000,0.000
736.803,SUCCESS,4.494,4.719,19.001,6,6,0.000,0.000,0.000
736.903,SUCCESS,4.494,4.719,19.001,6,6,0.000,0.000,0.000
737.003,SUCCESS,4.494,4.719,19.001,6,6,0.000,0.000,0.000
737.103,SUCCESS,4.494,4.719,19.001,6,6,0.000,0.000,0.000
737.203,SUCCESS,4.494,4.719,19.001,6,6,0.000,0.000,0.000
737.303,SUCCESS,4.494,4.719,19.001,6,6,0.000,0.000,0.000
737.403,SUCCESS,4.494,4.719,19.001,6,6,0.000,0.000,0.000
737.503,SUCCESS,4.493,4.719,19.001,6,6,0.000,0.000,0.000
737.603,SUCCESS,4.494,4.719,19.001,6,6,0.000,0.000,0.000
737.703,SUCCESS,4.494,4.718,19.001,6,6,0.000,0.000,0.000
737.803,SUCCESS,4.494,4.718,19.001,6,6,0.000,0.000,0.000
737.903,SUCCESS,4.494,4.718,19.001,6,6,0.000,0.000,0.000
738.003,SUCCESS,4.494,4.718,19.001,6,6,0.000,0.000,0.000
738.103,SUCCESS,4.495,4.718,19.001,6,6,0.000,0.000,0.000
738.203,SUCCESS,4.495,4.718,19.001,6,6,0.000,0.000,0.000
738.303,SUCCESS,4.495,4.718,19.001,6,6,0.000,0.000,0.000
738.403,SUCCESS,4.495,4.717,19.001,6,6,0.000,0.000,0.000
738.503,SUCCESS,4.495,4.717,19.001,6,6,0.000,0.000,0.000
738.603,SUCCESS,4.495,4.717,19.001,6,6,0.000,0.000,0.000
738.704,SUCCESS,4.495,4.717,19.001,6,6,0.000,0.000,0.000
738.803,SUCCESS,4.495,4.717,19.001,6,6,0.000,0.000,0.000
738.903,SUCCESS,4.496,4.717,19.001,6,6,0.000,0.000,0.000
739.003,SUCCESS,4.496,4.717,19.001,6,6,0.000,0.000,0.000
739.103,SUCCESS,4.496,4.716,19.001,6,6,0.000,0.000,0.000
739.203,SUCCESS,4.496,4.716,19.001,6,6,0.000,0.000,0.000
739.303,SUCCESS,4.497,4.715,19.001,6,6,0.000,0.000,0.000
739.403,SUCCESS,4.497,4.715,19.001,6,6,0.000,0.000,0.000
739.504,SUCCESS,4.497,4.715,19.001,6,6,0.000,0.000,0.000
739.603,SUCCESS,4.497,4.715,19.001,6,6,0.000,0.000,0.000
739.703,SUCCESS,4.497,4.715,19.001,6,6,0.000,0.000,0.000
739.804,SUCCESS,4.498,4.714,19.001,6,6,0.000,0.000,0.000
739.903,SUCCESS,4.498,4.714,19.001,6,6,0.000,0.000,0.000
740.003,SUCCESS,4.498,4.714,19.001,6,6,0.000,0.000,0.000
740.103,SUCCESS,4.498,4.714,19.001,6,6,0.000,0.000,0.000
740.203,SUCCESS,4.498,4.714,19.001,6,6,0.000,0.000,0.000
740.303,SUCCESS,4.498,4.714,19.001,6,6,0.000,0.000,0.000
740.403,SUCCESS,4.498,4.713,19.001,6,6,0.000,0.000,0.000
740.503,SUCCESS,4.498,4.713,19.001,6,6,0.000,0.000,0.000
740.603,SUCCESS,4.498,4.713,19.001,6,6,0.000,0.000,0.000
740.703,SUCCESS,4.498,4.713,19.001,6,6,0.000,0.000,0.000
740.803,SUCCESS,4.498,4.713,19.001,6,6,0.000,0.000,0.000
740.903,SUCCESS,4.498,4.713,19.001,6,6,0.000,0.000,0.000
741.003,SUCCESS,4.498,4.713,19.001,6,6,0.000,0.000,0.000
741.103,SUCCESS,4.498,4.713,19.001,6,6,0.000,0.000,0.000
741.203,SUCCESS,4.498,4.713,19.001,6,6,0.000,0.000,0.000
741.303,SUCCESS,4.498,4.713,19.001,6,6,0.000,0.000,0.000
741.403,SUCCESS,4.498,4.713,19.001,6,6,0.000,0.000,0.000
741.503,SUCCESS,4.498,4.713,19.001,6,6,0.000,0.000,0.000
741.603,SUCCESS,4.498,4.713,19.001,6,6,0.000,0.000,0.000
741.703,SUCCESS,4.497,4.714,19.001,6,6,0.000,0.000,0.000
741.803,SUCCESS,4.497,4.714,19.001,6,6,0.000,0.000,0.000
741.903,SUCCESS,4.497,4.714,19.001,6,6,0.000,0.000,0.000
742.003,SUCCESS,4.496,4.715,19.001,6,6,0.000,0.000,0.000
742.103,SUCCESS,4.496,4.715,19.001,6,6,0.000,0.000,0.000
742.203,SUCCESS,4.497,4.715,19.001,6,6,0.000,0.000,0.000
742.303,SUCCESS,4.497,4.715,19.001,6,6,0.000,0.000,0.000
742.403,SUCCESS,4.497,4.714,19.001,6,6,0.000,0.000,0.000
742.503,SUCCESS,4.497,4.714,19.001,6,6,0.000,0.000,0.000
742.603,SUCCESS,4.497,4.714,19.001,6,6,0.000,0.000,0.000
742.703,SUCCESS,4.498,4.714,19.001,6,6,0.000,0.000,0.000
742.803,SUCCESS,4.498,4.714,19.001,6,6,0.000,0.000,0.000
742.903,SUCCESS,4.498,4.713,19.001,6,6,0.000,0.000,0.000
743.003,SUCCESS,4.498,4.713,19.001,6,6,0.000,0.000,0.000
743.103,SUCCESS,4.498,4.713,19.001,6,6,0.000,0.000,0.000
743.203,SUCCESS,4.498,4.713,19.001,6,6,0.000,0.000,0.000
743.303,SUCCESS,4.497,4.713,19.001,6,6,0.000,0.000,0.000
743.403,SUCCESS,4.497,4.713,19.001,6,6,0.000,0.000,0.000
743.503,SUCCESS,4.497,4.714,19.001,6,6,0.000,0.000,0.000
743.603,SUCCESS,4.497,4.714,19.001,6,6,0.000,0.000,0.000
743.703,SUCCESS,4.497,4.714,19.001,6,6,0.000,0.000,0.000
743.803,SUCCESS,4.497,4.714,19.001,6,6,0.000,0.000,0.000
743.903,SUCCESS,4.496,4.714,19.001,6,6,0.000,0.000,0.000
744.003,SUCCESS,4.496,4.715,19.001,6,6,0.000,0.000,0.000
744.103,SUCCESS,4.495,4.715,19.001,6,6,0.000,0.000,0.000
744.203,SUCCESS,4.495,4.716,19.001,6,6,0.000,0.000,0.000
744.303,SUCCESS,4.495,4.716,19.001,6,6,0.000,0.000,0.000
744.403,SUCCESS,4.495,4.716,19.001,6,6,0.000,0.000,0.000
744.503,SUCCESS,4.495,4.716,19.001,6,6,0.000,0.000,0.000
744.603,SUCCESS,4.495,4.716,19.001,6,6,0.000,0.000,0.000
744.703,SUCCESS,4.495,4.716,19.001,6,6,0.000,0.000,0.000
744.803,SUCCESS,4.495,4.716,19.001,6,6,0.000,0.000,0.000
744.903,SUCCESS,4.495,4.716,19.001,6,6,0.000,0.000,0.000
745.003,SUCCESS,4.494,4.716,19.001,6,6,0.000,0.000,0.000
745.104,SUCCESS,4.494,4.717,19.001,6,6,0.000,0.000,0.000
745.203,SUCCESS,4.494,4.717,19.001,6,6,0.000,0.000,0.000
745.304,SUCCESS,4.493,4.717,19.001,6,6,0.000,0.000,0.000
745.404,SUCCESS,4.493,4.717,19.001,6,6,0.000,0.000,0.000
745.503,SUCCESS,4.493,4.717,19.001,6,6,0.000,0.000,0.000
745.603,SUCCESS,4.493,4.717,19.001,6,6,0.000,0.000,0.000
745.703,SUCCESS,4.493,4.717,19.001,6,6,0.000,0.000,0.000
745.803,SUCCESS,4.493,4.717,19.001,6,6,0.000,0.000,0.000
745.903,SUCCESS,4.493,4.717,19.001,6,6,0.000,0.000,0.000
746.003,SUCCESS,4.493,4.718,19.001,6,6,0.000,0.000,0.000
746.103,SUCCESS,4.492,4.719,19.001,6,6,0.000,0.000,0.000
746.203,SUCCESS,4.492,4.719,19.001,6,6,0.000,0.000,0.000
746.303,SUCCESS,4.491,4.719,19.001,6,6,0.000,0.000,0.000
746.403,SUCCESS,4.491,4.720,19.001,6,6,0.000,0.000,0.000
746.503,SUCCESS,4.491,4.720,19.001,6,6,0.000,0.000,0.000
746.603,SUCCESS,4.490,4.720,19.001,6,6,0.000,0.000,0.000
746.703,SUCCESS,4.490,4.720,19.001,6,6,0.000,0.000,0.000
746.803,SUCCESS,4.490,4.720,19.001,6,6,0.000,0.000,0.000
746.903,SUCCESS,4.490,4.720,19.001,6,6,0.000,0.000,0.000
747.003,SUCCESS,4.490,4.720,19.001,6,6,0.000,0.000,0.000
747.103,SUCCESS,4.490,4.721,19.001,6,6,0.000,0.000,0.000
747.203,SUCCESS,4.490,4.721,19.001,6,6,0.000,0.000,0.000
747.303,SUCCESS,4.490,4.721,19.001,6,6,0.000,0.000,0.000
747.403,SUCCESS,4.490,4.721,19.001,6,6,0.000,0.000,0.000
747.503,SUCCESS,4.490,4.721,19.001,6,6,0.000,0.000,0.000
747.603,SUCCESS,4.490,4.721,19.001,6,6,0.000,0.000,0.000
747.703,SUCCESS,4.490,4.721,19.001,6,6,0.000,0.000,0.000
747.803,SUCCESS,4.490,4.721,19.001,6,6,0.000,0.000,0.000
747.903,SUCCESS,4.490,4.721,19.001,6,6,0.000,0.000,0.000
748.003,SUCCESS,4.490,4.721,19.001,6,6,0.000,0.000,0.000
748.103,SUCCESS,4.490,4.721,19.001,6,6,0.000,0.000,0.000
748.203,SUCCESS,4.489,4.721,19.001,6,6,0.000,0.000,0.000
748.303,SUCCESS,4.489,4.721,19.001,6,6,0.000,0.000,0.000
748.403,SUCCESS,4.489,4.721,19.001,6,6,0.000,0.000,0.000
748.503,SUCCESS,4.489,4.721,19.001,6,6,0.000,0.000,0.000
748.603,SUCCESS,4.489,4.721,19.001,6,6,0.000,0.000,0.000
748.703,SUCCESS,4.489,4.721,19.001,6,6,0.000,0.000,0.000
748.803,SUCCESS,4.489,4.721,19.001,6,6,0.000,0.000,0.000
748.903,SUCCESS,4.489,4.720,19.001,6,6,0.000,0.000,0.000
749.003,SUCCESS,4.489,4.720,19.001,6,6,0.000,0.000,0.000
749.103,SUCCESS,4.489,4.720,19.001,6,6,0.000,0.000,0.000
749.203,SUCCESS,4.489,4.721,19.001,6,6,0.000,0.000,0.000
749.303,SUCCESS,4.489,4.721,19.001,6,6,0.000,0.000,0.000
749.403,SUCCESS,4.489,4.721,19.001,6,6,0.000,0.000,0.000
749.503,SUCCESS,4.488,4.721,19.001,6,6,0.000,0.000,0.000
749.603,SUCCESS,4.488,4.722,19.001,6,6,0.000,0.000,0.000
749.703,SUCCESS,4.488,4.722,19.001,6,6,0.000,0.000,0.000
749.803,SUCCESS,4.488,4.722,19.001,6,6,0.000,0.000,0.000
749.903,SUCCESS,4.488,4.722,19.001,6,6,0.000,0.000,0.000
750.003,SUCCESS,4.488,4.722,19.001,6,6,0.000,0.000,0.000
750.103,SUCCESS,4.488,4.722,19.001,6,6,0.000,0.000,0.000
750.203,SUCCESS,4.488,4.722,19.001,6,6,0.000,0.000,0.000
750.303,SUCCESS,4.488,4.723,19.001,6,6,0.000,0.000,0.000
750.403,SUCCESS,4.488,4.723,19.001,6,6,0.000,0.000,0.000
750.503,SUCCESS,4.487,4.723,19.001,6,6,0.000,0.000,0.000
750.603,SUCCESS,4.487,4.723,19.001,6,6,0.000,0.000,0.000
750.703,SUCCESS,4.488,4.723,19.001,6,6,0.000,0.000,0.000
750.803,SUCCESS,4.488,4.723,19.001,6,6,0.000,0.000,0.000
750.903,SUCCESS,4.488,4.723,19.001,6,6,0.000,0.000,0.000
751.003,SUCCESS,4.488,4.723,19.001,6,6,0.000,0.000,0.000
751.103,SUCCESS,4.488,4.723,19.001,6,6,0.000,0.000,0.000
751.204,SUCCESS,4.488,4.723,19.001,6,6,0.000,0.000,0.000
751.303,SUCCESS,4.487,4.723,19.001,6,6,0.000,0.000,0.000
751.403,SUCCESS,4.487,4.723,19.001,6,6,0.000,0.000,0.000
751.503,SUCCESS,4.487,4.723,19.001,6,6,0.000,0.000,0.000
751.603,SUCCESS,4.487,4.723,19.001,6,6,0.000,0.000,0.000
751.703,SUCCESS,4.488,4.723,19.001,6,6,0.000,0.000,0.000
751.803,SUCCESS,4.488,4.723,19.001,6,6,0.000,0.000,0.000
751.903,SUCCESS,4.488,4.722,19.001,6,6,0.000,0.000,0.000
752.003,SUCCESS,4.488,4.722,19.001,6,6,0.000,0.000,0.000
752.103,SUCCESS,4.488,4.722,19.001,6,6,0.000,0.000,0.000
752.203,SUCCESS,4.488,4.722,19.001,6,6,0.000,0.000,0.000
752.303,SUCCESS,4.488,4.723,19.001,6,6,0.000,0.000,0.000
752.403,SUCCESS,4.488,4.722,19.001,6,6,0.000,0.000,0.000
752.503,SUCCESS,4.487,4.723,19.001,6,6,0.000,0.000,0.000
752.603,SUCCESS,4.488,4.722,19.001,6,6,0.000,0.000,0.000
752.703,SUCCESS,4.488,4.722,19.001,6,6,0.000,0.000,0.000
752.803,SUCCESS,4.488,4.722,19.001,6,6,0.000,0.000,0.000
752.904,SUCCESS,4.488,4.722,19.001,6,6,0.000,0.000,0.000
753.003,SUCCESS,4.488,4.722,19.001,6,6,0.000,0.000,0.000
753.103,SUCCESS,4.488,4.722,19.001,6,6,0.000,0.000,0.000
753.203,SUCCESS,4.488,4.722,19.001,6,6,0.000,0.000,0.000
753.303,SUCCESS,4.487,4.722,19.001,6,6,0.000,0.000,0.000
753.403,SUCCESS,4.487,4.722,19.001,6,6,0.000,0.000,0.000
753.503,SUCCESS,4.488,4.721,19.001,6,6,0.000,0.000,0.000
753.603,SUCCESS,4.488,4.721,19.001,6,6,0.000,0.000,0.000
753.703,SUCCESS,4.489,4.720,19.001,6,6,0.000,0.000,0.000
753.803,SUCCESS,4.489,4.720,19.001,6,6,0.000,0.000,0.000
753.903,SUCCESS,4.490,4.719,19.001,6,6,0.000,0.000,0.000
754.003,SUCCESS,4.490,4.719,19.001,6,6,0.000,0.000,0.000
754.103,SUCCESS,4.490,4.718,19.001,6,6,0.000,0.000,0.000
754.203,SUCCESS,4.490,4.718,19.001,6,6,0.000,0.000,0.000
754.303,SUCCESS,4.491,4.718,19.001,6,6,0.000,0.000,0.000
754.403,SUCCESS,4.491,4.718,19.001,6,6,0.000,0.000,0.000
754.503,SUCCESS,4.491,4.718,19.001,6,6,0.000,0.000,0.000
754.603,SUCCESS,4.491,4.718,19.001,6,6,0.000,0.000,0.000
754.703,SUCCESS,4.491,4.718,19.001,6,6,0.000,0.000,0.000
754.803,SUCCESS,4.490,4.718,19.001,6,6,0.000,0.000,0.000
754.903,SUCCESS,4.490,4.719,19.001,6,6,0.000,0.000,0.000
755.003,SUCCESS,4.490,4.719,19.001,6,6,0.000,0.000,0.000
755.104,SUCCESS,4.490,4.719,19.001,6,6,0.000,0.000,0.000
755.203,SUCCESS,4.490,4.719,19.001,6,6,0.000,0.000,0.000
755.303,SUCCESS,4.490,4.719,19.001,6,6,0.000,0.000,0.000
755.403,SUCCESS,4.491,4.718,19.001,6,6,0.000,0.000,0.000
755.503,SUCCESS,4.491,4.718,19.001,6,6,0.000,0.000,0.000
755.603,SUCCESS,4.491,4.718,19.001,6,6,0.000,0.000,0.000
755.704,SUCCESS,4.491,4.718,19.001,6,6,0.000,0.000,0.000
755.803,SUCCESS,4.491,4.718,19.001,6,6,0.000,0.000,0.000
755.903,SUCCESS,4.491,4.718,19.001,6,6,0.000,0.000,0.000
756.003,SUCCESS,4.491,4.718,19.001,6,6,0.000,0.000,0.000
756.103,SUCCESS,4.491,4.718,19.001,6,6,0.000,0.000,0.000
756.203,SUCCESS,4.491,4.718,19.001,6,6,0.000,0.000,0.000
756.303,SUCCESS,4.491,4.718,19.001,6,6,0.000,0.000,0.000
756.403,SUCCESS,4.491,4.718,19.001,6,6,0.000,0.000,0.000
756.503,SUCCESS,4.491,4.718,19.001,6,6,0.000,0.000,0.000
756.603,SUCCESS,4.491,4.718,19.001,6,6,0.000,0.000,0.000
756.703,SUCCESS,4.491,4.719,19.001,6,6,0.000,0.000,0.000
756.803,SUCCESS,4.491,4.719,19.001,6,6,0.000,0.000,0.000
756.903,SUCCESS,4.490,4.719,19.001,6,6,0.000,0.000,0.000
757.003,SUCCESS,4.490,4.719,19.001,6,6,0.000,0.000,0.000
757.103,SUCCESS,4.490,4.719,19.001,6,6,0.000,0.000,0.000
757.203,SUCCESS,4.490,4.719,19.001,6,6,0.000,0.000,0.000
757.303,SUCCESS,4.490,4.719,19.001,6,6,0.000,0.000,0.000
757.403,SUCCESS,4.490,4.719,19.001,6,6,0.000,0.000,0.000
757.503,SUCCESS,4.490,4.720,19.001,6,6,0.000,0.000,0.000
757.603,SUCCESS,4.489,4.720,19.001,6,6,0.000,0.000,0.000
757.703,SUCCESS,4.489,4.720,19.001,6,6,0.000,0.000,0.000
757.803,SUCCESS,4.489,4.720,19.001,6,6,0.000,0.000,0.000
757.903,SUCCESS,4.489,4.721,19.001,6,6,0.000,0.000,0.000
758.003,SUCCESS,4.488,4.721,19.001,6,6,0.000,0.000,0.000
758.104,SUCCESS,4.488,4.721,19.001,6,6,0.000,0.000,0.000
758.203,SUCCESS,4.488,4.722,19.001,6,6,0.000,0.000,0.000
758.303,SUCCESS,4.487,4.722,19.001,6,6,0.000,0.000,0.000
758.403,SUCCESS,4.487,4.723,19.001,6,6,0.000,0.000,0.000
758.503,SUCCESS,4.487,4.723,19.001,6,6,0.000,0.000,0.000
758.603,SUCCESS,4.487,4.723,19.001,6,6,0.000,0.000,0.000
758.703,SUCCESS,4.487,4.723,19.001,6,6,0.000,0.000,0.000
758.803,SUCCESS,4.487,4.723,19.001,6,6,0.000,0.000,0.000
758.903,SUCCESS,4.487,4.723,19.001,6,6,0.000,0.000,0.000
759.003,SUCCESS,4.487,4.722,19.001,6,6,0.000,0.000,0.000
759.103,SUCCESS,4.487,4.723,19.001,6,6,0.000,0.000,0.000
759.203,SUCCESS,4.487,4.723,19.001,6,6,0.000,0.000,0.000
759.303,SUCCESS,4.487,4.723,19.001,6,6,0.000,0.000,0.000
759.403,SUCCESS,4.487,4.723,19.001,6,6,0.000,0.000,0.000
759.503,SUCCESS,4.487,4.723,19.001,6,6,0.000,0.000,0.000
759.603,SUCCESS,4.487,4.724,19.001,6,6,0.000,0.000,0.000
759.703,SUCCESS,4.486,4.724,19.001,6,6,0.000,0.000,0.000
759.803,SUCCESS,4.486,4.724,19.001,6,6,0.000,0.000,0.000
759.903,SUCCESS,4.486,4.724,19.001,6,6,0.000,0.000,0.000
760.003,SUCCESS,4.487,4.723,19.001,6,6,0.000,0.000,0.000
760.103,SUCCESS,4.487,4.723,19.001,6,6,0.000,0.000,0.000
760.203,SUCCESS,4.488,4.722,19.001,6,6,0.000,0.000,0.000
760.303,SUCCESS,4.488,4.722,19.001,6,6,0.000,0.000,0.000
760.403,SUCCESS,4.488,4.722,19.001,6,6,0.000,0.000,0.000
760.505,SUCCESS,4.488,4.722,19.001,6,6,0.000,0.000,0.000
760.603,SUCCESS,4.488,4.722,19.001,6,6,0.000,0.000,0.000
760.703,SUCCESS,4.488,4.722,19.001,6,6,0.000,0.000,0.000
760.803,SUCCESS,4.488,4.723,19.001,6,6,0.000,0.000,0.000
760.904,SUCCESS,4.488,4.723,19.001,6,6,0.000,0.000,0.000
761.003,SUCCESS,4.488,4.723,19.001,6,6,0.000,0.000,0.000
761.103,SUCCESS,4.488,4.723,19.001,6,6,0.000,0.000,0.000
761.203,SUCCESS,4.488,4.723,19.001,6,6,0.000,0.000,0.000
761.303,SUCCESS,4.488,4.723,19.001,6,6,0.000,0.000,0.000
761.403,SUCCESS,4.487,4.723,19.001,6,6,0.000,0.000,0.000
761.503,SUCCESS,4.487,4.723,19.001,6,6,0.000,0.000,0.000
761.603,SUCCESS,4.488,4.723,19.001,6,6,0.000,0.000,0.000
761.703,SUCCESS,4.488,4.723,19.001,6,6,0.000,0.000,0.000
761.804,SUCCESS,4.488,4.723,19.001,6,6,0.000,0.000,0.000
761.903,SUCCESS,4.488,4.722,19.001,6,6,0.000,0.000,0.000
762.003,SUCCESS,4.488,4.722,19.001,6,6,0.000,0.000,0.000
762.104,SUCCESS,4.489,4.722,19.001,6,6,0.000,0.000,0.000
762.203,SUCCESS,4.489,4.721,19.001,6,6,0.000,0.000,0.000
762.303,SUCCESS,4.490,4.721,19.001,6,6,0.000,0.000,0.000
762.404,SUCCESS,4.490,4.720,19.001,6,6,0.000,0.000,0.000
762.503,SUCCESS,4.490,4.720,19.001,6,6,0.000,0.000,0.000
762.603,SUCCESS,4.490,4.720,19.001,6,6,0.000,0.000,0.000
762.703,SUCCESS,4.490,4.720,19.001,6,6,0.000,0.000,0.000
762.803,SUCCESS,4.490,4.720,19.001,6,6,0.000,0.000,0.000
762.903,SUCCESS,4.490,4.719,19.001,6,6,0.000,0.000,0.000
763.004,SUCCESS,4.490,4.719,19.001,6,6,0.000,0.000,0.000
763.103,SUCCESS,4.490,4.719,19.001,6,6,0.000,0.000,0.000
763.203,SUCCESS,4.490,4.719,19.001,6,6,0.000,0.000,0.000
763.303,SUCCESS,4.490,4.719,19.001,6,6,0.000,0.000,0.000
763.403,SUCCESS,4.490,4.719,19.001,6,6,0.000,0.000,0.000
763.503,SUCCESS,4.491,4.719,19.001,6,6,0.000,0.000,0.000
763.603,SUCCESS,4.490,4.719,19.001,6,6,0.000,0.000,0.000
763.703,SUCCESS,4.490,4.719,19.001,6,6,0.000,0.000,0.000
763.803,SUCCESS,4.490,4.719,19.001,6,6,0.000,0.000,0.000
763.903,SUCCESS,4.490,4.719,19.001,6,6,0.000,0.000,0.000
764.003,SUCCESS,4.490,4.719,19.001,6,6,0.000,0.000,0.000
764.104,SUCCESS,4.491,4.718,19.001,6,6,0.000,0.000,0.000
764.203,SUCCESS,4.491,4.718,19.001,6,6,0.000,0.000,0.000
764.303,SUCCESS,4.491,4.718,19.001,6,6,0.000,0.000,0.000
764.403,SUCCESS,4.491,4.718,19.001,6,6,0.000,0.000,0.000
764.503,SUCCESS,4.492,4.717,19.001,6,6,0.000,0.000,0.000
764.603,SUCCESS,4.492,4.717,19.001,6,6,0.000,0.000,0.000
764.703,SUCCESS,4.492,4.717,19.001,6,6,0.000,0.000,0.000
764.803,SUCCESS,4.492,4.717,19.001,6,6,0.000,0.000,0.000
764.903,SUCCESS,4.492,4.717,19.001,6,6,0.000,0.000,0.000
765.003,SUCCESS,4.492,4.717,19.001,6,6,0.000,0.000,0.000
765.103,SUCCESS,4.492,4.717,19.001,6,6,0.000,0.000,0.000
765.203,SUCCESS,4.492,4.717,19.001,6,6,0.000,0.000,0.000
765.303,SUCCESS,4.493,4.717,19.001,6,6,0.000,0.000,0.000
765.403,SUCCESS,4.492,4.717,19.001,6,6,0.000,0.000,0.000
765.503,SUCCESS,4.492,4.717,19.001,6,6,0.000,0.000,0.000
765.603,SUCCESS,4.492,4.717,19.001,6,6,0.000,0.000,0.000
765.703,SUCCESS,4.492,4.718,19.001,6,6,0.000,0.000,0.000
765.803,SUCCESS,4.492,4.718,19.001,6,6,0.000,0.000,0.000
765.903,SUCCESS,4.491,4.718,19.001,6,6,0.000,0.000,0.000
766.003,SUCCESS,4.491,4.718,19.001,6,6,0.000,0.000,0.000
766.103,SUCCESS,4.491,4.718,19.001,6,6,0.000,0.000,0.000
766.203,SUCCESS,4.492,4.718,19.001,6,6,0.000,0.000,0.000
766.303,SUCCESS,4.492,4.718,19.001,6,6,0.000,0.000,0.000
766.403,SUCCESS,4.492,4.718,19.001,6,6,0.000,0.000,0.000
766.503,SUCCESS,4.492,4.717,19.001,6,6,0.000,0.000,0.000
766.604,SUCCESS,4.492,4.717,19.001,6,6,0.000,0.000,0.000
766.703,SUCCESS,4.492,4.717,19.001,6,6,0.000,0.000,0.000
766.803,SUCCESS,4.492,4.717,19.001,6,6,0.000,0.000,0.000
766.903,SUCCESS,4.492,4.718,19.001,6,6,0.000,0.000,0.000
767.003,SUCCESS,4.492,4.718,19.001,6,6,0.000,0.000,0.000
767.103,SUCCESS,4.492,4.718,19.001,6,6,0.000,0.000,0.000
767.203,SUCCESS,4.492,4.718,19.001,6,6,0.000,0.000,0.000
767.303,SUCCESS,4.492,4.718,19.001,6,6,0.000,0.000,0.000
767.403,SUCCESS,4.492,4.718,19.001,6,6,0.000,0.000,0.000
767.504,SUCCESS,4.492,4.718,19.001,6,6,0.000,0.000,0.000
767.603,SUCCESS,4.492,4.718,19.001,6,6,0.000,0.000,0.000
767.703,SUCCESS,4.492,4.718,19.001,6,6,0.000,0.000,0.000
767.803,SUCCESS,4.492,4.718,19.001,6,6,0.000,0.000,0.000
767.903,SUCCESS,4.492,4.717,19.001,6,6,0.000,0.000,0.000
768.003,SUCCESS,4.492,4.717,19.001,6,6,0.000,0.000,0.000
768.104,SUCCESS,4.492,4.718,19.001,6,6,0.000,0.000,0.000
768.203,SUCCESS,4.492,4.717,19.001,6,6,0.000,0.000,0.000
768.303,SUCCESS,4.492,4.718,19.001,6,6,0.000,0.000,0.000
768.403,SUCCESS,4.492,4.718,19.001,6,6,0.000,0.000,0.000
768.503,SUCCESS,4.492,4.718,19.001,6,6,0.000,0.000,0.000
768.603,SUCCESS,4.492,4.718,19.001,6,6,0.000,0.000,0.000
768.703,SUCCESS,4.492,4.718,19.001,6,6,0.000,0.000,0.000
768.803,SUCCESS,4.492,4.718,19.001,6,6,0.000,0.000,0.000
768.903,SUCCESS,4.492,4.718,19.001,6,6,0.000,0.000,0.000
769.003,SUCCESS,4.492,4.718,19.001,6,6,0.000,0.000,0.000
769.103,SUCCESS,4.492,4.718,19.001,6,6,0.000,0.000,0.000
769.203,SUCCESS,4.492,4.718,19.001,6,6,0.000,0.000,0.000
769.303,SUCCESS,4.492,4.718,19.001,6,6,0.000,0.000,0.000
769.403,SUCCESS,4.492,4.718,19.001,6,6,0.000,0.000,0.000
769.503,SUCCESS,4.492,4.718,19.001,6,6,0.000,0.000,0.000
769.603,SUCCESS,4.492,4.718,19.001,6,6,0.000,0.000,0.000
769.703,SUCCESS,4.492,4.718,19.001,6,6,0.000,0.000,0.000
769.803,SUCCESS,4.492,4.718,19.001,6,6,0.000,0.000,0.000
769.903,SUCCESS,4.492,4.718,19.001,6,6,0.000,0.000,0.000
770.003,SUCCESS,4.492,4.718,19.001,6,6,0.000,0.000,0.000
770.103,SUCCESS,4.492,4.718,19.001,6,6,0.000,0.000,0.000
770.203,SUCCESS,4.492,4.718,19.001,6,6,0.000,0.000,0.000
770.303,SUCCESS,4.492,4.718,19.001,6,6,0.000,0.000,0.000
770.403,SUCCESS,4.492,4.718,19.001,6,6,0.000,0.000,0.000
770.503,SUCCESS,4.492,4.718,19.001,6,6,0.000,0.000,0.000
770.603,SUCCESS,4.492,4.718,19.001,6,6,0.000,0.000,0.000
770.703,SUCCESS,4.492,4.718,19.001,6,6,0.000,0.000,0.000
770.803,SUCCESS,4.491,4.719,19.001,6,6,0.000,0.000,0.000
770.903,SUCCESS,4.491,4.719,19.001,6,6,0.000,0.000,0.000
771.004,SUCCESS,4.491,4.719,19.001,6,6,0.000,0.000,0.000
771.103,SUCCESS,4.491,4.719,19.001,6,6,0.000,0.000,0.000
771.204,SUCCESS,4.490,4.719,19.001,6,6,0.000,0.000,0.000
771.303,SUCCESS,4.490,4.719,19.001,6,6,0.000,0.000,0.000
771.403,SUCCESS,4.490,4.720,19.001,6,6,0.000,0.000,0.000
771.503,SUCCESS,4.490,4.720,19.001,6,6,0.000,0.000,0.000
771.603,SUCCESS,4.490,4.720,19.001,6,6,0.000,0.000,0.000
771.703,SUCCESS,4.490,4.720,19.001,6,6,0.000,0.000,0.000
771.803,SUCCESS,4.490,4.720,19.001,6,6,0.000,0.000,0.000
771.904,SUCCESS,4.490,4.720,19.001,6,6,0.000,0.000,0.000
772.003,SUCCESS,4.490,4.720,19.001,6,6,0.000,0.000,0.000
772.103,SUCCESS,4.490,4.720,19.001,6,6,0.000,0.000,0.000
772.203,SUCCESS,4.490,4.720,19.001,6,6,0.000,0.000,0.000
772.303,SUCCESS,4.490,4.720,19.001,6,6,0.000,0.000,0.000
772.403,SUCCESS,4.490,4.720,19.001,6,6,0.000,0.000,0.000
772.503,SUCCESS,4.490,4.720,19.001,6,6,0.000,0.000,0.000
772.603,SUCCESS,4.490,4.719,19.001,6,6,0.000,0.000,0.000
772.703,SUCCESS,4.491,4.719,19.001,6,6,0.000,0.000,0.000
772.803,SUCCESS,4.491,4.719,19.001,6,6,0.000,0.000,0.000
772.903,SUCCESS,4.491,4.719,19.001,6,6,0.000,0.000,0.000
773.003,SUCCESS,4.491,4.719,19.001,6,6,0.000,0.000,0.000
773.104,SUCCESS,4.490,4.719,19.001,6,6,0.000,0.000,0.000
773.203,SUCCESS,4.490,4.719,19.001,6,6,0.000,0.000,0.000
773.303,SUCCESS,4.490,4.719,19.001,6,6,0.000,0.000,0.000
773.403,SUCCESS,4.490,4.719,19.001,6,6,0.000,0.000,0.000
773.503,SUCCESS,4.490,4.719,19.001,6,6,0.000,0.000,0.000
773.603,SUCCESS,4.490,4.719,19.001,6,6,0.000,0.000,0.000
773.703,SUCCESS,4.490,4.720,19.001,6,6,0.000,0.000,0.000
773.803,SUCCESS,4.490,4.720,19.001,6,6,0.000,0.000,0.000
773.903,SUCCESS,4.490,4.720,19.001,6,6,0.000,0.000,0.000
774.003,SUCCESS,4.490,4.719,19.001,6,6,0.000,0.000,0.000
774.103,SUCCESS,4.490,4.719,19.001,6,6,0.000,0.000,0.000
774.203,SUCCESS,4.490,4.719,19.001,6,6,0.000,0.000,0.000
774.304,SUCCESS,4.490,4.719,19.001,6,6,0.000,0.000,0.000
774.403,SUCCESS,4.490,4.719,19.001,6,6,0.000,0.000,0.000
774.503,SUCCESS,4.490,4.719,19.001,6,6,0.000,0.000,0.000
774.603,SUCCESS,4.490,4.719,19.001,6,6,0.000,0.000,0.000
774.703,SUCCESS,4.490,4.719,19.001,6,6,0.000,0.000,0.000
774.803,SUCCESS,4.490,4.719,19.001,6,6,0.000,0.000,0.000
774.903,SUCCESS,4.490,4.719,19.001,6,6,0.000,0.000,0.000
775.003,SUCCESS,4.490,4.719,19.001,6,6,0.000,0.000,0.000
775.103,SUCCESS,4.490,4.719,19.001,6,6,0.000,0.000,0.000
775.203,SUCCESS,4.490,4.719,19.001,6,6,0.000,0.000,0.000
775.304,SUCCESS,4.490,4.719,19.001,6,6,0.000,0.000,0.000
775.403,SUCCESS,4.490,4.719,19.001,6,6,0.000,0.000,0.000
775.504,SUCCESS,4.490,4.718,19.001,6,6,0.000,0.000,0.000
775.603,SUCCESS,4.490,4.718,19.001,6,6,0.000,0.000,0.000
775.703,SUCCESS,4.490,4.718,19.001,6,6,0.000,0.000,0.000
775.803,SUCCESS,4.491,4.718,19.001,6,6,0.000,0.000,0.000
775.903,SUCCESS,4.491,4.718,19.001,6,6,0.000,0.000,0.000
776.003,SUCCESS,4.491,4.718,19.001,6,6,0.000,0.000,0.000
776.103,SUCCESS,4.491,4.718,19.001,6,6,0.000,0.000,0.000
776.204,SUCCESS,4.490,4.719,19.001,6,6,0.000,0.000,0.000
776.303,SUCCESS,4.490,4.719,19.001,6,6,0.000,0.000,0.000
776.403,SUCCESS,4.490,4.719,19.001,6,6,0.000,0.000,0.000
776.503,SUCCESS,4.490,4.719,19.001,6,6,0.000,0.000,0.000
776.603,SUCCESS,4.490,4.719,19.001,6,6,0.000,0.000,0.000
776.704,SUCCESS,4.490,4.719,19.001,6,6,0.000,0.000,0.000
776.804,SUCCESS,4.490,4.719,19.001,6,6,0.000,0.000,0.000
776.903,SUCCESS,4.491,4.718,19.001,6,6,0.000,0.000,0.000
777.003,SUCCESS,4.491,4.718,19.001,6,6,0.000,0.000,0.000
777.103,SUCCESS,4.491,4.718,19.001,6,6,0.000,0.000,0.000
777.203,SUCCESS,4.491,4.718,19.001,6,6,0.000,0.000,0.000
777.303,SUCCESS,4.491,4.718,19.001,6,6,0.000,0.000,0.000
777.403,SUCCESS,4.491,4.718,19.001,6,6,0.000,0.000,0.000
777.503,SUCCESS,4.491,4.719,19.001,6,6,0.000,0.000,0.000
777.603,SUCCESS,4.491,4.719,19.001,6,6,0.000,0.000,0.000
777.703,SUCCESS,4.490,4.719,19.001,6,6,0.000,0.000,0.000
777.803,SUCCESS,4.490,4.719,19.001,6,6,0.000,0.000,0.000
777.903,SUCCESS,4.490,4.719,19.001,6,6,0.000,0.000,0.000
778.003,SUCCESS,4.490,4.720,19.001,6,6,0.000,0.000,0.000
778.103,SUCCESS,4.490,4.720,19.001,6,6,0.000,0.000,0.000
778.203,SUCCESS,4.490,4.719,19.001,6,6,0.000,0.000,0.000
778.303,SUCCESS,4.490,4.719,19.001,6,6,0.000,0.000,0.000
778.404,SUCCESS,4.490,4.720,19.001,6,6,0.000,0.000,0.000
778.503,SUCCESS,4.490,4.720,19.001,6,6,0.000,0.000,0.000
778.603,SUCCESS,4.490,4.719,19.001,6,6,0.000,0.000,0.000
778.703,SUCCESS,4.490,4.719,19.001,6,6,0.000,0.000,0.000
778.803,SUCCESS,4.490,4.719,19.001,6,6,0.000,0.000,0.000
778.903,SUCCESS,4.490,4.720,19.001,6,6,0.000,0.000,0.000
779.003,SUCCESS,4.490,4.720,19.001,6,6,0.000,0.000,0.000
779.103,SUCCESS,4.490,4.720,19.001,6,6,0.000,0.000,0.000
779.203,SUCCESS,4.490,4.720,19.001,6,6,0.000,0.000,0.000
779.303,SUCCESS,4.489,4.721,19.001,6,6,0.000,0.000,0.000
779.403,SUCCESS,4.489,4.721,19.001,6,6,0.000,0.000,0.000
779.503,SUCCESS,4.489,4.721,19.001,6,6,0.000,0.000,0.000
779.603,SUCCESS,4.488,4.721,19.001,6,6,0.000,0.000,0.000
779.703,SUCCESS,4.488,4.722,19.001,6,6,0.000,0.000,0.000
779.803,SUCCESS,4.488,4.722,19.001,6,6,0.000,0.000,0.000
779.903,SUCCESS,4.488,4.722,19.001,6,6,0.000,0.000,0.000
780.003,SUCCESS,4.488,4.722,19.001,6,6,0.000,0.000,0.000
780.103,SUCCESS,4.488,4.722,19.001,6,6,0.000,0.000,0.000
780.203,SUCCESS,4.488,4.721,19.001,6,6,0.000,0.000,0.000
780.303,SUCCESS,4.488,4.721,19.001,6,6,0.000,0.000,0.000
780.403,SUCCESS,4.489,4.720,19.001,6,6,0.000,0.000,0.000
780.503,SUCCESS,4.489,4.720,19.001,6,6,0.000,0.000,0.000
780.603,SUCCESS,4.489,4.720,19.001,6,6,0.000,0.000,0.000
780.703,SUCCESS,4.489,4.720,19.001,6,6,0.000,0.000,0.000
780.803,SUCCESS,4.489,4.720,19.001,6,6,0.000,0.000,0.000
780.903,SUCCESS,4.490,4.720,19.001,6,6,0.000,0.000,0.000
781.003,SUCCESS,4.490,4.719,19.001,6,6,0.000,0.000,0.000
781.103,SUCCESS,4.490,4.719,19.001,6,6,0.000,0.000,0.000
781.203,SUCCESS,4.490,4.719,19.001,6,6,0.000,0.000,0.000
781.303,SUCCESS,4.490,4.720,19.001,6,6,0.000,0.000,0.000
781.403,SUCCESS,4.490,4.720,19.001,6,6,0.000,0.000,0.000
781.503,SUCCESS,4.490,4.720,19.001,6,6,0.000,0.000,0.000
781.603,SUCCESS,4.489,4.720,19.001,6,6,0.000,0.000,0.000
781.703,SUCCESS,4.489,4.721,19.001,6,6,0.000,0.000,0.000
781.803,SUCCESS,4.489,4.721,19.001,6,6,0.000,0.000,0.000
781.903,SUCCESS,4.489,4.721,19.001,6,6,0.000,0.000,0.000
782.003,SUCCESS,4.489,4.721,19.001,6,6,0.000,0.000,0.000
782.103,SUCCESS,4.489,4.721,19.001,6,6,0.000,0.000,0.000
782.203,SUCCESS,4.489,4.721,19.001,6,6,0.000,0.000,0.000
782.303,SUCCESS,4.489,4.721,19.001,6,6,0.000,0.000,0.000
782.403,SUCCESS,4.489,4.721,19.001,6,6,0.000,0.000,0.000
782.503,SUCCESS,4.489,4.721,19.001,6,6,0.000,0.000,0.000
782.603,SUCCESS,4.489,4.721,19.001,6,6,0.000,0.000,0.000
782.703,SUCCESS,4.489,4.721,19.001,6,6,0.000,0.000,0.000
782.803,SUCCESS,4.489,4.721,19.001,6,6,0.000,0.000,0.000
782.903,SUCCESS,4.489,4.721,19.001,6,6,0.000,0.000,0.000
783.003,SUCCESS,4.489,4.721,19.001,6,6,0.000,0.000,0.000
783.103,SUCCESS,4.490,4.720,19.001,6,6,0.000,0.000,0.000
783.203,SUCCESS,4.490,4.720,19.001,6,6,0.000,0.000,0.000
783.303,SUCCESS,4.490,4.720,19.001,6,6,0.000,0.000,0.000
783.403,SUCCESS,4.490,4.719,19.001,6,6,0.000,0.000,0.000
783.503,SUCCESS,4.490,4.719,19.001,6,6,0.000,0.000,0.000
783.603,SUCCESS,4.491,4.719,19.001,6,6,0.000,0.000,0.000
783.704,SUCCESS,4.491,4.719,19.001,6,6,0.000,0.000,0.000
783.803,SUCCESS,4.491,4.719,19.001,6,6,0.000,0.000,0.000
783.903,SUCCESS,4.491,4.719,19.001,6,6,0.000,0.000,0.000
784.003,SUCCESS,4.491,4.718,19.001,6,6,0.000,0.000,0.000
784.103,SUCCESS,4.492,4.718,19.001,6,6,0.000,0.000,0.000
784.203,SUCCESS,4.492,4.717,19.001,6,6,0.000,0.000,0.000
784.303,SUCCESS,4.493,4.717,19.001,6,6,0.000,0.000,0.000
784.403,SUCCESS,4.493,4.716,19.001,6,6,0.000,0.000,0.000
784.504,SUCCESS,4.494,4.716,19.001,6,6,0.000,0.000,0.000
784.603,SUCCESS,4.494,4.716,19.001,6,6,0.000,0.000,0.000
784.703,SUCCESS,4.494,4.716,19.001,6,6,0.000,0.000,0.000
784.803,SUCCESS,4.494,4.716,19.001,6,6,0.000,0.000,0.000
784.903,SUCCESS,4.494,4.716,19.001,6,6,0.000,0.000,0.000
785.003,SUCCESS,4.494,4.716,19.001,6,6,0.000,0.000,0.000
785.103,SUCCESS,4.494,4.716,19.001,6,6,0.000,0.000,0.000
785.203,SUCCESS,4.494,4.716,19.001,6,6,0.000,0.000,0.000
785.303,SUCCESS,4.494,4.716,19.001,6,6,0.000,0.000,0.000
785.403,SUCCESS,4.495,4.715,19.001,6,6,0.000,0.000,0.000
785.503,SUCCESS,4.495,4.715,19.001,6,6,0.000,0.000,0.000
785.603,SUCCESS,4.495,4.715,19.001,6,6,0.000,0.000,0.000
785.703,SUCCESS,4.495,4.715,19.001,6,6,0.000,0.000,0.000
785.803,SUCCESS,4.495,4.715,19.001,6,6,0.000,0.000,0.000
785.903,SUCCESS,4.495,4.715,19.001,6,6,0.000,0.000,0.000
786.003,SUCCESS,4.495,4.715,19.001,6,6,0.000,0.000,0.000
786.105,SUCCESS,4.495,4.715,19.001,6,6,0.000,0.000,0.000
786.203,SUCCESS,4.494,4.716,19.001,6,6,0.000,0.000,0.000
786.303,SUCCESS,4.494,4.716,19.001,6,6,0.000,0.000,0.000
786.403,SUCCESS,4.494,4.716,19.001,6,6,0.000,0.000,0.000
786.503,SUCCESS,4.494,4.717,19.001,6,6,0.000,0.000,0.000
786.603,SUCCESS,4.494,4.716,19.001,6,6,0.000,0.000,0.000
786.703,SUCCESS,4.494,4.715,19.001,6,6,0.000,0.000,0.000
786.803,SUCCESS,4.493,4.714,19.001,6,6,0.000,0.000,0.000
786.903,SUCCESS,4.493,4.714,19.001,6,6,0.000,0.000,0.000
787.003,SUCCESS,4.494,4.714,19.001,6,6,0.000,0.000,0.000
787.103,SUCCESS,4.494,4.714,19.001,6,6,0.000,0.000,0.000
787.203,SUCCESS,4.494,4.714,19.001,6,6,0.000,0.000,0.000
787.303,SUCCESS,4.494,4.713,19.001,6,6,0.000,0.000,0.000
787.403,SUCCESS,4.494,4.714,19.001,6,6,0.000,0.000,0.000
787.503,SUCCESS,4.494,4.714,19.001,6,6,0.000,0.000,0.000
787.603,SUCCESS,4.494,4.714,19.001,6,6,0.000,0.000,0.000
787.703,SUCCESS,4.494,4.714,19.001,6,6,0.000,0.000,0.000
787.803,SUCCESS,4.494,4.714,19.001,6,6,0.000,0.000,0.000
787.903,SUCCESS,4.494,4.714,19.001,6,6,0.000,0.000,0.000
788.003,SUCCESS,4.494,4.714,19.001,6,6,0.000,0.000,0.000
788.103,SUCCESS,4.493,4.715,19.001,6,6,0.000,0.000,0.000
788.203,SUCCESS,4.492,4.715,19.001,6,6,0.000,0.000,0.000
788.303,SUCCESS,4.492,4.716,19.001,6,6,0.000,0.000,0.000
788.403,SUCCESS,4.492,4.716,19.001,6,6,0.000,0.000,0.000
788.503,SUCCESS,4.492,4.716,19.001,6,6,0.000,0.000,0.000
788.603,SUCCESS,4.492,4.716,19.001,6,6,0.000,0.000,0.000
788.703,SUCCESS,4.492,4.716,19.001,6,6,0.000,0.000,0.000
788.803,SUCCESS,4.492,4.717,19.001,6,6,0.000,0.000,0.000
788.903,SUCCESS,4.491,4.717,19.001,6,6,0.000,0.000,0.000
789.003,SUCCESS,4.491,4.717,19.001,6,6,0.000,0.000,0.000
789.103,SUCCESS,4.491,4.717,19.001,6,6,0.000,0.000,0.000
789.203,SUCCESS,4.491,4.717,19.001,6,6,0.000,0.000,0.000
789.303,SUCCESS,4.491,4.717,19.001,6,6,0.000,0.000,0.000
789.403,SUCCESS,4.491,4.717,19.001,6,6,0.000,0.000,0.000
789.503,SUCCESS,4.492,4.717,19.001,6,6,0.000,0.000,0.000
789.603,SUCCESS,4.492,4.717,19.001,6,6,0.000,0.000,0.000
789.703,SUCCESS,4.492,4.717,19.001,6,6,0.000,0.000,0.000
789.803,SUCCESS,4.492,4.717,19.001,6,6,0.000,0.000,0.000
789.904,SUCCESS,4.492,4.717,19.001,6,6,0.000,0.000,0.000
790.003,SUCCESS,4.492,4.717,19.001,6,6,0.000,0.000,0.000
790.103,SUCCESS,4.492,4.716,19.001,6,6,0.000,0.000,0.000
790.203,SUCCESS,4.492,4.716,19.001,6,6,0.000,0.000,0.000
790.303,SUCCESS,4.492,4.716,19.001,6,6,0.000,0.000,0.000
790.404,SUCCESS,4.492,4.717,19.001,6,6,0.000,0.000,0.000
790.503,SUCCESS,4.491,4.717,19.001,6,6,0.000,0.000,0.000
790.603,SUCCESS,4.491,4.717,19.001,6,6,0.000,0.000,0.000
790.703,SUCCESS,4.491,4.718,19.001,6,6,0.000,0.000,0.000
790.803,SUCCESS,4.491,4.718,19.001,6,6,0.000,0.000,0.000
790.903,SUCCESS,4.490,4.718,19.001,6,6,0.000,0.000,0.000
791.003,SUCCESS,4.490,4.718,19.001,6,6,0.000,0.000,0.000
791.103,SUCCESS,4.490,4.719,19.001,6,6,0.000,0.000,0.000
791.203,SUCCESS,4.490,4.719,19.001,6,6,0.000,0.000,0.000
791.303,SUCCESS,4.490,4.719,19.001,6,6,0.000,0.000,0.000
791.403,SUCCESS,4.490,4.719,19.001,6,6,0.000,0.000,0.000
791.503,SUCCESS,4.490,4.719,19.001,6,6,0.000,0.000,0.000
791.603,SUCCESS,4.489,4.720,19.001,6,6,0.000,0.000,0.000
791.703,SUCCESS,4.489,4.720,19.001,6,6,0.000,0.000,0.000
791.803,SUCCESS,4.489,4.720,19.001,6,6,0.000,0.000,0.000
791.903,SUCCESS,4.490,4.719,19.001,6,6,0.000,0.000,0.000
792.003,SUCCESS,4.490,4.719,19.001,6,6,0.000,0.000,0.000
792.103,SUCCESS,4.490,4.718,19.001,6,6,0.000,0.000,0.000
792.203,SUCCESS,4.491,4.718,19.001,6,6,0.000,0.000,0.000
792.303,SUCCESS,4.491,4.718,19.001,6,6,0.000,0.000,0.000
792.403,SUCCESS,4.491,4.718,19.001,6,6,0.000,0.000,0.000
792.503,SUCCESS,4.491,4.718,19.001,6,6,0.000,0.000,0.000
792.603,SUCCESS,4.491,4.718,19.001,6,6,0.000,0.000,0.000
792.703,SUCCESS,4.491,4.717,19.001,6,6,0.000,0.000,0.000
792.803,SUCCESS,4.491,4.717,19.001,6,6,0.000,0.000,0.000
792.903,SUCCESS,4.491,4.718,19.001,6,6,0.000,0.000,0.000
793.003,SUCCESS,4.491,4.718,19.001,6,6,0.000,0.000,0.000
793.103,SUCCESS,4.491,4.718,19.001,6,6,0.000,0.000,0.000
793.203,SUCCESS,4.491,4.718,19.001,6,6,0.000,0.000,0.000
793.303,SUCCESS,4.491,4.718,19.001,6,6,0.000,0.000,0.000
793.403,SUCCESS,4.491,4.718,19.001,6,6,0.000,0.000,0.000
793.503,SUCCESS,4.491,4.718,19.001,6,6,0.000,0.000,0.000
793.603,SUCCESS,4.491,4.718,19.001,6,6,0.000,0.000,0.000
793.703,SUCCESS,4.492,4.717,19.001,6,6,0.000,0.000,0.000
793.803,SUCCESS,4.492,4.717,19.001,6,6,0.000,0.000,0.000
793.903,SUCCESS,4.492,4.716,19.001,6,6,0.000,0.000,0.000
794.003,SUCCESS,4.492,4.716,19.001,6,6,0.000,0.000,0.000
794.103,SUCCESS,4.493,4.716,19.001,6,6,0.000,0.000,0.000
794.203,SUCCESS,4.493,4.716,19.001,6,6,0.000,0.000,0.000
794.303,SUCCESS,4.493,4.716,19.001,6,6,0.000,0.000,0.000
794.403,SUCCESS,4.492,4.716,19.001,6,6,0.000,0.000,0.000
794.503,SUCCESS,4.492,4.716,19.001,6,6,0.000,0.000,0.000
794.603,SUCCESS,4.492,4.716,19.001,6,6,0.000,0.000,0.000
794.703,SUCCESS,4.492,4.717,19.001,6,6,0.000,0.000,0.000
794.803,SUCCESS,4.492,4.717,19.001,6,6,0.000,0.000,0.000
794.903,SUCCESS,4.492,4.717,19.001,6,6,0.000,0.000,0.000
795.003,SUCCESS,4.492,4.717,19.001,6,6,0.000,0.000,0.000
795.103,SUCCESS,4.491,4.717,19.001,6,6,0.000,0.000,0.000
795.203,SUCCESS,4.491,4.717,19.001,6,6,0.000,0.000,0.000
795.304,SUCCESS,4.491,4.717,19.001,6,6,0.000,0.000,0.000
795.403,SUCCESS,4.491,4.718,19.001,6,6,0.000,0.000,0.000
795.503,SUCCESS,4.491,4.718,19.001,6,6,0.000,0.000,0.000
795.603,SUCCESS,4.491,4.718,19.001,6,6,0.000,0.000,0.000
795.703,SUCCESS,4.490,4.718,19.001,6,6,0.000,0.000,0.000
795.803,SUCCESS,4.490,4.718,19.001,6,6,0.000,0.000,0.000
795.903,SUCCESS,4.490,4.718,19.001,6,6,0.000,0.000,0.000
796.003,SUCCESS,4.490,4.718,19.001,6,6,0.000,0.000,0.000
796.103,SUCCESS,4.490,4.719,19.001,6,6,0.000,0.000,0.000
796.203,SUCCESS,4.490,4.719,19.001,6,6,0.000,0.000,0.000
796.303,SUCCESS,4.490,4.719,19.001,6,6,0.000,0.000,0.000
796.403,SUCCESS,4.490,4.719,19.001,6,6,0.000,0.000,0.000
796.503,SUCCESS,4.489,4.719,19.001,6,6,0.000,0.000,0.000
796.604,SUCCESS,4.489,4.720,19.001,6,6,0.000,0.000,0.000
796.703,SUCCESS,4.489,4.720,19.001,6,6,0.000,0.000,0.000
796.803,SUCCESS,4.489,4.719,19.001,6,6,0.000,0.000,0.000
796.903,SUCCESS,4.489,4.719,19.001,6,6,0.000,0.000,0.000
797.004,SUCCESS,4.489,4.719,19.001,6,6,0.000,0.000,0.000
797.103,SUCCESS,4.489,4.719,19.001,6,6,0.000,0.000,0.000
797.205,SUCCESS,4.489,4.719,19.001,6,6,0.000,0.000,0.000
797.303,SUCCESS,4.490,4.719,19.001,6,6,0.000,0.000,0.000
797.403,SUCCESS,4.490,4.718,19.001,6,6,0.000,0.000,0.000
797.503,SUCCESS,4.490,4.718,19.001,6,6,0.000,0.000,0.000
797.604,SUCCESS,4.490,4.718,19.001,6,6,0.000,0.000,0.000
797.703,SUCCESS,4.490,4.718,19.001,6,6,0.000,0.000,0.000
797.803,SUCCESS,4.490,4.718,19.001,6,6,0.000,0.000,0.000
797.903,SUCCESS,4.490,4.717,19.001,6,6,0.000,0.000,0.000
798.003,SUCCESS,4.491,4.717,19.001,6,6,0.000,0.000,0.000
798.103,SUCCESS,4.491,4.717,19.001,6,6,0.000,0.000,0.000
798.203,SUCCESS,4.491,4.717,19.001,6,6,0.000,0.000,0.000
798.303,SUCCESS,4.491,4.717,19.001,6,6,0.000,0.000,0.000
798.403,SUCCESS,4.491,4.717,19.001,6,6,0.000,0.000,0.000
798.503,SUCCESS,4.491,4.716,19.001,6,6,0.000,0.000,0.000
798.603,SUCCESS,4.491,4.716,19.001,6,6,0.000,0.000,0.000
798.703,SUCCESS,4.492,4.716,19.001,6,6,0.000,0.000,0.000
798.803,SUCCESS,4.492,4.715,19.001,6,6,0.000,0.000,0.000
798.903,SUCCESS,4.493,4.715,19.001,6,6,0.000,0.000,0.000
799.003,SUCCESS,4.493,4.715,19.001,6,6,0.000,0.000,0.000
799.103,SUCCESS,4.493,4.715,19.001,6,6,0.000,0.000,0.000
799.203,SUCCESS,4.493,4.715,19.001,6,6,0.000,0.000,0.000
799.303,SUCCESS,4.493,4.715,19.001,6,6,0.000,0.000,0.000
799.403,SUCCESS,4.493,4.715,19.001,6,6,0.000,0.000,0.000
799.503,SUCCESS,4.493,4.714,19.001,6,6,0.000,0.000,0.000
799.603,SUCCESS,4.494,4.714,19.001,6,6,0.000,0.000,0.000
799.703,SUCCESS,4.494,4.713,19.001,6,6,0.000,0.000,0.000
799.803,SUCCESS,4.494,4.713,19.001,6,6,0.000,0.000,0.000
799.903,SUCCESS,4.495,4.713,19.001,6,6,0.000,0.000,0.000
800.003,SUCCESS,4.495,4.713,19.001,6,6,0.000,0.000,0.000
800.103,SUCCESS,4.495,4.713,19.001,6,6,0.000,0.000,0.000
800.203,SUCCESS,4.495,4.713,19.001,6,6,0.000,0.000,0.000
800.303,SUCCESS,4.494,4.713,19.001,6,6,0.000,0.000,0.000
800.403,SUCCESS,4.494,4.713,19.001,6,6,0.000,0.000,0.000
800.503,SUCCESS,4.494,4.713,19.001,6,6,0.000,0.000,0.000
800.603,SUCCESS,4.494,4.713,19.001,6,6,0.000,0.000,0.000
800.703,SUCCESS,4.494,4.713,19.001,6,6,0.000,0.000,0.000
800.803,SUCCESS,4.494,4.713,19.001,6,6,0.000,0.000,0.000
800.903,SUCCESS,4.495,4.713,19.001,6,6,0.000,0.000,0.000
801.003,SUCCESS,4.495,4.713,19.001,6,6,0.000,0.000,0.000
801.103,SUCCESS,4.495,4.713,19.001,6,6,0.000,0.000,0.000
801.203,SUCCESS,4.495,4.712,19.001,6,6,0.000,0.000,0.000
801.303,SUCCESS,4.494,4.713,19.001,6,6,0.000,0.000,0.000
801.403,SUCCESS,4.494,4.713,19.001,6,6,0.000,0.000,0.000
801.503,SUCCESS,4.494,4.713,19.001,6,6,0.000,0.000,0.000
801.603,SUCCESS,4.494,4.713,19.001,6,6,0.000,0.000,0.000
801.703,SUCCESS,4.494,4.713,19.001,6,6,0.000,0.000,0.000
801.803,SUCCESS,4.494,4.713,19.001,6,6,0.000,0.000,0.000
801.903,SUCCESS,4.494,4.713,19.001,6,6,0.000,0.000,0.000
802.003,SUCCESS,4.494,4.714,19.001,6,6,0.000,0.000,0.000
802.103,SUCCESS,4.494,4.714,19.001,6,6,0.000,0.000,0.000
802.203,SUCCESS,4.494,4.714,19.001,6,6,0.000,0.000,0.000
802.303,SUCCESS,4.494,4.714,19.001,6,6,0.000,0.000,0.000
802.403,SUCCESS,4.494,4.714,19.001,6,6,0.000,0.000,0.000
802.503,SUCCESS,4.493,4.714,19.001,6,6,0.000,0.000,0.000
802.603,SUCCESS,4.493,4.715,19.001,6,6,0.000,0.000,0.000
802.703,SUCCESS,4.493,4.715,19.001,6,6,0.000,0.000,0.000
802.803,SUCCESS,4.493,4.715,19.001,6,6,0.000,0.000,0.000
802.903,SUCCESS,4.493,4.715,19.001,6,6,0.000,0.000,0.000
803.003,SUCCESS,4.493,4.715,19.001,6,6,0.000,0.000,0.000
803.103,SUCCESS,4.493,4.714,19.001,6,6,0.000,0.000,0.000
803.203,SUCCESS,4.493,4.714,19.001,6,6,0.000,0.000,0.000
803.303,SUCCESS,4.493,4.714,19.001,6,6,0.000,0.000,0.000
803.403,SUCCESS,4.493,4.715,19.001,6,6,0.000,0.000,0.000
803.503,SUCCESS,4.493,4.715,19.001,6,6,0.000,0.000,0.000
803.603,SUCCESS,4.492,4.715,19.001,6,6,0.000,0.000,0.000
803.703,SUCCESS,4.492,4.715,19.001,6,6,0.000,0.000,0.000
803.803,SUCCESS,4.492,4.715,19.001,6,6,0.000,0.000,0.000
803.903,SUCCESS,4.492,4.715,19.001,6,6,0.000,0.000,0.000
804.003,SUCCESS,4.492,4.715,19.001,6,6,0.000,0.000,0.000
804.103,SUCCESS,4.492,4.715,19.001,6,6,0.000,0.000,0.000
804.203,SUCCESS,4.492,4.716,19.001,6,6,0.000,0.000,0.000
804.303,SUCCESS,4.492,4.716,19.001,6,6,0.000,0.000,0.000
804.403,SUCCESS,4.491,4.716,19.001,6,6,0.000,0.000,0.000
804.504,SUCCESS,4.491,4.716,19.001,6,6,0.000,0.000,0.000
804.603,SUCCESS,4.491,4.716,19.001,6,6,0.000,0.000,0.000
804.703,SUCCESS,4.491,4.716,19.001,6,6,0.000,0.000,0.000
804.803,SUCCESS,4.491,4.716,19.001,6,6,0.000,0.000,0.000
804.903,SUCCESS,4.491,4.716,19.001,6,6,0.000,0.000,0.000
805.003,SUCCESS,4.491,4.716,19.001,6,6,0.000,0.000,0.000
805.103,SUCCESS,4.491,4.716,19.001,6,6,0.000,0.000,0.000
805.203,SUCCESS,4.491,4.717,19.001,6,6,0.000,0.000,0.000
805.303,SUCCESS,4.491,4.717,19.001,6,6,0.000,0.000,0.000
805.403,SUCCESS,4.490,4.717,19.001,6,6,0.000,0.000,0.000
805.503,SUCCESS,4.490,4.718,19.001,6,6,0.000,0.000,0.000
805.603,SUCCESS,4.490,4.718,19.001,6,6,0.000,0.000,0.000
805.703,SUCCESS,4.489,4.719,19.001,6,6,0.000,0.000,0.000
805.803,SUCCESS,4.489,4.719,19.001,6,6,0.000,0.000,0.000
805.903,SUCCESS,4.489,4.719,19.001,6,6,0.000,0.000,0.000
806.003,SUCCESS,4.489,4.719,19.001,6,6,0.000,0.000,0.000
806.103,SUCCESS,4.490,4.718,19.001,6,6,0.000,0.000,0.000
806.203,SUCCESS,4.490,4.718,19.001,6,6,0.000,0.000,0.000
806.303,SUCCESS,4.490,4.718,19.001,6,6,0.000,0.000,0.000
806.403,SUCCESS,4.490,4.718,19.001,6,6,0.000,0.000,0.000
806.503,SUCCESS,4.490,4.718,19.001,6,6,0.000,0.000,0.000
806.604,SUCCESS,4.490,4.718,19.001,6,6,0.000,0.000,0.000
806.703,SUCCESS,4.490,4.718,19.001,6,6,0.000,0.000,0.000
806.803,SUCCESS,4.490,4.718,19.001,6,6,0.000,0.000,0.000
806.903,SUCCESS,4.490,4.718,19.001,6,6,0.000,0.000,0.000
807.003,SUCCESS,4.490,4.718,19.001,6,6,0.000,0.000,0.000
807.103,SUCCESS,4.490,4.718,19.001,6,6,0.000,0.000,0.000
807.203,SUCCESS,4.490,4.719,19.001,6,6,0.000,0.000,0.000
807.303,SUCCESS,4.490,4.719,19.001,6,6,0.000,0.000,0.000
807.403,SUCCESS,4.490,4.718,19.001,6,6,0.000,0.000,0.000
807.503,SUCCESS,4.490,4.718,19.001,6,6,0.000,0.000,0.000
807.603,SUCCESS,4.490,4.718,19.001,6,6,0.000,0.000,0.000
807.703,SUCCESS,4.490,4.718,19.001,6,6,0.000,0.000,0.000
807.803,SUCCESS,4.491,4.718,19.001,6,6,0.000,0.000,0.000
807.903,SUCCESS,4.491,4.717,19.001,6,6,0.000,0.000,0.000
808.003,SUCCESS,4.491,4.717,19.001,6,6,0.000,0.000,0.000
808.103,SUCCESS,4.491,4.717,19.001,6,6,0.000,0.000,0.000
808.203,SUCCESS,4.491,4.717,19.001,6,6,0.000,0.000,0.000
808.303,SUCCESS,4.491,4.717,19.001,6,6,0.000,0.000,0.000
808.403,SUCCESS,4.491,4.717,19.001,6,6,0.000,0.000,0.000
808.503,SUCCESS,4.491,4.717,19.001,6,6,0.000,0.000,0.000
808.603,SUCCESS,4.491,4.717,19.001,6,6,0.000,0.000,0.000
808.703,SUCCESS,4.492,4.717,19.001,6,6,0.000,0.000,0.000
808.803,SUCCESS,4.492,4.716,19.001,6,6,0.000,0.000,0.000
808.903,SUCCESS,4.492,4.716,19.001,6,6,0.000,0.000,0.000
809.003,SUCCESS,4.492,4.716,19.001,6,6,0.000,0.000,0.000
809.103,SUCCESS,4.493,4.716,19.001,6,6,0.000,0.000,0.000
809.203,SUCCESS,4.493,4.716,19.001,6,6,0.000,0.000,0.000
809.303,SUCCESS,4.493,4.716,19.001,6,6,0.000,0.000,0.000
809.403,SUCCESS,4.493,4.716,19.001,6,6,0.000,0.000,0.000
809.503,SUCCESS,4.493,4.716,19.001,6,6,0.000,0.000,0.000
809.603,SUCCESS,4.493,4.716,19.001,6,6,0.000,0.000,0.000
809.704,SUCCESS,4.493,4.716,19.001,6,6,0.000,0.000,0.000
809.803,SUCCESS,4.493,4.716,19.001,6,6,0.000,0.000,0.000
809.903,SUCCESS,4.492,4.716,19.001,6,6,0.000,0.000,0.000
810.003,SUCCESS,4.492,4.717,19.001,6,6,0.000,0.000,0.000
810.103,SUCCESS,4.492,4.717,19.001,6,6,0.000,0.000,0.000
810.203,SUCCESS,4.491,4.717,19.001,6,6,0.000,0.000,0.000
810.303,SUCCESS,4.491,4.718,19.001,6,6,0.000,0.000,0.000
810.403,SUCCESS,4.491,4.717,19.001,6,6,0.000,0.000,0.000
810.503,SUCCESS,4.491,4.718,19.001,6,6,0.000,0.000,0.000
810.603,SUCCESS,4.491,4.717,19.001,6,6,0.000,0.000,0.000
810.703,SUCCESS,4.491,4.717,19.001,6,6,0.000,0.000,0.000
810.803,SUCCESS,4.491,4.717,19.001,6,6,0.000,0.000,0.000
810.903,SUCCESS,4.492,4.717,19.001,6,6,0.000,0.000,0.000
811.003,SUCCESS,4.492,4.717,19.001,6,6,0.000,0.000,0.000
811.103,SUCCESS,4.492,4.717,19.001,6,6,0.000,0.000,0.000
811.203,SUCCESS,4.492,4.717,19.001,6,6,0.000,0.000,0.000
811.303,SUCCESS,4.492,4.717,19.001,6,6,0.000,0.000,0.000
811.403,SUCCESS,4.492,4.717,19.001,6,6,0.000,0.000,0.000
811.503,SUCCESS,4.492,4.717,19.001,6,6,0.000,0.000,0.000
811.603,SUCCESS,4.492,4.717,19.001,6,6,0.000,0.000,0.000
811.703,SUCCESS,4.492,4.717,19.001,6,6,0.000,0.000,0.000
811.803,SUCCESS,4.492,4.717,19.001,6,6,0.000,0.000,0.000
811.903,SUCCESS,4.492,4.717,19.001,6,6,0.000,0.000,0.000
812.003,SUCCESS,4.492,4.717,19.001,6,6,0.000,0.000,0.000
812.103,SUCCESS,4.491,4.717,19.001,6,6,0.000,0.000,0.000
812.203,SUCCESS,4.491,4.717,19.001,6,6,0.000,0.000,0.000
812.303,SUCCESS,4.491,4.718,19.001,6,6,0.000,0.000,0.000
812.403,SUCCESS,4.491,4.718,19.001,6,6,0.000,0.000,0.000
812.503,SUCCESS,4.491,4.717,19.001,6,6,0.000,0.000,0.000
812.603,SUCCESS,4.491,4.718,19.001,6,6,0.000,0.000,0.000
812.703,SUCCESS,4.491,4.718,19.001,6,6,0.000,0.000,0.000
812.803,SUCCESS,4.490,4.718,19.001,6,6,0.000,0.000,0.000
812.903,SUCCESS,4.490,4.718,19.001,6,6,0.000,0.000,0.000
813.003,SUCCESS,4.490,4.718,19.001,6,6,0.000,0.000,0.000
813.103,SUCCESS,4.490,4.719,19.001,6,6,0.000,0.000,0.000
813.203,SUCCESS,4.490,4.719,19.001,6,6,0.000,0.000,0.000
813.303,SUCCESS,4.490,4.719,19.001,6,6,0.000,0.000,0.000
