t,step,drone_x,drone_y,drone_z,dog0_x,dog0_y,dog0_z,dog1_x,dog1_y,dog1_z,target_x,target_y,target_z
0.0506,1,0.0000,0.0000,2.4938,1.2582,-0.0026,0.4165,-1.2540,-0.0095,0.4174,0.0506,0.0000,3.0000
0.0998,2,0.0000,0.0000,2.4787,1.2583,-0.0026,0.4165,-1.2542,-0.0096,0.4174,0.0998,0.0000,3.0000
0.1498,3,0.0000,0.0000,2.4787,1.2583,-0.0026,0.4165,-1.2542,-0.0096,0.4174,0.1498,0.0000,3.0000
0.1998,4,0.0005,0.0000,2.4616,1.2585,-0.0026,0.4165,-1.2544,-0.0097,0.4175,0.1998,0.0000,3.0000
0.2497,5,0.0005,0.0000,2.4616,1.2585,-0.0026,0.4165,-1.2544,-0.0097,0.4175,0.2497,0.0000,3.0000
0.2998,6,0.0025,0.0000,2.4525,1.2586,-0.0016,0.4171,-1.2536,-0.0099,0.4166,0.2998,0.0000,3.0000
0.3498,7,0.0066,0.0000,2.4513,1.2579,0.0005,0.4177,-1.2516,-0.0106,0.4148,0.3498,0.0000,3.0000
0.3998,8,0.0066,0.0000,2.4513,1.2579,0.0005,0.4177,-1.2516,-0.0106,0.4148,0.3998,0.0000,3.0000
0.4497,9,0.0135,0.0000,2.4581,1.2562,0.0034,0.4161,-1.2483,-0.0115,0.4127,0.4497,0.0000,3.0000
0.4997,10,0.0135,0.0000,2.4581,1.2562,0.0034,0.4161,-1.2483,-0.0115,0.4127,0.4997,0.0000,3.0000
0.5516,11,0.0231,0.0000,2.4725,1.2538,0.0068,0.4123,-1.2435,-0.0124,0.4117,0.5516,0.0000,3.0000
0.5997,12,0.0231,0.0000,2.4725,1.2538,0.0068,0.4123,-1.2435,-0.0124,0.4117,0.5997,0.0000,3.0000
0.6497,13,0.0356,0.0000,2.4930,1.2510,0.0100,0.4050,-1.2375,-0.0132,0.4106,0.6497,0.0000,3.0000
0.6997,14,0.0509,0.0000,2.5177,1.2485,0.0128,0.3940,-1.2305,-0.0140,0.4088,0.6997,0.0000,3.0000
0.7507,15,0.0509,0.0000,2.5177,1.2485,0.0128,0.3940,-1.2305,-0.0140,0.4088,0.7507,0.0000,3.0000
0.7998,16,0.0690,0.0000,2.5452,1.2464,0.0155,0.3807,-1.2224,-0.0147,0.4068,0.7998,0.0000,3.0000
0.8505,17,0.0900,0.0000,2.5743,1.2449,0.0174,0.3689,-1.2137,-0.0151,0.4043,0.8505,0.0000,3.0000
0.8998,18,0.0900,0.0000,2.5743,1.2449,0.0174,0.3689,-1.2137,-0.0151,0.4043,0.8998,0.0000,3.0000
0.9498,19,0.1139,0.0000,2.6041,1.2431,0.0187,0.3585,-1.2044,-0.0152,0.4015,0.9498,0.0000,3.0000
0.9998,20,0.1139,0.0000,2.6041,1.2431,0.0187,0.3585,-1.2044,-0.0152,0.4015,0.9998,0.0000,3.0000
1.0497,21,0.1406,0.0000,2.6338,1.2408,0.0194,0.3494,-1.1945,-0.0149,0.3984,1.0497,0.0000,3.0000
1.0997,22,0.1698,0.0000,2.6631,1.2380,0.0198,0.3413,-1.1843,-0.0142,0.3951,1.0997,0.0000,3.0000
1.1497,23,0.1698,0.0000,2.6631,1.2380,0.0198,0.3413,-1.1843,-0.0142,0.3951,1.1497,0.0000,3.0000
1.1998,24,0.2014,0.0000,2.6913,1.2347,0.0202,0.3344,-1.1735,-0.0134,0.3917,1.1998,0.0000,3.0000
1.2497,25,0.2357,0.0000,2.7184,1.2316,0.0212,0.3296,-1.1626,-0.0128,0.3882,1.2497,0.0000,3.0000
1.2997,26,0.2357,0.0000,2.7184,1.2316,0.0212,0.3296,-1.1626,-0.0128,0.3882,1.2997,0.0000,3.0000
1.3497,27,0.2723,0.0000,2.7442,1.2290,0.0218,0.3258,-1.1515,-0.0124,0.3846,1.3497,0.0000,3.0000
1.3997,28,0.2723,0.0000,2.7442,1.2290,0.0218,0.3258,-1.1515,-0.0124,0.3846,1.3997,0.0000,3.0000
1.4497,29,0.3115,0.0000,2.7684,1.2265,0.0219,0.3229,-1.1400,-0.0127,0.3806,1.4497,0.0000,3.0000
1.4998,30,0.3115,0.0000,2.7684,1.2265,0.0219,0.3229,-1.1400,-0.0127,0.3806,1.4998,0.0000,3.0000
1.5497,31,0.3533,0.0000,2.7910,1.2237,0.0230,0.3211,-1.1278,-0.0134,0.3763,1.5497,0.0000,3.0000
1.5997,32,0.3974,0.0000,2.8121,1.2213,0.0245,0.3199,-1.1145,-0.0146,0.3717,1.5997,0.0000,3.0000
1.6497,33,0.3974,0.0000,2.8121,1.2213,0.0245,0.3199,-1.1145,-0.0146,0.3717,1.6497,0.0000,3.0000
1.6997,34,0.4436,0.0000,2.8317,1.2198,0.0255,0.3194,-1.1002,-0.0163,0.3680,1.6997,0.0000,3.0000
1.7498,35,0.4917,0.0000,2.8497,1.2190,0.0260,0.3179,-1.0855,-0.0184,0.3664,1.7498,0.0000,3.0000
1.7998,36,0.4917,0.0000,2.8497,1.2190,0.0260,0.3179,-1.0855,-0.0184,0.3664,1.7998,0.0000,3.0000
1.8498,37,0.5416,0.0000,2.8663,1.2187,0.0262,0.3154,-1.0703,-0.0205,0.3650,1.8498,0.0000,3.0000
1.8997,38,0.5416,0.0000,2.8663,1.2187,0.0262,0.3154,-1.0703,-0.0205,0.3650,1.8997,0.0000,3.0000
1.9498,39,0.5930,0.0000,2.8814,1.2185,0.0261,0.3124,-1.0548,-0.0226,0.3636,1.9498,0.0000,3.0000
1.9997,40,0.6463,0.0000,2.8953,1.2185,0.0258,0.3093,-1.0392,-0.0247,0.3626,1.9997,0.0000,3.0000
2.0499,41,0.6463,0.0000,2.8953,1.2185,0.0258,0.3093,-1.0392,-0.0247,0.3626,2.0499,0.0000,3.0000
2.0998,42,0.7011,0.0000,2.9079,1.2187,0.0257,0.3062,-1.0234,-0.0265,0.3619,2.0998,0.0000,3.0000
2.1497,43,0.7573,0.0000,2.9194,1.2193,0.0256,0.3034,-1.0067,-0.0284,0.3610,2.1497,0.0000,3.0000
2.1997,44,0.7573,0.0000,2.9194,1.2193,0.0256,0.3034,-1.0067,-0.0284,0.3610,2.1997,0.0000,3.0000
2.2497,45,0.8149,0.0000,2.9298,1.2207,0.0252,0.3009,-0.9887,-0.0303,0.3596,2.2497,0.0000,3.0000
2.2997,46,0.8737,0.0000,2.9392,1.2233,0.0244,0.2993,-0.9696,-0.0323,0.3590,2.2997,0.0000,3.0000
2.3497,47,0.8737,0.0000,2.9392,1.2233,0.0244,0.2993,-0.9696,-0.0323,0.3590,2.3497,0.0000,3.0000
2.3998,48,0.9335,0.0000,2.9477,1.2271,0.0233,0.2981,-0.9494,-0.0344,0.3602,2.3998,0.0000,3.0000
2.4496,49,0.9335,0.0000,2.9477,1.2321,0.0224,0.2980,-0.9494,-0.0344,0.3602,2.4496,0.0000,3.0000
2.4998,50,0.9944,0.0000,2.9553,1.2321,0.0224,0.2980,-0.9282,-0.0364,0.3602,2.4998,0.0000,3.0000
2.5497,51,1.0562,0.0000,2.9622,1.2385,0.0221,0.2989,-0.9065,-0.0386,0.3581,2.5497,0.0000,3.0000
2.5996,52,1.1188,0.0000,2.9684,1.2458,0.0220,0.2993,-0.8848,-0.0406,0.3553,2.5996,0.0000,3.0000
2.6497,53,1.1188,0.0000,2.9684,1.2458,0.0220,0.2993,-0.8848,-0.0406,0.3553,2.6497,0.0000,3.0000
2.6997,54,1.1823,0.0000,2.9740,1.2541,0.0215,0.2989,-0.8634,-0.0425,0.3529,2.6997,0.0000,3.0000
2.7497,55,1.1823,0.0000,2.9740,1.2541,0.0215,0.2989,-0.8634,-0.0425,0.3529,2.7497,0.0000,3.0000
2.7997,56,1.2466,0.0000,2.9790,1.2631,0.0207,0.2988,-0.8419,-0.0441,0.3508,2.7997,0.0000,3.0000
2.8497,57,1.3116,0.0000,2.9834,1.2732,0.0202,0.3002,-0.8199,-0.0455,0.3488,2.8497,0.0000,3.0000
2.8997,58,1.3116,0.0000,2.9834,1.2732,0.0202,0.3002,-0.8199,-0.0455,0.3488,2.8997,0.0000,3.0000
2.9497,59,1.3772,0.0000,2.9874,1.2846,0.0207,0.3016,-0.7972,-0.0465,0.3469,2.9497,0.0000,3.0000
2.9998,60,1.4434,0.0000,2.9909,1.2958,0.0216,0.3021,-0.7738,-0.0474,0.3452,2.9998,0.0000,3.0000
3.0498,61,1.4434,0.0000,2.9909,1.2958,0.0216,0.3021,-0.7738,-0.0474,0.3452,3.0498,0.0000,3.0000
3.0997,62,1.5103,0.0000,2.9941,1.3071,0.0233,0.3000,-0.7494,-0.0480,0.3438,3.0997,0.0000,3.0000
3.1497,63,1.5777,0.0000,2.9969,1.3197,0.0243,0.2946,-0.7239,-0.0484,0.3431,3.1497,0.0000,3.0000
3.1997,64,1.5777,0.0000,2.9969,1.3197,0.0243,0.2946,-0.7239,-0.0484,0.3431,3.1997,0.0000,3.0000
3.2498,65,1.6457,0.0000,2.9994,1.3319,0.0261,0.2910,-0.6983,-0.0488,0.3448,3.2498,0.0000,3.0000
3.2997,66,1.7144,0.0000,3.0017,1.3428,0.0299,0.2892,-0.6731,-0.0491,0.3477,3.2997,0.0000,3.0000
3.3497,67,1.7144,0.0000,3.0017,1.3428,0.0299,0.2892,-0.6731,-0.0491,0.3477,3.3497,0.0000,3.0000
3.3998,68,1.7838,0.0000,3.0037,1.3548,0.0332,0.2889,-0.6479,-0.0495,0.3502,3.3998,0.0000,3.0000
3.4497,69,1.7838,0.0000,3.0037,1.3548,0.0332,0.2889,-0.6479,-0.0495,0.3502,3.4497,0.0000,3.0000
3.4998,70,1.8537,0.0000,3.0054,1.3688,0.0356,0.2926,-0.6228,-0.0500,0.3526,3.4998,0.0000,3.0000
3.5497,71,1.9244,0.0000,3.0070,1.3841,0.0369,0.2995,-0.5978,-0.0507,0.3551,3.5497,0.0000,3.0000
3.5997,72,1.9244,0.0000,3.0070,1.3841,0.0369,0.2995,-0.5978,-0.0507,0.3551,3.5997,0.0000,3.0000
3.6497,73,1.9958,0.0000,3.0083,1.3994,0.0373,0.3083,-0.5725,-0.0516,0.3574,3.6497,0.0000,3.0000
3.6997,74,1.9958,0.0000,3.0083,1.3994,0.0373,0.3083,-0.5725,-0.0516,0.3574,3.6997,0.0000,3.0000
3.7497,75,2.0676,0.0000,3.0096,1.4141,0.0372,0.3180,-0.5466,-0.0525,0.3596,3.7497,0.0000,3.0000
3.7997,76,2.1397,0.0000,3.0106,1.4280,0.0366,0.3281,-0.5201,-0.0533,0.3616,3.7997,0.0000,3.0000
3.8497,77,2.1397,0.0000,3.0106,1.4280,0.0366,0.3281,-0.5201,-0.0533,0.3616,3.8497,0.0000,3.0000
3.8997,78,2.2122,0.0000,3.0116,1.4413,0.0362,0.3373,-0.4929,-0.0543,0.3635,3.8997,0.0000,3.0000
3.9496,79,2.2122,0.0000,3.0116,1.4548,0.0360,0.3441,-0.4929,-0.0543,0.3635,3.9496,0.0000,3.0000
4.0000,80,2.2849,0.0000,3.0124,1.4548,0.0360,0.3441,-0.4649,-0.0553,0.3656,4.0000,0.0000,3.0000
4.0497,81,2.3578,0.0000,3.0131,1.4695,0.0359,0.3502,-0.4366,-0.0564,0.3679,4.0497,0.0000,3.0000
4.0998,82,2.3578,0.0000,3.0131,1.4695,0.0359,0.3502,-0.4366,-0.0564,0.3679,4.0998,0.0000,3.0000
4.1498,83,2.4307,0.0000,3.0138,1.4854,0.0354,0.3564,-0.4083,-0.0575,0.3692,4.1498,0.0000,3.0000
4.1997,84,2.5038,0.0000,3.0144,1.5018,0.0345,0.3622,-0.3798,-0.0585,0.3692,4.1997,0.0000,3.0000
4.2497,85,2.5038,0.0000,3.0144,1.5018,0.0345,0.3622,-0.3798,-0.0585,0.3692,4.2497,0.0000,3.0000
4.2997,86,2.5769,-0.0000,3.0148,1.5186,0.0330,0.3676,-0.3520,-0.0594,0.3694,4.2997,0.0000,3.0000
4.3498,87,2.5769,-0.0000,3.0148,1.5186,0.0330,0.3676,-0.3520,-0.0594,0.3694,4.3498,0.0000,3.0000
4.3997,88,2.6501,-0.0000,3.0153,1.5359,0.0313,0.3728,-0.3247,-0.0603,0.3701,4.3997,0.0000,3.0000
4.4498,89,2.6501,-0.0000,3.0153,1.5359,0.0313,0.3728,-0.3247,-0.0603,0.3701,4.4498,0.0000,3.0000
4.4997,90,2.7233,-0.0000,3.0156,1.5541,0.0297,0.3769,-0.2975,-0.0609,0.3708,4.4997,0.0000,3.0000
4.5496,91,2.7966,-0.0000,3.0160,1.5729,0.0286,0.3797,-0.2699,-0.0614,0.3716,4.5496,0.0000,3.0000
4.5997,92,2.7966,-0.0000,3.0160,1.5729,0.0286,0.3797,-0.2699,-0.0614,0.3716,4.5997,0.0000,3.0000
4.6498,93,2.8698,-0.0000,3.0163,1.5916,0.0283,0.3829,-0.2418,-0.0618,0.3725,4.6498,0.0000,3.0000
4.6998,94,2.8698,-0.0000,3.0163,1.5916,0.0283,0.3829,-0.2418,-0.0618,0.3725,4.6998,0.0000,3.0000
4.7497,95,2.9431,-0.0000,3.0165,1.6099,0.0282,0.3884,-0.2131,-0.0620,0.3737,4.7497,0.0000,3.0000
4.7996,96,2.9431,-0.0000,3.0165,1.6285,0.0282,0.3935,-0.2131,-0.0620,0.3737,4.7996,0.0000,3.0000
4.8497,97,3.0164,-0.0000,3.0167,1.6285,0.0282,0.3935,-0.1836,-0.0621,0.3749,4.8497,0.0000,3.0000
4.8997,98,3.0897,-0.0000,3.0169,1.6471,0.0289,0.3959,-0.1546,-0.0621,0.3770,4.8997,0.0000,3.0000
4.9498,99,3.0897,-0.0000,3.0169,1.6471,0.0289,0.3959,-0.1546,-0.0621,0.3770,4.9498,0.0000,3.0000
4.9998,100,3.1630,-0.0000,3.0170,1.6661,0.0298,0.3950,-0.1267,-0.0622,0.3797,4.9998,0.0000,3.0000
5.0499,101,3.1630,-0.0000,3.0170,1.6661,0.0298,0.3950,-0.1267,-0.0622,0.3797,5.0499,0.0000,3.0000
5.0998,102,3.2363,-0.0000,3.0172,1.6856,0.0304,0.3907,-0.0993,-0.0624,0.3823,5.0998,0.0000,3.0000
5.1497,103,3.3097,-0.0000,3.0173,1.7052,0.0305,0.3852,-0.0719,-0.0627,0.3845,5.1497,0.0000,3.0000
5.1997,104,3.3097,-0.0000,3.0173,1.7052,0.0305,0.3852,-0.0719,-0.0627,0.3845,5.1997,0.0000,3.0000
5.2497,105,3.3830,-0.0000,3.0174,1.7248,0.0298,0.3773,-0.0443,-0.0629,0.3862,5.2497,0.0000,3.0000
5.2997,106,3.3830,-0.0000,3.0174,1.7248,0.0298,0.3773,-0.0443,-0.0629,0.3862,5.2997,0.0000,3.0000
5.3497,107,3.4563,-0.0000,3.0174,1.7444,0.0282,0.3670,-0.0165,-0.0632,0.3878,5.3497,0.0000,3.0000
5.3996,108,3.5296,-0.0000,3.0175,1.7637,0.0259,0.3543,0.0119,-0.0635,0.3894,5.3996,0.0000,3.0000
5.4498,109,3.5296,-0.0000,3.0175,1.7637,0.0259,0.3543,0.0119,-0.0635,0.3894,5.4498,0.0000,3.0000
5.4997,110,3.6030,-0.0000,3.0175,1.7826,0.0222,0.3396,0.0411,-0.0639,0.3908,5.4997,0.0000,3.0000
5.5497,111,3.6030,-0.0000,3.0175,1.7826,0.0222,0.3396,0.0411,-0.0639,0.3908,5.5497,0.0000,3.0000
5.5997,112,3.6763,-0.0000,3.0176,1.8009,0.0176,0.3226,0.0709,-0.0643,0.3914,5.5997,0.0000,3.0000
5.6497,113,3.6763,-0.0000,3.0176,1.8009,0.0176,0.3226,0.0709,-0.0643,0.3914,5.6497,0.0000,3.0000
5.6997,114,3.7496,0.0000,3.0176,1.8186,0.0128,0.3024,0.1006,-0.0647,0.3899,5.6997,0.0000,3.0000
5.7496,115,3.8230,0.0000,3.0176,1.8347,0.0116,0.2824,0.1304,-0.0651,0.3868,5.7496,0.0000,3.0000
5.7998,116,3.8230,0.0000,3.0176,1.8347,0.0116,0.2824,0.1304,-0.0651,0.3868,5.7998,0.0000,3.0000
5.8497,117,3.8963,0.0000,3.0176,1.8510,0.0116,0.2626,0.1598,-0.0654,0.3838,5.8497,0.0000,3.0000
5.8997,118,3.8963,0.0000,3.0176,1.8510,0.0116,0.2626,0.1598,-0.0654,0.3838,5.8997,0.0000,3.0000
5.9497,119,3.9696,0.0000,3.0176,1.8673,0.0099,0.2460,0.1887,-0.0659,0.3815,5.9497,0.0000,3.0000
5.9997,120,3.9696,0.0000,3.0176,1.8673,0.0099,0.2460,0.1887,-0.0659,0.3815,5.9997,0.0000,3.0000
6.0497,121,4.0430,0.0000,3.0176,1.8826,0.0066,0.2314,0.2173,-0.0663,0.3797,6.0497,0.0000,3.0000
6.0996,122,4.1163,0.0000,3.0176,1.8977,0.0023,0.2194,0.2459,-0.0666,0.3782,6.0996,0.0000,3.0000
6.1497,123,4.1163,0.0000,3.0176,1.8977,0.0023,0.2194,0.2459,-0.0666,0.3782,6.1497,0.0000,3.0000
6.1997,124,4.1896,0.0000,3.0176,1.9147,-0.0035,0.2100,0.2748,-0.0668,0.3768,6.1997,0.0000,3.0000
6.2498,125,4.1896,0.0000,3.0176,1.9147,-0.0035,0.2100,0.2748,-0.0668,0.3768,6.2498,0.0000,3.0000
6.3007,126,4.2630,0.0000,3.0176,1.9349,-0.0102,0.2025,0.3042,-0.0671,0.3757,6.3007,0.0000,3.0000
6.3497,127,4.2630,0.0000,3.0176,1.9349,-0.0102,0.2025,0.3042,-0.0671,0.3757,6.3497,0.0000,3.0000
6.3997,128,4.3363,0.0000,3.0175,1.9546,-0.0151,0.1973,0.3341,-0.0675,0.3746,6.3997,0.0000,3.0000
6.4497,129,4.3363,0.0000,3.0175,1.9546,-0.0151,0.1973,0.3341,-0.0675,0.3746,6.4497,0.0000,3.0000
6.4997,130,4.4096,0.0000,3.0175,1.9714,-0.0168,0.1975,0.3643,-0.0678,0.3729,6.4997,0.0000,3.0000
6.5496,131,4.4830,0.0000,3.0175,1.9871,-0.0178,0.2010,0.3935,-0.0682,0.3731,6.5496,0.0000,3.0000
6.5997,132,4.4830,0.0000,3.0175,1.9871,-0.0178,0.2010,0.3935,-0.0682,0.3731,6.5997,0.0000,3.0000
6.6498,133,4.5563,0.0000,3.0175,2.0033,-0.0192,0.2068,0.4217,-0.0685,0.3744,6.6498,0.0000,3.0000
6.6998,134,4.5563,0.0000,3.0175,2.0033,-0.0192,0.2068,0.4217,-0.0685,0.3744,6.6998,0.0000,3.0000
6.7497,135,4.6296,0.0000,3.0174,2.0218,-0.0220,0.2122,0.4495,-0.0687,0.3760,6.7497,0.0000,3.0000
6.7997,136,4.6296,0.0000,3.0174,2.0218,-0.0220,0.2122,0.4495,-0.0687,0.3760,6.7997,0.0000,3.0000
6.8497,137,4.7030,0.0000,3.0174,2.0431,-0.0262,0.2178,0.4772,-0.0688,0.3775,6.8497,0.0000,3.0000
6.8997,138,4.7763,0.0000,3.0174,2.0658,-0.0305,0.2281,0.5050,-0.0688,0.3789,6.8997,0.0000,3.0000
6.9497,139,4.7763,0.0000,3.0174,2.0658,-0.0305,0.2281,0.5050,-0.0688,0.3789,6.9497,0.0000,3.0000
6.9997,140,4.8496,0.0000,3.0173,2.0890,-0.0340,0.2400,0.5332,-0.0689,0.3801,6.9997,0.0000,3.0000
7.0498,141,4.8496,0.0000,3.0173,2.0890,-0.0340,0.2400,0.5332,-0.0689,0.3801,7.0498,0.0000,3.0000
7.0997,142,4.9230,0.0000,3.0173,2.1125,-0.0369,0.2520,0.5621,-0.0687,0.3813,7.0997,0.0000,3.0000
7.1497,143,4.9230,0.0000,3.0173,2.1125,-0.0369,0.2520,0.5621,-0.0687,0.3813,7.1497,0.0000,3.0000
7.1997,144,4.9963,0.0000,3.0173,2.1366,-0.0389,0.2648,0.5919,-0.0685,0.3823,7.1997,0.0000,3.0000
7.2497,145,5.0696,0.0000,3.0172,2.1605,-0.0403,0.2778,0.6226,-0.0682,0.3826,7.2497,0.0000,3.0000
7.2998,146,5.0696,0.0000,3.0172,2.1605,-0.0403,0.2778,0.6226,-0.0682,0.3826,7.2998,0.0000,3.0000
7.3497,147,5.1429,0.0000,3.0172,2.1843,-0.0412,0.2896,0.6529,-0.0679,0.3815,7.3497,0.0000,3.0000
7.4006,148,5.1429,0.0000,3.0172,2.1843,-0.0412,0.2896,0.6529,-0.0679,0.3815,7.4006,0.0000,3.0000
7.4497,149,5.2163,0.0000,3.0171,2.2088,-0.0415,0.3000,0.6832,-0.0676,0.3795,7.4497,0.0000,3.0000
7.4997,150,5.2163,0.0000,3.0171,2.2088,-0.0415,0.3000,0.6832,-0.0676,0.3795,7.4997,0.0000,3.0000
7.5497,151,5.2896,0.0000,3.0171,2.2337,-0.0405,0.3095,0.7127,-0.0674,0.3779,7.5497,0.0000,3.0000
7.5998,152,5.2896,0.0000,3.0171,2.2337,-0.0405,0.3095,0.7127,-0.0674,0.3779,7.5998,0.0000,3.0000
7.6497,153,5.3629,0.0000,3.0171,2.2580,-0.0382,0.3178,0.7417,-0.0674,0.3768,7.6497,0.0000,3.0000
7.6996,154,5.4363,0.0000,3.0170,2.2819,-0.0341,0.3248,0.7704,-0.0675,0.3762,7.6996,0.0000,3.0000
7.7497,155,5.4363,0.0000,3.0170,2.2819,-0.0341,0.3248,0.7704,-0.0675,0.3762,7.7497,0.0000,3.0000
7.7998,156,5.5096,0.0000,3.0170,2.3064,-0.0283,0.3309,0.7993,-0.0675,0.3757,7.7998,0.0000,3.0000
7.8499,157,5.5096,0.0000,3.0170,2.3064,-0.0283,0.3309,0.7993,-0.0675,0.3757,7.8499,0.0000,3.0000
7.8997,158,5.5829,0.0000,3.0169,2.3313,-0.0217,0.3368,0.8285,-0.0675,0.3755,7.8997,0.0000,3.0000
7.9497,159,5.5829,0.0000,3.0169,2.3313,-0.0217,0.3368,0.8285,-0.0675,0.3755,7.9497,0.0000,3.0000
7.9997,160,5.6563,0.0000,3.0169,2.3565,-0.0150,0.3424,0.8584,-0.0676,0.3753,7.9997,0.0000,3.0000
8.0497,161,5.7296,0.0000,3.0168,2.3818,-0.0080,0.3475,0.8890,-0.0678,0.3752,8.0497,0.0000,3.0000
8.0997,162,5.7296,0.0000,3.0168,2.3818,-0.0080,0.3475,0.8890,-0.0678,0.3752,8.0997,0.0000,3.0000
8.1498,163,5.8029,0.0000,3.0168,2.4075,-0.0011,0.3514,0.9191,-0.0681,0.3756,8.1498,0.0000,3.0000
8.2006,164,5.8029,0.0000,3.0168,2.4075,-0.0011,0.3514,0.9191,-0.0681,0.3756,8.2006,0.0000,3.0000
8.2497,165,5.8763,0.0000,3.0168,2.4328,0.0058,0.3556,0.9479,-0.0682,0.3776,8.2497,0.0000,3.0000
8.2997,166,5.9496,0.0000,3.0167,2.4576,0.0129,0.3605,0.9758,-0.0681,0.3797,8.2997,0.0000,3.0000
8.3498,167,5.9496,0.0000,3.0167,2.4576,0.0129,0.3605,0.9758,-0.0681,0.3797,8.3498,0.0000,3.0000
8.3997,168,6.0229,0.0000,3.0167,2.4816,0.0199,0.3659,1.0034,-0.0678,0.3820,8.3997,0.0000,3.0000
8.4497,169,6.0229,0.0000,3.0167,2.4816,0.0199,0.3659,1.0034,-0.0678,0.3820,8.4497,0.0000,3.0000
8.4997,170,6.0963,0.0000,3.0166,2.5054,0.0267,0.3708,1.0310,-0.0675,0.3839,8.4997,0.0000,3.0000
8.5497,171,6.0963,0.0000,3.0166,2.5054,0.0267,0.3708,1.0310,-0.0675,0.3839,8.5497,0.0000,3.0000
8.5997,172,6.1696,0.0000,3.0166,2.5290,0.0333,0.3747,1.0589,-0.0670,0.3855,8.5997,0.0000,3.0000
8.6497,173,6.1696,0.0000,3.0166,2.5290,0.0333,0.3747,1.0589,-0.0670,0.3855,8.6497,0.0000,3.0000
8.6997,174,6.2429,0.0000,3.0165,2.5526,0.0395,0.3772,1.0873,-0.0662,0.3868,8.6997,0.0000,3.0000
8.7497,175,6.3163,0.0000,3.0165,2.5761,0.0456,0.3782,1.1166,-0.0652,0.3878,8.7497,0.0000,3.0000
8.7997,176,6.3163,0.0000,3.0165,2.5761,0.0456,0.3782,1.1166,-0.0652,0.3878,8.7997,0.0000,3.0000
8.8497,177,6.3896,0.0000,3.0165,2.5997,0.0516,0.3781,1.1470,-0.0642,0.3878,8.8497,0.0000,3.0000
8.8997,178,6.3896,0.0000,3.0165,2.5997,0.0516,0.3781,1.1470,-0.0642,0.3878,8.8997,0.0000,3.0000
8.9498,179,6.4629,0.0000,3.0164,2.6236,0.0574,0.3773,1.1777,-0.0632,0.3866,8.9498,0.0000,3.0000
8.9997,180,6.5363,0.0000,3.0164,2.6483,0.0633,0.3758,1.2082,-0.0622,0.3839,8.9997,0.0000,3.0000
9.0498,181,6.5363,0.0000,3.0164,2.6483,0.0633,0.3758,1.2082,-0.0622,0.3839,9.0498,0.0000,3.0000
9.0998,182,6.6096,0.0000,3.0163,2.6742,0.0694,0.3736,1.2379,-0.0611,0.3819,9.0998,0.0000,3.0000
9.1496,183,6.6829,0.0000,3.0163,2.7007,0.0752,0.3712,1.2670,-0.0603,0.3805,9.1496,0.0000,3.0000
9.1997,184,6.6829,0.0000,3.0163,2.7007,0.0752,0.3712,1.2670,-0.0603,0.3805,9.1997,0.0000,3.0000
9.2497,185,6.7563,0.0000,3.0163,2.7268,0.0802,0.3696,1.2959,-0.0596,0.3795,9.2497,0.0000,3.0000
9.2997,186,6.7563,0.0000,3.0163,2.7268,0.0802,0.3696,1.2959,-0.0596,0.3795,9.2997,0.0000,3.0000
9.3497,187,6.8296,0.0000,3.0162,2.7523,0.0848,0.3685,1.3248,-0.0589,0.3787,9.3497,0.0000,3.0000
9.3997,188,6.9029,0.0000,3.0162,2.7774,0.0892,0.3678,1.3539,-0.0583,0.3781,9.3997,0.0000,3.0000
9.4497,189,6.9029,0.0000,3.0162,2.7774,0.0892,0.3678,1.3539,-0.0583,0.3781,9.4497,0.0000,3.0000
9.4997,190,6.9029,0.0000,3.0162,2.7774,0.0892,0.3678,1.3539,-0.0583,0.3781,9.4997,0.0000,3.0000
9.5498,191,6.9763,0.0000,3.0161,2.8025,0.0933,0.3672,1.3836,-0.0577,0.3778,9.5498,0.0000,3.0000
9.5997,192,7.0496,0.0000,3.0161,2.8281,0.0974,0.3665,1.4141,-0.0570,0.3775,9.5997,0.0000,3.0000
9.6498,193,7.0496,0.0000,3.0161,2.8281,0.0974,0.3665,1.4141,-0.0570,0.3775,9.6498,0.0000,3.0000
9.6997,194,7.1229,0.0000,3.0160,2.8546,0.1015,0.3662,1.4444,-0.0565,0.3773,9.6997,0.0000,3.0000
9.7497,195,7.1229,0.0000,3.0160,2.8546,0.1015,0.3662,1.4444,-0.0565,0.3773,9.7497,0.0000,3.0000
9.7998,196,7.1963,0.0000,3.0160,2.8820,0.1057,0.3663,1.4733,-0.0560,0.3787,9.7998,0.0000,3.0000
9.8498,197,7.2696,0.0000,3.0160,2.9104,0.1099,0.3667,1.5013,-0.0554,0.3805,9.8498,0.0000,3.0000
9.8997,198,7.2696,0.0000,3.0160,2.9104,0.1099,0.3667,1.5013,-0.0554,0.3805,9.8997,0.0000,3.0000
9.9497,199,7.3429,0.0000,3.0159,2.9392,0.1140,0.3668,1.5289,-0.0548,0.3824,9.9497,0.0000,3.0000
9.9997,200,7.4162,0.0000,3.0159,2.9679,0.1180,0.3662,1.5564,-0.0541,0.3840,9.9997,0.0000,3.0000
10.0498,201,7.4162,0.0000,3.0159,2.9679,0.1180,0.3662,1.5564,-0.0541,0.3840,10.0000,0.0498,3.0000
10.0997,202,7.4896,0.0000,3.0158,2.9962,0.1217,0.3662,1.5842,-0.0533,0.3854,10.0000,0.0997,3.0000
10.1497,203,7.4896,0.0000,3.0158,2.9962,0.1217,0.3662,1.5842,-0.0533,0.3854,10.0000,0.1497,3.0000
10.1997,204,7.5629,0.0005,3.0158,3.0243,0.1253,0.3662,1.6125,-0.0525,0.3864,10.0000,0.1997,3.0000
10.2497,205,7.6362,0.0025,3.0158,3.0522,0.1286,0.3659,1.6416,-0.0518,0.3871,10.0000,0.2497,3.0000
10.2997,206,7.6362,0.0025,3.0158,3.0522,0.1286,0.3659,1.6416,-0.0518,0.3871,10.0000,0.2997,3.0000
10.3497,207,7.7096,0.0064,3.0157,3.0801,0.1315,0.3653,1.6716,-0.0510,0.3874,10.0000,0.3497,3.0000
10.3997,208,7.7096,0.0064,3.0157,3.0801,0.1315,0.3653,1.6716,-0.0510,0.3874,10.0000,0.3997,3.0000
10.4497,209,7.7829,0.0125,3.0157,3.1084,0.1345,0.3643,1.7021,-0.0501,0.3864,10.0000,0.4497,3.0000
10.5006,210,7.8562,0.0211,3.0156,3.1375,0.1375,0.3631,1.7324,-0.0493,0.3836,10.0000,0.5006,3.0000
10.5497,211,7.8562,0.0211,3.0156,3.1375,0.1375,0.3631,1.7324,-0.0493,0.3836,10.0000,0.5497,3.0000
10.5997,212,7.9296,0.0322,3.0156,3.1680,0.1406,0.3619,1.7622,-0.0485,0.3807,10.0000,0.5997,3.0000
10.6497,213,7.9296,0.0322,3.0156,3.1680,0.1406,0.3619,1.7622,-0.0485,0.3807,10.0000,0.6497,3.0000
10.6997,214,8.0029,0.0462,3.0156,3.1987,0.1438,0.3611,1.7912,-0.0480,0.3788,10.0000,0.6997,3.0000
10.7498,215,8.0029,0.0462,3.0156,3.1987,0.1438,0.3611,1.7912,-0.0480,0.3788,10.0000,0.7498,3.0000
10.7998,216,8.0762,0.0633,3.0155,3.2283,0.1472,0.3620,1.8197,-0.0476,0.3775,10.0000,0.7998,3.0000
10.8498,217,8.0762,0.0633,3.0155,3.2283,0.1472,0.3620,1.8197,-0.0476,0.3775,10.0000,0.8498,3.0000
10.8998,218,8.1496,0.0837,3.0155,3.2569,0.1504,0.3632,1.8480,-0.0473,0.3765,10.0000,0.8998,3.0000
10.9496,219,8.2229,0.1075,3.0154,3.2851,0.1533,0.3647,1.8765,-0.0470,0.3757,10.0000,0.9496,3.0000
10.9998,220,8.2229,0.1075,3.0154,3.2851,0.1533,0.3647,1.8765,-0.0470,0.3757,10.0000,0.9998,3.0000
11.0497,221,8.2963,0.1344,3.0154,3.3133,0.1559,0.3658,1.9054,-0.0469,0.3750,10.0000,1.0497,3.0000
11.1006,222,8.2963,0.1344,3.0154,3.3133,0.1559,0.3658,1.9054,-0.0469,0.3750,10.0000,1.1006,3.0000
11.1497,223,8.3696,0.1641,3.0154,3.3420,0.1584,0.3665,1.9350,-0.0469,0.3745,10.0000,1.1497,3.0000
11.1997,224,8.4429,0.1967,3.0153,3.3712,0.1612,0.3674,1.9653,-0.0472,0.3741,10.0000,1.1997,3.0000
11.2497,225,8.4429,0.1967,3.0153,3.3712,0.1612,0.3674,1.9653,-0.0472,0.3741,10.0000,1.2497,3.0000
11.2997,226,8.5163,0.2320,3.0153,3.4012,0.1642,0.3683,1.9951,-0.0475,0.3743,10.0000,1.2997,3.0000
11.3498,227,8.5163,0.2320,3.0153,3.4012,0.1642,0.3683,1.9951,-0.0475,0.3743,10.0000,1.3498,3.0000
11.3997,228,8.5896,0.2698,3.0152,3.4321,0.1676,0.3695,2.0235,-0.0477,0.3758,10.0000,1.3997,3.0000
11.4497,229,8.6629,0.3102,3.0152,3.4631,0.1707,0.3701,2.0513,-0.0475,0.3774,10.0000,1.4497,3.0000
11.4997,230,8.6629,0.3102,3.0152,3.4631,0.1707,0.3701,2.0513,-0.0475,0.3774,10.0000,1.4997,3.0000
11.5498,231,8.7362,0.3528,3.0152,3.4939,0.1737,0.3700,2.0786,-0.0472,0.3792,10.0000,1.5498,3.0000
11.5998,232,8.7362,0.3528,3.0152,3.4939,0.1737,0.3700,2.0786,-0.0472,0.3792,10.0000,1.5998,3.0000
11.6498,233,8.8090,0.3976,3.0151,3.5239,0.1765,0.3704,2.1059,-0.0466,0.3810,10.0000,1.6498,3.0000
11.6997,234,8.8806,0.4445,3.0151,3.5531,0.1789,0.3712,2.1336,-0.0459,0.3825,10.0000,1.6997,3.0000
11.7497,235,8.8806,0.4445,3.0151,3.5531,0.1789,0.3712,2.1336,-0.0459,0.3825,10.0000,1.7497,3.0000
11.7997,236,8.9507,0.4935,3.0150,3.5819,0.1809,0.3719,2.1619,-0.0451,0.3836,10.0000,1.7997,3.0000
11.8505,237,9.0187,0.5442,3.0150,3.6107,0.1825,0.3720,2.1909,-0.0440,0.3847,10.0000,1.8505,3.0000
11.8997,238,9.0187,0.5442,3.0150,3.6107,0.1825,0.3720,2.1909,-0.0440,0.3847,10.0000,1.8997,3.0000
11.9498,239,9.0846,0.5967,3.0150,3.6401,0.1838,0.3720,2.2211,-0.0428,0.3853,10.0000,1.9498,3.0000
11.9997,240,9.0846,0.5967,3.0150,3.6401,0.1838,0.3720,2.2211,-0.0428,0.3853,10.0000,1.9997,3.0000
12.0498,241,9.1481,0.6505,3.0149,3.6702,0.1850,0.3721,2.2515,-0.0415,0.3850,9.9502,2.0000,3.0000
12.0997,242,9.2088,0.7058,3.0149,3.7012,0.1859,0.3726,2.2818,-0.0400,0.3831,9.9003,2.0000,3.0000
12.1497,243,9.2088,0.7058,3.0149,3.7012,0.1859,0.3726,2.2818,-0.0400,0.3831,9.8503,2.0000,3.0000
12.1998,244,9.2664,0.7619,3.0148,3.7314,0.1870,0.3740,2.3119,-0.0384,0.3808,9.8002,2.0000,3.0000
12.2497,245,9.2664,0.7619,3.0148,3.7314,0.1870,0.3740,2.3119,-0.0384,0.3808,9.7503,2.0000,3.0000
12.2997,246,9.3201,0.8179,3.0148,3.7602,0.1882,0.3759,2.3411,-0.0370,0.3793,9.7003,2.0000,3.0000
12.3497,247,9.3692,0.8733,3.0148,3.7881,0.1895,0.3781,2.3700,-0.0355,0.3783,9.6503,2.0000,3.0000
12.3998,248,9.3692,0.8733,3.0148,3.7881,0.1895,0.3781,2.3700,-0.0355,0.3783,9.6002,2.0000,3.0000
12.4499,249,9.4135,0.9276,3.0147,3.8156,0.1908,0.3805,2.3988,-0.0338,0.3776,9.5501,2.0000,3.0000
12.4998,250,9.4135,0.9276,3.0147,3.8156,0.1908,0.3805,2.3988,-0.0338,0.3776,9.5002,2.0000,3.0000
12.5497,251,9.4529,0.9806,3.0147,3.8430,0.1921,0.3829,2.4279,-0.0320,0.3769,9.4503,2.0000,3.0000
12.5996,252,9.4529,0.9806,3.0147,3.8707,0.1933,0.3851,2.4279,-0.0320,0.3769,9.4004,2.0000,3.0000
12.6497,253,9.4871,1.0320,3.0147,3.8707,0.1933,0.3851,2.4574,-0.0301,0.3764,9.3503,2.0000,3.0000
12.6998,254,9.5162,1.0816,3.0146,3.8989,0.1945,0.3873,2.4878,-0.0280,0.3760,9.3002,2.0000,3.0000
12.7497,255,9.5162,1.0816,3.0146,3.8989,0.1945,0.3873,2.4878,-0.0280,0.3760,9.2503,2.0000,3.0000
12.7998,256,9.5403,1.1294,3.0146,3.9275,0.1962,0.3892,2.5183,-0.0257,0.3760,9.2002,2.0000,3.0000
12.8497,257,9.5593,1.1753,3.0145,3.9566,0.1980,0.3900,2.5473,-0.0235,0.3771,9.1503,2.0000,3.0000
12.8998,258,9.5593,1.1753,3.0145,3.9566,0.1980,0.3900,2.5473,-0.0235,0.3771,9.1002,2.0000,3.0000
12.9498,259,9.5734,1.2193,3.0145,3.9855,0.2000,0.3898,2.5751,-0.0212,0.3786,9.0502,2.0000,3.0000
12.9998,260,9.5734,1.2193,3.0145,3.9855,0.2000,0.3898,2.5751,-0.0212,0.3786,9.0002,2.0000,3.0000
13.0497,261,9.5829,1.2614,3.0145,4.0149,0.2022,0.3882,2.6026,-0.0188,0.3803,8.9503,2.0000,3.0000
13.0997,262,9.5879,1.3016,3.0144,4.0441,0.2045,0.3857,2.6301,-0.0163,0.3821,8.9003,2.0000,3.0000
13.1497,263,9.5879,1.3016,3.0144,4.0441,0.2045,0.3857,2.6301,-0.0163,0.3821,8.8503,2.0000,3.0000
13.1997,264,9.5888,1.3400,3.0144,4.0727,0.2069,0.3839,2.6578,-0.0137,0.3836,8.8003,2.0000,3.0000
13.2497,265,9.5888,1.3400,3.0144,4.0727,0.2069,0.3839,2.6578,-0.0137,0.3836,8.7503,2.0000,3.0000
13.3000,266,9.5854,1.3766,3.0144,4.1009,0.2093,0.3824,2.6860,-0.0109,0.3850,8.7000,2.0000,3.0000
13.3498,267,9.5780,1.4115,3.0143,4.1294,0.2120,0.3809,2.7147,-0.0080,0.3863,8.6502,2.0000,3.0000
13.3998,268,9.5780,1.4115,3.0143,4.1294,0.2120,0.3809,2.7147,-0.0080,0.3863,8.6002,2.0000,3.0000
13.4498,269,9.5668,1.4446,3.0143,4.1583,0.2150,0.3794,2.7441,-0.0049,0.3874,8.5502,2.0000,3.0000
13.4997,270,9.5518,1.4762,3.0142,4.1879,0.2184,0.3780,2.7736,-0.0017,0.3875,8.5003,2.0000,3.0000
13.5498,271,9.5518,1.4762,3.0142,4.1879,0.2184,0.3780,2.7736,-0.0017,0.3875,8.4502,2.0000,3.0000
13.5998,272,9.5332,1.5062,3.0142,4.2185,0.2223,0.3768,2.8031,0.0018,0.3860,8.4002,2.0000,3.0000
13.6497,273,9.5332,1.5062,3.0142,4.2185,0.2223,0.3768,2.8031,0.0018,0.3860,8.3503,2.0000,3.0000
13.6997,274,9.5114,1.5347,3.0142,4.2485,0.2265,0.3765,2.8328,0.0052,0.3833,8.3003,2.0000,3.0000
13.7496,275,9.5114,1.5347,3.0142,4.2773,0.2308,0.3768,2.8618,0.0088,0.3810,8.2504,2.0000,3.0000
13.7997,276,9.4862,1.5619,3.0141,4.2773,0.2308,0.3768,2.8618,0.0088,0.3810,8.2003,2.0000,3.0000
13.8498,277,9.4580,1.5876,3.0141,4.3052,0.2351,0.3776,2.8903,0.0124,0.3793,8.1502,2.0000,3.0000
13.8997,278,9.4580,1.5876,3.0141,4.3052,0.2351,0.3776,2.8903,0.0124,0.3793,8.1003,2.0000,3.0000
13.9498,279,9.4269,1.6121,3.0141,4.3328,0.2394,0.3786,2.9189,0.0162,0.3779,8.0502,2.0000,3.0000
13.9997,280,9.3929,1.6353,3.0140,4.3606,0.2436,0.3797,2.9477,0.0203,0.3768,8.0003,2.0000,3.0000
14.0497,281,9.3929,1.6353,3.0140,4.3606,0.2436,0.3797,2.9477,0.0203,0.3768,7.9503,2.0000,3.0000
14.0997,282,9.3562,1.6574,3.0140,4.3886,0.2479,0.3809,2.9771,0.0247,0.3758,7.9003,2.0000,3.0000
14.1497,283,9.3562,1.6574,3.0140,4.3886,0.2479,0.3809,2.9771,0.0247,0.3758,7.8503,2.0000,3.0000
14.1997,284,9.3171,1.6783,3.0140,4.4171,0.2523,0.3821,3.0072,0.0293,0.3750,7.8003,2.0000,3.0000
14.2498,285,9.2757,1.6982,3.0139,4.4459,0.2571,0.3828,3.0370,0.0341,0.3751,7.7502,2.0000,3.0000
14.2998,286,9.2757,1.6982,3.0139,4.4459,0.2571,0.3828,3.0370,0.0341,0.3751,7.7002,2.0000,3.0000
14.3498,287,9.2323,1.7171,3.0139,4.4751,0.2621,0.3824,3.0653,0.0390,0.3767,7.6502,2.0000,3.0000
14.3997,288,9.1866,1.7350,3.0138,4.5043,0.2676,0.3815,3.0926,0.0438,0.3787,7.6003,2.0000,3.0000
14.4498,289,9.1866,1.7350,3.0138,4.5043,0.2676,0.3815,3.0926,0.0438,0.3787,7.5502,2.0000,3.0000
14.4998,290,9.1390,1.7520,3.0138,4.5336,0.2733,0.3795,3.1194,0.0487,0.3808,7.5002,2.0000,3.0000
14.5497,291,9.1390,1.7520,3.0138,4.5336,0.2733,0.3795,3.1194,0.0487,0.3808,7.4503,2.0000,3.0000
14.5997,292,9.0895,1.7681,3.0138,4.5625,0.2791,0.3776,3.1461,0.0537,0.3828,7.4003,2.0000,3.0000
14.6497,293,9.0895,1.7681,3.0138,4.5625,0.2791,0.3776,3.1461,0.0537,0.3828,7.3503,2.0000,3.0000
14.6997,294,9.0381,1.7834,3.0137,4.5908,0.2851,0.3762,3.1729,0.0588,0.3848,7.3003,2.0000,3.0000
14.7498,295,8.9849,1.7979,3.0137,4.6189,0.2912,0.3751,3.1999,0.0643,0.3868,7.2502,2.0000,3.0000
14.7998,296,8.9849,1.7979,3.0137,4.6189,0.2912,0.3751,3.1999,0.0643,0.3868,7.2002,2.0000,3.0000
14.8497,297,8.9301,1.8117,3.0137,4.6471,0.2977,0.3740,3.2277,0.0699,0.3887,7.1503,2.0000,3.0000
14.8997,298,8.9301,1.8117,3.0137,4.6471,0.2977,0.3740,3.2277,0.0699,0.3887,7.1003,2.0000,3.0000
14.9498,299,8.8736,1.8248,3.0136,4.6759,0.3046,0.3729,3.2564,0.0758,0.3899,7.0502,2.0000,3.0000
14.9998,300,8.8156,1.8372,3.0136,4.7053,0.3122,0.3720,3.2850,0.0818,0.3895,7.0002,2.0000,3.0000
15.0499,301,8.8156,1.8372,3.0136,4.7053,0.3122,0.3720,3.2850,0.0818,0.3895,6.9501,2.0000,3.0000
15.0998,302,8.7563,1.8489,3.0136,4.7350,0.3201,0.3719,3.3138,0.0880,0.3874,6.9002,2.0000,3.0000
15.1497,303,8.6954,1.8601,3.0135,4.7636,0.3283,0.3729,3.3427,0.0944,0.3844,6.8503,2.0000,3.0000
15.1997,304,8.6954,1.8601,3.0135,4.7636,0.3283,0.3729,3.3427,0.0944,0.3844,6.8003,2.0000,3.0000
15.2506,305,8.6333,1.8707,3.0135,4.7909,0.3364,0.3748,3.3709,0.1007,0.3821,6.7494,2.0000,3.0000
15.2997,306,8.6333,1.8707,3.0135,4.7909,0.3364,0.3748,3.3709,0.1007,0.3821,6.7003,2.0000,3.0000
15.3497,307,8.5700,1.8807,3.0135,4.8175,0.3444,0.3772,3.3986,0.1070,0.3803,6.6503,2.0000,3.0000
15.3997,308,8.5054,1.8902,3.0134,4.8439,0.3524,0.3795,3.4262,0.1137,0.3789,6.6003,2.0000,3.0000
15.4498,309,8.5054,1.8902,3.0134,4.8439,0.3524,0.3795,3.4262,0.1137,0.3789,6.5502,2.0000,3.0000
15.4997,310,8.4396,1.8993,3.0134,4.8704,0.3603,0.3817,3.4541,0.1207,0.3776,6.5003,2.0000,3.0000
15.5498,311,8.4396,1.8993,3.0134,4.8704,0.3603,0.3817,3.4541,0.1207,0.3776,6.4502,2.0000,3.0000
15.5997,312,8.3730,1.9078,3.0134,4.8972,0.3685,0.3838,3.4825,0.1280,0.3766,6.4003,2.0000,3.0000
15.6497,313,8.3730,1.9078,3.0134,4.8972,0.3685,0.3838,3.4825,0.1280,0.3766,6.3503,2.0000,3.0000
15.6998,314,8.3054,1.9160,3.0133,4.9244,0.3772,0.3858,3.5115,0.1357,0.3758,6.3002,2.0000,3.0000
15.7498,315,8.2371,1.9237,3.0133,4.9523,0.3861,0.3873,3.5406,0.1437,0.3761,6.2502,2.0000,3.0000
15.7997,316,8.2371,1.9237,3.0133,4.9523,0.3861,0.3873,3.5406,0.1437,0.3761,6.2003,2.0000,3.0000
15.8497,317,8.1679,1.9310,3.0132,4.9803,0.3952,0.3874,3.5681,0.1516,0.3775,6.1503,2.0000,3.0000
15.8997,318,8.1679,1.9310,3.0132,4.9803,0.3952,0.3874,3.5681,0.1516,0.3775,6.1003,2.0000,3.0000
15.9498,319,8.0977,1.9379,3.0132,5.0084,0.4046,0.3860,3.5945,0.1595,0.3793,6.0502,2.0000,3.0000
15.9998,320,8.0267,1.9445,3.0132,5.0366,0.4142,0.3834,3.6206,0.1674,0.3814,6.0002,2.0000,3.0000
16.0498,321,8.0267,1.9445,3.0132,5.0366,0.4142,0.3834,3.6206,0.1674,0.3814,5.9502,2.0000,3.0000
16.0998,322,7.9551,1.9507,3.0131,5.0642,0.4238,0.3814,3.6466,0.1754,0.3833,5.9002,2.0000,3.0000
16.1498,323,7.9551,1.9507,3.0131,5.0642,0.4238,0.3814,3.6466,0.1754,0.3833,5.8502,2.0000,3.0000
16.1997,324,7.8831,1.9566,3.0131,5.0912,0.4333,0.3799,3.6728,0.1835,0.3851,5.8003,2.0000,3.0000
16.2497,325,7.8831,1.9566,3.0131,5.0912,0.4333,0.3799,3.6728,0.1835,0.3851,5.7503,2.0000,3.0000
16.2997,326,7.8108,1.9622,3.0131,5.1180,0.4431,0.3788,3.6993,0.1920,0.3867,5.7003,2.0000,3.0000
16.3497,327,7.7382,1.9675,3.0130,5.1452,0.4532,0.3776,3.7262,0.2010,0.3883,5.6503,2.0000,3.0000
16.3997,328,7.7382,1.9675,3.0130,5.1452,0.4532,0.3776,3.7262,0.2010,0.3883,5.6003,2.0000,3.0000
16.4497,329,7.6654,1.9726,3.0130,5.1730,0.4639,0.3765,3.7538,0.2104,0.3896,5.5503,2.0000,3.0000
16.4998,330,7.6654,1.9726,3.0130,5.1730,0.4639,0.3765,3.7538,0.2104,0.3896,5.5002,2.0000,3.0000
16.5500,331,7.5925,1.9773,3.0130,5.2013,0.4752,0.3757,3.7815,0.2199,0.3895,5.4500,2.0000,3.0000
16.5996,332,7.5195,1.9819,3.0129,5.2296,0.4867,0.3760,3.8095,0.2297,0.3877,5.4004,2.0000,3.0000
16.6498,333,7.5195,1.9819,3.0129,5.2296,0.4867,0.3760,3.8095,0.2297,0.3877,5.3502,2.0000,3.0000
16.7000,334,7.5195,1.9819,3.0129,5.2565,0.4982,0.3769,3.8095,0.2297,0.3877,5.3000,2.0000,3.0000
16.7498,335,7.4464,1.9861,3.0129,5.2565,0.4982,0.3769,3.8375,0.2398,0.3848,5.2502,2.0000,3.0000
16.7997,336,7.3732,1.9902,3.0129,5.2821,0.5093,0.3779,3.8648,0.2497,0.3827,5.2003,2.0000,3.0000
16.8497,337,7.3732,1.9902,3.0129,5.2821,0.5093,0.3779,3.8648,0.2497,0.3827,5.1503,2.0000,3.0000
16.8997,338,7.3000,1.9941,3.0128,5.3071,0.5203,0.3794,3.8914,0.2597,0.3813,5.1003,2.0000,3.0000
16.9496,339,7.2268,1.9977,3.0128,5.3319,0.5314,0.3810,3.9180,0.2700,0.3802,5.0504,2.0000,3.0000
16.9997,340,7.2268,1.9977,3.0128,5.3319,0.5314,0.3810,3.9180,0.2700,0.3802,5.0003,2.0000,3.0000
17.0498,341,7.1536,2.0012,3.0128,5.3569,0.5426,0.3825,3.9446,0.2807,0.3791,4.9502,2.0000,3.0000
17.0997,342,7.1536,2.0012,3.0128,5.3569,0.5426,0.3825,3.9446,0.2807,0.3791,4.9003,2.0000,3.0000
17.1498,343,7.0803,2.0044,3.0127,5.3821,0.5541,0.3842,3.9717,0.2919,0.3782,4.8502,2.0000,3.0000
17.1996,344,7.0070,2.0075,3.0127,5.4072,0.5659,0.3854,3.9993,0.3039,0.3776,4.8004,2.0000,3.0000
17.2498,345,7.0070,2.0075,3.0127,5.4072,0.5659,0.3854,3.9993,0.3039,0.3776,4.7502,2.0000,3.0000
17.2997,346,6.9337,2.0105,3.0127,5.4326,0.5781,0.3859,4.0269,0.3161,0.3780,4.7003,2.0000,3.0000
17.3497,347,6.9337,2.0105,3.0127,5.4326,0.5781,0.3859,4.0269,0.3161,0.3780,4.6503,2.0000,3.0000
17.3998,348,6.8604,2.0133,3.0127,5.4578,0.5906,0.3862,4.0531,0.3282,0.3792,4.6002,2.0000,3.0000
17.4497,349,6.7871,2.0159,3.0126,5.4828,0.6036,0.3854,4.0783,0.3399,0.3807,4.5503,2.0000,3.0000
17.4997,350,6.7871,2.0159,3.0126,5.4828,0.6036,0.3854,4.0783,0.3399,0.3807,4.5003,2.0000,3.0000
17.5497,351,6.7137,2.0184,3.0126,5.5080,0.6169,0.3833,4.1030,0.3516,0.3825,4.4503,2.0000,3.0000
17.5997,352,6.7137,2.0184,3.0126,5.5080,0.6169,0.3833,4.1030,0.3516,0.3825,4.4003,2.0000,3.0000
17.6498,353,6.6404,2.0208,3.0126,5.5325,0.6302,0.3813,4.1276,0.3634,0.3843,4.3502,2.0000,3.0000
17.6998,354,6.6404,2.0208,3.0126,5.5563,0.6437,0.3801,4.1522,0.3753,0.3861,4.3002,2.0000,3.0000
17.7497,355,6.5671,2.0230,3.0125,5.5563,0.6437,0.3801,4.1522,0.3753,0.3861,4.2503,2.0000,3.0000
17.7998,356,6.4938,2.0251,3.0125,5.5799,0.6576,0.3791,4.1771,0.3874,0.3879,4.2002,2.0000,3.0000
17.8497,357,6.4938,2.0251,3.0125,5.5799,0.6576,0.3791,4.1771,0.3874,0.3879,4.1503,2.0000,3.0000
17.8997,358,6.4204,2.0271,3.0125,5.6032,0.6721,0.3783,4.2022,0.4001,0.3898,4.1003,2.0000,3.0000
17.9497,359,6.3471,2.0290,3.0124,5.6268,0.6874,0.3774,4.2278,0.4131,0.3910,4.0503,2.0000,3.0000
17.9998,360,6.3471,2.0290,3.0124,5.6268,0.6874,0.3774,4.2278,0.4131,0.3910,4.0002,2.0000,3.0000
18.0498,361,6.2738,2.0308,3.0124,5.6508,0.7037,0.3767,4.2531,0.4263,0.3908,3.9502,2.0000,3.0000
18.0998,362,6.2738,2.0308,3.0124,5.6508,0.7037,0.3767,4.2531,0.4263,0.3908,3.9002,2.0000,3.0000
18.1497,363,6.2004,2.0325,3.0124,5.6745,0.7206,0.3774,4.2784,0.4398,0.3891,3.8503,2.0000,3.0000
18.1997,364,6.1271,2.0342,3.0123,5.6969,0.7375,0.3789,4.3039,0.4536,0.3861,3.8003,2.0000,3.0000
18.2498,365,6.1271,2.0342,3.0123,5.6969,0.7375,0.3789,4.3039,0.4536,0.3861,3.7502,2.0000,3.0000
18.2997,366,6.0538,2.0357,3.0123,5.7175,0.7539,0.3792,4.3288,0.4674,0.3833,3.7003,2.0000,3.0000
18.3497,367,6.0538,2.0357,3.0123,5.7175,0.7539,0.3792,4.3288,0.4674,0.3833,3.6503,2.0000,3.0000
18.3997,368,5.9804,2.0371,3.0123,5.7363,0.7698,0.3789,4.3532,0.4811,0.3813,3.6003,2.0000,3.0000
18.4496,369,5.9071,2.0385,3.0122,5.7535,0.7856,0.3781,4.3772,0.4951,0.3797,3.5504,2.0000,3.0000
18.4997,370,5.9071,2.0385,3.0122,5.7535,0.7856,0.3781,4.3772,0.4951,0.3797,3.5003,2.0000,3.0000
18.5497,371,5.8338,2.0398,3.0122,5.7697,0.8011,0.3764,4.4012,0.5096,0.3784,3.4503,2.0000,3.0000
18.5997,372,5.8338,2.0398,3.0122,5.7697,0.8011,0.3764,4.4012,0.5096,0.3784,3.4003,2.0000,3.0000
18.6498,373,5.7604,2.0410,3.0122,5.7851,0.8168,0.3746,4.4254,0.5247,0.3771,3.3502,2.0000,3.0000
18.6998,374,5.7604,2.0410,3.0122,5.7851,0.8168,0.3746,4.4254,0.5247,0.3771,3.3002,2.0000,3.0000
18.7497,375,5.6871,2.0421,3.0121,5.7993,0.8327,0.3731,4.4502,0.5407,0.3759,3.2503,2.0000,3.0000
18.7996,376,5.6138,2.0432,3.0121,5.8124,0.8488,0.3714,4.4750,0.5572,0.3760,3.2004,2.0000,3.0000
18.8498,377,5.6138,2.0432,3.0121,5.8124,0.8488,0.3714,4.4750,0.5572,0.3760,3.1502,2.0000,3.0000
18.8997,378,5.5404,2.0442,3.0121,5.8244,0.8655,0.3699,4.4985,0.5737,0.3769,3.1003,2.0000,3.0000
18.9497,379,5.5404,2.0442,3.0121,5.8244,0.8655,0.3699,4.4985,0.5737,0.3769,3.0503,2.0000,3.0000
18.9997,380,5.4671,2.0452,3.0121,5.8347,0.8821,0.3704,4.5205,0.5896,0.3767,3.0003,2.0000,3.0000
19.0506,381,5.4671,2.0452,3.0121,5.8429,0.8979,0.3726,4.5205,0.5896,0.3767,2.9494,2.0000,3.0000
19.0998,382,5.3938,2.0461,3.0120,5.8429,0.8979,0.3726,4.5412,0.6052,0.3762,2.9002,2.0000,3.0000
19.1497,383,5.3204,2.0470,3.0120,5.8497,0.9128,0.3751,4.5610,0.6208,0.3754,2.8503,2.0000,3.0000
19.1998,384,5.3204,2.0470,3.0120,5.8497,0.9128,0.3751,4.5610,0.6208,0.3754,2.8002,2.0000,3.0000
19.2497,385,5.2471,2.0478,3.0120,5.8555,0.9271,0.3771,4.5798,0.6364,0.3742,2.7503,2.0000,3.0000
19.2997,386,5.2471,2.0478,3.0120,5.8555,0.9271,0.3771,4.5798,0.6364,0.3742,2.7003,2.0000,3.0000
19.3497,387,5.1738,2.0486,3.0119,5.8607,0.9412,0.3788,4.5979,0.6520,0.3729,2.6503,2.0000,3.0000
19.3997,388,5.1004,2.0493,3.0119,5.8650,0.9551,0.3804,4.6152,0.6678,0.3714,2.6003,2.0000,3.0000
19.4498,389,5.1004,2.0493,3.0119,5.8650,0.9551,0.3804,4.6152,0.6678,0.3714,2.5502,2.0000,3.0000
19.4997,390,5.0271,2.0500,3.0119,5.8685,0.9689,0.3821,4.6317,0.6840,0.3695,2.5003,2.0000,3.0000
19.5497,391,5.0271,2.0500,3.0119,5.8685,0.9689,0.3821,4.6317,0.6840,0.3695,2.4503,2.0000,3.0000
19.5997,392,4.9538,2.0506,3.0119,5.8711,0.9826,0.3838,4.6471,0.7007,0.3685,2.4003,2.0000,3.0000
19.6497,393,4.9538,2.0506,3.0119,5.8711,0.9826,0.3838,4.6471,0.7007,0.3685,2.3503,2.0000,3.0000
19.6998,394,4.8804,2.0512,3.0118,5.8729,0.9962,0.3856,4.6614,0.7180,0.3682,2.3002,2.0000,3.0000
19.7498,395,4.8804,2.0512,3.0118,5.8729,0.9962,0.3856,4.6614,0.7180,0.3682,2.2502,2.0000,3.0000
19.8003,396,4.8071,2.0518,3.0118,5.8738,1.0099,0.3874,4.6739,0.7355,0.3696,2.1997,2.0000,3.0000
19.8497,397,4.7338,2.0523,3.0118,5.8739,1.0236,0.3889,4.6842,0.7522,0.3716,2.1503,2.0000,3.0000
19.8997,398,4.7338,2.0523,3.0118,5.8739,1.0236,0.3889,4.6842,0.7522,0.3716,2.1003,2.0000,3.0000
19.9497,399,4.6605,2.0528,3.0117,5.8730,1.0373,0.3901,4.6929,0.7684,0.3739,2.0503,2.0000,3.0000
19.9997,400,4.6605,2.0528,3.0117,5.8730,1.0373,0.3901,4.6929,0.7684,0.3739,2.0003,2.0000,3.0000
20.0497,401,4.5871,2.0533,3.0117,5.8710,1.0510,0.3910,4.7000,0.7842,0.3761,1.9503,2.0000,3.0000
20.0996,402,4.5871,2.0533,3.0117,5.8679,1.0647,0.3911,4.7000,0.7842,0.3761,1.9004,2.0000,3.0000
20.1497,403,4.5138,2.0537,3.0117,5.8679,1.0647,0.3911,4.7054,0.7997,0.3779,1.8503,2.0000,3.0000
20.1996,404,4.4404,2.0542,3.0116,5.8638,1.0779,0.3888,4.7088,0.8146,0.3795,1.8004,2.0000,3.0000
20.2499,405,4.4404,2.0542,3.0116,5.8638,1.0779,0.3888,4.7088,0.8146,0.3795,1.7501,2.0000,3.0000
20.3012,406,4.3671,2.0545,3.0116,5.8591,1.0906,0.3838,4.7107,0.8294,0.3805,1.6988,2.0000,3.0000
20.3498,407,4.3671,2.0545,3.0116,5.8591,1.0906,0.3838,4.7107,0.8294,0.3805,1.6502,2.0000,3.0000
20.3997,408,4.2938,2.0549,3.0116,5.8536,1.1030,0.3761,4.7113,0.8441,0.3812,1.6003,2.0000,3.0000
20.4497,409,4.2938,2.0549,3.0116,5.8536,1.1030,0.3761,4.7113,0.8441,0.3812,1.5503,2.0000,3.0000
20.4998,410,4.2204,2.0552,3.0116,5.8471,1.1154,0.3672,4.7106,0.8586,0.3823,1.5002,2.0000,3.0000
20.5496,411,4.1471,2.0556,3.0115,5.8393,1.1282,0.3572,4.7085,0.8730,0.3838,1.4504,2.0000,3.0000
20.5997,412,4.1471,2.0556,3.0115,5.8393,1.1282,0.3572,4.7085,0.8730,0.3838,1.4003,2.0000,3.0000
20.6498,413,4.0738,2.0559,3.0115,5.8299,1.1420,0.3467,4.7049,0.8875,0.3847,1.3502,2.0000,3.0000
20.6998,414,4.0738,2.0559,3.0115,5.8299,1.1420,0.3467,4.7049,0.8875,0.3847,1.3002,2.0000,3.0000
20.7497,415,4.0738,2.0559,3.0115,5.8299,1.1420,0.3467,4.7049,0.8875,0.3847,1.2503,2.0000,3.0000
20.7998,416,4.0004,2.0561,3.0115,5.8190,1.1567,0.3347,4.6997,0.9023,0.3845,1.2002,2.0000,3.0000
20.8498,417,3.9271,2.0564,3.0114,5.8076,1.1711,0.3191,4.6930,0.9171,0.3837,1.1502,2.0000,3.0000
20.8997,418,3.9271,2.0564,3.0114,5.8076,1.1711,0.3191,4.6930,0.9171,0.3837,1.1003,2.0000,3.0000
20.9497,419,3.8538,2.0566,3.0114,5.7966,1.1835,0.3023,4.6852,0.9309,0.3822,1.0503,2.0000,3.0000
20.9998,420,3.8538,2.0566,3.0114,5.7966,1.1835,0.3023,4.6852,0.9309,0.3822,1.0002,2.0000,3.0000
21.0498,421,3.7804,2.0569,3.0114,5.7862,1.1946,0.2839,4.6764,0.9440,0.3805,0.9502,2.0000,3.0000
21.0997,422,3.7804,2.0569,3.0114,5.7862,1.1946,0.2839,4.6764,0.9440,0.3805,0.9003,2.0000,3.0000
21.1497,423,3.7071,2.0571,3.0113,5.7754,1.2058,0.2645,4.6664,0.9565,0.3789,0.8503,2.0000,3.0000
21.1997,424,3.7071,2.0571,3.0113,5.7754,1.2058,0.2645,4.6664,0.9565,0.3789,0.8003,2.0000,3.0000
21.2497,425,3.6338,2.0573,3.0113,5.7636,1.2197,0.2496,4.6552,0.9683,0.3774,0.7503,2.0000,3.0000
21.2996,426,3.5604,2.0574,3.0113,5.7535,1.2345,0.2334,4.6425,0.9797,0.3759,0.7004,2.0000,3.0000
21.3498,427,3.5604,2.0574,3.0113,5.7535,1.2345,0.2334,4.6425,0.9797,0.3759,0.6502,2.0000,3.0000
21.3999,428,3.4871,2.0576,3.0113,5.7418,1.2500,0.2193,4.6285,0.9908,0.3740,0.6001,2.0000,3.0000
21.4498,429,3.4871,2.0576,3.0113,5.7418,1.2500,0.2193,4.6285,0.9908,0.3740,0.5502,2.0000,3.0000
21.4997,430,3.4138,2.0578,3.0112,5.7270,1.2660,0.2076,4.6128,1.0013,0.3718,0.5003,2.0000,3.0000
21.5497,431,3.4138,2.0578,3.0112,5.7270,1.2660,0.2076,4.6128,1.0013,0.3718,0.4503,2.0000,3.0000
21.5997,432,3.3404,2.0579,3.0112,5.7106,1.2806,0.1970,4.5950,1.0114,0.3695,0.4003,2.0000,3.0000
21.6497,433,3.3404,2.0579,3.0112,5.7106,1.2806,0.1970,4.5950,1.0114,0.3695,0.3503,2.0000,3.0000
21.6997,434,3.2671,2.0580,3.0112,5.6963,1.2906,0.1927,4.5762,1.0215,0.3658,0.3003,2.0000,3.0000
21.7497,435,3.2671,2.0580,3.0112,5.6963,1.2906,0.1927,4.5762,1.0215,0.3658,0.2503,2.0000,3.0000
21.8016,436,3.1938,2.0581,3.0111,5.6834,1.2988,0.1910,4.5571,1.0313,0.3615,0.1984,2.0000,3.0000
21.8497,437,3.1938,2.0581,3.0111,5.6834,1.2988,0.1910,4.5571,1.0313,0.3615,0.1503,2.0000,3.0000
21.8998,438,3.1204,2.0582,3.0111,5.6707,1.3069,0.1920,4.5385,1.0400,0.3560,0.1002,2.0000,3.0000
21.9496,439,3.1204,2.0582,3.0111,5.6563,1.3165,0.1960,4.5385,1.0400,0.3560,0.0504,2.0000,3.0000
21.9998,440,3.0471,2.0583,3.0111,5.6563,1.3165,0.1960,4.5191,1.0484,0.3484,0.0002,2.0000,3.0000
22.0497,441,2.9738,2.0584,3.0111,5.6400,1.3275,0.2001,4.4984,1.0579,0.3409,0.0000,2.0497,3.0000
22.0997,442,2.9738,2.0584,3.0111,5.6400,1.3275,0.2001,4.4984,1.0579,0.3409,0.0000,2.0997,3.0000
22.1497,443,2.9004,2.0587,3.0110,5.6217,1.3407,0.2034,4.4777,1.0674,0.3337,0.0000,2.1497,3.0000
22.1998,444,2.9004,2.0587,3.0110,5.6217,1.3407,0.2034,4.4777,1.0674,0.3337,0.0000,2.1998,3.0000
22.2498,445,2.8271,2.0600,3.0110,5.6026,1.3544,0.2065,4.4560,1.0766,0.3279,0.0000,2.2498,3.0000
22.2998,446,2.8271,2.0600,3.0110,5.6026,1.3544,0.2065,4.4560,1.0766,0.3279,0.0000,2.2998,3.0000
22.3497,447,2.7538,2.0632,3.0110,5.5842,1.3654,0.2115,4.4331,1.0853,0.3228,0.0000,2.3497,3.0000
22.3997,448,2.7538,2.0632,3.0110,5.5842,1.3654,0.2115,4.4331,1.0853,0.3228,0.0000,2.3997,3.0000
22.4497,449,2.6804,2.0687,3.0110,5.5645,1.3739,0.2207,4.4098,1.0936,0.3180,0.0000,2.4497,3.0000
22.4998,450,2.6804,2.0687,3.0110,5.5645,1.3739,0.2207,4.4098,1.0936,0.3180,0.0000,2.4998,3.0000
22.5498,451,2.6071,2.0771,3.0109,5.5437,1.3810,0.2328,4.3858,1.1016,0.3141,0.0000,2.5498,3.0000
22.5998,452,2.6071,2.0771,3.0109,5.5437,1.3810,0.2328,4.3858,1.1016,0.3141,0.0000,2.5998,3.0000
22.6497,453,2.5338,2.0887,3.0109,5.5225,1.3879,0.2457,4.3609,1.1097,0.3122,0.0000,2.6497,3.0000
22.6996,454,2.4604,2.1037,3.0109,5.5012,1.3952,0.2583,4.3357,1.1172,0.3112,0.0000,2.6996,3.0000
22.7497,455,2.4604,2.1037,3.0109,5.5012,1.3952,0.2583,4.3357,1.1172,0.3112,0.0000,2.7497,3.0000
22.7997,456,2.4604,2.1037,3.0109,5.5012,1.3952,0.2583,4.3357,1.1172,0.3112,0.0000,2.7997,3.0000
22.8497,457,2.3871,2.1221,3.0108,5.4785,1.4027,0.2693,4.3106,1.1241,0.3095,0.0000,2.8497,3.0000
22.8999,458,2.3871,2.1221,3.0108,5.4546,1.4097,0.2789,4.3106,1.1241,0.3095,0.0000,2.8999,3.0000
22.9497,459,2.3138,2.1440,3.0108,5.4546,1.4097,0.2789,4.2855,1.1303,0.3079,0.0000,2.9497,3.0000
22.9997,460,2.2404,2.1694,3.0108,5.4308,1.4154,0.2879,4.2595,1.1358,0.3063,0.0000,2.9997,3.0000
23.0498,461,2.2404,2.1694,3.0108,5.4308,1.4154,0.2879,4.2595,1.1358,0.3063,0.0000,3.0498,3.0000
23.0998,462,2.1671,2.1980,3.0108,5.4074,1.4203,0.2964,4.2321,1.1409,0.3056,0.0000,3.0998,3.0000
23.1498,463,2.1671,2.1980,3.0108,5.4074,1.4203,0.2964,4.2321,1.1409,0.3056,0.0000,3.1498,3.0000
23.1998,464,2.0938,2.2296,3.0107,5.3836,1.4248,0.3037,4.2046,1.1453,0.3066,0.0000,3.1998,3.0000
23.2497,465,2.0938,2.2296,3.0107,5.3836,1.4248,0.3037,4.2046,1.1453,0.3066,0.0000,3.2497,3.0000
23.2998,466,2.0204,2.2640,3.0107,5.3590,1.4294,0.3101,4.1772,1.1497,0.3091,0.0000,3.2998,3.0000
23.3499,467,2.0204,2.2640,3.0107,5.3590,1.4294,0.3101,4.1772,1.1497,0.3091,0.0000,3.3499,3.0000
23.3997,468,1.9471,2.3015,3.0107,5.3335,1.4343,0.3159,4.1498,1.1545,0.3122,0.0000,3.3997,3.0000
23.4497,469,1.9471,2.3015,3.0107,5.3070,1.4395,0.3215,4.1229,1.1598,0.3155,0.0000,3.4497,3.0000
23.4998,470,1.8738,2.3418,3.0106,5.3070,1.4395,0.3215,4.1229,1.1598,0.3155,0.0000,3.4998,3.0000
23.5497,471,1.8004,2.3847,3.0106,5.2793,1.4449,0.3263,4.0960,1.1653,0.3191,0.0000,3.5497,3.0000
23.5997,472,1.8004,2.3847,3.0106,5.2793,1.4449,0.3263,4.0960,1.1653,0.3191,0.0000,3.5997,3.0000
23.6497,473,1.7271,2.4300,3.0106,5.2511,1.4501,0.3305,4.0691,1.1710,0.3225,0.0000,3.6497,3.0000
23.6997,474,1.7271,2.4300,3.0106,5.2511,1.4501,0.3305,4.0691,1.1710,0.3225,0.0000,3.6997,3.0000
23.7497,475,1.6538,2.4776,3.0106,5.2226,1.4552,0.3352,4.0416,1.1768,0.3257,0.0000,3.7497,3.0000
23.7997,476,1.6538,2.4776,3.0106,5.2226,1.4552,0.3352,4.0416,1.1768,0.3257,0.0000,3.7997,3.0000
23.8497,477,1.5806,2.5276,3.0105,5.1946,1.4600,0.3405,4.0133,1.1826,0.3285,0.0000,3.8497,3.0000
23.8996,478,1.5079,2.5799,3.0105,5.1671,1.4651,0.3460,3.9836,1.1885,0.3305,0.0000,3.8996,3.0000
23.9497,479,1.5079,2.5799,3.0105,5.1671,1.4651,0.3460,3.9836,1.1885,0.3305,0.0000,3.9497,3.0000
23.9997,480,1.4365,2.6345,3.0105,5.1397,1.4704,0.3519,3.9534,1.1942,0.3324,0.0000,3.9997,3.0000
24.0497,481,1.4365,2.6345,3.0105,5.1397,1.4704,0.3519,3.9534,1.1942,0.3324,0.0497,4.0000,3.0000
24.0998,482,1.3667,2.6911,3.0105,5.1126,1.4757,0.3571,3.9241,1.2000,0.3348,0.0998,4.0000,3.0000
24.1498,483,1.3667,2.6911,3.0105,5.1126,1.4757,0.3571,3.9241,1.2000,0.3348,0.1498,4.0000,3.0000
24.1997,484,1.2995,2.7489,3.0104,5.0858,1.4812,0.3612,3.8956,1.2060,0.3375,0.1997,4.0000,3.0000
24.2497,485,1.2995,2.7489,3.0104,5.0858,1.4812,0.3612,3.8956,1.2060,0.3375,0.2497,4.0000,3.0000
24.2998,486,1.2359,2.8070,3.0104,5.0586,1.4870,0.3644,3.8672,1.2126,0.3393,0.2998,4.0000,3.0000
24.3496,487,1.1769,2.8647,3.0104,5.0305,1.4931,0.3668,3.8383,1.2196,0.3408,0.3496,4.0000,3.0000
24.3998,488,1.1769,2.8647,3.0104,5.0305,1.4931,0.3668,3.8383,1.2196,0.3408,0.3998,4.0000,3.0000
24.4497,489,1.1228,2.9214,3.0104,5.0009,1.4996,0.3685,3.8088,1.2269,0.3422,0.4497,4.0000,3.0000
24.4997,490,1.1228,2.9214,3.0104,5.0009,1.4996,0.3685,3.8088,1.2269,0.3422,0.4997,4.0000,3.0000
24.5497,491,1.0737,2.9769,3.0103,4.9705,1.5061,0.3691,3.7783,1.2347,0.3437,0.5497,4.0000,3.0000
24.5997,492,1.0737,2.9769,3.0103,4.9705,1.5061,0.3691,3.7783,1.2347,0.3437,0.5997,4.0000,3.0000
24.6498,493,1.0301,3.0308,3.0103,4.9412,1.5126,0.3694,3.7470,1.2429,0.3461,0.6498,4.0000,3.0000
24.6997,494,0.9921,3.0829,3.0103,4.9129,1.5194,0.3701,3.7156,1.2516,0.3481,0.6997,4.0000,3.0000
24.7497,495,0.9921,3.0829,3.0103,4.9129,1.5194,0.3701,3.7156,1.2516,0.3481,0.7497,4.0000,3.0000
24.7997,496,0.9596,3.1332,3.0103,4.8851,1.5267,0.3707,3.6848,1.2604,0.3500,0.7997,4.0000,3.0000
24.8497,497,0.9596,3.1332,3.0103,4.8851,1.5267,0.3707,3.6848,1.2604,0.3500,0.8497,4.0000,3.0000
24.8997,498,0.9323,3.1815,3.0102,4.8573,1.5344,0.3712,3.6549,1.2693,0.3528,0.8997,4.0000,3.0000
24.9498,499,0.9323,3.1815,3.0102,4.8573,1.5344,0.3712,3.6549,1.2693,0.3528,0.9498,4.0000,3.0000
24.9998,500,0.9105,3.2279,3.0102,4.8293,1.5427,0.3718,3.6260,1.2784,0.3557,0.9998,4.0000,3.0000
25.0497,501,0.8939,3.2723,3.0102,4.8009,1.5513,0.3726,3.5977,1.2879,0.3583,1.0497,4.0000,3.0000
25.0998,502,0.8939,3.2723,3.0102,4.8009,1.5513,0.3726,3.5977,1.2879,0.3583,1.0998,4.0000,3.0000
25.1497,503,0.8825,3.3147,3.0102,4.7717,1.5604,0.3736,3.5696,1.2977,0.3603,1.1497,4.0000,3.0000
25.1997,504,0.8825,3.3147,3.0102,4.7717,1.5604,0.3736,3.5696,1.2977,0.3603,1.1997,4.0000,3.0000
25.2498,505,0.8757,3.3552,3.0101,4.7418,1.5698,0.3744,3.5410,1.3082,0.3618,1.2498,4.0000,3.0000
25.2997,506,0.8737,3.3938,3.0101,4.7120,1.5791,0.3744,3.5117,1.3193,0.3633,1.2997,4.0000,3.0000
25.3497,507,0.8737,3.3938,3.0101,4.7120,1.5791,0.3744,3.5117,1.3193,0.3633,1.3497,4.0000,3.0000
25.3997,508,0.8761,3.4306,3.0101,4.6826,1.5886,0.3736,3.4816,1.3308,0.3642,1.3997,4.0000,3.0000
25.4498,509,0.8761,3.4306,3.0101,4.6826,1.5886,0.3736,3.4816,1.3308,0.3642,1.4498,4.0000,3.0000
25.4997,510,0.8825,3.4656,3.0101,4.6539,1.5981,0.3734,3.4525,1.3423,0.3664,1.4997,4.0000,3.0000
25.5496,511,0.8825,3.4656,3.0101,4.6261,1.6079,0.3736,3.4525,1.3423,0.3664,1.5496,4.0000,3.0000
25.5997,512,0.8931,3.4990,3.0100,4.6261,1.6079,0.3736,3.4247,1.3538,0.3693,1.5997,4.0000,3.0000
25.6497,513,0.9075,3.5307,3.0100,4.5986,1.6182,0.3735,3.3973,1.3655,0.3720,1.6497,4.0000,3.0000
25.6997,514,0.9075,3.5307,3.0100,4.5986,1.6182,0.3735,3.3973,1.3655,0.3720,1.6997,4.0000,3.0000
25.7497,515,0.9255,3.5608,3.0100,4.5712,1.6289,0.3732,3.3703,1.3776,0.3743,1.7497,4.0000,3.0000
25.7997,516,0.9255,3.5608,3.0100,4.5712,1.6289,0.3732,3.3703,1.3776,0.3743,1.7997,4.0000,3.0000
25.8497,517,0.9470,3.5894,3.0100,4.5436,1.6400,0.3728,3.3433,1.3901,0.3760,1.8497,4.0000,3.0000
25.8997,518,0.9470,3.5894,3.0100,4.5436,1.6400,0.3728,3.3433,1.3901,0.3760,1.8997,4.0000,3.0000
25.9497,519,0.9720,3.6166,3.0099,4.5154,1.6516,0.3725,3.3162,1.4030,0.3771,1.9497,4.0000,3.0000
25.9997,520,1.0005,3.6425,3.0099,4.4867,1.6634,0.3718,3.2886,1.4164,0.3777,1.9997,4.0000,3.0000
26.0498,521,1.0005,3.6425,3.0099,4.4867,1.6634,0.3718,3.2886,1.4164,0.3777,2.0498,4.0000,3.0000
26.0997,522,1.0322,3.6670,3.0099,4.4586,1.6753,0.3720,3.2602,1.4305,0.3777,2.0997,4.0000,3.0000
26.1496,523,1.0322,3.6670,3.0099,4.4320,1.6869,0.3734,3.2313,1.4449,0.3770,2.1496,4.0000,3.0000
26.1998,524,1.0668,3.6903,3.0099,4.4320,1.6869,0.3734,3.2313,1.4449,0.3770,2.1998,4.0000,3.0000
26.2497,525,1.1040,3.7124,3.0098,4.4060,1.6985,0.3749,3.2027,1.4593,0.3751,2.2497,4.0000,3.0000
26.2997,526,1.1040,3.7124,3.0098,4.4060,1.6985,0.3749,3.2027,1.4593,0.3751,2.2997,4.0000,3.0000
26.3497,527,1.1435,3.7334,3.0098,4.3802,1.7104,0.3761,3.1749,1.4735,0.3735,2.3497,4.0000,3.0000
26.4004,528,1.1853,3.7533,3.0098,4.3546,1.7227,0.3771,3.1483,1.4878,0.3728,2.4004,4.0000,3.0000
26.4498,529,1.1853,3.7533,3.0098,4.3546,1.7227,0.3771,3.1483,1.4878,0.3728,2.4498,4.0000,3.0000
26.4997,530,1.2291,3.7722,3.0098,4.3288,1.7353,0.3778,3.1224,1.5024,0.3724,2.4997,4.0000,3.0000
26.5497,531,1.2751,3.7901,3.0097,4.3025,1.7487,0.3778,3.0970,1.5173,0.3720,2.5497,4.0000,3.0000
26.5997,532,1.2751,3.7901,3.0097,4.3025,1.7487,0.3778,3.0970,1.5173,0.3720,2.5997,4.0000,3.0000
26.6498,533,1.3230,3.8071,3.0097,4.2755,1.7626,0.3774,3.0718,1.5325,0.3717,2.6498,4.0000,3.0000
26.6998,534,1.3230,3.8071,3.0097,4.2755,1.7626,0.3774,3.0718,1.5325,0.3717,2.6998,4.0000,3.0000
26.7497,535,1.3728,3.8233,3.0097,4.2478,1.7770,0.3762,3.0466,1.5481,0.3714,2.7497,4.0000,3.0000
26.7998,536,1.4241,3.8386,3.0097,4.2201,1.7917,0.3739,3.0209,1.5642,0.3710,2.7998,4.0000,3.0000
26.8498,537,1.4241,3.8386,3.0097,4.2201,1.7917,0.3739,3.0209,1.5642,0.3710,2.8498,4.0000,3.0000
26.8998,538,1.4770,3.8531,3.0096,4.1935,1.8061,0.3719,2.9950,1.5806,0.3699,2.8998,4.0000,3.0000
26.9497,539,1.4770,3.8531,3.0096,4.1935,1.8061,0.3719,2.9950,1.5806,0.3699,2.9497,4.0000,3.0000
26.9998,540,1.5316,3.8669,3.0096,4.1681,1.8205,0.3711,2.9701,1.5968,0.3706,2.9998,4.0000,3.0000
27.0497,541,1.5876,3.8799,3.0096,4.1436,1.8351,0.3708,2.9467,1.6128,0.3722,3.0497,4.0000,3.0000
27.0997,542,1.5876,3.8799,3.0096,4.1436,1.8351,0.3708,2.9467,1.6128,0.3722,3.0997,4.0000,3.0000
27.1497,543,1.6450,3.8923,3.0096,4.1195,1.8497,0.3707,2.9238,1.6288,0.3737,3.1497,4.0000,3.0000
27.1998,544,1.6450,3.8923,3.0096,4.1195,1.8497,0.3707,2.9238,1.6288,0.3737,3.1998,4.0000,3.0000
27.2497,545,1.7040,3.9040,3.0095,4.0958,1.8647,0.3708,2.9012,1.6453,0.3746,3.2497,4.0000,3.0000
27.2998,546,1.7642,3.9152,3.0095,4.0721,1.8802,0.3710,2.8787,1.6623,0.3750,3.2998,4.0000,3.0000
27.3497,547,1.7642,3.9152,3.0095,4.0721,1.8802,0.3710,2.8787,1.6623,0.3750,3.3497,4.0000,3.0000
27.3998,548,1.8257,3.9257,3.0095,4.0484,1.8965,0.3712,2.8562,1.6800,0.3750,3.3998,4.0000,3.0000
27.4497,549,1.8885,3.9358,3.0095,4.0245,1.9133,0.3713,2.8333,1.6984,0.3745,3.4497,4.0000,3.0000
27.5006,550,1.8885,3.9358,3.0095,4.0245,1.9133,0.3713,2.8333,1.6984,0.3745,3.5006,4.0000,3.0000
27.5497,551,1.9524,3.9452,3.0094,4.0006,1.9306,0.3704,2.8100,1.7175,0.3737,3.5497,4.0000,3.0000
27.5998,552,1.9524,3.9452,3.0094,4.0006,1.9306,0.3704,2.8100,1.7175,0.3737,3.5998,4.0000,3.0000
27.6498,553,2.0174,3.9542,3.0094,3.9773,1.9480,0.3698,2.7860,1.7375,0.3722,3.6498,4.0000,3.0000
27.6997,554,2.0833,3.9628,3.0094,3.9552,1.9654,0.3711,2.7624,1.7575,0.3694,3.6997,4.0000,3.0000
27.7497,555,2.0833,3.9628,3.0094,3.9552,1.9654,0.3711,2.7624,1.7575,0.3694,3.7497,4.0000,3.0000
27.7998,556,2.1500,3.9709,3.0094,3.9336,1.9826,0.3728,2.7406,1.7768,0.3675,3.7998,4.0000,3.0000
27.8497,557,2.1500,3.9709,3.0094,3.9336,1.9826,0.3728,2.7406,1.7768,0.3675,3.8497,4.0000,3.0000
27.8997,558,2.2177,3.9785,3.0094,3.9123,1.9999,0.3744,2.7200,1.7959,0.3667,3.8997,4.0000,3.0000
27.9497,559,2.2177,3.9785,3.0094,3.9123,1.9999,0.3744,2.7200,1.7959,0.3667,3.9497,4.0000,3.0000
27.9997,560,2.2865,3.9858,3.0093,3.8912,2.0174,0.3757,2.7004,1.8151,0.3663,3.9997,4.0000,3.0000
28.0497,561,2.3563,3.9927,3.0093,3.8700,2.0353,0.3766,2.6816,1.8345,0.3662,4.0497,4.0000,3.0000
28.0997,562,2.3563,3.9927,3.0093,3.8700,2.0353,0.3766,2.6816,1.8345,0.3662,4.0997,4.0000,3.0000
28.1497,563,2.4271,3.9992,3.0093,3.8485,2.0540,0.3770,2.6636,1.8538,0.3665,4.1497,4.0000,3.0000
28.1997,564,2.4271,3.9992,3.0093,3.8485,2.0540,0.3770,2.6636,1.8538,0.3665,4.1997,4.0000,3.0000
28.2498,565,2.4985,4.0054,3.0093,3.8265,2.0734,0.3768,2.6462,1.8734,0.3667,4.2498,4.0000,3.0000
28.2997,566,2.5703,4.0112,3.0092,3.8041,2.0936,0.3765,2.6291,1.8936,0.3667,4.2997,4.0000,3.0000
28.3498,567,2.5703,4.0112,3.0092,3.8041,2.0936,0.3765,2.6291,1.8936,0.3667,4.3498,4.0000,3.0000
28.3998,568,2.6426,4.0168,3.0092,3.7817,2.1140,0.3749,2.6122,1.9144,0.3663,4.3998,4.0000,3.0000
28.4497,569,2.6426,4.0168,3.0092,3.7817,2.1140,0.3749,2.6122,1.9144,0.3663,4.4497,4.0000,3.0000
28.4997,570,2.7151,4.0220,3.0092,3.7611,2.1334,0.3735,2.5956,1.9356,0.3655,4.4997,4.0000,3.0000
28.5497,571,2.7878,4.0270,3.0092,3.7424,2.1522,0.3733,2.5805,1.9567,0.3662,4.5497,4.0000,3.0000
28.5998,572,2.7878,4.0270,3.0092,3.7424,2.1522,0.3733,2.5805,1.9567,0.3662,4.5998,4.0000,3.0000
28.6497,573,2.8607,4.0317,3.0092,3.7248,2.1709,0.3732,2.5672,1.9772,0.3682,4.6497,4.0000,3.0000
28.6998,574,2.8607,4.0317,3.0092,3.7248,2.1709,0.3732,2.5672,1.9772,0.3682,4.6998,4.0000,3.0000
28.7497,575,2.9337,4.0362,3.0091,3.7082,2.1896,0.3727,2.5549,1.9976,0.3700,4.7497,4.0000,3.0000
28.7996,576,3.0067,4.0404,3.0091,3.6928,2.2084,0.3720,2.5434,2.0182,0.3717,4.7996,4.0000,3.0000
28.8497,577,3.0067,4.0404,3.0091,3.6928,2.2084,0.3720,2.5434,2.0182,0.3717,4.8497,4.0000,3.0000
28.8997,578,3.0067,4.0404,3.0091,3.6928,2.2084,0.3720,2.5434,2.0182,0.3717,4.8997,4.0000,3.0000
28.9497,579,3.0799,4.0444,3.0091,3.6787,2.2274,0.3712,2.5326,2.0394,0.3733,4.9497,4.0000,3.0000
28.9998,580,3.0799,4.0444,3.0091,3.6656,2.2464,0.3701,2.5326,2.0394,0.3733,4.9998,4.0000,3.0000
29.0497,581,3.1531,4.0482,3.0091,3.6656,2.2464,0.3701,2.5227,2.0612,0.3746,5.0497,4.0000,3.0000
29.0997,582,3.2263,4.0518,3.0090,3.6536,2.2655,0.3685,2.5134,2.0840,0.3753,5.0997,4.0000,3.0000
29.1497,583,3.2263,4.0518,3.0090,3.6536,2.2655,0.3685,2.5134,2.0840,0.3753,5.1497,4.0000,3.0000
29.1997,584,3.2995,4.0552,3.0090,3.6428,2.2848,0.3665,2.5047,2.1076,0.3756,5.1997,4.0000,3.0000
29.2518,585,3.2995,4.0552,3.0090,3.6428,2.2848,0.3665,2.5047,2.1076,0.3756,5.2518,4.0000,3.0000
29.2998,586,3.3728,4.0584,3.0090,3.6339,2.3041,0.3662,2.4968,2.1321,0.3758,5.2998,4.0000,3.0000
29.3497,587,3.4461,4.0615,3.0090,3.6273,2.3233,0.3681,2.4897,2.1576,0.3757,5.3497,4.0000,3.0000
29.3997,588,3.4461,4.0615,3.0090,3.6273,2.3233,0.3681,2.4897,2.1576,0.3757,5.3997,4.0000,3.0000
29.4497,589,3.5194,4.0643,3.0090,3.6224,2.3423,0.3704,2.4831,2.1832,0.3747,5.4497,4.0000,3.0000
29.4997,590,3.5194,4.0643,3.0090,3.6224,2.3423,0.3704,2.4831,2.1832,0.3747,5.4997,4.0000,3.0000
29.5498,591,3.5927,4.0670,3.0089,3.6183,2.3614,0.3732,2.4776,2.2075,0.3728,5.5498,4.0000,3.0000
29.5998,592,3.6660,4.0696,3.0089,3.6151,2.3809,0.3759,2.4735,2.2306,0.3702,5.5998,4.0000,3.0000
29.6497,593,3.6660,4.0696,3.0089,3.6151,2.3809,0.3759,2.4735,2.2306,0.3702,5.6497,4.0000,3.0000
29.6997,594,3.7393,4.0720,3.0089,3.6131,2.4010,0.3783,2.4711,2.2531,0.3680,5.6997,4.0000,3.0000
29.7497,595,3.7393,4.0720,3.0089,3.6131,2.4010,0.3783,2.4711,2.2531,0.3680,5.7497,4.0000,3.0000
29.7998,596,3.8127,4.0743,3.0089,3.6123,2.4219,0.3803,2.4702,2.2754,0.3657,5.7998,4.0000,3.0000
29.8496,597,3.8860,4.0765,3.0088,3.6130,2.4437,0.3823,2.4705,2.2973,0.3624,5.8496,4.0000,3.0000
29.8997,598,3.8860,4.0765,3.0088,3.6130,2.4437,0.3823,2.4705,2.2973,0.3624,5.8997,4.0000,3.0000
29.9496,599,3.9593,4.0786,3.0088,3.6149,2.4658,0.3837,2.4724,2.3190,0.3583,5.9496,4.0000,3.0000
29.9997,600,3.9593,4.0786,3.0088,3.6149,2.4658,0.3837,2.4724,2.3190,0.3583,5.9997,4.0000,3.0000
30.0497,601,4.0326,4.0805,3.0088,3.6180,2.4869,0.3846,2.4760,2.3405,0.3535,6.0497,4.0000,3.0000
30.0997,602,4.0326,4.0805,3.0088,3.6180,2.4869,0.3846,2.4760,2.3405,0.3535,6.0997,4.0000,3.0000
30.1498,603,4.1060,4.0823,3.0088,3.6221,2.5068,0.3842,2.4815,2.3619,0.3481,6.1498,4.0000,3.0000
30.1997,604,4.1793,4.0841,3.0088,3.6272,2.5259,0.3828,2.4888,2.3824,0.3435,6.1997,4.0000,3.0000
30.2498,605,4.1793,4.0841,3.0088,3.6272,2.5259,0.3828,2.4888,2.3824,0.3435,6.2498,4.0000,3.0000
30.2997,606,4.2526,4.0857,3.0087,3.6337,2.5444,0.3813,2.4985,2.4013,0.3418,6.2997,4.0000,3.0000
30.3497,607,4.2526,4.0857,3.0087,3.6337,2.5444,0.3813,2.4985,2.4013,0.3418,6.3497,4.0000,3.0000
30.3997,608,4.3260,4.0872,3.0087,3.6418,2.5626,0.3798,2.5099,2.4196,0.3419,6.3997,4.0000,3.0000
30.4497,609,4.3260,4.0872,3.0087,3.6418,2.5626,0.3798,2.5099,2.4196,0.3419,6.4497,4.0000,3.0000
30.4997,610,4.3993,4.0887,3.0087,3.6514,2.5805,0.3777,2.5220,2.4384,0.3420,6.4997,4.0000,3.0000
30.5496,611,4.4726,4.0900,3.0087,3.6626,2.5985,0.3746,2.5350,2.4570,0.3426,6.5496,4.0000,3.0000
30.5997,612,4.4726,4.0900,3.0087,3.6626,2.5985,0.3746,2.5350,2.4570,0.3426,6.5997,4.0000,3.0000
30.6497,613,4.5460,4.0913,3.0087,3.6755,2.6167,0.3704,2.5490,2.4747,0.3434,6.6497,4.0000,3.0000
30.6997,614,4.5460,4.0913,3.0087,3.6755,2.6167,0.3704,2.5490,2.4747,0.3434,6.6997,4.0000,3.0000
30.7497,615,4.6193,4.0925,3.0086,3.6902,2.6342,0.3667,2.5637,2.4922,0.3437,6.7497,4.0000,3.0000
30.7997,616,4.6926,4.0937,3.0086,3.7067,2.6503,0.3653,2.5801,2.5099,0.3434,6.7997,4.0000,3.0000
30.8497,617,4.6926,4.0937,3.0086,3.7067,2.6503,0.3653,2.5801,2.5099,0.3434,6.8497,4.0000,3.0000
30.8997,618,4.7660,4.0948,3.0086,3.7237,2.6658,0.3648,2.5987,2.5281,0.3425,6.8997,4.0000,3.0000
30.9497,619,4.7660,4.0948,3.0086,3.7237,2.6658,0.3648,2.5987,2.5281,0.3425,6.9497,4.0000,3.0000
30.9998,620,4.8393,4.0958,3.0086,3.7412,2.6807,0.3653,2.6196,2.5466,0.3421,6.9998,4.0000,3.0000
31.0496,621,4.9126,4.0967,3.0085,3.7591,2.6951,0.3661,2.6415,2.5642,0.3435,7.0496,4.0000,3.0000
31.0998,622,4.9126,4.0967,3.0085,3.7591,2.6951,0.3661,2.6415,2.5642,0.3435,7.0998,4.0000,3.0000
31.1498,623,4.9860,4.0976,3.0085,3.7775,2.7092,0.3663,2.6631,2.5808,0.3460,7.1498,4.0000,3.0000
31.1998,624,4.9860,4.0976,3.0085,3.7775,2.7092,0.3663,2.6631,2.5808,0.3460,7.1998,4.0000,3.0000
31.2498,625,5.0593,4.0984,3.0085,3.7972,2.7234,0.3658,2.6843,2.5970,0.3488,7.2498,4.0000,3.0000
31.2997,626,5.1326,4.0992,3.0085,3.8190,2.7379,0.3648,2.7054,2.6128,0.3513,7.2997,4.0000,3.0000
31.3498,627,5.1326,4.0992,3.0085,3.8190,2.7379,0.3648,2.7054,2.6128,0.3513,7.3498,4.0000,3.0000
31.3997,628,5.2060,4.1000,3.0085,3.8427,2.7525,0.3639,2.7267,2.6284,0.3530,7.3997,4.0000,3.0000
31.4497,629,5.2060,4.1000,3.0085,3.8427,2.7525,0.3639,2.7267,2.6284,0.3530,7.4497,4.0000,3.0000
31.4998,630,5.2793,4.1007,3.0084,3.8670,2.7665,0.3640,2.7487,2.6436,0.3540,7.4998,4.0000,3.0000
31.5498,631,5.3526,4.1013,3.0084,3.8906,2.7795,0.3648,2.7717,2.6587,0.3547,7.5498,4.0000,3.0000
31.5997,632,5.3526,4.1013,3.0084,3.8906,2.7795,0.3648,2.7717,2.6587,0.3547,7.5997,4.0000,3.0000
31.6498,633,5.4260,4.1019,3.0084,3.9138,2.7918,0.3660,2.7960,2.6737,0.3556,7.6498,4.0000,3.0000
31.6996,634,5.4993,4.1025,3.0084,3.9366,2.8037,0.3665,2.8218,2.6890,0.3568,7.6996,4.0000,3.0000
31.7498,635,5.4993,4.1025,3.0084,3.9366,2.8037,0.3665,2.8218,2.6890,0.3568,7.7498,4.0000,3.0000
31.7998,636,5.5726,4.1030,3.0084,3.9597,2.8154,0.3660,2.8486,2.7037,0.3584,7.7998,4.0000,3.0000
31.8498,637,5.5726,4.1030,3.0084,3.9597,2.8154,0.3660,2.8486,2.7037,0.3584,7.8498,4.0000,3.0000
31.8997,638,5.6460,4.1035,3.0083,3.9837,2.8268,0.3649,2.8751,2.7173,0.3608,7.8997,4.0000,3.0000
31.9497,639,5.6460,4.1035,3.0083,3.9837,2.8268,0.3649,2.8751,2.7173,0.3608,7.9497,4.0000,3.0000
31.9997,640,5.7193,4.1039,3.0083,4.0089,2.8380,0.3636,2.9011,2.7301,0.3639,7.9997,4.0000,3.0000
32.0497,641,5.7193,4.1039,3.0083,4.0089,2.8380,0.3636,2.9011,2.7301,0.3639,8.0497,4.0000,3.0000
32.0997,642,5.7926,4.1044,3.0083,4.0355,2.8490,0.3626,2.9268,2.7424,0.3670,8.0997,4.0000,3.0000
32.1497,643,5.8660,4.1048,3.0083,4.0630,2.8597,0.3626,2.9521,2.7544,0.3697,8.1497,4.0000,3.0000
32.1999,644,5.8660,4.1048,3.0083,4.0630,2.8597,0.3626,2.9521,2.7544,0.3697,8.1999,4.0000,3.0000
32.2498,645,5.9393,4.1051,3.0083,4.0899,2.8697,0.3640,2.9775,2.7662,0.3718,8.2498,4.0000,3.0000
32.2998,646,5.9393,4.1051,3.0083,4.0899,2.8697,0.3640,2.9775,2.7662,0.3718,8.2998,4.0000,3.0000
32.3497,647,6.0126,4.1055,3.0082,4.1162,2.8791,0.3663,3.0037,2.7780,0.3734,8.3497,4.0000,3.0000
32.3998,648,6.0859,4.1058,3.0082,4.1419,2.8876,0.3688,3.0314,2.7896,0.3745,8.3998,4.0000,3.0000
32.4499,649,6.0859,4.1058,3.0082,4.1419,2.8876,0.3688,3.0314,2.7896,0.3745,8.4499,4.0000,3.0000
32.4997,650,6.1593,4.1061,3.0082,4.1673,2.8957,0.3708,3.0605,2.8009,0.3756,8.4997,4.0000,3.0000
32.5497,651,6.2326,4.1063,3.0082,4.1932,2.9035,0.3723,3.0904,2.8116,0.3770,8.5497,4.0000,3.0000
32.5997,652,6.2326,4.1063,3.0082,4.1932,2.9035,0.3723,3.0904,2.8116,0.3770,8.5997,4.0000,3.0000
32.6498,653,6.3059,4.1066,3.0082,4.2205,2.9113,0.3731,3.1196,2.8220,0.3777,8.6498,4.0000,3.0000
32.6997,654,6.3793,4.1068,3.0081,4.2493,2.9190,0.3738,3.1479,2.8321,0.3790,8.6997,4.0000,3.0000
32.7497,655,6.3793,4.1068,3.0081,4.2493,2.9190,0.3738,3.1479,2.8321,0.3790,8.7497,4.0000,3.0000
32.7997,656,6.4526,4.1070,3.0081,4.2793,2.9265,0.3750,3.1759,2.8420,0.3804,8.7997,4.0000,3.0000
32.8506,657,6.4526,4.1070,3.0081,4.2793,2.9265,0.3750,3.1759,2.8420,0.3804,8.8506,4.0000,3.0000
32.8997,658,6.5259,4.1072,3.0081,4.3089,2.9337,0.3758,3.2038,2.8516,0.3816,8.8997,4.0000,3.0000
32.9497,659,6.5993,4.1073,3.0081,4.3377,2.9407,0.3772,3.2321,2.8611,0.3821,8.9497,4.0000,3.0000
32.9997,660,6.5993,4.1073,3.0081,4.3377,2.9407,0.3772,3.2321,2.8611,0.3821,8.9997,4.0000,3.0000
33.0497,661,6.6726,4.1075,3.0081,4.3660,2.9475,0.3787,3.2610,2.8701,0.3823,9.0497,4.0000,3.0000
33.0997,662,6.6726,4.1075,3.0081,4.3660,2.9475,0.3787,3.2610,2.8701,0.3823,9.0997,4.0000,3.0000
33.1497,663,6.7459,4.1076,3.0080,4.3943,2.9544,0.3794,3.2907,2.8785,0.3827,9.1497,4.0000,3.0000
33.1997,664,6.8193,4.1077,3.0080,4.4230,2.9611,0.3789,3.3213,2.8868,0.3827,9.1997,4.0000,3.0000
33.2497,665,6.8193,4.1077,3.0080,4.4230,2.9611,0.3789,3.3213,2.8868,0.3827,9.2497,4.0000,3.0000
33.2998,666,6.8926,4.1078,3.0080,4.4523,2.9676,0.3777,3.3521,2.8945,0.3821,9.2998,4.0000,3.0000
33.3497,667,6.8926,4.1078,3.0080,4.4523,2.9676,0.3777,3.3521,2.8945,0.3821,9.3497,4.0000,3.0000
33.3997,668,6.9659,4.1079,3.0080,4.4828,2.9739,0.3761,3.3819,2.9017,0.3819,9.3997,4.0000,3.0000
33.4498,669,6.9659,4.1079,3.0080,4.4828,2.9739,0.3761,3.3819,2.9017,0.3819,9.4498,4.0000,3.0000
33.5007,670,7.0393,4.1080,3.0080,4.5144,2.9801,0.3744,3.4107,2.9083,0.3828,9.5007,4.0000,3.0000
33.5498,671,7.1126,4.1080,3.0080,4.5452,2.9859,0.3740,3.4387,2.9147,0.3838,9.5498,4.0000,3.0000
33.5998,672,7.1126,4.1080,3.0080,4.5452,2.9859,0.3740,3.4387,2.9147,0.3838,9.5998,4.0000,3.0000
33.6499,673,7.1859,4.1081,3.0079,4.5746,2.9911,0.3751,3.4664,2.9214,0.3847,9.6499,4.0000,3.0000
33.6997,674,7.1859,4.1081,3.0079,4.6030,2.9959,0.3769,3.4664,2.9214,0.3847,9.6997,4.0000,3.0000
33.7498,675,7.2593,4.1081,3.0079,4.6030,2.9959,0.3769,3.4945,2.9281,0.3853,9.7498,4.0000,3.0000
33.7997,676,7.3326,4.1082,3.0079,4.6307,3.0006,0.3786,3.5234,2.9348,0.3856,9.7997,4.0000,3.0000
33.8497,677,7.3326,4.1082,3.0079,4.6307,3.0006,0.3786,3.5234,2.9348,0.3856,9.8497,4.0000,3.0000
33.8998,678,7.4059,4.1082,3.0079,4.6583,3.0053,0.3799,3.5532,2.9412,0.3859,9.8998,4.0000,3.0000
33.9496,679,7.4793,4.1082,3.0079,4.6871,3.0100,0.3806,3.5838,2.9475,0.3863,9.9496,4.0000,3.0000
33.9998,680,7.4793,4.1082,3.0079,4.6871,3.0100,0.3806,3.5838,2.9475,0.3863,9.9998,4.0000,3.0000
34.0497,681,7.5526,4.1082,3.0078,4.7169,3.0147,0.3811,3.6147,2.9535,0.3869,10.0000,4.0497,3.0000
34.0997,682,7.5526,4.1082,3.0078,4.7169,3.0147,0.3811,3.6147,2.9535,0.3869,10.0000,4.0997,3.0000
34.1497,683,7.6259,4.1084,3.0078,4.7478,3.0192,0.3819,3.6453,2.9594,0.3868,10.0000,4.1497,3.0000
34.1997,684,7.6993,4.1096,3.0078,4.7792,3.0237,0.3833,3.6751,2.9653,0.3864,10.0000,4.1997,3.0000
34.2497,685,7.6993,4.1096,3.0078,4.7792,3.0237,0.3833,3.6751,2.9653,0.3864,10.0000,4.2497,3.0000
34.2997,686,7.7726,4.1124,3.0078,4.8099,3.0282,0.3836,3.7045,2.9711,0.3865,10.0000,4.2997,3.0000
34.3497,687,7.7726,4.1124,3.0078,4.8099,3.0282,0.3836,3.7045,2.9711,0.3865,10.0000,4.3497,3.0000
34.3997,688,7.8459,4.1172,3.0078,4.8399,3.0326,0.3844,3.7336,2.9768,0.3867,10.0000,4.3997,3.0000
34.4497,689,7.9193,4.1244,3.0077,4.8694,3.0370,0.3855,3.7630,2.9825,0.3867,10.0000,4.4497,3.0000
34.4997,690,7.9193,4.1244,3.0077,4.8694,3.0370,0.3855,3.7630,2.9825,0.3867,10.0000,4.4997,3.0000
34.5497,691,7.9926,4.1343,3.0077,4.8990,3.0413,0.3861,3.7927,2.9877,0.3868,10.0000,4.5497,3.0000
34.5997,692,7.9926,4.1343,3.0077,4.8990,3.0413,0.3861,3.7927,2.9877,0.3868,10.0000,4.5997,3.0000
34.6497,693,8.0659,4.1469,3.0077,4.9290,3.0456,0.3861,3.8231,2.9926,0.3871,10.0000,4.6497,3.0000
34.6997,694,8.1393,4.1623,3.0077,4.9596,3.0495,0.3858,3.8542,2.9973,0.3867,10.0000,4.6997,3.0000
34.7497,695,8.1393,4.1623,3.0077,4.9596,3.0495,0.3858,3.8542,2.9973,0.3867,10.0000,4.7497,3.0000
34.7997,696,8.2126,4.1803,3.0077,4.9911,3.0529,0.3853,3.8853,3.0014,0.3857,10.0000,4.7997,3.0000
34.8497,697,8.2859,4.2012,3.0077,5.0232,3.0559,0.3843,3.9154,3.0051,0.3855,10.0000,4.8497,3.0000
34.8997,698,8.2859,4.2012,3.0077,5.0232,3.0559,0.3843,3.9154,3.0051,0.3855,10.0000,4.8997,3.0000
34.9497,699,8.2859,4.2012,3.0077,5.0232,3.0559,0.3843,3.9154,3.0051,0.3855,10.0000,4.9497,3.0000
34.9997,700,8.3593,4.2250,3.0076,5.0546,3.0587,0.3834,3.9442,3.0087,0.3861,10.0000,4.9997,3.0000
35.0497,701,8.4326,4.2517,3.0076,5.0848,3.0612,0.3837,3.9724,3.0124,0.3869,10.0000,5.0497,3.0000
35.0997,702,8.4326,4.2517,3.0076,5.0848,3.0612,0.3837,3.9724,3.0124,0.3869,10.0000,5.0997,3.0000
35.1497,703,8.5059,4.2815,3.0076,5.1140,3.0638,0.3844,4.0005,3.0165,0.3876,10.0000,5.1497,3.0000
35.1997,704,8.5059,4.2815,3.0076,5.1140,3.0638,0.3844,4.0005,3.0165,0.3876,10.0000,5.1997,3.0000
35.2498,705,8.5793,4.3140,3.0076,5.1427,3.0664,0.3851,4.0287,3.0208,0.3881,10.0000,5.2498,3.0000
35.2997,706,8.6526,4.3492,3.0076,5.1714,3.0693,0.3856,4.0576,3.0252,0.3885,10.0000,5.2997,3.0000
35.3497,707,8.6526,4.3492,3.0076,5.1714,3.0693,0.3856,4.0576,3.0252,0.3885,10.0000,5.3497,3.0000
35.4016,708,8.7255,4.3867,3.0075,5.2009,3.0724,0.3857,4.0873,3.0297,0.3888,10.0000,5.4016,3.0000
35.4497,709,8.7973,4.4267,3.0075,5.2313,3.0753,0.3857,4.1178,3.0342,0.3892,10.0000,5.4497,3.0000
35.5001,710,8.7973,4.4267,3.0075,5.2313,3.0753,0.3857,4.1178,3.0342,0.3892,10.0000,5.5001,3.0000
35.5497,711,8.8675,4.4690,3.0075,5.2626,3.0781,0.3866,4.1480,3.0387,0.3901,10.0000,5.5497,3.0000
35.5997,712,8.8675,4.4690,3.0075,5.2626,3.0781,0.3866,4.1480,3.0387,0.3901,10.0000,5.5997,3.0000
35.6497,713,8.9358,4.5134,3.0075,5.2940,3.0809,0.3882,4.1783,3.0435,0.3904,10.0000,5.6497,3.0000
35.6997,714,9.0020,4.5599,3.0075,5.3253,3.0839,0.3884,4.2085,3.0484,0.3893,10.0000,5.6997,3.0000
35.7497,715,9.0020,4.5599,3.0075,5.3253,3.0839,0.3884,4.2085,3.0484,0.3893,10.0000,5.7497,3.0000
35.7997,716,9.0657,4.6084,3.0075,5.3561,3.0871,0.3877,4.2380,3.0533,0.3888,10.0000,5.7997,3.0000
35.8497,717,9.0657,4.6084,3.0075,5.3561,3.0871,0.3877,4.2380,3.0533,0.3888,10.0000,5.8497,3.0000
35.8997,718,9.1270,4.6587,3.0074,5.3862,3.0901,0.3879,4.2673,3.0583,0.3885,10.0000,5.8997,3.0000
35.9497,719,9.1270,4.6587,3.0074,5.3862,3.0901,0.3879,4.2673,3.0583,0.3885,10.0000,5.9497,3.0000
35.9997,720,9.1858,4.7109,3.0074,5.4165,3.0934,0.3880,4.2968,3.0635,0.3882,10.0000,5.9997,3.0000
36.0497,721,9.2421,4.7651,3.0074,5.4471,3.0967,0.3880,4.3267,3.0687,0.3880,9.9503,6.0000,3.0000
36.0997,722,9.2421,4.7651,3.0074,5.4471,3.0967,0.3880,4.3267,3.0687,0.3880,9.9003,6.0000,3.0000
36.1498,723,9.2957,4.8208,3.0074,5.4782,3.0999,0.3876,4.3570,3.0740,0.3879,9.8502,6.0000,3.0000
36.1997,724,9.2957,4.8208,3.0074,5.4782,3.0999,0.3876,4.3570,3.0740,0.3879,9.8003,6.0000,3.0000
36.2498,725,9.3458,4.8770,3.0074,5.5098,3.1030,0.3865,4.3878,3.0791,0.3872,9.7502,6.0000,3.0000
36.2997,726,9.3918,4.9330,3.0073,5.5414,3.1059,0.3849,4.4184,3.0841,0.3857,9.7003,6.0000,3.0000
36.3497,727,9.3918,4.9330,3.0073,5.5414,3.1059,0.3849,4.4184,3.0841,0.3857,9.6503,6.0000,3.0000
36.3997,728,9.4332,4.9883,3.0073,5.5716,3.1089,0.3844,4.4477,3.0890,0.3852,9.6003,6.0000,3.0000
36.4497,729,9.4332,4.9883,3.0073,5.5716,3.1089,0.3844,4.4477,3.0890,0.3852,9.5503,6.0000,3.0000
36.4997,730,9.4699,5.0424,3.0073,5.6007,3.1119,0.3846,4.4760,3.0941,0.3851,9.5003,6.0000,3.0000
36.5496,731,9.5017,5.0951,3.0073,5.6292,3.1153,0.3851,4.5038,3.0996,0.3854,9.4504,6.0000,3.0000
36.5997,732,9.5017,5.0951,3.0073,5.6292,3.1153,0.3851,4.5038,3.0996,0.3854,9.4003,6.0000,3.0000
36.6497,733,9.5286,5.1461,3.0073,5.6576,3.1192,0.3857,4.5316,3.1055,0.3858,9.3503,6.0000,3.0000
36.6997,734,9.5286,5.1461,3.0073,5.6576,3.1192,0.3857,4.5316,3.1055,0.3858,9.3003,6.0000,3.0000
36.7502,735,9.5507,5.1954,3.0073,5.6864,3.1235,0.3859,4.5596,3.1117,0.3861,9.2498,6.0000,3.0000
36.7997,736,9.5678,5.2427,3.0072,5.7159,3.1280,0.3861,4.5882,3.1182,0.3865,9.2003,6.0000,3.0000
36.8497,737,9.5678,5.2427,3.0072,5.7159,3.1280,0.3861,4.5882,3.1182,0.3865,9.1503,6.0000,3.0000
36.8997,738,9.5801,5.2882,3.0072,5.7460,3.1326,0.3871,4.6173,3.1251,0.3867,9.1003,6.0000,3.0000
36.9497,739,9.5801,5.2882,3.0072,5.7460,3.1326,0.3871,4.6173,3.1251,0.3867,9.0503,6.0000,3.0000
36.9997,740,9.5880,5.3318,3.0072,5.7757,3.1376,0.3884,4.6461,3.1322,0.3873,9.0003,6.0000,3.0000
37.0497,741,9.5880,5.3318,3.0072,5.7757,3.1376,0.3884,4.6461,3.1322,0.3873,8.9503,6.0000,3.0000
37.0998,742,9.5913,5.3734,3.0072,5.8055,3.1432,0.3894,4.6748,3.1400,0.3883,8.9002,6.0000,3.0000
37.1496,743,9.5913,5.3734,3.0072,5.8352,3.1489,0.3886,4.6748,3.1400,0.3883,8.8504,6.0000,3.0000
37.1998,744,9.5900,5.4132,3.0072,5.8352,3.1489,0.3886,4.7039,3.1481,0.3877,8.8002,6.0000,3.0000
37.2497,745,9.5844,5.4511,3.0072,5.8641,3.1548,0.3884,4.7325,3.1564,0.3866,8.7503,6.0000,3.0000
37.2998,746,9.5844,5.4511,3.0072,5.8641,3.1548,0.3884,4.7325,3.1564,0.3866,8.7002,6.0000,3.0000
37.3497,747,9.5748,5.4872,3.0071,5.8929,3.1612,0.3886,4.7604,3.1647,0.3862,8.6503,6.0000,3.0000
37.3997,748,9.5613,5.5217,3.0071,5.9220,3.1679,0.3884,4.7881,3.1735,0.3859,8.6003,6.0000,3.0000
37.4497,749,9.5613,5.5217,3.0071,5.9220,3.1679,0.3884,4.7881,3.1735,0.3859,8.5503,6.0000,3.0000
37.4997,750,9.5441,5.5544,3.0071,5.9515,3.1751,0.3879,4.8160,3.1828,0.3856,8.5003,6.0000,3.0000
37.5497,751,9.5441,5.5544,3.0071,5.9515,3.1751,0.3879,4.8160,3.1828,0.3856,8.4503,6.0000,3.0000
37.5997,752,9.5234,5.5856,3.0071,5.9815,3.1826,0.3874,4.8444,3.1928,0.3854,8.4003,6.0000,3.0000
37.6497,753,9.4994,5.6152,3.0071,6.0117,3.1901,0.3862,4.8733,3.2032,0.3853,8.3503,6.0000,3.0000
37.6997,754,9.4994,5.6152,3.0071,6.0117,3.1901,0.3862,4.8733,3.2032,0.3853,8.3003,6.0000,3.0000
37.7498,755,9.4721,5.6433,3.0071,6.0405,3.1976,0.3854,4.9018,3.2138,0.3856,8.2502,6.0000,3.0000
37.7998,756,9.4721,5.6433,3.0071,6.0405,3.1976,0.3854,4.9018,3.2138,0.3856,8.2002,6.0000,3.0000
37.8497,757,9.4419,5.6700,3.0070,6.0679,3.2052,0.3853,4.9286,3.2240,0.3866,8.1503,6.0000,3.0000
37.8998,758,9.4088,5.6954,3.0070,6.0948,3.2133,0.3853,4.9545,3.2341,0.3878,8.1002,6.0000,3.0000
37.9497,759,9.4088,5.6954,3.0070,6.0948,3.2133,0.3853,4.9545,3.2341,0.3878,8.0503,6.0000,3.0000
37.9997,760,9.3729,5.7195,3.0070,6.1214,3.2219,0.3856,4.9802,3.2443,0.3890,8.0003,6.0000,3.0000
38.0497,761,9.3729,5.7195,3.0070,6.1214,3.2219,0.3856,4.9802,3.2443,0.3890,7.9503,6.0000,3.0000
38.0997,762,9.3345,5.7424,3.0070,6.1482,3.2311,0.3859,5.0056,3.2549,0.3903,7.9003,6.0000,3.0000
38.1497,763,9.3345,5.7424,3.0070,6.1482,3.2311,0.3859,5.0056,3.2549,0.3903,7.8503,6.0000,3.0000
38.1997,764,9.2936,5.7641,3.0070,6.1753,3.2408,0.3862,5.0312,3.2658,0.3917,7.8003,6.0000,3.0000
38.2497,765,9.2504,5.7847,3.0070,6.2029,3.2512,0.3866,5.0572,3.2770,0.3930,7.7503,6.0000,3.0000
38.2997,766,9.2504,5.7847,3.0070,6.2029,3.2512,0.3866,5.0572,3.2770,0.3930,7.7003,6.0000,3.0000
38.3497,767,9.2050,5.8043,3.0069,6.2304,3.2619,0.3875,5.0835,3.2888,0.3944,7.6503,6.0000,3.0000
38.3996,768,9.2050,5.8043,3.0069,6.2577,3.2735,0.3878,5.0835,3.2888,0.3944,7.6004,6.0000,3.0000
38.4497,769,9.1575,5.8228,3.0069,6.2577,3.2735,0.3878,5.1098,3.3008,0.3945,7.5503,6.0000,3.0000
38.4997,770,9.1079,5.8404,3.0069,6.2852,3.2856,0.3863,5.1360,3.3130,0.3928,7.5003,6.0000,3.0000
38.5497,771,9.1079,5.8404,3.0069,6.2852,3.2856,0.3863,5.1360,3.3130,0.3928,7.4503,6.0000,3.0000
38.5998,772,9.0565,5.8571,3.0069,6.3122,3.2977,0.3846,5.1625,3.3255,0.3894,7.4002,6.0000,3.0000
38.6497,773,9.0033,5.8729,3.0069,6.3385,3.3100,0.3835,5.1886,3.3381,0.3853,7.3503,6.0000,3.0000
38.6997,774,9.0033,5.8729,3.0069,6.3385,3.3100,0.3835,5.1886,3.3381,0.3853,7.3003,6.0000,3.0000
38.7497,775,8.9483,5.8880,3.0069,6.3645,3.3229,0.3826,5.2139,3.3506,0.3822,7.2503,6.0000,3.0000
38.7996,776,8.9483,5.8880,3.0069,6.3907,3.3365,0.3818,5.2139,3.3506,0.3822,7.2004,6.0000,3.0000
38.8498,777,8.8918,5.9022,3.0068,6.3907,3.3365,0.3818,5.2388,3.3633,0.3798,7.1502,6.0000,3.0000
38.8997,778,8.8340,5.9157,3.0068,6.4174,3.3509,0.3808,5.2637,3.3766,0.3775,7.1003,6.0000,3.0000
38.9497,779,8.8340,5.9157,3.0068,6.4174,3.3509,0.3808,5.2637,3.3766,0.3775,7.0503,6.0000,3.0000
38.9997,780,8.7749,5.9285,3.0068,6.4445,3.3659,0.3800,5.2887,3.3903,0.3756,7.0003,6.0000,3.0000
39.0498,781,8.7749,5.9285,3.0068,6.4445,3.3659,0.3800,5.2887,3.3903,0.3756,6.9502,6.0000,3.0000
39.0998,782,8.7144,5.9406,3.0068,6.4712,3.3813,0.3802,5.3140,3.4048,0.3739,6.9002,6.0000,3.0000
39.1498,783,8.6526,5.9521,3.0068,6.4963,3.3963,0.3810,5.3398,3.4201,0.3725,6.8502,6.0000,3.0000
39.1998,784,8.6526,5.9521,3.0068,6.4963,3.3963,0.3810,5.3398,3.4201,0.3725,6.8002,6.0000,3.0000
39.2497,785,8.5897,5.9630,3.0068,6.5203,3.4112,0.3822,5.3655,3.4358,0.3726,6.7503,6.0000,3.0000
39.2997,786,8.5897,5.9630,3.0068,6.5203,3.4112,0.3822,5.3655,3.4358,0.3726,6.7003,6.0000,3.0000
39.3501,787,8.5256,5.9734,3.0067,6.5435,3.4263,0.3837,5.3900,3.4511,0.3733,6.6499,6.0000,3.0000
39.3998,788,8.4603,5.9832,3.0067,6.5665,3.4417,0.3852,5.4134,3.4661,0.3744,6.6002,6.0000,3.0000
39.4498,789,8.4603,5.9832,3.0067,6.5665,3.4417,0.3852,5.4134,3.4661,0.3744,6.5502,6.0000,3.0000
39.4997,790,8.3941,5.9924,3.0067,6.5896,3.4577,0.3866,5.4364,3.4812,0.3759,6.5003,6.0000,3.0000
39.5496,791,8.3941,5.9924,3.0067,6.6127,3.4742,0.3881,5.4364,3.4812,0.3759,6.4504,6.0000,3.0000
39.5998,792,8.3268,6.0012,3.0067,6.6127,3.4742,0.3881,5.4593,3.4964,0.3774,6.4002,6.0000,3.0000
39.6498,793,8.2585,6.0096,3.0067,6.6363,3.4916,0.3891,5.4820,3.5118,0.3790,6.3502,6.0000,3.0000
39.6997,794,8.2585,6.0096,3.0067,6.6363,3.4916,0.3891,5.4820,3.5118,0.3790,6.3003,6.0000,3.0000
39.7497,795,8.1894,6.0175,3.0067,6.6598,3.5094,0.3890,5.5048,3.5276,0.3807,6.2503,6.0000,3.0000
39.7997,796,8.1194,6.0250,3.0067,6.6832,3.5276,0.3876,5.5280,3.5440,0.3821,6.2003,6.0000,3.0000
39.8497,797,8.1194,6.0250,3.0067,6.6832,3.5276,0.3876,5.5280,3.5440,0.3821,6.1503,6.0000,3.0000
39.8997,798,8.0486,6.0321,3.0066,6.7066,3.5462,0.3849,5.5512,3.5608,0.3825,6.1003,6.0000,3.0000
39.9497,799,8.0486,6.0321,3.0066,6.7066,3.5462,0.3849,5.5512,3.5608,0.3825,6.0503,6.0000,3.0000
39.9998,800,7.9772,6.0388,3.0066,6.7294,3.5647,0.3826,5.5741,3.5780,0.3828,6.0002,6.0000,3.0000
40.0498,801,7.9772,6.0388,3.0066,6.7294,3.5647,0.3826,5.5741,3.5780,0.3828,5.9502,6.0000,3.0000
40.0998,802,7.9053,6.0451,3.0066,6.7515,3.5830,0.3810,5.5968,3.5956,0.3823,5.9002,6.0000,3.0000
40.1497,803,7.8330,6.0512,3.0066,6.7732,3.6016,0.3798,5.6197,3.6135,0.3802,5.8503,6.0000,3.0000
40.1997,804,7.8330,6.0512,3.0066,6.7732,3.6016,0.3798,5.6197,3.6135,0.3802,5.8003,6.0000,3.0000
40.2497,805,7.7605,6.0569,3.0066,6.7951,3.6209,0.3784,5.6419,3.6314,0.3783,5.7503,6.0000,3.0000
40.2996,806,7.6878,6.0623,3.0066,6.8173,3.6410,0.3770,5.6635,3.6493,0.3771,5.7004,6.0000,3.0000
40.3498,807,7.6878,6.0623,3.0066,6.8173,3.6410,0.3770,5.6635,3.6493,0.3771,5.6502,6.0000,3.0000
40.3998,808,7.6149,6.0674,3.0065,6.8391,3.6611,0.3751,5.6844,3.6672,0.3751,5.6002,6.0000,3.0000
40.4498,809,7.6149,6.0674,3.0065,6.8391,3.6611,0.3751,5.6844,3.6672,0.3751,5.5502,6.0000,3.0000
40.4997,810,7.5419,6.0722,3.0065,6.8601,3.6809,0.3740,5.7048,3.6857,0.3731,5.5003,6.0000,3.0000
40.5496,811,7.4688,6.0768,3.0065,6.8795,3.7000,0.3737,5.7248,3.7047,0.3723,5.4504,6.0000,3.0000
40.5998,812,7.4688,6.0768,3.0065,6.8795,3.7000,0.3737,5.7248,3.7047,0.3723,5.4002,6.0000,3.0000
40.6498,813,7.3957,6.0811,3.0065,6.8980,3.7186,0.3738,5.7442,3.7243,0.3730,5.3502,6.0000,3.0000
40.6998,814,7.3957,6.0811,3.0065,6.8980,3.7186,0.3738,5.7442,3.7243,0.3730,5.3002,6.0000,3.0000
40.7498,815,7.3225,6.0852,3.0065,6.9159,3.7372,0.3743,5.7630,3.7445,0.3754,5.2502,6.0000,3.0000
40.7997,816,7.2493,6.0891,3.0065,6.9334,3.7559,0.3748,5.7804,3.7648,0.3776,5.2003,6.0000,3.0000
40.8497,817,7.2493,6.0891,3.0065,6.9334,3.7559,0.3748,5.7804,3.7648,0.3776,5.1503,6.0000,3.0000
40.8997,818,7.1760,6.0927,3.0065,6.9507,3.7750,0.3755,5.7967,3.7847,0.3781,5.1003,6.0000,3.0000
40.9496,819,7.1760,6.0927,3.0065,6.9678,3.7945,0.3762,5.7967,3.7847,0.3781,5.0504,6.0000,3.0000
40.9997,820,7.1027,6.0962,3.0064,6.9678,3.7945,0.3762,5.8120,3.8045,0.3778,5.0003,6.0000,3.0000
41.0497,821,7.0295,6.0995,3.0064,6.9846,3.8142,0.3765,5.8267,3.8244,0.3773,4.9503,6.0000,3.0000
41.0997,822,7.0295,6.0995,3.0064,6.9846,3.8142,0.3765,5.8267,3.8244,0.3773,4.9003,6.0000,3.0000
41.1516,823,6.9562,6.1026,3.0064,7.0006,3.8344,0.3775,5.8412,3.8451,0.3766,4.8484,6.0000,3.0000
41.1997,824,6.9562,6.1026,3.0064,7.0006,3.8344,0.3775,5.8412,3.8451,0.3766,4.8003,6.0000,3.0000
41.2497,825,6.8828,6.1055,3.0064,7.0159,3.8554,0.3791,5.8555,3.8666,0.3753,4.7503,6.0000,3.0000
41.2997,826,6.8095,6.1083,3.0064,7.0308,3.8769,0.3800,5.8694,3.8892,0.3735,4.7003,6.0000,3.0000
41.3497,827,6.8095,6.1083,3.0064,7.0308,3.8769,0.3800,5.8694,3.8892,0.3735,4.6503,6.0000,3.0000
41.3998,828,6.7362,6.1109,3.0064,7.0449,3.8981,0.3798,5.8826,3.9127,0.3722,4.6002,6.0000,3.0000
41.4498,829,6.7362,6.1109,3.0064,7.0449,3.8981,0.3798,5.8826,3.9127,0.3722,4.5502,6.0000,3.0000
41.4998,830,6.6629,6.1133,3.0064,7.0580,3.9191,0.3803,5.8955,3.9368,0.3698,4.5002,6.0000,3.0000
41.5497,831,6.5896,6.1157,3.0063,7.0705,3.9407,0.3807,5.9075,3.9610,0.3673,4.4503,6.0000,3.0000
41.5997,832,6.5896,6.1157,3.0063,7.0705,3.9407,0.3807,5.9075,3.9610,0.3673,4.4003,6.0000,3.0000
41.6497,833,6.5162,6.1179,3.0063,7.0824,3.9629,0.3809,5.9186,3.9850,0.3656,4.3503,6.0000,3.0000
41.6997,834,6.5162,6.1179,3.0063,7.0824,3.9629,0.3809,5.9186,3.9850,0.3656,4.3003,6.0000,3.0000
41.7497,835,6.4429,6.1199,3.0063,7.0939,3.9859,0.3811,5.9289,4.0091,0.3645,4.2503,6.0000,3.0000
41.7996,836,6.3696,6.1219,3.0063,7.1048,4.0097,0.3814,5.9386,4.0333,0.3637,4.2004,6.0000,3.0000
41.8498,837,6.3696,6.1219,3.0063,7.1048,4.0097,0.3814,5.9386,4.0333,0.3637,4.1502,6.0000,3.0000
41.8997,838,6.2962,6.1237,3.0063,7.1148,4.0340,0.3826,5.9477,4.0578,0.3627,4.1003,6.0000,3.0000
41.9497,839,6.2962,6.1237,3.0063,7.1148,4.0340,0.3826,5.9477,4.0578,0.3627,4.0503,6.0000,3.0000
41.9997,840,6.2229,6.1255,3.0063,7.1236,4.0580,0.3843,5.9562,4.0831,0.3618,4.0003,6.0000,3.0000
42.0497,841,6.2229,6.1255,3.0063,7.1236,4.0580,0.3843,5.9562,4.0831,0.3618,3.9503,6.0000,3.0000
42.0997,842,6.1496,6.1271,3.0063,7.1312,4.0811,0.3847,5.9639,4.1094,0.3612,3.9003,6.0000,3.0000
42.1497,843,6.0763,6.1286,3.0062,7.1376,4.1034,0.3839,5.9704,4.1360,0.3615,3.8503,6.0000,3.0000
42.1997,844,6.0763,6.1286,3.0062,7.1376,4.1034,0.3839,5.9704,4.1360,0.3615,3.8003,6.0000,3.0000
42.2497,845,6.0029,6.1301,3.0062,7.1427,4.1249,0.3822,5.9753,4.1620,0.3625,3.7503,6.0000,3.0000
42.2998,846,6.0029,6.1301,3.0062,7.1427,4.1249,0.3822,5.9753,4.1620,0.3625,3.7002,6.0000,3.0000
42.3497,847,5.9296,6.1314,3.0062,7.1467,4.1461,0.3798,5.9786,4.1874,0.3637,3.6503,6.0000,3.0000
42.3997,848,5.8563,6.1327,3.0062,7.1496,4.1672,0.3767,5.9806,4.2118,0.3638,3.6003,6.0000,3.0000
42.4497,849,5.8563,6.1327,3.0062,7.1496,4.1672,0.3767,5.9806,4.2118,0.3638,3.5503,6.0000,3.0000
42.4997,850,5.7829,6.1339,3.0062,7.1510,4.1884,0.3734,5.9815,4.2352,0.3629,3.5003,6.0000,3.0000
42.5497,851,5.7829,6.1339,3.0062,7.1510,4.1884,0.3734,5.9815,4.2352,0.3629,3.4503,6.0000,3.0000
42.6006,852,5.7096,6.1351,3.0062,7.1510,4.2100,0.3704,5.9815,4.2582,0.3621,3.3994,6.0000,3.0000
42.6497,853,5.6363,6.1361,3.0061,7.1493,4.2322,0.3689,5.9806,4.2813,0.3612,3.3503,6.0000,3.0000
42.6997,854,5.6363,6.1361,3.0061,7.1493,4.2322,0.3689,5.9806,4.2813,0.3612,3.3003,6.0000,3.0000
42.7497,855,5.5629,6.1371,3.0061,7.1463,4.2543,0.3684,5.9785,4.3047,0.3603,3.2503,6.0000,3.0000
42.7997,856,5.5629,6.1371,3.0061,7.1463,4.2543,0.3684,5.9785,4.3047,0.3603,3.2003,6.0000,3.0000
42.8497,857,5.4896,6.1380,3.0061,7.1423,4.2760,0.3680,5.9748,4.3285,0.3590,3.1503,6.0000,3.0000
42.8997,858,5.4896,6.1380,3.0061,7.1423,4.2760,0.3680,5.9748,4.3285,0.3590,3.1003,6.0000,3.0000
42.9497,859,5.4163,6.1389,3.0061,7.1382,4.2973,0.3666,5.9697,4.3528,0.3573,3.0503,6.0000,3.0000
42.9996,860,5.3429,6.1397,3.0061,7.1336,4.3181,0.3637,5.9629,4.3777,0.3551,3.0004,6.0000,3.0000
43.0498,861,5.3429,6.1397,3.0061,7.1336,4.3181,0.3637,5.9629,4.3777,0.3551,2.9502,6.0000,3.0000
43.0998,862,5.3429,6.1397,3.0061,7.1286,4.3385,0.3597,5.9629,4.3777,0.3551,2.9002,6.0000,3.0000
43.1497,863,5.2696,6.1405,3.0061,7.1286,4.3385,0.3597,5.9548,4.4026,0.3528,2.8503,6.0000,3.0000
43.1997,864,5.1963,6.1412,3.0061,7.1228,4.3585,0.3544,5.9455,4.4262,0.3516,2.8003,6.0000,3.0000
43.2497,865,5.1963,6.1412,3.0061,7.1228,4.3585,0.3544,5.9455,4.4262,0.3516,2.7503,6.0000,3.0000
43.2997,866,5.1229,6.1418,3.0060,7.1161,4.3783,0.3487,5.9354,4.4485,0.3511,2.7003,6.0000,3.0000
43.3498,867,5.1229,6.1418,3.0060,7.1161,4.3783,0.3487,5.9354,4.4485,0.3511,2.6502,6.0000,3.0000
43.3997,868,5.0496,6.1425,3.0060,7.1083,4.3976,0.3442,5.9249,4.4698,0.3512,2.6003,6.0000,3.0000
43.4515,869,5.0496,6.1425,3.0060,7.0991,4.4160,0.3411,5.9249,4.4698,0.3512,2.5485,6.0000,3.0000
43.4998,870,4.9763,6.1430,3.0060,7.0991,4.4160,0.3411,5.9139,4.4907,0.3517,2.5002,6.0000,3.0000
43.5497,871,4.9029,6.1436,3.0060,7.0885,4.4331,0.3397,5.9025,4.5112,0.3526,2.4503,6.0000,3.0000
43.5998,872,4.9029,6.1436,3.0060,7.0885,4.4331,0.3397,5.9025,4.5112,0.3526,2.4002,6.0000,3.0000
43.6506,873,4.8296,6.1440,3.0060,7.0765,4.4490,0.3400,5.8904,4.5312,0.3537,2.3494,6.0000,3.0000
43.6996,874,4.8296,6.1440,3.0060,7.0639,4.4643,0.3403,5.8904,4.5312,0.3537,2.3004,6.0000,3.0000
43.7497,875,4.7563,6.1445,3.0060,7.0639,4.4643,0.3403,5.8775,4.5510,0.3548,2.2503,6.0000,3.0000
43.7997,876,4.6829,6.1449,3.0060,7.0507,4.4790,0.3406,5.8636,4.5707,0.3559,2.2003,6.0000,3.0000
43.8497,877,4.6829,6.1449,3.0060,7.0507,4.4790,0.3406,5.8636,4.5707,0.3559,2.1503,6.0000,3.0000
43.8997,878,4.6096,6.1453,3.0060,7.0370,4.4935,0.3412,5.8484,4.5900,0.3570,2.1003,6.0000,3.0000
43.9497,879,4.5363,6.1457,3.0059,7.0223,4.5080,0.3417,5.8320,4.6085,0.3584,2.0503,6.0000,3.0000
43.9997,880,4.5363,6.1457,3.0059,7.0223,4.5080,0.3417,5.8320,4.6085,0.3584,2.0003,6.0000,3.0000
44.0497,881,4.4629,6.1460,3.0059,7.0064,4.5233,0.3419,5.8153,4.6263,0.3589,1.9503,6.0000,3.0000
44.0997,882,4.4629,6.1460,3.0059,7.0064,4.5233,0.3419,5.8153,4.6263,0.3589,1.9003,6.0000,3.0000
44.1497,883,4.3896,6.1463,3.0059,6.9889,4.5391,0.3422,5.7981,4.6431,0.3591,1.8503,6.0000,3.0000
44.1997,884,4.3896,6.1463,3.0059,6.9889,4.5391,0.3422,5.7981,4.6431,0.3591,1.8003,6.0000,3.0000
44.2497,885,4.3163,6.1465,3.0059,6.9697,4.5554,0.3433,5.7805,4.6587,0.3589,1.7503,6.0000,3.0000
44.2997,886,4.3163,6.1465,3.0059,6.9697,4.5554,0.3433,5.7805,4.6587,0.3589,1.7003,6.0000,3.0000
44.3497,887,4.2429,6.1468,3.0059,6.9495,4.5722,0.3444,5.7621,4.6736,0.3590,1.6503,6.0000,3.0000
44.3996,888,4.1696,6.1470,3.0059,6.9288,4.5889,0.3454,5.7423,4.6883,0.3588,1.6004,6.0000,3.0000
44.4497,889,4.1696,6.1470,3.0059,6.9288,4.5889,0.3454,5.7423,4.6883,0.3588,1.5503,6.0000,3.0000
44.4998,890,4.0963,6.1472,3.0059,6.9080,4.6053,0.3466,5.7209,4.7033,0.3582,1.5002,6.0000,3.0000
44.5497,891,4.0963,6.1472,3.0059,6.9080,4.6053,0.3466,5.7209,4.7033,0.3582,1.4503,6.0000,3.0000
44.5997,892,4.0229,6.1474,3.0059,6.8872,4.6214,0.3477,5.6982,4.7185,0.3569,1.4003,6.0000,3.0000
44.6496,893,4.0229,6.1474,3.0059,6.8663,4.6370,0.3488,5.6982,4.7185,0.3569,1.3504,6.0000,3.0000
44.6998,894,3.9496,6.1475,3.0058,6.8663,4.6370,0.3488,5.6748,4.7334,0.3561,1.3002,6.0000,3.0000
44.7497,895,3.8763,6.1476,3.0058,6.8453,4.6524,0.3495,5.6518,4.7471,0.3561,1.2503,6.0000,3.0000
44.7998,896,3.8763,6.1476,3.0058,6.8453,4.6524,0.3495,5.6518,4.7471,0.3561,1.2002,6.0000,3.0000
44.8498,897,3.8029,6.1478,3.0058,6.8236,4.6677,0.3498,5.6292,4.7601,0.3566,1.1502,6.0000,3.0000
44.8998,898,3.8029,6.1478,3.0058,6.8236,4.6677,0.3498,5.6292,4.7601,0.3566,1.1002,6.0000,3.0000
44.9497,899,3.7296,6.1478,3.0058,6.8008,4.6834,0.3497,5.6069,4.7727,0.3578,1.0503,6.0000,3.0000
44.9997,900,3.6563,6.1479,3.0058,6.7767,4.6991,0.3497,5.5849,4.7850,0.3595,1.0003,6.0000,3.0000
45.0498,901,3.6563,6.1479,3.0058,6.7767,4.6991,0.3497,5.5849,4.7850,0.3595,0.9502,6.0000,3.0000
45.0997,902,3.5829,6.1480,3.0058,6.7521,4.7143,0.3504,5.5630,4.7970,0.3611,0.9003,6.0000,3.0000
45.1497,903,3.5829,6.1480,3.0058,6.7521,4.7143,0.3504,5.5630,4.7970,0.3611,0.8503,6.0000,3.0000
45.1997,904,3.5096,6.1480,3.0058,6.7276,4.7281,0.3518,5.5412,4.8089,0.3623,0.8003,6.0000,3.0000
45.2497,905,3.5096,6.1480,3.0058,6.7276,4.7281,0.3518,5.5412,4.8089,0.3623,0.7503,6.0000,3.0000
45.2997,906,3.4363,6.1481,3.0057,6.7038,4.7409,0.3534,5.5190,4.8209,0.3631,0.7003,6.0000,3.0000
45.3497,907,3.3629,6.1481,3.0057,6.6807,4.7534,0.3549,5.4960,4.8332,0.3635,0.6503,6.0000,3.0000
45.3997,908,3.3629,6.1481,3.0057,6.6807,4.7534,0.3549,5.4960,4.8332,0.3635,0.6003,6.0000,3.0000
45.4497,909,3.2896,6.1481,3.0057,6.6577,4.7657,0.3563,5.4717,4.8459,0.3637,0.5503,6.0000,3.0000
45.4997,910,3.2896,6.1481,3.0057,6.6577,4.7657,0.3563,5.4717,4.8459,0.3637,0.5003,6.0000,3.0000
45.5497,911,3.2163,6.1481,3.0057,6.6347,4.7779,0.3578,5.4467,4.8583,0.3639,0.4503,6.0000,3.0000
45.5996,912,3.2163,6.1481,3.0057,6.6113,4.7903,0.3593,5.4467,4.8583,0.3639,0.4004,6.0000,3.0000
45.6497,913,3.1429,6.1481,3.0057,6.6113,4.7903,0.3593,5.4221,4.8697,0.3640,0.3503,6.0000,3.0000
45.6998,914,3.0696,6.1481,3.0057,6.5872,4.8025,0.3611,5.3982,4.8803,0.3631,0.3002,6.0000,3.0000
45.7497,915,3.0696,6.1481,3.0057,6.5872,4.8025,0.3611,5.3982,4.8803,0.3631,0.2503,6.0000,3.0000
45.7998,916,2.9963,6.1480,3.0057,6.5621,4.8147,0.3633,5.3749,4.8902,0.3624,0.2002,6.0000,3.0000
45.8496,917,2.9229,6.1480,3.0057,6.5362,4.8267,0.3658,5.3520,4.9000,0.3619,0.1504,6.0000,3.0000
45.8997,918,2.9229,6.1480,3.0057,6.5362,4.8267,0.3658,5.3520,4.9000,0.3619,0.1003,6.0000,3.0000
45.9497,919,2.8496,6.1479,3.0056,6.5099,4.8385,0.3686,5.3291,4.9098,0.3616,0.0503,6.0000,3.0000
45.9997,920,2.8496,6.1479,3.0056,6.5099,4.8385,0.3686,5.3291,4.9098,0.3616,0.0003,6.0000,3.0000
46.0497,921,2.7763,6.1478,3.0056,6.4832,4.8501,0.3703,5.3057,4.9196,0.3616,0.0000,6.0497,3.0000
46.0997,922,2.7029,6.1480,3.0056,6.4566,4.8617,0.3712,5.2815,4.9293,0.3620,0.0000,6.0997,3.0000
46.1498,923,2.7029,6.1480,3.0056,6.4566,4.8617,0.3712,5.2815,4.9293,0.3620,0.0000,6.1498,3.0000
46.1998,924,2.6296,6.1489,3.0056,6.4304,4.8734,0.3717,5.2564,4.9390,0.3628,0.0000,6.1998,3.0000
46.2497,925,2.6296,6.1489,3.0056,6.4304,4.8734,0.3717,5.2564,4.9390,0.3628,0.0000,6.2497,3.0000
46.2997,926,2.5563,6.1512,3.0056,6.4046,4.8850,0.3718,5.2303,4.9484,0.3631,0.0000,6.2997,3.0000
46.3497,927,2.4829,6.1555,3.0056,6.3789,4.8966,0.3714,5.2037,4.9573,0.3631,0.0000,6.3497,3.0000
46.3997,928,2.4829,6.1555,3.0056,6.3789,4.8966,0.3714,5.2037,4.9573,0.3631,0.0000,6.3997,3.0000
46.4497,929,2.4096,6.1622,3.0056,6.3530,4.9082,0.3706,5.1766,4.9658,0.3631,0.0000,6.4497,3.0000
46.4997,930,2.4096,6.1622,3.0056,6.3530,4.9082,0.3706,5.1766,4.9658,0.3631,0.0000,6.4997,3.0000
46.5497,931,2.3363,6.1713,3.0056,6.3264,4.9200,0.3698,5.1496,4.9741,0.3634,0.0000,6.5497,3.0000
46.5997,932,2.3363,6.1713,3.0056,6.2987,4.9321,0.3688,5.1496,4.9741,0.3634,0.0000,6.5997,3.0000
46.6497,933,2.2629,6.1834,3.0055,6.2987,4.9321,0.3688,5.1232,4.9824,0.3641,0.0000,6.6497,3.0000
46.6998,934,2.1896,6.1986,3.0055,6.2710,4.9439,0.3684,5.0970,4.9909,0.3647,0.0000,6.6998,3.0000
46.7497,935,2.1896,6.1986,3.0055,6.2710,4.9439,0.3684,5.0970,4.9909,0.3647,0.0000,6.7497,3.0000
46.7997,936,2.1163,6.2168,3.0055,6.2440,4.9547,0.3682,5.0712,4.9993,0.3648,0.0000,6.7997,3.0000
46.8497,937,2.1163,6.2168,3.0055,6.2440,4.9547,0.3682,5.0712,4.9993,0.3648,0.0000,6.8497,3.0000
46.8998,938,2.0429,6.2380,3.0055,6.2180,4.9648,0.3686,5.0456,5.0078,0.3644,0.0000,6.8998,3.0000
46.9497,939,2.0429,6.2380,3.0055,6.2180,4.9648,0.3686,5.0456,5.0078,0.3644,0.0000,6.9497,3.0000
47.0006,940,1.9696,6.2621,3.0055,6.1925,4.9746,0.3693,5.0197,5.0165,0.3636,0.0000,7.0006,3.0000
47.0497,941,1.8963,6.2894,3.0055,6.1669,4.9844,0.3700,4.9930,5.0254,0.3627,0.0000,7.0497,3.0000
47.0998,942,1.8963,6.2894,3.0055,6.1669,4.9844,0.3700,4.9930,5.0254,0.3627,0.0000,7.0998,3.0000
47.1497,943,1.8229,6.3197,3.0055,6.1412,4.9943,0.3707,4.9651,5.0343,0.3618,0.0000,7.1497,3.0000
47.1997,944,1.8229,6.3197,3.0055,6.1412,4.9943,0.3707,4.9651,5.0343,0.3618,0.0000,7.1997,3.0000
47.2497,945,1.7496,6.3525,3.0055,6.1149,5.0042,0.3714,4.9366,5.0433,0.3613,0.0000,7.2497,3.0000
47.2997,946,1.7496,6.3525,3.0055,6.1149,5.0042,0.3714,4.9366,5.0433,0.3613,0.0000,7.2997,3.0000
47.3497,947,1.6763,6.3882,3.0054,6.0877,5.0139,0.3723,4.9087,5.0515,0.3616,0.0000,7.3497,3.0000
47.3996,948,1.6029,6.4266,3.0054,6.0597,5.0235,0.3732,4.8819,5.0594,0.3621,0.0000,7.3996,3.0000
47.4497,949,1.6029,6.4266,3.0054,6.0597,5.0235,0.3732,4.8819,5.0594,0.3621,0.0000,7.4497,3.0000
47.4997,950,1.5297,6.4675,3.0054,6.0311,5.0331,0.3742,4.8558,5.0672,0.3628,0.0000,7.4997,3.0000
47.5497,951,1.5297,6.4675,3.0054,6.0311,5.0331,0.3742,4.8558,5.0672,0.3628,0.0000,7.5497,3.0000
47.5998,952,1.4570,6.5107,3.0054,6.0023,5.0426,0.3745,4.8300,5.0752,0.3635,0.0000,7.5998,3.0000
47.6497,953,1.3855,6.5563,3.0054,5.9737,5.0518,0.3742,4.8040,5.0836,0.3640,0.0000,7.6497,3.0000
47.6998,954,1.3855,6.5563,3.0054,5.9737,5.0518,0.3742,4.8040,5.0836,0.3640,0.0000,7.6998,3.0000
47.7497,955,1.3156,6.6039,3.0054,5.9459,5.0609,0.3744,4.7774,5.0921,0.3646,0.0000,7.7497,3.0000
47.7997,956,1.2477,6.6535,3.0054,5.9185,5.0698,0.3747,4.7501,5.1006,0.3653,0.0000,7.7997,3.0000
47.8497,957,1.2477,6.6535,3.0054,5.9185,5.0698,0.3747,4.7501,5.1006,0.3653,0.0000,7.8497,3.0000
47.8997,958,1.1820,6.7048,3.0054,5.8911,5.0788,0.3746,4.7220,5.1092,0.3664,0.0000,7.8997,3.0000
47.9497,959,1.1820,6.7048,3.0054,5.8911,5.0788,0.3746,4.7220,5.1092,0.3664,0.0000,7.9497,3.0000
47.9997,960,1.1187,6.7576,3.0054,5.8634,5.0877,0.3743,4.6931,5.1179,0.3681,0.0000,7.9997,3.0000
48.0496,961,1.0579,6.8122,3.0053,5.8351,5.0967,0.3740,4.6640,5.1268,0.3693,0.0496,8.0000,3.0000
48.0997,962,1.0579,6.8122,3.0053,5.8351,5.0967,0.3740,4.6640,5.1268,0.3693,0.0997,8.0000,3.0000
48.1497,963,0.9997,6.8680,3.0053,5.8058,5.1058,0.3738,4.6350,5.1356,0.3695,0.1497,8.0000,3.0000
48.1997,964,0.9997,6.8680,3.0053,5.8058,5.1058,0.3738,4.6350,5.1356,0.3695,0.1997,8.0000,3.0000
48.2497,965,0.9451,6.9242,3.0053,5.7764,5.1146,0.3734,4.6065,5.1445,0.3699,0.2497,8.0000,3.0000
48.2997,966,0.9451,6.9242,3.0053,5.7764,5.1146,0.3734,4.6065,5.1445,0.3699,0.2997,8.0000,3.0000
48.3497,967,0.8948,6.9802,3.0053,5.7482,5.1230,0.3741,4.5785,5.1536,0.3700,0.3497,8.0000,3.0000
48.3997,968,0.8490,7.0352,3.0053,5.7206,5.1313,0.3750,4.5507,5.1631,0.3698,0.3997,8.0000,3.0000
48.4497,969,0.8490,7.0352,3.0053,5.7206,5.1313,0.3750,4.5507,5.1631,0.3698,0.4497,8.0000,3.0000
48.4997,970,0.8080,7.0891,3.0053,5.6934,5.1395,0.3759,4.5230,5.1728,0.3692,0.4997,8.0000,3.0000
48.5497,971,0.8080,7.0891,3.0053,5.6934,5.1395,0.3759,4.5230,5.1728,0.3692,0.5497,8.0000,3.0000
48.5998,972,0.7722,7.1415,3.0053,5.6660,5.1479,0.3763,4.4949,5.1828,0.3685,0.5998,8.0000,3.0000
48.6498,973,0.7722,7.1415,3.0053,5.6660,5.1479,0.3763,4.4949,5.1828,0.3685,0.6498,8.0000,3.0000
48.6997,974,0.7416,7.1922,3.0053,5.6384,5.1564,0.3766,4.4662,5.1931,0.3679,0.6997,8.0000,3.0000
48.7497,975,0.7416,7.1922,3.0053,5.6102,5.1651,0.3765,4.4662,5.1931,0.3679,0.7497,8.0000,3.0000
48.7997,976,0.7165,7.2411,3.0052,5.6102,5.1651,0.3765,4.4370,5.2035,0.3674,0.7997,8.0000,3.0000
48.8497,977,0.6969,7.2881,3.0052,5.5813,5.1738,0.3763,4.4086,5.2135,0.3681,0.8497,8.0000,3.0000
48.8997,978,0.6969,7.2881,3.0052,5.5813,5.1738,0.3763,4.4086,5.2135,0.3681,0.8997,8.0000,3.0000
48.9497,979,0.6824,7.3332,3.0052,5.5514,5.1827,0.3758,4.3815,5.2230,0.3701,0.9497,8.0000,3.0000
48.9996,980,0.6727,7.3764,3.0052,5.5214,5.1916,0.3748,4.3548,5.2323,0.3722,0.9996,8.0000,3.0000
49.0497,981,0.6727,7.3764,3.0052,5.5214,5.1916,0.3748,4.3548,5.2323,0.3722,1.0497,8.0000,3.0000
49.1006,982,0.6676,7.4177,3.0052,5.4920,5.2005,0.3731,4.3282,5.2419,0.3738,1.1006,8.0000,3.0000
49.1497,983,0.6676,7.4177,3.0052,5.4920,5.2005,0.3731,4.3282,5.2419,0.3738,1.1497,8.0000,3.0000
49.1998,984,0.6668,7.4571,3.0052,5.4638,5.2093,0.3726,4.3014,5.2517,0.3748,1.1998,8.0000,3.0000
49.2512,985,0.6668,7.4571,3.0052,5.4638,5.2093,0.3726,4.3014,5.2517,0.3748,1.2512,8.0000,3.0000
49.3016,986,0.6703,7.4946,3.0052,5.4362,5.2184,0.3725,4.2743,5.2618,0.3753,1.3016,8.0000,3.0000
49.3497,987,0.6782,7.5304,3.0052,5.4091,5.2277,0.3726,4.2466,5.2720,0.3755,1.3497,8.0000,3.0000
49.3997,988,0.6782,7.5304,3.0052,5.4091,5.2277,0.3726,4.2466,5.2720,0.3755,1.3997,8.0000,3.0000
49.4497,989,0.6901,7.5645,3.0052,5.3822,5.2371,0.3727,4.2179,5.2824,0.3753,1.4497,8.0000,3.0000
49.4997,990,0.6901,7.5645,3.0052,5.3822,5.2371,0.3727,4.2179,5.2824,0.3753,1.4997,8.0000,3.0000
49.5497,991,0.7057,7.5969,3.0051,5.3550,5.2467,0.3730,4.1885,5.2929,0.3752,1.5497,8.0000,3.0000
49.5998,992,0.7248,7.6278,3.0051,5.3272,5.2569,0.3733,4.1591,5.3037,0.3743,1.5998,8.0000,3.0000
49.6498,993,0.7248,7.6278,3.0051,5.3272,5.2569,0.3733,4.1591,5.3037,0.3743,1.6498,8.0000,3.0000
49.7006,994,0.7471,7.6571,3.0051,5.2991,5.2674,0.3736,4.1303,5.3143,0.3734,1.7006,8.0000,3.0000
49.7496,995,0.7726,7.6849,3.0051,5.2707,5.2781,0.3731,4.1025,5.3250,0.3734,1.7496,8.0000,3.0000
49.7998,996,0.7726,7.6849,3.0051,5.2707,5.2781,0.3731,4.1025,5.3250,0.3734,1.7998,8.0000,3.0000
49.8497,997,0.8012,7.7114,3.0051,5.2432,5.2887,0.3740,4.0752,5.3358,0.3737,1.8497,8.0000,3.0000
49.8997,998,0.8012,7.7114,3.0051,5.2432,5.2887,0.3740,4.0752,5.3358,0.3737,1.8997,8.0000,3.0000
49.9497,999,0.8325,7.7365,3.0051,5.2169,5.2990,0.3758,4.0484,5.3468,0.3740,1.9497,8.0000,3.0000
49.9997,1000,0.8667,7.7603,3.0051,5.1908,5.3093,0.3772,4.0216,5.3579,0.3744,1.9997,8.0000,3.0000
50.0497,1001,0.8667,7.7603,3.0051,5.1908,5.3093,0.3772,4.0216,5.3579,0.3744,2.0497,8.0000,3.0000
50.0998,1002,0.9035,7.7829,3.0051,5.1647,5.3195,0.3784,3.9944,5.3693,0.3746,2.0998,8.0000,3.0000
50.1497,1003,0.9035,7.7829,3.0051,5.1647,5.3195,0.3784,3.9944,5.3693,0.3746,2.1497,8.0000,3.0000
50.1998,1004,0.9428,7.8044,3.0051,5.1386,5.3300,0.3793,3.9667,5.3810,0.3746,2.1998,8.0000,3.0000
50.2498,1005,0.9428,7.8044,3.0051,5.1386,5.3300,0.3793,3.9667,5.3810,0.3746,2.2498,8.0000,3.0000
50.2998,1006,0.9845,7.8248,3.0050,5.1120,5.3409,0.3796,3.9387,5.3929,0.3742,2.2998,8.0000,3.0000
50.3497,1007,1.0287,7.8441,3.0050,5.0847,5.3521,0.3793,3.9115,5.4048,0.3753,2.3497,8.0000,3.0000
50.3998,1008,1.0287,7.8441,3.0050,5.0847,5.3521,0.3793,3.9115,5.4048,0.3753,2.3998,8.0000,3.0000
50.4497,1009,1.0752,7.8624,3.0050,5.0566,5.3638,0.3784,3.8856,5.4166,0.3770,2.4497,8.0000,3.0000
50.4997,1010,1.0752,7.8624,3.0050,5.0566,5.3638,0.3784,3.8856,5.4166,0.3770,2.4997,8.0000,3.0000
50.5497,1011,1.1237,7.8798,3.0050,5.0276,5.3758,0.3765,3.8600,5.4285,0.3782,2.5497,8.0000,3.0000
50.5997,1012,1.1743,7.8963,3.0050,4.9993,5.3877,0.3742,3.8346,5.4407,0.3787,2.5997,8.0000,3.0000
50.6498,1013,1.1743,7.8963,3.0050,4.9993,5.3877,0.3742,3.8346,5.4407,0.3787,2.6498,8.0000,3.0000
50.6997,1014,1.2268,7.9119,3.0050,4.9727,5.3994,0.3734,3.8091,5.4535,0.3788,2.6997,8.0000,3.0000
50.7496,1015,1.2810,7.9267,3.0050,4.9471,5.4112,0.3734,3.7834,5.4667,0.3785,2.7496,8.0000,3.0000
50.7997,1016,1.2810,7.9267,3.0050,4.9471,5.4112,0.3734,3.7834,5.4667,0.3785,2.7997,8.0000,3.0000
50.8497,1017,1.3367,7.9408,3.0050,4.9221,5.4233,0.3736,3.7573,5.4803,0.3780,2.8497,8.0000,3.0000
50.8997,1018,1.3367,7.9408,3.0050,4.9221,5.4233,0.3736,3.7573,5.4803,0.3780,2.8997,8.0000,3.0000
50.9497,1019,1.3938,7.9541,3.0050,4.8975,5.4357,0.3740,3.7305,5.4944,0.3773,2.9497,8.0000,3.0000
50.9997,1020,1.4524,7.9667,3.0049,4.8730,5.4485,0.3744,3.7028,5.5093,0.3761,2.9997,8.0000,3.0000
51.0497,1021,1.4524,7.9667,3.0049,4.8730,5.4485,0.3744,3.7028,5.5093,0.3761,3.0497,8.0000,3.0000
51.0997,1022,1.5123,7.9787,3.0049,4.8484,5.4619,0.3750,3.6754,5.5243,0.3738,3.0997,8.0000,3.0000
51.1498,1023,1.5123,7.9787,3.0049,4.8484,5.4619,0.3750,3.6754,5.5243,0.3738,3.1498,8.0000,3.0000
51.1997,1024,1.5734,7.9901,3.0049,4.8237,5.4760,0.3758,3.6497,5.5389,0.3725,3.1997,8.0000,3.0000
51.2496,1025,1.6359,8.0008,3.0049,4.7988,5.4907,0.3760,3.6251,5.5536,0.3721,3.2496,8.0000,3.0000
51.2997,1026,1.6359,8.0008,3.0049,4.7988,5.4907,0.3760,3.6251,5.5536,0.3721,3.2997,8.0000,3.0000
51.3498,1027,1.6996,8.0110,3.0049,4.7741,5.5058,0.3753,3.6015,5.5687,0.3722,3.3498,8.0000,3.0000
51.3998,1028,1.6996,8.0110,3.0049,4.7741,5.5058,0.3753,3.6015,5.5687,0.3722,3.3998,8.0000,3.0000
51.4498,1029,1.7643,8.0206,3.0049,4.7500,5.5211,0.3749,3.5784,5.5839,0.3725,3.4498,8.0000,3.0000
51.4998,1030,1.7643,8.0206,3.0049,4.7500,5.5211,0.3749,3.5784,5.5839,0.3725,3.4998,8.0000,3.0000
51.5497,1031,1.8302,8.0298,3.0049,4.7271,5.5365,0.3752,3.5557,5.5996,0.3730,3.5497,8.0000,3.0000
51.5997,1032,1.8971,8.0384,3.0049,4.7046,5.5517,0.3755,3.5333,5.6160,0.3736,3.5997,8.0000,3.0000
51.6497,1033,1.8971,8.0384,3.0049,4.7046,5.5517,0.3755,3.5333,5.6160,0.3736,3.6497,8.0000,3.0000
51.6997,1034,1.9649,8.0466,3.0049,4.6822,5.5668,0.3758,3.5110,5.6331,0.3743,3.6997,8.0000,3.0000
51.7497,1035,1.9649,8.0466,3.0049,4.6600,5.5823,0.3763,3.5110,5.6331,0.3743,3.7497,8.0000,3.0000
51.7998,1036,2.0338,8.0544,3.0049,4.6600,5.5823,0.3763,3.4886,5.6509,0.3748,3.7998,8.0000,3.0000
51.8498,1037,2.1035,8.0618,3.0048,4.6378,5.5982,0.3767,3.4663,5.6692,0.3744,3.8498,8.0000,3.0000
51.8997,1038,2.1035,8.0618,3.0048,4.6378,5.5982,0.3767,3.4663,5.6692,0.3744,3.8997,8.0000,3.0000
51.9497,1039,2.1739,8.0687,3.0048,4.6151,5.6147,0.3769,3.4445,5.6877,0.3740,3.9497,8.0000,3.0000
51.9996,1040,2.2451,8.0753,3.0048,4.5920,5.6318,0.3771,3.4239,5.7065,0.3748,3.9996,8.0000,3.0000
52.0498,1041,2.2451,8.0753,3.0048,4.5920,5.6318,0.3771,3.4239,5.7065,0.3748,4.0498,8.0000,3.0000
52.0997,1042,2.3168,8.0816,3.0048,4.5683,5.6500,0.3771,3.4040,5.7252,0.3759,4.0997,8.0000,3.0000
52.1497,1043,2.3168,8.0816,3.0048,4.5683,5.6500,0.3771,3.4040,5.7252,0.3759,4.1497,8.0000,3.0000
52.1998,1044,2.3889,8.0875,3.0048,4.5444,5.6688,0.3764,3.3845,5.7439,0.3772,4.1998,8.0000,3.0000
52.2497,1045,2.3889,8.0875,3.0048,4.5444,5.6688,0.3764,3.3845,5.7439,0.3772,4.2497,8.0000,3.0000
52.2998,1046,2.4614,8.0931,3.0048,4.5211,5.6873,0.3751,3.3654,5.7628,0.3784,4.2998,8.0000,3.0000
52.3497,1047,2.5340,8.0984,3.0048,4.4995,5.7051,0.3750,3.3465,5.7824,0.3793,4.3497,8.0000,3.0000
52.3997,1048,2.5340,8.0984,3.0048,4.4995,5.7051,0.3750,3.3465,5.7824,0.3793,4.3997,8.0000,3.0000
52.4497,1049,2.6068,8.1034,3.0048,4.4790,5.7227,0.3757,3.3275,5.8029,0.3797,4.4497,8.0000,3.0000
52.5015,1050,2.6068,8.1034,3.0048,4.4593,5.7404,0.3766,3.3275,5.8029,0.3797,4.5015,8.0000,3.0000
52.5497,1051,2.6798,8.1081,3.0048,4.4593,5.7404,0.3766,3.3082,5.8243,0.3796,4.5497,8.0000,3.0000
52.5998,1052,2.7528,8.1126,3.0048,4.4401,5.7583,0.3775,3.2886,5.8467,0.3791,4.5998,8.0000,3.0000
52.6497,1053,2.7528,8.1126,3.0048,4.4401,5.7583,0.3775,3.2886,5.8467,0.3791,4.6497,8.0000,3.0000
52.6997,1054,2.8260,8.1169,3.0047,4.4217,5.7765,0.3783,3.2689,5.8700,0.3779,4.6997,8.0000,3.0000
52.7497,1055,2.8991,8.1209,3.0047,4.4039,5.7951,0.3792,3.2495,5.8931,0.3753,4.7497,8.0000,3.0000
52.7997,1056,2.8991,8.1209,3.0047,4.4039,5.7951,0.3792,3.2495,5.8931,0.3753,4.7997,8.0000,3.0000
52.8506,1057,2.9723,8.1246,3.0047,4.3866,5.8143,0.3801,3.2319,5.9155,0.3736,4.8506,8.0000,3.0000
52.8997,1058,2.9723,8.1246,3.0047,4.3866,5.8143,0.3801,3.2319,5.9155,0.3736,4.8997,8.0000,3.0000
52.9497,1059,3.0456,8.1282,3.0047,4.3697,5.8340,0.3806,3.2155,5.9375,0.3729,4.9497,8.0000,3.0000
52.9996,1060,3.0456,8.1282,3.0047,4.3533,5.8541,0.3803,3.2155,5.9375,0.3729,4.9996,8.0000,3.0000
53.0497,1061,3.1188,8.1316,3.0047,4.3533,5.8541,0.3803,3.2002,5.9597,0.3722,5.0497,8.0000,3.0000
53.0997,1062,3.1921,8.1348,3.0047,4.3377,5.8745,0.3791,3.1858,5.9821,0.3718,5.0997,8.0000,3.0000
53.1497,1063,3.1921,8.1348,3.0047,4.3377,5.8745,0.3791,3.1858,5.9821,0.3718,5.1497,8.0000,3.0000
53.1997,1064,3.2654,8.1378,3.0047,4.3234,5.8951,0.3787,3.1725,6.0048,0.3717,5.1997,8.0000,3.0000
53.2498,1065,3.2654,8.1378,3.0047,4.3234,5.8951,0.3787,3.1725,6.0048,0.3717,5.2498,8.0000,3.0000
53.3006,1066,3.3387,8.1407,3.0047,4.3105,5.9158,0.3787,3.1601,6.0279,0.3716,5.3006,8.0000,3.0000
53.3498,1067,3.3387,8.1407,3.0047,4.3105,5.9158,0.3787,3.1601,6.0279,0.3716,5.3498,8.0000,3.0000
53.3997,1068,3.4120,8.1433,3.0047,4.2981,5.9365,0.3790,3.1485,6.0518,0.3717,5.3997,8.0000,3.0000
53.4497,1069,3.4854,8.1459,3.0047,4.2861,5.9575,0.3795,3.1376,6.0764,0.3713,5.4497,8.0000,3.0000
53.4997,1070,3.4854,8.1459,3.0047,4.2861,5.9575,0.3795,3.1376,6.0764,0.3713,5.4997,8.0000,3.0000
53.5497,1071,3.5587,8.1483,3.0047,4.2747,5.9791,0.3801,3.1276,6.1013,0.3697,5.5497,8.0000,3.0000
53.5997,1072,3.5587,8.1483,3.0047,4.2747,5.9791,0.3801,3.1276,6.1013,0.3697,5.5997,8.0000,3.0000
53.6497,1073,3.6320,8.1505,3.0046,4.2638,6.0014,0.3807,3.1188,6.1262,0.3673,5.6497,8.0000,3.0000
53.6996,1074,3.6320,8.1505,3.0046,4.2538,6.0248,0.3813,3.1188,6.1262,0.3673,5.6996,8.0000,3.0000
53.7497,1075,3.7053,8.1526,3.0046,4.2538,6.0248,0.3813,3.1118,6.1507,0.3673,5.7497,8.0000,3.0000
53.8005,1076,3.7787,8.1546,3.0046,4.2446,6.0493,0.3822,3.1060,6.1746,0.3681,5.8005,8.0000,3.0000
53.8498,1077,3.7787,8.1546,3.0046,4.2446,6.0493,0.3822,3.1060,6.1746,0.3681,5.8498,8.0000,3.0000
53.8997,1078,3.8520,8.1565,3.0046,4.2362,6.0748,0.3830,3.1009,6.1985,0.3695,5.8997,8.0000,3.0000
53.9497,1079,3.8520,8.1565,3.0046,4.2362,6.0748,0.3830,3.1009,6.1985,0.3695,5.9497,8.0000,3.0000
53.9997,1080,3.9253,8.1583,3.0046,4.2287,6.1002,0.3836,3.0967,6.2224,0.3710,5.9997,8.0000,3.0000
54.0497,1081,3.9253,8.1583,3.0046,4.2287,6.1002,0.3836,3.0967,6.2224,0.3710,6.0497,8.0000,3.0000
54.0998,1082,3.9986,8.1599,3.0046,4.2227,6.1246,0.3839,3.0933,6.2467,0.3723,6.0998,8.0000,3.0000
54.1496,1083,4.0720,8.1615,3.0046,4.2177,6.1480,0.3828,3.0906,6.2718,0.3734,6.1496,8.0000,3.0000
54.1997,1084,4.0720,8.1615,3.0046,4.2177,6.1480,0.3828,3.0906,6.2718,0.3734,6.1997,8.0000,3.0000
54.2497,1085,4.1453,8.1630,3.0046,4.2140,6.1704,0.3800,3.0889,6.2978,0.3742,6.2497,8.0000,3.0000
54.2998,1086,4.1453,8.1630,3.0046,4.2140,6.1704,0.3800,3.0889,6.2978,0.3742,6.2998,8.0000,3.0000
54.3507,1087,4.2186,8.1644,3.0046,4.2116,6.1919,0.3756,3.0882,6.3249,0.3749,6.3507,8.0000,3.0000
54.3997,1088,4.2186,8.1644,3.0046,4.2116,6.1919,0.3756,3.0882,6.3249,0.3749,6.3997,8.0000,3.0000
54.4497,1089,4.2920,8.1656,3.0046,4.2110,6.2133,0.3716,3.0886,6.3527,0.3753,6.4497,8.0000,3.0000
54.4997,1090,4.2920,8.1656,3.0046,4.2110,6.2133,0.3716,3.0886,6.3527,0.3753,6.4997,8.0000,3.0000
54.5497,1091,4.3653,8.1669,3.0045,4.2121,6.2346,0.3676,3.0896,6.3799,0.3741,6.5497,8.0000,3.0000
54.5997,1092,4.4386,8.1680,3.0045,4.2148,6.2560,0.3631,3.0915,6.4056,0.3725,6.5997,8.0000,3.0000
54.6498,1093,4.4386,8.1680,3.0045,4.2148,6.2560,0.3631,3.0915,6.4056,0.3725,6.6498,8.0000,3.0000
54.6998,1094,4.5120,8.1691,3.0045,4.2192,6.2779,0.3583,3.0943,6.4303,0.3707,6.6998,8.0000,3.0000
54.7497,1095,4.5120,8.1691,3.0045,4.2192,6.2779,0.3583,3.0943,6.4303,0.3707,6.7497,8.0000,3.0000
54.7997,1096,4.5853,8.1700,3.0045,4.2257,6.2994,0.3546,3.0983,6.4545,0.3689,6.7997,8.0000,3.0000
54.8496,1097,4.5853,8.1700,3.0045,4.2345,6.3201,0.3535,3.0983,6.4545,0.3689,6.8496,8.0000,3.0000
54.8998,1098,4.6586,8.1710,3.0045,4.2345,6.3201,0.3535,3.1034,6.4782,0.3667,6.8998,8.0000,3.0000
54.9497,1099,4.7320,8.1718,3.0045,4.2447,6.3406,0.3544,3.1098,6.5014,0.3644,6.9497,8.0000,3.0000
54.9998,1100,4.7320,8.1718,3.0045,4.2447,6.3406,0.3544,3.1098,6.5014,0.3644,6.9998,8.0000,3.0000
55.0497,1101,4.8053,8.1726,3.0045,4.2553,6.3611,0.3557,3.1179,6.5242,0.3621,7.0497,8.0000,3.0000
55.0997,1102,4.8053,8.1726,3.0045,4.2553,6.3611,0.3557,3.1179,6.5242,0.3621,7.0997,8.0000,3.0000
55.1497,1103,4.8786,8.1734,3.0045,4.2665,6.3814,0.3577,3.1277,6.5472,0.3600,7.1497,8.0000,3.0000
55.1997,1104,4.8786,8.1734,3.0045,4.2665,6.3814,0.3577,3.1277,6.5472,0.3600,7.1997,8.0000,3.0000
55.2497,1105,4.9520,8.1741,3.0045,4.2783,6.4013,0.3596,3.1388,6.5702,0.3569,7.2497,8.0000,3.0000
55.2996,1106,4.9520,8.1741,3.0045,4.2909,6.4214,0.3606,3.1388,6.5702,0.3569,7.2996,8.0000,3.0000
55.3497,1107,5.0253,8.1747,3.0045,4.2909,6.4214,0.3606,3.1515,6.5927,0.3530,7.3497,8.0000,3.0000
55.3997,1108,5.0986,8.1753,3.0045,4.3050,6.4421,0.3610,3.1658,6.6136,0.3507,7.3997,8.0000,3.0000
55.4497,1109,5.0986,8.1753,3.0045,4.3050,6.4421,0.3610,3.1658,6.6136,0.3507,7.4497,8.0000,3.0000
55.4997,1110,5.1720,8.1759,3.0044,4.3210,6.4636,0.3611,3.1811,6.6331,0.3501,7.4997,8.0000,3.0000
55.5497,1111,5.1720,8.1759,3.0044,4.3210,6.4636,0.3611,3.1811,6.6331,0.3501,7.5497,8.0000,3.0000
55.5997,1112,5.2453,8.1764,3.0044,4.3388,6.4856,0.3611,3.1967,6.6523,0.3498,7.5997,8.0000,3.0000
55.6496,1113,5.3186,8.1769,3.0044,4.3571,6.5068,0.3626,3.2129,6.6712,0.3501,7.6496,8.0000,3.0000
55.6997,1114,5.3186,8.1769,3.0044,4.3571,6.5068,0.3626,3.2129,6.6712,0.3501,7.6997,8.0000,3.0000
55.7498,1115,5.3920,8.1773,3.0044,4.3755,6.5268,0.3645,3.2297,6.6894,0.3504,7.7498,8.0000,3.0000
55.7997,1116,5.3920,8.1773,3.0044,4.3755,6.5268,0.3645,3.2297,6.6894,0.3504,7.7997,8.0000,3.0000
55.8498,1117,5.4653,8.1777,3.0044,4.3936,6.5460,0.3663,3.2474,6.7074,0.3503,7.8498,8.0000,3.0000
55.8998,1118,5.4653,8.1777,3.0044,4.3936,6.5460,0.3663,3.2474,6.7074,0.3503,7.8998,8.0000,3.0000
55.9497,1119,5.5386,8.1781,3.0044,4.4117,6.5647,0.3675,3.2668,6.7253,0.3498,7.9497,8.0000,3.0000
55.9997,1120,5.5386,8.1781,3.0044,4.4117,6.5647,0.3675,3.2668,6.7253,0.3498,7.9997,8.0000,3.0000
56.0497,1121,5.6120,8.1784,3.0044,4.4301,6.5831,0.3680,3.2882,6.7434,0.3492,8.0497,8.0000,3.0000
56.0997,1122,5.6853,8.1787,3.0044,4.4495,6.6013,0.3682,3.3116,6.7617,0.3489,8.0997,8.0000,3.0000
56.1497,1123,5.6853,8.1787,3.0044,4.4495,6.6013,0.3682,3.3116,6.7617,0.3489,8.1497,8.0000,3.0000
56.1997,1124,5.7586,8.1789,3.0044,4.4701,6.6196,0.3681,3.3358,6.7790,0.3504,8.1997,8.0000,3.0000
56.2497,1125,5.7586,8.1789,3.0044,4.4701,6.6196,0.3681,3.3358,6.7790,0.3504,8.2497,8.0000,3.0000
56.2997,1126,5.8320,8.1792,3.0044,4.4922,6.6381,0.3679,3.3593,6.7951,0.3528,8.2997,8.0000,3.0000
56.3497,1127,5.9053,8.1794,3.0044,4.5154,6.6566,0.3677,3.3824,6.8109,0.3551,8.3497,8.0000,3.0000
56.3997,1128,5.9053,8.1794,3.0044,4.5154,6.6566,0.3677,3.3824,6.8109,0.3551,8.3997,8.0000,3.0000
56.4497,1129,5.9786,8.1796,3.0043,4.5386,6.6737,0.3688,3.4053,6.8263,0.3569,8.4497,8.0000,3.0000
56.4997,1130,5.9786,8.1796,3.0043,4.5386,6.6737,0.3688,3.4053,6.8263,0.3569,8.4997,8.0000,3.0000
56.5498,1131,6.0520,8.1797,3.0043,4.5614,6.6896,0.3711,3.4284,6.8413,0.3580,8.5498,8.0000,3.0000
56.5997,1132,6.1253,8.1799,3.0043,4.5839,6.7048,0.3737,3.4522,6.8561,0.3586,8.5997,8.0000,3.0000
56.6497,1133,6.1253,8.1799,3.0043,4.5839,6.7048,0.3737,3.4522,6.8561,0.3586,8.6497,8.0000,3.0000
56.6997,1134,6.1986,8.1800,3.0043,4.6061,6.7194,0.3759,3.4771,6.8706,0.3589,8.6997,8.0000,3.0000
56.7497,1135,6.1986,8.1800,3.0043,4.6061,6.7194,0.3759,3.4771,6.8706,0.3589,8.7497,8.0000,3.0000
56.7997,1136,6.2720,8.1801,3.0043,4.6287,6.7336,0.3776,3.5032,6.8849,0.3597,8.7997,8.0000,3.0000
56.8498,1137,6.3453,8.1802,3.0043,4.6525,6.7478,0.3788,3.5307,6.8992,0.3605,8.8498,8.0000,3.0000
56.8998,1138,6.3453,8.1802,3.0043,4.6525,6.7478,0.3788,3.5307,6.8992,0.3605,8.8998,8.0000,3.0000
56.9497,1139,6.4186,8.1802,3.0043,4.6780,6.7620,0.3798,3.5589,6.9128,0.3609,8.9497,8.0000,3.0000
56.9996,1140,6.4186,8.1802,3.0043,4.7049,6.7759,0.3806,3.5589,6.9128,0.3609,8.9996,8.0000,3.0000
57.0497,1141,6.4919,8.1803,3.0043,4.7049,6.7759,0.3806,3.5866,6.9250,0.3620,9.0497,8.0000,3.0000
57.0997,1142,6.5653,8.1803,3.0043,4.7323,6.7894,0.3805,3.6136,6.9363,0.3641,9.0997,8.0000,3.0000
57.1497,1143,6.5653,8.1803,3.0043,4.7323,6.7894,0.3805,3.6136,6.9363,0.3641,9.1497,8.0000,3.0000
57.1997,1144,6.6386,8.1803,3.0043,4.7589,6.8019,0.3808,3.6401,6.9472,0.3664,9.1997,8.0000,3.0000
57.2498,1145,6.6386,8.1803,3.0043,4.7849,6.8138,0.3815,3.6401,6.9472,0.3664,9.2498,8.0000,3.0000
57.2998,1146,6.7119,8.1803,3.0043,4.7849,6.8138,0.3815,3.6663,6.9579,0.3683,9.2998,8.0000,3.0000
57.3497,1147,6.7853,8.1803,3.0042,4.8105,6.8254,0.3818,3.6927,6.9683,0.3698,9.3497,8.0000,3.0000
57.3997,1148,6.7853,8.1803,3.0042,4.8105,6.8254,0.3818,3.6927,6.9683,0.3698,9.3997,8.0000,3.0000
57.4516,1149,6.8586,8.1803,3.0042,4.8364,6.8366,0.3817,3.7204,6.9785,0.3707,9.4516,8.0000,3.0000
57.4997,1150,6.8586,8.1803,3.0042,4.8364,6.8366,0.3817,3.7204,6.9785,0.3707,9.4997,8.0000,3.0000
57.5497,1151,6.9319,8.1802,3.0042,4.8629,6.8475,0.3811,3.7494,6.9884,0.3715,9.5497,8.0000,3.0000
57.5998,1152,7.0053,8.1802,3.0042,4.8904,6.8582,0.3802,3.7798,6.9980,0.3726,9.5998,8.0000,3.0000
57.6497,1153,7.0053,8.1802,3.0042,4.8904,6.8582,0.3802,3.7798,6.9980,0.3726,9.6497,8.0000,3.0000
57.6997,1154,7.0786,8.1801,3.0042,4.9191,6.8687,0.3791,3.8108,7.0069,0.3739,9.6997,8.0000,3.0000
57.7498,1155,7.0786,8.1801,3.0042,4.9191,6.8687,0.3791,3.8108,7.0069,0.3739,9.7498,8.0000,3.0000
57.7997,1156,7.1519,8.1800,3.0042,4.9488,6.8788,0.3776,3.8407,7.0156,0.3748,9.7997,8.0000,3.0000
57.8497,1157,7.2253,8.1799,3.0042,4.9777,6.8882,0.3775,3.8699,7.0240,0.3763,9.8497,8.0000,3.0000
57.8998,1158,7.2253,8.1799,3.0042,4.9777,6.8882,0.3775,3.8699,7.0240,0.3763,9.8998,8.0000,3.0000
57.9498,1159,7.2986,8.1798,3.0042,5.0055,6.8968,0.3787,3.8988,7.0323,0.3778,9.9498,8.0000,3.0000
57.9996,1160,7.2986,8.1798,3.0042,5.0326,6.9050,0.3803,3.8988,7.0323,0.3778,9.9996,8.0000,3.0000
58.0497,1161,7.3719,8.1797,3.0042,5.0326,6.9050,0.3803,3.9279,7.0404,0.3785,10.0000,8.0497,3.0000
58.0997,1162,7.4453,8.1796,3.0042,5.0592,6.9131,0.3816,3.9575,7.0483,0.3786,10.0000,8.0997,3.0000
58.1497,1163,7.4453,8.1796,3.0042,5.0592,6.9131,0.3816,3.9575,7.0483,0.3786,10.0000,8.1497,3.0000
58.1997,1164,7.5186,8.1800,3.0041,5.0858,6.9210,0.3826,3.9878,7.0558,0.3785,10.0000,8.1997,3.0000
58.2496,1165,7.5919,8.1818,3.0041,5.1133,6.9288,0.3831,4.0191,7.0630,0.3780,10.0000,8.2496,3.0000
58.2997,1166,7.5919,8.1818,3.0041,5.1133,6.9288,0.3831,4.0191,7.0630,0.3780,10.0000,8.2997,3.0000
58.3497,1167,7.5919,8.1818,3.0041,5.1133,6.9288,0.3831,4.0191,7.0630,0.3780,10.0000,8.3497,3.0000
58.3997,1168,7.6653,8.1858,3.0041,5.1419,6.9364,0.3835,4.0506,7.0697,0.3771,10.0000,8.3997,3.0000
58.4498,1169,7.6653,8.1858,3.0041,5.1419,6.9364,0.3835,4.0506,7.0697,0.3771,10.0000,8.4498,3.0000
58.4997,1170,7.7386,8.1925,3.0041,5.1718,6.9438,0.3838,4.0812,7.0761,0.3770,10.0000,8.4997,3.0000
58.5497,1171,7.8119,8.2020,3.0041,5.2024,6.9508,0.3835,4.1104,7.0822,0.3782,10.0000,8.5497,3.0000
58.5997,1172,7.8119,8.2020,3.0041,5.2024,6.9508,0.3835,4.1104,7.0822,0.3782,10.0000,8.5997,3.0000
58.6497,1173,7.8853,8.2144,3.0041,5.2319,6.9573,0.3833,4.1387,7.0882,0.3796,10.0000,8.6497,3.0000
58.6997,1174,7.8853,8.2144,3.0041,5.2319,6.9573,0.3833,4.1387,7.0882,0.3796,10.0000,8.6997,3.0000
58.7499,1175,7.9586,8.2297,3.0041,5.2605,6.9635,0.3839,4.1666,7.0945,0.3808,10.0000,8.7499,3.0000
58.7997,1176,8.0319,8.2481,3.0041,5.2887,6.9700,0.3843,4.1945,7.1010,0.3818,10.0000,8.7997,3.0000
58.8497,1177,8.0319,8.2481,3.0041,5.2887,6.9700,0.3843,4.1945,7.1010,0.3818,10.0000,8.8497,3.0000
58.8997,1178,8.1053,8.2693,3.0041,5.3170,6.9764,0.3843,4.2229,7.1079,0.3825,10.0000,8.8997,3.0000
58.9497,1179,8.1053,8.2693,3.0041,5.3170,6.9764,0.3843,4.2229,7.1079,0.3825,10.0000,8.9497,3.0000
58.9997,1180,8.1786,8.2935,3.0041,5.3455,6.9825,0.3839,4.2522,7.1149,0.3830,10.0000,8.9997,3.0000
59.0497,1181,8.2519,8.3209,3.0041,5.3748,6.9882,0.3835,4.2823,7.1219,0.3837,10.0000,9.0497,3.0000
59.0998,1182,8.2519,8.3209,3.0041,5.3748,6.9882,0.3835,4.2823,7.1219,0.3837,10.0000,9.0998,3.0000
59.1498,1183,8.3253,8.3511,3.0040,5.4051,6.9938,0.3831,4.3126,7.1288,0.3845,10.0000,9.1498,3.0000
59.1997,1184,8.3253,8.3511,3.0040,5.4051,6.9938,0.3831,4.3126,7.1288,0.3845,10.0000,9.1997,3.0000
59.2497,1185,8.3986,8.3840,3.0040,5.4362,6.9992,0.3824,4.3427,7.1357,0.3853,10.0000,9.2497,3.0000
59.2997,1186,8.4719,8.4193,3.0040,5.4674,7.0044,0.3814,4.3724,7.1429,0.3855,10.0000,9.2997,3.0000
59.3507,1187,8.4719,8.4193,3.0040,5.4674,7.0044,0.3814,4.3724,7.1429,0.3855,10.0000,9.3507,3.0000
59.3998,1188,8.5453,8.4570,3.0040,5.4974,7.0095,0.3814,4.4013,7.1500,0.3863,10.0000,9.3998,3.0000
59.4498,1189,8.5453,8.4570,3.0040,5.4974,7.0095,0.3814,4.4013,7.1500,0.3863,10.0000,9.4498,3.0000
59.4998,1190,8.6186,8.4970,3.0040,5.5266,7.0145,0.3823,4.4297,7.1571,0.3873,10.0000,9.4998,3.0000
59.5497,1191,8.6186,8.4970,3.0040,5.5266,7.0145,0.3823,4.4297,7.1571,0.3873,10.0000,9.5497,3.0000
59.5997,1192,8.6914,8.5396,3.0040,5.5549,7.0195,0.3833,4.4581,7.1643,0.3882,10.0000,9.5997,3.0000
59.6497,1193,8.7632,8.5846,3.0040,5.5828,7.0247,0.3841,4.4866,7.1715,0.3893,10.0000,9.6497,3.0000
59.6998,1194,8.7632,8.5846,3.0040,5.5828,7.0247,0.3841,4.4866,7.1715,0.3893,10.0000,9.6998,3.0000
59.7497,1195,8.8334,8.6320,3.0040,5.6111,7.0301,0.3845,4.5155,7.1786,0.3907,10.0000,9.7497,3.0000
59.7997,1196,8.8334,8.6320,3.0040,5.6111,7.0301,0.3845,4.5155,7.1786,0.3907,10.0000,9.7997,3.0000
59.8497,1197,8.9016,8.6813,3.0040,5.6403,7.0357,0.3846,4.5450,7.1857,0.3920,10.0000,9.8497,3.0000
59.8998,1198,8.9676,8.7324,3.0040,5.6705,7.0414,0.3844,4.5749,7.1927,0.3924,10.0000,9.8998,3.0000
59.9497,1199,8.9676,8.7324,3.0040,5.6705,7.0414,0.3844,4.5749,7.1927,0.3924,10.0000,9.9497,3.0000
59.9998,1200,9.0313,8.7852,3.0040,5.7011,7.0470,0.3846,4.6046,7.1994,0.3912,10.0000,9.9998,3.0000
60.0496,1201,9.0313,8.7852,3.0040,5.7317,7.0528,0.3849,4.6046,7.1994,0.3912,9.9504,10.0000,3.0000
60.0997,1202,9.0925,8.8397,3.0039,5.7317,7.0528,0.3849,4.6332,7.2057,0.3903,9.9003,10.0000,3.0000
60.1498,1203,9.1510,8.8955,3.0039,5.7618,7.0587,0.3840,4.6608,7.2120,0.3899,9.8502,10.0000,3.0000
60.1997,1204,9.1510,8.8955,3.0039,5.7618,7.0587,0.3840,4.6608,7.2120,0.3899,9.8003,10.0000,3.0000
60.2497,1205,9.2060,8.9518,3.0039,5.7910,7.0648,0.3839,4.6879,7.2185,0.3898,9.7503,10.0000,3.0000
60.2998,1206,9.2060,8.9518,3.0039,5.7910,7.0648,0.3839,4.6879,7.2185,0.3898,9.7002,10.0000,3.0000
60.3497,1207,9.2567,9.0077,3.0039,5.8199,7.0711,0.3839,4.7151,7.2254,0.3899,9.6503,10.0000,3.0000
60.3998,1208,9.2567,9.0077,3.0039,5.8199,7.0711,0.3839,4.7151,7.2254,0.3899,9.6002,10.0000,3.0000
60.4498,1209,9.3024,9.0628,3.0039,5.8489,7.0776,0.3835,4.7426,7.2324,0.3899,9.5502,10.0000,3.0000
60.4997,1210,9.3432,9.1168,3.0039,5.8784,7.0841,0.3830,4.7709,7.2397,0.3899,9.5003,10.0000,3.0000
60.5497,1211,9.3432,9.1168,3.0039,5.8784,7.0841,0.3830,4.7709,7.2397,0.3899,9.4503,10.0000,3.0000
60.5997,1212,9.3790,9.1692,3.0039,5.9083,7.0905,0.3827,4.7997,7.2470,0.3902,9.4003,10.0000,3.0000
60.6496,1213,9.3790,9.1692,3.0039,5.9389,7.0968,0.3822,4.7997,7.2470,0.3902,9.3504,10.0000,3.0000
60.6997,1214,9.4095,9.2200,3.0039,5.9389,7.0968,0.3822,4.8288,7.2544,0.3909,9.3003,10.0000,3.0000
60.7497,1215,9.4350,9.2689,3.0039,5.9698,7.1032,0.3807,4.8575,7.2622,0.3915,9.2503,10.0000,3.0000
60.7998,1216,9.4350,9.2689,3.0039,5.9698,7.1032,0.3807,4.8575,7.2622,0.3915,9.2002,10.0000,3.0000
60.8497,1217,9.4555,9.3160,3.0039,5.9996,7.1094,0.3803,4.8865,7.2703,0.3904,9.1503,10.0000,3.0000
60.8997,1218,9.4709,9.3612,3.0039,6.0281,7.1158,0.3806,4.9150,7.2785,0.3884,9.1003,10.0000,3.0000
60.9497,1219,9.4709,9.3612,3.0039,6.0281,7.1158,0.3806,4.9150,7.2785,0.3884,9.0503,10.0000,3.0000
60.9997,1220,9.4816,9.4044,3.0039,6.0557,7.1226,0.3813,4.9428,7.2866,0.3873,9.0003,10.0000,3.0000
61.0498,1221,9.4816,9.4044,3.0039,6.0557,7.1226,0.3813,4.9428,7.2866,0.3873,8.9502,10.0000,3.0000
61.0998,1222,9.4878,9.4458,3.0039,6.0829,7.1299,0.3819,4.9705,7.2950,0.3865,8.9002,10.0000,3.0000
61.1497,1223,9.4896,9.4852,3.0038,6.1104,7.1378,0.3824,4.9984,7.3038,0.3859,8.8503,10.0000,3.0000
61.1998,1224,9.4896,9.4852,3.0038,6.1104,7.1378,0.3824,4.9984,7.3038,0.3859,8.8002,10.0000,3.0000
61.2497,1225,9.4874,9.5228,3.0038,6.1385,7.1461,0.3827,5.0268,7.3129,0.3855,8.7503,10.0000,3.0000
61.2996,1226,9.4874,9.5228,3.0038,6.1671,7.1549,0.3831,5.0268,7.3129,0.3855,8.7004,10.0000,3.0000
61.3497,1227,9.4810,9.5587,3.0038,6.1671,7.1549,0.3831,5.0556,7.3223,0.3853,8.6503,10.0000,3.0000
61.3997,1228,9.4708,9.5928,3.0038,6.1958,7.1640,0.3841,5.0844,7.3318,0.3846,8.6003,10.0000,3.0000
61.4497,1229,9.4708,9.5928,3.0038,6.1958,7.1640,0.3841,5.0844,7.3318,0.3846,8.5503,10.0000,3.0000
61.4997,1230,9.4569,9.6253,3.0038,6.2241,7.1736,0.3855,5.1119,7.3410,0.3849,8.5003,10.0000,3.0000
61.5497,1231,9.4569,9.6253,3.0038,6.2241,7.1736,0.3855,5.1119,7.3410,0.3849,8.4503,10.0000,3.0000
61.5997,1232,9.4394,9.6562,3.0038,6.2524,7.1836,0.3861,5.1381,7.3500,0.3855,8.4003,10.0000,3.0000
61.6498,1233,9.4184,9.6855,3.0038,6.2804,7.1937,0.3856,5.1638,7.3593,0.3865,8.3502,10.0000,3.0000
61.6998,1234,9.4184,9.6855,3.0038,6.2804,7.1937,0.3856,5.1638,7.3593,0.3865,8.3002,10.0000,3.0000
61.7516,1235,9.3943,9.7134,3.0038,6.3075,7.2038,0.3858,5.1892,7.3688,0.3877,8.2484,10.0000,3.0000
61.7996,1236,9.3669,9.7398,3.0038,6.3345,7.2143,0.3859,5.2148,7.3787,0.3890,8.2004,10.0000,3.0000
61.8497,1237,9.3669,9.7398,3.0038,6.3345,7.2143,0.3859,5.2148,7.3787,0.3890,8.1503,10.0000,3.0000
61.8997,1238,9.3365,9.7650,3.0038,6.3619,7.2253,0.3855,5.2406,7.3891,0.3902,8.1003,10.0000,3.0000
61.9506,1239,9.3365,9.7650,3.0038,6.3619,7.2253,0.3855,5.2406,7.3891,0.3902,8.0494,10.0000,3.0000
61.9997,1240,9.3034,9.7888,3.0038,6.3897,7.2368,0.3849,5.2668,7.3999,0.3915,8.0003,10.0000,3.0000
62.0498,1241,9.3034,9.7888,3.0038,6.4180,7.2486,0.3846,5.2938,7.4112,0.3925,7.9502,10.0000,3.0000
62.0998,1242,9.2675,9.8115,3.0038,6.4180,7.2486,0.3846,5.2938,7.4112,0.3925,7.9002,10.0000,3.0000
62.1497,1243,9.2291,9.8329,3.0038,6.4466,7.2606,0.3836,5.3203,7.4227,0.3925,7.8503,10.0000,3.0000
62.1997,1244,9.2291,9.8329,3.0038,6.4466,7.2606,0.3836,5.3203,7.4227,0.3925,7.8003,10.0000,3.0000
62.2497,1245,9.1883,9.8533,3.0038,6.4740,7.2724,0.3835,5.3470,7.4346,0.3907,7.7503,10.0000,3.0000
62.2997,1246,9.1451,9.8727,3.0037,6.5000,7.2841,0.3840,5.3737,7.4467,0.3878,7.7003,10.0000,3.0000
62.3498,1247,9.1451,9.8727,3.0037,6.5000,7.2841,0.3840,5.3737,7.4467,0.3878,7.6502,10.0000,3.0000
62.3997,1248,9.0997,9.8910,3.0037,6.5251,7.2960,0.3848,5.3996,7.4587,0.3856,7.6003,10.0000,3.0000
62.4496,1249,9.0997,9.8910,3.0037,6.5499,7.3085,0.3857,5.4250,7.4707,0.3839,7.5504,10.0000,3.0000
62.4998,1250,9.0523,9.9084,3.0037,6.5499,7.3085,0.3857,5.4250,7.4707,0.3839,7.5002,10.0000,3.0000
62.5497,1251,9.0030,9.9249,3.0037,6.5748,7.3217,0.3865,5.4503,7.4832,0.3824,7.4503,10.0000,3.0000
62.5997,1252,9.0030,9.9249,3.0037,6.5748,7.3217,0.3865,5.4503,7.4832,0.3824,7.4003,10.0000,3.0000
62.6497,1253,8.9521,9.9405,3.0037,6.6003,7.3355,0.3872,5.4759,7.4963,0.3811,7.3503,10.0000,3.0000
62.6997,1254,8.8994,9.9553,3.0037,6.6262,7.3501,0.3878,5.5020,7.5101,0.3800,7.3003,10.0000,3.0000
62.7497,1255,8.8994,9.9553,3.0037,6.6262,7.3501,0.3878,5.5020,7.5101,0.3800,7.2503,10.0000,3.0000
62.7997,1256,8.8450,9.9694,3.0037,6.6520,7.3651,0.3886,5.5285,7.5245,0.3792,7.2003,10.0000,3.0000
62.8498,1257,8.8450,9.9694,3.0037,6.6520,7.3651,0.3886,5.5285,7.5245,0.3792,7.1502,10.0000,3.0000
62.8997,1258,8.7892,9.9827,3.0037,6.6775,7.3808,0.3887,5.5545,7.5389,0.3795,7.1003,10.0000,3.0000
62.9497,1259,8.7317,9.9953,3.0037,6.7031,7.3968,0.3871,5.5790,7.5529,0.3804,7.0503,10.0000,3.0000
62.9998,1260,8.7317,9.9953,3.0037,6.7031,7.3968,0.3871,5.5790,7.5529,0.3804,7.0002,10.0000,3.0000
63.0497,1261,8.6728,10.0073,3.0037,6.7283,7.4130,0.3847,5.6026,7.5666,0.3816,6.9503,10.0000,3.0000
63.0998,1262,8.6728,10.0073,3.0037,6.7283,7.4130,0.3847,5.6026,7.5666,0.3816,6.9002,10.0000,3.0000
63.1497,1263,8.6126,10.0186,3.0037,6.7527,7.4290,0.3833,5.6257,7.5803,0.3832,6.8503,10.0000,3.0000
63.1997,1264,8.5512,10.0293,3.0037,6.7768,7.4453,0.3823,5.6485,7.5941,0.3850,6.8003,10.0000,3.0000
63.2498,1265,8.5512,10.0293,3.0037,6.7768,7.4453,0.3823,5.6485,7.5941,0.3850,6.7502,10.0000,3.0000
63.2998,1266,8.4888,10.0395,3.0037,6.8007,7.4622,0.3813,5.6714,7.6081,0.3868,6.7002,10.0000,3.0000
63.3497,1267,8.4252,10.0491,3.0037,6.8248,7.4799,0.3805,5.6946,7.6225,0.3886,6.6503,10.0000,3.0000
63.3997,1268,8.4252,10.0491,3.0037,6.8248,7.4799,0.3805,5.6946,7.6225,0.3886,6.6003,10.0000,3.0000
63.4497,1269,8.3605,10.0583,3.0036,6.8493,7.4983,0.3797,5.7178,7.6373,0.3900,6.5503,10.0000,3.0000
63.4997,1270,8.3605,10.0583,3.0036,6.8493,7.4983,0.3797,5.7178,7.6373,0.3900,6.5003,10.0000,3.0000
63.5498,1271,8.2949,10.0669,3.0036,6.8735,7.5170,0.3796,5.7408,7.6523,0.3908,6.4502,10.0000,3.0000
63.5997,1272,8.2281,10.0751,3.0036,6.8961,7.5349,0.3802,5.7635,7.6676,0.3904,6.4003,10.0000,3.0000
63.6497,1273,8.2281,10.0751,3.0036,6.8961,7.5349,0.3802,5.7635,7.6676,0.3904,6.3503,10.0000,3.0000
63.6997,1274,8.1604,10.0828,3.0036,6.9175,7.5523,0.3814,5.7864,7.6834,0.3884,6.3003,10.0000,3.0000
63.7497,1275,8.1604,10.0828,3.0036,6.9175,7.5523,0.3814,5.7864,7.6834,0.3884,6.2503,10.0000,3.0000
63.7998,1276,8.0919,10.0902,3.0036,6.9383,7.5698,0.3828,5.8092,7.6995,0.3852,6.2002,10.0000,3.0000
63.8497,1277,8.0223,10.0971,3.0036,6.9589,7.5875,0.3843,5.8311,7.7155,0.3829,6.1503,10.0000,3.0000
63.8997,1278,8.0223,10.0971,3.0036,6.9589,7.5875,0.3843,5.8311,7.7155,0.3829,6.1003,10.0000,3.0000
63.9498,1279,7.9520,10.1037,3.0036,6.9793,7.6056,0.3858,5.8523,7.7317,0.3813,6.0502,10.0000,3.0000
63.9997,1280,7.8810,10.1099,3.0036,6.9998,7.6241,0.3875,5.8732,7.7484,0.3800,6.0003,10.0000,3.0000
64.0498,1281,7.8810,10.1099,3.0036,6.9998,7.6241,0.3875,5.8732,7.7484,0.3800,5.9502,10.0000,3.0000
64.0997,1282,7.8094,10.1158,3.0036,7.0204,7.6431,0.3888,5.8941,7.7661,0.3786,5.9003,10.0000,3.0000
64.1497,1283,7.8094,10.1158,3.0036,7.0204,7.6431,0.3888,5.8941,7.7661,0.3786,5.8503,10.0000,3.0000
64.1997,1284,7.7374,10.1214,3.0036,7.0408,7.6623,0.3896,5.9150,7.7847,0.3775,5.8003,10.0000,3.0000
64.2496,1285,7.6651,10.1266,3.0036,7.0606,7.6819,0.3896,5.9362,7.8044,0.3764,5.7504,10.0000,3.0000
64.2997,1286,7.6651,10.1266,3.0036,7.0606,7.6819,0.3896,5.9362,7.8044,0.3764,5.7003,10.0000,3.0000
64.3498,1287,7.5925,10.1316,3.0036,7.0805,7.7020,0.3882,5.9568,7.8245,0.3766,5.6502,10.0000,3.0000
64.3998,1288,7.5925,10.1316,3.0036,7.0805,7.7020,0.3882,5.9568,7.8245,0.3766,5.6002,10.0000,3.0000
64.4497,1289,7.5197,10.1363,3.0036,7.1000,7.7223,0.3858,5.9758,7.8442,0.3768,5.5503,10.0000,3.0000
64.4997,1290,7.5197,10.1363,3.0036,7.1000,7.7223,0.3858,5.9758,7.8442,0.3768,5.5003,10.0000,3.0000
64.5497,1291,7.4468,10.1408,3.0036,7.1186,7.7424,0.3842,5.9935,7.8633,0.3762,5.4503,10.0000,3.0000
64.5997,1292,7.4468,10.1408,3.0036,7.1186,7.7424,0.3842,5.9935,7.8633,0.3762,5.4003,10.0000,3.0000
64.6497,1293,7.3738,10.1450,3.0036,7.1366,7.7628,0.3831,6.0101,7.8823,0.3762,5.3503,10.0000,3.0000
64.6996,1294,7.3007,10.1489,3.0035,7.1543,7.7838,0.3821,6.0262,7.9014,0.3764,5.3004,10.0000,3.0000
64.7497,1295,7.3007,10.1489,3.0035,7.1543,7.7838,0.3821,6.0262,7.9014,0.3764,5.2503,10.0000,3.0000
64.7997,1296,7.2276,10.1527,3.0035,7.1720,7.8056,0.3811,6.0419,7.9208,0.3767,5.2003,10.0000,3.0000
64.8497,1297,7.2276,10.1527,3.0035,7.1720,7.8056,0.3811,6.0419,7.9208,0.3767,5.1503,10.0000,3.0000
64.8997,1298,7.1544,10.1562,3.0035,7.1895,7.8283,0.3803,6.0572,7.9407,0.3768,5.1003,10.0000,3.0000
64.9498,1299,7.0811,10.1596,3.0035,7.2066,7.8515,0.3806,6.0721,7.9613,0.3767,5.0502,10.0000,3.0000
64.9998,1300,7.0811,10.1596,3.0035,7.2066,7.8515,0.3806,6.0721,7.9613,0.3767,5.0002,10.0000,3.0000
65.0497,1301,7.0079,10.1627,3.0035,7.2225,7.8741,0.3813,6.0861,7.9824,0.3761,4.9503,10.0000,3.0000
65.0999,1302,7.0079,10.1627,3.0035,7.2372,7.8958,0.3808,6.0861,7.9824,0.3761,4.9001,10.0000,3.0000
65.1498,1303,6.9346,10.1657,3.0035,7.2372,7.8958,0.3808,6.0992,8.0042,0.3756,4.8502,10.0000,3.0000
65.1998,1304,6.8613,10.1685,3.0035,7.2508,7.9171,0.3804,6.1113,8.0267,0.3760,4.8002,10.0000,3.0000
65.2497,1305,6.8613,10.1685,3.0035,7.2508,7.9171,0.3804,6.1113,8.0267,0.3760,4.7503,10.0000,3.0000
65.2998,1306,6.7880,10.1712,3.0035,7.2638,7.9383,0.3797,6.1228,8.0498,0.3757,4.7002,10.0000,3.0000
65.3497,1307,6.7880,10.1712,3.0035,7.2638,7.9383,0.3797,6.1228,8.0498,0.3757,4.6503,10.0000,3.0000
65.3997,1308,6.7147,10.1737,3.0035,7.2762,7.9597,0.3789,6.1338,8.0729,0.3739,4.6003,10.0000,3.0000
65.4497,1309,6.6414,10.1760,3.0035,7.2880,7.9814,0.3779,6.1439,8.0959,0.3723,4.5503,10.0000,3.0000
65.4997,1310,6.6414,10.1760,3.0035,7.2880,7.9814,0.3779,6.1439,8.0959,0.3723,4.5003,10.0000,3.0000
65.5498,1311,6.5681,10.1782,3.0035,7.2993,8.0035,0.3767,6.1533,8.1188,0.3714,4.4502,10.0000,3.0000
65.5997,1312,6.5681,10.1782,3.0035,7.2993,8.0035,0.3767,6.1533,8.1188,0.3714,4.4003,10.0000,3.0000
65.6497,1313,6.4947,10.1803,3.0035,7.3095,8.0258,0.3765,6.1619,8.1419,0.3709,4.3503,10.0000,3.0000
65.6997,1314,6.4214,10.1823,3.0035,7.3185,8.0489,0.3770,6.1698,8.1655,0.3702,4.3003,10.0000,3.0000
65.7498,1315,6.4214,10.1823,3.0035,7.3185,8.0489,0.3770,6.1698,8.1655,0.3702,4.2502,10.0000,3.0000
65.7997,1316,6.3481,10.1841,3.0035,7.3269,8.0728,0.3767,6.1770,8.1899,0.3692,4.2003,10.0000,3.0000
65.8497,1317,6.3481,10.1841,3.0035,7.3269,8.0728,0.3767,6.1770,8.1899,0.3692,4.1503,10.0000,3.0000
65.8997,1318,6.2748,10.1859,3.0034,7.3345,8.0965,0.3751,6.1834,8.2154,0.3684,4.1003,10.0000,3.0000
65.9497,1319,6.2748,10.1859,3.0034,7.3345,8.0965,0.3751,6.1834,8.2154,0.3684,4.0503,10.0000,3.0000
65.9997,1320,6.2014,10.1875,3.0034,7.3409,8.1198,0.3743,6.1886,8.2411,0.3681,4.0003,10.0000,3.0000
66.0496,1321,6.1281,10.1890,3.0034,7.3462,8.1434,0.3736,6.1920,8.2663,0.3684,3.9504,10.0000,3.0000
66.0997,1322,6.1281,10.1890,3.0034,7.3462,8.1434,0.3736,6.1920,8.2663,0.3684,3.9003,10.0000,3.0000
66.1497,1323,6.0548,10.1904,3.0034,7.3505,8.1676,0.3730,6.1940,8.2907,0.3685,3.8503,10.0000,3.0000
66.1997,1324,6.0548,10.1904,3.0034,7.3505,8.1676,0.3730,6.1940,8.2907,0.3685,3.8003,10.0000,3.0000
66.2497,1325,5.9814,10.1918,3.0034,7.3537,8.1924,0.3724,6.1948,8.3140,0.3674,3.7503,10.0000,3.0000
66.2998,1326,5.9814,10.1918,3.0034,7.3537,8.1924,0.3724,6.1948,8.3140,0.3674,3.7002,10.0000,3.0000
66.3497,1327,5.9081,10.1930,3.0034,7.3558,8.2180,0.3718,6.1946,8.3363,0.3659,3.6503,10.0000,3.0000
66.3996,1328,5.9081,10.1930,3.0034,7.3565,8.2438,0.3724,6.1946,8.3363,0.3659,3.6004,10.0000,3.0000
66.4498,1329,5.8348,10.1942,3.0034,7.3565,8.2438,0.3724,6.1933,8.3578,0.3645,3.5502,10.0000,3.0000
66.4996,1330,5.7614,10.1953,3.0034,7.3556,8.2692,0.3736,6.1910,8.3794,0.3632,3.5004,10.0000,3.0000
66.5497,1331,5.7614,10.1953,3.0034,7.3556,8.2692,0.3736,6.1910,8.3794,0.3632,3.4503,10.0000,3.0000
66.5998,1332,5.6881,10.1963,3.0034,7.3536,8.2934,0.3739,6.1876,8.4013,0.3619,3.4002,10.0000,3.0000
66.6497,1333,5.6881,10.1963,3.0034,7.3536,8.2934,0.3739,6.1876,8.4013,0.3619,3.3503,10.0000,3.0000
66.6998,1334,5.6148,10.1973,3.0034,7.3505,8.3162,0.3729,6.1827,8.4235,0.3606,3.3002,10.0000,3.0000
66.7498,1335,5.6148,10.1973,3.0034,7.3463,8.3378,0.3709,6.1763,8.4461,0.3591,3.2502,10.0000,3.0000
66.7998,1336,5.5414,10.1982,3.0034,7.3463,8.3378,0.3709,6.1763,8.4461,0.3591,3.2002,10.0000,3.0000
66.8496,1337,5.4681,10.1990,3.0034,7.3412,8.3584,0.3678,6.1684,8.4693,0.3574,3.1504,10.0000,3.0000
66.8998,1338,5.4681,10.1990,3.0034,7.3412,8.3584,0.3678,6.1684,8.4693,0.3574,3.1002,10.0000,3.0000
66.9497,1339,5.3948,10.1998,3.0034,7.3352,8.3788,0.3644,6.1592,8.4926,0.3554,3.0503,10.0000,3.0000
66.9997,1340,5.3948,10.1998,3.0034,7.3352,8.3788,0.3644,6.1592,8.4926,0.3554,3.0003,10.0000,3.0000
67.0497,1341,5.3214,10.2005,3.0034,7.3281,8.3996,0.3615,6.1487,8.5152,0.3547,2.9503,10.0000,3.0000
67.0997,1342,5.3214,10.2005,3.0034,7.3281,8.3996,0.3615,6.1487,8.5152,0.3547,2.9003,10.0000,3.0000
67.1498,1343,5.2481,10.2011,3.0034,7.3195,8.4203,0.3590,6.1374,8.5364,0.3548,2.8502,10.0000,3.0000
67.1997,1344,5.2481,10.2011,3.0034,7.3195,8.4203,0.3590,6.1374,8.5364,0.3548,2.8003,10.0000,3.0000
67.2498,1345,5.1748,10.2018,3.0034,7.3090,8.4410,0.3559,6.1257,8.5572,0.3550,2.7502,10.0000,3.0000
67.2998,1346,5.1014,10.2023,3.0033,7.2967,8.4616,0.3527,6.1137,8.5773,0.3557,2.7002,10.0000,3.0000
67.3497,1347,5.1014,10.2023,3.0033,7.2967,8.4616,0.3527,6.1137,8.5773,0.3557,2.6503,10.0000,3.0000
67.3997,1348,5.0281,10.2028,3.0033,7.2827,8.4822,0.3503,6.1013,8.5971,0.3566,2.6003,10.0000,3.0000
67.4497,1349,5.0281,10.2028,3.0033,7.2827,8.4822,0.3503,6.1013,8.5971,0.3566,2.5503,10.0000,3.0000
67.4997,1350,4.9548,10.2033,3.0033,7.2680,8.5019,0.3481,6.0885,8.6168,0.3578,2.5003,10.0000,3.0000
67.5498,1351,4.9548,10.2033,3.0033,7.2680,8.5019,0.3481,6.0885,8.6168,0.3578,2.4502,10.0000,3.0000
67.5998,1352,4.8814,10.2037,3.0033,7.2528,8.5212,0.3465,6.0751,8.6364,0.3586,2.4002,10.0000,3.0000
67.6498,1353,4.8814,10.2037,3.0033,7.2528,8.5212,0.3465,6.0751,8.6364,0.3586,2.3502,10.0000,3.0000
67.6997,1354,4.8081,10.2041,3.0033,7.2372,8.5404,0.3450,6.0605,8.6558,0.3594,2.3003,10.0000,3.0000
67.7497,1355,4.7348,10.2045,3.0033,7.2210,8.5594,0.3438,6.0448,8.6749,0.3604,2.2503,10.0000,3.0000
67.7997,1356,4.7348,10.2045,3.0033,7.2210,8.5594,0.3438,6.0448,8.6749,0.3604,2.2003,10.0000,3.0000
67.8497,1357,4.6614,10.2048,3.0033,7.2042,8.5779,0.3430,6.0279,8.6930,0.3618,2.1503,10.0000,3.0000
67.8997,1358,4.6614,10.2048,3.0033,7.2042,8.5779,0.3430,6.0279,8.6930,0.3618,2.1003,10.0000,3.0000
67.9498,1359,4.5881,10.2051,3.0033,7.1867,8.5959,0.3420,6.0106,8.7103,0.3625,2.0502,10.0000,3.0000
67.9996,1360,4.5148,10.2053,3.0033,7.1681,8.6138,0.3406,5.9930,8.7266,0.3630,2.0004,10.0000,3.0000
68.0497,1361,4.5148,10.2053,3.0033,7.1681,8.6138,0.3406,5.9930,8.7266,0.3630,1.9503,10.0000,3.0000
68.0997,1362,4.4414,10.2056,3.0033,7.1481,8.6317,0.3394,5.9751,8.7419,0.3635,1.9003,10.0000,3.0000
68.1498,1363,4.4414,10.2056,3.0033,7.1481,8.6317,0.3394,5.9751,8.7419,0.3635,1.8502,10.0000,3.0000
68.1997,1364,4.3681,10.2058,3.0033,7.1266,8.6493,0.3388,5.9563,8.7567,0.3637,1.8003,10.0000,3.0000
68.2497,1365,4.3681,10.2058,3.0033,7.1266,8.6493,0.3388,5.9563,8.7567,0.3637,1.7503,10.0000,3.0000
68.2997,1366,4.2948,10.2059,3.0033,7.1045,8.6655,0.3394,5.9362,8.7714,0.3635,1.7003,10.0000,3.0000
68.3497,1367,4.2948,10.2059,3.0033,7.1045,8.6655,0.3394,5.9362,8.7714,0.3635,1.6503,10.0000,3.0000
68.3997,1368,4.2214,10.2061,3.0033,7.0826,8.6807,0.3404,5.9145,8.7864,0.3627,1.6003,10.0000,3.0000
68.4498,1369,4.1481,10.2062,3.0033,7.0612,8.6952,0.3410,5.8915,8.8015,0.3610,1.5502,10.0000,3.0000
68.4998,1370,4.1481,10.2062,3.0033,7.0612,8.6952,0.3410,5.8915,8.8015,0.3610,1.5002,10.0000,3.0000
68.5497,1371,4.0748,10.2063,3.0033,7.0399,8.7095,0.3415,5.8680,8.8160,0.3596,1.4503,10.0000,3.0000
68.5997,1372,4.0748,10.2063,3.0033,7.0399,8.7095,0.3415,5.8680,8.8160,0.3596,1.4003,10.0000,3.0000
68.6497,1373,4.0014,10.2064,3.0033,7.0184,8.7237,0.3418,5.8450,8.8294,0.3593,1.3503,10.0000,3.0000
68.6997,1374,4.0014,10.2064,3.0033,7.0184,8.7237,0.3418,5.8450,8.8294,0.3593,1.3003,10.0000,3.0000
68.7497,1375,3.9281,10.2064,3.0032,6.9961,8.7377,0.3424,5.8224,8.8421,0.3595,1.2503,10.0000,3.0000
68.7997,1376,3.8548,10.2065,3.0032,6.9728,8.7513,0.3435,5.7998,8.8543,0.3601,1.2003,10.0000,3.0000
68.8497,1377,3.8548,10.2065,3.0032,6.9728,8.7513,0.3435,5.7998,8.8543,0.3601,1.1503,10.0000,3.0000
68.8998,1378,3.7814,10.2065,3.0032,6.9483,8.7650,0.3453,5.7775,8.8663,0.3610,1.1002,10.0000,3.0000
68.9497,1379,3.7814,10.2065,3.0032,6.9483,8.7650,0.3453,5.7775,8.8663,0.3610,1.0503,10.0000,3.0000
68.9997,1380,3.7081,10.2065,3.0032,6.9227,8.7785,0.3478,5.7552,8.8781,0.3619,1.0003,10.0000,3.0000
69.0497,1381,3.7081,10.2065,3.0032,6.9227,8.7785,0.3478,5.7552,8.8781,0.3619,0.9503,10.0000,3.0000
69.0997,1382,3.6348,10.2065,3.0032,6.8964,8.7919,0.3508,5.7329,8.8896,0.3626,0.9003,10.0000,3.0000
69.1497,1383,3.6348,10.2065,3.0032,6.8964,8.7919,0.3508,5.7329,8.8896,0.3626,0.8503,10.0000,3.0000
69.1998,1384,3.5614,10.2065,3.0032,6.8700,8.8050,0.3530,5.7101,8.9013,0.3629,0.8002,10.0000,3.0000
69.2497,1385,3.4881,10.2064,3.0032,6.8439,8.8179,0.3553,5.6864,8.9132,0.3629,0.7503,10.0000,3.0000
69.2999,1386,3.4881,10.2064,3.0032,6.8439,8.8179,0.3553,5.6864,8.9132,0.3629,0.7001,10.0000,3.0000
69.3497,1387,3.4148,10.2064,3.0032,6.8181,8.8306,0.3575,5.6613,8.9252,0.3627,0.6503,10.0000,3.0000
69.3997,1388,3.4148,10.2064,3.0032,6.8181,8.8306,0.3575,5.6613,8.9252,0.3627,0.6003,10.0000,3.0000
69.4497,1389,3.3414,10.2063,3.0032,6.7928,8.8430,0.3589,5.6359,8.9366,0.3629,0.5503,10.0000,3.0000
69.4997,1390,3.3414,10.2063,3.0032,6.7928,8.8430,0.3589,5.6359,8.9366,0.3629,0.5003,10.0000,3.0000
69.5497,1391,3.2681,10.2062,3.0032,6.7677,8.8552,0.3596,5.6112,8.9471,0.3625,0.4503,10.0000,3.0000
69.5997,1392,3.2681,10.2062,3.0032,6.7677,8.8552,0.3596,5.6112,8.9471,0.3625,0.4003,10.0000,3.0000
69.6497,1393,3.1948,10.2061,3.0032,6.7424,8.8674,0.3598,5.5872,8.9569,0.3623,0.3503,10.0000,3.0000
69.6997,1394,3.1948,10.2061,3.0032,6.7424,8.8674,0.3598,5.5872,8.9569,0.3623,0.3003,10.0000,3.0000
69.7497,1395,3.1214,10.2060,3.0032,6.7163,8.8797,0.3598,5.5639,8.9665,0.3622,0.2503,10.0000,3.0000
69.7996,1396,3.0481,10.2059,3.0032,6.6891,8.8922,0.3599,5.5408,8.9760,0.3622,0.2004,10.0000,3.0000
69.8498,1397,3.0481,10.2059,3.0032,6.6891,8.8922,0.3599,5.5408,8.9760,0.3622,0.1502,10.0000,3.0000
69.8998,1398,2.9748,10.2058,3.0032,6.6614,8.9046,0.3607,5.5174,8.9854,0.3624,0.1002,10.0000,3.0000
69.9498,1399,2.9748,10.2058,3.0032,6.6614,8.9046,0.3607,5.5174,8.9854,0.3624,0.0502,10.0000,3.0000
69.9997,1400,2.9014,10.2056,3.0032,6.6341,8.9159,0.3624,5.4934,8.9945,0.3631,0.0003,10.0000,3.0000
