t,step,drone_x,drone_y,drone_z,dog0_x,dog0_y,dog0_z,dog1_x,dog1_y,dog1_z,target_x,target_y,target_z
0.0520,1,0.0000,0.0000,2.4940,1.2560,-0.0052,0.4179,-1.2508,-0.0080,0.4184,0.0520,0.0000,3.0000
0.0997,2,0.0000,0.0000,2.4940,1.2560,-0.0052,0.4179,-1.2508,-0.0080,0.4184,0.0997,0.0000,3.0000
0.1497,3,0.0003,0.0000,2.4872,1.2558,-0.0052,0.4179,-1.2510,-0.0080,0.4184,0.1497,0.0000,3.0000
0.1997,4,0.0003,0.0000,2.4872,1.2555,-0.0044,0.4186,-1.2510,-0.0080,0.4184,0.1997,0.0000,3.0000
0.2497,5,0.0015,0.0000,2.4884,1.2555,-0.0044,0.4186,-1.2502,-0.0083,0.4180,0.2497,0.0000,3.0000
0.2998,6,0.0043,0.0000,2.4976,1.2545,-0.0024,0.4195,-1.2479,-0.0090,0.4170,0.2998,0.0000,3.0000
0.3497,7,0.0043,0.0000,2.4976,1.2545,-0.0024,0.4195,-1.2479,-0.0090,0.4170,0.3497,0.0000,3.0000
0.3997,8,0.0091,0.0000,2.5138,1.2526,0.0004,0.4189,-1.2444,-0.0102,0.4153,0.3997,0.0000,3.0000
0.4497,9,0.0091,0.0000,2.5138,1.2526,0.0004,0.4189,-1.2444,-0.0102,0.4153,0.4497,0.0000,3.0000
0.4997,10,0.0164,0.0000,2.5349,1.2499,0.0037,0.4157,-1.2401,-0.0116,0.4126,0.4997,0.0000,3.0000
0.5497,11,0.0264,0.0000,2.5593,1.2469,0.0067,0.4088,-1.2351,-0.0133,0.4089,0.5497,0.0000,3.0000
0.5997,12,0.0264,0.0000,2.5593,1.2469,0.0067,0.4088,-1.2351,-0.0133,0.4089,0.5997,0.0000,3.0000
0.6497,13,0.0390,0.0000,2.5858,1.2440,0.0098,0.3992,-1.2292,-0.0151,0.4052,0.6497,0.0000,3.0000
0.6996,14,0.0547,0.0000,2.6134,1.2411,0.0126,0.3861,-1.2219,-0.0167,0.4027,0.6996,0.0000,3.0000
0.7497,15,0.0547,0.0000,2.6134,1.2411,0.0126,0.3861,-1.2219,-0.0167,0.4027,0.7497,0.0000,3.0000
0.7997,16,0.0735,0.0000,2.6414,1.2393,0.0144,0.3722,-1.2134,-0.0182,0.4008,0.7997,0.0000,3.0000
0.8498,17,0.0735,0.0000,2.6414,1.2393,0.0144,0.3722,-1.2134,-0.0182,0.4008,0.8498,0.0000,3.0000
0.8997,18,0.0954,0.0000,2.6691,1.2373,0.0155,0.3598,-1.2042,-0.0195,0.3987,0.8997,0.0000,3.0000
0.9496,19,0.1201,0.0000,2.6961,1.2349,0.0163,0.3489,-1.1948,-0.0207,0.3953,0.9496,0.0000,3.0000
0.9997,20,0.1201,0.0000,2.6961,1.2349,0.0163,0.3489,-1.1948,-0.0207,0.3953,0.9997,0.0000,3.0000
1.0497,21,0.1475,0.0000,2.7222,1.2318,0.0169,0.3395,-1.1850,-0.0215,0.3917,1.0497,0.0000,3.0000
1.0997,22,0.1475,0.0000,2.7222,1.2287,0.0180,0.3322,-1.1850,-0.0215,0.3917,1.0997,0.0000,3.0000
1.1497,23,0.1776,0.0000,2.7471,1.2287,0.0180,0.3322,-1.1749,-0.0220,0.3877,1.1497,0.0000,3.0000
1.1997,24,0.2100,0.0000,2.7706,1.2255,0.0190,0.3263,-1.1648,-0.0221,0.3838,1.1997,0.0000,3.0000
1.2497,25,0.2100,0.0000,2.7706,1.2255,0.0190,0.3263,-1.1648,-0.0221,0.3838,1.2497,0.0000,3.0000
1.2997,26,0.2448,0.0000,2.7926,1.2221,0.0192,0.3209,-1.1547,-0.0218,0.3800,1.2997,0.0000,3.0000
1.3496,27,0.2820,0.0000,2.8132,1.2188,0.0192,0.3167,-1.1446,-0.0212,0.3763,1.3496,0.0000,3.0000
1.3997,28,0.2820,0.0000,2.8132,1.2188,0.0192,0.3167,-1.1446,-0.0212,0.3763,1.3997,0.0000,3.0000
1.4497,29,0.3215,0.0000,2.8324,1.2156,0.0190,0.3168,-1.1343,-0.0205,0.3730,1.4497,0.0000,3.0000
1.4997,30,0.3215,0.0000,2.8324,1.2156,0.0190,0.3168,-1.1343,-0.0205,0.3730,1.4997,0.0000,3.0000
1.5497,31,0.3632,0.0000,2.8501,1.2128,0.0181,0.3187,-1.1235,-0.0203,0.3694,1.5497,0.0000,3.0000
1.5998,32,0.4068,0.0000,2.8664,1.2104,0.0171,0.3197,-1.1124,-0.0209,0.3643,1.5998,0.0000,3.0000
1.6497,33,0.4068,0.0000,2.8664,1.2104,0.0171,0.3197,-1.1124,-0.0209,0.3643,1.6497,0.0000,3.0000
1.6997,34,0.4523,0.0000,2.8813,1.2087,0.0163,0.3195,-1.1003,-0.0221,0.3588,1.6997,0.0000,3.0000
1.7497,35,0.4995,0.0000,2.8950,1.2077,0.0159,0.3181,-1.0874,-0.0237,0.3529,1.7497,0.0000,3.0000
1.7997,36,0.4995,0.0000,2.8950,1.2077,0.0159,0.3181,-1.0874,-0.0237,0.3529,1.7997,0.0000,3.0000
1.8497,37,0.5483,0.0000,2.9075,1.2077,0.0162,0.3159,-1.0739,-0.0257,0.3460,1.8497,0.0000,3.0000
1.8996,38,0.5989,0.0000,2.9188,1.2084,0.0165,0.3129,-1.0593,-0.0283,0.3385,1.8996,0.0000,3.0000
1.9497,39,0.5989,0.0000,2.9188,1.2084,0.0165,0.3129,-1.0593,-0.0283,0.3385,1.9497,0.0000,3.0000
1.9997,40,0.6512,0.0000,2.9292,1.2097,0.0166,0.3092,-1.0441,-0.0318,0.3322,1.9997,0.0000,3.0000
2.0496,41,0.7049,0.0000,2.9385,1.2113,0.0165,0.3060,-1.0281,-0.0358,0.3284,2.0496,0.0000,3.0000
2.0997,42,0.7049,0.0000,2.9385,1.2113,0.0165,0.3060,-1.0281,-0.0358,0.3284,2.0997,0.0000,3.0000
2.1497,43,0.7601,0.0000,2.9469,1.2134,0.0164,0.3033,-1.0114,-0.0397,0.3253,2.1497,0.0000,3.0000
2.1997,44,0.7601,0.0000,2.9469,1.2134,0.0164,0.3033,-1.0114,-0.0397,0.3253,2.1997,0.0000,3.0000
2.2497,45,0.8165,0.0000,2.9545,1.2162,0.0164,0.3008,-0.9943,-0.0434,0.3223,2.2497,0.0000,3.0000
2.2998,46,0.8741,0.0000,2.9614,1.2198,0.0163,0.2986,-0.9769,-0.0471,0.3196,2.2998,0.0000,3.0000
2.3497,47,0.8741,0.0000,2.9614,1.2198,0.0163,0.2986,-0.9769,-0.0471,0.3196,2.3497,0.0000,3.0000
2.3997,48,0.9328,0.0000,2.9676,1.2240,0.0158,0.2963,-0.9593,-0.0508,0.3178,2.3997,0.0000,3.0000
2.4497,49,0.9925,0.0000,2.9731,1.2285,0.0148,0.2940,-0.9411,-0.0544,0.3165,2.4497,0.0000,3.0000
2.4997,50,0.9925,0.0000,2.9731,1.2285,0.0148,0.2940,-0.9411,-0.0544,0.3165,2.4997,0.0000,3.0000
2.5497,51,1.0532,0.0000,2.9781,1.2331,0.0135,0.2921,-0.9221,-0.0581,0.3152,2.5497,0.0000,3.0000
2.5996,52,1.1151,0.0000,2.9825,1.2375,0.0116,0.2906,-0.9023,-0.0617,0.3140,2.5996,0.0000,3.0000
2.6497,53,1.1151,0.0000,2.9825,1.2375,0.0116,0.2906,-0.9023,-0.0617,0.3140,2.6497,0.0000,3.0000
2.6997,54,1.1780,0.0000,2.9865,1.2419,0.0092,0.2891,-0.8818,-0.0656,0.3146,2.6997,0.0000,3.0000
2.7496,55,1.2419,0.0000,2.9900,1.2466,0.0064,0.2876,-0.8600,-0.0694,0.3170,2.7496,0.0000,3.0000
2.7998,56,1.2419,0.0000,2.9900,1.2466,0.0064,0.2876,-0.8600,-0.0694,0.3170,2.7998,0.0000,3.0000
2.8497,57,1.3066,0.0000,2.9932,1.2521,0.0035,0.2859,-0.8372,-0.0732,0.3197,2.8497,0.0000,3.0000
2.8997,58,1.3721,0.0000,2.9960,1.2584,0.0012,0.2845,-0.8138,-0.0767,0.3235,2.8997,0.0000,3.0000
2.9497,59,1.3721,0.0000,2.9960,1.2584,0.0012,0.2845,-0.8138,-0.0767,0.3235,2.9497,0.0000,3.0000
2.9997,60,1.4383,0.0000,2.9986,1.2650,-0.0006,0.2839,-0.7905,-0.0800,0.3274,2.9997,0.0000,3.0000
3.0497,61,1.5052,0.0000,3.0008,1.2698,-0.0046,0.2834,-0.7673,-0.0832,0.3314,3.0497,0.0000,3.0000
3.0997,62,1.5052,0.0000,3.0008,1.2698,-0.0046,0.2834,-0.7673,-0.0832,0.3314,3.0997,0.0000,3.0000
3.1497,63,1.5727,0.0000,3.0028,1.2733,-0.0098,0.2843,-0.7439,-0.0862,0.3348,3.1497,0.0000,3.0000
3.1996,64,1.6407,0.0000,3.0045,1.2775,-0.0143,0.2875,-0.7198,-0.0890,0.3374,3.1996,0.0000,3.0000
3.2497,65,1.6407,0.0000,3.0045,1.2775,-0.0143,0.2875,-0.7198,-0.0890,0.3374,3.2497,0.0000,3.0000
3.2997,66,1.7093,0.0000,3.0061,1.2839,-0.0178,0.2919,-0.6952,-0.0917,0.3397,3.2997,0.0000,3.0000
3.3497,67,1.7784,0.0000,3.0075,1.2924,-0.0203,0.2952,-0.6698,-0.0944,0.3417,3.3497,0.0000,3.0000
3.3997,68,1.7784,0.0000,3.0075,1.2924,-0.0203,0.2952,-0.6698,-0.0944,0.3417,3.3997,0.0000,3.0000
3.4497,69,1.8479,0.0000,3.0087,1.2988,-0.0233,0.2948,-0.6434,-0.0971,0.3436,3.4497,0.0000,3.0000
3.4997,70,1.8479,0.0000,3.0087,1.2988,-0.0233,0.2948,-0.6434,-0.0971,0.3436,3.4997,0.0000,3.0000
3.5497,71,1.9179,0.0000,3.0098,1.3046,-0.0265,0.2901,-0.6161,-0.0998,0.3457,3.5497,0.0000,3.0000
3.5997,72,1.9882,0.0000,3.0107,1.3102,-0.0297,0.2807,-0.5889,-0.1025,0.3497,3.5997,0.0000,3.0000
3.6497,73,1.9882,0.0000,3.0107,1.3102,-0.0297,0.2807,-0.5889,-0.1025,0.3497,3.6497,0.0000,3.0000
3.6997,74,2.0589,0.0000,3.0116,1.3182,-0.0328,0.2693,-0.5628,-0.1048,0.3549,3.6997,0.0000,3.0000
3.7497,75,2.0589,0.0000,3.0116,1.3182,-0.0328,0.2693,-0.5628,-0.1048,0.3549,3.7497,0.0000,3.0000
3.7997,76,2.1302,0.0000,3.0123,1.3275,-0.0369,0.2601,-0.5372,-0.1069,0.3597,3.7997,0.0000,3.0000
3.8497,77,2.1302,0.0000,3.0123,1.3275,-0.0369,0.2601,-0.5372,-0.1069,0.3597,3.8497,0.0000,3.0000
3.8997,78,2.2020,0.0000,3.0130,1.3346,-0.0421,0.2546,-0.5117,-0.1086,0.3642,3.8997,0.0000,3.0000
3.9497,79,2.2742,0.0000,3.0135,1.3403,-0.0479,0.2511,-0.4862,-0.1102,0.3683,3.9497,0.0000,3.0000
3.9998,80,2.2742,0.0000,3.0135,1.3403,-0.0479,0.2511,-0.4862,-0.1102,0.3683,3.9998,0.0000,3.0000
4.0497,81,2.3466,0.0000,3.0140,1.3452,-0.0546,0.2507,-0.4604,-0.1116,0.3721,4.0497,0.0000,3.0000
4.1000,82,2.3466,0.0000,3.0140,1.3487,-0.0616,0.2539,-0.4604,-0.1116,0.3721,4.1000,0.0000,3.0000
4.1497,83,2.4193,0.0000,3.0145,1.3487,-0.0616,0.2539,-0.4340,-0.1128,0.3755,4.1497,0.0000,3.0000
4.1998,84,2.4922,0.0000,3.0148,1.3514,-0.0686,0.2601,-0.4070,-0.1138,0.3785,4.1998,0.0000,3.0000
4.2498,85,2.4922,0.0000,3.0148,1.3514,-0.0686,0.2601,-0.4070,-0.1138,0.3785,4.2498,0.0000,3.0000
4.2997,86,2.5651,0.0000,3.0152,1.3541,-0.0757,0.2687,-0.3792,-0.1146,0.3814,4.2997,0.0000,3.0000
4.3498,87,2.5651,0.0000,3.0152,1.3541,-0.0757,0.2687,-0.3792,-0.1146,0.3814,4.3498,0.0000,3.0000
4.3997,88,2.6382,-0.0000,3.0155,1.3578,-0.0820,0.2774,-0.3512,-0.1154,0.3839,4.3997,0.0000,3.0000
4.4497,89,2.7113,-0.0000,3.0157,1.3629,-0.0872,0.2859,-0.3230,-0.1160,0.3844,4.4497,0.0000,3.0000
4.4997,90,2.7113,-0.0000,3.0157,1.3629,-0.0872,0.2859,-0.3230,-0.1160,0.3844,4.4997,0.0000,3.0000
4.5497,91,2.7845,-0.0000,3.0159,1.3690,-0.0917,0.2940,-0.2946,-0.1164,0.3833,4.5497,0.0000,3.0000
4.5997,92,2.7845,-0.0000,3.0159,1.3690,-0.0917,0.2940,-0.2946,-0.1164,0.3833,4.5997,0.0000,3.0000
4.6497,93,2.8577,-0.0000,3.0161,1.3759,-0.0954,0.3009,-0.2666,-0.1167,0.3815,4.6497,0.0000,3.0000
4.6996,94,2.9310,-0.0000,3.0162,1.3831,-0.0984,0.3066,-0.2391,-0.1168,0.3804,4.6996,0.0000,3.0000
4.7497,95,2.9310,-0.0000,3.0162,1.3831,-0.0984,0.3066,-0.2391,-0.1168,0.3804,4.7497,0.0000,3.0000
4.7997,96,2.9310,-0.0000,3.0162,1.3831,-0.0984,0.3066,-0.2391,-0.1168,0.3804,4.7997,0.0000,3.0000
4.8498,97,3.0042,-0.0000,3.0164,1.3910,-0.1005,0.3116,-0.2119,-0.1169,0.3795,4.8498,0.0000,3.0000
4.8997,98,3.0775,-0.0000,3.0165,1.3996,-0.1016,0.3164,-0.1845,-0.1166,0.3788,4.8997,0.0000,3.0000
4.9497,99,3.0775,-0.0000,3.0165,1.3996,-0.1016,0.3164,-0.1845,-0.1166,0.3788,4.9497,0.0000,3.0000
4.9997,100,3.1508,-0.0000,3.0166,1.4091,-0.1017,0.3213,-0.1566,-0.1159,0.3780,4.9997,0.0000,3.0000
5.0497,101,3.1508,-0.0000,3.0166,1.4091,-0.1017,0.3213,-0.1566,-0.1159,0.3780,5.0497,0.0000,3.0000
5.0997,102,3.2241,-0.0000,3.0167,1.4193,-0.1010,0.3254,-0.1279,-0.1147,0.3775,5.0997,0.0000,3.0000
5.1497,103,3.2241,-0.0000,3.0167,1.4193,-0.1010,0.3254,-0.1279,-0.1147,0.3775,5.1497,0.0000,3.0000
5.1997,104,3.2974,-0.0000,3.0167,1.4302,-0.0994,0.3282,-0.0983,-0.1131,0.3771,5.1997,0.0000,3.0000
5.2497,105,3.3708,-0.0000,3.0168,1.4416,-0.0971,0.3289,-0.0690,-0.1114,0.3781,5.2497,0.0000,3.0000
5.2997,106,3.3708,-0.0000,3.0168,1.4416,-0.0971,0.3289,-0.0690,-0.1114,0.3781,5.2997,0.0000,3.0000
5.3497,107,3.4441,-0.0000,3.0168,1.4534,-0.0940,0.3273,-0.0411,-0.1098,0.3798,5.3497,0.0000,3.0000
5.3997,108,3.4441,-0.0000,3.0168,1.4534,-0.0940,0.3273,-0.0411,-0.1098,0.3798,5.3997,0.0000,3.0000
5.4497,109,3.5174,-0.0000,3.0168,1.4655,-0.0896,0.3249,-0.0135,-0.1084,0.3819,5.4497,0.0000,3.0000
5.4996,110,3.5907,-0.0000,3.0168,1.4775,-0.0853,0.3211,0.0140,-0.1071,0.3836,5.4996,0.0000,3.0000
5.5497,111,3.5907,-0.0000,3.0168,1.4775,-0.0853,0.3211,0.0140,-0.1071,0.3836,5.5497,0.0000,3.0000
5.5997,112,3.6641,-0.0000,3.0169,1.4887,-0.0813,0.3164,0.0418,-0.1059,0.3847,5.5997,0.0000,3.0000
5.6497,113,3.6641,-0.0000,3.0169,1.4887,-0.0813,0.3164,0.0418,-0.1059,0.3847,5.6497,0.0000,3.0000
5.6997,114,3.7374,-0.0000,3.0169,1.4989,-0.0774,0.3109,0.0701,-0.1047,0.3854,5.6997,0.0000,3.0000
5.7497,115,3.8107,-0.0000,3.0169,1.5086,-0.0737,0.3038,0.0989,-0.1036,0.3861,5.7497,0.0000,3.0000
5.7997,116,3.8107,-0.0000,3.0169,1.5086,-0.0737,0.3038,0.0989,-0.1036,0.3861,5.7997,0.0000,3.0000
5.8497,117,3.8841,-0.0000,3.0169,1.5209,-0.0698,0.2965,0.1284,-0.1024,0.3868,5.8497,0.0000,3.0000
5.8997,118,3.8841,-0.0000,3.0169,1.5209,-0.0698,0.2965,0.1284,-0.1024,0.3868,5.8997,0.0000,3.0000
5.9497,119,3.9574,-0.0000,3.0168,1.5344,-0.0663,0.2905,0.1588,-0.1012,0.3870,5.9497,0.0000,3.0000
5.9996,120,3.9574,-0.0000,3.0168,1.5483,-0.0633,0.2860,0.1588,-0.1012,0.3870,5.9996,0.0000,3.0000
6.0497,121,4.0307,-0.0000,3.0168,1.5483,-0.0633,0.2860,0.1891,-0.1002,0.3860,6.0497,0.0000,3.0000
6.0998,122,4.1041,-0.0000,3.0168,1.5626,-0.0600,0.2828,0.2194,-0.0991,0.3836,6.0998,0.0000,3.0000
6.1497,123,4.1041,-0.0000,3.0168,1.5626,-0.0600,0.2828,0.2194,-0.0991,0.3836,6.1497,0.0000,3.0000
6.1997,124,4.1774,-0.0000,3.0168,1.5774,-0.0558,0.2812,0.2493,-0.0981,0.3814,6.1997,0.0000,3.0000
6.2497,125,4.1774,-0.0000,3.0168,1.5774,-0.0558,0.2812,0.2493,-0.0981,0.3814,6.2497,0.0000,3.0000
6.2997,126,4.2507,-0.0000,3.0168,1.5932,-0.0511,0.2806,0.2785,-0.0973,0.3800,6.2997,0.0000,3.0000
6.3497,127,4.2507,-0.0000,3.0168,1.6103,-0.0471,0.2801,0.2785,-0.0973,0.3800,6.3497,0.0000,3.0000
6.3998,128,4.3240,-0.0000,3.0167,1.6103,-0.0471,0.2801,0.3075,-0.0965,0.3790,6.3998,0.0000,3.0000
6.4498,129,4.3974,-0.0000,3.0167,1.6284,-0.0434,0.2796,0.3365,-0.0959,0.3783,6.4498,0.0000,3.0000
6.4997,130,4.3974,-0.0000,3.0167,1.6284,-0.0434,0.2796,0.3365,-0.0959,0.3783,6.4997,0.0000,3.0000
6.5497,131,4.4707,-0.0000,3.0167,1.6479,-0.0391,0.2787,0.3657,-0.0952,0.3778,6.5497,0.0000,3.0000
6.5997,132,4.4707,-0.0000,3.0167,1.6479,-0.0391,0.2787,0.3657,-0.0952,0.3778,6.5997,0.0000,3.0000
6.6497,133,4.5440,0.0000,3.0166,1.6694,-0.0341,0.2785,0.3955,-0.0947,0.3774,6.6497,0.0000,3.0000
6.6997,134,4.6174,0.0000,3.0166,1.6922,-0.0290,0.2809,0.4257,-0.0943,0.3774,6.6997,0.0000,3.0000
6.7497,135,4.6174,0.0000,3.0166,1.6922,-0.0290,0.2809,0.4257,-0.0943,0.3774,6.7497,0.0000,3.0000
6.7997,136,4.6907,0.0000,3.0166,1.7156,-0.0243,0.2843,0.4561,-0.0939,0.3767,6.7997,0.0000,3.0000
6.8497,137,4.6907,0.0000,3.0166,1.7156,-0.0243,0.2843,0.4561,-0.0939,0.3767,6.8497,0.0000,3.0000
6.8997,138,4.7640,0.0000,3.0165,1.7388,-0.0202,0.2872,0.4854,-0.0936,0.3777,6.8997,0.0000,3.0000
6.9527,139,4.8374,0.0000,3.0165,1.7623,-0.0168,0.2899,0.5137,-0.0934,0.3795,6.9527,0.0000,3.0000
6.9999,140,4.8374,0.0000,3.0165,1.7623,-0.0168,0.2899,0.5137,-0.0934,0.3795,6.9999,0.0000,3.0000
7.0497,141,4.9107,0.0000,3.0165,1.7862,-0.0137,0.2929,0.5416,-0.0933,0.3811,7.0497,0.0000,3.0000
7.0999,142,4.9107,0.0000,3.0165,1.7862,-0.0137,0.2929,0.5416,-0.0933,0.3811,7.0999,0.0000,3.0000
7.1497,143,4.9840,0.0000,3.0164,1.8104,-0.0107,0.2964,0.5695,-0.0931,0.3823,7.1497,0.0000,3.0000
7.1999,144,5.0574,0.0000,3.0164,1.8352,-0.0077,0.3000,0.5976,-0.0930,0.3834,7.1999,0.0000,3.0000
7.2497,145,5.0574,0.0000,3.0164,1.8352,-0.0077,0.3000,0.5976,-0.0930,0.3834,7.2497,0.0000,3.0000
7.2997,146,5.1307,0.0000,3.0164,1.8607,-0.0043,0.3037,0.6261,-0.0929,0.3843,7.2997,0.0000,3.0000
7.3496,147,5.2040,-0.0000,3.0163,1.8876,-0.0005,0.3079,0.6553,-0.0929,0.3852,7.3496,0.0000,3.0000
7.3998,148,5.2040,-0.0000,3.0163,1.8876,-0.0005,0.3079,0.6553,-0.0929,0.3852,7.3998,0.0000,3.0000
7.4497,149,5.2774,-0.0000,3.0163,1.9161,0.0034,0.3133,0.6851,-0.0930,0.3861,7.4497,0.0000,3.0000
7.4997,150,5.2774,-0.0000,3.0163,1.9161,0.0034,0.3133,0.6851,-0.0930,0.3861,7.4997,0.0000,3.0000
7.5497,151,5.3507,-0.0000,3.0162,1.9450,0.0074,0.3185,0.7157,-0.0932,0.3863,7.5497,0.0000,3.0000
7.5997,152,5.4240,-0.0000,3.0162,1.9734,0.0111,0.3233,0.7460,-0.0933,0.3846,7.5997,0.0000,3.0000
7.6497,153,5.4240,-0.0000,3.0162,1.9734,0.0111,0.3233,0.7460,-0.0933,0.3846,7.6497,0.0000,3.0000
7.6997,154,5.4974,-0.0000,3.0162,2.0017,0.0148,0.3283,0.7763,-0.0934,0.3818,7.6997,0.0000,3.0000
7.7496,155,5.4974,-0.0000,3.0162,2.0297,0.0186,0.3330,0.7763,-0.0934,0.3818,7.7496,0.0000,3.0000
7.7997,156,5.5707,-0.0000,3.0161,2.0297,0.0186,0.3330,0.8058,-0.0935,0.3797,7.7997,0.0000,3.0000
7.8497,157,5.6440,-0.0000,3.0161,2.0574,0.0223,0.3372,0.8348,-0.0938,0.3782,7.8497,0.0000,3.0000
7.8997,158,5.6440,-0.0000,3.0161,2.0574,0.0223,0.3372,0.8348,-0.0938,0.3782,7.8997,0.0000,3.0000
7.9497,159,5.7174,-0.0000,3.0160,2.0852,0.0263,0.3410,0.8636,-0.0941,0.3771,7.9497,0.0000,3.0000
7.9996,160,5.7174,-0.0000,3.0160,2.1138,0.0304,0.3441,0.8636,-0.0941,0.3771,7.9996,0.0000,3.0000
8.0497,161,5.7907,-0.0000,3.0160,2.1138,0.0304,0.3441,0.8924,-0.0945,0.3761,8.0497,0.0000,3.0000
8.0997,162,5.8640,-0.0000,3.0159,2.1435,0.0349,0.3469,0.9217,-0.0949,0.3754,8.0997,0.0000,3.0000
8.1497,163,5.8640,-0.0000,3.0159,2.1435,0.0349,0.3469,0.9217,-0.0949,0.3754,8.1497,0.0000,3.0000
8.1997,164,5.8640,-0.0000,3.0159,2.1435,0.0349,0.3469,0.9217,-0.0949,0.3754,8.1997,0.0000,3.0000
8.2498,165,5.9374,-0.0000,3.0159,2.1744,0.0398,0.3497,0.9516,-0.0955,0.3748,8.2498,0.0000,3.0000
8.2997,166,6.0107,-0.0000,3.0159,2.2052,0.0449,0.3537,0.9822,-0.0962,0.3743,8.2997,0.0000,3.0000
8.3497,167,6.0107,-0.0000,3.0159,2.2052,0.0449,0.3537,0.9822,-0.0962,0.3743,8.3497,0.0000,3.0000
8.3997,168,6.0840,-0.0000,3.0158,2.2349,0.0496,0.3586,1.0127,-0.0971,0.3736,8.3997,0.0000,3.0000
8.4496,169,6.1574,-0.0000,3.0158,2.2639,0.0540,0.3634,1.0421,-0.0978,0.3748,8.4496,0.0000,3.0000
8.4998,170,6.1574,-0.0000,3.0158,2.2639,0.0540,0.3634,1.0421,-0.0978,0.3748,8.4998,0.0000,3.0000
8.5497,171,6.2307,-0.0000,3.0157,2.2924,0.0582,0.3678,1.0704,-0.0984,0.3769,8.5497,0.0000,3.0000
8.5996,172,6.2307,-0.0000,3.0157,2.3209,0.0619,0.3715,1.0704,-0.0984,0.3769,8.5996,0.0000,3.0000
8.6497,173,6.3040,-0.0000,3.0157,2.3209,0.0619,0.3715,1.0983,-0.0988,0.3789,8.6497,0.0000,3.0000
8.6997,174,6.3774,-0.0000,3.0157,2.3496,0.0656,0.3746,1.1261,-0.0990,0.3807,8.6997,0.0000,3.0000
8.7497,175,6.3774,-0.0000,3.0157,2.3496,0.0656,0.3746,1.1261,-0.0990,0.3807,8.7497,0.0000,3.0000
8.7997,176,6.4507,-0.0000,3.0156,2.3788,0.0693,0.3773,1.1542,-0.0990,0.3825,8.7997,0.0000,3.0000
8.8498,177,6.5240,-0.0000,3.0156,2.4088,0.0732,0.3793,1.1828,-0.0989,0.3838,8.8498,0.0000,3.0000
8.8997,178,6.5240,-0.0000,3.0156,2.4088,0.0732,0.3793,1.1828,-0.0989,0.3838,8.8997,0.0000,3.0000
8.9497,179,6.5974,-0.0000,3.0155,2.4393,0.0772,0.3814,1.2122,-0.0987,0.3849,8.9497,0.0000,3.0000
8.9997,180,6.5974,-0.0000,3.0155,2.4393,0.0772,0.3814,1.2122,-0.0987,0.3849,8.9997,0.0000,3.0000
9.0497,181,6.6707,-0.0000,3.0155,2.4699,0.0811,0.3825,1.2424,-0.0982,0.3858,9.0497,0.0000,3.0000
9.0996,182,6.7440,-0.0000,3.0155,2.5007,0.0850,0.3821,1.2731,-0.0977,0.3860,9.0996,0.0000,3.0000
9.1498,183,6.7440,-0.0000,3.0155,2.5007,0.0850,0.3821,1.2731,-0.0977,0.3860,9.1498,0.0000,3.0000
9.1998,184,6.8174,-0.0000,3.0154,2.5309,0.0887,0.3817,1.3037,-0.0971,0.3843,9.1998,0.0000,3.0000
9.2497,185,6.8174,-0.0000,3.0154,2.5309,0.0887,0.3817,1.3037,-0.0971,0.3843,9.2497,0.0000,3.0000
9.2999,186,6.8907,-0.0000,3.0154,2.5606,0.0920,0.3816,1.3338,-0.0965,0.3824,9.2999,0.0000,3.0000
9.3497,187,6.9640,-0.0000,3.0153,2.5901,0.0951,0.3816,1.3630,-0.0960,0.3816,9.3497,0.0000,3.0000
9.3998,188,6.9640,-0.0000,3.0153,2.5901,0.0951,0.3816,1.3630,-0.0960,0.3816,9.3998,0.0000,3.0000
9.4498,189,7.0374,-0.0000,3.0153,2.6197,0.0980,0.3814,1.3916,-0.0956,0.3812,9.4498,0.0000,3.0000
9.4998,190,7.0374,-0.0000,3.0153,2.6197,0.0980,0.3814,1.3916,-0.0956,0.3812,9.4998,0.0000,3.0000
9.5497,191,7.1107,-0.0000,3.0153,2.6496,0.1011,0.3813,1.4200,-0.0951,0.3812,9.5497,0.0000,3.0000
9.5997,192,7.1840,-0.0000,3.0152,2.6804,0.1042,0.3814,1.4485,-0.0944,0.3813,9.5997,0.0000,3.0000
9.6497,193,7.1840,-0.0000,3.0152,2.6804,0.1042,0.3814,1.4485,-0.0944,0.3813,9.6497,0.0000,3.0000
9.6997,194,7.2573,-0.0000,3.0152,2.7118,0.1075,0.3809,1.4772,-0.0936,0.3814,9.6997,0.0000,3.0000
9.7496,195,7.3307,-0.0000,3.0151,2.7422,0.1106,0.3813,1.5066,-0.0929,0.3818,9.7496,0.0000,3.0000
9.7997,196,7.3307,-0.0000,3.0151,2.7422,0.1106,0.3813,1.5066,-0.0929,0.3818,9.7997,0.0000,3.0000
9.8498,197,7.4040,-0.0000,3.0151,2.7714,0.1133,0.3826,1.5367,-0.0920,0.3820,9.8498,0.0000,3.0000
9.8998,198,7.4040,-0.0000,3.0151,2.7714,0.1133,0.3826,1.5367,-0.0920,0.3820,9.8998,0.0000,3.0000
9.9497,199,7.4773,-0.0000,3.0151,2.8001,0.1158,0.3842,1.5670,-0.0911,0.3815,9.9497,0.0000,3.0000
9.9996,200,7.4773,-0.0000,3.0151,2.8288,0.1180,0.3854,1.5670,-0.0911,0.3815,9.9996,0.0000,3.0000
10.0497,201,7.5507,-0.0000,3.0150,2.8288,0.1180,0.3854,1.5962,-0.0905,0.3822,10.0000,0.0497,3.0000
10.0997,202,7.6240,-0.0000,3.0150,2.8577,0.1200,0.3862,1.6245,-0.0897,0.3831,10.0000,0.0997,3.0000
10.1497,203,7.6240,-0.0000,3.0150,2.8577,0.1200,0.3862,1.6245,-0.0897,0.3831,10.0000,0.1497,3.0000
10.1998,204,7.6973,0.0005,3.0149,2.8870,0.1217,0.3866,1.6526,-0.0888,0.3840,10.0000,0.1998,3.0000
10.2497,205,7.7707,0.0025,3.0149,2.9170,0.1234,0.3867,1.6806,-0.0879,0.3848,10.0000,0.2497,3.0000
10.2997,206,7.7707,0.0025,3.0149,2.9170,0.1234,0.3867,1.6806,-0.0879,0.3848,10.0000,0.2997,3.0000
10.3497,207,7.8440,0.0064,3.0149,2.9477,0.1251,0.3868,1.7089,-0.0871,0.3856,10.0000,0.3497,3.0000
10.3998,208,7.8440,0.0064,3.0149,2.9792,0.1270,0.3857,1.7089,-0.0871,0.3856,10.0000,0.3998,3.0000
10.4498,209,7.9173,0.0125,3.0148,2.9792,0.1270,0.3857,1.7378,-0.0862,0.3859,10.0000,0.4498,3.0000
10.4997,210,7.9907,0.0211,3.0148,3.0106,0.1286,0.3834,1.7675,-0.0852,0.3861,10.0000,0.4997,3.0000
10.5498,211,7.9907,0.0211,3.0148,3.0106,0.1286,0.3834,1.7675,-0.0852,0.3861,10.0000,0.5498,3.0000
10.5997,212,8.0640,0.0322,3.0148,3.0416,0.1301,0.3802,1.7981,-0.0841,0.3860,10.0000,0.5997,3.0000
10.6497,213,8.0640,0.0322,3.0148,3.0416,0.1301,0.3802,1.7981,-0.0841,0.3860,10.0000,0.6497,3.0000
10.6997,214,8.1373,0.0462,3.0147,3.0718,0.1313,0.3780,1.8293,-0.0829,0.3846,10.0000,0.6997,3.0000
10.7496,215,8.2107,0.0633,3.0147,3.1014,0.1322,0.3765,1.8603,-0.0818,0.3822,10.0000,0.7496,3.0000
10.7997,216,8.2107,0.0633,3.0147,3.1014,0.1322,0.3765,1.8603,-0.0818,0.3822,10.0000,0.7997,3.0000
10.8497,217,8.2840,0.0835,3.0146,3.1308,0.1329,0.3754,1.8906,-0.0808,0.3797,10.0000,0.8497,3.0000
10.8997,218,8.2840,0.0835,3.0146,3.1308,0.1329,0.3754,1.8906,-0.0808,0.3797,10.0000,0.8997,3.0000
10.9497,219,8.3573,0.1065,3.0146,3.1603,0.1335,0.3744,1.9200,-0.0801,0.3782,10.0000,0.9497,3.0000
10.9997,220,8.4307,0.1323,3.0146,3.1903,0.1338,0.3735,1.9488,-0.0798,0.3772,10.0000,0.9997,3.0000
11.0497,221,8.4307,0.1323,3.0146,3.1903,0.1338,0.3735,1.9488,-0.0798,0.3772,10.0000,1.0497,3.0000
11.0998,222,8.5040,0.1606,3.0145,3.2208,0.1338,0.3728,1.9774,-0.0796,0.3766,10.0000,1.0998,3.0000
11.1496,223,8.5773,0.1917,3.0145,3.2518,0.1338,0.3719,2.0060,-0.0796,0.3763,10.0000,1.1496,3.0000
11.1997,224,8.5773,0.1917,3.0145,3.2518,0.1338,0.3719,2.0060,-0.0796,0.3763,10.0000,1.1997,3.0000
11.2497,225,8.6507,0.2254,3.0145,3.2820,0.1340,0.3722,2.0352,-0.0798,0.3759,10.0000,1.2497,3.0000
11.2998,226,8.6507,0.2254,3.0145,3.2820,0.1340,0.3722,2.0352,-0.0798,0.3759,10.0000,1.2998,3.0000
11.3497,227,8.7240,0.2615,3.0144,3.3109,0.1341,0.3737,2.0651,-0.0803,0.3758,10.0000,1.3497,3.0000
11.3997,228,8.7969,0.3000,3.0144,3.3391,0.1343,0.3755,2.0955,-0.0811,0.3754,10.0000,1.3997,3.0000
11.4497,229,8.7969,0.3000,3.0144,3.3391,0.1343,0.3755,2.0955,-0.0811,0.3754,10.0000,1.4497,3.0000
11.4997,230,8.8687,0.3409,3.0143,3.3671,0.1347,0.3772,2.1255,-0.0820,0.3753,10.0000,1.4997,3.0000
11.5496,231,8.8687,0.3409,3.0143,3.3952,0.1353,0.3789,2.1255,-0.0820,0.3753,10.0000,1.5496,3.0000
11.5998,232,8.9389,0.3840,3.0143,3.3952,0.1353,0.3789,2.1542,-0.0830,0.3764,10.0000,1.5998,3.0000
11.6497,233,9.0071,0.4290,3.0143,3.4237,0.1358,0.3804,2.1822,-0.0838,0.3774,10.0000,1.6497,3.0000
11.6998,234,9.0071,0.4290,3.0143,3.4237,0.1358,0.3804,2.1822,-0.0838,0.3774,10.0000,1.6998,3.0000
11.7498,235,9.0731,0.4758,3.0142,3.4528,0.1364,0.3817,2.2101,-0.0844,0.3784,10.0000,1.7498,3.0000
11.7997,236,9.0731,0.4758,3.0142,3.4528,0.1364,0.3817,2.2101,-0.0844,0.3784,10.0000,1.7997,3.0000
11.8497,237,9.1368,0.5245,3.0142,3.4827,0.1372,0.3828,2.2380,-0.0848,0.3795,10.0000,1.8497,3.0000
11.8998,238,9.1368,0.5245,3.0142,3.5134,0.1382,0.3831,2.2660,-0.0851,0.3805,10.0000,1.8998,3.0000
11.9497,239,9.1981,0.5753,3.0142,3.5134,0.1382,0.3831,2.2660,-0.0851,0.3805,10.0000,1.9497,3.0000
11.9997,240,9.1981,0.5753,3.0142,3.5134,0.1382,0.3831,2.2660,-0.0851,0.3805,10.0000,1.9997,3.0000
12.0498,241,9.2568,0.6283,3.0141,3.5440,0.1392,0.3821,2.2946,-0.0853,0.3815,9.9502,2.0000,3.0000
12.0996,242,9.2568,0.6283,3.0141,3.5747,0.1402,0.3797,2.2946,-0.0853,0.3815,9.9004,2.0000,3.0000
12.1498,243,9.3128,0.6831,3.0141,3.5747,0.1402,0.3797,2.3239,-0.0856,0.3824,9.8502,2.0000,3.0000
12.1997,244,9.3655,0.7390,3.0141,3.6049,0.1412,0.3777,2.3540,-0.0858,0.3831,9.8003,2.0000,3.0000
12.2497,245,9.3655,0.7390,3.0141,3.6049,0.1412,0.3777,2.3540,-0.0858,0.3831,9.7503,2.0000,3.0000
12.2998,246,9.4145,0.7951,3.0140,3.6344,0.1422,0.3763,2.3840,-0.0858,0.3834,9.7002,2.0000,3.0000
12.3496,247,9.4145,0.7951,3.0140,3.6637,0.1432,0.3753,2.3840,-0.0858,0.3834,9.6504,2.0000,3.0000
12.3998,248,9.4590,0.8509,3.0140,3.6637,0.1432,0.3753,2.4141,-0.0857,0.3822,9.6002,2.0000,3.0000
12.4497,249,9.4988,0.9057,3.0139,3.6931,0.1444,0.3745,2.4440,-0.0853,0.3803,9.5503,2.0000,3.0000
12.4997,250,9.4988,0.9057,3.0139,3.6931,0.1444,0.3745,2.4440,-0.0853,0.3803,9.5003,2.0000,3.0000
12.5498,251,9.5338,0.9593,3.0139,3.7230,0.1457,0.3738,2.4732,-0.0850,0.3793,9.4502,2.0000,3.0000
12.5996,252,9.5638,1.0114,3.0139,3.7534,0.1471,0.3734,2.5017,-0.0846,0.3789,9.4004,2.0000,3.0000
12.6498,253,9.5638,1.0114,3.0139,3.7534,0.1471,0.3734,2.5017,-0.0846,0.3789,9.3502,2.0000,3.0000
12.6997,254,9.5888,1.0618,3.0138,3.7843,0.1487,0.3736,2.5302,-0.0839,0.3787,9.3003,2.0000,3.0000
12.7498,255,9.5888,1.0618,3.0138,3.7843,0.1487,0.3736,2.5302,-0.0839,0.3787,9.2502,2.0000,3.0000
12.7997,256,9.6090,1.1103,3.0138,3.8142,0.1506,0.3749,2.5590,-0.0829,0.3785,9.2003,2.0000,3.0000
12.8497,257,9.6090,1.1103,3.0138,3.8142,0.1506,0.3749,2.5590,-0.0829,0.3785,9.1503,2.0000,3.0000
12.8997,258,9.6243,1.1570,3.0138,3.8426,0.1524,0.3770,2.5885,-0.0817,0.3784,9.1003,2.0000,3.0000
12.9497,259,9.6243,1.1570,3.0138,3.8426,0.1524,0.3770,2.5885,-0.0817,0.3784,9.0503,2.0000,3.0000
12.9997,260,9.6349,1.2018,3.0137,3.8704,0.1542,0.3794,2.6186,-0.0803,0.3784,9.0003,2.0000,3.0000
13.0497,261,9.6349,1.2018,3.0137,3.8704,0.1542,0.3794,2.6186,-0.0803,0.3784,8.9503,2.0000,3.0000
13.0997,262,9.6407,1.2447,3.0137,3.8981,0.1560,0.3818,2.6491,-0.0787,0.3787,8.9003,2.0000,3.0000
13.1496,263,9.6415,1.2856,3.0137,3.9258,0.1578,0.3841,2.6784,-0.0771,0.3800,8.8504,2.0000,3.0000
13.1997,264,9.6415,1.2856,3.0137,3.9258,0.1578,0.3841,2.6784,-0.0771,0.3800,8.8003,2.0000,3.0000
13.2497,265,9.6377,1.3247,3.0136,3.9540,0.1597,0.3863,2.7064,-0.0754,0.3816,8.7503,2.0000,3.0000
13.2997,266,9.6377,1.3247,3.0136,3.9540,0.1597,0.3863,2.7064,-0.0754,0.3816,8.7003,2.0000,3.0000
13.3497,267,9.6296,1.3620,3.0136,3.9827,0.1615,0.3885,2.7339,-0.0735,0.3835,8.6503,2.0000,3.0000
13.3996,268,9.6174,1.3976,3.0135,4.0119,0.1635,0.3902,2.7612,-0.0715,0.3855,8.6004,2.0000,3.0000
13.4498,269,9.6174,1.3976,3.0135,4.0119,0.1635,0.3902,2.7612,-0.0715,0.3855,8.5502,2.0000,3.0000
13.4998,270,9.6012,1.4314,3.0135,4.0410,0.1657,0.3907,2.7888,-0.0693,0.3874,8.5002,2.0000,3.0000
13.5497,271,9.6012,1.4314,3.0135,4.0410,0.1657,0.3907,2.7888,-0.0693,0.3874,8.4503,2.0000,3.0000
13.5997,272,9.5815,1.4636,3.0135,4.0702,0.1682,0.3897,2.8167,-0.0670,0.3893,8.4003,2.0000,3.0000
13.6497,273,9.5815,1.4636,3.0135,4.0998,0.1707,0.3873,2.8453,-0.0646,0.3911,8.3503,2.0000,3.0000
13.6997,274,9.5582,1.4943,3.0134,4.0998,0.1707,0.3873,2.8453,-0.0646,0.3911,8.3003,2.0000,3.0000
13.7497,275,9.5316,1.5234,3.0134,4.1287,0.1733,0.3851,2.8746,-0.0619,0.3925,8.2503,2.0000,3.0000
13.7997,276,9.5316,1.5234,3.0134,4.1287,0.1733,0.3851,2.8746,-0.0619,0.3925,8.2003,2.0000,3.0000
13.8497,277,9.5020,1.5511,3.0134,4.1572,0.1760,0.3835,2.9036,-0.0591,0.3923,8.1503,2.0000,3.0000
13.8997,278,9.4694,1.5774,3.0133,4.1858,0.1789,0.3819,2.9330,-0.0560,0.3904,8.1003,2.0000,3.0000
13.9498,279,9.4694,1.5774,3.0133,4.1858,0.1789,0.3819,2.9330,-0.0560,0.3904,8.0502,2.0000,3.0000
13.9997,280,9.4340,1.6024,3.0133,4.2147,0.1821,0.3806,2.9624,-0.0527,0.3876,8.0003,2.0000,3.0000
14.0497,281,9.4340,1.6024,3.0133,4.2147,0.1821,0.3806,2.9624,-0.0527,0.3876,7.9503,2.0000,3.0000
14.0997,282,9.3960,1.6261,3.0133,4.2443,0.1855,0.3794,2.9911,-0.0493,0.3855,7.9003,2.0000,3.0000
14.1498,283,9.3960,1.6261,3.0133,4.2443,0.1855,0.3794,2.9911,-0.0493,0.3855,7.8502,2.0000,3.0000
14.1998,284,9.3555,1.6486,3.0132,4.2743,0.1891,0.3785,3.0192,-0.0459,0.3840,7.8002,2.0000,3.0000
14.2497,285,9.3126,1.6700,3.0132,4.3043,0.1930,0.3787,3.0476,-0.0421,0.3825,7.7503,2.0000,3.0000
14.2998,286,9.3126,1.6700,3.0132,4.3043,0.1930,0.3787,3.0476,-0.0421,0.3825,7.7002,2.0000,3.0000
14.3497,287,9.2675,1.6903,3.0132,4.3326,0.1971,0.3797,3.0764,-0.0380,0.3811,7.6503,2.0000,3.0000
14.3998,288,9.2675,1.6903,3.0132,4.3326,0.1971,0.3797,3.0764,-0.0380,0.3811,7.6002,2.0000,3.0000
14.4497,289,9.2202,1.7096,3.0131,4.3598,0.2012,0.3811,3.1055,-0.0336,0.3800,7.5503,2.0000,3.0000
14.4997,290,9.1706,1.7279,3.0131,4.3867,0.2055,0.3828,3.1352,-0.0288,0.3792,7.5003,2.0000,3.0000
14.5497,291,9.1706,1.7279,3.0131,4.3867,0.2055,0.3828,3.1352,-0.0288,0.3792,7.4503,2.0000,3.0000
14.5997,292,9.1190,1.7452,3.0131,4.4135,0.2100,0.3845,3.1652,-0.0239,0.3790,7.4003,2.0000,3.0000
14.6497,293,9.1190,1.7452,3.0131,4.4135,0.2100,0.3845,3.1652,-0.0239,0.3790,7.3503,2.0000,3.0000
14.6997,294,9.0656,1.7617,3.0130,4.4406,0.2147,0.3861,3.1936,-0.0189,0.3799,7.3003,2.0000,3.0000
14.7497,295,9.0105,1.7773,3.0130,4.4681,0.2196,0.3877,3.2208,-0.0141,0.3813,7.2503,2.0000,3.0000
14.7998,296,9.0105,1.7773,3.0130,4.4681,0.2196,0.3877,3.2208,-0.0141,0.3813,7.2002,2.0000,3.0000
14.8497,297,8.9540,1.7922,3.0130,4.4963,0.2249,0.3892,3.2475,-0.0091,0.3831,7.1503,2.0000,3.0000
14.8997,298,8.9540,1.7922,3.0130,4.5250,0.2306,0.3898,3.2475,-0.0091,0.3831,7.1003,2.0000,3.0000
14.9498,299,8.8959,1.8062,3.0129,4.5250,0.2306,0.3898,3.2743,-0.0040,0.3848,7.0502,2.0000,3.0000
14.9998,300,8.8959,1.8062,3.0129,4.5250,0.2306,0.3898,3.2743,-0.0040,0.3848,7.0002,2.0000,3.0000
15.0497,301,8.8364,1.8196,3.0129,4.5536,0.2364,0.3886,3.3013,0.0011,0.3865,6.9503,2.0000,3.0000
15.0998,302,8.7756,1.8322,3.0129,4.5826,0.2426,0.3859,3.3288,0.0064,0.3880,6.9002,2.0000,3.0000
15.1498,303,8.7756,1.8322,3.0129,4.5826,0.2426,0.3859,3.3288,0.0064,0.3880,6.8502,2.0000,3.0000
15.1997,304,8.7134,1.8443,3.0128,4.6114,0.2490,0.3826,3.3569,0.0120,0.3895,6.8003,2.0000,3.0000
15.2496,305,8.7134,1.8443,3.0128,4.6393,0.2555,0.3802,3.3569,0.0120,0.3895,6.7504,2.0000,3.0000
15.2997,306,8.6498,1.8557,3.0128,4.6393,0.2555,0.3802,3.3854,0.0178,0.3902,6.7003,2.0000,3.0000
15.3497,307,8.5848,1.8665,3.0128,4.6669,0.2622,0.3784,3.4137,0.0237,0.3894,6.6503,2.0000,3.0000
15.3997,308,8.5848,1.8665,3.0128,4.6669,0.2622,0.3784,3.4137,0.0237,0.3894,6.6003,2.0000,3.0000
15.4498,309,8.5187,1.8767,3.0127,4.6945,0.2693,0.3767,3.4422,0.0299,0.3871,6.5502,2.0000,3.0000
15.4997,310,8.4514,1.8865,3.0127,4.7223,0.2769,0.3752,3.4706,0.0363,0.3838,6.5003,2.0000,3.0000
15.5497,311,8.4514,1.8865,3.0127,4.7223,0.2769,0.3752,3.4706,0.0363,0.3838,6.4503,2.0000,3.0000
15.5997,312,8.3830,1.8957,3.0127,4.7508,0.2852,0.3738,3.4983,0.0427,0.3812,6.4003,2.0000,3.0000
15.6498,313,8.3830,1.8957,3.0127,4.7508,0.2852,0.3738,3.4983,0.0427,0.3812,6.3502,2.0000,3.0000
15.6997,314,8.3138,1.9044,3.0126,4.7801,0.2942,0.3728,3.5256,0.0492,0.3793,6.3003,2.0000,3.0000
15.7497,315,8.2436,1.9127,3.0126,4.8087,0.3034,0.3729,3.5529,0.0560,0.3775,6.2503,2.0000,3.0000
15.7997,316,8.2436,1.9127,3.0126,4.8087,0.3034,0.3729,3.5529,0.0560,0.3775,6.2003,2.0000,3.0000
15.8497,317,8.1727,1.9206,3.0126,4.8360,0.3124,0.3740,3.5806,0.0632,0.3759,6.1503,2.0000,3.0000
15.8996,318,8.1011,1.9281,3.0126,4.8626,0.3214,0.3755,3.6087,0.0710,0.3745,6.1004,2.0000,3.0000
15.9497,319,8.1011,1.9281,3.0126,4.8626,0.3214,0.3755,3.6087,0.0710,0.3745,6.0503,2.0000,3.0000
15.9997,320,8.0291,1.9351,3.0125,4.8888,0.3303,0.3773,3.6375,0.0793,0.3733,6.0003,2.0000,3.0000
16.0497,321,8.0291,1.9351,3.0125,4.8888,0.3303,0.3773,3.6375,0.0793,0.3733,5.9503,2.0000,3.0000
16.0997,322,7.9568,1.9419,3.0125,4.9150,0.3393,0.3790,3.6665,0.0879,0.3735,5.9003,2.0000,3.0000
16.1497,323,7.8842,1.9482,3.0125,4.9413,0.3484,0.3807,3.6943,0.0965,0.3749,5.8503,2.0000,3.0000
16.1997,324,7.8842,1.9482,3.0125,4.9413,0.3484,0.3807,3.6943,0.0965,0.3749,5.8003,2.0000,3.0000
16.2497,325,7.8114,1.9543,3.0124,4.9681,0.3578,0.3823,3.7209,0.1049,0.3768,5.7503,2.0000,3.0000
16.2997,326,7.8114,1.9543,3.0124,4.9681,0.3578,0.3823,3.7209,0.1049,0.3768,5.7003,2.0000,3.0000
16.3497,327,7.7385,1.9600,3.0124,4.9954,0.3677,0.3840,3.7468,0.1132,0.3791,5.6503,2.0000,3.0000
16.3997,328,7.6655,1.9654,3.0124,5.0230,0.3779,0.3848,3.7727,0.1214,0.3813,5.6003,2.0000,3.0000
16.4498,329,7.6655,1.9654,3.0124,5.0230,0.3779,0.3848,3.7727,0.1214,0.3813,5.5502,2.0000,3.0000
16.4997,330,7.5924,1.9706,3.0123,5.0504,0.3883,0.3845,3.7989,0.1297,0.3834,5.5003,2.0000,3.0000
16.5498,331,7.5924,1.9706,3.0123,5.0504,0.3883,0.3845,3.7989,0.1297,0.3834,5.4502,2.0000,3.0000
16.5997,332,7.5193,1.9754,3.0123,5.0781,0.3990,0.3829,3.8255,0.1382,0.3855,5.4003,2.0000,3.0000
16.6497,333,7.5193,1.9754,3.0123,5.0781,0.3990,0.3829,3.8255,0.1382,0.3855,5.3503,2.0000,3.0000
16.6997,334,7.4461,1.9801,3.0123,5.1055,0.4097,0.3806,3.8524,0.1469,0.3876,5.3003,2.0000,3.0000
16.7498,335,7.3728,1.9844,3.0122,5.1321,0.4203,0.3791,3.8796,0.1560,0.3892,5.2502,2.0000,3.0000
16.7997,336,7.3728,1.9844,3.0122,5.1321,0.4203,0.3791,3.8796,0.1560,0.3892,5.2003,2.0000,3.0000
16.8497,337,7.2996,1.9886,3.0122,5.1581,0.4309,0.3783,3.9067,0.1651,0.3894,5.1503,2.0000,3.0000
16.8996,338,7.2263,1.9925,3.0122,5.1842,0.4419,0.3775,3.9338,0.1746,0.3882,5.1004,2.0000,3.0000
16.9497,339,7.2263,1.9925,3.0122,5.1842,0.4419,0.3775,3.9338,0.1746,0.3882,5.0503,2.0000,3.0000
16.9997,340,7.1530,1.9963,3.0121,5.2106,0.4534,0.3766,3.9613,0.1842,0.3855,5.0003,2.0000,3.0000
17.0498,341,7.1530,1.9963,3.0121,5.2106,0.4534,0.3766,3.9613,0.1842,0.3855,4.9502,2.0000,3.0000
17.0998,342,7.0797,1.9998,3.0121,5.2375,0.4655,0.3758,3.9880,0.1939,0.3831,4.9002,2.0000,3.0000
17.1497,343,7.0797,1.9998,3.0121,5.2375,0.4655,0.3758,3.9880,0.1939,0.3831,4.8503,2.0000,3.0000
17.1997,344,7.0064,2.0031,3.0121,5.2647,0.4780,0.3757,4.0142,0.2037,0.3814,4.8003,2.0000,3.0000
17.2497,345,6.9331,2.0063,3.0120,5.2911,0.4906,0.3764,4.0404,0.2138,0.3798,4.7503,2.0000,3.0000
17.2998,346,6.9331,2.0063,3.0120,5.2911,0.4906,0.3764,4.0404,0.2138,0.3798,4.7002,2.0000,3.0000
17.3497,347,6.8598,2.0093,3.0120,5.3161,0.5031,0.3777,4.0671,0.2246,0.3780,4.6503,2.0000,3.0000
17.3998,348,6.8598,2.0093,3.0120,5.3161,0.5031,0.3777,4.0671,0.2246,0.3780,4.6002,2.0000,3.0000
17.4497,349,6.7864,2.0122,3.0120,5.3403,0.5155,0.3793,4.0943,0.2359,0.3765,4.5503,2.0000,3.0000
17.4996,350,6.7131,2.0149,3.0120,5.3640,0.5280,0.3810,4.1219,0.2478,0.3753,4.5004,2.0000,3.0000
17.5497,351,6.7131,2.0149,3.0120,5.3640,0.5280,0.3810,4.1219,0.2478,0.3753,4.4503,2.0000,3.0000
17.5997,352,6.6398,2.0174,3.0119,5.3876,0.5407,0.3827,4.1491,0.2600,0.3758,4.4003,2.0000,3.0000
17.6497,353,6.6398,2.0174,3.0119,5.3876,0.5407,0.3827,4.1491,0.2600,0.3758,4.3503,2.0000,3.0000
17.6997,354,6.5665,2.0198,3.0119,5.4112,0.5539,0.3843,4.1749,0.2722,0.3769,4.3003,2.0000,3.0000
17.7497,355,6.4931,2.0221,3.0119,5.4348,0.5675,0.3859,4.1995,0.2841,0.3782,4.2503,2.0000,3.0000
17.7997,356,6.4931,2.0221,3.0119,5.4348,0.5675,0.3859,4.1995,0.2841,0.3782,4.2003,2.0000,3.0000
17.8497,357,6.4198,2.0243,3.0118,5.4586,0.5817,0.3867,4.2235,0.2960,0.3798,4.1503,2.0000,3.0000
17.8997,358,6.3464,2.0263,3.0118,5.4822,0.5962,0.3875,4.2473,0.3081,0.3815,4.1003,2.0000,3.0000
17.9497,359,6.3464,2.0263,3.0118,5.4822,0.5962,0.3875,4.2473,0.3081,0.3815,4.0503,2.0000,3.0000
17.9997,360,6.2731,2.0283,3.0118,5.5055,0.6113,0.3874,4.2713,0.3205,0.3832,4.0003,2.0000,3.0000
18.0497,361,6.2731,2.0283,3.0118,5.5055,0.6113,0.3874,4.2713,0.3205,0.3832,3.9503,2.0000,3.0000
18.0997,362,6.1998,2.0301,3.0117,5.5289,0.6269,0.3859,4.2953,0.3333,0.3849,3.9003,2.0000,3.0000
18.1497,363,6.1998,2.0301,3.0117,5.5289,0.6269,0.3859,4.2953,0.3333,0.3849,3.8503,2.0000,3.0000
18.1997,364,6.1265,2.0319,3.0117,5.5516,0.6425,0.3836,4.3194,0.3465,0.3859,3.8003,2.0000,3.0000
18.2497,365,6.0531,2.0335,3.0117,5.5732,0.6582,0.3822,4.3432,0.3601,0.3862,3.7503,2.0000,3.0000
18.2997,366,6.0531,2.0335,3.0117,5.5732,0.6582,0.3822,4.3432,0.3601,0.3862,3.7003,2.0000,3.0000
18.3497,367,5.9798,2.0351,3.0117,5.5944,0.6744,0.3811,4.3669,0.3743,0.3863,3.6503,2.0000,3.0000
18.3998,368,5.9798,2.0351,3.0117,5.5944,0.6744,0.3811,4.3669,0.3743,0.3863,3.6002,2.0000,3.0000
18.4497,369,5.9065,2.0365,3.0116,5.6153,0.6914,0.3800,4.3905,0.3889,0.3851,3.5503,2.0000,3.0000
18.5000,370,5.8331,2.0379,3.0116,5.6360,0.7093,0.3791,4.4140,0.4038,0.3829,3.5000,2.0000,3.0000
18.5498,371,5.8331,2.0379,3.0116,5.6360,0.7093,0.3791,4.4140,0.4038,0.3829,3.4502,2.0000,3.0000
18.5997,372,5.7598,2.0393,3.0116,5.6567,0.7282,0.3785,4.4365,0.4186,0.3813,3.4003,2.0000,3.0000
18.6498,373,5.7598,2.0393,3.0116,5.6567,0.7282,0.3785,4.4365,0.4186,0.3813,3.3502,2.0000,3.0000
18.6997,374,5.6865,2.0405,3.0115,5.6762,0.7474,0.3787,4.4583,0.4334,0.3804,3.3003,2.0000,3.0000
18.7497,375,5.6865,2.0405,3.0115,5.6762,0.7474,0.3787,4.4583,0.4334,0.3804,3.2503,2.0000,3.0000
18.7997,376,5.6131,2.0417,3.0115,5.6938,0.7663,0.3792,4.4798,0.4488,0.3797,3.2003,2.0000,3.0000
18.8496,377,5.5398,2.0428,3.0115,5.7094,0.7845,0.3787,4.5013,0.4649,0.3786,3.1504,2.0000,3.0000
18.8998,378,5.5398,2.0428,3.0115,5.7094,0.7845,0.3787,4.5013,0.4649,0.3786,3.1002,2.0000,3.0000
18.9497,379,5.4665,2.0438,3.0115,5.7231,0.8021,0.3777,4.5230,0.4819,0.3777,3.0503,2.0000,3.0000
18.9997,380,5.4665,2.0438,3.0115,5.7231,0.8021,0.3777,4.5230,0.4819,0.3777,3.0003,2.0000,3.0000
19.0497,381,5.3931,2.0448,3.0114,5.7352,0.8193,0.3767,4.5448,0.4997,0.3773,2.9503,2.0000,3.0000
19.0997,382,5.3931,2.0448,3.0114,5.7352,0.8193,0.3767,4.5448,0.4997,0.3773,2.9003,2.0000,3.0000
19.1497,383,5.3198,2.0458,3.0114,5.7463,0.8363,0.3755,4.5662,0.5182,0.3785,2.8503,2.0000,3.0000
19.1997,384,5.2465,2.0466,3.0114,5.7564,0.8536,0.3743,4.5859,0.5365,0.3801,2.8003,2.0000,3.0000
19.2497,385,5.2465,2.0466,3.0114,5.7564,0.8536,0.3743,4.5859,0.5365,0.3801,2.7503,2.0000,3.0000
19.2997,386,5.1731,2.0475,3.0113,5.7654,0.8711,0.3733,4.6036,0.5544,0.3808,2.7003,2.0000,3.0000
19.3497,387,5.1731,2.0475,3.0113,5.7654,0.8711,0.3733,4.6036,0.5544,0.3808,2.6503,2.0000,3.0000
19.3997,388,5.0998,2.0483,3.0113,5.7729,0.8889,0.3724,4.6196,0.5718,0.3805,2.6003,2.0000,3.0000
19.4496,389,5.0265,2.0490,3.0113,5.7789,0.9072,0.3712,4.6339,0.5888,0.3790,2.5504,2.0000,3.0000
19.4998,390,5.0265,2.0490,3.0113,5.7789,0.9072,0.3712,4.6339,0.5888,0.3790,2.5002,2.0000,3.0000
19.5498,391,4.9531,2.0497,3.0113,5.7832,0.9257,0.3710,4.6469,0.6057,0.3769,2.4502,2.0000,3.0000
19.5997,392,4.9531,2.0497,3.0113,5.7832,0.9257,0.3710,4.6469,0.6057,0.3769,2.4003,2.0000,3.0000
19.6497,393,4.8798,2.0504,3.0112,5.7861,0.9439,0.3721,4.6586,0.6228,0.3745,2.3503,2.0000,3.0000
19.6996,394,4.8798,2.0504,3.0112,5.7876,0.9620,0.3739,4.6586,0.6228,0.3745,2.3004,2.0000,3.0000
19.7497,395,4.8065,2.0510,3.0112,5.7876,0.9620,0.3739,4.6691,0.6402,0.3715,2.2503,2.0000,3.0000
19.7997,396,4.7331,2.0516,3.0112,5.7882,0.9795,0.3758,4.6787,0.6584,0.3681,2.2003,2.0000,3.0000
19.8497,397,4.7331,2.0516,3.0112,5.7882,0.9795,0.3758,4.6787,0.6584,0.3681,2.1503,2.0000,3.0000
19.8997,398,4.6598,2.0521,3.0111,5.7883,0.9966,0.3773,4.6872,0.6774,0.3645,2.1003,2.0000,3.0000
19.9497,399,4.6598,2.0521,3.0111,5.7883,0.9966,0.3773,4.6872,0.6774,0.3645,2.0503,2.0000,3.0000
19.9997,400,4.5865,2.0526,3.0111,5.7880,1.0136,0.3783,4.6937,0.6966,0.3622,2.0003,2.0000,3.0000
20.0497,401,4.5131,2.0531,3.0111,5.7873,1.0307,0.3788,4.6980,0.7156,0.3618,1.9503,2.0000,3.0000
20.0997,402,4.5131,2.0531,3.0111,5.7873,1.0307,0.3788,4.6980,0.7156,0.3618,1.9003,2.0000,3.0000
20.1496,403,4.4398,2.0536,3.0111,5.7859,1.0476,0.3792,4.7001,0.7335,0.3625,1.8504,2.0000,3.0000
20.1997,404,4.4398,2.0536,3.0111,5.7859,1.0476,0.3792,4.7001,0.7335,0.3625,1.8003,2.0000,3.0000
20.2498,405,4.3665,2.0540,3.0110,5.7839,1.0645,0.3793,4.7006,0.7502,0.3631,1.7502,2.0000,3.0000
20.2997,406,4.3665,2.0540,3.0110,5.7839,1.0645,0.3793,4.7006,0.7502,0.3631,1.7003,2.0000,3.0000
20.3497,407,4.2931,2.0544,3.0110,5.7811,1.0812,0.3792,4.6998,0.7662,0.3637,1.6503,2.0000,3.0000
20.3997,408,4.2931,2.0544,3.0110,5.7811,1.0812,0.3792,4.6998,0.7662,0.3637,1.6003,2.0000,3.0000
20.4497,409,4.2198,2.0548,3.0110,5.7774,1.0978,0.3792,4.6975,0.7816,0.3643,1.5503,2.0000,3.0000
20.4997,410,4.1465,2.0551,3.0110,5.7726,1.1140,0.3790,4.6935,0.7961,0.3651,1.5003,2.0000,3.0000
20.5498,411,4.1465,2.0551,3.0110,5.7726,1.1140,0.3790,4.6935,0.7961,0.3651,1.4502,2.0000,3.0000
20.5997,412,4.0731,2.0554,3.0109,5.7666,1.1296,0.3783,4.6880,0.8102,0.3658,1.4003,2.0000,3.0000
20.6497,413,4.0731,2.0554,3.0109,5.7666,1.1296,0.3783,4.6880,0.8102,0.3658,1.3503,2.0000,3.0000
20.6998,414,3.9998,2.0557,3.0109,5.7593,1.1449,0.3771,4.6808,0.8237,0.3657,1.3002,2.0000,3.0000
20.7496,415,3.9265,2.0560,3.0109,5.7506,1.1598,0.3749,4.6720,0.8366,0.3648,1.2504,2.0000,3.0000
20.7998,416,3.9265,2.0560,3.0109,5.7506,1.1598,0.3749,4.6720,0.8366,0.3648,1.2002,2.0000,3.0000
20.8496,417,3.8531,2.0563,3.0108,5.7411,1.1741,0.3710,4.6612,0.8494,0.3636,1.1504,2.0000,3.0000
20.8997,418,3.8531,2.0563,3.0108,5.7411,1.1741,0.3710,4.6612,0.8494,0.3636,1.1003,2.0000,3.0000
20.9497,419,3.7798,2.0565,3.0108,5.7303,1.1884,0.3654,4.6493,0.8626,0.3610,1.0503,2.0000,3.0000
20.9998,420,3.7798,2.0565,3.0108,5.7303,1.1884,0.3654,4.6493,0.8626,0.3610,1.0002,2.0000,3.0000
21.0497,421,3.7065,2.0568,3.0108,5.7183,1.2029,0.3586,4.6374,0.8755,0.3577,0.9503,2.0000,3.0000
21.0998,422,3.7065,2.0568,3.0108,5.7183,1.2029,0.3586,4.6374,0.8755,0.3577,0.9002,2.0000,3.0000
21.1497,423,3.7065,2.0568,3.0108,5.7183,1.2029,0.3586,4.6374,0.8755,0.3577,0.8503,2.0000,3.0000
21.1997,424,3.6331,2.0570,3.0108,5.7049,1.2178,0.3506,4.6257,0.8868,0.3528,0.8003,2.0000,3.0000
21.2497,425,3.5598,2.0572,3.0107,5.6908,1.2322,0.3397,4.6140,0.8967,0.3456,0.7503,2.0000,3.0000
21.2997,426,3.5598,2.0572,3.0107,5.6908,1.2322,0.3397,4.6140,0.8967,0.3456,0.7003,2.0000,3.0000
21.3497,427,3.4865,2.0574,3.0107,5.6773,1.2449,0.3262,4.6009,0.9077,0.3381,0.6503,2.0000,3.0000
21.3997,428,3.4865,2.0574,3.0107,5.6773,1.2449,0.3262,4.6009,0.9077,0.3381,0.6003,2.0000,3.0000
21.4497,429,3.4131,2.0575,3.0107,5.6637,1.2569,0.3109,4.5877,0.9193,0.3298,0.5503,2.0000,3.0000
21.4997,430,3.4131,2.0575,3.0107,5.6637,1.2569,0.3109,4.5877,0.9193,0.3298,0.5003,2.0000,3.0000
21.5497,431,3.3398,2.0577,3.0106,5.6482,1.2704,0.2965,4.5743,0.9306,0.3224,0.4503,2.0000,3.0000
21.5997,432,3.3398,2.0577,3.0106,5.6482,1.2704,0.2965,4.5743,0.9306,0.3224,0.4003,2.0000,3.0000
21.6497,433,3.2665,2.0578,3.0106,5.6340,1.2844,0.2816,4.5596,0.9416,0.3168,0.3503,2.0000,3.0000
21.6997,434,3.1931,2.0580,3.0106,5.6189,1.2982,0.2701,4.5427,0.9526,0.3134,0.3003,2.0000,3.0000
21.7497,435,3.1931,2.0580,3.0106,5.6189,1.2982,0.2701,4.5427,0.9526,0.3134,0.2503,2.0000,3.0000
21.7998,436,3.1198,2.0581,3.0106,5.6016,1.3113,0.2622,4.5245,0.9637,0.3113,0.2002,2.0000,3.0000
21.8498,437,3.1198,2.0581,3.0106,5.6016,1.3113,0.2622,4.5245,0.9637,0.3113,0.1502,2.0000,3.0000
21.8997,438,3.0465,2.0582,3.0105,5.5824,1.3241,0.2574,4.5057,0.9743,0.3096,0.1003,2.0000,3.0000
21.9497,439,3.0465,2.0582,3.0105,5.5824,1.3241,0.2574,4.5057,0.9743,0.3096,0.0503,2.0000,3.0000
21.9998,440,2.9731,2.0583,3.0105,5.5629,1.3375,0.2538,4.4856,0.9846,0.3092,0.0002,2.0000,3.0000
22.0497,441,2.9731,2.0583,3.0105,5.5629,1.3375,0.2538,4.4856,0.9846,0.3092,0.0000,2.0497,3.0000
22.0997,442,2.8998,2.0584,3.0105,5.5435,1.3514,0.2503,4.4641,0.9949,0.3108,0.0000,2.0997,3.0000
22.1498,443,2.8998,2.0584,3.0105,5.5435,1.3514,0.2503,4.4641,0.9949,0.3108,0.0000,2.1498,3.0000
22.1997,444,2.8265,2.0590,3.0105,5.5237,1.3646,0.2506,4.4417,1.0047,0.3120,0.0000,2.1997,3.0000
22.2496,445,2.7531,2.0610,3.0104,5.5031,1.3774,0.2550,4.4187,1.0137,0.3126,0.0000,2.2496,3.0000
22.2997,446,2.7531,2.0610,3.0104,5.5031,1.3774,0.2550,4.4187,1.0137,0.3126,0.0000,2.2997,3.0000
22.3497,447,2.6798,2.0650,3.0104,5.4821,1.3891,0.2605,4.3941,1.0218,0.3128,0.0000,2.3497,3.0000
22.3998,448,2.6798,2.0650,3.0104,5.4821,1.3891,0.2605,4.3941,1.0218,0.3128,0.0000,2.3998,3.0000
22.4498,449,2.6065,2.0711,3.0104,5.4606,1.4003,0.2655,4.3674,1.0299,0.3135,0.0000,2.4498,3.0000
22.4997,450,2.6065,2.0711,3.0104,5.4606,1.4003,0.2655,4.3674,1.0299,0.3135,0.0000,2.4997,3.0000
22.5497,451,2.5331,2.0800,3.0104,5.4381,1.4106,0.2709,4.3406,1.0370,0.3161,0.0000,2.5497,3.0000
22.5997,452,2.5331,2.0800,3.0104,5.4381,1.4106,0.2709,4.3406,1.0370,0.3161,0.0000,2.5997,3.0000
22.6497,453,2.4598,2.0919,3.0103,5.4144,1.4204,0.2772,4.3141,1.0432,0.3188,0.0000,2.6497,3.0000
22.6997,454,2.4598,2.0919,3.0103,5.4144,1.4204,0.2772,4.3141,1.0432,0.3188,0.0000,2.6997,3.0000
22.7497,455,2.3865,2.1070,3.0103,5.3899,1.4305,0.2831,4.2885,1.0499,0.3209,0.0000,2.7497,3.0000
22.7996,456,2.3131,2.1255,3.0103,5.3652,1.4414,0.2886,4.2635,1.0566,0.3229,0.0000,2.7996,3.0000
22.8497,457,2.3131,2.1255,3.0103,5.3652,1.4414,0.2886,4.2635,1.0566,0.3229,0.0000,2.8497,3.0000
22.8997,458,2.2398,2.1472,3.0103,5.3405,1.4534,0.2945,4.2386,1.0633,0.3241,0.0000,2.8997,3.0000
22.9497,459,2.2398,2.1472,3.0103,5.3405,1.4534,0.2945,4.2386,1.0633,0.3241,0.0000,2.9497,3.0000
22.9997,460,2.1665,2.1719,3.0102,5.3165,1.4661,0.2996,4.2136,1.0701,0.3248,0.0000,2.9997,3.0000
23.0498,461,2.1665,2.1719,3.0102,5.3165,1.4661,0.2996,4.2136,1.0701,0.3248,0.0000,3.0498,3.0000
23.0997,462,2.0931,2.1996,3.0102,5.2933,1.4792,0.3033,4.1880,1.0768,0.3247,0.0000,3.0997,3.0000
23.1497,463,2.0931,2.1996,3.0102,5.2933,1.4792,0.3033,4.1880,1.0768,0.3247,0.0000,3.1497,3.0000
23.1997,464,2.0198,2.2305,3.0102,5.2706,1.4926,0.3057,4.1615,1.0830,0.3238,0.0000,3.1997,3.0000
23.2497,465,2.0198,2.2305,3.0102,5.2706,1.4926,0.3057,4.1615,1.0830,0.3238,0.0000,3.2497,3.0000
23.2997,466,1.9465,2.2644,3.0102,5.2479,1.5063,0.3080,4.1346,1.0890,0.3239,0.0000,3.2997,3.0000
23.3496,467,1.8731,2.3015,3.0101,5.2251,1.5197,0.3108,4.1079,1.0945,0.3248,0.0000,3.3496,3.0000
23.3997,468,1.8731,2.3015,3.0101,5.2251,1.5197,0.3108,4.1079,1.0945,0.3248,0.0000,3.3997,3.0000
23.4497,469,1.7998,2.3413,3.0101,5.2024,1.5325,0.3144,4.0819,1.0996,0.3252,0.0000,3.4497,3.0000
23.4998,470,1.7998,2.3413,3.0101,5.2024,1.5325,0.3144,4.0819,1.0996,0.3252,0.0000,3.4998,3.0000
23.5497,471,1.7265,2.3835,3.0101,5.1803,1.5445,0.3187,4.0567,1.1046,0.3263,0.0000,3.5497,3.0000
23.5997,472,1.7265,2.3835,3.0101,5.1803,1.5445,0.3187,4.0567,1.1046,0.3263,0.0000,3.5997,3.0000
23.6497,473,1.6531,2.4283,3.0101,5.1587,1.5557,0.3223,4.0312,1.1098,0.3278,0.0000,3.6497,3.0000
23.6996,474,1.6531,2.4283,3.0101,5.1374,1.5659,0.3249,4.0312,1.1098,0.3278,0.0000,3.6996,3.0000
23.7497,475,1.5799,2.4755,3.0100,5.1374,1.5659,0.3249,4.0049,1.1157,0.3300,0.0000,3.7497,3.0000
23.7996,476,1.5073,2.5252,3.0100,5.1163,1.5756,0.3275,3.9777,1.1223,0.3326,0.0000,3.7996,3.0000
23.8497,477,1.5073,2.5252,3.0100,5.1163,1.5756,0.3275,3.9777,1.1223,0.3326,0.0000,3.8497,3.0000
23.8997,478,1.4358,2.5771,3.0100,5.0948,1.5853,0.3298,3.9494,1.1295,0.3356,0.0000,3.8997,3.0000
23.9497,479,1.4358,2.5771,3.0100,5.0948,1.5853,0.3298,3.9494,1.1295,0.3356,0.0000,3.9497,3.0000
23.9997,480,1.3661,2.6309,3.0100,5.0725,1.5952,0.3318,3.9207,1.1375,0.3392,0.0000,3.9997,3.0000
24.0497,481,1.3661,2.6309,3.0100,5.0725,1.5952,0.3318,3.9207,1.1375,0.3392,0.0497,4.0000,3.0000
24.0997,482,1.2983,2.6866,3.0099,5.0494,1.6048,0.3336,3.8922,1.1456,0.3427,0.0997,4.0000,3.0000
24.1497,483,1.2983,2.6866,3.0099,5.0494,1.6048,0.3336,3.8922,1.1456,0.3427,0.1497,4.0000,3.0000
24.1997,484,1.2333,2.7438,3.0099,5.0252,1.6145,0.3359,3.8645,1.1539,0.3467,0.1997,4.0000,3.0000
24.2497,485,1.2333,2.7438,3.0099,5.0252,1.6145,0.3359,3.8645,1.1539,0.3467,0.2497,4.0000,3.0000
24.2997,486,1.1721,2.8014,3.0099,5.0001,1.6244,0.3379,3.8372,1.1624,0.3508,0.2997,4.0000,3.0000
24.3495,487,1.1721,2.8014,3.0099,4.9752,1.6342,0.3396,3.8372,1.1624,0.3508,0.3495,4.0000,3.0000
24.3997,488,1.1155,2.8589,3.0099,4.9752,1.6342,0.3396,3.8105,1.1711,0.3542,0.3997,4.0000,3.0000
24.4497,489,1.0638,2.9155,3.0098,4.9501,1.6441,0.3411,3.7842,1.1800,0.3569,0.4497,4.0000,3.0000
24.4997,490,1.0638,2.9155,3.0098,4.9501,1.6441,0.3411,3.7842,1.1800,0.3569,0.4997,4.0000,3.0000
24.5497,491,1.0173,2.9709,3.0098,4.9250,1.6538,0.3423,3.7579,1.1892,0.3589,0.5497,4.0000,3.0000
24.5997,492,1.0173,2.9709,3.0098,4.9250,1.6538,0.3423,3.7579,1.1892,0.3589,0.5997,4.0000,3.0000
24.6497,493,0.9761,3.0249,3.0098,4.8997,1.6635,0.3430,3.7308,1.1990,0.3604,0.6497,4.0000,3.0000
24.6998,494,0.9761,3.0249,3.0098,4.8997,1.6635,0.3430,3.7308,1.1990,0.3604,0.6998,4.0000,3.0000
24.7497,495,0.9405,3.0771,3.0098,4.8739,1.6732,0.3434,3.7028,1.2095,0.3616,0.7497,4.0000,3.0000
24.7997,496,0.9106,3.1275,3.0097,4.8475,1.6828,0.3437,3.6737,1.2204,0.3623,0.7997,4.0000,3.0000
24.8497,497,0.9106,3.1275,3.0097,4.8475,1.6828,0.3437,3.6737,1.2204,0.3623,0.8497,4.0000,3.0000
24.8999,498,0.8861,3.1760,3.0097,4.8199,1.6923,0.3440,3.6453,1.2311,0.3638,0.8999,4.0000,3.0000
24.9497,499,0.8861,3.1760,3.0097,4.8199,1.6923,0.3440,3.6453,1.2311,0.3638,0.9497,4.0000,3.0000
24.9997,500,0.8668,3.2226,3.0097,4.7912,1.7018,0.3447,3.6179,1.2415,0.3660,0.9997,4.0000,3.0000
25.0497,501,0.8527,3.2671,3.0097,4.7629,1.7108,0.3477,3.5914,1.2521,0.3683,1.0497,4.0000,3.0000
25.0997,502,0.8527,3.2671,3.0097,4.7629,1.7108,0.3477,3.5914,1.2521,0.3683,1.0997,4.0000,3.0000
25.1497,503,0.8434,3.3098,3.0096,4.7355,1.7198,0.3514,3.5652,1.2632,0.3703,1.1497,4.0000,3.0000
25.1997,504,0.8434,3.3098,3.0096,4.7355,1.7198,0.3514,3.5652,1.2632,0.3703,1.1997,4.0000,3.0000
25.2497,505,0.8387,3.3505,3.0096,4.7087,1.7288,0.3551,3.5390,1.2748,0.3719,1.2497,4.0000,3.0000
25.2996,506,0.8386,3.3893,3.0096,4.6822,1.7381,0.3586,3.5124,1.2870,0.3733,1.2996,4.0000,3.0000
25.3497,507,0.8386,3.3893,3.0096,4.6822,1.7381,0.3586,3.5124,1.2870,0.3733,1.3497,4.0000,3.0000
25.3998,508,0.8428,3.4263,3.0096,4.6557,1.7476,0.3617,3.4854,1.2995,0.3747,1.3998,4.0000,3.0000
25.4498,509,0.8428,3.4263,3.0096,4.6557,1.7476,0.3617,3.4854,1.2995,0.3747,1.4498,4.0000,3.0000
25.4997,510,0.8510,3.4615,3.0095,4.6289,1.7573,0.3647,3.4575,1.3126,0.3758,1.4997,4.0000,3.0000
25.5498,511,0.8510,3.4615,3.0095,4.6016,1.7673,0.3674,3.4575,1.3126,0.3758,1.5498,4.0000,3.0000
25.5997,512,0.8632,3.4950,3.0095,4.6016,1.7673,0.3674,3.4292,1.3260,0.3765,1.5997,4.0000,3.0000
25.6497,513,0.8792,3.5269,3.0095,4.5735,1.7777,0.3695,3.4011,1.3396,0.3760,1.6497,4.0000,3.0000
25.6997,514,0.8792,3.5269,3.0095,4.5735,1.7777,0.3695,3.4011,1.3396,0.3760,1.6997,4.0000,3.0000
25.7497,515,0.8985,3.5572,3.0095,4.5449,1.7882,0.3707,3.3734,1.3532,0.3751,1.7497,4.0000,3.0000
25.7997,516,0.9214,3.5860,3.0094,4.5165,1.7988,0.3706,3.3465,1.3668,0.3749,1.7997,4.0000,3.0000
25.8497,517,0.9214,3.5860,3.0094,4.5165,1.7988,0.3706,3.3465,1.3668,0.3749,1.8497,4.0000,3.0000
25.8997,518,0.9475,3.6134,3.0094,4.4884,1.8093,0.3700,3.3205,1.3805,0.3748,1.8997,4.0000,3.0000
25.9497,519,0.9475,3.6134,3.0094,4.4884,1.8093,0.3700,3.3205,1.3805,0.3748,1.9497,4.0000,3.0000
25.9997,520,0.9765,3.6394,3.0094,4.4614,1.8196,0.3704,3.2947,1.3944,0.3746,1.9997,4.0000,3.0000
26.0496,521,1.0085,3.6641,3.0094,4.4349,1.8300,0.3711,3.2688,1.4088,0.3742,2.0496,4.0000,3.0000
26.0998,522,1.0085,3.6641,3.0094,4.4349,1.8300,0.3711,3.2688,1.4088,0.3742,2.0998,4.0000,3.0000
26.1498,523,1.0433,3.6875,3.0094,4.4088,1.8403,0.3718,3.2424,1.4237,0.3739,2.1498,4.0000,3.0000
26.1997,524,1.0433,3.6875,3.0094,4.4088,1.8403,0.3718,3.2424,1.4237,0.3739,2.1997,4.0000,3.0000
26.2497,525,1.0806,3.7098,3.0093,4.3827,1.8507,0.3723,3.2156,1.4390,0.3733,2.2497,4.0000,3.0000
26.2997,526,1.1205,3.7309,3.0093,4.3561,1.8612,0.3730,3.1888,1.4545,0.3724,2.2997,4.0000,3.0000
26.3497,527,1.1205,3.7309,3.0093,4.3561,1.8612,0.3730,3.1888,1.4545,0.3724,2.3497,4.0000,3.0000
26.3997,528,1.1627,3.7509,3.0093,4.3291,1.8721,0.3738,3.1631,1.4696,0.3731,2.3997,4.0000,3.0000
26.4496,529,1.2071,3.7699,3.0093,4.3013,1.8833,0.3747,3.1382,1.4843,0.3742,2.4496,4.0000,3.0000
26.4997,530,1.2071,3.7699,3.0093,4.3013,1.8833,0.3747,3.1382,1.4843,0.3742,2.4997,4.0000,3.0000
26.5496,531,1.2538,3.7880,3.0092,4.2738,1.8944,0.3763,3.1137,1.4989,0.3754,2.5496,4.0000,3.0000
26.5997,532,1.2538,3.7880,3.0092,4.2738,1.8944,0.3763,3.1137,1.4989,0.3754,2.5997,4.0000,3.0000
26.6497,533,1.3024,3.8051,3.0092,4.2472,1.9058,0.3782,3.0892,1.5138,0.3762,2.6497,4.0000,3.0000
26.6996,534,1.3024,3.8051,3.0092,4.2216,1.9171,0.3801,3.0892,1.5138,0.3762,2.6996,4.0000,3.0000
26.7498,535,1.3529,3.8213,3.0092,4.2216,1.9171,0.3801,3.0647,1.5292,0.3763,2.7498,4.0000,3.0000
26.7997,536,1.4050,3.8368,3.0092,4.1964,1.9285,0.3817,3.0396,1.5452,0.3756,2.7997,4.0000,3.0000
26.8497,537,1.4050,3.8368,3.0092,4.1964,1.9285,0.3817,3.0396,1.5452,0.3756,2.8497,4.0000,3.0000
26.8998,538,1.4587,3.8514,3.0091,4.1711,1.9402,0.3826,3.0138,1.5615,0.3746,2.8998,4.0000,3.0000
26.9496,539,1.4587,3.8514,3.0091,4.1457,1.9526,0.3827,3.0138,1.5615,0.3746,2.9496,4.0000,3.0000
26.9998,540,1.5140,3.8652,3.0091,4.1457,1.9526,0.3827,2.9871,1.5783,0.3731,2.9998,4.0000,3.0000
27.0497,541,1.5708,3.8784,3.0091,4.1199,1.9654,0.3821,2.9601,1.5955,0.3708,3.0497,4.0000,3.0000
27.0997,542,1.5708,3.8784,3.0091,4.1199,1.9654,0.3821,2.9601,1.5955,0.3708,3.0997,4.0000,3.0000
27.1497,543,1.6290,3.8908,3.0091,4.0936,1.9789,0.3810,2.9342,1.6123,0.3684,3.1497,4.0000,3.0000
27.1997,544,1.6886,3.9026,3.0091,4.0666,1.9928,0.3798,2.9099,1.6286,0.3674,3.1997,4.0000,3.0000
27.2497,545,1.6886,3.9026,3.0091,4.0666,1.9928,0.3798,2.9099,1.6286,0.3674,3.2497,4.0000,3.0000
27.2997,546,1.7496,3.9139,3.0090,4.0390,2.0073,0.3778,2.8866,1.6452,0.3670,3.2997,4.0000,3.0000
27.3497,547,1.7496,3.9139,3.0090,4.0390,2.0073,0.3778,2.8866,1.6452,0.3670,3.3497,4.0000,3.0000
27.3998,548,1.8117,3.9245,3.0090,4.0121,2.0217,0.3755,2.8639,1.6621,0.3667,3.3998,4.0000,3.0000
27.4496,549,1.8751,3.9346,3.0090,3.9871,2.0358,0.3746,2.8417,1.6794,0.3664,3.4496,4.0000,3.0000
27.4997,550,1.8751,3.9346,3.0090,3.9871,2.0358,0.3746,2.8417,1.6794,0.3664,3.4997,4.0000,3.0000
27.5497,551,1.9397,3.9441,3.0090,3.9631,2.0500,0.3746,2.8199,1.6971,0.3662,3.5497,4.0000,3.0000
27.5997,552,1.9397,3.9441,3.0090,3.9631,2.0500,0.3746,2.8199,1.6971,0.3662,3.5997,4.0000,3.0000
27.6497,553,2.0053,3.9532,3.0089,3.9399,2.0644,0.3748,2.7981,1.7153,0.3658,3.6497,4.0000,3.0000
27.6997,554,2.0053,3.9532,3.0089,3.9173,2.0792,0.3752,2.7981,1.7153,0.3658,3.6997,4.0000,3.0000
27.7497,555,2.0720,3.9618,3.0089,3.9173,2.0792,0.3752,2.7762,1.7340,0.3650,3.7497,4.0000,3.0000
27.7997,556,2.1397,3.9699,3.0089,3.8952,2.0944,0.3757,2.7544,1.7532,0.3640,3.7997,4.0000,3.0000
27.8497,557,2.1397,3.9699,3.0089,3.8952,2.0944,0.3757,2.7544,1.7532,0.3640,3.8497,4.0000,3.0000
27.8997,558,2.2082,3.9776,3.0089,3.8734,2.1102,0.3763,2.7341,1.7722,0.3648,3.8997,4.0000,3.0000
27.9496,559,2.2778,3.9849,3.0089,3.8517,2.1267,0.3766,2.7151,1.7909,0.3665,3.9496,4.0000,3.0000
27.9997,560,2.2778,3.9849,3.0089,3.8517,2.1267,0.3766,2.7151,1.7909,0.3665,3.9997,4.0000,3.0000
28.0497,561,2.3482,3.9919,3.0088,3.8304,2.1436,0.3760,2.6967,1.8096,0.3679,4.0497,4.0000,3.0000
28.0997,562,2.3482,3.9919,3.0088,3.8304,2.1436,0.3760,2.6967,1.8096,0.3679,4.0997,4.0000,3.0000
28.1497,563,2.4192,3.9984,3.0088,3.8095,2.1609,0.3743,2.6786,1.8289,0.3689,4.1497,4.0000,3.0000
28.1997,564,2.4192,3.9984,3.0088,3.8095,2.1609,0.3743,2.6786,1.8289,0.3689,4.1997,4.0000,3.0000
28.2497,565,2.4908,4.0046,3.0088,3.7897,2.1784,0.3736,2.6609,1.8488,0.3696,4.2497,4.0000,3.0000
28.2997,566,2.4908,4.0046,3.0088,3.7897,2.1784,0.3736,2.6609,1.8488,0.3696,4.2997,4.0000,3.0000
28.3497,567,2.5628,4.0105,3.0088,3.7714,2.1960,0.3737,2.6436,1.8694,0.3698,4.3497,4.0000,3.0000
28.3997,568,2.5628,4.0105,3.0088,3.7714,2.1960,0.3737,2.6436,1.8694,0.3698,4.3997,4.0000,3.0000
28.4498,569,2.6352,4.0161,3.0088,3.7540,2.2134,0.3741,2.6264,1.8908,0.3698,4.4498,4.0000,3.0000
28.4997,570,2.7078,4.0214,3.0087,3.7370,2.2310,0.3746,2.6090,1.9132,0.3695,4.4997,4.0000,3.0000
28.5497,571,2.7078,4.0214,3.0087,3.7370,2.2310,0.3746,2.6090,1.9132,0.3695,4.5497,4.0000,3.0000
28.5997,572,2.7806,4.0264,3.0087,3.7203,2.2492,0.3752,2.5916,1.9364,0.3690,4.5997,4.0000,3.0000
28.6497,573,2.7806,4.0264,3.0087,3.7203,2.2492,0.3752,2.5916,1.9364,0.3690,4.6497,4.0000,3.0000
28.6999,574,2.8535,4.0312,3.0087,3.7041,2.2682,0.3757,2.5742,1.9599,0.3675,4.6999,4.0000,3.0000
28.7498,575,2.9265,4.0357,3.0087,3.6882,2.2879,0.3764,2.5585,1.9823,0.3663,4.7498,4.0000,3.0000
28.7997,576,2.9265,4.0357,3.0087,3.6882,2.2879,0.3764,2.5585,1.9823,0.3663,4.7997,4.0000,3.0000
28.8497,577,2.9996,4.0399,3.0086,3.6726,2.3086,0.3772,2.5447,2.0040,0.3659,4.8497,4.0000,3.0000
28.8996,578,2.9996,4.0399,3.0086,3.6573,2.3303,0.3782,2.5447,2.0040,0.3659,4.8996,4.0000,3.0000
28.9498,579,3.0728,4.0440,3.0086,3.6573,2.3303,0.3782,2.5324,2.0256,0.3661,4.9498,4.0000,3.0000
28.9998,580,3.1460,4.0478,3.0086,3.6423,2.3529,0.3792,2.5214,2.0472,0.3664,4.9998,4.0000,3.0000
29.0497,581,3.1460,4.0478,3.0086,3.6423,2.3529,0.3792,2.5214,2.0472,0.3664,5.0497,4.0000,3.0000
29.0997,582,3.2192,4.0514,3.0086,3.6285,2.3750,0.3806,2.5115,2.0689,0.3667,5.0997,4.0000,3.0000
29.1497,583,3.2925,4.0548,3.0086,3.6164,2.3960,0.3812,2.5028,2.0910,0.3669,5.1497,4.0000,3.0000
29.1997,584,3.2925,4.0548,3.0086,3.6164,2.3960,0.3812,2.5028,2.0910,0.3669,5.1997,4.0000,3.0000
29.2497,585,3.2925,4.0548,3.0086,3.6164,2.3960,0.3812,2.5028,2.0910,0.3669,5.2497,4.0000,3.0000
29.2997,586,3.3658,4.0580,3.0085,3.6060,2.4160,0.3805,2.4953,2.1133,0.3669,5.2997,4.0000,3.0000
29.3497,587,3.4391,4.0611,3.0085,3.5972,2.4352,0.3784,2.4889,2.1359,0.3663,5.3497,4.0000,3.0000
29.3997,588,3.4391,4.0611,3.0085,3.5972,2.4352,0.3784,2.4889,2.1359,0.3663,5.3997,4.0000,3.0000
29.4497,589,3.5124,4.0640,3.0085,3.5900,2.4539,0.3754,2.4836,2.1587,0.3647,5.4497,4.0000,3.0000
29.4998,590,3.5124,4.0640,3.0085,3.5900,2.4539,0.3754,2.4836,2.1587,0.3647,5.4998,4.0000,3.0000
29.5498,591,3.5857,4.0667,3.0085,3.5845,2.4724,0.3723,2.4797,2.1811,0.3630,5.5498,4.0000,3.0000
29.5997,592,3.5857,4.0667,3.0085,3.5845,2.4724,0.3723,2.4797,2.1811,0.3630,5.5997,4.0000,3.0000
29.6498,593,3.6590,4.0693,3.0085,3.5807,2.4909,0.3688,2.4781,2.2029,0.3637,5.6498,4.0000,3.0000
29.6998,594,3.7323,4.0718,3.0084,3.5787,2.5096,0.3648,2.4781,2.2239,0.3653,5.6998,4.0000,3.0000
29.7498,595,3.7323,4.0718,3.0084,3.5787,2.5096,0.3648,2.4781,2.2239,0.3653,5.7498,4.0000,3.0000
29.7998,596,3.8056,4.0741,3.0084,3.5783,2.5280,0.3613,2.4787,2.2446,0.3658,5.7998,4.0000,3.0000
29.8497,597,3.8056,4.0741,3.0084,3.5783,2.5280,0.3613,2.4787,2.2446,0.3658,5.8497,4.0000,3.0000
29.8997,598,3.8790,4.0763,3.0084,3.5806,2.5459,0.3604,2.4806,2.2650,0.3651,5.8997,4.0000,3.0000
29.9497,599,3.9523,4.0783,3.0084,3.5852,2.5637,0.3614,2.4835,2.2852,0.3643,5.9497,4.0000,3.0000
29.9997,600,3.9523,4.0783,3.0084,3.5852,2.5637,0.3614,2.4835,2.2852,0.3643,5.9997,4.0000,3.0000
30.0498,601,4.0256,4.0803,3.0084,3.5913,2.5814,0.3630,2.4873,2.3055,0.3637,6.0498,4.0000,3.0000
30.0997,602,4.0256,4.0803,3.0084,3.5913,2.5814,0.3630,2.4873,2.3055,0.3637,6.0997,4.0000,3.0000
30.1498,603,4.0989,4.0821,3.0083,3.5978,2.5990,0.3645,2.4924,2.3258,0.3633,6.1498,4.0000,3.0000
30.1997,604,4.0989,4.0821,3.0083,3.5978,2.5990,0.3645,2.4924,2.3258,0.3633,6.1997,4.0000,3.0000
30.2497,605,4.1723,4.0839,3.0083,3.6050,2.6166,0.3662,2.4992,2.3467,0.3627,6.2497,4.0000,3.0000
30.2997,606,4.1723,4.0839,3.0083,3.6050,2.6166,0.3662,2.4992,2.3467,0.3627,6.2997,4.0000,3.0000
30.3497,607,4.2456,4.0855,3.0083,3.6131,2.6342,0.3674,2.5078,2.3684,0.3622,6.3497,4.0000,3.0000
30.3997,608,4.2456,4.0855,3.0083,3.6131,2.6342,0.3674,2.5078,2.3684,0.3622,6.3997,4.0000,3.0000
30.4497,609,4.3189,4.0870,3.0083,3.6227,2.6521,0.3681,2.5179,2.3899,0.3620,6.4497,4.0000,3.0000
30.4996,610,4.3923,4.0885,3.0083,3.6340,2.6705,0.3685,2.5286,2.4102,0.3619,6.4996,4.0000,3.0000
30.5497,611,4.3923,4.0885,3.0083,3.6340,2.6705,0.3685,2.5286,2.4102,0.3619,6.5497,4.0000,3.0000
30.5998,612,4.4656,4.0899,3.0082,3.6473,2.6896,0.3686,2.5397,2.4298,0.3615,6.5998,4.0000,3.0000
30.6497,613,4.4656,4.0899,3.0082,3.6473,2.6896,0.3686,2.5397,2.4298,0.3615,6.6497,4.0000,3.0000
30.6997,614,4.5389,4.0912,3.0082,3.6618,2.7082,0.3694,2.5513,2.4487,0.3612,6.6997,4.0000,3.0000
30.7497,615,4.6123,4.0924,3.0082,3.6771,2.7255,0.3704,2.5635,2.4669,0.3607,6.7497,4.0000,3.0000
30.7997,616,4.6123,4.0924,3.0082,3.6771,2.7255,0.3704,2.5635,2.4669,0.3607,6.7997,4.0000,3.0000
30.8497,617,4.6856,4.0936,3.0082,3.6926,2.7417,0.3710,2.5768,2.4846,0.3600,6.8497,4.0000,3.0000
30.8998,618,4.6856,4.0936,3.0082,3.6926,2.7417,0.3710,2.5768,2.4846,0.3600,6.8998,4.0000,3.0000
30.9497,619,4.7589,4.0946,3.0082,3.7084,2.7572,0.3710,2.5915,2.5018,0.3593,6.9497,4.0000,3.0000
30.9997,620,4.7589,4.0946,3.0082,3.7084,2.7572,0.3710,2.5915,2.5018,0.3593,6.9997,4.0000,3.0000
31.0497,621,4.8323,4.0957,3.0081,3.7247,2.7721,0.3708,2.6079,2.5190,0.3592,7.0497,4.0000,3.0000
31.0996,622,4.8323,4.0957,3.0081,3.7421,2.7867,0.3706,2.6079,2.5190,0.3592,7.0996,4.0000,3.0000
31.1497,623,4.9056,4.0966,3.0081,3.7421,2.7867,0.3706,2.6260,2.5364,0.3592,7.1497,4.0000,3.0000
31.1997,624,4.9789,4.0975,3.0081,3.7607,2.8014,0.3702,2.6455,2.5539,0.3585,7.1997,4.0000,3.0000
31.2497,625,4.9789,4.0975,3.0081,3.7607,2.8014,0.3702,2.6455,2.5539,0.3585,7.2497,4.0000,3.0000
31.2998,626,5.0523,4.0984,3.0081,3.7808,2.8163,0.3696,2.6659,2.5701,0.3586,7.2998,4.0000,3.0000
31.3498,627,5.0523,4.0984,3.0081,3.7808,2.8163,0.3696,2.6659,2.5701,0.3586,7.3498,4.0000,3.0000
31.3998,628,5.1256,4.0991,3.0081,3.8024,2.8312,0.3691,2.6863,2.5853,0.3594,7.3998,4.0000,3.0000
31.4498,629,5.1256,4.0991,3.0081,3.8024,2.8312,0.3691,2.6863,2.5853,0.3594,7.4498,4.0000,3.0000
31.4998,630,5.1989,4.0999,3.0080,3.8243,2.8455,0.3703,2.7071,2.6000,0.3608,7.4998,4.0000,3.0000
31.5497,631,5.2723,4.1006,3.0080,3.8458,2.8589,0.3725,2.7280,2.6139,0.3623,7.5497,4.0000,3.0000
31.5997,632,5.2723,4.1006,3.0080,3.8458,2.8589,0.3725,2.7280,2.6139,0.3623,7.5997,4.0000,3.0000
31.6497,633,5.3456,4.1012,3.0080,3.8672,2.8716,0.3752,2.7495,2.6275,0.3631,7.6497,4.0000,3.0000
31.6997,634,5.3456,4.1012,3.0080,3.8672,2.8716,0.3752,2.7495,2.6275,0.3631,7.6997,4.0000,3.0000
31.7497,635,5.4189,4.1018,3.0080,3.8883,2.8838,0.3773,2.7722,2.6408,0.3631,7.7497,4.0000,3.0000
31.7996,636,5.4923,4.1024,3.0080,3.9095,2.8957,0.3785,2.7967,2.6539,0.3627,7.7996,4.0000,3.0000
31.8497,637,5.4923,4.1024,3.0080,3.9095,2.8957,0.3785,2.7967,2.6539,0.3627,7.8497,4.0000,3.0000
31.8997,638,5.5656,4.1029,3.0079,3.9315,2.9074,0.3792,2.8233,2.6665,0.3631,7.8997,4.0000,3.0000
31.9497,639,5.5656,4.1029,3.0079,3.9315,2.9074,0.3792,2.8233,2.6665,0.3631,7.9497,4.0000,3.0000
31.9997,640,5.6389,4.1034,3.0079,3.9550,2.9191,0.3795,2.8506,2.6786,0.3637,7.9997,4.0000,3.0000
32.0497,641,5.7123,4.1039,3.0079,3.9801,2.9309,0.3796,2.8771,2.6903,0.3644,8.0497,4.0000,3.0000
32.0997,642,5.7123,4.1039,3.0079,3.9801,2.9309,0.3796,2.8771,2.6903,0.3644,8.0997,4.0000,3.0000
32.1497,643,5.7856,4.1043,3.0079,4.0064,2.9427,0.3790,2.9031,2.7016,0.3654,8.1497,4.0000,3.0000
32.1997,644,5.7856,4.1043,3.0079,4.0064,2.9427,0.3790,2.9031,2.7016,0.3654,8.1997,4.0000,3.0000
32.2497,645,5.8589,4.1047,3.0079,4.0324,2.9536,0.3783,2.9290,2.7125,0.3665,8.2497,4.0000,3.0000
32.2998,646,5.9323,4.1051,3.0079,4.0578,2.9635,0.3786,2.9552,2.7231,0.3672,8.2998,4.0000,3.0000
32.3497,647,5.9323,4.1051,3.0079,4.0578,2.9635,0.3786,2.9552,2.7231,0.3672,8.3497,4.0000,3.0000
32.3997,648,6.0056,4.1054,3.0078,4.0828,2.9731,0.3789,2.9822,2.7334,0.3673,8.3997,4.0000,3.0000
32.4497,649,6.0056,4.1054,3.0078,4.0828,2.9731,0.3789,2.9822,2.7334,0.3673,8.4497,4.0000,3.0000
32.4997,650,6.0789,4.1058,3.0078,4.1078,2.9826,0.3787,3.0102,2.7434,0.3671,8.4997,4.0000,3.0000
32.5496,651,6.1523,4.1061,3.0078,4.1333,2.9917,0.3781,3.0395,2.7535,0.3666,8.5496,4.0000,3.0000
32.5998,652,6.1523,4.1061,3.0078,4.1333,2.9917,0.3781,3.0395,2.7535,0.3666,8.5998,4.0000,3.0000
32.6497,653,6.2256,4.1063,3.0078,4.1596,3.0004,0.3770,3.0697,2.7633,0.3667,8.6497,4.0000,3.0000
32.6997,654,6.2256,4.1063,3.0078,4.1596,3.0004,0.3770,3.0697,2.7633,0.3667,8.6997,4.0000,3.0000
32.7497,655,6.2989,4.1066,3.0078,4.1871,3.0089,0.3756,3.0990,2.7724,0.3681,8.7497,4.0000,3.0000
32.7997,656,6.3723,4.1068,3.0077,4.2160,3.0173,0.3741,3.1274,2.7809,0.3705,8.7997,4.0000,3.0000
32.8498,657,6.3723,4.1068,3.0077,4.2160,3.0173,0.3741,3.1274,2.7809,0.3705,8.8498,4.0000,3.0000
32.8997,658,6.4456,4.1070,3.0077,4.2458,3.0252,0.3734,3.1550,2.7891,0.3730,8.8997,4.0000,3.0000
32.9498,659,6.4456,4.1070,3.0077,4.2458,3.0252,0.3734,3.1550,2.7891,0.3730,8.9498,4.0000,3.0000
32.9997,660,6.5189,4.1072,3.0077,4.2749,3.0328,0.3736,3.1823,2.7973,0.3749,8.9997,4.0000,3.0000
33.0497,661,6.5923,4.1073,3.0077,4.3035,3.0398,0.3749,3.2099,2.8057,0.3764,9.0497,4.0000,3.0000
33.0998,662,6.5923,4.1073,3.0077,4.3035,3.0398,0.3749,3.2099,2.8057,0.3764,9.0998,4.0000,3.0000
33.1498,663,6.6656,4.1075,3.0077,4.3313,3.0462,0.3765,3.2384,2.8140,0.3775,9.1498,4.0000,3.0000
33.1998,664,6.6656,4.1075,3.0077,4.3313,3.0462,0.3765,3.2384,2.8140,0.3775,9.1998,4.0000,3.0000
33.2497,665,6.7389,4.1076,3.0077,4.3588,3.0524,0.3778,3.2678,2.8224,0.3784,9.2497,4.0000,3.0000
33.2997,666,6.7389,4.1076,3.0077,4.3588,3.0524,0.3778,3.2678,2.8224,0.3784,9.2997,4.0000,3.0000
33.3497,667,6.8123,4.1077,3.0076,4.3866,3.0585,0.3784,3.2981,2.8306,0.3791,9.3497,4.0000,3.0000
33.3996,668,6.8856,4.1078,3.0076,4.4158,3.0644,0.3784,3.3285,2.8383,0.3802,9.3996,4.0000,3.0000
33.4497,669,6.8856,4.1078,3.0076,4.4158,3.0644,0.3784,3.3285,2.8383,0.3802,9.4497,4.0000,3.0000
33.4997,670,6.9589,4.1079,3.0076,4.4466,3.0700,0.3785,3.3585,2.8459,0.3805,9.4997,4.0000,3.0000
33.5499,671,6.9589,4.1079,3.0076,4.4782,3.0753,0.3790,3.3585,2.8459,0.3805,9.5499,4.0000,3.0000
33.5997,672,7.0322,4.1080,3.0076,4.4782,3.0753,0.3790,3.3876,2.8534,0.3812,9.5997,4.0000,3.0000
33.6497,673,7.1056,4.1081,3.0076,4.5090,3.0807,0.3788,3.4163,2.8605,0.3822,9.6497,4.0000,3.0000
33.6997,674,7.1056,4.1081,3.0076,4.5090,3.0807,0.3788,3.4163,2.8605,0.3822,9.6997,4.0000,3.0000
33.7497,675,7.1789,4.1081,3.0075,4.5387,3.0861,0.3793,3.4449,2.8674,0.3831,9.7497,4.0000,3.0000
33.7997,676,7.1789,4.1081,3.0075,4.5387,3.0861,0.3793,3.4449,2.8674,0.3831,9.7997,4.0000,3.0000
33.8497,677,7.2522,4.1082,3.0075,4.5680,3.0916,0.3799,3.4738,2.8741,0.3839,9.8497,4.0000,3.0000
33.8996,678,7.3256,4.1082,3.0075,4.5973,3.0971,0.3800,3.5033,2.8804,0.3846,9.8996,4.0000,3.0000
33.9497,679,7.3256,4.1082,3.0075,4.5973,3.0971,0.3800,3.5033,2.8804,0.3846,9.9497,4.0000,3.0000
33.9997,680,7.3989,4.1082,3.0075,4.6268,3.1024,0.3793,3.5337,2.8866,0.3851,9.9997,4.0000,3.0000
34.0497,681,7.3989,4.1082,3.0075,4.6268,3.1024,0.3793,3.5337,2.8866,0.3851,10.0000,4.0497,3.0000
34.0997,682,7.4722,4.1082,3.0075,4.6569,3.1074,0.3786,3.5646,2.8924,0.3849,10.0000,4.0997,3.0000
34.1497,683,7.5456,4.1085,3.0075,4.6880,3.1123,0.3779,3.5954,2.8979,0.3839,10.0000,4.1497,3.0000
34.1997,684,7.5456,4.1085,3.0075,4.6880,3.1123,0.3779,3.5954,2.8979,0.3839,10.0000,4.1997,3.0000
34.2497,685,7.6189,4.1097,3.0074,4.7200,3.1167,0.3771,3.6252,2.9030,0.3838,10.0000,4.2497,3.0000
34.2997,686,7.6189,4.1097,3.0074,4.7200,3.1167,0.3771,3.6252,2.9030,0.3838,10.0000,4.2997,3.0000
34.3497,687,7.6922,4.1127,3.0074,4.7516,3.1210,0.3766,3.6539,2.9079,0.3844,10.0000,4.3497,3.0000
34.3997,688,7.6922,4.1127,3.0074,4.7516,3.1210,0.3766,3.6539,2.9079,0.3844,10.0000,4.3997,3.0000
34.4497,689,7.7656,4.1182,3.0074,4.7818,3.1249,0.3772,3.6819,2.9131,0.3850,10.0000,4.4497,3.0000
34.4996,690,7.7656,4.1182,3.0074,4.7818,3.1249,0.3772,3.6819,2.9131,0.3850,10.0000,4.4996,3.0000
34.5497,691,7.8389,4.1266,3.0074,4.8110,3.1287,0.3785,3.7097,2.9185,0.3856,10.0000,4.5497,3.0000
34.5997,692,7.9122,4.1378,3.0074,4.8395,3.1325,0.3797,3.7380,2.9243,0.3859,10.0000,4.5997,3.0000
34.6498,693,7.9122,4.1378,3.0074,4.8395,3.1325,0.3797,3.7380,2.9243,0.3859,10.0000,4.6498,3.0000
34.6997,694,7.9856,4.1520,3.0073,4.8676,3.1364,0.3807,3.7669,2.9303,0.3859,10.0000,4.6997,3.0000
34.7497,695,7.9856,4.1520,3.0073,4.8676,3.1364,0.3807,3.7669,2.9303,0.3859,10.0000,4.7497,3.0000
34.7997,696,8.0589,4.1692,3.0073,4.8961,3.1403,0.3814,3.7967,2.9364,0.3860,10.0000,4.7997,3.0000
34.8497,697,8.1322,4.1894,3.0073,4.9256,3.1444,0.3818,3.8271,2.9424,0.3862,10.0000,4.8497,3.0000
34.8997,698,8.1322,4.1894,3.0073,4.9256,3.1444,0.3818,3.8271,2.9424,0.3862,10.0000,4.8997,3.0000
34.9497,699,8.2056,4.2125,3.0073,4.9562,3.1485,0.3821,3.8574,2.9484,0.3866,10.0000,4.9497,3.0000
34.9998,700,8.2056,4.2125,3.0073,4.9875,3.1524,0.3827,3.8574,2.9484,0.3866,10.0000,4.9998,3.0000
35.0498,701,8.2789,4.2386,3.0073,4.9875,3.1524,0.3827,3.8876,2.9546,0.3863,10.0000,5.0498,3.0000
35.0997,702,8.3522,4.2674,3.0073,5.0186,3.1560,0.3836,3.9172,2.9608,0.3862,10.0000,5.0997,3.0000
35.1497,703,8.3522,4.2674,3.0073,5.0186,3.1560,0.3836,3.9172,2.9608,0.3862,10.0000,5.1497,3.0000
35.1997,704,8.4256,4.2989,3.0072,5.0492,3.1598,0.3838,3.9462,2.9669,0.3865,10.0000,5.1997,3.0000
35.2496,705,8.4989,4.3331,3.0072,5.0790,3.1636,0.3845,3.9750,2.9730,0.3869,10.0000,5.2496,3.0000
35.2997,706,8.4989,4.3331,3.0072,5.0790,3.1636,0.3845,3.9750,2.9730,0.3869,10.0000,5.2997,3.0000
35.3496,707,8.5722,4.3701,3.0072,5.1085,3.1675,0.3853,4.0040,2.9793,0.3872,10.0000,5.3496,3.0000
35.3997,708,8.5722,4.3701,3.0072,5.1085,3.1675,0.3853,4.0040,2.9793,0.3872,10.0000,5.3997,3.0000
35.4497,709,8.6456,4.4096,3.0072,5.1381,3.1716,0.3858,4.0333,2.9853,0.3877,10.0000,5.4497,3.0000
35.4997,710,8.6456,4.4096,3.0072,5.1381,3.1716,0.3858,4.0333,2.9853,0.3877,10.0000,5.4997,3.0000
35.5497,711,8.6456,4.4096,3.0072,5.1381,3.1716,0.3858,4.0333,2.9853,0.3877,10.0000,5.5497,3.0000
35.5997,712,8.6456,4.4096,3.0072,5.1381,3.1716,0.3858,4.0333,2.9853,0.3877,10.0000,5.5997,3.0000
35.6497,713,8.6456,4.4096,3.0072,5.1381,3.1716,0.3858,4.0333,2.9853,0.3877,10.0000,5.6497,3.0000
35.6997,714,8.7186,4.4522,3.0072,5.1680,3.1755,0.3860,4.0629,2.9910,0.3882,10.0000,5.6997,3.0000
35.7497,715,8.7906,4.4986,3.0072,5.1984,3.1792,0.3861,4.0930,2.9966,0.3883,10.0000,5.7497,3.0000
35.7997,716,8.7906,4.4986,3.0072,5.1984,3.1792,0.3861,4.0930,2.9966,0.3883,10.0000,5.7997,3.0000
35.8497,717,8.8612,4.5482,3.0071,5.2296,3.1829,0.3858,4.1232,3.0018,0.3873,10.0000,5.8497,3.0000
35.8997,718,8.8612,4.5482,3.0071,5.2296,3.1829,0.3858,4.1232,3.0018,0.3873,10.0000,5.8997,3.0000
35.9497,719,8.9298,4.6005,3.0071,5.2610,3.1862,0.3844,4.1527,3.0067,0.3862,10.0000,5.9497,3.0000
35.9997,720,8.9964,4.6554,3.0071,5.2915,3.1895,0.3837,4.1813,3.0114,0.3856,10.0000,5.9997,3.0000
36.0497,721,8.9964,4.6554,3.0071,5.2915,3.1895,0.3837,4.1813,3.0114,0.3856,9.9503,6.0000,3.0000
36.0997,722,9.0605,4.7125,3.0071,5.3207,3.1928,0.3839,4.2091,3.0164,0.3854,9.9003,6.0000,3.0000
36.1497,723,9.0605,4.7125,3.0071,5.3207,3.1928,0.3839,4.2091,3.0164,0.3854,9.8503,6.0000,3.0000
36.1997,724,9.1218,4.7710,3.0071,5.3491,3.1963,0.3843,4.2366,3.0215,0.3855,9.8003,6.0000,3.0000
36.2496,725,9.1791,4.8298,3.0071,5.3771,3.2003,0.3848,4.2644,3.0269,0.3856,9.7504,6.0000,3.0000
36.2997,726,9.1791,4.8298,3.0071,5.3771,3.2003,0.3848,4.2644,3.0269,0.3856,9.7003,6.0000,3.0000
36.3498,727,9.2319,4.8883,3.0070,5.4051,3.2047,0.3853,4.2928,3.0324,0.3856,9.6502,6.0000,3.0000
36.3997,728,9.2319,4.8883,3.0070,5.4051,3.2047,0.3853,4.2928,3.0324,0.3856,9.6003,6.0000,3.0000
36.4497,729,9.2801,4.9459,3.0070,5.4338,3.2096,0.3855,4.3220,3.0379,0.3857,9.5503,6.0000,3.0000
36.4997,730,9.3231,5.0022,3.0070,5.4633,3.2147,0.3857,4.3517,3.0434,0.3862,9.5003,6.0000,3.0000
36.5498,731,9.3231,5.0022,3.0070,5.4633,3.2147,0.3857,4.3517,3.0434,0.3862,9.4502,6.0000,3.0000
36.5997,732,9.3609,5.0570,3.0070,5.4935,3.2199,0.3868,4.3812,3.0490,0.3874,9.4003,6.0000,3.0000
36.6497,733,9.3609,5.0570,3.0070,5.4935,3.2199,0.3868,4.3812,3.0490,0.3874,9.3503,6.0000,3.0000
36.6997,734,9.3936,5.1100,3.0070,5.5234,3.2255,0.3884,4.4108,3.0549,0.3884,9.3003,6.0000,3.0000
36.7497,735,9.4212,5.1611,3.0070,5.5533,3.2314,0.3893,4.4404,3.0610,0.3881,9.2503,6.0000,3.0000
36.7998,736,9.4212,5.1611,3.0070,5.5533,3.2314,0.3893,4.4404,3.0610,0.3881,9.2002,6.0000,3.0000
36.8497,737,9.4440,5.2103,3.0069,5.5830,3.2375,0.3887,4.4693,3.0670,0.3883,9.1503,6.0000,3.0000
36.8996,738,9.4440,5.2103,3.0069,5.6120,3.2435,0.3888,4.4693,3.0670,0.3883,9.1004,6.0000,3.0000
36.9497,739,9.4618,5.2575,3.0069,5.6120,3.2435,0.3888,4.4980,3.0731,0.3885,9.0503,6.0000,3.0000
36.9997,740,9.4747,5.3026,3.0069,5.6409,3.2498,0.3889,4.5270,3.0795,0.3886,9.0003,6.0000,3.0000
37.0497,741,9.4747,5.3026,3.0069,5.6409,3.2498,0.3889,4.5270,3.0795,0.3886,8.9503,6.0000,3.0000
37.0997,742,9.4831,5.3458,3.0069,5.6701,3.2564,0.3888,4.5562,3.0860,0.3886,8.9003,6.0000,3.0000
37.1496,743,9.4869,5.3870,3.0069,5.6997,3.2631,0.3886,4.5861,3.0927,0.3884,8.8504,6.0000,3.0000
37.1998,744,9.4869,5.3870,3.0069,5.6997,3.2631,0.3886,4.5861,3.0927,0.3884,8.8002,6.0000,3.0000
37.2498,745,9.4863,5.4263,3.0069,5.7300,3.2700,0.3879,4.6163,3.0993,0.3873,8.7502,6.0000,3.0000
37.2997,746,9.4863,5.4263,3.0069,5.7300,3.2700,0.3879,4.6163,3.0993,0.3873,8.7003,6.0000,3.0000
37.3497,747,9.4863,5.4263,3.0069,5.7300,3.2700,0.3879,4.6163,3.0993,0.3873,8.6503,6.0000,3.0000
37.3997,748,9.4814,5.4637,3.0068,5.7607,3.2769,0.3861,4.6453,3.1058,0.3871,8.6003,6.0000,3.0000
37.4500,749,9.4719,5.4994,3.0068,5.7902,3.2836,0.3851,4.6730,3.1124,0.3876,8.5500,6.0000,3.0000
37.4998,750,9.4719,5.4994,3.0068,5.7902,3.2836,0.3851,4.6730,3.1124,0.3876,8.5002,6.0000,3.0000
37.5497,751,9.4581,5.5333,3.0068,5.8182,3.2905,0.3849,4.7001,3.1193,0.3882,8.4503,6.0000,3.0000
37.5997,752,9.4581,5.5333,3.0068,5.8182,3.2905,0.3849,4.7001,3.1193,0.3882,8.4003,6.0000,3.0000
37.6497,753,9.4405,5.5656,3.0068,5.8456,3.2978,0.3851,4.7268,3.1266,0.3891,8.3503,6.0000,3.0000
37.6997,754,9.4405,5.5656,3.0068,5.8456,3.2978,0.3851,4.7268,3.1266,0.3891,8.3003,6.0000,3.0000
37.7497,755,9.4192,5.5962,3.0068,5.8726,3.3056,0.3854,4.7535,3.1344,0.3900,8.2503,6.0000,3.0000
37.7997,756,9.4192,5.5962,3.0068,5.8726,3.3056,0.3854,4.7535,3.1344,0.3900,8.2003,6.0000,3.0000
37.8497,757,9.3941,5.6254,3.0068,5.8998,3.3141,0.3858,4.7805,3.1426,0.3910,8.1503,6.0000,3.0000
37.8996,758,9.3653,5.6530,3.0067,5.9275,3.3231,0.3860,4.8081,3.1514,0.3919,8.1004,6.0000,3.0000
37.9497,759,9.3653,5.6530,3.0067,5.9275,3.3231,0.3860,4.8081,3.1514,0.3919,8.0503,6.0000,3.0000
37.9997,760,9.3333,5.6793,3.0067,5.9558,3.3328,0.3863,4.8359,3.1605,0.3927,8.0003,6.0000,3.0000
38.0497,761,9.3333,5.6793,3.0067,5.9558,3.3328,0.3863,4.8359,3.1605,0.3927,7.9503,6.0000,3.0000
38.0997,762,9.2983,5.7043,3.0067,5.9840,3.3429,0.3871,4.8635,3.1702,0.3930,7.9003,6.0000,3.0000
38.1499,763,9.2983,5.7043,3.0067,6.0121,3.3538,0.3879,4.8635,3.1702,0.3930,7.8501,6.0000,3.0000
38.1997,764,9.2605,5.7280,3.0067,6.0121,3.3538,0.3879,4.8912,3.1803,0.3913,7.8003,6.0000,3.0000
38.2497,765,9.2199,5.7504,3.0067,6.0404,3.3651,0.3873,4.9187,3.1908,0.3887,7.7503,6.0000,3.0000
38.2997,766,9.2199,5.7504,3.0067,6.0404,3.3651,0.3873,4.9187,3.1908,0.3887,7.7003,6.0000,3.0000
38.3498,767,9.1770,5.7718,3.0067,6.0681,3.3766,0.3863,4.9455,3.2012,0.3869,7.6502,6.0000,3.0000
38.3998,768,9.1770,5.7718,3.0067,6.0681,3.3766,0.3863,4.9455,3.2012,0.3869,7.6002,6.0000,3.0000
38.4498,769,9.1316,5.7920,3.0066,6.0951,3.3881,0.3858,4.9718,3.2119,0.3856,7.5502,6.0000,3.0000
38.4998,770,9.1316,5.7920,3.0066,6.0951,3.3881,0.3858,4.9718,3.2119,0.3856,7.5002,6.0000,3.0000
38.5497,771,9.0838,5.8112,3.0066,6.1222,3.4002,0.3853,4.9981,3.2230,0.3845,7.4503,6.0000,3.0000
38.5998,772,9.0838,5.8112,3.0066,6.1222,3.4002,0.3853,4.9981,3.2230,0.3845,7.4002,6.0000,3.0000
38.6497,773,9.0336,5.8294,3.0066,6.1496,3.4129,0.3847,5.0247,3.2350,0.3833,7.3503,6.0000,3.0000
38.6997,774,8.9812,5.8467,3.0066,6.1773,3.4262,0.3841,5.0517,3.2478,0.3822,7.3003,6.0000,3.0000
38.7498,775,8.9812,5.8467,3.0066,6.1773,3.4262,0.3841,5.0517,3.2478,0.3822,7.2502,6.0000,3.0000
38.7997,776,8.9270,5.8631,3.0066,6.2052,3.4400,0.3837,5.0791,3.2611,0.3815,7.2003,6.0000,3.0000
38.8497,777,8.9270,5.8631,3.0066,6.2052,3.4400,0.3837,5.0791,3.2611,0.3815,7.1503,6.0000,3.0000
38.8997,778,8.8708,5.8787,3.0066,6.2324,3.4538,0.3839,5.1057,3.2744,0.3816,7.1003,6.0000,3.0000
38.9497,779,8.8708,5.8787,3.0066,6.2324,3.4538,0.3839,5.1057,3.2744,0.3816,7.0503,6.0000,3.0000
38.9997,780,8.8126,5.8934,3.0066,6.2581,3.4673,0.3847,5.1310,3.2875,0.3823,7.0003,6.0000,3.0000
39.0497,781,8.8126,5.8934,3.0066,6.2581,3.4673,0.3847,5.1310,3.2875,0.3823,6.9503,6.0000,3.0000
39.0998,782,8.7525,5.9074,3.0065,6.2828,3.4807,0.3859,5.1555,3.3004,0.3835,6.9002,6.0000,3.0000
39.1496,783,8.6905,5.9206,3.0065,6.3072,3.4944,0.3872,5.1797,3.3134,0.3848,6.8504,6.0000,3.0000
39.1998,784,8.6905,5.9206,3.0065,6.3072,3.4944,0.3872,5.1797,3.3134,0.3848,6.8002,6.0000,3.0000
39.2497,785,8.6268,5.9332,3.0065,6.3314,3.5085,0.3886,5.2036,3.3267,0.3863,6.7503,6.0000,3.0000
39.2997,786,8.6268,5.9332,3.0065,6.3314,3.5085,0.3886,5.2036,3.3267,0.3863,6.7003,6.0000,3.0000
39.3498,787,8.5618,5.9451,3.0065,6.3556,3.5231,0.3900,5.2278,3.3402,0.3878,6.6502,6.0000,3.0000
39.3997,788,8.5618,5.9451,3.0065,6.3556,3.5231,0.3900,5.2278,3.3402,0.3878,6.6003,6.0000,3.0000
39.4497,789,8.4953,5.9564,3.0065,6.3801,3.5382,0.3915,5.2523,3.3542,0.3893,6.5503,6.0000,3.0000
39.4996,790,8.4953,5.9564,3.0065,6.4050,3.5539,0.3921,5.2523,3.3542,0.3893,6.5004,6.0000,3.0000
39.5497,791,8.4273,5.9671,3.0065,6.4050,3.5539,0.3921,5.2769,3.3687,0.3904,6.4503,6.0000,3.0000
39.5997,792,8.3581,5.9772,3.0064,6.4297,3.5698,0.3915,5.3015,3.3835,0.3905,6.4003,6.0000,3.0000
39.6499,793,8.3581,5.9772,3.0064,6.4297,3.5698,0.3915,5.3015,3.3835,0.3905,6.3501,6.0000,3.0000
39.6998,794,8.2880,5.9869,3.0064,6.4542,3.5862,0.3895,5.3259,3.3986,0.3890,6.3002,6.0000,3.0000
39.7497,795,8.2880,5.9869,3.0064,6.4542,3.5862,0.3895,5.3259,3.3986,0.3890,6.2503,6.0000,3.0000
39.7997,796,8.2170,5.9960,3.0064,6.4786,3.6028,0.3863,5.3506,3.4140,0.3860,6.2003,6.0000,3.0000
39.8497,797,8.2170,5.9960,3.0064,6.4786,3.6028,0.3863,5.3506,3.4140,0.3860,6.1503,6.0000,3.0000
39.8998,798,8.1455,6.0046,3.0064,6.5023,3.6194,0.3838,5.3749,3.4295,0.3825,6.1002,6.0000,3.0000
39.9496,799,8.0735,6.0128,3.0064,6.5253,3.6360,0.3820,5.3984,3.4447,0.3801,6.0504,6.0000,3.0000
39.9998,800,8.0735,6.0128,3.0064,6.5253,3.6360,0.3820,5.3984,3.4447,0.3801,6.0002,6.0000,3.0000
40.0499,801,8.0012,6.0205,3.0064,6.5482,3.6530,0.3803,5.4214,3.4601,0.3784,5.9501,6.0000,3.0000
40.0997,802,8.0012,6.0205,3.0064,6.5482,3.6530,0.3803,5.4214,3.4601,0.3784,5.9003,6.0000,3.0000
40.1497,803,7.9286,6.0279,3.0064,6.5713,3.6708,0.3787,5.4440,3.4759,0.3771,5.8503,6.0000,3.0000
40.1997,804,7.9286,6.0279,3.0064,6.5713,3.6708,0.3787,5.4440,3.4759,0.3771,5.8003,6.0000,3.0000
40.2497,805,7.8559,6.0348,3.0063,6.5945,3.6893,0.3772,5.4667,3.4925,0.3757,5.7503,6.0000,3.0000
40.2996,806,7.7829,6.0414,3.0063,6.6180,3.7087,0.3763,5.4899,3.5099,0.3744,5.7004,6.0000,3.0000
40.3497,807,7.7829,6.0414,3.0063,6.6180,3.7087,0.3763,5.4899,3.5099,0.3744,5.6503,6.0000,3.0000
40.3997,808,7.7099,6.0477,3.0063,6.6410,3.7282,0.3768,5.5136,3.5281,0.3735,5.6003,6.0000,3.0000
40.4497,809,7.7099,6.0477,3.0063,6.6410,3.7282,0.3768,5.5136,3.5281,0.3735,5.5503,6.0000,3.0000
40.4997,810,7.6368,6.0536,3.0063,6.6627,3.7473,0.3773,5.5367,3.5465,0.3738,5.5003,6.0000,3.0000
40.5497,811,7.6368,6.0536,3.0063,6.6627,3.7473,0.3773,5.5367,3.5465,0.3738,5.4503,6.0000,3.0000
40.5997,812,7.5637,6.0592,3.0063,6.6832,3.7659,0.3782,5.5584,3.5645,0.3740,5.4003,6.0000,3.0000
40.6497,813,7.5637,6.0592,3.0063,6.6832,3.7659,0.3782,5.5584,3.5645,0.3740,5.3503,6.0000,3.0000
40.6997,814,7.4905,6.0645,3.0063,6.7031,3.7846,0.3792,5.5790,3.5820,0.3744,5.3003,6.0000,3.0000
40.7496,815,7.4173,6.0695,3.0063,6.7226,3.8035,0.3802,5.5988,3.5994,0.3750,5.2504,6.0000,3.0000
40.7997,816,7.4173,6.0695,3.0063,6.7226,3.8035,0.3802,5.5988,3.5994,0.3750,5.2003,6.0000,3.0000
40.8497,817,7.3440,6.0742,3.0062,6.7419,3.8228,0.3813,5.6180,3.6168,0.3753,5.1503,6.0000,3.0000
40.8997,818,7.3440,6.0742,3.0062,6.7419,3.8228,0.3813,5.6180,3.6168,0.3753,5.1003,6.0000,3.0000
40.9497,819,7.2707,6.0787,3.0062,6.7609,3.8425,0.3824,5.6371,3.6345,0.3756,5.0503,6.0000,3.0000
40.9997,820,7.2707,6.0787,3.0062,6.7609,3.8425,0.3824,5.6371,3.6345,0.3756,5.0003,6.0000,3.0000
41.0497,821,7.1974,6.0830,3.0062,6.7798,3.8627,0.3826,5.6563,3.6527,0.3758,4.9503,6.0000,3.0000
41.0997,822,7.1974,6.0830,3.0062,6.7798,3.8627,0.3826,5.6563,3.6527,0.3758,4.9003,6.0000,3.0000
41.1497,823,7.1241,6.0870,3.0062,6.7983,3.8832,0.3825,5.6753,3.6713,0.3754,4.8503,6.0000,3.0000
41.1997,824,7.0508,6.0908,3.0062,6.8162,3.9042,0.3826,5.6937,3.6904,0.3747,4.8003,6.0000,3.0000
41.2497,825,7.0508,6.0908,3.0062,6.8162,3.9042,0.3826,5.6937,3.6904,0.3747,4.7503,6.0000,3.0000
41.2998,826,6.9775,6.0944,3.0062,6.8338,3.9259,0.3812,5.7113,3.7101,0.3751,4.7002,6.0000,3.0000
41.3497,827,6.9775,6.0944,3.0062,6.8338,3.9259,0.3812,5.7113,3.7101,0.3751,4.6503,6.0000,3.0000
41.3997,828,6.9042,6.0978,3.0062,6.8508,3.9474,0.3792,5.7287,3.7305,0.3758,4.6003,6.0000,3.0000
41.4497,829,6.9042,6.0978,3.0062,6.8508,3.9474,0.3792,5.7287,3.7305,0.3758,4.5503,6.0000,3.0000
41.4997,830,6.8309,6.1010,3.0061,6.8668,3.9688,0.3780,5.7458,3.7513,0.3751,4.5003,6.0000,3.0000
41.5497,831,6.8309,6.1010,3.0061,6.8668,3.9688,0.3780,5.7458,3.7513,0.3751,4.4503,6.0000,3.0000
41.5997,832,6.7575,6.1040,3.0061,6.8823,3.9904,0.3771,5.7623,3.7722,0.3744,4.4003,6.0000,3.0000
41.6497,833,6.7575,6.1040,3.0061,6.8823,3.9904,0.3771,5.7623,3.7722,0.3744,4.3503,6.0000,3.0000
41.6998,834,6.6842,6.1069,3.0061,6.8972,4.0127,0.3762,5.7779,3.7930,0.3743,4.3002,6.0000,3.0000
41.7496,835,6.6842,6.1069,3.0061,6.9118,4.0359,0.3753,5.7779,3.7930,0.3743,4.2504,6.0000,3.0000
41.7997,836,6.6109,6.1096,3.0061,6.9118,4.0359,0.3753,5.7928,3.8140,0.3745,4.2003,6.0000,3.0000
41.8497,837,6.5375,6.1122,3.0061,6.9260,4.0599,0.3747,5.8072,3.8357,0.3743,4.1503,6.0000,3.0000
41.8997,838,6.5375,6.1122,3.0061,6.9260,4.0599,0.3747,5.8072,3.8357,0.3743,4.1003,6.0000,3.0000
41.9497,839,6.4642,6.1146,3.0061,6.9395,4.0845,0.3754,5.8213,3.8582,0.3741,4.0503,6.0000,3.0000
41.9997,840,6.4642,6.1146,3.0061,6.9395,4.0845,0.3754,5.8213,3.8582,0.3741,4.0003,6.0000,3.0000
42.0497,841,6.3909,6.1168,3.0061,6.9519,4.1091,0.3777,5.8350,3.8817,0.3739,3.9503,6.0000,3.0000
42.0997,842,6.3909,6.1168,3.0061,6.9519,4.1091,0.3777,5.8350,3.8817,0.3739,3.9003,6.0000,3.0000
42.1497,843,6.3175,6.1190,3.0060,6.9632,4.1331,0.3793,5.8479,3.9058,0.3747,3.8503,6.0000,3.0000
42.1996,844,6.2442,6.1210,3.0060,6.9734,4.1563,0.3797,5.8589,3.9296,0.3764,3.8004,6.0000,3.0000
42.2497,845,6.2442,6.1210,3.0060,6.9734,4.1563,0.3797,5.8589,3.9296,0.3764,3.7503,6.0000,3.0000
42.2997,846,6.1709,6.1229,3.0060,6.9825,4.1789,0.3790,5.8683,3.9528,0.3774,3.7003,6.0000,3.0000
42.3497,847,6.1709,6.1229,3.0060,6.9825,4.1789,0.3790,5.8683,3.9528,0.3774,3.6503,6.0000,3.0000
42.3997,848,6.0975,6.1247,3.0060,6.9906,4.2010,0.3774,5.8762,3.9752,0.3771,3.6003,6.0000,3.0000
42.4497,849,6.0975,6.1247,3.0060,6.9906,4.2010,0.3774,5.8762,3.9752,0.3771,3.5503,6.0000,3.0000
42.4997,850,6.0242,6.1264,3.0060,6.9978,4.2230,0.3750,5.8829,3.9970,0.3756,3.5003,6.0000,3.0000
42.5497,851,6.0242,6.1264,3.0060,6.9978,4.2230,0.3750,5.8829,3.9970,0.3756,3.4503,6.0000,3.0000
42.5998,852,5.9509,6.1280,3.0060,7.0040,4.2451,0.3724,5.8886,4.0186,0.3741,3.4002,6.0000,3.0000
42.6496,853,5.8775,6.1295,3.0060,7.0088,4.2674,0.3709,5.8933,4.0402,0.3727,3.3504,6.0000,3.0000
42.6998,854,5.8775,6.1295,3.0060,7.0088,4.2674,0.3709,5.8933,4.0402,0.3727,3.3002,6.0000,3.0000
42.7497,855,5.8042,6.1310,3.0060,7.0123,4.2905,0.3700,5.8969,4.0623,0.3713,3.2503,6.0000,3.0000
42.7997,856,5.8042,6.1310,3.0060,7.0123,4.2905,0.3700,5.8969,4.0623,0.3713,3.2003,6.0000,3.0000
42.8497,857,5.7309,6.1323,3.0059,7.0147,4.3146,0.3699,5.8991,4.0847,0.3696,3.1503,6.0000,3.0000
42.8997,858,5.7309,6.1323,3.0059,7.0147,4.3146,0.3699,5.8991,4.0847,0.3696,3.1003,6.0000,3.0000
42.9497,859,5.6575,6.1335,3.0059,7.0161,4.3386,0.3706,5.8996,4.1077,0.3675,3.0503,6.0000,3.0000
42.9997,860,5.6575,6.1335,3.0059,7.0168,4.3623,0.3715,5.8996,4.1077,0.3675,3.0003,6.0000,3.0000
43.0497,861,5.5842,6.1347,3.0059,7.0168,4.3623,0.3715,5.8986,4.1312,0.3649,2.9503,6.0000,3.0000
43.0996,862,5.5109,6.1358,3.0059,7.0170,4.3862,0.3722,5.8959,4.1551,0.3618,2.9004,6.0000,3.0000
43.1498,863,5.5109,6.1358,3.0059,7.0170,4.3862,0.3722,5.8959,4.1551,0.3618,2.8502,6.0000,3.0000
43.1998,864,5.4375,6.1368,3.0059,7.0165,4.4106,0.3722,5.8917,4.1787,0.3595,2.8002,6.0000,3.0000
43.2497,865,5.4375,6.1368,3.0059,7.0165,4.4106,0.3722,5.8917,4.1787,0.3595,2.7503,6.0000,3.0000
43.2997,866,5.3642,6.1378,3.0059,7.0152,4.4354,0.3715,5.8862,4.2012,0.3579,2.7003,6.0000,3.0000
43.3497,867,5.3642,6.1378,3.0059,7.0152,4.4354,0.3715,5.8862,4.2012,0.3579,2.6503,6.0000,3.0000
43.3997,868,5.2909,6.1387,3.0059,7.0132,4.4604,0.3691,5.8800,4.2230,0.3569,2.6003,6.0000,3.0000
43.4497,869,5.2909,6.1387,3.0059,7.0132,4.4604,0.3691,5.8800,4.2230,0.3569,2.5503,6.0000,3.0000
43.4997,870,5.2176,6.1396,3.0058,7.0103,4.4852,0.3662,5.8731,4.2443,0.3564,2.5003,6.0000,3.0000
43.5496,871,5.2176,6.1396,3.0058,7.0061,4.5089,0.3643,5.8731,4.2443,0.3564,2.4504,6.0000,3.0000
43.5997,872,5.1442,6.1404,3.0058,7.0061,4.5089,0.3643,5.8656,4.2655,0.3563,2.4003,6.0000,3.0000
43.6497,873,5.0709,6.1411,3.0058,7.0005,4.5313,0.3633,5.8574,4.2867,0.3566,2.3503,6.0000,3.0000
43.6998,874,5.0709,6.1411,3.0058,7.0005,4.5313,0.3633,5.8574,4.2867,0.3566,2.3002,6.0000,3.0000
43.7497,875,4.9976,6.1418,3.0058,6.9938,4.5522,0.3624,5.8482,4.3077,0.3568,2.2503,6.0000,3.0000
43.7997,876,4.9976,6.1418,3.0058,6.9938,4.5522,0.3624,5.8482,4.3077,0.3568,2.2003,6.0000,3.0000
43.8497,877,4.9242,6.1424,3.0058,6.9861,4.5719,0.3607,5.8377,4.3287,0.3571,2.1503,6.0000,3.0000
43.8996,878,4.8509,6.1430,3.0058,6.9774,4.5905,0.3582,5.8258,4.3493,0.3575,2.1004,6.0000,3.0000
43.9498,879,4.8509,6.1430,3.0058,6.9774,4.5905,0.3582,5.8258,4.3493,0.3575,2.0502,6.0000,3.0000
43.9997,880,4.7776,6.1436,3.0058,6.9677,4.6079,0.3550,5.8125,4.3691,0.3583,2.0003,6.0000,3.0000
44.0497,881,4.7776,6.1436,3.0058,6.9677,4.6079,0.3550,5.8125,4.3691,0.3583,1.9503,6.0000,3.0000
44.0997,882,4.7042,6.1441,3.0058,6.9572,4.6246,0.3520,5.7986,4.3881,0.3585,1.9003,6.0000,3.0000
44.1497,883,4.7042,6.1441,3.0058,6.9572,4.6246,0.3520,5.7986,4.3881,0.3585,1.8503,6.0000,3.0000
44.1997,884,4.6309,6.1446,3.0057,6.9459,4.6415,0.3492,5.7841,4.4064,0.3584,1.8003,6.0000,3.0000
44.2497,885,4.6309,6.1446,3.0057,6.9459,4.6415,0.3492,5.7841,4.4064,0.3584,1.7503,6.0000,3.0000
44.2997,886,4.5576,6.1450,3.0057,6.9334,4.6588,0.3466,5.7689,4.4238,0.3581,1.7003,6.0000,3.0000
44.3496,887,4.4842,6.1454,3.0057,6.9193,4.6762,0.3439,5.7528,4.4410,0.3578,1.6504,6.0000,3.0000
44.3997,888,4.4842,6.1454,3.0057,6.9193,4.6762,0.3439,5.7528,4.4410,0.3578,1.6003,6.0000,3.0000
44.4498,889,4.4842,6.1454,3.0057,6.9193,4.6762,0.3439,5.7528,4.4410,0.3578,1.5502,6.0000,3.0000
44.4997,890,4.4109,6.1458,3.0057,6.9033,4.6933,0.3413,5.7352,4.4583,0.3574,1.5003,6.0000,3.0000
44.5498,891,4.4109,6.1458,3.0057,6.9033,4.6933,0.3413,5.7352,4.4583,0.3574,1.4502,6.0000,3.0000
44.5998,892,4.3376,6.1461,3.0057,6.8859,4.7101,0.3402,5.7160,4.4759,0.3568,1.4002,6.0000,3.0000
44.6496,893,4.2642,6.1464,3.0057,6.8677,4.7264,0.3404,5.6957,4.4937,0.3561,1.3504,6.0000,3.0000
44.6998,894,4.2642,6.1464,3.0057,6.8677,4.7264,0.3404,5.6957,4.4937,0.3561,1.3002,6.0000,3.0000
44.7497,895,4.1909,6.1467,3.0057,6.8494,4.7425,0.3411,5.6753,4.5106,0.3555,1.2503,6.0000,3.0000
44.7997,896,4.1909,6.1467,3.0057,6.8494,4.7425,0.3411,5.6753,4.5106,0.3555,1.2003,6.0000,3.0000
44.8497,897,4.1175,6.1470,3.0057,6.8308,4.7585,0.3419,5.6551,4.5263,0.3555,1.1503,6.0000,3.0000
44.8997,898,4.1175,6.1470,3.0057,6.8308,4.7585,0.3419,5.6551,4.5263,0.3555,1.1003,6.0000,3.0000
44.9497,899,4.0442,6.1472,3.0056,6.8118,4.7744,0.3426,5.6351,4.5414,0.3560,1.0503,6.0000,3.0000
44.9997,900,4.0442,6.1472,3.0056,6.8118,4.7744,0.3426,5.6351,4.5414,0.3560,1.0003,6.0000,3.0000
45.0497,901,3.9709,6.1474,3.0056,6.7926,4.7899,0.3429,5.6151,4.5559,0.3570,0.9503,6.0000,3.0000
45.0997,902,3.8975,6.1476,3.0056,6.7728,4.8050,0.3429,5.5952,4.5702,0.3579,0.9003,6.0000,3.0000
45.1497,903,3.8975,6.1476,3.0056,6.7728,4.8050,0.3429,5.5952,4.5702,0.3579,0.8503,6.0000,3.0000
45.1997,904,3.8242,6.1478,3.0056,6.7520,4.8202,0.3426,5.5752,4.5841,0.3587,0.8003,6.0000,3.0000
45.2497,905,3.8242,6.1478,3.0056,6.7520,4.8202,0.3426,5.5752,4.5841,0.3587,0.7503,6.0000,3.0000
45.2997,906,3.7509,6.1479,3.0056,6.7298,4.8353,0.3422,5.5548,4.5979,0.3593,0.7003,6.0000,3.0000
45.3497,907,3.7509,6.1479,3.0056,6.7298,4.8353,0.3422,5.5548,4.5979,0.3593,0.6503,6.0000,3.0000
45.3997,908,3.6775,6.1481,3.0056,6.7065,4.8501,0.3427,5.5338,4.6120,0.3597,0.6003,6.0000,3.0000
45.4496,909,3.6042,6.1482,3.0056,6.6830,4.8636,0.3440,5.5115,4.6264,0.3601,0.5504,6.0000,3.0000
45.4997,910,3.6042,6.1482,3.0056,6.6830,4.8636,0.3440,5.5115,4.6264,0.3601,0.5003,6.0000,3.0000
45.5497,911,3.5309,6.1483,3.0056,6.6599,4.8762,0.3455,5.4886,4.6403,0.3608,0.4503,6.0000,3.0000
45.5997,912,3.5309,6.1483,3.0056,6.6599,4.8762,0.3455,5.4886,4.6403,0.3608,0.4003,6.0000,3.0000
45.6497,913,3.4575,6.1483,3.0055,6.6375,4.8883,0.3469,5.4659,4.6532,0.3610,0.3503,6.0000,3.0000
45.6996,914,3.4575,6.1483,3.0055,6.6154,4.9002,0.3481,5.4659,4.6532,0.3610,0.3004,6.0000,3.0000
45.7497,915,3.3842,6.1484,3.0055,6.6154,4.9002,0.3481,5.4435,4.6652,0.3604,0.2503,6.0000,3.0000
45.7997,916,3.3109,6.1484,3.0055,6.5933,4.9121,0.3493,5.4215,4.6766,0.3600,0.2003,6.0000,3.0000
45.8498,917,3.3109,6.1484,3.0055,6.5933,4.9121,0.3493,5.4215,4.6766,0.3600,0.1502,6.0000,3.0000
45.8998,918,3.2375,6.1485,3.0055,6.5707,4.9240,0.3506,5.3996,4.6874,0.3601,0.1002,6.0000,3.0000
45.9497,919,3.2375,6.1485,3.0055,6.5707,4.9240,0.3506,5.3996,4.6874,0.3601,0.0503,6.0000,3.0000
45.9997,920,3.1642,6.1485,3.0055,6.5474,4.9356,0.3522,5.3775,4.6978,0.3604,0.0003,6.0000,3.0000
46.0497,921,3.1642,6.1485,3.0055,6.5474,4.9356,0.3522,5.3775,4.6978,0.3604,0.0000,6.0497,3.0000
46.0997,922,3.0909,6.1485,3.0055,6.5231,4.9470,0.3543,5.3548,4.7081,0.3607,0.0000,6.0997,3.0000
46.1496,923,3.0175,6.1490,3.0055,6.4979,4.9582,0.3574,5.3312,4.7185,0.3611,0.0000,6.1496,3.0000
46.1997,924,3.0175,6.1490,3.0055,6.4979,4.9582,0.3574,5.3312,4.7185,0.3611,0.0000,6.1997,3.0000
46.2497,925,2.9442,6.1507,3.0055,6.4721,4.9694,0.3612,5.3065,4.7288,0.3616,0.0000,6.2497,3.0000
46.2997,926,2.9442,6.1507,3.0055,6.4721,4.9694,0.3612,5.3065,4.7288,0.3616,0.0000,6.2997,3.0000
46.3497,927,2.8709,6.1540,3.0054,6.4459,4.9805,0.3641,5.2810,4.7390,0.3614,0.0000,6.3497,3.0000
46.3997,928,2.8709,6.1540,3.0054,6.4459,4.9805,0.3641,5.2810,4.7390,0.3614,0.0000,6.3997,3.0000
46.4497,929,2.7975,6.1598,3.0054,6.4196,4.9916,0.3661,5.2548,4.7488,0.3613,0.0000,6.4497,3.0000
46.4997,930,2.7975,6.1598,3.0054,6.4196,4.9916,0.3661,5.2548,4.7488,0.3613,0.0000,6.4997,3.0000
46.5497,931,2.7242,6.1680,3.0054,6.3937,5.0025,0.3678,5.2283,4.7581,0.3613,0.0000,6.5497,3.0000
46.5997,932,2.7242,6.1680,3.0054,6.3680,5.0133,0.3689,5.2283,4.7581,0.3613,0.0000,6.5997,3.0000
46.6497,933,2.6509,6.1791,3.0054,6.3680,5.0133,0.3689,5.2021,4.7671,0.3616,0.0000,6.6497,3.0000
46.6997,934,2.5775,6.1935,3.0054,6.3424,5.0241,0.3693,5.1764,4.7759,0.3624,0.0000,6.6997,3.0000
46.7497,935,2.5775,6.1935,3.0054,6.3424,5.0241,0.3693,5.1764,4.7759,0.3624,0.0000,6.7497,3.0000
46.7997,936,2.5042,6.2108,3.0054,6.3166,5.0349,0.3691,5.1509,4.7848,0.3635,0.0000,6.7997,3.0000
46.8498,937,2.5042,6.2108,3.0054,6.3166,5.0349,0.3691,5.1509,4.7848,0.3635,0.0000,6.8498,3.0000
46.8997,938,2.4309,6.2313,3.0054,6.2901,5.0457,0.3688,5.1257,4.7937,0.3641,0.0000,6.8997,3.0000
46.9497,939,2.4309,6.2313,3.0054,6.2901,5.0457,0.3688,5.1257,4.7937,0.3641,0.0000,6.9497,3.0000
46.9997,940,2.3575,6.2552,3.0054,6.2627,5.0566,0.3683,5.1005,4.8026,0.3644,0.0000,6.9997,3.0000
47.0497,941,2.2842,6.2823,3.0053,6.2341,5.0674,0.3682,5.0748,4.8117,0.3640,0.0000,7.0497,3.0000
47.0997,942,2.2842,6.2823,3.0053,6.2341,5.0674,0.3682,5.0748,4.8117,0.3640,0.0000,7.0997,3.0000
47.1498,943,2.2109,6.3125,3.0053,6.2058,5.0776,0.3687,5.0483,4.8209,0.3634,0.0000,7.1498,3.0000
47.1997,944,2.2109,6.3125,3.0053,6.2058,5.0776,0.3687,5.0483,4.8209,0.3634,0.0000,7.1997,3.0000
47.2497,945,2.1375,6.3455,3.0053,6.1786,5.0871,0.3691,5.0203,4.8304,0.3627,0.0000,7.2497,3.0000
47.2997,946,2.1375,6.3455,3.0053,6.1786,5.0871,0.3691,5.0203,4.8304,0.3627,0.0000,7.2997,3.0000
47.3497,947,2.0642,6.3812,3.0053,6.1521,5.0962,0.3702,4.9918,4.8397,0.3622,0.0000,7.3497,3.0000
47.3996,948,1.9909,6.4199,3.0053,6.1257,5.1054,0.3713,4.9640,4.8482,0.3621,0.0000,7.3996,3.0000
47.4497,949,1.9909,6.4199,3.0053,6.1257,5.1054,0.3713,4.9640,4.8482,0.3621,0.0000,7.4497,3.0000
47.4998,950,1.9175,6.4610,3.0053,6.0991,5.1148,0.3724,4.9373,4.8565,0.3623,0.0000,7.4998,3.0000
47.5497,951,1.9175,6.4610,3.0053,6.0991,5.1148,0.3724,4.9373,4.8565,0.3623,0.0000,7.5497,3.0000
47.5997,952,1.8442,6.5045,3.0053,6.0722,5.1241,0.3736,4.9113,4.8648,0.3629,0.0000,7.5997,3.0000
47.6497,953,1.8442,6.5045,3.0053,6.0722,5.1241,0.3736,4.9113,4.8648,0.3629,0.0000,7.6497,3.0000
47.6998,954,1.7709,6.5504,3.0053,6.0447,5.1334,0.3749,4.8854,4.8734,0.3632,0.0000,7.6998,3.0000
47.7496,955,1.7709,6.5504,3.0053,6.0161,5.1427,0.3762,4.8854,4.8734,0.3632,0.0000,7.7496,3.0000
47.7998,956,1.6975,6.5986,3.0053,6.0161,5.1427,0.3762,4.8593,4.8823,0.3634,0.0000,7.7998,3.0000
47.8498,957,1.6242,6.6489,3.0052,5.9870,5.1520,0.3774,4.8326,4.8914,0.3637,0.0000,7.8498,3.0000
47.8997,958,1.6242,6.6489,3.0052,5.9870,5.1520,0.3774,4.8326,4.8914,0.3637,0.0000,7.8997,3.0000
47.9497,959,1.5509,6.7011,3.0052,5.9579,5.1613,0.3777,4.8051,4.9006,0.3645,0.0000,7.9497,3.0000
47.9997,960,1.5509,6.7011,3.0052,5.9579,5.1613,0.3777,4.8051,4.9006,0.3645,0.0000,7.9997,3.0000
48.0497,961,1.4778,6.7553,3.0052,5.9290,5.1705,0.3774,4.7766,4.9100,0.3656,0.0497,8.0000,3.0000
48.0997,962,1.4778,6.7553,3.0052,5.9008,5.1795,0.3778,4.7766,4.9100,0.3656,0.0997,8.0000,3.0000
48.1497,963,1.4058,6.8112,3.0052,5.9008,5.1795,0.3778,4.7476,4.9198,0.3665,0.1497,8.0000,3.0000
48.1997,964,1.3359,6.8680,3.0052,5.8732,5.1887,0.3782,4.7186,4.9296,0.3669,0.1997,8.0000,3.0000
48.2497,965,1.3359,6.8680,3.0052,5.8732,5.1887,0.3782,4.7186,4.9296,0.3669,0.2497,8.0000,3.0000
48.2997,966,1.2691,6.9251,3.0052,5.8456,5.1980,0.3781,4.6900,4.9393,0.3670,0.2997,8.0000,3.0000
48.3497,967,1.2691,6.9251,3.0052,5.8456,5.1980,0.3781,4.6900,4.9393,0.3670,0.3497,8.0000,3.0000
48.3997,968,1.2065,6.9816,3.0052,5.8179,5.2074,0.3778,4.6622,4.9490,0.3678,0.3997,8.0000,3.0000
48.4497,969,1.1488,7.0371,3.0052,5.7897,5.2169,0.3775,4.6352,4.9589,0.3683,0.4497,8.0000,3.0000
48.4998,970,1.1488,7.0371,3.0052,5.7897,5.2169,0.3775,4.6352,4.9589,0.3683,0.4998,8.0000,3.0000
48.5496,971,1.0963,7.0914,3.0052,5.7607,5.2267,0.3773,4.6086,4.9691,0.3684,0.5496,8.0000,3.0000
48.5997,972,1.0963,7.0914,3.0052,5.7607,5.2267,0.3773,4.6086,4.9691,0.3684,0.5997,8.0000,3.0000
48.6497,973,1.0489,7.1440,3.0051,5.7314,5.2365,0.3764,4.5820,4.9798,0.3682,0.6497,8.0000,3.0000
48.6999,974,1.0489,7.1440,3.0051,5.7314,5.2365,0.3764,4.5820,4.9798,0.3682,0.6999,8.0000,3.0000
48.7497,975,1.0072,7.1949,3.0051,5.7029,5.2459,0.3770,4.5549,4.9911,0.3678,0.7497,8.0000,3.0000
48.7997,976,1.0072,7.1949,3.0051,5.7029,5.2459,0.3770,4.5549,4.9911,0.3678,0.7997,8.0000,3.0000
48.8497,977,0.9711,7.2439,3.0051,5.6756,5.2549,0.3787,4.5270,5.0029,0.3676,0.8497,8.0000,3.0000
48.8996,978,0.9711,7.2439,3.0051,5.6486,5.2638,0.3801,4.5270,5.0029,0.3676,0.8996,8.0000,3.0000
48.9498,979,0.9408,7.2910,3.0051,5.6486,5.2638,0.3801,4.4986,5.0151,0.3676,0.9498,8.0000,3.0000
48.9997,980,0.9160,7.3362,3.0051,5.6215,5.2728,0.3809,4.4710,5.0269,0.3688,0.9997,8.0000,3.0000
49.0497,981,0.9160,7.3362,3.0051,5.6215,5.2728,0.3809,4.4710,5.0269,0.3688,1.0497,8.0000,3.0000
49.0997,982,0.8964,7.3794,3.0051,5.5942,5.2819,0.3815,4.4446,5.0383,0.3708,1.0997,8.0000,3.0000
49.1497,983,0.8964,7.3794,3.0051,5.5942,5.2819,0.3815,4.4446,5.0383,0.3708,1.1497,8.0000,3.0000
49.1997,984,0.8821,7.4207,3.0051,5.5664,5.2912,0.3816,4.4188,5.0496,0.3732,1.1997,8.0000,3.0000
49.2497,985,0.8727,7.4601,3.0051,5.5379,5.3005,0.3813,4.3932,5.0610,0.3754,1.2497,8.0000,3.0000
49.2997,986,0.8727,7.4601,3.0051,5.5379,5.3005,0.3813,4.3932,5.0610,0.3754,1.2997,8.0000,3.0000
49.3497,987,0.8678,7.4977,3.0051,5.5084,5.3100,0.3806,4.3676,5.0728,0.3770,1.3497,8.0000,3.0000
49.3997,988,0.8678,7.4977,3.0051,5.4786,5.3197,0.3788,4.3676,5.0728,0.3770,1.3997,8.0000,3.0000
49.4497,989,0.8676,7.5335,3.0050,5.4786,5.3197,0.3788,4.3417,5.0851,0.3780,1.4497,8.0000,3.0000
49.4997,990,0.8718,7.5675,3.0050,5.4494,5.3293,0.3763,4.3151,5.0977,0.3787,1.4997,8.0000,3.0000
49.5498,991,0.8718,7.5675,3.0050,5.4494,5.3293,0.3763,4.3151,5.0977,0.3787,1.5498,8.0000,3.0000
49.5996,992,0.8801,7.5999,3.0050,5.4216,5.3386,0.3753,4.2877,5.1106,0.3793,1.5996,8.0000,3.0000
49.6498,993,0.8801,7.5999,3.0050,5.4216,5.3386,0.3753,4.2877,5.1106,0.3793,1.6498,8.0000,3.0000
49.6997,994,0.8928,7.6307,3.0050,5.3945,5.3480,0.3750,4.2599,5.1237,0.3797,1.6997,8.0000,3.0000
49.7497,995,0.8928,7.6307,3.0050,5.3945,5.3480,0.3750,4.2599,5.1237,0.3797,1.7497,8.0000,3.0000
49.7997,996,0.9093,7.6600,3.0050,5.3678,5.3575,0.3749,4.2320,5.1370,0.3791,1.7997,8.0000,3.0000
49.8497,997,0.9093,7.6600,3.0050,5.3678,5.3575,0.3749,4.2320,5.1370,0.3791,1.8497,8.0000,3.0000
49.8997,998,0.9296,7.6878,3.0050,5.3415,5.3673,0.3748,4.2045,5.1503,0.3780,1.8997,8.0000,3.0000
49.9496,999,0.9296,7.6878,3.0050,5.3150,5.3771,0.3750,4.2045,5.1503,0.3780,1.9496,8.0000,3.0000
49.9998,1000,0.9537,7.7142,3.0050,5.3150,5.3771,0.3750,4.1780,5.1635,0.3778,1.9998,8.0000,3.0000
50.0497,1001,0.9812,7.7392,3.0050,5.2880,5.3873,0.3753,4.1522,5.1768,0.3777,2.0497,8.0000,3.0000
50.0999,1002,0.9812,7.7392,3.0050,5.2880,5.3873,0.3753,4.1522,5.1768,0.3777,2.0999,8.0000,3.0000
50.1497,1003,1.0119,7.7630,3.0050,5.2605,5.3979,0.3756,4.1266,5.1904,0.3777,2.1497,8.0000,3.0000
50.1997,1004,1.0119,7.7630,3.0050,5.2605,5.3979,0.3756,4.1266,5.1904,0.3777,2.1997,8.0000,3.0000
50.2497,1005,1.0456,7.7856,3.0049,5.2326,5.4087,0.3754,4.1010,5.2041,0.3775,2.2497,8.0000,3.0000
50.2997,1006,1.0456,7.7856,3.0049,5.2326,5.4087,0.3754,4.1010,5.2041,0.3775,2.2997,8.0000,3.0000
50.3497,1007,1.0823,7.8071,3.0049,5.2054,5.4194,0.3761,4.0751,5.2183,0.3774,2.3497,8.0000,3.0000
50.3996,1008,1.1221,7.8274,3.0049,5.1793,5.4302,0.3775,4.0485,5.2330,0.3774,2.3996,8.0000,3.0000
50.4498,1009,1.1221,7.8274,3.0049,5.1793,5.4302,0.3775,4.0485,5.2330,0.3774,2.4498,8.0000,3.0000
50.4998,1010,1.1646,7.8467,3.0049,5.1536,5.4411,0.3786,4.0217,5.2478,0.3766,2.4998,8.0000,3.0000
50.5497,1011,1.1646,7.8467,3.0049,5.1536,5.4411,0.3786,4.0217,5.2478,0.3766,2.5497,8.0000,3.0000
50.5998,1012,1.2095,7.8650,3.0049,5.1281,5.4521,0.3795,3.9956,5.2625,0.3772,2.5998,8.0000,3.0000
50.6497,1013,1.2095,7.8650,3.0049,5.1281,5.4521,0.3795,3.9956,5.2625,0.3772,2.6497,8.0000,3.0000
50.6998,1014,1.2568,7.8823,3.0049,5.1025,5.4635,0.3800,3.9706,5.2768,0.3786,2.6998,8.0000,3.0000
50.7497,1015,1.3064,7.8988,3.0049,5.0767,5.4754,0.3802,3.9459,5.2911,0.3799,2.7497,8.0000,3.0000
50.7998,1016,1.3064,7.8988,3.0049,5.0767,5.4754,0.3802,3.9459,5.2911,0.3799,2.7998,8.0000,3.0000
50.8497,1017,1.3583,7.9144,3.0049,5.0506,5.4877,0.3801,3.9214,5.3056,0.3807,2.8497,8.0000,3.0000
50.8997,1018,1.3583,7.9144,3.0049,5.0506,5.4877,0.3801,3.9214,5.3056,0.3807,2.8997,8.0000,3.0000
50.9498,1019,1.4119,7.9292,3.0049,5.0238,5.5006,0.3799,3.8968,5.3204,0.3811,2.9498,8.0000,3.0000
50.9996,1020,1.4119,7.9292,3.0049,4.9962,5.5142,0.3793,3.8718,5.3357,0.3810,2.9996,8.0000,3.0000
51.0497,1021,1.4675,7.9432,3.0049,4.9962,5.5142,0.3793,3.8718,5.3357,0.3810,3.0497,8.0000,3.0000
51.0997,1022,1.5249,7.9565,3.0048,4.9684,5.5280,0.3770,3.8464,5.3512,0.3808,3.0997,8.0000,3.0000
51.1498,1023,1.5249,7.9565,3.0048,4.9684,5.5280,0.3770,3.8464,5.3512,0.3808,3.1498,8.0000,3.0000
51.1997,1024,1.5836,7.9691,3.0048,4.9418,5.5415,0.3746,3.8202,5.3673,0.3805,3.1997,8.0000,3.0000
51.2497,1025,1.5836,7.9691,3.0048,4.9418,5.5415,0.3746,3.8202,5.3673,0.3805,3.2497,8.0000,3.0000
51.2997,1026,1.6440,7.9811,3.0048,4.9169,5.5547,0.3737,3.7933,5.3840,0.3789,3.2997,8.0000,3.0000
51.3496,1027,1.7060,7.9924,3.0048,4.8930,5.5680,0.3734,3.7668,5.4005,0.3761,3.3496,8.0000,3.0000
51.3998,1028,1.7060,7.9924,3.0048,4.8930,5.5680,0.3734,3.7668,5.4005,0.3761,3.3998,8.0000,3.0000
51.4498,1029,1.7695,8.0031,3.0048,4.8697,5.5814,0.3735,3.7413,5.4166,0.3739,3.4498,8.0000,3.0000
51.4997,1030,1.7695,8.0031,3.0048,4.8697,5.5814,0.3735,3.7413,5.4166,0.3739,3.4997,8.0000,3.0000
51.5497,1031,1.8341,8.0133,3.0048,4.8467,5.5952,0.3738,3.7168,5.4325,0.3727,3.5497,8.0000,3.0000
51.5997,1032,1.8341,8.0133,3.0048,4.8467,5.5952,0.3738,3.7168,5.4325,0.3727,3.5997,8.0000,3.0000
51.6496,1033,1.9003,8.0229,3.0048,4.8240,5.6094,0.3743,3.6929,5.4484,0.3720,3.6496,8.0000,3.0000
51.6997,1034,1.9003,8.0229,3.0048,4.8240,5.6094,0.3743,3.6929,5.4484,0.3720,3.6997,8.0000,3.0000
51.7497,1035,1.9682,8.0321,3.0048,4.8015,5.6243,0.3751,3.6694,5.4643,0.3716,3.7497,8.0000,3.0000
51.7997,1036,1.9682,8.0321,3.0048,4.8015,5.6243,0.3751,3.6694,5.4643,0.3716,3.7997,8.0000,3.0000
51.8497,1037,2.0373,8.0407,3.0048,4.7789,5.6400,0.3762,3.6463,5.4803,0.3713,3.8497,8.0000,3.0000
51.8996,1038,2.1074,8.0489,3.0048,4.7563,5.6563,0.3768,3.6231,5.4966,0.3714,3.8996,8.0000,3.0000
51.9498,1039,2.1074,8.0489,3.0048,4.7563,5.6563,0.3768,3.6231,5.4966,0.3714,3.9498,8.0000,3.0000
51.9997,1040,2.1784,8.0566,3.0047,4.7338,5.6730,0.3763,3.5997,5.5133,0.3714,3.9997,8.0000,3.0000
52.0497,1041,2.1784,8.0566,3.0047,4.7338,5.6730,0.3763,3.5997,5.5133,0.3714,4.0497,8.0000,3.0000
52.0997,1042,2.2499,8.0640,3.0047,4.7120,5.6899,0.3759,3.5762,5.5303,0.3712,4.0997,8.0000,3.0000
52.1496,1043,2.2499,8.0640,3.0047,4.6912,5.7072,0.3764,3.5762,5.5303,0.3712,4.1496,8.0000,3.0000
52.1997,1044,2.3219,8.0709,3.0047,4.6912,5.7072,0.3764,3.5532,5.5473,0.3720,4.1997,8.0000,3.0000
52.2496,1045,2.3943,8.0775,3.0047,4.6708,5.7243,0.3767,3.5311,5.5645,0.3736,4.2496,8.0000,3.0000
52.2997,1046,2.3943,8.0775,3.0047,4.6708,5.7243,0.3767,3.5311,5.5645,0.3736,4.2997,8.0000,3.0000
52.3498,1047,2.4668,8.0838,3.0047,4.6507,5.7415,0.3771,3.5103,5.5816,0.3753,4.3498,8.0000,3.0000
52.3997,1048,2.4668,8.0838,3.0047,4.6507,5.7415,0.3771,3.5103,5.5816,0.3753,4.3997,8.0000,3.0000
52.4497,1049,2.5396,8.0897,3.0047,4.6309,5.7590,0.3776,3.4899,5.5988,0.3765,4.4497,8.0000,3.0000
52.4998,1050,2.5396,8.0897,3.0047,4.6111,5.7772,0.3781,3.4899,5.5988,0.3765,4.4998,8.0000,3.0000
52.5497,1051,2.6125,8.0952,3.0047,4.6111,5.7772,0.3781,3.4698,5.6167,0.3769,4.5497,8.0000,3.0000
52.5996,1052,2.6855,8.1005,3.0047,4.5912,5.7961,0.3784,3.4499,5.6354,0.3770,4.5996,8.0000,3.0000
52.6497,1053,2.6855,8.1005,3.0047,4.5912,5.7961,0.3784,3.4499,5.6354,0.3770,4.6497,8.0000,3.0000
52.6997,1054,2.7586,8.1055,3.0047,4.5710,5.8159,0.3788,3.4301,5.6547,0.3767,4.6997,8.0000,3.0000
52.7497,1055,2.7586,8.1055,3.0047,4.5710,5.8159,0.3788,3.4301,5.6547,0.3767,4.7497,8.0000,3.0000
52.7997,1056,2.8318,8.1103,3.0047,4.5506,5.8368,0.3792,3.4102,5.6749,0.3764,4.7997,8.0000,3.0000
52.8496,1057,2.9050,8.1147,3.0046,4.5301,5.8587,0.3793,3.3902,5.6960,0.3760,4.8496,8.0000,3.0000
52.8997,1058,2.9050,8.1147,3.0046,4.5301,5.8587,0.3793,3.3902,5.6960,0.3760,4.8997,8.0000,3.0000
52.9497,1059,2.9782,8.1189,3.0046,4.5102,5.8804,0.3785,3.3698,5.7181,0.3753,4.9497,8.0000,3.0000
52.9998,1060,2.9782,8.1189,3.0046,4.5102,5.8804,0.3785,3.3698,5.7181,0.3753,4.9998,8.0000,3.0000
53.0497,1061,3.0515,8.1229,3.0046,4.4919,5.9013,0.3779,3.3497,5.7407,0.3727,5.0497,8.0000,3.0000
53.0997,1062,3.0515,8.1229,3.0046,4.4919,5.9013,0.3779,3.3497,5.7407,0.3727,5.0997,8.0000,3.0000
53.1498,1063,3.1247,8.1267,3.0046,4.4750,5.9221,0.3781,3.3309,5.7624,0.3700,5.1498,8.0000,3.0000
53.1996,1064,3.1980,8.1303,3.0046,4.4589,5.9429,0.3781,3.3137,5.7837,0.3685,5.1996,8.0000,3.0000
53.2498,1065,3.1980,8.1303,3.0046,4.4589,5.9429,0.3781,3.3137,5.7837,0.3685,5.2498,8.0000,3.0000
53.2997,1066,3.2713,8.1337,3.0046,4.4440,5.9638,0.3780,3.2977,5.8050,0.3675,5.2997,8.0000,3.0000
53.3497,1067,3.2713,8.1337,3.0046,4.4440,5.9638,0.3780,3.2977,5.8050,0.3675,5.3497,8.0000,3.0000
53.3997,1068,3.3446,8.1368,3.0046,4.4300,5.9852,0.3781,3.2829,5.8266,0.3668,5.3997,8.0000,3.0000
53.4495,1069,3.3446,8.1368,3.0046,4.4170,6.0072,0.3781,3.2691,5.8485,0.3664,5.4495,8.0000,3.0000
53.4997,1070,3.4180,8.1398,3.0046,4.4170,6.0072,0.3781,3.2691,5.8485,0.3664,5.4997,8.0000,3.0000
53.5498,1071,3.4913,8.1427,3.0046,4.4048,6.0300,0.3782,3.2563,5.8708,0.3665,5.5498,8.0000,3.0000
53.5998,1072,3.4913,8.1427,3.0046,4.4048,6.0300,0.3782,3.2563,5.8708,0.3665,5.5998,8.0000,3.0000
53.6498,1073,3.5646,8.1454,3.0046,4.3934,6.0532,0.3774,3.2443,5.8940,0.3663,5.6498,8.0000,3.0000
53.6998,1074,3.5646,8.1454,3.0046,4.3934,6.0532,0.3774,3.2443,5.8940,0.3663,5.6998,8.0000,3.0000
53.7497,1075,3.6379,8.1479,3.0045,4.3830,6.0771,0.3757,3.2330,5.9177,0.3658,5.7497,8.0000,3.0000
53.7997,1076,3.6379,8.1479,3.0045,4.3830,6.0771,0.3757,3.2330,5.9177,0.3658,5.7997,8.0000,3.0000
53.8497,1077,3.7112,8.1503,3.0045,4.3739,6.1013,0.3735,3.2225,5.9417,0.3644,5.8497,8.0000,3.0000
53.8996,1078,3.7112,8.1503,3.0045,4.3668,6.1256,0.3728,3.2225,5.9417,0.3644,5.8996,8.0000,3.0000
53.9497,1079,3.7846,8.1525,3.0045,4.3668,6.1256,0.3728,3.2132,5.9657,0.3627,5.9497,8.0000,3.0000
53.9999,1080,3.8579,8.1546,3.0045,4.3612,6.1496,0.3737,3.2061,5.9892,0.3635,5.9999,8.0000,3.0000
54.0497,1081,3.8579,8.1546,3.0045,4.3612,6.1496,0.3737,3.2061,5.9892,0.3635,6.0497,8.0000,3.0000
54.0997,1082,3.9312,8.1566,3.0045,4.3558,6.1734,0.3745,3.2002,6.0123,0.3649,6.0997,8.0000,3.0000
54.1497,1083,3.9312,8.1566,3.0045,4.3558,6.1734,0.3745,3.2002,6.0123,0.3649,6.1497,8.0000,3.0000
54.1997,1084,4.0046,8.1585,3.0045,4.3509,6.1973,0.3758,3.1951,6.0355,0.3666,6.1997,8.0000,3.0000
54.2497,1085,4.0046,8.1585,3.0045,4.3509,6.1973,0.3758,3.1951,6.0355,0.3666,6.2497,8.0000,3.0000
54.2997,1086,4.0779,8.1602,3.0045,4.3468,6.2212,0.3773,3.1909,6.0591,0.3681,6.2997,8.0000,3.0000
54.3496,1087,4.1512,8.1619,3.0045,4.3435,6.2456,0.3786,3.1876,6.0831,0.3695,6.3496,8.0000,3.0000
54.3997,1088,4.1512,8.1619,3.0045,4.3435,6.2456,0.3786,3.1876,6.0831,0.3695,6.3997,8.0000,3.0000
54.4498,1089,4.2246,8.1635,3.0045,4.3411,6.2710,0.3794,3.1853,6.1078,0.3705,6.4498,8.0000,3.0000
54.4998,1090,4.2246,8.1635,3.0045,4.3411,6.2710,0.3794,3.1853,6.1078,0.3705,6.4998,8.0000,3.0000
54.5497,1091,4.2979,8.1649,3.0045,4.3394,6.2976,0.3802,3.1841,6.1334,0.3714,6.5497,8.0000,3.0000
54.5997,1092,4.2979,8.1649,3.0045,4.3394,6.2976,0.3802,3.1841,6.1334,0.3714,6.5997,8.0000,3.0000
54.6497,1093,4.3712,8.1663,3.0045,4.3389,6.3253,0.3806,3.1842,6.1599,0.3722,6.6497,8.0000,3.0000
54.6996,1094,4.4446,8.1676,3.0044,4.3394,6.3526,0.3812,3.1855,6.1872,0.3731,6.6996,8.0000,3.0000
54.7497,1095,4.4446,8.1676,3.0044,4.3394,6.3526,0.3812,3.1855,6.1872,0.3731,6.7497,8.0000,3.0000
54.7996,1096,4.5179,8.1688,3.0044,4.3409,6.3785,0.3812,3.1874,6.2138,0.3726,6.7996,8.0000,3.0000
54.8497,1097,4.5179,8.1688,3.0044,4.3409,6.3785,0.3812,3.1874,6.2138,0.3726,6.8497,8.0000,3.0000
54.8998,1098,4.5912,8.1699,3.0044,4.3434,6.4033,0.3807,3.1902,6.2390,0.3716,6.8998,8.0000,3.0000
54.9498,1099,4.5912,8.1699,3.0044,4.3434,6.4033,0.3807,3.1902,6.2390,0.3716,6.9498,8.0000,3.0000
54.9997,1100,4.6646,8.1710,3.0044,4.3467,6.4274,0.3803,3.1942,6.2631,0.3705,6.9997,8.0000,3.0000
55.0497,1101,4.6646,8.1710,3.0044,4.3467,6.4274,0.3803,3.1942,6.2631,0.3705,7.0497,8.0000,3.0000
55.0997,1102,4.7379,8.1720,3.0044,4.3511,6.4509,0.3793,3.1993,6.2867,0.3692,7.0997,8.0000,3.0000
55.1498,1103,4.7379,8.1720,3.0044,4.3511,6.4509,0.3793,3.1993,6.2867,0.3692,7.1498,8.0000,3.0000
55.1997,1104,4.8112,8.1729,3.0044,4.3568,6.4742,0.3780,3.2057,6.3099,0.3674,7.1997,8.0000,3.0000
55.2496,1105,4.8112,8.1729,3.0044,4.3640,6.4976,0.3764,3.2057,6.3099,0.3674,7.2496,8.0000,3.0000
55.2998,1106,4.8846,8.1738,3.0044,4.3640,6.4976,0.3764,3.2133,6.3325,0.3647,7.2998,8.0000,3.0000
55.3497,1107,4.9579,8.1746,3.0044,4.3726,6.5210,0.3741,3.2225,6.3547,0.3609,7.3497,8.0000,3.0000
55.3997,1108,4.9579,8.1746,3.0044,4.3726,6.5210,0.3741,3.2225,6.3547,0.3609,7.3997,8.0000,3.0000
55.4497,1109,5.0312,8.1753,3.0044,4.3827,6.5445,0.3710,3.2333,6.3766,0.3564,7.4497,8.0000,3.0000
55.4997,1110,5.0312,8.1753,3.0044,4.3827,6.5445,0.3710,3.2333,6.3766,0.3564,7.4997,8.0000,3.0000
55.5497,1111,5.1046,8.1760,3.0044,4.3945,6.5674,0.3684,3.2459,6.3982,0.3515,7.5497,8.0000,3.0000
55.5999,1112,5.1046,8.1760,3.0044,4.4081,6.5887,0.3685,3.2459,6.3982,0.3515,7.5999,8.0000,3.0000
55.6498,1113,5.1779,8.1766,3.0044,4.4081,6.5887,0.3685,3.2603,6.4186,0.3483,7.6498,8.0000,3.0000
55.6997,1114,5.2512,8.1772,3.0043,4.4225,6.6091,0.3696,3.2761,6.4379,0.3473,7.6997,8.0000,3.0000
55.7497,1115,5.2512,8.1772,3.0043,4.4225,6.6091,0.3696,3.2761,6.4379,0.3473,7.7497,8.0000,3.0000
55.7998,1116,5.3246,8.1778,3.0043,4.4374,6.6290,0.3716,3.2925,6.4568,0.3470,7.7998,8.0000,3.0000
55.8497,1117,5.3246,8.1778,3.0043,4.4374,6.6290,0.3716,3.2925,6.4568,0.3470,7.8497,8.0000,3.0000
55.8997,1118,5.3979,8.1783,3.0043,4.4526,6.6484,0.3739,3.3094,6.4752,0.3474,7.8997,8.0000,3.0000
55.9497,1119,5.3979,8.1783,3.0043,4.4526,6.6484,0.3739,3.3094,6.4752,0.3474,7.9497,8.0000,3.0000
55.9997,1120,5.4712,8.1787,3.0043,4.4683,6.6675,0.3753,3.3266,6.4930,0.3482,7.9997,8.0000,3.0000
56.0496,1121,5.4712,8.1787,3.0043,4.4853,6.6870,0.3758,3.3266,6.4930,0.3482,8.0496,8.0000,3.0000
56.0997,1122,5.5446,8.1792,3.0043,4.4853,6.6870,0.3758,3.3441,6.5105,0.3484,8.0997,8.0000,3.0000
56.1497,1123,5.6179,8.1796,3.0043,4.5043,6.7067,0.3761,3.3630,6.5279,0.3480,8.1497,8.0000,3.0000
56.1997,1124,5.6179,8.1796,3.0043,4.5043,6.7067,0.3761,3.3630,6.5279,0.3480,8.1997,8.0000,3.0000
56.2497,1125,5.6912,8.1799,3.0043,4.5251,6.7268,0.3761,3.3840,6.5455,0.3474,8.2497,8.0000,3.0000
56.2997,1126,5.6912,8.1799,3.0043,4.5251,6.7268,0.3761,3.3840,6.5455,0.3474,8.2997,8.0000,3.0000
56.3497,1127,5.7645,8.1802,3.0043,4.5467,6.7464,0.3760,3.4071,6.5634,0.3472,8.3497,8.0000,3.0000
56.3998,1128,5.8379,8.1805,3.0043,4.5679,6.7647,0.3763,3.4313,6.5809,0.3479,8.3998,8.0000,3.0000
56.4498,1129,5.8379,8.1805,3.0043,4.5679,6.7647,0.3763,3.4313,6.5809,0.3479,8.4498,8.0000,3.0000
56.4997,1130,5.9112,8.1808,3.0043,4.5888,6.7822,0.3769,3.4551,6.5976,0.3497,8.4997,8.0000,3.0000
56.5499,1131,5.9112,8.1808,3.0043,4.5888,6.7822,0.3769,3.4551,6.5976,0.3497,8.5499,8.0000,3.0000
56.5996,1132,5.9845,8.1810,3.0043,4.6096,6.7991,0.3771,3.4782,6.6136,0.3519,8.5996,8.0000,3.0000
56.6497,1133,5.9845,8.1810,3.0043,4.6096,6.7991,0.3771,3.4782,6.6136,0.3519,8.6497,8.0000,3.0000
56.6997,1134,6.0579,8.1812,3.0042,4.6309,6.8155,0.3768,3.5009,6.6292,0.3539,8.6997,8.0000,3.0000
56.7497,1135,6.0579,8.1812,3.0042,4.6309,6.8155,0.3768,3.5009,6.6292,0.3539,8.7497,8.0000,3.0000
56.7997,1136,6.1312,8.1814,3.0042,4.6531,6.8314,0.3761,3.5237,6.6446,0.3552,8.7997,8.0000,3.0000
56.8496,1137,6.1312,8.1814,3.0042,4.6765,6.8473,0.3752,3.5237,6.6446,0.3552,8.8496,8.0000,3.0000
56.8997,1138,6.2045,8.1816,3.0042,4.6765,6.8473,0.3752,3.5469,6.6597,0.3557,8.8997,8.0000,3.0000
56.9497,1139,6.2779,8.1817,3.0042,4.7013,6.8632,0.3741,3.5710,6.6744,0.3561,8.9497,8.0000,3.0000
56.9998,1140,6.2779,8.1817,3.0042,4.7013,6.8632,0.3741,3.5710,6.6744,0.3561,8.9998,8.0000,3.0000
57.0497,1141,6.3512,8.1818,3.0042,4.7274,6.8790,0.3730,3.5962,6.6889,0.3570,9.0497,8.0000,3.0000
57.0997,1142,6.3512,8.1818,3.0042,4.7274,6.8790,0.3730,3.5962,6.6889,0.3570,9.0997,8.0000,3.0000
57.1497,1143,6.4245,8.1819,3.0042,4.7532,6.8936,0.3733,3.6227,6.7032,0.3583,9.1497,8.0000,3.0000
57.1998,1144,6.4245,8.1819,3.0042,4.7532,6.8936,0.3733,3.6227,6.7032,0.3583,9.1998,8.0000,3.0000
57.2497,1145,6.4979,8.1820,3.0042,4.7785,6.9071,0.3749,3.6505,6.7174,0.3596,9.2497,8.0000,3.0000
57.2997,1146,6.5712,8.1821,3.0042,4.8033,6.9198,0.3769,3.6785,6.7308,0.3610,9.2997,8.0000,3.0000
57.3498,1147,6.5712,8.1821,3.0042,4.8033,6.9198,0.3769,3.6785,6.7308,0.3610,9.3498,8.0000,3.0000
57.3997,1148,6.6445,8.1821,3.0042,4.8279,6.9320,0.3785,3.7058,6.7431,0.3633,9.3997,8.0000,3.0000
57.4497,1149,6.6445,8.1821,3.0042,4.8279,6.9320,0.3785,3.7058,6.7431,0.3633,9.4497,8.0000,3.0000
57.4997,1150,6.7179,8.1821,3.0042,4.8529,6.9440,0.3795,3.7326,6.7546,0.3664,9.4997,8.0000,3.0000
57.5496,1151,6.7912,8.1821,3.0042,4.8791,6.9556,0.3801,3.7589,6.7657,0.3691,9.5496,8.0000,3.0000
57.5998,1152,6.7912,8.1821,3.0042,4.8791,6.9556,0.3801,3.7589,6.7657,0.3691,9.5998,8.0000,3.0000
57.6497,1153,6.8645,8.1821,3.0041,4.9069,6.9673,0.3805,3.7852,6.7766,0.3713,9.6497,8.0000,3.0000
57.6997,1154,6.8645,8.1821,3.0041,4.9069,6.9673,0.3805,3.7852,6.7766,0.3713,9.6997,8.0000,3.0000
57.7497,1155,6.9379,8.1821,3.0041,4.9361,6.9787,0.3802,3.8123,6.7873,0.3729,9.7497,8.0000,3.0000
57.7996,1156,7.0112,8.1821,3.0041,4.9653,6.9895,0.3795,3.8408,6.7978,0.3740,9.7996,8.0000,3.0000
57.8497,1157,7.0112,8.1821,3.0041,4.9653,6.9895,0.3795,3.8408,6.7978,0.3740,9.8497,8.0000,3.0000
57.8997,1158,7.0845,8.1820,3.0041,4.9935,6.9994,0.3798,3.8707,6.8081,0.3753,9.8997,8.0000,3.0000
57.9497,1159,7.0845,8.1820,3.0041,4.9935,6.9994,0.3798,3.8707,6.8081,0.3753,9.9497,8.0000,3.0000
57.9997,1160,7.1579,8.1820,3.0041,5.0210,7.0090,0.3803,3.9014,6.8177,0.3772,9.9997,8.0000,3.0000
58.0497,1161,7.1579,8.1820,3.0041,5.0210,7.0090,0.3803,3.9014,6.8177,0.3772,10.0000,8.0497,3.0000
58.0997,1162,7.2312,8.1819,3.0041,5.0482,7.0184,0.3807,3.9317,6.8272,0.3777,10.0000,8.0997,3.0000
58.1496,1163,7.3045,8.1823,3.0041,5.0756,7.0275,0.3804,3.9611,6.8366,0.3784,10.0000,8.1496,3.0000
58.1997,1164,7.3045,8.1823,3.0041,5.0756,7.0275,0.3804,3.9611,6.8366,0.3784,10.0000,8.1997,3.0000
58.2498,1165,7.3779,8.1839,3.0041,5.1037,7.0362,0.3795,3.9903,6.8456,0.3794,10.0000,8.2498,3.0000
58.2997,1166,7.3779,8.1839,3.0041,5.1037,7.0362,0.3795,3.9903,6.8456,0.3794,10.0000,8.2997,3.0000
58.3498,1167,7.4512,8.1872,3.0041,5.1329,7.0445,0.3784,4.0194,6.8545,0.3800,10.0000,8.3498,3.0000
58.3997,1168,7.4512,8.1872,3.0041,5.1329,7.0445,0.3784,4.0194,6.8545,0.3800,10.0000,8.3997,3.0000
58.4498,1169,7.5245,8.1929,3.0041,5.1632,7.0525,0.3771,4.0490,6.8630,0.3804,10.0000,8.4498,3.0000
58.4996,1170,7.5979,8.2013,3.0041,5.1943,7.0601,0.3759,4.0792,6.8710,0.3807,10.0000,8.4996,3.0000
58.5497,1171,7.5979,8.2013,3.0041,5.1943,7.0601,0.3759,4.0792,6.8710,0.3807,10.0000,8.5497,3.0000
58.5998,1172,7.6712,8.2126,3.0040,5.2246,7.0675,0.3754,4.1102,6.8788,0.3806,10.0000,8.5998,3.0000
58.6497,1173,7.6712,8.2126,3.0040,5.2246,7.0675,0.3754,4.1102,6.8788,0.3806,10.0000,8.6497,3.0000
58.6998,1174,7.7445,8.2267,3.0040,5.2538,7.0742,0.3763,4.1417,6.8862,0.3797,10.0000,8.6998,3.0000
58.7497,1175,7.7445,8.2267,3.0040,5.2538,7.0742,0.3763,4.1417,6.8862,0.3797,10.0000,8.7497,3.0000
58.7998,1176,7.8179,8.2439,3.0040,5.2823,7.0804,0.3778,4.1723,6.8933,0.3796,10.0000,8.7998,3.0000
58.8496,1177,7.8912,8.2643,3.0040,5.3102,7.0865,0.3791,4.2015,6.9002,0.3806,10.0000,8.8496,3.0000
58.8998,1178,7.8912,8.2643,3.0040,5.3102,7.0865,0.3791,4.2015,6.9002,0.3806,10.0000,8.8998,3.0000
58.9497,1179,7.9645,8.2878,3.0040,5.3384,7.0926,0.3799,4.2299,6.9070,0.3819,10.0000,8.9497,3.0000
58.9998,1180,7.9645,8.2878,3.0040,5.3384,7.0926,0.3799,4.2299,6.9070,0.3819,10.0000,8.9998,3.0000
59.0497,1181,8.0379,8.3141,3.0040,5.3677,7.0986,0.3801,4.2578,6.9139,0.3830,10.0000,9.0497,3.0000
59.0996,1182,8.1112,8.3433,3.0040,5.3982,7.1044,0.3801,4.2859,6.9211,0.3838,10.0000,9.0996,3.0000
59.1497,1183,8.1112,8.3433,3.0040,5.3982,7.1044,0.3801,4.2859,6.9211,0.3838,10.0000,9.1497,3.0000
59.1997,1184,8.1845,8.3753,3.0040,5.4295,7.1102,0.3808,4.3146,6.9287,0.3842,10.0000,9.1997,3.0000
59.2497,1185,8.1845,8.3753,3.0040,5.4295,7.1102,0.3808,4.3146,6.9287,0.3842,10.0000,9.2497,3.0000
59.2997,1186,8.2578,8.4099,3.0040,5.4608,7.1160,0.3808,4.3442,6.9363,0.3845,10.0000,9.2997,3.0000
59.3496,1187,8.3312,8.4470,3.0040,5.4911,7.1218,0.3803,4.3746,6.9440,0.3850,10.0000,9.3496,3.0000
59.3998,1188,8.3312,8.4470,3.0040,5.4911,7.1218,0.3803,4.3746,6.9440,0.3850,10.0000,9.3998,3.0000
59.4497,1189,8.4045,8.4866,3.0040,5.5207,7.1274,0.3805,4.4050,6.9516,0.3861,10.0000,9.4497,3.0000
59.4997,1190,8.4045,8.4866,3.0040,5.5207,7.1274,0.3805,4.4050,6.9516,0.3861,10.0000,9.4997,3.0000
59.5497,1191,8.4778,8.5284,3.0039,5.5502,7.1332,0.3805,4.4355,6.9594,0.3871,10.0000,9.5497,3.0000
59.5997,1192,8.4778,8.5284,3.0039,5.5502,7.1332,0.3805,4.4355,6.9594,0.3871,10.0000,9.5997,3.0000
59.6498,1193,8.5512,8.5725,3.0039,5.5799,7.1390,0.3802,4.4654,6.9674,0.3873,10.0000,9.6498,3.0000
59.6997,1194,8.6244,8.6187,3.0039,5.6101,7.1447,0.3792,4.4945,6.9753,0.3882,10.0000,9.6997,3.0000
59.7498,1195,8.6244,8.6187,3.0039,5.6101,7.1447,0.3792,4.4945,6.9753,0.3882,10.0000,9.7498,3.0000
59.7998,1196,8.6971,8.6667,3.0039,5.6410,7.1503,0.3779,4.5233,6.9834,0.3893,10.0000,9.7998,3.0000
59.8498,1197,8.6971,8.6667,3.0039,5.6410,7.1503,0.3779,4.5233,6.9834,0.3893,10.0000,9.8498,3.0000
59.8997,1198,8.7685,8.7168,3.0039,5.6729,7.1557,0.3761,4.5520,6.9915,0.3903,10.0000,9.8997,3.0000
59.9498,1199,8.7685,8.7168,3.0039,5.6729,7.1557,0.3761,4.5520,6.9915,0.3903,10.0000,9.9498,3.0000
59.9997,1200,8.8383,8.7690,3.0039,5.7047,7.1610,0.3747,4.5810,6.9997,0.3912,10.0000,9.9997,3.0000
60.0497,1201,8.8383,8.7690,3.0039,5.7047,7.1610,0.3747,4.5810,6.9997,0.3912,9.9503,10.0000,3.0000
60.0997,1202,8.9061,8.8233,3.0039,5.7350,7.1663,0.3748,4.6105,7.0079,0.3923,9.9003,10.0000,3.0000
60.1496,1203,8.9712,8.8792,3.0039,5.7642,7.1716,0.3758,4.6406,7.0162,0.3926,9.8504,10.0000,3.0000
60.1997,1204,8.9712,8.8792,3.0039,5.7642,7.1716,0.3758,4.6406,7.0162,0.3926,9.8003,10.0000,3.0000
60.2497,1205,9.0327,8.9356,3.0039,5.7925,7.1770,0.3769,4.6708,7.0244,0.3908,9.7503,10.0000,3.0000
60.2998,1206,9.0327,8.9356,3.0039,5.7925,7.1770,0.3769,4.6708,7.0244,0.3908,9.7002,10.0000,3.0000
60.3497,1207,9.0900,8.9920,3.0039,5.8204,7.1829,0.3779,4.6999,7.0322,0.3894,9.6503,10.0000,3.0000
60.3997,1208,9.0900,8.9920,3.0039,5.8204,7.1829,0.3779,4.6999,7.0322,0.3894,9.6003,10.0000,3.0000
60.4497,1209,9.1425,9.0476,3.0039,5.8486,7.1892,0.3785,4.7277,7.0399,0.3888,9.5503,10.0000,3.0000
60.4997,1210,9.1897,9.1021,3.0039,5.8777,7.1959,0.3788,4.7549,7.0478,0.3884,9.5003,10.0000,3.0000
60.5498,1211,9.1897,9.1021,3.0039,5.8777,7.1959,0.3788,4.7549,7.0478,0.3884,9.4502,10.0000,3.0000
60.5998,1212,9.2315,9.1551,3.0039,5.9077,7.2028,0.3793,4.7818,7.0563,0.3882,9.4002,10.0000,3.0000
60.6498,1213,9.2315,9.1551,3.0039,5.9077,7.2028,0.3793,4.7818,7.0563,0.3882,9.3502,10.0000,3.0000
60.6997,1214,9.2681,9.2065,3.0038,5.9378,7.2100,0.3806,4.8090,7.0651,0.3881,9.3003,10.0000,3.0000
60.7496,1215,9.2993,9.2561,3.0038,5.9679,7.2177,0.3822,4.8369,7.0743,0.3879,9.2504,10.0000,3.0000
60.7997,1216,9.2993,9.2561,3.0038,5.9679,7.2177,0.3822,4.8369,7.0743,0.3879,9.2003,10.0000,3.0000
60.8497,1217,9.3251,9.3039,3.0038,5.9980,7.2254,0.3825,4.8652,7.0838,0.3878,9.1503,10.0000,3.0000
60.8998,1218,9.3251,9.3039,3.0038,5.9980,7.2254,0.3825,4.8652,7.0838,0.3878,9.1002,10.0000,3.0000
60.9497,1219,9.3459,9.3497,3.0038,6.0272,7.2332,0.3831,4.8943,7.0938,0.3879,9.0503,10.0000,3.0000
60.9997,1220,9.3459,9.3497,3.0038,6.0272,7.2332,0.3831,4.8943,7.0938,0.3879,9.0003,10.0000,3.0000
61.0497,1221,9.3617,9.3936,3.0038,6.0561,7.2412,0.3838,4.9231,7.1040,0.3885,8.9503,10.0000,3.0000
61.0996,1222,9.3722,9.4355,3.0038,6.0852,7.2495,0.3841,4.9518,7.1145,0.3883,8.9004,10.0000,3.0000
61.1497,1223,9.3722,9.4355,3.0038,6.0852,7.2495,0.3841,4.9518,7.1145,0.3883,8.8503,10.0000,3.0000
61.1997,1224,9.3780,9.4756,3.0038,6.1146,7.2580,0.3840,4.9802,7.1251,0.3874,8.8003,10.0000,3.0000
61.2497,1225,9.3780,9.4756,3.0038,6.1146,7.2580,0.3840,4.9802,7.1251,0.3874,8.7503,10.0000,3.0000
61.2997,1226,9.3793,9.5138,3.0038,6.1446,7.2667,0.3839,5.0078,7.1356,0.3873,8.7003,10.0000,3.0000
61.3496,1227,9.3761,9.5503,3.0038,6.1749,7.2753,0.3830,5.0352,7.1463,0.3871,8.6504,10.0000,3.0000
61.3997,1228,9.3761,9.5503,3.0038,6.1749,7.2753,0.3830,5.0352,7.1463,0.3871,8.6003,10.0000,3.0000
61.4497,1229,9.3687,9.5849,3.0038,6.2047,7.2837,0.3825,5.0628,7.1572,0.3868,8.5503,10.0000,3.0000
61.4997,1230,9.3687,9.5849,3.0038,6.2047,7.2837,0.3825,5.0628,7.1572,0.3868,8.5003,10.0000,3.0000
61.5497,1231,9.3575,9.6179,3.0038,6.2330,7.2920,0.3832,5.0907,7.1685,0.3865,8.4503,10.0000,3.0000
61.5996,1232,9.3423,9.6493,3.0038,6.2602,7.3005,0.3842,5.1190,7.1800,0.3865,8.4004,10.0000,3.0000
61.6497,1233,9.3423,9.6493,3.0038,6.2602,7.3005,0.3842,5.1190,7.1800,0.3865,8.3503,10.0000,3.0000
61.6997,1234,9.3236,9.6791,3.0038,6.2868,7.3093,0.3855,5.1475,7.1916,0.3857,8.3003,10.0000,3.0000
61.7497,1235,9.3236,9.6791,3.0038,6.2868,7.3093,0.3855,5.1475,7.1916,0.3857,8.2503,10.0000,3.0000
61.7997,1236,9.3236,9.6791,3.0038,6.2868,7.3093,0.3855,5.1475,7.1916,0.3857,8.2003,10.0000,3.0000
61.8498,1237,9.3015,9.7075,3.0038,6.3134,7.3188,0.3867,5.1753,7.2031,0.3854,8.1502,10.0000,3.0000
61.8999,1238,9.2760,9.7344,3.0037,6.3404,7.3288,0.3877,5.2019,7.2141,0.3861,8.1001,10.0000,3.0000
61.9498,1239,9.2760,9.7344,3.0037,6.3404,7.3288,0.3877,5.2019,7.2141,0.3861,8.0502,10.0000,3.0000
61.9998,1240,9.2472,9.7599,3.0037,6.3679,7.3394,0.3888,5.2277,7.2252,0.3871,8.0002,10.0000,3.0000
62.0497,1241,9.2472,9.7599,3.0037,6.3679,7.3394,0.3888,5.2277,7.2252,0.3871,7.9503,10.0000,3.0000
62.0997,1242,9.2151,9.7842,3.0037,6.3955,7.3503,0.3905,5.2529,7.2365,0.3883,7.9003,10.0000,3.0000
62.1497,1243,9.1796,9.8072,3.0037,6.4225,7.3618,0.3920,5.2781,7.2482,0.3896,7.8503,10.0000,3.0000
62.1997,1244,9.1796,9.8072,3.0037,6.4225,7.3618,0.3920,5.2781,7.2482,0.3896,7.8003,10.0000,3.0000
62.2497,1245,9.1413,9.8291,3.0037,6.4496,7.3737,0.3917,5.3035,7.2602,0.3908,7.7503,10.0000,3.0000
62.2997,1246,9.1413,9.8291,3.0037,6.4496,7.3737,0.3917,5.3035,7.2602,0.3908,7.7003,10.0000,3.0000
62.3497,1247,9.1004,9.8498,3.0037,6.4765,7.3857,0.3900,5.3296,7.2726,0.3919,7.6503,10.0000,3.0000
62.3998,1248,9.0568,9.8694,3.0037,6.5027,7.3979,0.3891,5.3558,7.2856,0.3928,7.6002,10.0000,3.0000
62.4498,1249,9.0568,9.8694,3.0037,6.5027,7.3979,0.3891,5.3558,7.2856,0.3928,7.5502,10.0000,3.0000
62.4997,1250,9.0109,9.8881,3.0037,6.5286,7.4104,0.3885,5.3818,7.2988,0.3931,7.5003,10.0000,3.0000
62.5497,1251,9.0109,9.8881,3.0037,6.5286,7.4104,0.3885,5.3818,7.2988,0.3931,7.4503,10.0000,3.0000
62.5997,1252,8.9629,9.9058,3.0037,6.5547,7.4236,0.3878,5.4077,7.3123,0.3915,7.4003,10.0000,3.0000
62.6496,1253,8.9127,9.9225,3.0037,6.5811,7.4374,0.3872,5.4338,7.3260,0.3884,7.3504,10.0000,3.0000
62.6998,1254,8.9127,9.9225,3.0037,6.5811,7.4374,0.3872,5.4338,7.3260,0.3884,7.3002,10.0000,3.0000
62.7498,1255,8.8606,9.9384,3.0037,6.6076,7.4518,0.3868,5.4593,7.3397,0.3853,7.2502,10.0000,3.0000
62.7997,1256,8.8606,9.9384,3.0037,6.6076,7.4518,0.3868,5.4593,7.3397,0.3853,7.2003,10.0000,3.0000
62.8497,1257,8.8068,9.9535,3.0037,6.6342,7.4664,0.3860,5.4841,7.3534,0.3831,7.1503,10.0000,3.0000
62.8996,1258,8.7511,9.9678,3.0037,6.6596,7.4807,0.3856,5.5090,7.3675,0.3810,7.1004,10.0000,3.0000
62.9497,1259,8.7511,9.9678,3.0037,6.6596,7.4807,0.3856,5.5090,7.3675,0.3810,7.0503,10.0000,3.0000
62.9997,1260,8.6938,9.9813,3.0037,6.6839,7.4948,0.3856,5.5340,7.3822,0.3792,7.0003,10.0000,3.0000
63.0497,1261,8.6938,9.9813,3.0037,6.6839,7.4948,0.3856,5.5340,7.3822,0.3792,6.9503,10.0000,3.0000
63.0997,1262,8.6352,9.9942,3.0036,6.7076,7.5089,0.3861,5.5593,7.3977,0.3776,6.9003,10.0000,3.0000
63.1496,1263,8.5749,10.0063,3.0036,6.7309,7.5234,0.3867,5.5851,7.4139,0.3762,6.8504,10.0000,3.0000
63.1997,1264,8.5749,10.0063,3.0036,6.7309,7.5234,0.3867,5.5851,7.4139,0.3762,6.8003,10.0000,3.0000
63.2497,1265,8.5133,10.0178,3.0036,6.7542,7.5384,0.3875,5.6105,7.4302,0.3763,6.7503,10.0000,3.0000
63.2997,1266,8.5133,10.0178,3.0036,6.7542,7.5384,0.3875,5.6105,7.4302,0.3763,6.7003,10.0000,3.0000
63.3497,1267,8.4505,10.0288,3.0036,6.7778,7.5538,0.3883,5.6346,7.4461,0.3769,6.6503,10.0000,3.0000
63.3997,1268,8.3864,10.0391,3.0036,6.8017,7.5698,0.3892,5.6577,7.4618,0.3779,6.6003,10.0000,3.0000
63.4497,1269,8.3864,10.0391,3.0036,6.8017,7.5698,0.3892,5.6577,7.4618,0.3779,6.5503,10.0000,3.0000
63.4997,1270,8.3211,10.0489,3.0036,6.8255,7.5861,0.3900,5.6802,7.4775,0.3792,6.5003,10.0000,3.0000
63.5497,1271,8.3211,10.0489,3.0036,6.8255,7.5861,0.3900,5.6802,7.4775,0.3792,6.4503,10.0000,3.0000
63.5997,1272,8.2548,10.0582,3.0036,6.8487,7.6028,0.3899,5.7023,7.4934,0.3807,6.4003,10.0000,3.0000
63.6496,1273,8.2548,10.0582,3.0036,6.8720,7.6200,0.3884,5.7023,7.4934,0.3807,6.3504,10.0000,3.0000
63.6998,1274,8.1874,10.0670,3.0036,6.8720,7.6200,0.3884,5.7243,7.5096,0.3822,6.3002,10.0000,3.0000
63.7497,1275,8.1190,10.0753,3.0036,6.8951,7.6374,0.3857,5.7463,7.5262,0.3837,6.2503,10.0000,3.0000
63.7997,1276,8.1190,10.0753,3.0036,6.8951,7.6374,0.3857,5.7463,7.5262,0.3837,6.2003,10.0000,3.0000
63.8497,1277,8.0498,10.0832,3.0036,6.9173,7.6548,0.3838,5.7683,7.5434,0.3850,6.1503,10.0000,3.0000
63.8998,1278,8.0498,10.0832,3.0036,6.9173,7.6548,0.3838,5.7683,7.5434,0.3850,6.1002,10.0000,3.0000
63.9498,1279,7.9797,10.0907,3.0036,6.9390,7.6725,0.3825,5.7905,7.5611,0.3855,6.0502,10.0000,3.0000
63.9997,1280,7.9087,10.0977,3.0036,6.9605,7.6908,0.3814,5.8125,7.5791,0.3857,6.0003,10.0000,3.0000
64.0498,1281,7.9087,10.0977,3.0036,6.9605,7.6908,0.3814,5.8125,7.5791,0.3857,5.9502,10.0000,3.0000
64.0997,1282,7.8372,10.1044,3.0036,6.9821,7.7101,0.3802,5.8343,7.5976,0.3844,5.9003,10.0000,3.0000
64.1498,1283,7.8372,10.1044,3.0036,6.9821,7.7101,0.3802,5.8343,7.5976,0.3844,5.8502,10.0000,3.0000
64.1997,1284,7.7652,10.1107,3.0036,7.0039,7.7303,0.3793,5.8562,7.6164,0.3816,5.8003,10.0000,3.0000
64.2496,1285,7.6929,10.1167,3.0035,7.0254,7.7510,0.3796,5.8773,7.6351,0.3792,5.7504,10.0000,3.0000
64.2998,1286,7.6929,10.1167,3.0035,7.0254,7.7510,0.3796,5.8773,7.6351,0.3792,5.7002,10.0000,3.0000
64.3497,1287,7.6203,10.1224,3.0035,7.0458,7.7714,0.3804,5.8978,7.6538,0.3776,5.6503,10.0000,3.0000
64.3997,1288,7.6203,10.1224,3.0035,7.0458,7.7714,0.3804,5.8978,7.6538,0.3776,5.6003,10.0000,3.0000
64.4497,1289,7.5475,10.1277,3.0035,7.0650,7.7910,0.3807,5.9178,7.6726,0.3766,5.5503,10.0000,3.0000
64.4997,1290,7.5475,10.1277,3.0035,7.0650,7.7910,0.3807,5.9178,7.6726,0.3766,5.5003,10.0000,3.0000
64.5509,1291,7.4746,10.1328,3.0035,7.0832,7.8102,0.3814,5.9375,7.6921,0.3757,5.4491,10.0000,3.0000
64.5996,1292,7.4016,10.1376,3.0035,7.1009,7.8295,0.3821,5.9572,7.7124,0.3749,5.4004,10.0000,3.0000
64.6497,1293,7.4016,10.1376,3.0035,7.1009,7.8295,0.3821,5.9572,7.7124,0.3749,5.3503,10.0000,3.0000
64.6997,1294,7.3285,10.1421,3.0035,7.1183,7.8491,0.3826,5.9771,7.7335,0.3741,5.3003,10.0000,3.0000
64.7497,1295,7.3285,10.1421,3.0035,7.1183,7.8491,0.3826,5.9771,7.7335,0.3741,5.2503,10.0000,3.0000
64.7997,1296,7.2554,10.1464,3.0035,7.1356,7.8692,0.3833,5.9967,7.7552,0.3747,5.2003,10.0000,3.0000
64.8497,1297,7.2554,10.1464,3.0035,7.1356,7.8692,0.3833,5.9967,7.7552,0.3747,5.1503,10.0000,3.0000
64.8997,1298,7.1822,10.1504,3.0035,7.1525,7.8897,0.3835,6.0149,7.7767,0.3760,5.1003,10.0000,3.0000
64.9498,1299,7.1822,10.1504,3.0035,7.1525,7.8897,0.3835,6.0149,7.7767,0.3760,5.0502,10.0000,3.0000
64.9997,1300,7.1089,10.1542,3.0035,7.1691,7.9103,0.3838,6.0316,7.7973,0.3764,5.0003,10.0000,3.0000
65.0497,1301,7.1089,10.1542,3.0035,7.1691,7.9103,0.3838,6.0316,7.7973,0.3764,4.9503,10.0000,3.0000
65.0997,1302,7.0357,10.1578,3.0035,7.1850,7.9316,0.3845,6.0470,7.8175,0.3763,4.9003,10.0000,3.0000
65.1497,1303,7.0357,10.1578,3.0035,7.1850,7.9316,0.3845,6.0470,7.8175,0.3763,4.8503,10.0000,3.0000
65.1997,1304,6.9624,10.1613,3.0035,7.2005,7.9535,0.3840,6.0617,7.8376,0.3759,4.8003,10.0000,3.0000
65.2496,1305,6.8891,10.1645,3.0035,7.2156,7.9755,0.3822,6.0758,7.8576,0.3753,4.7504,10.0000,3.0000
65.2997,1306,6.8891,10.1645,3.0035,7.2156,7.9755,0.3822,6.0758,7.8576,0.3753,4.7003,10.0000,3.0000
65.3498,1307,6.8158,10.1675,3.0035,7.2296,7.9974,0.3810,6.0895,7.8779,0.3744,4.6502,10.0000,3.0000
65.3997,1308,6.8158,10.1675,3.0035,7.2296,7.9974,0.3810,6.0895,7.8779,0.3744,4.6003,10.0000,3.0000
65.4497,1309,6.7425,10.1704,3.0035,7.2430,8.0195,0.3801,6.1025,7.8985,0.3734,4.5503,10.0000,3.0000
65.4996,1310,6.6692,10.1731,3.0035,7.2557,8.0422,0.3795,6.1147,7.9196,0.3720,4.5004,10.0000,3.0000
65.5497,1311,6.6692,10.1731,3.0035,7.2557,8.0422,0.3795,6.1147,7.9196,0.3720,4.4503,10.0000,3.0000
65.5999,1312,6.5959,10.1756,3.0034,7.2679,8.0657,0.3789,6.1257,7.9411,0.3712,4.4001,10.0000,3.0000
65.6498,1313,6.5959,10.1756,3.0034,7.2679,8.0657,0.3789,6.1257,7.9411,0.3712,4.3502,10.0000,3.0000
65.6997,1314,6.5226,10.1780,3.0034,7.2796,8.0900,0.3785,6.1356,7.9633,0.3712,4.3003,10.0000,3.0000
65.7497,1315,6.5226,10.1780,3.0034,7.2796,8.0900,0.3785,6.1356,7.9633,0.3712,4.2503,10.0000,3.0000
65.7997,1316,6.4492,10.1802,3.0034,7.2905,8.1147,0.3792,6.1447,7.9864,0.3717,4.2003,10.0000,3.0000
65.8498,1317,6.4492,10.1802,3.0034,7.2905,8.1147,0.3792,6.1447,7.9864,0.3717,4.1502,10.0000,3.0000
65.8997,1318,6.3759,10.1824,3.0034,7.3001,8.1392,0.3809,6.1527,8.0096,0.3716,4.1003,10.0000,3.0000
65.9497,1319,6.3759,10.1824,3.0034,7.3001,8.1392,0.3809,6.1527,8.0096,0.3716,4.0503,10.0000,3.0000
65.9997,1320,6.3026,10.1844,3.0034,7.3084,8.1628,0.3815,6.1596,8.0324,0.3717,4.0003,10.0000,3.0000
66.0497,1321,6.3026,10.1844,3.0034,7.3084,8.1628,0.3815,6.1596,8.0324,0.3717,3.9503,10.0000,3.0000
66.0997,1322,6.2292,10.1862,3.0034,7.3153,8.1853,0.3808,6.1658,8.0552,0.3722,3.9003,10.0000,3.0000
66.1496,1323,6.1559,10.1880,3.0034,7.3211,8.2072,0.3792,6.1711,8.0783,0.3728,3.8504,10.0000,3.0000
66.1997,1324,6.1559,10.1880,3.0034,7.3211,8.2072,0.3792,6.1711,8.0783,0.3728,3.8003,10.0000,3.0000
66.2498,1325,6.0826,10.1897,3.0034,7.3258,8.2285,0.3765,6.1756,8.1018,0.3731,3.7502,10.0000,3.0000
66.2997,1326,6.0826,10.1897,3.0034,7.3258,8.2285,0.3765,6.1756,8.1018,0.3731,3.7003,10.0000,3.0000
66.3497,1327,6.0092,10.1912,3.0034,7.3297,8.2500,0.3733,6.1793,8.1260,0.3732,3.6503,10.0000,3.0000
66.3998,1328,6.0092,10.1912,3.0034,7.3297,8.2500,0.3733,6.1793,8.1260,0.3732,3.6002,10.0000,3.0000
66.4498,1329,5.9359,10.1927,3.0034,7.3326,8.2717,0.3699,6.1820,8.1511,0.3733,3.5502,10.0000,3.0000
66.4996,1330,5.8626,10.1940,3.0034,7.3342,8.2937,0.3668,6.1833,8.1761,0.3738,3.5004,10.0000,3.0000
66.5497,1331,5.8626,10.1940,3.0034,7.3342,8.2937,0.3668,6.1833,8.1761,0.3738,3.4503,10.0000,3.0000
66.5996,1332,5.7892,10.1953,3.0034,7.3338,8.3157,0.3651,6.1828,8.2004,0.3747,3.4004,10.0000,3.0000
66.6497,1333,5.7892,10.1953,3.0034,7.3338,8.3157,0.3651,6.1828,8.2004,0.3747,3.3503,10.0000,3.0000
66.6998,1334,5.7159,10.1965,3.0034,7.3316,8.3384,0.3643,6.1810,8.2235,0.3750,3.3002,10.0000,3.0000
66.7497,1335,5.7159,10.1965,3.0034,7.3316,8.3384,0.3643,6.1810,8.2235,0.3750,3.2503,10.0000,3.0000
66.7997,1336,5.6426,10.1976,3.0034,7.3279,8.3618,0.3636,6.1781,8.2456,0.3741,3.2003,10.0000,3.0000
66.8497,1337,5.6426,10.1976,3.0034,7.3279,8.3618,0.3636,6.1781,8.2456,0.3741,3.1503,10.0000,3.0000
66.8996,1338,5.5692,10.1987,3.0034,7.3232,8.3847,0.3629,6.1742,8.2667,0.3726,3.1004,10.0000,3.0000
66.9498,1339,5.5692,10.1987,3.0034,7.3232,8.3847,0.3629,6.1742,8.2667,0.3726,3.0502,10.0000,3.0000
66.9998,1340,5.4959,10.1996,3.0034,7.3177,8.4074,0.3625,6.1693,8.2874,0.3714,3.0002,10.0000,3.0000
67.0497,1341,5.4959,10.1996,3.0034,7.3177,8.4074,0.3625,6.1693,8.2874,0.3714,2.9503,10.0000,3.0000
67.0997,1342,5.4226,10.2005,3.0033,7.3113,8.4302,0.3624,6.1632,8.3082,0.3701,2.9003,10.0000,3.0000
67.1497,1343,5.4226,10.2005,3.0033,7.3113,8.4302,0.3624,6.1632,8.3082,0.3701,2.8503,10.0000,3.0000
67.1997,1344,5.3492,10.2014,3.0033,7.3040,8.4530,0.3620,6.1556,8.3291,0.3688,2.8003,10.0000,3.0000
67.2526,1345,5.2759,10.2022,3.0033,7.2955,8.4761,0.3611,6.1465,8.3502,0.3674,2.7474,10.0000,3.0000
67.2998,1346,5.2759,10.2022,3.0033,7.2955,8.4761,0.3611,6.1465,8.3502,0.3674,2.7002,10.0000,3.0000
67.3497,1347,5.2026,10.2029,3.0033,7.2856,8.4998,0.3600,6.1357,8.3714,0.3655,2.6503,10.0000,3.0000
67.3997,1348,5.2026,10.2029,3.0033,7.2856,8.4998,0.3600,6.1357,8.3714,0.3655,2.6003,10.0000,3.0000
67.4497,1349,5.1292,10.2036,3.0033,7.2742,8.5238,0.3584,6.1234,8.3929,0.3623,2.5503,10.0000,3.0000
67.4997,1350,5.1292,10.2036,3.0033,7.2742,8.5238,0.3584,6.1234,8.3929,0.3623,2.5003,10.0000,3.0000
67.5497,1351,5.0559,10.2042,3.0033,7.2619,8.5467,0.3572,6.1100,8.4132,0.3600,2.4503,10.0000,3.0000
67.5997,1352,4.9826,10.2048,3.0033,7.2484,8.5682,0.3566,6.0961,8.4324,0.3583,2.4003,10.0000,3.0000
67.6498,1353,4.9826,10.2048,3.0033,7.2484,8.5682,0.3566,6.0961,8.4324,0.3583,2.3502,10.0000,3.0000
67.6997,1354,4.9092,10.2053,3.0033,7.2347,8.5881,0.3555,6.0819,8.4510,0.3571,2.3003,10.0000,3.0000
67.7497,1355,4.9092,10.2053,3.0033,7.2347,8.5881,0.3555,6.0819,8.4510,0.3571,2.2503,10.0000,3.0000
67.7997,1356,4.8359,10.2058,3.0033,7.2205,8.6067,0.3536,6.0675,8.4688,0.3565,2.2003,10.0000,3.0000
67.8497,1357,4.8359,10.2058,3.0033,7.2205,8.6067,0.3536,6.0675,8.4688,0.3565,2.1503,10.0000,3.0000
67.8998,1358,4.7626,10.2062,3.0033,7.2061,8.6246,0.3518,6.0528,8.4864,0.3565,2.1002,10.0000,3.0000
67.9497,1359,4.6892,10.2066,3.0033,7.1912,8.6423,0.3505,6.0376,8.5036,0.3568,2.0503,10.0000,3.0000
67.9998,1360,4.6892,10.2066,3.0033,7.1912,8.6423,0.3505,6.0376,8.5036,0.3568,2.0002,10.0000,3.0000
68.0497,1361,4.6159,10.2070,3.0033,7.1754,8.6602,0.3497,6.0219,8.5205,0.3570,1.9503,10.0000,3.0000
68.0998,1362,4.6159,10.2070,3.0033,7.1754,8.6602,0.3497,6.0219,8.5205,0.3570,1.9002,10.0000,3.0000
68.1498,1363,4.5426,10.2073,3.0033,7.1584,8.6779,0.3490,6.0053,8.5373,0.3569,1.8502,10.0000,3.0000
68.1997,1364,4.5426,10.2073,3.0033,7.1584,8.6779,0.3490,6.0053,8.5373,0.3569,1.8003,10.0000,3.0000
68.2497,1365,4.4692,10.2076,3.0033,7.1400,8.6955,0.3479,5.9877,8.5542,0.3570,1.7503,10.0000,3.0000
68.2997,1366,4.4692,10.2076,3.0033,7.1400,8.6955,0.3479,5.9877,8.5542,0.3570,1.7003,10.0000,3.0000
68.3497,1367,4.3959,10.2079,3.0033,7.1203,8.7127,0.3467,5.9688,8.5710,0.3578,1.6503,10.0000,3.0000
68.3997,1368,4.3959,10.2079,3.0033,7.1203,8.7127,0.3467,5.9688,8.5710,0.3578,1.6003,10.0000,3.0000
68.4497,1369,4.3226,10.2081,3.0033,7.0993,8.7294,0.3465,5.9491,8.5867,0.3590,1.5503,10.0000,3.0000
68.4996,1370,4.2492,10.2083,3.0032,7.0776,8.7457,0.3467,5.9294,8.6015,0.3591,1.5004,10.0000,3.0000
68.5497,1371,4.2492,10.2083,3.0032,7.0776,8.7457,0.3467,5.9294,8.6015,0.3591,1.4503,10.0000,3.0000
68.5997,1372,4.1759,10.2085,3.0032,7.0558,8.7616,0.3472,5.9099,8.6151,0.3593,1.4003,10.0000,3.0000
68.6497,1373,4.1759,10.2085,3.0032,7.0558,8.7616,0.3472,5.9099,8.6151,0.3593,1.3503,10.0000,3.0000
68.6998,1374,4.1026,10.2086,3.0032,7.0341,8.7775,0.3478,5.8904,8.6280,0.3597,1.3002,10.0000,3.0000
68.7497,1375,4.1026,10.2086,3.0032,7.0341,8.7775,0.3478,5.8904,8.6280,0.3597,1.2503,10.0000,3.0000
68.7997,1376,4.0292,10.2087,3.0032,7.0124,8.7932,0.3483,5.8704,8.6405,0.3600,1.2003,10.0000,3.0000
68.8497,1377,4.0292,10.2087,3.0032,7.0124,8.7932,0.3483,5.8704,8.6405,0.3600,1.1503,10.0000,3.0000
68.8997,1378,3.9559,10.2088,3.0032,6.9905,8.8086,0.3487,5.8493,8.6531,0.3601,1.1003,10.0000,3.0000
68.9497,1379,3.9559,10.2088,3.0032,6.9905,8.8086,0.3487,5.8493,8.6531,0.3601,1.0503,10.0000,3.0000
68.9997,1380,3.8826,10.2089,3.0032,6.9684,8.8236,0.3489,5.8270,8.6657,0.3602,1.0003,10.0000,3.0000
69.0497,1381,3.8826,10.2089,3.0032,6.9684,8.8236,0.3489,5.8270,8.6657,0.3602,0.9503,10.0000,3.0000
69.0997,1382,3.8092,10.2090,3.0032,6.9457,8.8384,0.3490,5.8036,8.6784,0.3600,0.9003,10.0000,3.0000
69.1496,1383,3.8092,10.2090,3.0032,6.9219,8.8532,0.3487,5.8036,8.6784,0.3600,0.8504,10.0000,3.0000
69.1997,1384,3.7359,10.2090,3.0032,6.9219,8.8532,0.3487,5.7791,8.6912,0.3592,0.8003,10.0000,3.0000
69.2498,1385,3.6626,10.2090,3.0032,6.8967,8.8681,0.3485,5.7539,8.7038,0.3583,0.7502,10.0000,3.0000
69.2998,1386,3.6626,10.2090,3.0032,6.8967,8.8681,0.3485,5.7539,8.7038,0.3583,0.7002,10.0000,3.0000
69.3498,1387,3.5892,10.2091,3.0032,6.8708,8.8826,0.3490,5.7289,8.7154,0.3577,0.6502,10.0000,3.0000
69.3997,1388,3.5892,10.2091,3.0032,6.8708,8.8826,0.3490,5.7289,8.7154,0.3577,0.6003,10.0000,3.0000
69.4497,1389,3.5159,10.2090,3.0032,6.8451,8.8959,0.3501,5.7044,8.7266,0.3578,0.5503,10.0000,3.0000
69.4997,1390,3.5159,10.2090,3.0032,6.8451,8.8959,0.3501,5.7044,8.7266,0.3578,0.5003,10.0000,3.0000
69.5497,1391,3.4426,10.2090,3.0032,6.8203,8.9083,0.3513,5.6801,8.7376,0.3586,0.4503,10.0000,3.0000
69.5999,1392,3.4426,10.2090,3.0032,6.8203,8.9083,0.3513,5.6801,8.7376,0.3586,0.4001,10.0000,3.0000
69.6497,1393,3.3692,10.2090,3.0032,6.7959,8.9204,0.3523,5.6561,8.7484,0.3598,0.3503,10.0000,3.0000
69.6996,1394,3.2959,10.2089,3.0032,6.7718,8.9322,0.3534,5.6322,8.7591,0.3609,0.3004,10.0000,3.0000
69.7497,1395,3.2959,10.2089,3.0032,6.7718,8.9322,0.3534,5.6322,8.7591,0.3609,0.2503,10.0000,3.0000
69.7997,1396,3.2226,10.2088,3.0032,6.7475,8.9443,0.3543,5.6084,8.7697,0.3615,0.2003,10.0000,3.0000
69.8497,1397,3.2226,10.2088,3.0032,6.7475,8.9443,0.3543,5.6084,8.7697,0.3615,0.1503,10.0000,3.0000
69.8997,1398,3.1492,10.2088,3.0032,6.7227,8.9563,0.3555,5.5841,8.7803,0.3616,0.1003,10.0000,3.0000
69.9498,1399,3.1492,10.2088,3.0032,6.7227,8.9563,0.3555,5.5841,8.7803,0.3616,0.0502,10.0000,3.0000
69.9997,1400,3.0759,10.2087,3.0032,6.6971,8.9680,0.3570,5.5587,8.7913,0.3614,0.0003,10.0000,3.0000
