t,step,drone_x,drone_y,drone_z,dog0_x,dog0_y,dog0_z,dog1_x,dog1_y,dog1_z,target_x,target_y,target_z
0.0000,1,0.0000,0.0000,2.4935,1.2391,-0.0146,0.4184,-1.2674,-0.0210,0.4193,0.0000,0.0000,3.0000
0.0491,2,0.0000,0.0000,2.4784,1.2391,-0.0143,0.4184,-1.2675,-0.0208,0.4194,0.0491,0.0000,3.0000
0.0990,3,0.0000,0.0000,2.4784,1.2391,-0.0140,0.4184,-1.2675,-0.0208,0.4194,0.0990,0.0000,3.0000
0.1491,4,0.0002,0.0000,2.4613,1.2391,-0.0140,0.4184,-1.2676,-0.0206,0.4194,0.1491,0.0000,3.0000
0.1991,5,0.0012,0.0000,2.4522,1.2390,-0.0129,0.4192,-1.2668,-0.0206,0.4184,0.1991,0.0000,3.0000
0.2491,6,0.0012,0.0000,2.4522,1.2390,-0.0129,0.4192,-1.2668,-0.0206,0.4184,0.2491,0.0000,3.0000
0.2991,7,0.0035,0.0000,2.4510,1.2382,-0.0105,0.4201,-1.2646,-0.0209,0.4164,0.2991,0.0000,3.0000
0.3490,8,0.0035,0.0000,2.4510,1.2364,-0.0074,0.4196,-1.2646,-0.0209,0.4164,0.3490,0.0000,3.0000
0.3991,9,0.0079,-0.0000,2.4578,1.2364,-0.0074,0.4196,-1.2609,-0.0212,0.4152,0.3991,0.0000,3.0000
0.4491,10,0.0149,-0.0000,2.4722,1.2336,-0.0038,0.4165,-1.2556,-0.0216,0.4148,0.4491,0.0000,3.0000
0.4991,11,0.0149,-0.0000,2.4722,1.2336,-0.0038,0.4165,-1.2556,-0.0216,0.4148,0.4991,0.0000,3.0000
0.5491,12,0.0247,-0.0000,2.4927,1.2306,-0.0007,0.4093,-1.2491,-0.0221,0.4137,0.5491,0.0000,3.0000
0.5991,13,0.0247,-0.0000,2.4927,1.2306,-0.0007,0.4093,-1.2491,-0.0221,0.4137,0.5991,0.0000,3.0000
0.6492,14,0.0372,-0.0000,2.5174,1.2278,0.0022,0.3990,-1.2415,-0.0225,0.4122,0.6492,0.0000,3.0000
0.6991,15,0.0525,-0.0000,2.5450,1.2254,0.0047,0.3859,-1.2327,-0.0229,0.4103,0.6991,0.0000,3.0000
0.7491,16,0.0525,-0.0000,2.5450,1.2254,0.0047,0.3859,-1.2327,-0.0229,0.4103,0.7491,0.0000,3.0000
0.7991,17,0.0705,-0.0000,2.5741,1.2238,0.0062,0.3742,-1.2231,-0.0230,0.4080,0.7991,0.0000,3.0000
0.8492,18,0.0915,-0.0000,2.6039,1.2219,0.0072,0.3635,-1.2126,-0.0229,0.4053,0.8492,0.0000,3.0000
0.8992,19,0.0915,-0.0000,2.6039,1.2219,0.0072,0.3635,-1.2126,-0.0229,0.4053,0.8992,0.0000,3.0000
0.9491,20,0.1154,-0.0000,2.6336,1.2194,0.0077,0.3536,-1.2014,-0.0225,0.4022,0.9491,0.0000,3.0000
0.9990,21,0.1419,0.0000,2.6629,1.2167,0.0079,0.3445,-1.1898,-0.0220,0.3986,0.9990,0.0000,3.0000
1.0491,22,0.1419,0.0000,2.6629,1.2167,0.0079,0.3445,-1.1898,-0.0220,0.3986,1.0491,0.0000,3.0000
1.0992,23,0.1711,0.0000,2.6912,1.2135,0.0079,0.3358,-1.1778,-0.0214,0.3950,1.0992,0.0000,3.0000
1.1490,24,0.2026,0.0000,2.7183,1.2106,0.0083,0.3288,-1.1658,-0.0209,0.3913,1.1490,0.0000,3.0000
1.1992,25,0.2026,0.0000,2.7183,1.2106,0.0083,0.3288,-1.1658,-0.0209,0.3913,1.1992,0.0000,3.0000
1.2492,26,0.2365,0.0000,2.7440,1.2081,0.0095,0.3238,-1.1538,-0.0205,0.3874,1.2492,0.0000,3.0000
1.2990,27,0.2365,0.0000,2.7440,1.2081,0.0095,0.3238,-1.1538,-0.0205,0.3874,1.2990,0.0000,3.0000
1.3491,28,0.2727,0.0000,2.7682,1.2059,0.0108,0.3201,-1.1422,-0.0206,0.3834,1.3491,0.0000,3.0000
1.3992,29,0.3109,0.0000,2.7909,1.2039,0.0126,0.3188,-1.1306,-0.0213,0.3789,1.3992,0.0000,3.0000
1.4492,30,0.3109,0.0000,2.7909,1.2039,0.0126,0.3188,-1.1306,-0.0213,0.3789,1.4492,0.0000,3.0000
1.4992,31,0.3511,0.0000,2.8120,1.2023,0.0142,0.3199,-1.1187,-0.0226,0.3742,1.4992,0.0000,3.0000
1.5491,32,0.3935,0.0000,2.8316,1.2018,0.0150,0.3208,-1.1059,-0.0245,0.3694,1.5491,0.0000,3.0000
1.5991,33,0.3935,0.0000,2.8316,1.2018,0.0150,0.3208,-1.1059,-0.0245,0.3694,1.5991,0.0000,3.0000
1.6481,34,0.4379,0.0000,2.8496,1.2026,0.0150,0.3200,-1.0927,-0.0271,0.3666,1.6481,0.0000,3.0000
1.6959,35,0.4842,0.0000,2.8662,1.2038,0.0142,0.3182,-1.0793,-0.0301,0.3652,1.6959,0.0000,3.0000
1.7439,36,0.4842,0.0000,2.8662,1.2038,0.0142,0.3182,-1.0793,-0.0301,0.3652,1.7439,0.0000,3.0000
1.7906,37,0.5322,0.0000,2.8814,1.2052,0.0134,0.3169,-1.0657,-0.0330,0.3639,1.7906,0.0000,3.0000
1.8361,38,0.5817,0.0000,2.8953,1.2074,0.0127,0.3166,-1.0518,-0.0359,0.3626,1.8361,0.0000,3.0000
1.8817,39,0.5817,0.0000,2.8953,1.2074,0.0127,0.3166,-1.0518,-0.0359,0.3626,1.8817,0.0000,3.0000
1.9260,40,0.6327,0.0000,2.9079,1.2102,0.0128,0.3159,-1.0377,-0.0388,0.3619,1.9260,0.0000,3.0000
1.9689,41,0.6849,0.0000,2.9194,1.2141,0.0137,0.3124,-1.0231,-0.0415,0.3611,1.9689,0.0000,3.0000
2.0121,42,0.6849,0.0000,2.9194,1.2141,0.0137,0.3124,-1.0231,-0.0415,0.3611,2.0121,0.0000,3.0000
2.0539,43,0.7383,0.0000,2.9298,1.2187,0.0147,0.3069,-1.0073,-0.0446,0.3600,2.0539,0.0000,3.0000
2.0957,44,0.7383,0.0000,2.9298,1.2187,0.0147,0.3069,-1.0073,-0.0446,0.3600,2.0957,0.0000,3.0000
2.1362,45,0.7926,0.0000,2.9392,1.2237,0.0157,0.3005,-0.9902,-0.0479,0.3585,2.1362,0.0000,3.0000
2.1755,46,0.8480,0.0000,2.9477,1.2300,0.0166,0.2936,-0.9718,-0.0515,0.3586,2.1755,0.0000,3.0000
2.2148,47,0.8480,0.0000,2.9477,1.2300,0.0166,0.2936,-0.9718,-0.0515,0.3586,2.2148,0.0000,3.0000
2.2529,48,0.9043,0.0000,2.9553,1.2372,0.0183,0.2876,-0.9519,-0.0552,0.3595,2.2529,0.0000,3.0000
2.2897,49,0.9614,0.0000,2.9622,1.2443,0.0204,0.2833,-0.9312,-0.0588,0.3586,2.2897,0.0000,3.0000
2.3267,50,0.9614,0.0000,2.9622,1.2443,0.0204,0.2833,-0.9312,-0.0588,0.3586,2.3267,0.0000,3.0000
2.3624,51,1.0192,0.0000,2.9684,1.2529,0.0225,0.2819,-0.9103,-0.0623,0.3562,2.3624,0.0000,3.0000
2.3980,52,1.0192,0.0000,2.9684,1.2529,0.0225,0.2819,-0.9103,-0.0623,0.3562,2.3980,0.0000,3.0000
2.4324,53,1.0775,0.0000,2.9740,1.2631,0.0238,0.2825,-0.8897,-0.0655,0.3536,2.4324,0.0000,3.0000
2.4655,54,1.1361,0.0000,2.9790,1.2741,0.0239,0.2839,-0.8689,-0.0685,0.3514,2.4655,0.0000,3.0000
2.4987,55,1.1361,0.0000,2.9790,1.2741,0.0239,0.2839,-0.8689,-0.0685,0.3514,2.4987,0.0000,3.0000
2.5305,56,1.1947,0.0000,2.9834,1.2854,0.0228,0.2860,-0.8476,-0.0710,0.3493,2.5305,0.0000,3.0000
2.5612,57,1.2534,0.0000,2.9874,1.2972,0.0214,0.2893,-0.8257,-0.0733,0.3473,2.5612,0.0000,3.0000
2.5918,58,1.2534,0.0000,2.9874,1.2972,0.0214,0.2893,-0.8257,-0.0733,0.3473,2.5918,0.0000,3.0000
2.6213,59,1.3119,0.0000,2.9910,1.3097,0.0201,0.2937,-0.8030,-0.0753,0.3455,2.6213,0.0000,3.0000
2.6496,60,1.3703,0.0000,2.9941,1.3232,0.0195,0.3006,-0.7794,-0.0770,0.3439,2.6496,0.0000,3.0000
2.6779,61,1.3703,0.0000,2.9941,1.3232,0.0195,0.3006,-0.7794,-0.0770,0.3439,2.6779,0.0000,3.0000
2.7051,62,1.4284,0.0000,2.9969,1.3371,0.0191,0.3085,-0.7547,-0.0784,0.3426,2.7051,0.0000,3.0000
2.7312,63,1.4863,0.0000,2.9995,1.3508,0.0188,0.3153,-0.7293,-0.0796,0.3430,2.7312,0.0000,3.0000
2.7573,64,1.4863,0.0000,2.9995,1.3508,0.0188,0.3153,-0.7293,-0.0796,0.3430,2.7573,0.0000,3.0000
2.7823,65,1.5439,0.0000,3.0017,1.3658,0.0177,0.3225,-0.7041,-0.0807,0.3461,2.7823,0.0000,3.0000
2.8073,66,1.5439,0.0000,3.0017,1.3658,0.0177,0.3225,-0.7041,-0.0807,0.3461,2.8073,0.0000,3.0000
2.8323,67,1.5439,0.0000,3.0017,1.3658,0.0177,0.3225,-0.7041,-0.0807,0.3461,2.8323,0.0000,3.0000
2.8563,68,1.6012,0.0000,3.0037,1.3817,0.0163,0.3287,-0.6793,-0.0818,0.3493,2.8563,0.0000,3.0000
2.8791,69,1.6583,0.0000,3.0054,1.3975,0.0146,0.3341,-0.6543,-0.0830,0.3523,2.8791,0.0000,3.0000
2.9020,70,1.6583,0.0000,3.0054,1.3975,0.0146,0.3341,-0.6543,-0.0830,0.3523,2.9020,0.0000,3.0000
2.9238,71,1.7151,-0.0000,3.0070,1.4128,0.0152,0.3397,-0.6295,-0.0843,0.3552,2.9238,0.0000,3.0000
2.9456,72,1.7151,-0.0000,3.0070,1.4128,0.0152,0.3397,-0.6295,-0.0843,0.3552,2.9456,0.0000,3.0000
2.9663,73,1.7715,-0.0000,3.0084,1.4280,0.0189,0.3464,-0.6047,-0.0857,0.3581,2.9663,0.0000,3.0000
2.9860,74,1.8273,-0.0000,3.0096,1.4429,0.0252,0.3547,-0.5793,-0.0873,0.3607,2.9860,0.0000,3.0000
3.0058,75,1.8273,-0.0000,3.0096,1.4429,0.0252,0.3547,-0.5793,-0.0873,0.3607,3.0058,0.0000,3.0000
3.0246,76,1.8824,-0.0000,3.0106,1.4573,0.0325,0.3652,-0.5534,-0.0888,0.3631,3.0246,0.0000,3.0000
3.0423,77,1.9368,-0.0000,3.0116,1.4723,0.0401,0.3789,-0.5269,-0.0905,0.3653,3.0423,0.0000,3.0000
3.0602,78,1.9368,-0.0000,3.0116,1.4723,0.0401,0.3789,-0.5269,-0.0905,0.3653,3.0602,0.0000,3.0000
3.0771,79,1.9904,-0.0000,3.0124,1.4890,0.0467,0.3933,-0.4996,-0.0923,0.3675,3.0771,0.0000,3.0000
3.0941,80,1.9904,-0.0000,3.0124,1.4890,0.0467,0.3933,-0.4996,-0.0923,0.3675,3.0941,0.0000,3.0000
3.1102,81,2.0432,-0.0000,3.0132,1.5077,0.0528,0.4048,-0.4721,-0.0942,0.3700,3.1102,0.0000,3.0000
3.1254,82,2.0951,-0.0000,3.0138,1.5272,0.0595,0.4124,-0.4447,-0.0959,0.3715,3.1254,0.0000,3.0000
3.1407,83,2.0951,-0.0000,3.0138,1.5272,0.0595,0.4124,-0.4447,-0.0959,0.3715,3.1407,0.0000,3.0000
3.1552,84,2.1459,-0.0000,3.0144,1.5467,0.0664,0.4158,-0.4171,-0.0977,0.3713,3.1552,0.0000,3.0000
3.1689,85,2.1959,0.0000,3.0149,1.5659,0.0729,0.4148,-0.3898,-0.0994,0.3708,3.1689,0.0000,3.0000
3.1827,86,2.1959,0.0000,3.0149,1.5659,0.0729,0.4148,-0.3898,-0.0994,0.3708,3.1827,0.0000,3.0000
3.1957,87,2.2449,0.0000,3.0153,1.5848,0.0786,0.4094,-0.3629,-0.1010,0.3706,3.1957,0.0000,3.0000
3.2087,88,2.2449,0.0000,3.0153,1.5848,0.0786,0.4094,-0.3629,-0.1010,0.3706,3.2087,0.0000,3.0000
3.2210,89,2.2929,0.0000,3.0157,1.6037,0.0840,0.3999,-0.3359,-0.1024,0.3704,3.2210,0.0000,3.0000
3.2327,90,2.3399,0.0000,3.0160,1.6224,0.0893,0.3857,-0.3085,-0.1038,0.3704,3.2327,0.0000,3.0000
3.2443,91,2.3399,0.0000,3.0160,1.6224,0.0893,0.3857,-0.3085,-0.1038,0.3704,3.2443,0.0000,3.0000
3.2554,92,2.3858,0.0000,3.0163,1.6414,0.0942,0.3663,-0.2805,-0.1050,0.3704,3.2554,0.0000,3.0000
3.2665,93,2.3858,0.0000,3.0163,1.6414,0.0942,0.3663,-0.2805,-0.1050,0.3704,3.2665,0.0000,3.0000
3.2770,94,2.4307,0.0000,3.0165,1.6618,0.0981,0.3429,-0.2518,-0.1061,0.3705,3.2770,0.0000,3.0000
3.2870,95,2.4745,0.0000,3.0167,1.6844,0.1012,0.3189,-0.2224,-0.1071,0.3707,3.2870,0.0000,3.0000
3.2970,96,2.4745,0.0000,3.0167,1.6844,0.1012,0.3189,-0.2224,-0.1071,0.3707,3.2970,0.0000,3.0000
3.3066,97,2.5171,0.0000,3.0169,1.7086,0.1057,0.2955,-0.1932,-0.1082,0.3730,3.3066,0.0000,3.0000
3.3157,98,2.5587,0.0000,3.0170,1.7336,0.1127,0.2693,-0.1655,-0.1090,0.3762,3.3157,0.0000,3.0000
3.3248,99,2.5587,0.0000,3.0170,1.7336,0.1127,0.2693,-0.1655,-0.1090,0.3762,3.3248,0.0000,3.0000
3.3335,100,2.5991,0.0000,3.0172,1.7576,0.1210,0.2373,-0.1382,-0.1098,0.3792,3.3335,0.0000,3.0000
3.3418,101,2.6383,0.0000,3.0173,1.7699,0.1276,0.2173,-0.1108,-0.1103,0.3818,3.3418,0.0000,3.0000
3.3501,102,2.6383,0.0000,3.0173,1.7699,0.1276,0.2173,-0.1108,-0.1103,0.3818,3.3501,0.0000,3.0000
3.3580,103,2.6765,0.0000,3.0174,1.7694,0.1313,0.2170,-0.0833,-0.1106,0.3843,3.3580,0.0000,3.0000
3.3660,104,2.6765,0.0000,3.0174,1.7700,0.1363,0.2162,-0.0833,-0.1106,0.3843,3.3660,0.0000,3.0000
3.3736,105,2.7135,0.0000,3.0174,1.7700,0.1363,0.2162,-0.0554,-0.1110,0.3864,3.3736,0.0000,3.0000
3.3810,106,2.7494,0.0000,3.0175,1.7727,0.1404,0.2139,-0.0268,-0.1112,0.3882,3.3810,0.0000,3.0000
3.3882,107,2.7843,0.0000,3.0175,1.7765,0.1427,0.2092,0.0025,-0.1114,0.3896,3.3882,0.0000,3.0000
3.3954,108,2.7843,0.0000,3.0175,1.7765,0.1427,0.2092,0.0025,-0.1114,0.3896,3.3954,0.0000,3.0000
3.4025,109,2.8180,0.0000,3.0176,1.7794,0.1434,0.2030,0.0327,-0.1114,0.3901,3.4025,0.0000,3.0000
3.4094,110,2.8507,0.0000,3.0176,1.7807,0.1430,0.2020,0.0626,-0.1113,0.3885,3.4094,0.0000,3.0000
3.4165,111,2.8507,0.0000,3.0176,1.7807,0.1430,0.2020,0.0626,-0.1113,0.3885,3.4165,0.0000,3.0000
3.4234,112,2.8825,0.0000,3.0176,1.7821,0.1436,0.2033,0.0927,-0.1113,0.3853,3.4234,0.0000,3.0000
3.4303,113,2.8825,0.0000,3.0176,1.7821,0.1436,0.2033,0.0927,-0.1113,0.3853,3.4303,0.0000,3.0000
3.4372,114,2.9132,0.0000,3.0176,1.7823,0.1458,0.2059,0.1225,-0.1112,0.3821,3.4372,0.0000,3.0000
3.4441,115,2.9430,0.0000,3.0176,1.7823,0.1495,0.2097,0.1519,-0.1112,0.3795,3.4441,0.0000,3.0000
3.4510,116,2.9430,0.0000,3.0176,1.7823,0.1495,0.2097,0.1519,-0.1112,0.3795,3.4510,0.0000,3.0000
3.4579,117,2.9719,0.0000,3.0176,1.7812,0.1535,0.2161,0.1810,-0.1112,0.3774,3.4579,0.0000,3.0000
3.4648,118,2.9719,0.0000,3.0176,1.7796,0.1575,0.2225,0.1810,-0.1112,0.3774,3.4648,0.0000,3.0000
3.4717,119,2.9999,0.0000,3.0176,1.7796,0.1575,0.2225,0.2101,-0.1110,0.3757,3.4717,0.0000,3.0000
3.4787,120,3.0271,0.0000,3.0176,1.7796,0.1625,0.2264,0.2394,-0.1107,0.3741,3.4787,0.0000,3.0000
3.4857,121,3.0271,0.0000,3.0176,1.7796,0.1625,0.2264,0.2394,-0.1107,0.3741,3.4857,0.0000,3.0000
3.4928,122,3.0535,0.0000,3.0176,1.7820,0.1662,0.2273,0.2693,-0.1104,0.3727,3.4928,0.0000,3.0000
3.5001,123,3.0792,0.0000,3.0176,1.7849,0.1680,0.2262,0.3000,-0.1100,0.3713,3.5001,0.0000,3.0000
3.5074,124,3.0792,0.0000,3.0176,1.7849,0.1680,0.2262,0.3000,-0.1100,0.3713,3.5074,0.0000,3.0000
3.5149,125,3.1042,0.0000,3.0175,1.7873,0.1703,0.2253,0.3307,-0.1096,0.3702,3.5149,0.0000,3.0000
3.5225,126,3.1285,0.0000,3.0175,1.7904,0.1742,0.2244,0.3602,-0.1092,0.3711,3.5225,0.0000,3.0000
3.5302,127,3.1285,0.0000,3.0175,1.7904,0.1742,0.2244,0.3602,-0.1092,0.3711,3.5302,0.0000,3.0000
3.5380,128,3.1521,0.0000,3.0175,1.7948,0.1781,0.2236,0.3886,-0.1088,0.3729,3.5380,0.0000,3.0000
3.5458,129,3.1521,0.0000,3.0175,1.7948,0.1781,0.2236,0.3886,-0.1088,0.3729,3.5458,0.0000,3.0000
3.5538,130,3.1751,0.0000,3.0174,1.8013,0.1789,0.2220,0.4166,-0.1083,0.3749,3.5538,0.0000,3.0000
3.5620,131,3.1976,0.0000,3.0174,1.8084,0.1784,0.2191,0.4445,-0.1077,0.3768,3.5620,0.0000,3.0000
3.5701,132,3.1976,0.0000,3.0174,1.8084,0.1784,0.2191,0.4445,-0.1077,0.3768,3.5701,0.0000,3.0000
3.5785,133,3.2195,0.0000,3.0174,1.8131,0.1777,0.2152,0.4727,-0.1071,0.3785,3.5785,0.0000,3.0000
3.5871,134,3.2409,0.0000,3.0173,1.8166,0.1801,0.2129,0.5014,-0.1065,0.3799,3.5871,0.0000,3.0000
3.5958,135,3.2409,0.0000,3.0173,1.8166,0.1801,0.2129,0.5014,-0.1065,0.3799,3.5958,0.0000,3.0000
3.6046,136,3.2619,0.0000,3.0173,1.8213,0.1824,0.2120,0.5309,-0.1059,0.3813,3.6046,0.0000,3.0000
3.6138,137,3.2825,0.0000,3.0173,1.8261,0.1855,0.2121,0.5614,-0.1053,0.3823,3.6138,0.0000,3.0000
3.6231,138,3.2825,0.0000,3.0173,1.8261,0.1855,0.2121,0.5614,-0.1053,0.3823,3.6231,0.0000,3.0000
3.6327,139,3.3027,0.0000,3.0172,1.8306,0.1893,0.2150,0.5923,-0.1047,0.3817,3.6327,0.0000,3.0000
3.6426,140,3.3226,0.0000,3.0172,1.8341,0.1940,0.2217,0.6229,-0.1041,0.3795,3.6426,0.0000,3.0000
3.6526,141,3.3226,0.0000,3.0172,1.8341,0.1940,0.2217,0.6229,-0.1041,0.3795,3.6526,0.0000,3.0000
3.6628,142,3.3422,0.0000,3.0172,1.8379,0.1992,0.2292,0.6529,-0.1034,0.3777,3.6628,0.0000,3.0000
3.6731,143,3.3422,0.0000,3.0172,1.8379,0.1992,0.2292,0.6529,-0.1034,0.3777,3.6731,0.0000,3.0000
3.6838,144,3.3615,0.0000,3.0171,1.8424,0.2050,0.2363,0.6821,-0.1027,0.3766,3.6838,0.0000,3.0000
3.6947,145,3.3807,0.0000,3.0171,1.8495,0.2126,0.2429,0.7110,-0.1021,0.3761,3.6947,0.0000,3.0000
3.7056,146,3.3807,0.0000,3.0171,1.8495,0.2126,0.2429,0.7110,-0.1021,0.3761,3.7056,0.0000,3.0000
3.7169,147,3.3996,0.0000,3.0170,1.8589,0.2216,0.2463,0.7396,-0.1016,0.3759,3.7169,0.0000,3.0000
3.7285,148,3.4184,0.0000,3.0170,1.8680,0.2313,0.2458,0.7685,-0.1011,0.3758,3.7285,0.0000,3.0000
3.7401,149,3.4184,0.0000,3.0170,1.8680,0.2313,0.2458,0.7685,-0.1011,0.3758,3.7401,0.0000,3.0000
3.7521,150,3.4370,0.0000,3.0169,1.8754,0.2401,0.2408,0.7977,-0.1007,0.3759,3.7521,0.0000,3.0000
3.7644,151,3.4556,0.0000,3.0169,1.8817,0.2487,0.2338,0.8275,-0.1004,0.3763,3.7644,0.0000,3.0000
3.7768,152,3.4556,0.0000,3.0169,1.8817,0.2487,0.2338,0.8275,-0.1004,0.3763,3.7768,0.0000,3.0000
3.7895,153,3.4740,0.0000,3.0169,1.8869,0.2581,0.2315,0.8576,-0.1001,0.3767,3.7895,0.0000,3.0000
3.8025,154,3.4924,0.0000,3.0168,1.8915,0.2700,0.2332,0.8874,-0.0998,0.3774,3.8025,0.0000,3.0000
3.8157,155,3.4924,0.0000,3.0168,1.8915,0.2700,0.2332,0.8874,-0.0998,0.3774,3.8157,0.0000,3.0000
3.8292,156,3.5107,0.0000,3.0168,1.8968,0.2831,0.2337,0.9163,-0.1000,0.3791,3.8292,0.0000,3.0000
3.8429,157,3.5291,0.0000,3.0167,1.9027,0.2964,0.2314,0.9445,-0.1002,0.3806,3.8429,0.0000,3.0000
3.8567,158,3.5291,0.0000,3.0167,1.9027,0.2964,0.2314,0.9445,-0.1002,0.3806,3.8567,0.0000,3.0000
3.8708,159,3.5475,0.0000,3.0167,1.9086,0.3098,0.2255,0.9725,-0.1004,0.3818,3.8708,0.0000,3.0000
3.8852,160,3.5659,0.0000,3.0167,1.9134,0.3249,0.2147,1.0006,-0.1008,0.3828,3.8852,0.0000,3.0000
3.8997,161,3.5659,0.0000,3.0167,1.9134,0.3249,0.2147,1.0006,-0.1008,0.3828,3.8997,0.0000,3.0000
3.9144,162,3.5844,0.0000,3.0166,1.9168,0.3422,0.2018,1.0290,-0.1012,0.3833,3.9144,0.0000,3.0000
3.9295,163,3.6030,0.0000,3.0166,1.9198,0.3589,0.1883,1.0581,-0.1019,0.3835,3.9295,0.0000,3.0000
3.9446,164,3.6030,0.0000,3.0166,1.9198,0.3589,0.1883,1.0581,-0.1019,0.3835,3.9446,0.0000,3.0000
3.9601,165,3.6217,0.0000,3.0165,1.9225,0.3741,0.1732,1.0877,-0.1027,0.3836,3.9601,0.0000,3.0000
3.9755,166,3.6217,0.0000,3.0165,1.9225,0.3741,0.1732,1.0877,-0.1027,0.3836,3.9755,0.0000,3.0000
3.9914,167,3.6405,0.0000,3.0165,1.9246,0.3891,0.1572,1.1183,-0.1037,0.3837,3.9914,0.0000,3.0000
4.0077,168,3.6595,0.0000,3.0164,1.9272,0.4041,0.1432,1.1494,-0.1050,0.3825,4.0077,0.0000,3.0000
4.0239,169,3.6595,0.0000,3.0164,1.9272,0.4041,0.1432,1.1494,-0.1050,0.3825,4.0239,0.0000,3.0000
4.0405,170,3.6787,0.0000,3.0164,1.9364,0.4160,0.1393,1.1794,-0.1063,0.3807,4.0405,0.0000,3.0000
4.0574,171,3.6981,0.0000,3.0164,1.9454,0.4280,0.1315,1.2074,-0.1080,0.3805,4.0574,0.0000,3.0000
4.0743,172,3.6981,0.0000,3.0164,1.9454,0.4280,0.1315,1.2074,-0.1080,0.3805,4.0743,0.0000,3.0000
4.0914,173,3.7179,0.0000,3.0163,1.9543,0.4393,0.1212,1.2342,-0.1101,0.3810,4.0914,0.0000,3.0000
4.1086,174,3.7179,0.0000,3.0163,1.9543,0.4393,0.1212,1.2342,-0.1101,0.3810,4.1086,0.0000,3.0000
4.1259,175,3.7381,0.0000,3.0163,1.9623,0.4482,0.1118,1.2605,-0.1124,0.3814,4.1259,0.0000,3.0000
4.1432,176,3.7381,0.0000,3.0163,1.9623,0.4482,0.1118,1.2605,-0.1124,0.3814,4.1432,0.0000,3.0000
4.1607,177,3.7586,0.0000,3.0162,1.9690,0.4555,0.1025,1.2860,-0.1151,0.3815,4.1607,0.0000,3.0000
4.1783,178,3.7795,0.0000,3.0162,1.9746,0.4616,0.0930,1.3107,-0.1183,0.3815,4.1783,0.0000,3.0000
4.1960,179,3.7795,0.0000,3.0162,1.9746,0.4616,0.0930,1.3107,-0.1183,0.3815,4.1960,0.0000,3.0000
4.2136,180,3.8007,0.0000,3.0161,1.9797,0.4667,0.0837,1.3347,-0.1220,0.3813,4.2136,0.0000,3.0000
4.2314,181,3.8224,0.0000,3.0161,1.9843,0.4712,0.0754,1.3582,-0.1261,0.3806,4.2314,0.0000,3.0000
4.2492,182,3.8224,0.0000,3.0161,1.9843,0.4712,0.0754,1.3582,-0.1261,0.3806,4.2492,0.0000,3.0000
4.2669,183,3.8443,0.0000,3.0161,1.9874,0.4743,0.0729,1.3810,-0.1308,0.3791,4.2669,0.0000,3.0000
4.2847,184,3.8443,0.0000,3.0161,1.9874,0.4743,0.0729,1.3810,-0.1308,0.3791,4.2847,0.0000,3.0000
4.3025,185,3.8665,0.0000,3.0160,1.9895,0.4766,0.0734,1.4031,-0.1360,0.3776,4.3025,0.0000,3.0000
4.3202,186,3.8891,0.0000,3.0160,1.9916,0.4789,0.0737,1.4246,-0.1421,0.3774,4.3202,0.0000,3.0000
4.3379,187,3.8891,0.0000,3.0160,1.9916,0.4789,0.0737,1.4246,-0.1421,0.3774,4.3379,0.0000,3.0000
4.3555,188,3.9120,0.0000,3.0159,1.9935,0.4811,0.0738,1.4455,-0.1493,0.3778,4.3555,0.0000,3.0000
4.3730,189,3.9352,0.0000,3.0159,1.9951,0.4829,0.0739,1.4655,-0.1573,0.3786,4.3730,0.0000,3.0000
4.3905,190,3.9352,0.0000,3.0159,1.9951,0.4829,0.0739,1.4655,-0.1573,0.3786,4.3905,0.0000,3.0000
4.4079,191,3.9587,0.0000,3.0159,1.9964,0.4843,0.0739,1.4851,-0.1657,0.3795,4.4079,0.0000,3.0000
4.4253,192,3.9587,0.0000,3.0159,1.9964,0.4843,0.0739,1.4851,-0.1657,0.3795,4.4253,0.0000,3.0000
4.4425,193,3.9825,0.0000,3.0158,1.9971,0.4852,0.0738,1.5048,-0.1747,0.3805,4.4425,0.0000,3.0000
4.4597,194,3.9825,0.0000,3.0158,1.9971,0.4852,0.0738,1.5048,-0.1747,0.3805,4.4597,0.0000,3.0000
4.4767,195,4.0065,0.0000,3.0158,1.9974,0.4855,0.0738,1.5246,-0.1845,0.3813,4.4767,0.0000,3.0000
4.4936,196,4.0309,0.0000,3.0157,1.9970,0.4851,0.0738,1.5446,-0.1955,0.3818,4.4936,0.0000,3.0000
4.5104,197,4.0309,0.0000,3.0157,1.9970,0.4851,0.0738,1.5446,-0.1955,0.3818,4.5104,0.0000,3.0000
4.5271,198,4.0555,0.0000,3.0157,1.9963,0.4847,0.0740,1.5646,-0.2079,0.3824,4.5271,0.0000,3.0000
4.5436,199,4.0804,0.0000,3.0156,1.9955,0.4843,0.0741,1.5849,-0.2217,0.3829,4.5436,0.0000,3.0000
4.5601,200,4.0804,0.0000,3.0156,1.9955,0.4843,0.0741,1.5849,-0.2217,0.3829,4.5601,0.0000,3.0000
4.5764,201,4.1055,0.0000,3.0156,1.9948,0.4838,0.0744,1.6048,-0.2363,0.3830,4.5764,0.0000,3.0000
4.5927,202,4.1055,0.0000,3.0156,1.9948,0.4838,0.0744,1.6048,-0.2363,0.3830,4.5927,0.0000,3.0000
4.6087,203,4.1307,0.0000,3.0156,1.9941,0.4833,0.0751,1.6236,-0.2514,0.3833,4.6087,0.0000,3.0000
4.6244,204,4.1561,0.0000,3.0155,1.9934,0.4827,0.0758,1.6416,-0.2666,0.3835,4.6244,0.0000,3.0000
4.6401,205,4.1561,0.0000,3.0155,1.9934,0.4827,0.0758,1.6416,-0.2666,0.3835,4.6401,0.0000,3.0000
4.6555,206,4.1816,0.0000,3.0155,1.9926,0.4822,0.0765,1.6593,-0.2817,0.3843,4.6555,0.0000,3.0000
4.6706,207,4.2072,0.0000,3.0154,1.9920,0.4818,0.0767,1.6773,-0.2969,0.3849,4.6706,0.0000,3.0000
4.6857,208,4.2072,0.0000,3.0154,1.9920,0.4818,0.0767,1.6773,-0.2969,0.3849,4.6857,0.0000,3.0000
4.7005,209,4.2329,0.0000,3.0154,1.9914,0.4815,0.0769,1.6957,-0.3127,0.3851,4.7005,0.0000,3.0000
4.7152,210,4.2329,0.0000,3.0154,1.9914,0.4815,0.0769,1.6957,-0.3127,0.3851,4.7152,0.0000,3.0000
4.7297,211,4.2586,0.0000,3.0154,1.9910,0.4812,0.0771,1.7145,-0.3294,0.3847,4.7297,0.0000,3.0000
4.7439,212,4.2842,0.0000,3.0153,1.9907,0.4810,0.0774,1.7336,-0.3470,0.3831,4.7439,0.0000,3.0000
4.7581,213,4.2842,0.0000,3.0153,1.9907,0.4810,0.0774,1.7336,-0.3470,0.3831,4.7581,0.0000,3.0000
4.7720,214,4.3098,0.0000,3.0153,1.9904,0.4808,0.0777,1.7528,-0.3653,0.3801,4.7720,0.0000,3.0000
4.7856,215,4.3354,0.0000,3.0152,1.9901,0.4807,0.0779,1.7721,-0.3839,0.3772,4.7856,0.0000,3.0000
4.7992,216,4.3354,0.0000,3.0152,1.9901,0.4807,0.0779,1.7721,-0.3839,0.3772,4.7992,0.0000,3.0000
4.8125,217,4.3609,0.0000,3.0152,1.9900,0.4806,0.0783,1.7913,-0.4019,0.3749,4.8125,0.0000,3.0000
4.8258,218,4.3609,0.0000,3.0152,1.9900,0.4806,0.0783,1.7913,-0.4019,0.3749,4.8258,0.0000,3.0000
4.8388,219,4.3864,0.0000,3.0152,1.9900,0.4806,0.0783,1.8102,-0.4193,0.3734,4.8388,0.0000,3.0000
4.8515,220,4.4117,0.0000,3.0151,1.9902,0.4807,0.0782,1.8290,-0.4361,0.3721,4.8515,0.0000,3.0000
4.8642,221,4.4117,0.0000,3.0151,1.9902,0.4807,0.0782,1.8290,-0.4361,0.3721,4.8642,0.0000,3.0000
4.8766,222,4.4369,0.0000,3.0151,1.9902,0.4807,0.0782,1.8479,-0.4526,0.3706,4.8766,0.0000,3.0000
4.8888,223,4.4620,0.0000,3.0151,1.9904,0.4808,0.0781,1.8676,-0.4693,0.3688,4.8888,0.0000,3.0000
4.9009,224,4.4620,0.0000,3.0151,1.9904,0.4808,0.0781,1.8676,-0.4693,0.3688,4.9009,0.0000,3.0000
4.9127,225,4.4868,0.0000,3.0150,1.9905,0.4809,0.0781,1.8881,-0.4867,0.3683,4.9127,0.0000,3.0000
4.9244,226,4.5115,0.0000,3.0150,1.9906,0.4810,0.0781,1.9097,-0.5043,0.3694,4.9244,0.0000,3.0000
4.9360,227,4.5115,0.0000,3.0150,1.9906,0.4810,0.0781,1.9097,-0.5043,0.3694,4.9360,0.0000,3.0000
4.9475,228,4.5359,0.0000,3.0149,1.9908,0.4811,0.0781,1.9319,-0.5218,0.3708,4.9475,0.0000,3.0000
4.9588,229,4.5601,0.0000,3.0149,1.9909,0.4813,0.0783,1.9541,-0.5393,0.3704,4.9588,0.0000,3.0000
4.9701,230,4.5601,0.0000,3.0149,1.9909,0.4813,0.0783,1.9541,-0.5393,0.3704,4.9701,0.0000,3.0000
4.9812,231,4.5842,0.0000,3.0149,1.9911,0.4814,0.0783,1.9761,-0.5561,0.3702,4.9812,0.0000,3.0000
4.9923,232,4.5842,0.0000,3.0149,1.9912,0.4815,0.0781,1.9761,-0.5561,0.3702,4.9923,0.0000,3.0000
5.0032,233,4.6080,0.0000,3.0148,1.9912,0.4815,0.0781,1.9982,-0.5726,0.3702,5.0032,0.0000,3.0000
5.0142,234,4.6080,0.0000,3.0148,1.9912,0.4815,0.0781,1.9982,-0.5726,0.3702,5.0142,0.0000,3.0000
5.0247,235,4.6316,0.0000,3.0148,1.9913,0.4816,0.0780,2.0207,-0.5891,0.3695,5.0247,0.0000,3.0000
5.0345,236,4.6550,0.0000,3.0147,1.9914,0.4817,0.0780,2.0438,-0.6058,0.3679,5.0345,0.0000,3.0000
5.0443,237,4.6550,0.0000,3.0147,1.9914,0.4817,0.0780,2.0438,-0.6058,0.3679,5.0443,0.0000,3.0000
5.0533,238,4.6782,0.0000,3.0147,1.9915,0.4818,0.0779,2.0674,-0.6229,0.3661,5.0533,0.0000,3.0000
5.0615,239,4.7012,0.0000,3.0147,1.9917,0.4819,0.0778,2.0905,-0.6393,0.3651,5.0615,0.0000,3.0000
5.0698,240,4.7012,0.0000,3.0147,1.9917,0.4819,0.0778,2.0905,-0.6393,0.3651,5.0698,0.0000,3.0000
5.0773,241,4.7240,0.0000,3.0146,1.9919,0.4820,0.0777,2.1127,-0.6544,0.3646,5.0773,0.0000,3.0000
5.0849,242,4.7240,0.0000,3.0146,1.9919,0.4820,0.0777,2.1127,-0.6544,0.3646,5.0849,0.0000,3.0000
5.0917,243,4.7464,0.0000,3.0146,1.9920,0.4821,0.0775,2.1347,-0.6685,0.3648,5.0917,0.0000,3.0000
5.0977,244,4.7685,0.0000,3.0146,1.9921,0.4821,0.0774,2.1571,-0.6821,0.3648,5.0977,0.0000,3.0000
5.1038,245,4.7685,0.0000,3.0146,1.9921,0.4821,0.0774,2.1571,-0.6821,0.3648,5.1038,0.0000,3.0000
5.1092,246,4.7902,0.0000,3.0145,1.9921,0.4821,0.0774,2.1801,-0.6953,0.3656,5.1092,0.0000,3.0000
5.1138,247,4.8116,0.0000,3.0145,1.9922,0.4822,0.0774,2.2038,-0.7081,0.3683,5.1138,0.0000,3.0000
5.1185,248,4.8116,0.0000,3.0145,1.9922,0.4822,0.0774,2.2038,-0.7081,0.3683,5.1185,0.0000,3.0000
5.1224,249,4.8325,0.0000,3.0144,1.9923,0.4822,0.0773,2.2279,-0.7197,0.3715,5.1224,0.0000,3.0000
5.1257,250,4.8529,0.0000,3.0144,1.9923,0.4823,0.0773,2.2524,-0.7306,0.3748,5.1257,0.0000,3.0000
5.1290,251,4.8529,0.0000,3.0144,1.9923,0.4823,0.0773,2.2524,-0.7306,0.3748,5.1290,0.0000,3.0000
5.1317,252,4.8728,0.0000,3.0144,1.9924,0.4824,0.0772,2.2770,-0.7413,0.3768,5.1317,0.0000,3.0000
5.1337,253,4.8922,0.0000,3.0143,1.9925,0.4825,0.0771,2.3013,-0.7514,0.3773,5.1337,0.0000,3.0000
5.1357,254,4.8922,0.0000,3.0143,1.9925,0.4825,0.0771,2.3013,-0.7514,0.3773,5.1357,0.0000,3.0000
5.1371,255,4.9110,0.0000,3.0143,1.9926,0.4825,0.0771,2.3256,-0.7609,0.3780,5.1371,0.0000,3.0000
5.1385,256,4.9110,0.0000,3.0143,1.9926,0.4825,0.0771,2.3256,-0.7609,0.3780,5.1385,0.0000,3.0000
5.1393,257,4.9292,0.0000,3.0143,1.9926,0.4825,0.0772,2.3507,-0.7698,0.3785,5.1393,0.0000,3.0000
5.1395,258,4.9468,0.0000,3.0142,1.9925,0.4824,0.0773,2.3766,-0.7782,0.3784,5.1395,0.0000,3.0000
5.1398,259,4.9468,0.0000,3.0142,1.9925,0.4824,0.0773,2.3766,-0.7782,0.3784,5.1398,0.0000,3.0000
5.1398,260,4.9638,0.0000,3.0142,1.9924,0.4824,0.0774,2.4031,-0.7864,0.3778,5.1398,0.0000,3.0000
5.1398,261,4.9638,0.0000,3.0142,1.9924,0.4824,0.0774,2.4031,-0.7864,0.3778,5.1398,0.0000,3.0000
5.1398,262,4.9801,0.0000,3.0141,1.9924,0.4824,0.0775,2.4293,-0.7942,0.3774,5.1398,0.0000,3.0000
5.1398,263,4.9957,0.0000,3.0141,1.9922,0.4823,0.0778,2.4543,-0.8011,0.3777,5.1398,0.0000,3.0000
5.1398,264,4.9957,0.0000,3.0141,1.9922,0.4823,0.0778,2.4543,-0.8011,0.3777,5.1398,0.0000,3.0000
5.1398,265,5.0106,0.0000,3.0141,1.9920,0.4822,0.0782,2.4787,-0.8070,0.3782,5.1398,0.0000,3.0000
5.1398,266,5.0249,0.0000,3.0140,1.9918,0.4821,0.0788,2.5029,-0.8122,0.3788,5.1398,0.0000,3.0000
5.1398,267,5.0249,0.0000,3.0140,1.9918,0.4821,0.0788,2.5029,-0.8122,0.3788,5.1398,0.0000,3.0000
5.1398,268,5.0385,0.0000,3.0140,1.9917,0.4821,0.0791,2.5275,-0.8166,0.3793,5.1398,0.0000,3.0000
5.1398,269,5.0385,0.0000,3.0140,1.9917,0.4821,0.0791,2.5275,-0.8166,0.3793,5.1398,0.0000,3.0000
5.1398,270,5.0515,0.0000,3.0140,1.9914,0.4819,0.0795,2.5528,-0.8204,0.3797,5.1398,0.0000,3.0000
5.1398,271,5.0639,0.0000,3.0139,1.9910,0.4817,0.0799,2.5789,-0.8239,0.3803,5.1398,0.0000,3.0000
5.1398,272,5.0639,0.0000,3.0139,1.9910,0.4817,0.0799,2.5789,-0.8239,0.3803,5.1398,0.0000,3.0000
5.1398,273,5.0756,0.0000,3.0139,1.9907,0.4815,0.0803,2.6055,-0.8267,0.3818,5.1398,0.0000,3.0000
5.1398,274,5.0868,0.0000,3.0139,1.9904,0.4813,0.0806,2.6321,-0.8284,0.3837,5.1398,0.0000,3.0000
5.1398,275,5.0868,0.0000,3.0139,1.9904,0.4813,0.0806,2.6321,-0.8284,0.3837,5.1398,0.0000,3.0000
5.1398,276,5.0974,0.0000,3.0138,1.9901,0.4811,0.0810,2.6592,-0.8293,0.3841,5.1398,0.0000,3.0000
5.1398,277,5.0974,0.0000,3.0138,1.9901,0.4811,0.0810,2.6592,-0.8293,0.3841,5.1398,0.0000,3.0000
5.1398,278,5.1075,0.0000,3.0138,1.9898,0.4809,0.0813,2.6864,-0.8300,0.3827,5.1398,0.0000,3.0000
5.1398,279,5.1171,0.0000,3.0137,1.9895,0.4807,0.0816,2.7131,-0.8300,0.3810,5.1398,0.0000,3.0000
5.1398,280,5.1171,0.0000,3.0137,1.9895,0.4807,0.0816,2.7131,-0.8300,0.3810,5.1398,0.0000,3.0000
5.1398,281,5.1262,0.0000,3.0137,1.9892,0.4805,0.0819,2.7398,-0.8294,0.3796,5.1398,0.0000,3.0000
5.1398,282,5.1348,0.0000,3.0137,1.9890,0.4804,0.0822,2.7668,-0.8279,0.3782,5.1398,0.0000,3.0000
5.1398,283,5.1348,0.0000,3.0137,1.9890,0.4804,0.0822,2.7668,-0.8279,0.3782,5.1398,0.0000,3.0000
5.1398,284,5.1430,0.0000,3.0136,1.9888,0.4803,0.0824,2.7943,-0.8255,0.3769,5.1398,0.0000,3.0000
5.1398,285,5.1507,0.0000,3.0136,1.9885,0.4801,0.0827,2.8226,-0.8223,0.3756,5.1398,0.0000,3.0000
5.1398,286,5.1507,0.0000,3.0136,1.9885,0.4801,0.0827,2.8226,-0.8223,0.3756,5.1398,0.0000,3.0000
5.1398,287,5.1581,0.0000,3.0136,1.9882,0.4799,0.0832,2.8516,-0.8182,0.3750,5.1398,0.0000,3.0000
5.1398,288,5.1581,0.0000,3.0136,1.9882,0.4799,0.0832,2.8516,-0.8182,0.3750,5.1398,0.0000,3.0000
5.1398,289,5.1650,0.0000,3.0135,1.9880,0.4798,0.0836,2.8795,-0.8136,0.3760,5.1398,0.0000,3.0000
5.1398,290,5.1717,0.0000,3.0135,1.9878,0.4796,0.0838,2.9064,-0.8088,0.3775,5.1398,0.0000,3.0000
5.1398,291,5.1717,0.0000,3.0135,1.9878,0.4796,0.0838,2.9064,-0.8088,0.3775,5.1398,0.0000,3.0000
5.1398,292,5.1779,0.0000,3.0135,1.9876,0.4796,0.0840,2.9329,-0.8036,0.3792,5.1398,0.0000,3.0000
5.1398,293,5.1838,0.0000,3.0134,1.9875,0.4795,0.0842,2.9593,-0.7982,0.3809,5.1398,0.0000,3.0000
5.1398,294,5.1838,0.0000,3.0134,1.9875,0.4795,0.0842,2.9593,-0.7982,0.3809,5.1398,0.0000,3.0000
5.1398,295,5.1895,0.0000,3.0134,1.9873,0.4794,0.0843,2.9858,-0.7925,0.3826,5.1398,0.0000,3.0000
5.1398,296,5.1948,0.0000,3.0134,1.9872,0.4793,0.0844,3.0127,-0.7863,0.3842,5.1398,0.0000,3.0000
5.1398,297,5.1948,0.0000,3.0134,1.9872,0.4793,0.0844,3.0127,-0.7863,0.3842,5.1398,0.0000,3.0000
5.1398,298,5.1998,0.0000,3.0133,1.9870,0.4792,0.0846,3.0401,-0.7796,0.3856,5.1398,0.0000,3.0000
5.1398,299,5.1998,0.0000,3.0133,1.9870,0.4792,0.0846,3.0401,-0.7796,0.3856,5.1398,0.0000,3.0000
5.1398,300,5.2046,0.0000,3.0133,1.9870,0.4792,0.0847,3.0682,-0.7721,0.3869,5.1398,0.0000,3.0000
5.1398,301,5.2091,0.0000,3.0133,1.9869,0.4791,0.0848,3.0966,-0.7645,0.3863,5.1398,0.0000,3.0000
5.1398,302,5.2091,0.0000,3.0133,1.9869,0.4791,0.0848,3.0966,-0.7645,0.3863,5.1398,0.0000,3.0000
5.1398,303,5.2134,0.0000,3.0132,1.9868,0.4791,0.0849,3.1252,-0.7567,0.3841,5.1398,0.0000,3.0000
5.1398,304,5.2134,0.0000,3.0132,1.9868,0.4791,0.0849,3.1252,-0.7567,0.3841,5.1398,0.0000,3.0000
5.1398,305,5.2174,0.0000,3.0132,1.9868,0.4791,0.0850,3.1536,-0.7488,0.3809,5.1398,0.0000,3.0000
5.1398,306,5.2212,0.0000,3.0132,1.9868,0.4791,0.0850,3.1812,-0.7409,0.3785,5.1398,0.0000,3.0000
5.1398,307,5.2212,0.0000,3.0132,1.9868,0.4791,0.0850,3.1812,-0.7409,0.3785,5.1398,0.0000,3.0000
5.1398,308,5.2249,0.0000,3.0131,1.9867,0.4790,0.0851,3.2083,-0.7330,0.3768,5.1398,0.0000,3.0000
5.1398,309,5.2249,0.0000,3.0131,1.9867,0.4790,0.0851,3.2083,-0.7330,0.3768,5.1398,0.0000,3.0000
5.1398,310,5.2283,0.0000,3.0131,1.9866,0.4790,0.0853,3.2353,-0.7249,0.3753,5.1398,0.0000,3.0000
5.1398,311,5.2315,0.0000,3.0131,1.9865,0.4789,0.0854,3.2624,-0.7166,0.3740,5.1398,0.0000,3.0000
5.1398,312,5.2315,0.0000,3.0131,1.9865,0.4789,0.0854,3.2624,-0.7166,0.3740,5.1398,0.0000,3.0000
5.1398,313,5.2346,0.0000,3.0130,1.9864,0.4788,0.0855,3.2900,-0.7078,0.3728,5.1398,0.0000,3.0000
5.1398,314,5.2346,0.0000,3.0130,1.9864,0.4788,0.0855,3.2900,-0.7078,0.3728,5.1398,0.0000,3.0000
5.1398,315,5.2375,0.0000,3.0130,1.9862,0.4787,0.0857,3.3182,-0.6986,0.3719,5.1398,0.0000,3.0000
5.1398,316,5.2375,0.0000,3.0130,1.9862,0.4787,0.0857,3.3182,-0.6986,0.3719,5.1398,0.0000,3.0000
5.1398,317,5.2402,0.0000,3.0130,1.9862,0.4787,0.0858,3.3467,-0.6890,0.3714,5.1398,0.0000,3.0000
5.1398,318,5.2402,0.0000,3.0130,1.9862,0.4788,0.0858,3.3741,-0.6794,0.3728,5.1398,0.0000,3.0000
5.1398,319,5.2428,0.0000,3.0129,1.9862,0.4788,0.0858,3.3741,-0.6794,0.3728,5.1398,0.0000,3.0000
5.1398,320,5.2452,0.0000,3.0129,1.9862,0.4787,0.0858,3.4006,-0.6703,0.3751,5.1398,0.0000,3.0000
5.1398,321,5.2452,0.0000,3.0129,1.9862,0.4787,0.0858,3.4006,-0.6703,0.3751,5.1398,0.0000,3.0000
5.1398,322,5.2475,0.0000,3.0129,1.9860,0.4786,0.0860,3.4268,-0.6611,0.3773,5.1398,0.0000,3.0000
5.1398,323,5.2475,0.0000,3.0129,1.9860,0.4786,0.0860,3.4268,-0.6611,0.3773,5.1398,0.0000,3.0000
5.1398,324,5.2497,0.0000,3.0128,1.9859,0.4785,0.0861,3.4531,-0.6520,0.3791,5.1398,0.0000,3.0000
5.1398,325,5.2517,0.0000,3.0128,1.9858,0.4785,0.0862,3.4797,-0.6429,0.3804,5.1398,0.0000,3.0000
5.1398,326,5.2517,0.0000,3.0128,1.9858,0.4785,0.0862,3.4797,-0.6429,0.3804,5.1398,0.0000,3.0000
5.1398,327,5.2537,0.0000,3.0128,1.9858,0.4785,0.0862,3.5067,-0.6337,0.3815,5.1398,0.0000,3.0000
5.1398,328,5.2537,0.0000,3.0128,1.9858,0.4785,0.0863,3.5067,-0.6337,0.3815,5.1398,0.0000,3.0000
5.1398,329,5.2555,0.0000,3.0127,1.9858,0.4785,0.0863,3.5342,-0.6242,0.3825,5.1398,0.0000,3.0000
5.1398,330,5.2572,0.0000,3.0127,1.9858,0.4785,0.0863,3.5622,-0.6143,0.3835,5.1398,0.0000,3.0000
5.1398,331,5.2572,0.0000,3.0127,1.9858,0.4785,0.0863,3.5622,-0.6143,0.3835,5.1398,0.0000,3.0000
5.1398,332,5.2588,0.0000,3.0127,1.9858,0.4785,0.0862,3.5908,-0.6040,0.3839,5.1398,0.0000,3.0000
5.1398,333,5.2588,0.0000,3.0127,1.9857,0.4785,0.0863,3.5908,-0.6040,0.3839,5.1398,0.0000,3.0000
5.1398,334,5.2603,0.0000,3.0126,1.9857,0.4785,0.0863,3.6192,-0.5938,0.3827,5.1398,0.0000,3.0000
5.1398,335,5.2618,0.0000,3.0126,1.9857,0.4785,0.0864,3.6476,-0.5837,0.3802,5.1398,0.0000,3.0000
5.1398,336,5.2618,0.0000,3.0126,1.9857,0.4785,0.0864,3.6476,-0.5837,0.3802,5.1398,0.0000,3.0000
5.1398,337,5.2631,0.0000,3.0126,1.9857,0.4785,0.0864,3.6757,-0.5737,0.3778,5.1398,0.0000,3.0000
5.1398,338,5.2631,0.0000,3.0126,1.9857,0.4785,0.0864,3.6757,-0.5737,0.3778,5.1398,0.0000,3.0000
5.1398,339,5.2644,0.0000,3.0125,1.9857,0.4784,0.0864,3.7032,-0.5641,0.3762,5.1398,0.0000,3.0000
5.1398,340,5.2644,0.0000,3.0125,1.9856,0.4784,0.0865,3.7032,-0.5641,0.3762,5.1398,0.0000,3.0000
5.1398,341,5.2656,0.0000,3.0125,1.9856,0.4784,0.0865,3.7304,-0.5546,0.3753,5.1398,0.0000,3.0000
5.1398,342,5.2667,0.0000,3.0125,1.9855,0.4783,0.0866,3.7575,-0.5453,0.3746,5.1398,0.0000,3.0000
5.1398,343,5.2667,0.0000,3.0125,1.9855,0.4783,0.0866,3.7575,-0.5453,0.3746,5.1398,0.0000,3.0000
5.1398,344,5.2678,0.0000,3.0124,1.9854,0.4783,0.0867,3.7846,-0.5358,0.3741,5.1398,0.0000,3.0000
5.1398,345,5.2688,0.0000,3.0124,1.9854,0.4783,0.0867,3.8120,-0.5262,0.3739,5.1398,0.0000,3.0000
5.1398,346,5.2688,0.0000,3.0124,1.9854,0.4783,0.0867,3.8120,-0.5262,0.3739,5.1398,0.0000,3.0000
5.1398,347,5.2697,0.0000,3.0124,1.9853,0.4782,0.0868,3.8400,-0.5163,0.3740,5.1398,0.0000,3.0000
5.1398,348,5.2697,0.0000,3.0124,1.9853,0.4782,0.0868,3.8400,-0.5163,0.3740,5.1398,0.0000,3.0000
5.1398,349,5.2705,0.0000,3.0123,1.9853,0.4782,0.0869,3.8685,-0.5060,0.3737,5.1398,0.0000,3.0000
5.1398,350,5.2714,0.0000,3.0123,1.9852,0.4782,0.0870,3.8963,-0.4962,0.3743,5.1398,0.0000,3.0000
5.1398,351,5.2714,0.0000,3.0123,1.9852,0.4782,0.0870,3.8963,-0.4962,0.3743,5.1398,0.0000,3.0000
5.1398,352,5.2721,0.0000,3.0123,1.9851,0.4781,0.0871,3.9227,-0.4871,0.3763,5.1398,0.0000,3.0000
5.1398,353,5.2721,0.0000,3.0123,1.9851,0.4781,0.0871,3.9227,-0.4871,0.3763,5.1398,0.0000,3.0000
5.1398,354,5.2728,0.0000,3.0123,1.9850,0.4781,0.0872,3.9484,-0.4783,0.3782,5.1398,0.0000,3.0000
5.1398,355,5.2735,0.0000,3.0122,1.9850,0.4780,0.0873,3.9739,-0.4696,0.3801,5.1398,0.0000,3.0000
5.1398,356,5.2735,0.0000,3.0122,1.9850,0.4780,0.0873,3.9739,-0.4696,0.3801,5.1398,0.0000,3.0000
5.1398,357,5.2735,0.0000,3.0122,1.9850,0.4780,0.0873,3.9739,-0.4696,0.3801,5.1398,0.0000,3.0000
5.1398,358,5.2741,0.0000,3.0122,1.9848,0.4779,0.0874,3.9994,-0.4612,0.3820,5.1398,0.0000,3.0000
5.1398,359,5.2747,0.0000,3.0122,1.9848,0.4779,0.0875,4.0249,-0.4528,0.3838,5.1398,0.0000,3.0000
5.1398,360,5.2747,0.0000,3.0122,1.9848,0.4779,0.0875,4.0249,-0.4528,0.3838,5.1398,0.0000,3.0000
5.1398,361,5.2752,0.0000,3.0121,1.9846,0.4778,0.0876,4.0507,-0.4445,0.3858,5.1398,0.0000,3.0000
5.1398,362,5.2752,0.0000,3.0121,1.9846,0.4778,0.0876,4.0507,-0.4445,0.3858,5.1398,0.0000,3.0000
5.1398,363,5.2757,0.0000,3.0121,1.9846,0.4778,0.0876,4.0766,-0.4362,0.3879,5.1398,0.0000,3.0000
5.1398,364,5.2761,0.0000,3.0121,1.9846,0.4778,0.0876,4.1024,-0.4279,0.3889,5.1398,0.0000,3.0000
5.1398,365,5.2761,0.0000,3.0121,1.9846,0.4778,0.0876,4.1024,-0.4279,0.3889,5.1398,0.0000,3.0000
5.1398,366,5.2766,0.0000,3.0120,1.9846,0.4778,0.0876,4.1280,-0.4197,0.3884,5.1398,0.0000,3.0000
5.1398,367,5.2766,0.0000,3.0120,1.9846,0.4778,0.0876,4.1280,-0.4197,0.3884,5.1398,0.0000,3.0000
5.1398,368,5.2769,0.0000,3.0120,1.9845,0.4778,0.0877,4.1524,-0.4118,0.3870,5.1398,0.0000,3.0000
5.1398,369,5.2773,0.0000,3.0120,1.9845,0.4777,0.0878,4.1747,-0.4050,0.3872,5.1398,0.0000,3.0000
5.1398,370,5.2773,0.0000,3.0120,1.9845,0.4777,0.0878,4.1747,-0.4050,0.3872,5.1398,0.0000,3.0000
5.1398,371,5.2776,0.0000,3.0119,1.9844,0.4777,0.0879,4.1958,-0.3989,0.3882,5.1398,0.0000,3.0000
5.1398,372,5.2776,0.0000,3.0119,1.9844,0.4777,0.0879,4.1958,-0.3989,0.3882,5.1398,0.0000,3.0000
5.1398,373,5.2779,0.0000,3.0119,1.9844,0.4777,0.0880,4.2161,-0.3935,0.3897,5.1398,0.0000,3.0000
5.1398,374,5.2782,0.0000,3.0119,1.9844,0.4777,0.0880,4.2358,-0.3885,0.3915,5.1398,0.0000,3.0000
5.1398,375,5.2782,0.0000,3.0119,1.9844,0.4777,0.0880,4.2358,-0.3885,0.3915,5.1398,0.0000,3.0000
5.1398,376,5.2784,0.0000,3.0119,1.9842,0.4776,0.0882,4.2550,-0.3842,0.3935,5.1398,0.0000,3.0000
5.1398,377,5.2784,0.0000,3.0119,1.9842,0.4776,0.0882,4.2550,-0.3842,0.3935,5.1398,0.0000,3.0000
5.1398,378,5.2787,0.0000,3.0118,1.9841,0.4775,0.0882,4.2740,-0.3803,0.3953,5.1398,0.0000,3.0000
5.1398,379,5.2787,0.0000,3.0118,1.9842,0.4775,0.0882,4.2740,-0.3803,0.3953,5.1398,0.0000,3.0000
5.1398,380,5.2789,0.0000,3.0118,1.9842,0.4775,0.0882,4.2919,-0.3769,0.3977,5.1398,0.0000,3.0000
5.1398,381,5.2790,0.0000,3.0118,1.9842,0.4775,0.0881,4.3079,-0.3741,0.4007,5.1398,0.0000,3.0000
5.1398,382,5.2790,0.0000,3.0118,1.9842,0.4775,0.0881,4.3079,-0.3741,0.4007,5.1398,0.0000,3.0000
5.1398,383,5.2792,0.0000,3.0117,1.9841,0.4775,0.0881,4.3223,-0.3719,0.4041,5.1398,0.0000,3.0000
5.1398,384,5.2793,0.0000,3.0117,1.9841,0.4775,0.0881,4.3352,-0.3700,0.4074,5.1398,0.0000,3.0000
5.1398,385,5.2793,0.0000,3.0117,1.9841,0.4775,0.0881,4.3352,-0.3700,0.4074,5.1398,0.0000,3.0000
5.1398,386,5.2795,0.0000,3.0117,1.9841,0.4775,0.0882,4.3465,-0.3684,0.4101,5.1398,0.0000,3.0000
5.1398,387,5.2795,0.0000,3.0117,1.9841,0.4775,0.0882,4.3465,-0.3684,0.4101,5.1398,0.0000,3.0000
5.1398,388,5.2796,0.0000,3.0117,1.9841,0.4775,0.0881,4.3567,-0.3668,0.4125,5.1398,0.0000,3.0000
5.1398,389,5.2796,0.0000,3.0117,1.9841,0.4775,0.0881,4.3567,-0.3668,0.4125,5.1398,0.0000,3.0000
5.1398,390,5.2796,0.0000,3.0116,1.9840,0.4775,0.0882,4.3659,-0.3652,0.4145,5.1398,0.0000,3.0000
5.1398,391,5.2797,0.0000,3.0116,1.9840,0.4774,0.0882,4.3740,-0.3636,0.4164,5.1398,0.0000,3.0000
5.1398,392,5.2797,0.0000,3.0116,1.9840,0.4774,0.0882,4.3740,-0.3636,0.4164,5.1398,0.0000,3.0000
5.1398,393,5.2798,0.0000,3.0116,1.9838,0.4773,0.0884,4.3813,-0.3617,0.4184,5.1398,0.0000,3.0000
5.1398,394,5.2798,0.0000,3.0116,1.9838,0.4773,0.0884,4.3813,-0.3617,0.4184,5.1398,0.0000,3.0000
5.1398,395,5.2798,0.0000,3.0115,1.9837,0.4772,0.0885,4.3879,-0.3597,0.4195,5.1398,0.0000,3.0000
5.1398,396,5.2798,0.0000,3.0115,1.9836,0.4772,0.0885,4.3938,-0.3577,0.4205,5.1398,0.0000,3.0000
5.1398,397,5.2798,0.0000,3.0115,1.9836,0.4772,0.0885,4.3938,-0.3577,0.4205,5.1398,0.0000,3.0000
5.1398,398,5.2799,0.0000,3.0115,1.9835,0.4771,0.0887,4.3991,-0.3556,0.4215,5.1398,0.0000,3.0000
5.1398,399,5.2799,0.0000,3.0115,1.9835,0.4771,0.0887,4.3991,-0.3556,0.4215,5.1398,0.0000,3.0000
5.1398,400,5.2799,0.0000,3.0114,1.9834,0.4771,0.0888,4.4038,-0.3539,0.4222,5.1398,0.0000,3.0000
5.1398,401,5.2799,0.0000,3.0114,1.9834,0.4771,0.0888,4.4038,-0.3539,0.4222,5.1398,0.0000,3.0000
5.1398,402,5.2799,0.0000,3.0114,1.9834,0.4771,0.0888,4.4077,-0.3526,0.4219,5.1398,0.0000,3.0000
5.1398,403,5.2798,0.0000,3.0114,1.9833,0.4770,0.0889,4.4107,-0.3520,0.4217,5.1398,0.0000,3.0000
5.1398,404,5.2798,0.0000,3.0114,1.9833,0.4770,0.0889,4.4107,-0.3520,0.4217,5.1398,0.0000,3.0000
5.1398,405,5.2798,0.0000,3.0114,1.9831,0.4769,0.0891,4.4128,-0.3520,0.4215,5.1398,0.0000,3.0000
5.1398,406,5.2798,0.0000,3.0114,1.9831,0.4769,0.0891,4.4128,-0.3520,0.4215,5.1398,0.0000,3.0000
5.1398,407,5.2798,0.0000,3.0113,1.9830,0.4768,0.0892,4.4143,-0.3524,0.4215,5.1398,0.0000,3.0000
5.1398,408,5.2797,0.0000,3.0113,1.9829,0.4768,0.0893,4.4150,-0.3531,0.4215,5.1398,0.0000,3.0000
5.1398,409,5.2797,0.0000,3.0113,1.9829,0.4768,0.0893,4.4150,-0.3531,0.4215,5.1398,0.0000,3.0000
5.1398,410,5.2797,0.0000,3.0113,1.9829,0.4768,0.0893,4.4151,-0.3541,0.4215,5.1398,0.0000,3.0000
5.1398,411,5.2796,0.0000,3.0112,1.9829,0.4768,0.0893,4.4145,-0.3551,0.4216,5.1398,0.0000,3.0000
5.1398,412,5.2796,0.0000,3.0112,1.9829,0.4768,0.0893,4.4145,-0.3551,0.4216,5.1398,0.0000,3.0000
5.1398,413,5.2795,0.0000,3.0112,1.9828,0.4768,0.0894,4.4134,-0.3562,0.4217,5.1398,0.0000,3.0000
5.1398,414,5.2795,0.0000,3.0112,1.9828,0.4768,0.0894,4.4134,-0.3562,0.4217,5.1398,0.0000,3.0000
5.1398,415,5.2795,0.0000,3.0112,1.9828,0.4767,0.0895,4.4118,-0.3572,0.4219,5.1398,0.0000,3.0000
5.1398,416,5.2794,0.0000,3.0112,1.9828,0.4768,0.0895,4.4099,-0.3582,0.4220,5.1398,0.0000,3.0000
5.1398,417,5.2794,0.0000,3.0112,1.9828,0.4768,0.0895,4.4099,-0.3582,0.4220,5.1398,0.0000,3.0000
5.1398,418,5.2793,0.0000,3.0111,1.9828,0.4768,0.0895,4.4077,-0.3592,0.4222,5.1398,0.0000,3.0000
5.1398,419,5.2793,0.0000,3.0111,1.9828,0.4768,0.0895,4.4077,-0.3592,0.4222,5.1398,0.0000,3.0000
5.1398,420,5.2792,0.0000,3.0111,1.9828,0.4767,0.0896,4.4051,-0.3603,0.4224,5.1398,0.0000,3.0000
5.1398,421,5.2791,0.0000,3.0111,1.9828,0.4767,0.0896,4.4024,-0.3614,0.4225,5.1398,0.0000,3.0000
5.1398,422,5.2791,0.0000,3.0111,1.9828,0.4767,0.0896,4.4024,-0.3614,0.4225,5.1398,0.0000,3.0000
5.1398,423,5.2790,0.0000,3.0111,1.9827,0.4767,0.0896,4.3997,-0.3625,0.4226,5.1398,0.0000,3.0000
5.1398,424,5.2789,0.0000,3.0110,1.9827,0.4767,0.0896,4.3971,-0.3634,0.4228,5.1398,0.0000,3.0000
5.1398,425,5.2789,0.0000,3.0110,1.9827,0.4767,0.0896,4.3971,-0.3634,0.4228,5.1398,0.0000,3.0000
5.1398,426,5.2787,0.0000,3.0110,1.9826,0.4766,0.0897,4.3947,-0.3643,0.4229,5.1398,0.0000,3.0000
5.1398,427,5.2787,0.0000,3.0110,1.9826,0.4766,0.0897,4.3947,-0.3643,0.4229,5.1398,0.0000,3.0000
5.1398,428,5.2786,0.0000,3.0110,1.9825,0.4765,0.0898,4.3925,-0.3651,0.4229,5.1398,0.0000,3.0000
5.1398,429,5.2786,0.0000,3.0110,1.9825,0.4765,0.0898,4.3925,-0.3651,0.4229,5.1398,0.0000,3.0000
5.1398,430,5.2785,0.0000,3.0109,1.9824,0.4765,0.0898,4.3903,-0.3657,0.4230,5.1398,0.0000,3.0000
5.1398,431,5.2784,0.0000,3.0109,1.9824,0.4765,0.0898,4.3884,-0.3663,0.4230,5.1398,0.0000,3.0000
5.1398,432,5.2784,0.0000,3.0109,1.9824,0.4765,0.0898,4.3884,-0.3663,0.4230,5.1398,0.0000,3.0000
5.1398,433,5.2782,0.0000,3.0109,1.9825,0.4766,0.0898,4.3866,-0.3667,0.4230,5.1398,0.0000,3.0000
5.1398,434,5.2782,0.0000,3.0109,1.9825,0.4766,0.0898,4.3866,-0.3667,0.4230,5.1398,0.0000,3.0000
5.1398,435,5.2781,0.0000,3.0109,1.9826,0.4766,0.0898,4.3851,-0.3669,0.4231,5.1398,0.0000,3.0000
5.1398,436,5.2779,0.0000,3.0108,1.9826,0.4766,0.0897,4.3837,-0.3672,0.4230,5.1398,0.0000,3.0000
5.1398,437,5.2779,0.0000,3.0108,1.9826,0.4766,0.0897,4.3837,-0.3672,0.4230,5.1398,0.0000,3.0000
5.1398,438,5.2778,0.0000,3.0108,1.9826,0.4766,0.0898,4.3827,-0.3672,0.4230,5.1398,0.0000,3.0000
5.1398,439,5.2778,0.0000,3.0108,1.9826,0.4766,0.0898,4.3827,-0.3672,0.4230,5.1398,0.0000,3.0000
5.1398,440,5.2776,0.0000,3.0108,1.9826,0.4766,0.0899,4.3818,-0.3672,0.4230,5.1398,0.0000,3.0000
5.1398,441,5.2776,0.0000,3.0108,1.9826,0.4766,0.0899,4.3818,-0.3672,0.4230,5.1398,0.0000,3.0000
5.1398,442,5.2775,0.0000,3.0107,1.9826,0.4766,0.0899,4.3811,-0.3670,0.4230,5.1398,0.0000,3.0000
5.1398,443,5.2773,0.0000,3.0107,1.9825,0.4765,0.0900,4.3804,-0.3668,0.4230,5.1398,0.0000,3.0000
5.1398,444,5.2773,0.0000,3.0107,1.9825,0.4765,0.0900,4.3804,-0.3668,0.4230,5.1398,0.0000,3.0000
5.1398,445,5.2772,0.0000,3.0107,1.9823,0.4764,0.0902,4.3798,-0.3665,0.4230,5.1398,0.0000,3.0000
5.1398,446,5.2770,0.0000,3.0107,1.9821,0.4763,0.0904,4.3791,-0.3664,0.4230,5.1398,0.0000,3.0000
5.1398,447,5.2770,0.0000,3.0107,1.9821,0.4763,0.0904,4.3791,-0.3664,0.4230,5.1398,0.0000,3.0000
5.1398,448,5.2768,0.0000,3.0106,1.9819,0.4762,0.0905,4.3785,-0.3662,0.4229,5.1398,0.0000,3.0000
5.1398,449,5.2768,0.0000,3.0106,1.9818,0.4761,0.0906,4.3785,-0.3662,0.4229,5.1398,0.0000,3.0000
5.1398,450,5.2767,0.0000,3.0106,1.9818,0.4761,0.0906,4.3778,-0.3659,0.4229,5.1398,0.0000,3.0000
5.1398,451,5.2765,0.0000,3.0106,1.9817,0.4761,0.0906,4.3771,-0.3656,0.4229,5.1398,0.0000,3.0000
5.1398,452,5.2765,0.0000,3.0106,1.9817,0.4761,0.0906,4.3771,-0.3656,0.4229,5.1398,0.0000,3.0000
5.1398,453,5.2763,0.0000,3.0106,1.9817,0.4761,0.0906,4.3766,-0.3651,0.4228,5.1398,0.0000,3.0000
5.1398,454,5.2763,0.0000,3.0106,1.9817,0.4761,0.0906,4.3766,-0.3651,0.4228,5.1398,0.0000,3.0000
5.1398,455,5.2762,0.0000,3.0105,1.9817,0.4761,0.0906,4.3760,-0.3646,0.4228,5.1398,0.0000,3.0000
5.1398,456,5.2760,0.0000,3.0105,1.9816,0.4760,0.0906,4.3756,-0.3641,0.4228,5.1398,0.0000,3.0000
5.1398,457,5.2760,0.0000,3.0105,1.9816,0.4760,0.0906,4.3756,-0.3641,0.4228,5.1398,0.0000,3.0000
5.1398,458,5.2758,0.0000,3.0105,1.9816,0.4760,0.0907,4.3752,-0.3637,0.4228,5.1398,0.0000,3.0000
5.1398,459,5.2758,0.0000,3.0105,1.9816,0.4760,0.0907,4.3752,-0.3637,0.4228,5.1398,0.0000,3.0000
5.1398,460,5.2756,0.0000,3.0105,1.9816,0.4760,0.0907,4.3750,-0.3634,0.4228,5.1398,0.0000,3.0000
5.1398,461,5.2756,0.0000,3.0105,1.9816,0.4760,0.0907,4.3750,-0.3634,0.4228,5.1398,0.0000,3.0000
5.1398,462,5.2755,0.0000,3.0104,1.9816,0.4760,0.0907,4.3749,-0.3632,0.4227,5.1398,0.0000,3.0000
5.1398,463,5.2753,0.0000,3.0104,1.9816,0.4760,0.0907,4.3748,-0.3631,0.4227,5.1398,0.0000,3.0000
5.1398,464,5.2753,0.0000,3.0104,1.9816,0.4760,0.0907,4.3748,-0.3631,0.4227,5.1398,0.0000,3.0000
5.1398,465,5.2751,0.0000,3.0104,1.9815,0.4759,0.0908,4.3746,-0.3630,0.4227,5.1398,0.0000,3.0000
5.1398,466,5.2751,0.0000,3.0104,1.9814,0.4759,0.0908,4.3746,-0.3630,0.4227,5.1398,0.0000,3.0000
5.1398,467,5.2749,0.0000,3.0103,1.9814,0.4759,0.0908,4.3745,-0.3629,0.4227,5.1398,0.0000,3.0000
5.1398,468,5.2747,0.0000,3.0103,1.9814,0.4759,0.0909,4.3745,-0.3628,0.4227,5.1398,0.0000,3.0000
5.1398,469,5.2747,0.0000,3.0103,1.9814,0.4759,0.0909,4.3745,-0.3628,0.4227,5.1398,0.0000,3.0000
5.1398,470,5.2745,0.0000,3.0103,1.9814,0.4759,0.0909,4.3747,-0.3627,0.4227,5.1398,0.0000,3.0000
5.1398,471,5.2744,0.0000,3.0103,1.9814,0.4759,0.0909,4.3750,-0.3626,0.4227,5.1398,0.0000,3.0000
5.1398,472,5.2744,0.0000,3.0103,1.9814,0.4759,0.0909,4.3750,-0.3626,0.4227,5.1398,0.0000,3.0000
5.1398,473,5.2742,0.0000,3.0102,1.9813,0.4759,0.0910,4.3754,-0.3624,0.4227,5.1398,0.0000,3.0000
5.1398,474,5.2742,0.0000,3.0102,1.9814,0.4759,0.0909,4.3754,-0.3624,0.4227,5.1398,0.0000,3.0000
5.1398,475,5.2740,0.0000,3.0102,1.9814,0.4759,0.0909,4.3756,-0.3622,0.4227,5.1398,0.0000,3.0000
5.1398,476,5.2738,0.0000,3.0102,1.9815,0.4760,0.0908,4.3756,-0.3621,0.4227,5.1398,0.0000,3.0000
5.1398,477,5.2738,0.0000,3.0102,1.9815,0.4760,0.0908,4.3756,-0.3621,0.4227,5.1398,0.0000,3.0000
5.1398,478,5.2736,0.0000,3.0102,1.9816,0.4760,0.0908,4.3756,-0.3620,0.4226,5.1398,0.0000,3.0000
5.1398,479,5.2736,0.0000,3.0102,1.9816,0.4760,0.0908,4.3756,-0.3620,0.4226,5.1398,0.0000,3.0000
5.1398,480,5.2734,0.0000,3.0101,1.9817,0.4761,0.0908,4.3757,-0.3617,0.4226,5.1398,0.0000,3.0000
5.1398,481,5.2732,0.0000,3.0101,1.9818,0.4761,0.0907,4.3759,-0.3614,0.4226,5.1398,0.0000,3.0000
5.1398,482,5.2732,0.0000,3.0101,1.9818,0.4761,0.0907,4.3759,-0.3614,0.4226,5.1398,0.0000,3.0000
5.1398,483,5.2730,0.0000,3.0101,1.9818,0.4761,0.0907,4.3761,-0.3611,0.4226,5.1398,0.0000,3.0000
5.1398,484,5.2730,0.0000,3.0101,1.9818,0.4761,0.0907,4.3761,-0.3611,0.4226,5.1398,0.0000,3.0000
5.1398,485,5.2728,0.0000,3.0101,1.9817,0.4761,0.0908,4.3761,-0.3608,0.4226,5.1398,0.0000,3.0000
5.1398,486,5.2726,0.0000,3.0100,1.9815,0.4760,0.0909,4.3760,-0.3604,0.4226,5.1398,0.0000,3.0000
5.1398,487,5.2726,0.0000,3.0100,1.9815,0.4760,0.0909,4.3760,-0.3604,0.4226,5.1398,0.0000,3.0000
5.1398,488,5.2725,0.0000,3.0100,1.9813,0.4758,0.0911,4.3760,-0.3601,0.4226,5.1398,0.0000,3.0000
5.1398,489,5.2725,0.0000,3.0100,1.9813,0.4758,0.0911,4.3760,-0.3601,0.4226,5.1398,0.0000,3.0000
5.1398,490,5.2723,0.0000,3.0100,1.9812,0.4758,0.0911,4.3759,-0.3598,0.4226,5.1398,0.0000,3.0000
5.1398,491,5.2721,0.0000,3.0100,1.9811,0.4757,0.0912,4.3756,-0.3596,0.4226,5.1398,0.0000,3.0000
5.1398,492,5.2721,0.0000,3.0100,1.9811,0.4757,0.0912,4.3756,-0.3596,0.4226,5.1398,0.0000,3.0000
5.1398,493,5.2719,0.0000,3.0099,1.9811,0.4757,0.0913,4.3751,-0.3595,0.4225,5.1398,0.0000,3.0000
5.1398,494,5.2719,0.0000,3.0099,1.9811,0.4757,0.0913,4.3751,-0.3595,0.4225,5.1398,0.0000,3.0000
5.1398,495,5.2717,0.0000,3.0099,1.9811,0.4757,0.0912,4.3746,-0.3594,0.4225,5.1398,0.0000,3.0000
5.1398,496,5.2715,0.0000,3.0099,1.9811,0.4757,0.0912,4.3741,-0.3593,0.4225,5.1398,0.0000,3.0000
5.1398,497,5.2715,0.0000,3.0099,1.9811,0.4757,0.0912,4.3741,-0.3593,0.4225,5.1398,0.0000,3.0000
5.1398,498,5.2713,0.0000,3.0099,1.9810,0.4757,0.0913,4.3735,-0.3592,0.4225,5.1398,0.0000,3.0000
5.1398,499,5.2713,0.0000,3.0099,1.9810,0.4757,0.0913,4.3735,-0.3592,0.4225,5.1398,0.0000,3.0000
5.1398,500,5.2711,0.0000,3.0098,1.9810,0.4757,0.0913,4.3729,-0.3591,0.4225,5.1398,0.0000,3.0000
5.1398,501,5.2711,0.0000,3.0098,1.9810,0.4757,0.0913,4.3729,-0.3591,0.4225,5.1398,0.0000,3.0000
5.1398,502,5.2709,0.0000,3.0098,1.9810,0.4757,0.0913,4.3722,-0.3591,0.4224,5.1398,0.0000,3.0000
5.1398,503,5.2707,0.0000,3.0098,1.9809,0.4756,0.0914,4.3715,-0.3592,0.4224,5.1398,0.0000,3.0000
5.1398,504,5.2707,0.0000,3.0098,1.9809,0.4756,0.0914,4.3715,-0.3592,0.4224,5.1398,0.0000,3.0000
5.1398,505,5.2705,0.0000,3.0098,1.9808,0.4756,0.0914,4.3708,-0.3592,0.4224,5.1398,0.0000,3.0000
5.1398,506,5.2703,0.0000,3.0097,1.9808,0.4755,0.0915,4.3702,-0.3592,0.4224,5.1398,0.0000,3.0000
5.1398,507,5.2703,0.0000,3.0097,1.9808,0.4755,0.0915,4.3702,-0.3592,0.4224,5.1398,0.0000,3.0000
5.1398,508,5.2701,0.0000,3.0097,1.9807,0.4755,0.0915,4.3697,-0.3593,0.4223,5.1398,0.0000,3.0000
5.1398,509,5.2701,0.0000,3.0097,1.9807,0.4755,0.0915,4.3697,-0.3593,0.4223,5.1398,0.0000,3.0000
5.1398,510,5.2699,0.0000,3.0097,1.9807,0.4755,0.0916,4.3693,-0.3593,0.4223,5.1398,0.0000,3.0000
5.1398,511,5.2697,0.0000,3.0097,1.9807,0.4754,0.0916,4.3690,-0.3593,0.4223,5.1398,0.0000,3.0000
5.1398,512,5.2697,0.0000,3.0097,1.9807,0.4754,0.0916,4.3690,-0.3593,0.4223,5.1398,0.0000,3.0000
5.1398,513,5.2695,0.0000,3.0096,1.9806,0.4754,0.0916,4.3688,-0.3591,0.4223,5.1398,0.0000,3.0000
5.1398,514,5.2695,0.0000,3.0096,1.9806,0.4754,0.0916,4.3688,-0.3591,0.4223,5.1398,0.0000,3.0000
5.1398,515,5.2693,0.0000,3.0096,1.9806,0.4754,0.0916,4.3687,-0.3588,0.4223,5.1398,0.0000,3.0000
5.1398,516,5.2691,0.0000,3.0096,1.9807,0.4755,0.0916,4.3686,-0.3585,0.4223,5.1398,0.0000,3.0000
5.1398,517,5.2691,0.0000,3.0096,1.9807,0.4755,0.0916,4.3686,-0.3585,0.4223,5.1398,0.0000,3.0000
5.1398,518,5.2689,0.0000,3.0096,1.9807,0.4755,0.0915,4.3686,-0.3582,0.4222,5.1398,0.0000,3.0000
5.1398,519,5.2689,0.0000,3.0096,1.9807,0.4755,0.0915,4.3686,-0.3582,0.4222,5.1398,0.0000,3.0000
5.1398,520,5.2687,0.0000,3.0096,1.9808,0.4755,0.0915,4.3685,-0.3579,0.4222,5.1398,0.0000,3.0000
5.1398,521,5.2685,0.0000,3.0095,1.9808,0.4756,0.0915,4.3685,-0.3576,0.4222,5.1398,0.0000,3.0000
5.1398,522,5.2685,0.0000,3.0095,1.9808,0.4756,0.0915,4.3685,-0.3576,0.4222,5.1398,0.0000,3.0000
5.1398,523,5.2684,0.0000,3.0095,1.9809,0.4756,0.0915,4.3684,-0.3574,0.4222,5.1398,0.0000,3.0000
5.1398,524,5.2684,0.0000,3.0095,1.9809,0.4756,0.0915,4.3684,-0.3574,0.4222,5.1398,0.0000,3.0000
5.1398,525,5.2682,0.0000,3.0095,1.9809,0.4756,0.0915,4.3683,-0.3574,0.4222,5.1398,0.0000,3.0000
5.1398,526,5.2682,0.0000,3.0095,1.9809,0.4756,0.0915,4.3684,-0.3573,0.4222,5.1398,0.0000,3.0000
5.1398,527,5.2680,0.0000,3.0095,1.9809,0.4756,0.0915,4.3684,-0.3573,0.4222,5.1398,0.0000,3.0000
5.1398,528,5.2678,0.0000,3.0094,1.9810,0.4756,0.0915,4.3684,-0.3573,0.4222,5.1398,0.0000,3.0000
5.1398,529,5.2678,0.0000,3.0094,1.9810,0.4756,0.0915,4.3684,-0.3573,0.4222,5.1398,0.0000,3.0000
5.1398,530,5.2676,0.0000,3.0094,1.9810,0.4757,0.0915,4.3683,-0.3575,0.4222,5.1398,0.0000,3.0000
5.1398,531,5.2674,0.0000,3.0094,1.9811,0.4757,0.0914,4.3681,-0.3577,0.4222,5.1398,0.0000,3.0000
5.1398,532,5.2674,0.0000,3.0094,1.9811,0.4757,0.0914,4.3681,-0.3577,0.4222,5.1398,0.0000,3.0000
5.1398,533,5.2672,0.0000,3.0094,1.9810,0.4757,0.0914,4.3677,-0.3578,0.4222,5.1398,0.0000,3.0000
5.1398,534,5.2672,0.0000,3.0094,1.9810,0.4757,0.0914,4.3677,-0.3578,0.4222,5.1398,0.0000,3.0000
5.1398,535,5.2670,0.0000,3.0093,1.9809,0.4757,0.0915,4.3675,-0.3579,0.4222,5.1398,0.0000,3.0000
5.1398,536,5.2668,0.0000,3.0093,1.9808,0.4756,0.0916,4.3672,-0.3580,0.4222,5.1398,0.0000,3.0000
5.1398,537,5.2668,0.0000,3.0093,1.9808,0.4756,0.0916,4.3672,-0.3580,0.4222,5.1398,0.0000,3.0000
5.1398,538,5.2666,0.0000,3.0093,1.9809,0.4756,0.0916,4.3669,-0.3583,0.4222,5.1398,0.0000,3.0000
5.1398,539,5.2666,0.0000,3.0093,1.9809,0.4756,0.0916,4.3669,-0.3583,0.4222,5.1398,0.0000,3.0000
5.1398,540,5.2664,0.0000,3.0093,1.9809,0.4756,0.0916,4.3666,-0.3587,0.4221,5.1398,0.0000,3.0000
5.1398,541,5.2662,0.0000,3.0093,1.9809,0.4756,0.0916,4.3662,-0.3592,0.4221,5.1398,0.0000,3.0000
5.1398,542,5.2662,0.0000,3.0093,1.9809,0.4756,0.0916,4.3662,-0.3592,0.4221,5.1398,0.0000,3.0000
5.1398,543,5.2660,0.0000,3.0092,1.9808,0.4756,0.0917,4.3657,-0.3596,0.4222,5.1398,0.0000,3.0000
5.1398,544,5.2660,0.0000,3.0092,1.9808,0.4756,0.0917,4.3657,-0.3596,0.4222,5.1398,0.0000,3.0000
5.1398,545,5.2658,0.0000,3.0092,1.9808,0.4756,0.0917,4.3652,-0.3600,0.4222,5.1398,0.0000,3.0000
5.1398,546,5.2656,0.0000,3.0092,1.9808,0.4756,0.0917,4.3649,-0.3602,0.4222,5.1398,0.0000,3.0000
5.1398,547,5.2656,0.0000,3.0092,1.9808,0.4756,0.0917,4.3649,-0.3602,0.4222,5.1398,0.0000,3.0000
5.1398,548,5.2654,0.0000,3.0092,1.9808,0.4756,0.0917,4.3647,-0.3602,0.4222,5.1398,0.0000,3.0000
5.1398,549,5.2654,0.0000,3.0092,1.9808,0.4756,0.0917,4.3647,-0.3602,0.4222,5.1398,0.0000,3.0000
5.1398,550,5.2653,0.0000,3.0091,1.9809,0.4756,0.0916,4.3646,-0.3600,0.4221,5.1398,0.0000,3.0000
5.1398,551,5.2651,0.0000,3.0091,1.9808,0.4756,0.0916,4.3646,-0.3598,0.4222,5.1398,0.0000,3.0000
5.1398,552,5.2651,0.0000,3.0091,1.9808,0.4756,0.0916,4.3646,-0.3598,0.4222,5.1398,0.0000,3.0000
5.1398,553,5.2649,0.0000,3.0091,1.9807,0.4755,0.0917,4.3648,-0.3595,0.4221,5.1398,0.0000,3.0000
5.1398,554,5.2649,0.0000,3.0091,1.9807,0.4755,0.0917,4.3648,-0.3595,0.4221,5.1398,0.0000,3.0000
5.1398,555,5.2647,0.0000,3.0091,1.9807,0.4755,0.0917,4.3651,-0.3593,0.4221,5.1398,0.0000,3.0000
5.1398,556,5.2645,0.0000,3.0090,1.9806,0.4755,0.0918,4.3654,-0.3591,0.4221,5.1398,0.0000,3.0000
5.1398,557,5.2645,0.0000,3.0090,1.9806,0.4755,0.0918,4.3654,-0.3591,0.4221,5.1398,0.0000,3.0000
5.1398,558,5.2643,0.0000,3.0090,1.9805,0.4754,0.0919,4.3656,-0.3589,0.4222,5.1398,0.0000,3.0000
5.1398,559,5.2643,0.0000,3.0090,1.9805,0.4754,0.0919,4.3656,-0.3589,0.4222,5.1398,0.0000,3.0000
5.1398,560,5.2641,0.0000,3.0090,1.9805,0.4754,0.0920,4.3655,-0.3587,0.4221,5.1398,0.0000,3.0000
5.1398,561,5.2641,0.0000,3.0090,1.9805,0.4754,0.0920,4.3655,-0.3587,0.4221,5.1398,0.0000,3.0000
5.1398,562,5.2639,0.0000,3.0090,1.9804,0.4753,0.0921,4.3655,-0.3585,0.4221,5.1398,0.0000,3.0000
5.1398,563,5.2637,0.0000,3.0090,1.9804,0.4753,0.0921,4.3653,-0.3583,0.4221,5.1398,0.0000,3.0000
5.1398,564,5.2637,0.0000,3.0090,1.9804,0.4753,0.0921,4.3653,-0.3583,0.4221,5.1398,0.0000,3.0000
5.1398,565,5.2635,0.0000,3.0089,1.9803,0.4753,0.0922,4.3652,-0.3580,0.4221,5.1398,0.0000,3.0000
5.1398,566,5.2635,0.0000,3.0089,1.9801,0.4752,0.0923,4.3652,-0.3580,0.4221,5.1398,0.0000,3.0000
5.1398,567,5.2633,0.0000,3.0089,1.9801,0.4752,0.0923,4.3651,-0.3578,0.4221,5.1398,0.0000,3.0000
5.1398,568,5.2631,0.0000,3.0089,1.9799,0.4750,0.0925,4.3651,-0.3576,0.4221,5.1398,0.0000,3.0000
5.1398,569,5.2631,0.0000,3.0089,1.9799,0.4750,0.0925,4.3651,-0.3576,0.4221,5.1398,0.0000,3.0000
5.1398,570,5.2629,0.0000,3.0089,1.9797,0.4749,0.0926,4.3649,-0.3577,0.4221,5.1398,0.0000,3.0000
5.1398,571,5.2629,0.0000,3.0089,1.9797,0.4749,0.0926,4.3649,-0.3577,0.4221,5.1398,0.0000,3.0000
5.1398,572,5.2628,0.0000,3.0089,1.9796,0.4748,0.0926,4.3647,-0.3579,0.4220,5.1398,0.0000,3.0000
5.1398,573,5.2626,0.0000,3.0088,1.9796,0.4748,0.0926,4.3645,-0.3581,0.4221,5.1398,0.0000,3.0000
5.1398,574,5.2626,0.0000,3.0088,1.9796,0.4748,0.0926,4.3645,-0.3581,0.4221,5.1398,0.0000,3.0000
5.1398,575,5.2624,0.0000,3.0088,1.9797,0.4749,0.0926,4.3642,-0.3583,0.4220,5.1398,0.0000,3.0000
5.1398,576,5.2624,0.0000,3.0088,1.9798,0.4750,0.0925,4.3642,-0.3583,0.4220,5.1398,0.0000,3.0000
5.1398,577,5.2622,0.0000,3.0088,1.9798,0.4750,0.0925,4.3639,-0.3583,0.4220,5.1398,0.0000,3.0000
5.1398,578,5.2620,0.0000,3.0088,1.9799,0.4750,0.0924,4.3637,-0.3583,0.4220,5.1398,0.0000,3.0000
5.1398,579,5.2620,0.0000,3.0088,1.9799,0.4750,0.0924,4.3637,-0.3583,0.4220,5.1398,0.0000,3.0000
5.1398,580,5.2618,0.0000,3.0087,1.9800,0.4751,0.0923,4.3633,-0.3584,0.4220,5.1398,0.0000,3.0000
5.1398,581,5.2618,0.0000,3.0087,1.9800,0.4751,0.0923,4.3633,-0.3584,0.4220,5.1398,0.0000,3.0000
5.1398,582,5.2616,0.0000,3.0087,1.9801,0.4751,0.0922,4.3629,-0.3584,0.4220,5.1398,0.0000,3.0000
5.1398,583,5.2616,0.0000,3.0087,1.9801,0.4751,0.0922,4.3629,-0.3584,0.4220,5.1398,0.0000,3.0000
5.1398,584,5.2614,0.0000,3.0087,1.9800,0.4751,0.0923,4.3626,-0.3584,0.4219,5.1398,0.0000,3.0000
5.1398,585,5.2613,0.0000,3.0087,1.9800,0.4751,0.0923,4.3624,-0.3583,0.4219,5.1398,0.0000,3.0000
5.1398,586,5.2613,0.0000,3.0087,1.9800,0.4751,0.0923,4.3624,-0.3583,0.4219,5.1398,0.0000,3.0000
5.1398,587,5.2611,0.0000,3.0087,1.9800,0.4751,0.0923,4.3622,-0.3580,0.4219,5.1398,0.0000,3.0000
5.1398,588,5.2609,0.0000,3.0086,1.9800,0.4751,0.0923,4.3622,-0.3576,0.4219,5.1398,0.0000,3.0000
5.1398,589,5.2609,0.0000,3.0086,1.9800,0.4751,0.0923,4.3622,-0.3576,0.4219,5.1398,0.0000,3.0000
5.1398,590,5.2607,0.0000,3.0086,1.9800,0.4751,0.0923,4.3624,-0.3572,0.4219,5.1398,0.0000,3.0000
5.1398,591,5.2605,0.0000,3.0086,1.9800,0.4751,0.0923,4.3625,-0.3569,0.4219,5.1398,0.0000,3.0000
5.1398,592,5.2605,0.0000,3.0086,1.9800,0.4751,0.0923,4.3625,-0.3569,0.4219,5.1398,0.0000,3.0000
5.1398,593,5.2603,0.0000,3.0086,1.9801,0.4751,0.0922,4.3626,-0.3565,0.4219,5.1398,0.0000,3.0000
5.1398,594,5.2603,0.0000,3.0086,1.9801,0.4752,0.0923,4.3626,-0.3565,0.4219,5.1398,0.0000,3.0000
5.1398,595,5.2601,0.0000,3.0086,1.9801,0.4752,0.0923,4.3627,-0.3562,0.4219,5.1398,0.0000,3.0000
5.1398,596,5.2600,0.0000,3.0085,1.9802,0.4752,0.0922,4.3627,-0.3559,0.4219,5.1398,0.0000,3.0000
5.1398,597,5.2600,0.0000,3.0085,1.9802,0.4752,0.0922,4.3627,-0.3559,0.4219,5.1398,0.0000,3.0000
5.1398,598,5.2598,0.0000,3.0085,1.9803,0.4753,0.0922,4.3627,-0.3556,0.4218,5.1398,0.0000,3.0000
5.1398,599,5.2596,0.0000,3.0085,1.9803,0.4753,0.0921,4.3627,-0.3555,0.4218,5.1398,0.0000,3.0000
5.1398,600,5.2596,0.0000,3.0085,1.9803,0.4753,0.0921,4.3627,-0.3555,0.4218,5.1398,0.0000,3.0000
5.1398,601,5.2594,0.0000,3.0085,1.9803,0.4753,0.0922,4.3627,-0.3555,0.4218,5.1398,0.0000,3.0000
5.1398,602,5.2594,0.0000,3.0085,1.9803,0.4753,0.0922,4.3627,-0.3555,0.4218,5.1398,0.0000,3.0000
5.1398,603,5.2592,0.0000,3.0085,1.9803,0.4753,0.0923,4.3626,-0.3555,0.4218,5.1398,0.0000,3.0000
5.1398,604,5.2592,0.0000,3.0085,1.9803,0.4753,0.0923,4.3626,-0.3555,0.4218,5.1398,0.0000,3.0000
5.1398,605,5.2590,0.0000,3.0084,1.9803,0.4753,0.0922,4.3625,-0.3554,0.4218,5.1398,0.0000,3.0000
5.1398,606,5.2588,0.0000,3.0084,1.9803,0.4753,0.0923,4.3624,-0.3552,0.4218,5.1398,0.0000,3.0000
5.1398,607,5.2588,0.0000,3.0084,1.9803,0.4753,0.0923,4.3624,-0.3552,0.4218,5.1398,0.0000,3.0000
5.1398,608,5.2587,0.0000,3.0084,1.9802,0.4752,0.0924,4.3622,-0.3550,0.4218,5.1398,0.0000,3.0000
5.1398,609,5.2585,0.0000,3.0084,1.9800,0.4752,0.0925,4.3620,-0.3548,0.4217,5.1398,0.0000,3.0000
5.1398,610,5.2585,0.0000,3.0084,1.9800,0.4752,0.0925,4.3620,-0.3548,0.4217,5.1398,0.0000,3.0000
5.1398,611,5.2583,0.0000,3.0083,1.9800,0.4751,0.0926,4.3618,-0.3547,0.4217,5.1398,0.0000,3.0000
5.1398,612,5.2581,0.0000,3.0083,1.9799,0.4751,0.0925,4.3617,-0.3547,0.4217,5.1398,0.0000,3.0000
5.1398,613,5.2581,0.0000,3.0083,1.9799,0.4751,0.0925,4.3617,-0.3547,0.4217,5.1398,0.0000,3.0000
5.1398,614,5.2579,0.0000,3.0083,1.9799,0.4751,0.0926,4.3614,-0.3548,0.4217,5.1398,0.0000,3.0000
5.1398,615,5.2579,0.0000,3.0083,1.9799,0.4751,0.0926,4.3614,-0.3548,0.4217,5.1398,0.0000,3.0000
5.1398,616,5.2577,0.0000,3.0083,1.9798,0.4750,0.0926,4.3612,-0.3550,0.4217,5.1398,0.0000,3.0000
5.1398,617,5.2575,0.0000,3.0083,1.9798,0.4750,0.0926,4.3609,-0.3554,0.4217,5.1398,0.0000,3.0000
5.1398,618,5.2575,0.0000,3.0083,1.9798,0.4750,0.0926,4.3609,-0.3554,0.4217,5.1398,0.0000,3.0000
5.1398,619,5.2574,0.0000,3.0082,1.9798,0.4750,0.0926,4.3606,-0.3558,0.4216,5.1398,0.0000,3.0000
5.1398,620,5.2574,0.0000,3.0082,1.9799,0.4751,0.0925,4.3606,-0.3558,0.4216,5.1398,0.0000,3.0000
5.1398,621,5.2572,0.0000,3.0082,1.9799,0.4751,0.0925,4.3601,-0.3563,0.4217,5.1398,0.0000,3.0000
5.1398,622,5.2570,0.0000,3.0082,1.9800,0.4752,0.0924,4.3596,-0.3567,0.4217,5.1398,0.0000,3.0000
5.1398,623,5.2570,0.0000,3.0082,1.9800,0.4752,0.0924,4.3596,-0.3567,0.4217,5.1398,0.0000,3.0000
5.1398,624,5.2568,0.0000,3.0082,1.9801,0.4752,0.0924,4.3591,-0.3570,0.4217,5.1398,0.0000,3.0000
5.1398,625,5.2568,0.0000,3.0082,1.9801,0.4752,0.0924,4.3587,-0.3574,0.4216,5.1398,0.0000,3.0000
5.1398,626,5.2566,0.0000,3.0082,1.9801,0.4752,0.0924,4.3587,-0.3574,0.4216,5.1398,0.0000,3.0000
5.1398,627,5.2565,0.0000,3.0082,1.9801,0.4752,0.0925,4.3585,-0.3578,0.4215,5.1398,0.0000,3.0000
5.1398,628,5.2565,0.0000,3.0082,1.9801,0.4752,0.0925,4.3585,-0.3578,0.4215,5.1398,0.0000,3.0000
5.1398,629,5.2563,0.0000,3.0081,1.9800,0.4751,0.0925,4.3583,-0.3581,0.4216,5.1398,0.0000,3.0000
5.1398,630,5.2561,0.0000,3.0081,1.9799,0.4751,0.0926,4.3581,-0.3585,0.4217,5.1398,0.0000,3.0000
5.1398,631,5.2561,0.0000,3.0081,1.9799,0.4751,0.0926,4.3581,-0.3585,0.4217,5.1398,0.0000,3.0000
5.1398,632,5.2559,0.0000,3.0081,1.9798,0.4750,0.0927,4.3578,-0.3588,0.4217,5.1398,0.0000,3.0000
5.1398,633,5.2557,0.0000,3.0081,1.9798,0.4750,0.0927,4.3575,-0.3590,0.4217,5.1398,0.0000,3.0000
5.1398,634,5.2557,0.0000,3.0081,1.9798,0.4750,0.0927,4.3575,-0.3590,0.4217,5.1398,0.0000,3.0000
5.1398,635,5.2556,0.0000,3.0081,1.9798,0.4750,0.0927,4.3570,-0.3590,0.4217,5.1398,0.0000,3.0000
5.1398,636,5.2556,0.0000,3.0081,1.9798,0.4750,0.0927,4.3570,-0.3590,0.4217,5.1398,0.0000,3.0000
5.1398,637,5.2554,0.0000,3.0080,1.9797,0.4750,0.0927,4.3567,-0.3591,0.4216,5.1398,0.0000,3.0000
5.1398,638,5.2552,0.0000,3.0080,1.9797,0.4750,0.0927,4.3565,-0.3589,0.4216,5.1398,0.0000,3.0000
5.1398,639,5.2552,0.0000,3.0080,1.9797,0.4750,0.0927,4.3565,-0.3589,0.4216,5.1398,0.0000,3.0000
5.1398,640,5.2550,0.0000,3.0080,1.9798,0.4750,0.0926,4.3563,-0.3588,0.4216,5.1398,0.0000,3.0000
5.1398,641,5.2550,0.0000,3.0080,1.9799,0.4751,0.0925,4.3563,-0.3588,0.4216,5.1398,0.0000,3.0000
5.1398,642,5.2548,0.0000,3.0080,1.9799,0.4751,0.0925,4.3560,-0.3587,0.4216,5.1398,0.0000,3.0000
5.1398,643,5.2547,0.0000,3.0080,1.9800,0.4751,0.0925,4.3557,-0.3587,0.4215,5.1398,0.0000,3.0000
5.1398,644,5.2547,0.0000,3.0080,1.9800,0.4751,0.0925,4.3557,-0.3587,0.4215,5.1398,0.0000,3.0000
5.1398,645,5.2545,0.0000,3.0079,1.9800,0.4752,0.0924,4.3553,-0.3587,0.4215,5.1398,0.0000,3.0000
5.1398,646,5.2543,0.0000,3.0079,1.9800,0.4752,0.0925,4.3549,-0.3588,0.4215,5.1398,0.0000,3.0000
5.1398,647,5.2543,0.0000,3.0079,1.9800,0.4752,0.0925,4.3549,-0.3588,0.4215,5.1398,0.0000,3.0000
5.1398,648,5.2541,0.0000,3.0079,1.9801,0.4752,0.0924,4.3544,-0.3588,0.4215,5.1398,0.0000,3.0000
5.1398,649,5.2539,0.0000,3.0079,1.9800,0.4752,0.0925,4.3540,-0.3586,0.4214,5.1398,0.0000,3.0000
5.1398,650,5.2539,0.0000,3.0079,1.9800,0.4752,0.0925,4.3540,-0.3586,0.4214,5.1398,0.0000,3.0000
5.1398,651,5.2538,0.0000,3.0079,1.9801,0.4752,0.0925,4.3538,-0.3584,0.4214,5.1398,0.0000,3.0000
5.1398,652,5.2536,0.0000,3.0078,1.9801,0.4753,0.0925,4.3536,-0.3583,0.4213,5.1398,0.0000,3.0000
5.1398,653,5.2536,0.0000,3.0078,1.9801,0.4753,0.0925,4.3536,-0.3583,0.4213,5.1398,0.0000,3.0000
5.1398,654,5.2534,0.0000,3.0078,1.9800,0.4752,0.0925,4.3535,-0.3584,0.4212,5.1398,0.0000,3.0000
5.1398,655,5.2534,0.0000,3.0078,1.9800,0.4752,0.0925,4.3535,-0.3584,0.4212,5.1398,0.0000,3.0000
5.1398,656,5.2532,0.0000,3.0078,1.9799,0.4751,0.0927,4.3533,-0.3586,0.4212,5.1398,0.0000,3.0000
5.1398,657,5.2531,0.0000,3.0078,1.9798,0.4750,0.0928,4.3532,-0.3586,0.4211,5.1398,0.0000,3.0000
5.1398,658,5.2531,0.0000,3.0078,1.9798,0.4750,0.0928,4.3532,-0.3586,0.4211,5.1398,0.0000,3.0000
5.1398,659,5.2529,0.0000,3.0078,1.9798,0.4751,0.0927,4.3533,-0.3588,0.4211,5.1398,0.0000,3.0000
5.1398,660,5.2527,0.0000,3.0077,1.9799,0.4751,0.0927,4.3533,-0.3590,0.4211,5.1398,0.0000,3.0000
5.1398,661,5.2527,0.0000,3.0077,1.9799,0.4751,0.0927,4.3533,-0.3590,0.4211,5.1398,0.0000,3.0000
5.1398,662,5.2525,0.0000,3.0077,1.9800,0.4752,0.0926,4.3533,-0.3591,0.4212,5.1398,0.0000,3.0000
5.1398,663,5.2525,0.0000,3.0077,1.9800,0.4752,0.0926,4.3533,-0.3591,0.4212,5.1398,0.0000,3.0000
5.1398,664,5.2524,0.0000,3.0077,1.9801,0.4753,0.0925,4.3533,-0.3592,0.4213,5.1398,0.0000,3.0000
5.1398,665,5.2522,0.0000,3.0077,1.9802,0.4753,0.0924,4.3533,-0.3591,0.4214,5.1398,0.0000,3.0000
5.1398,666,5.2522,0.0000,3.0077,1.9802,0.4753,0.0924,4.3533,-0.3591,0.4214,5.1398,0.0000,3.0000
5.1398,667,5.2520,0.0000,3.0077,1.9803,0.4754,0.0924,4.3532,-0.3590,0.4214,5.1398,0.0000,3.0000
5.1398,668,5.2518,0.0000,3.0077,1.9804,0.4755,0.0924,4.3531,-0.3588,0.4214,5.1398,0.0000,3.0000
5.1398,669,5.2518,0.0000,3.0077,1.9804,0.4755,0.0924,4.3531,-0.3588,0.4214,5.1398,0.0000,3.0000
5.1398,670,5.2517,0.0000,3.0076,1.9804,0.4755,0.0924,4.3530,-0.3586,0.4213,5.1398,0.0000,3.0000
5.1398,671,5.2517,0.0000,3.0076,1.9803,0.4754,0.0925,4.3530,-0.3586,0.4213,5.1398,0.0000,3.0000
5.1398,672,5.2515,0.0000,3.0076,1.9803,0.4754,0.0925,4.3530,-0.3583,0.4213,5.1398,0.0000,3.0000
5.1398,673,5.2513,0.0000,3.0076,1.9801,0.4752,0.0927,4.3530,-0.3580,0.4213,5.1398,0.0000,3.0000
5.1398,674,5.2513,0.0000,3.0076,1.9801,0.4752,0.0927,4.3530,-0.3580,0.4213,5.1398,0.0000,3.0000
5.1398,675,5.2511,0.0000,3.0076,1.9799,0.4751,0.0928,4.3530,-0.3578,0.4213,5.1398,0.0000,3.0000
5.1398,676,5.2510,0.0000,3.0076,1.9797,0.4750,0.0929,4.3530,-0.3575,0.4213,5.1398,0.0000,3.0000
5.1398,677,5.2510,0.0000,3.0076,1.9797,0.4750,0.0929,4.3530,-0.3575,0.4213,5.1398,0.0000,3.0000
5.1398,678,5.2508,0.0000,3.0075,1.9797,0.4750,0.0930,4.3530,-0.3571,0.4213,5.1398,0.0000,3.0000
5.1398,679,5.2506,0.0000,3.0075,1.9796,0.4750,0.0929,4.3531,-0.3569,0.4212,5.1398,0.0000,3.0000
5.1398,680,5.2506,0.0000,3.0075,1.9796,0.4750,0.0929,4.3531,-0.3569,0.4212,5.1398,0.0000,3.0000
5.1398,681,5.2505,0.0000,3.0075,1.9796,0.4749,0.0929,4.3531,-0.3568,0.4212,5.1398,0.0000,3.0000
5.1398,682,5.2505,0.0000,3.0075,1.9796,0.4749,0.0929,4.3531,-0.3568,0.4212,5.1398,0.0000,3.0000
5.1398,683,5.2503,0.0000,3.0075,1.9796,0.4749,0.0929,4.3530,-0.3566,0.4213,5.1398,0.0000,3.0000
5.1398,684,5.2501,0.0000,3.0075,1.9796,0.4750,0.0930,4.3529,-0.3564,0.4212,5.1398,0.0000,3.0000
5.1398,685,5.2501,0.0000,3.0075,1.9796,0.4750,0.0930,4.3529,-0.3564,0.4212,5.1398,0.0000,3.0000
5.1398,686,5.2499,0.0000,3.0075,1.9797,0.4750,0.0930,4.3528,-0.3561,0.4212,5.1398,0.0000,3.0000
5.1398,687,5.2499,0.0000,3.0075,1.9797,0.4750,0.0930,4.3528,-0.3561,0.4212,5.1398,0.0000,3.0000
5.1398,688,5.2498,0.0000,3.0074,1.9797,0.4750,0.0930,4.3527,-0.3558,0.4212,5.1398,0.0000,3.0000
5.1398,689,5.2496,0.0000,3.0074,1.9797,0.4750,0.0930,4.3526,-0.3556,0.4212,5.1398,0.0000,3.0000
5.1398,690,5.2496,0.0000,3.0074,1.9797,0.4750,0.0930,4.3526,-0.3556,0.4212,5.1398,0.0000,3.0000
5.1398,691,5.2494,0.0000,3.0074,1.9797,0.4751,0.0930,4.3525,-0.3555,0.4212,5.1398,0.0000,3.0000
5.1398,692,5.2493,0.0000,3.0074,1.9798,0.4751,0.0929,4.3524,-0.3553,0.4211,5.1398,0.0000,3.0000
5.1398,693,5.2493,0.0000,3.0074,1.9798,0.4751,0.0929,4.3524,-0.3553,0.4211,5.1398,0.0000,3.0000
5.1398,694,5.2491,0.0000,3.0074,1.9799,0.4751,0.0929,4.3524,-0.3552,0.4211,5.1398,0.0000,3.0000
5.1398,695,5.2491,0.0000,3.0074,1.9799,0.4751,0.0929,4.3524,-0.3552,0.4211,5.1398,0.0000,3.0000
5.1398,696,5.2489,0.0000,3.0074,1.9799,0.4752,0.0929,4.3525,-0.3553,0.4211,5.1398,0.0000,3.0000
5.1398,697,5.2488,0.0000,3.0073,1.9799,0.4752,0.0928,4.3524,-0.3554,0.4211,5.1398,0.0000,3.0000
5.1398,698,5.2488,0.0000,3.0073,1.9799,0.4752,0.0928,4.3524,-0.3554,0.4211,5.1398,0.0000,3.0000
5.1398,699,5.2486,0.0000,3.0073,1.9799,0.4752,0.0928,4.3522,-0.3555,0.4211,5.1398,0.0000,3.0000
5.1398,700,5.2486,0.0000,3.0073,1.9799,0.4752,0.0928,4.3522,-0.3555,0.4211,5.1398,0.0000,3.0000
5.1398,701,5.2484,0.0000,3.0073,1.9798,0.4751,0.0929,4.3520,-0.3556,0.4211,5.1398,0.0000,3.0000
5.1398,702,5.2482,0.0000,3.0073,1.9796,0.4750,0.0931,4.3518,-0.3559,0.4210,5.1398,0.0000,3.0000
5.1398,703,5.2482,0.0000,3.0073,1.9796,0.4750,0.0931,4.3518,-0.3559,0.4210,5.1398,0.0000,3.0000
5.1398,704,5.2481,0.0000,3.0073,1.9794,0.4749,0.0932,4.3514,-0.3563,0.4210,5.1398,0.0000,3.0000
5.1398,705,5.2481,0.0000,3.0073,1.9794,0.4749,0.0932,4.3514,-0.3563,0.4210,5.1398,0.0000,3.0000
5.1398,706,5.2479,0.0000,3.0072,1.9793,0.4748,0.0933,4.3510,-0.3568,0.4210,5.1398,0.0000,3.0000
5.1398,707,5.2479,0.0000,3.0072,1.9793,0.4748,0.0933,4.3510,-0.3568,0.4210,5.1398,0.0000,3.0000
5.1398,708,5.2477,0.0000,3.0072,1.9793,0.4748,0.0933,4.3505,-0.3572,0.4209,5.1398,0.0000,3.0000
5.1398,709,5.2476,0.0000,3.0072,1.9794,0.4748,0.0933,4.3501,-0.3574,0.4209,5.1398,0.0000,3.0000
5.1398,710,5.2476,0.0000,3.0072,1.9794,0.4748,0.0933,4.3501,-0.3574,0.4209,5.1398,0.0000,3.0000
5.1398,711,5.2474,0.0000,3.0072,1.9794,0.4749,0.0933,4.3499,-0.3576,0.4209,5.1398,0.0000,3.0000
5.1398,712,5.2474,0.0000,3.0072,1.9795,0.4749,0.0933,4.3496,-0.3578,0.4209,5.1398,0.0000,3.0000
5.1398,713,5.2472,0.0000,3.0072,1.9795,0.4749,0.0933,4.3496,-0.3578,0.4209,5.1398,0.0000,3.0000
5.1398,714,5.2471,0.0000,3.0072,1.9796,0.4750,0.0933,4.3494,-0.3578,0.4210,5.1398,0.0000,3.0000
5.1398,715,5.2471,0.0000,3.0072,1.9796,0.4750,0.0933,4.3494,-0.3578,0.4210,5.1398,0.0000,3.0000
5.1398,716,5.2469,0.0000,3.0071,1.9797,0.4751,0.0933,4.3493,-0.3578,0.4210,5.1398,0.0000,3.0000
5.1398,717,5.2467,0.0000,3.0071,1.9798,0.4752,0.0933,4.3492,-0.3577,0.4210,5.1398,0.0000,3.0000
5.1398,718,5.2467,0.0000,3.0071,1.9798,0.4752,0.0933,4.3492,-0.3577,0.4210,5.1398,0.0000,3.0000
5.1398,719,5.2466,0.0000,3.0071,1.9798,0.4752,0.0932,4.3492,-0.3575,0.4210,5.1398,0.0000,3.0000
5.1398,720,5.2466,0.0000,3.0071,1.9798,0.4752,0.0932,4.3492,-0.3575,0.4210,5.1398,0.0000,3.0000
5.1398,721,5.2464,0.0000,3.0071,1.9799,0.4753,0.0932,4.3490,-0.3573,0.4210,5.1398,0.0000,3.0000
5.1398,722,5.2462,0.0000,3.0071,1.9798,0.4752,0.0932,4.3489,-0.3572,0.4210,5.1398,0.0000,3.0000
5.1398,723,5.2462,0.0000,3.0071,1.9798,0.4752,0.0932,4.3489,-0.3572,0.4210,5.1398,0.0000,3.0000
5.1398,724,5.2461,0.0000,3.0071,1.9797,0.4752,0.0932,4.3487,-0.3570,0.4210,5.1398,0.0000,3.0000
5.1398,725,5.2461,0.0000,3.0071,1.9797,0.4752,0.0932,4.3487,-0.3570,0.4210,5.1398,0.0000,3.0000
5.1398,726,5.2459,0.0000,3.0070,1.9797,0.4751,0.0933,4.3486,-0.3568,0.4209,5.1398,0.0000,3.0000
5.1398,727,5.2457,0.0000,3.0070,1.9797,0.4752,0.0932,4.3485,-0.3565,0.4210,5.1398,0.0000,3.0000
5.1398,728,5.2457,0.0000,3.0070,1.9797,0.4752,0.0932,4.3485,-0.3565,0.4210,5.1398,0.0000,3.0000
5.1398,729,5.2456,0.0000,3.0070,1.9798,0.4752,0.0932,4.3485,-0.3563,0.4209,5.1398,0.0000,3.0000
5.1398,730,5.2454,0.0000,3.0070,1.9799,0.4753,0.0931,4.3485,-0.3563,0.4207,5.1398,0.0000,3.0000
5.1398,731,5.2454,0.0000,3.0070,1.9799,0.4753,0.0931,4.3485,-0.3563,0.4207,5.1398,0.0000,3.0000
5.1398,732,5.2453,0.0000,3.0070,1.9799,0.4753,0.0931,4.3483,-0.3565,0.4208,5.1398,0.0000,3.0000
5.1398,733,5.2453,0.0000,3.0070,1.9799,0.4753,0.0931,4.3483,-0.3565,0.4208,5.1398,0.0000,3.0000
5.1398,734,5.2451,0.0000,3.0070,1.9797,0.4752,0.0931,4.3482,-0.3565,0.4208,5.1398,0.0000,3.0000
5.1398,735,5.2449,0.0000,3.0069,1.9795,0.4751,0.0933,4.3480,-0.3565,0.4208,5.1398,0.0000,3.0000
5.1398,736,5.2449,0.0000,3.0069,1.9795,0.4751,0.0933,4.3480,-0.3565,0.4208,5.1398,0.0000,3.0000
5.1398,737,5.2448,0.0000,3.0069,1.9793,0.4749,0.0935,4.3478,-0.3565,0.4207,5.1398,0.0000,3.0000
5.1398,738,5.2448,0.0000,3.0069,1.9793,0.4749,0.0935,4.3478,-0.3565,0.4207,5.1398,0.0000,3.0000
5.1398,739,5.2446,0.0000,3.0069,1.9793,0.4749,0.0935,4.3476,-0.3564,0.4208,5.1398,0.0000,3.0000
5.1398,740,5.2444,0.0000,3.0069,1.9793,0.4749,0.0935,4.3473,-0.3561,0.4208,5.1398,0.0000,3.0000
5.1398,741,5.2444,0.0000,3.0069,1.9793,0.4749,0.0935,4.3473,-0.3561,0.4208,5.1398,0.0000,3.0000
5.1398,742,5.2443,0.0000,3.0069,1.9794,0.4750,0.0934,4.3470,-0.3557,0.4208,5.1398,0.0000,3.0000
5.1398,743,5.2441,0.0000,3.0069,1.9796,0.4751,0.0933,4.3466,-0.3554,0.4207,5.1398,0.0000,3.0000
5.1398,744,5.2441,0.0000,3.0069,1.9796,0.4751,0.0933,4.3466,-0.3554,0.4207,5.1398,0.0000,3.0000
5.1398,745,5.2440,0.0000,3.0068,1.9797,0.4752,0.0933,4.3462,-0.3550,0.4207,5.1398,0.0000,3.0000
5.1398,746,5.2440,0.0000,3.0068,1.9797,0.4752,0.0933,4.3462,-0.3550,0.4207,5.1398,0.0000,3.0000
5.1398,747,5.2438,0.0000,3.0068,1.9797,0.4752,0.0933,4.3458,-0.3546,0.4206,5.1398,0.0000,3.0000
5.1398,748,5.2438,0.0000,3.0068,1.9797,0.4752,0.0933,4.3458,-0.3546,0.4206,5.1398,0.0000,3.0000
5.1398,749,5.2436,0.0000,3.0068,1.9797,0.4752,0.0933,4.3455,-0.3542,0.4205,5.1398,0.0000,3.0000
5.1398,750,5.2435,0.0000,3.0068,1.9797,0.4752,0.0934,4.3452,-0.3539,0.4205,5.1398,0.0000,3.0000
5.1398,751,5.2435,0.0000,3.0068,1.9797,0.4752,0.0934,4.3452,-0.3539,0.4205,5.1398,0.0000,3.0000
5.1398,752,5.2433,0.0000,3.0068,1.9798,0.4753,0.0934,4.3447,-0.3537,0.4205,5.1398,0.0000,3.0000
5.1398,753,5.2433,0.0000,3.0068,1.9798,0.4753,0.0934,4.3447,-0.3537,0.4205,5.1398,0.0000,3.0000
5.1398,754,5.2431,0.0000,3.0068,1.9798,0.4753,0.0934,4.3443,-0.3535,0.4204,5.1398,0.0000,3.0000
5.1398,755,5.2430,0.0000,3.0068,1.9797,0.4753,0.0934,4.3440,-0.3535,0.4204,5.1398,0.0000,3.0000
5.1398,756,5.2430,0.0000,3.0068,1.9797,0.4753,0.0934,4.3440,-0.3535,0.4204,5.1398,0.0000,3.0000
5.1398,757,5.2428,0.0000,3.0067,1.9796,0.4752,0.0936,4.3437,-0.3535,0.4204,5.1398,0.0000,3.0000
5.1398,758,5.2428,0.0000,3.0067,1.9795,0.4752,0.0937,4.3437,-0.3535,0.4204,5.1398,0.0000,3.0000
5.1398,759,5.2427,0.0000,3.0067,1.9795,0.4752,0.0937,4.3435,-0.3535,0.4203,5.1398,0.0000,3.0000
5.1398,760,5.2425,0.0000,3.0067,1.9795,0.4752,0.0937,4.3434,-0.3535,0.4204,5.1398,0.0000,3.0000
5.1398,761,5.2425,0.0000,3.0067,1.9795,0.4752,0.0937,4.3434,-0.3535,0.4204,5.1398,0.0000,3.0000
5.1398,762,5.2423,0.0000,3.0067,1.9795,0.4751,0.0937,4.3432,-0.3535,0.4203,5.1398,0.0000,3.0000
5.1398,763,5.2423,0.0000,3.0067,1.9794,0.4751,0.0938,4.3432,-0.3535,0.4203,5.1398,0.0000,3.0000
5.1398,764,5.2422,0.0000,3.0067,1.9794,0.4751,0.0938,4.3432,-0.3534,0.4203,5.1398,0.0000,3.0000
5.1398,765,5.2420,0.0000,3.0067,1.9795,0.4752,0.0937,4.3432,-0.3535,0.4203,5.1398,0.0000,3.0000
5.1398,766,5.2420,0.0000,3.0067,1.9795,0.4752,0.0937,4.3432,-0.3535,0.4203,5.1398,0.0000,3.0000
5.1398,767,5.2419,0.0000,3.0066,1.9795,0.4752,0.0936,4.3433,-0.3536,0.4203,5.1398,0.0000,3.0000
5.1398,768,5.2419,0.0000,3.0066,1.9795,0.4752,0.0936,4.3433,-0.3536,0.4203,5.1398,0.0000,3.0000
5.1398,769,5.2417,0.0000,3.0066,1.9796,0.4753,0.0936,4.3433,-0.3539,0.4203,5.1398,0.0000,3.0000
5.1398,770,5.2417,0.0000,3.0066,1.9797,0.4753,0.0935,4.3433,-0.3543,0.4203,5.1398,0.0000,3.0000
5.1398,771,5.2416,0.0000,3.0066,1.9797,0.4753,0.0935,4.3433,-0.3543,0.4203,5.1398,0.0000,3.0000
5.1398,772,5.2414,0.0000,3.0066,1.9798,0.4754,0.0934,4.3433,-0.3548,0.4203,5.1398,0.0000,3.0000
5.1398,773,5.2414,0.0000,3.0066,1.9798,0.4754,0.0934,4.3433,-0.3548,0.4203,5.1398,0.0000,3.0000
5.1398,774,5.2412,0.0000,3.0066,1.9798,0.4754,0.0934,4.3434,-0.3552,0.4203,5.1398,0.0000,3.0000
5.1398,775,5.2411,0.0000,3.0066,1.9798,0.4754,0.0935,4.3435,-0.3554,0.4204,5.1398,0.0000,3.0000
5.1398,776,5.2411,0.0000,3.0066,1.9798,0.4754,0.0935,4.3435,-0.3554,0.4204,5.1398,0.0000,3.0000
5.1398,777,5.2409,0.0000,3.0066,1.9798,0.4754,0.0934,4.3436,-0.3556,0.4203,5.1398,0.0000,3.0000
5.1398,778,5.2408,0.0000,3.0065,1.9799,0.4755,0.0934,4.3437,-0.3557,0.4203,5.1398,0.0000,3.0000
5.1398,779,5.2408,0.0000,3.0065,1.9799,0.4755,0.0934,4.3437,-0.3557,0.4203,5.1398,0.0000,3.0000
5.1398,780,5.2406,0.0000,3.0065,1.9799,0.4755,0.0934,4.3436,-0.3557,0.4205,5.1398,0.0000,3.0000
5.1398,781,5.2404,0.0000,3.0065,1.9798,0.4754,0.0934,4.3435,-0.3557,0.4205,5.1398,0.0000,3.0000
5.1398,782,5.2404,0.0000,3.0065,1.9798,0.4754,0.0934,4.3435,-0.3557,0.4205,5.1398,0.0000,3.0000
5.1398,783,5.2403,0.0000,3.0065,1.9797,0.4754,0.0935,4.3433,-0.3557,0.4203,5.1398,0.0000,3.0000
5.1398,784,5.2403,0.0000,3.0065,1.9797,0.4754,0.0935,4.3433,-0.3557,0.4203,5.1398,0.0000,3.0000
5.1398,785,5.2401,0.0000,3.0065,1.9797,0.4754,0.0935,4.3430,-0.3559,0.4202,5.1398,0.0000,3.0000
5.1398,786,5.2401,0.0000,3.0065,1.9797,0.4754,0.0935,4.3430,-0.3559,0.4202,5.1398,0.0000,3.0000
5.1398,787,5.2400,0.0000,3.0065,1.9798,0.4754,0.0934,4.3429,-0.3561,0.4202,5.1398,0.0000,3.0000
5.1398,788,5.2398,0.0000,3.0064,1.9798,0.4754,0.0934,4.3428,-0.3564,0.4201,5.1398,0.0000,3.0000
5.1398,789,5.2398,0.0000,3.0064,1.9798,0.4754,0.0934,4.3428,-0.3564,0.4201,5.1398,0.0000,3.0000
5.1398,790,5.2397,0.0000,3.0064,1.9798,0.4755,0.0933,4.3426,-0.3568,0.4202,5.1398,0.0000,3.0000
5.1398,791,5.2395,0.0000,3.0064,1.9800,0.4755,0.0933,4.3426,-0.3571,0.4201,5.1398,0.0000,3.0000
5.1398,792,5.2395,0.0000,3.0064,1.9800,0.4755,0.0933,4.3426,-0.3571,0.4201,5.1398,0.0000,3.0000
5.1398,793,5.2394,0.0000,3.0064,1.9800,0.4756,0.0932,4.3427,-0.3573,0.4203,5.1398,0.0000,3.0000
5.1398,794,5.2394,0.0000,3.0064,1.9800,0.4756,0.0932,4.3427,-0.3573,0.4203,5.1398,0.0000,3.0000
5.1398,795,5.2392,0.0000,3.0064,1.9802,0.4757,0.0931,4.3428,-0.3572,0.4205,5.1398,0.0000,3.0000
5.1398,796,5.2391,0.0000,3.0064,1.9802,0.4757,0.0931,4.3431,-0.3570,0.4205,5.1398,0.0000,3.0000
5.1398,797,5.2391,0.0000,3.0064,1.9802,0.4757,0.0931,4.3431,-0.3570,0.4205,5.1398,0.0000,3.0000
5.1398,798,5.2389,0.0000,3.0064,1.9802,0.4757,0.0931,4.3433,-0.3567,0.4205,5.1398,0.0000,3.0000
5.1398,799,5.2387,0.0000,3.0063,1.9802,0.4757,0.0931,4.3435,-0.3565,0.4206,5.1398,0.0000,3.0000
5.1398,800,5.2387,0.0000,3.0063,1.9802,0.4757,0.0931,4.3435,-0.3565,0.4206,5.1398,0.0000,3.0000
5.1398,801,5.2386,0.0000,3.0063,1.9801,0.4757,0.0931,4.3437,-0.3564,0.4206,5.1398,0.0000,3.0000
5.1398,802,5.2386,0.0000,3.0063,1.9801,0.4757,0.0931,4.3437,-0.3564,0.4206,5.1398,0.0000,3.0000
5.1398,803,5.2384,0.0000,3.0063,1.9801,0.4757,0.0932,4.3438,-0.3565,0.4205,5.1398,0.0000,3.0000
5.1398,804,5.2383,0.0000,3.0063,1.9801,0.4757,0.0931,4.3437,-0.3569,0.4205,5.1398,0.0000,3.0000
5.1398,805,5.2383,0.0000,3.0063,1.9801,0.4757,0.0931,4.3437,-0.3569,0.4205,5.1398,0.0000,3.0000
5.1398,806,5.2381,0.0000,3.0063,1.9801,0.4757,0.0931,4.3434,-0.3573,0.4205,5.1398,0.0000,3.0000
5.1398,807,5.2381,0.0000,3.0063,1.9801,0.4757,0.0931,4.3434,-0.3573,0.4205,5.1398,0.0000,3.0000
5.1398,808,5.2380,0.0000,3.0063,1.9803,0.4758,0.0930,4.3431,-0.3578,0.4205,5.1398,0.0000,3.0000
5.1398,809,5.2378,0.0000,3.0063,1.9806,0.4760,0.0928,4.3428,-0.3584,0.4204,5.1398,0.0000,3.0000
5.1398,810,5.2378,0.0000,3.0063,1.9806,0.4760,0.0928,4.3428,-0.3584,0.4204,5.1398,0.0000,3.0000
5.1398,811,5.2377,0.0000,3.0062,1.9808,0.4761,0.0926,4.3426,-0.3590,0.4204,5.1398,0.0000,3.0000
5.1398,812,5.2377,0.0000,3.0062,1.9810,0.4762,0.0925,4.3426,-0.3590,0.4204,5.1398,0.0000,3.0000
5.1398,813,5.2375,0.0000,3.0062,1.9810,0.4762,0.0925,4.3425,-0.3596,0.4203,5.1398,0.0000,3.0000
5.1398,814,5.2374,0.0000,3.0062,1.9810,0.4763,0.0924,4.3424,-0.3603,0.4203,5.1398,0.0000,3.0000
5.1398,815,5.2374,0.0000,3.0062,1.9810,0.4763,0.0924,4.3424,-0.3603,0.4203,5.1398,0.0000,3.0000
5.1398,816,5.2372,0.0000,3.0062,1.9811,0.4763,0.0924,4.3424,-0.3608,0.4203,5.1398,0.0000,3.0000
5.1398,817,5.2371,0.0000,3.0062,1.9811,0.4764,0.0924,4.3424,-0.3612,0.4203,5.1398,0.0000,3.0000
5.1398,818,5.2371,0.0000,3.0062,1.9811,0.4764,0.0924,4.3424,-0.3612,0.4203,5.1398,0.0000,3.0000
5.1398,819,5.2369,0.0000,3.0062,1.9812,0.4764,0.0923,4.3423,-0.3616,0.4203,5.1398,0.0000,3.0000
5.1398,820,5.2369,0.0000,3.0062,1.9813,0.4764,0.0923,4.3420,-0.3621,0.4202,5.1398,0.0000,3.0000
5.1398,821,5.2368,0.0000,3.0062,1.9813,0.4764,0.0923,4.3420,-0.3621,0.4202,5.1398,0.0000,3.0000
5.1398,822,5.2366,0.0000,3.0061,1.9811,0.4764,0.0923,4.3416,-0.3626,0.4202,5.1398,0.0000,3.0000
5.1398,823,5.2366,0.0000,3.0061,1.9811,0.4764,0.0923,4.3416,-0.3626,0.4202,5.1398,0.0000,3.0000
5.1398,824,5.2365,0.0000,3.0061,1.9811,0.4764,0.0923,4.3412,-0.3630,0.4201,5.1398,0.0000,3.0000
5.1398,825,5.2365,0.0000,3.0061,1.9811,0.4764,0.0923,4.3412,-0.3630,0.4201,5.1398,0.0000,3.0000
5.1398,826,5.2363,0.0000,3.0061,1.9812,0.4764,0.0922,4.3407,-0.3633,0.4201,5.1398,0.0000,3.0000
5.1398,827,5.2362,0.0000,3.0061,1.9813,0.4765,0.0921,4.3403,-0.3635,0.4201,5.1398,0.0000,3.0000
5.1398,828,5.2362,0.0000,3.0061,1.9813,0.4765,0.0921,4.3403,-0.3635,0.4201,5.1398,0.0000,3.0000
5.1398,829,5.2360,0.0000,3.0061,1.9813,0.4765,0.0921,4.3400,-0.3635,0.4200,5.1398,0.0000,3.0000
5.1398,830,5.2360,0.0000,3.0061,1.9813,0.4765,0.0921,4.3400,-0.3635,0.4200,5.1398,0.0000,3.0000
5.1398,831,5.2359,0.0000,3.0061,1.9813,0.4765,0.0921,4.3398,-0.3633,0.4201,5.1398,0.0000,3.0000
5.1398,832,5.2357,0.0000,3.0061,1.9813,0.4765,0.0922,4.3398,-0.3631,0.4202,5.1398,0.0000,3.0000
5.1398,833,5.2357,0.0000,3.0061,1.9813,0.4765,0.0922,4.3398,-0.3631,0.4202,5.1398,0.0000,3.0000
5.1398,834,5.2356,0.0000,3.0060,1.9812,0.4765,0.0922,4.3399,-0.3629,0.4202,5.1398,0.0000,3.0000
5.1398,835,5.2354,0.0000,3.0060,1.9812,0.4765,0.0923,4.3399,-0.3629,0.4203,5.1398,0.0000,3.0000
5.1398,836,5.2354,0.0000,3.0060,1.9812,0.4765,0.0923,4.3399,-0.3629,0.4203,5.1398,0.0000,3.0000
5.1398,837,5.2353,0.0000,3.0060,1.9812,0.4765,0.0923,4.3399,-0.3628,0.4202,5.1398,0.0000,3.0000
5.1398,838,5.2353,0.0000,3.0060,1.9812,0.4765,0.0923,4.3399,-0.3628,0.4202,5.1398,0.0000,3.0000
5.1398,839,5.2351,0.0000,3.0060,1.9812,0.4765,0.0924,4.3398,-0.3628,0.4203,5.1398,0.0000,3.0000
5.1398,840,5.2350,0.0000,3.0060,1.9811,0.4764,0.0924,4.3397,-0.3627,0.4203,5.1398,0.0000,3.0000
5.1398,841,5.2350,0.0000,3.0060,1.9811,0.4764,0.0924,4.3397,-0.3627,0.4203,5.1398,0.0000,3.0000
5.1398,842,5.2348,0.0000,3.0060,1.9812,0.4765,0.0924,4.3395,-0.3624,0.4203,5.1398,0.0000,3.0000
5.1398,843,5.2348,0.0000,3.0060,1.9812,0.4765,0.0924,4.3395,-0.3624,0.4203,5.1398,0.0000,3.0000
5.1398,844,5.2347,0.0000,3.0060,1.9812,0.4765,0.0924,4.3392,-0.3621,0.4203,5.1398,0.0000,3.0000
5.1398,845,5.2345,0.0000,3.0059,1.9812,0.4765,0.0923,4.3390,-0.3619,0.4202,5.1398,0.0000,3.0000
5.1398,846,5.2345,0.0000,3.0059,1.9812,0.4765,0.0923,4.3390,-0.3619,0.4202,5.1398,0.0000,3.0000
5.1398,847,5.2344,0.0000,3.0059,1.9813,0.4765,0.0923,4.3388,-0.3619,0.4202,5.1398,0.0000,3.0000
5.1398,848,5.2344,0.0000,3.0059,1.9813,0.4765,0.0923,4.3388,-0.3619,0.4202,5.1398,0.0000,3.0000
5.1398,849,5.2342,0.0000,3.0059,1.9813,0.4766,0.0922,4.3387,-0.3620,0.4202,5.1398,0.0000,3.0000
5.1398,850,5.2341,0.0000,3.0059,1.9813,0.4766,0.0922,4.3386,-0.3622,0.4202,5.1398,0.0000,3.0000
5.1398,851,5.2341,0.0000,3.0059,1.9813,0.4766,0.0922,4.3386,-0.3622,0.4202,5.1398,0.0000,3.0000
5.1398,852,5.2339,0.0000,3.0059,1.9813,0.4766,0.0921,4.3385,-0.3623,0.4202,5.1398,0.0000,3.0000
5.1398,853,5.2339,0.0000,3.0059,1.9813,0.4766,0.0921,4.3385,-0.3623,0.4202,5.1398,0.0000,3.0000
5.1398,854,5.2338,0.0000,3.0059,1.9813,0.4766,0.0922,4.3383,-0.3623,0.4202,5.1398,0.0000,3.0000
5.1398,855,5.2337,0.0000,3.0059,1.9815,0.4767,0.0921,4.3382,-0.3621,0.4202,5.1398,0.0000,3.0000
5.1398,856,5.2337,0.0000,3.0059,1.9815,0.4767,0.0921,4.3382,-0.3621,0.4202,5.1398,0.0000,3.0000
5.1398,857,5.2335,0.0000,3.0059,1.9816,0.4768,0.0921,4.3382,-0.3618,0.4202,5.1398,0.0000,3.0000
5.1398,858,5.2335,0.0000,3.0059,1.9816,0.4768,0.0921,4.3382,-0.3618,0.4202,5.1398,0.0000,3.0000
5.1398,859,5.2334,0.0000,3.0058,1.9817,0.4769,0.0920,4.3382,-0.3614,0.4202,5.1398,0.0000,3.0000
5.1398,860,5.2332,0.0000,3.0058,1.9817,0.4769,0.0920,4.3382,-0.3612,0.4202,5.1398,0.0000,3.0000
5.1398,861,5.2332,0.0000,3.0058,1.9817,0.4769,0.0920,4.3382,-0.3612,0.4202,5.1398,0.0000,3.0000
5.1398,862,5.2331,0.0000,3.0058,1.9816,0.4768,0.0920,4.3383,-0.3610,0.4202,5.1398,0.0000,3.0000
5.1398,863,5.2331,0.0000,3.0058,1.9816,0.4768,0.0920,4.3383,-0.3610,0.4202,5.1398,0.0000,3.0000
5.1398,864,5.2329,0.0000,3.0058,1.9816,0.4768,0.0919,4.3384,-0.3610,0.4203,5.1398,0.0000,3.0000
5.1398,865,5.2328,0.0000,3.0058,1.9816,0.4768,0.0919,4.3385,-0.3610,0.4203,5.1398,0.0000,3.0000
5.1398,866,5.2328,0.0000,3.0058,1.9816,0.4768,0.0919,4.3385,-0.3610,0.4203,5.1398,0.0000,3.0000
5.1398,867,5.2326,0.0000,3.0058,1.9817,0.4769,0.0918,4.3385,-0.3612,0.4203,5.1398,0.0000,3.0000
5.1398,868,5.2326,0.0000,3.0058,1.9817,0.4769,0.0918,4.3385,-0.3612,0.4203,5.1398,0.0000,3.0000
5.1398,869,5.2325,0.0000,3.0058,1.9818,0.4770,0.0916,4.3385,-0.3615,0.4202,5.1398,0.0000,3.0000
5.1398,870,5.2324,0.0000,3.0057,1.9818,0.4770,0.0916,4.3383,-0.3621,0.4202,5.1398,0.0000,3.0000
5.1398,871,5.2324,0.0000,3.0057,1.9818,0.4770,0.0916,4.3383,-0.3621,0.4202,5.1398,0.0000,3.0000
5.1398,872,5.2322,0.0000,3.0057,1.9818,0.4770,0.0917,4.3380,-0.3627,0.4201,5.1398,0.0000,3.0000
5.1398,873,5.2321,0.0000,3.0057,1.9819,0.4771,0.0917,4.3376,-0.3635,0.4200,5.1398,0.0000,3.0000
5.1398,874,5.2321,0.0000,3.0057,1.9819,0.4771,0.0917,4.3376,-0.3635,0.4200,5.1398,0.0000,3.0000
5.1398,875,5.2319,0.0000,3.0057,1.9819,0.4771,0.0918,4.3372,-0.3643,0.4200,5.1398,0.0000,3.0000
5.1398,876,5.2319,0.0000,3.0057,1.9819,0.4771,0.0918,4.3372,-0.3643,0.4200,5.1398,0.0000,3.0000
5.1398,877,5.2318,0.0000,3.0057,1.9818,0.4770,0.0919,4.3369,-0.3649,0.4199,5.1398,0.0000,3.0000
5.1398,878,5.2318,0.0000,3.0057,1.9818,0.4770,0.0919,4.3369,-0.3649,0.4199,5.1398,0.0000,3.0000
5.1398,879,5.2316,0.0000,3.0057,1.9815,0.4769,0.0921,4.3365,-0.3654,0.4199,5.1398,0.0000,3.0000
5.1398,880,5.2315,0.0000,3.0057,1.9813,0.4767,0.0922,4.3363,-0.3656,0.4199,5.1398,0.0000,3.0000
5.1398,881,5.2315,0.0000,3.0057,1.9813,0.4767,0.0922,4.3363,-0.3656,0.4199,5.1398,0.0000,3.0000
5.1398,882,5.2314,0.0000,3.0057,1.9811,0.4766,0.0923,4.3362,-0.3658,0.4199,5.1398,0.0000,3.0000
5.1398,883,5.2312,0.0000,3.0056,1.9811,0.4766,0.0924,4.3360,-0.3660,0.4198,5.1398,0.0000,3.0000
5.1398,884,5.2312,0.0000,3.0056,1.9811,0.4766,0.0924,4.3360,-0.3660,0.4198,5.1398,0.0000,3.0000
5.1398,885,5.2311,0.0000,3.0056,1.9810,0.4766,0.0924,4.3358,-0.3663,0.4199,5.1398,0.0000,3.0000
5.1398,886,5.2311,0.0000,3.0056,1.9810,0.4766,0.0924,4.3358,-0.3663,0.4199,5.1398,0.0000,3.0000
5.1398,887,5.2309,0.0000,3.0056,1.9810,0.4766,0.0924,4.3355,-0.3666,0.4198,5.1398,0.0000,3.0000
5.1398,888,5.2309,0.0000,3.0056,1.9810,0.4766,0.0924,4.3355,-0.3666,0.4198,5.1398,0.0000,3.0000
5.1398,889,5.2308,0.0000,3.0056,1.9811,0.4766,0.0923,4.3352,-0.3669,0.4198,5.1398,0.0000,3.0000
5.1398,890,5.2306,0.0000,3.0056,1.9812,0.4767,0.0923,4.3350,-0.3672,0.4197,5.1398,0.0000,3.0000
5.1398,891,5.2306,0.0000,3.0056,1.9812,0.4767,0.0923,4.3350,-0.3672,0.4197,5.1398,0.0000,3.0000
5.1398,892,5.2305,0.0000,3.0056,1.9814,0.4768,0.0922,4.3350,-0.3675,0.4197,5.1398,0.0000,3.0000
5.1398,893,5.2305,0.0000,3.0056,1.9814,0.4768,0.0922,4.3350,-0.3675,0.4197,5.1398,0.0000,3.0000
5.1398,894,5.2304,0.0000,3.0056,1.9815,0.4769,0.0921,4.3351,-0.3679,0.4197,5.1398,0.0000,3.0000
5.1398,895,5.2302,0.0000,3.0056,1.9816,0.4770,0.0920,4.3353,-0.3682,0.4197,5.1398,0.0000,3.0000
5.1398,896,5.2302,0.0000,3.0056,1.9816,0.4770,0.0920,4.3353,-0.3682,0.4197,5.1398,0.0000,3.0000
5.1398,897,5.2301,0.0000,3.0055,1.9816,0.4770,0.0920,4.3357,-0.3684,0.4197,5.1398,0.0000,3.0000
5.1398,898,5.2301,0.0000,3.0055,1.9816,0.4770,0.0920,4.3357,-0.3684,0.4197,5.1398,0.0000,3.0000
5.1398,899,5.2299,0.0000,3.0055,1.9816,0.4770,0.0920,4.3361,-0.3687,0.4197,5.1398,0.0000,3.0000
5.1398,900,5.2298,0.0000,3.0055,1.9816,0.4770,0.0919,4.3364,-0.3689,0.4198,5.1398,0.0000,3.0000
5.1398,901,5.2298,0.0000,3.0055,1.9816,0.4770,0.0919,4.3364,-0.3689,0.4198,5.1398,0.0000,3.0000
5.1398,902,5.2297,0.0000,3.0055,1.9818,0.4771,0.0919,4.3367,-0.3689,0.4199,5.1398,0.0000,3.0000
5.1398,903,5.2295,0.0000,3.0055,1.9819,0.4772,0.0918,4.3371,-0.3688,0.4198,5.1398,0.0000,3.0000
5.1398,904,5.2295,0.0000,3.0055,1.9819,0.4772,0.0918,4.3371,-0.3688,0.4198,5.1398,0.0000,3.0000
5.1398,905,5.2294,0.0000,3.0055,1.9820,0.4773,0.0917,4.3373,-0.3686,0.4200,5.1398,0.0000,3.0000
5.1398,906,5.2294,0.0000,3.0055,1.9820,0.4773,0.0917,4.3373,-0.3686,0.4200,5.1398,0.0000,3.0000
5.1398,907,5.2293,0.0000,3.0055,1.9821,0.4773,0.0916,4.3375,-0.3684,0.4200,5.1398,0.0000,3.0000
5.1398,908,5.2291,0.0000,3.0055,1.9822,0.4774,0.0916,4.3376,-0.3682,0.4200,5.1398,0.0000,3.0000
5.1398,909,5.2291,0.0000,3.0055,1.9822,0.4774,0.0916,4.3376,-0.3682,0.4200,5.1398,0.0000,3.0000
5.1398,910,5.2290,0.0000,3.0055,1.9823,0.4774,0.0915,4.3377,-0.3681,0.4199,5.1398,0.0000,3.0000
5.1398,911,5.2288,0.0000,3.0054,1.9824,0.4775,0.0914,4.3379,-0.3682,0.4199,5.1398,0.0000,3.0000
5.1398,912,5.2288,0.0000,3.0054,1.9824,0.4775,0.0914,4.3379,-0.3682,0.4199,5.1398,0.0000,3.0000
5.1398,913,5.2287,0.0000,3.0054,1.9823,0.4775,0.0914,4.3379,-0.3685,0.4200,5.1398,0.0000,3.0000
5.1398,914,5.2287,0.0000,3.0054,1.9823,0.4775,0.0914,4.3379,-0.3685,0.4200,5.1398,0.0000,3.0000
5.1398,915,5.2286,0.0000,3.0054,1.9823,0.4775,0.0914,4.3379,-0.3689,0.4199,5.1398,0.0000,3.0000
5.1398,916,5.2284,0.0000,3.0054,1.9824,0.4775,0.0914,4.3379,-0.3693,0.4199,5.1398,0.0000,3.0000
5.1398,917,5.2284,0.0000,3.0054,1.9824,0.4775,0.0914,4.3379,-0.3693,0.4199,5.1398,0.0000,3.0000
5.1398,918,5.2283,0.0000,3.0054,1.9824,0.4775,0.0914,4.3378,-0.3697,0.4199,5.1398,0.0000,3.0000
5.1398,919,5.2283,0.0000,3.0054,1.9824,0.4775,0.0914,4.3378,-0.3697,0.4199,5.1398,0.0000,3.0000
5.1398,920,5.2281,0.0000,3.0054,1.9825,0.4776,0.0913,4.3375,-0.3702,0.4198,5.1398,0.0000,3.0000
5.1398,921,5.2280,0.0000,3.0054,1.9826,0.4777,0.0912,4.3371,-0.3707,0.4197,5.1398,0.0000,3.0000
5.1398,922,5.2280,0.0000,3.0054,1.9826,0.4777,0.0912,4.3371,-0.3707,0.4197,5.1398,0.0000,3.0000
5.1398,923,5.2279,0.0000,3.0054,1.9827,0.4777,0.0911,4.3367,-0.3712,0.4197,5.1398,0.0000,3.0000
5.1398,924,5.2279,0.0000,3.0054,1.9827,0.4777,0.0911,4.3367,-0.3712,0.4197,5.1398,0.0000,3.0000
5.1398,925,5.2277,0.0000,3.0053,1.9829,0.4779,0.0909,4.3362,-0.3717,0.4196,5.1398,0.0000,3.0000
5.1398,926,5.2276,0.0000,3.0053,1.9831,0.4780,0.0908,4.3356,-0.3723,0.4195,5.1398,0.0000,3.0000
5.1398,927,5.2276,0.0000,3.0053,1.9831,0.4780,0.0908,4.3356,-0.3723,0.4195,5.1398,0.0000,3.0000
5.1398,928,5.2275,0.0000,3.0053,1.9833,0.4781,0.0907,4.3352,-0.3730,0.4194,5.1398,0.0000,3.0000
5.1398,929,5.2275,0.0000,3.0053,1.9833,0.4781,0.0907,4.3352,-0.3730,0.4194,5.1398,0.0000,3.0000
5.1398,930,5.2273,0.0000,3.0053,1.9834,0.4782,0.0906,4.3348,-0.3736,0.4193,5.1398,0.0000,3.0000
5.1398,931,5.2272,0.0000,3.0053,1.9835,0.4783,0.0905,4.3344,-0.3741,0.4193,5.1398,0.0000,3.0000
5.1398,932,5.2272,0.0000,3.0053,1.9835,0.4783,0.0905,4.3344,-0.3741,0.4193,5.1398,0.0000,3.0000
5.1398,933,5.2270,0.0000,3.0053,1.9838,0.4785,0.0903,4.3341,-0.3744,0.4193,5.1398,0.0000,3.0000
5.1398,934,5.2270,0.0000,3.0053,1.9838,0.4785,0.0903,4.3341,-0.3744,0.4193,5.1398,0.0000,3.0000
5.1398,935,5.2269,0.0000,3.0053,1.9840,0.4786,0.0901,4.3338,-0.3746,0.4195,5.1398,0.0000,3.0000
5.1398,936,5.2268,0.0000,3.0053,1.9841,0.4787,0.0899,4.3335,-0.3746,0.4195,5.1398,0.0000,3.0000
5.1398,937,5.2268,0.0000,3.0053,1.9841,0.4787,0.0899,4.3335,-0.3746,0.4195,5.1398,0.0000,3.0000
5.1398,938,5.2266,0.0000,3.0053,1.9843,0.4788,0.0898,4.3332,-0.3744,0.4194,5.1398,0.0000,3.0000
5.1398,939,5.2265,0.0000,3.0052,1.9845,0.4789,0.0896,4.3331,-0.3742,0.4194,5.1398,0.0000,3.0000
5.1398,940,5.2265,0.0000,3.0052,1.9845,0.4789,0.0896,4.3331,-0.3742,0.4194,5.1398,0.0000,3.0000
5.1398,941,5.2264,0.0000,3.0052,1.9846,0.4790,0.0895,4.3330,-0.3739,0.4195,5.1398,0.0000,3.0000
5.1398,942,5.2264,0.0000,3.0052,1.9846,0.4790,0.0895,4.3330,-0.3739,0.4195,5.1398,0.0000,3.0000
5.1398,943,5.2262,0.0000,3.0052,1.9847,0.4791,0.0894,4.3329,-0.3735,0.4196,5.1398,0.0000,3.0000
5.1398,944,5.2262,0.0000,3.0052,1.9847,0.4791,0.0894,4.3329,-0.3735,0.4196,5.1398,0.0000,3.0000
5.1398,945,5.2261,0.0000,3.0052,1.9847,0.4791,0.0894,4.3329,-0.3731,0.4196,5.1398,0.0000,3.0000
5.1398,946,5.2261,0.0000,3.0052,1.9848,0.4791,0.0894,4.3329,-0.3728,0.4196,5.1398,0.0000,3.0000
5.1398,947,5.2260,0.0000,3.0052,1.9848,0.4791,0.0894,4.3329,-0.3728,0.4196,5.1398,0.0000,3.0000
5.1398,948,5.2258,0.0000,3.0052,1.9848,0.4791,0.0893,4.3330,-0.3724,0.4196,5.1398,0.0000,3.0000
5.1398,949,5.2258,0.0000,3.0052,1.9848,0.4791,0.0893,4.3330,-0.3724,0.4196,5.1398,0.0000,3.0000
5.1398,950,5.2257,0.0000,3.0052,1.9849,0.4792,0.0892,4.3332,-0.3724,0.4196,5.1398,0.0000,3.0000
5.1398,951,5.2257,0.0000,3.0052,1.9849,0.4792,0.0892,4.3332,-0.3724,0.4196,5.1398,0.0000,3.0000
5.1398,952,5.2256,0.0000,3.0052,1.9849,0.4792,0.0891,4.3334,-0.3726,0.4196,5.1398,0.0000,3.0000
5.1398,953,5.2256,0.0000,3.0052,1.9851,0.4793,0.0890,4.3334,-0.3726,0.4196,5.1398,0.0000,3.0000
5.1398,954,5.2254,0.0000,3.0051,1.9851,0.4793,0.0890,4.3336,-0.3731,0.4196,5.1398,0.0000,3.0000
5.1398,955,5.2253,0.0000,3.0051,1.9852,0.4794,0.0889,4.3338,-0.3736,0.4196,5.1398,0.0000,3.0000
5.1398,956,5.2253,0.0000,3.0051,1.9852,0.4794,0.0889,4.3338,-0.3736,0.4196,5.1398,0.0000,3.0000
5.1398,957,5.2252,0.0000,3.0051,1.9853,0.4795,0.0888,4.3339,-0.3740,0.4196,5.1398,0.0000,3.0000
5.1398,958,5.2252,0.0000,3.0051,1.9853,0.4795,0.0888,4.3339,-0.3740,0.4196,5.1398,0.0000,3.0000
5.1398,959,5.2250,0.0000,3.0051,1.9854,0.4796,0.0887,4.3339,-0.3745,0.4196,5.1398,0.0000,3.0000
5.1398,960,5.2249,0.0000,3.0051,1.9855,0.4796,0.0886,4.3338,-0.3748,0.4196,5.1398,0.0000,3.0000
5.1398,961,5.2249,0.0000,3.0051,1.9855,0.4796,0.0886,4.3338,-0.3748,0.4196,5.1398,0.0000,3.0000
5.1398,962,5.2248,0.0000,3.0051,1.9855,0.4796,0.0886,4.3336,-0.3749,0.4196,5.1398,0.0000,3.0000
5.1398,963,5.2246,0.0000,3.0051,1.9856,0.4797,0.0885,4.3334,-0.3749,0.4195,5.1398,0.0000,3.0000
5.1398,964,5.2246,0.0000,3.0051,1.9856,0.4797,0.0885,4.3334,-0.3749,0.4195,5.1398,0.0000,3.0000
5.1398,965,5.2245,0.0000,3.0051,1.9857,0.4797,0.0884,4.3333,-0.3750,0.4195,5.1398,0.0000,3.0000
5.1398,966,5.2245,0.0000,3.0051,1.9858,0.4798,0.0883,4.3333,-0.3750,0.4195,5.1398,0.0000,3.0000
5.1398,967,5.2244,0.0000,3.0051,1.9858,0.4798,0.0883,4.3331,-0.3751,0.4195,5.1398,0.0000,3.0000
5.1398,968,5.2242,0.0000,3.0050,1.9861,0.4800,0.0880,4.3330,-0.3752,0.4195,5.1398,0.0000,3.0000
5.1398,969,5.2242,0.0000,3.0050,1.9861,0.4800,0.0880,4.3330,-0.3752,0.4195,5.1398,0.0000,3.0000
5.1398,970,5.2241,0.0000,3.0050,1.9864,0.4803,0.0877,4.3329,-0.3753,0.4194,5.1398,0.0000,3.0000
5.1398,971,5.2240,0.0000,3.0050,1.9868,0.4805,0.0875,4.3328,-0.3755,0.4194,5.1398,0.0000,3.0000
5.1398,972,5.2240,0.0000,3.0050,1.9868,0.4805,0.0875,4.3328,-0.3755,0.4194,5.1398,0.0000,3.0000
5.1398,973,5.2239,0.0000,3.0050,1.9870,0.4806,0.0872,4.3326,-0.3758,0.4194,5.1398,0.0000,3.0000
5.1398,974,5.2239,0.0000,3.0050,1.9870,0.4806,0.0872,4.3326,-0.3758,0.4194,5.1398,0.0000,3.0000
5.1398,975,5.2237,0.0000,3.0050,1.9871,0.4807,0.0870,4.3323,-0.3761,0.4193,5.1398,0.0000,3.0000
5.1398,976,5.2236,0.0000,3.0050,1.9873,0.4808,0.0868,4.3320,-0.3764,0.4193,5.1398,0.0000,3.0000
5.1398,977,5.2236,0.0000,3.0050,1.9873,0.4808,0.0868,4.3320,-0.3764,0.4193,5.1398,0.0000,3.0000
5.1398,978,5.2235,0.0000,3.0050,1.9875,0.4809,0.0866,4.3319,-0.3766,0.4193,5.1398,0.0000,3.0000
5.1398,979,5.2235,0.0000,3.0050,1.9877,0.4811,0.0864,4.3319,-0.3766,0.4193,5.1398,0.0000,3.0000
5.1398,980,5.2233,0.0000,3.0050,1.9877,0.4811,0.0864,4.3318,-0.3767,0.4193,5.1398,0.0000,3.0000
5.1398,981,5.2232,0.0000,3.0050,1.9877,0.4811,0.0864,4.3316,-0.3767,0.4193,5.1398,0.0000,3.0000
5.1398,982,5.2232,0.0000,3.0050,1.9877,0.4811,0.0864,4.3316,-0.3767,0.4193,5.1398,0.0000,3.0000
5.1398,983,5.2231,0.0000,3.0050,1.9878,0.4812,0.0863,4.3315,-0.3767,0.4193,5.1398,0.0000,3.0000
5.1398,984,5.2229,0.0000,3.0049,1.9881,0.4813,0.0861,4.3314,-0.3768,0.4192,5.1398,0.0000,3.0000
5.1398,985,5.2229,0.0000,3.0049,1.9881,0.4813,0.0861,4.3314,-0.3768,0.4192,5.1398,0.0000,3.0000
5.1398,986,5.2228,0.0000,3.0049,1.9884,0.4816,0.0857,4.3313,-0.3769,0.4193,5.1398,0.0000,3.0000
5.1398,987,5.2228,0.0000,3.0049,1.9884,0.4816,0.0857,4.3313,-0.3769,0.4193,5.1398,0.0000,3.0000
5.1398,988,5.2227,0.0000,3.0049,1.9888,0.4818,0.0855,4.3311,-0.3769,0.4192,5.1398,0.0000,3.0000
5.1398,989,5.2227,0.0000,3.0049,1.9888,0.4818,0.0855,4.3311,-0.3769,0.4192,5.1398,0.0000,3.0000
5.1398,990,5.2226,0.0000,3.0049,1.9890,0.4820,0.0852,4.3309,-0.3768,0.4193,5.1398,0.0000,3.0000
5.1398,991,5.2224,0.0000,3.0049,1.9893,0.4822,0.0849,4.3308,-0.3766,0.4192,5.1398,0.0000,3.0000
5.1398,992,5.2224,0.0000,3.0049,1.9893,0.4822,0.0849,4.3308,-0.3766,0.4192,5.1398,0.0000,3.0000
5.1398,993,5.2223,0.0000,3.0049,1.9897,0.4824,0.0845,4.3307,-0.3765,0.4193,5.1398,0.0000,3.0000
5.1398,994,5.2222,0.0000,3.0049,1.9901,0.4827,0.0841,4.3304,-0.3763,0.4193,5.1398,0.0000,3.0000
5.1398,995,5.2222,0.0000,3.0049,1.9901,0.4827,0.0841,4.3304,-0.3763,0.4193,5.1398,0.0000,3.0000
5.1398,996,5.2220,0.0000,3.0049,1.9904,0.4829,0.0837,4.3300,-0.3760,0.4193,5.1398,0.0000,3.0000
5.1398,997,5.2219,0.0000,3.0049,1.9907,0.4831,0.0833,4.3296,-0.3756,0.4193,5.1398,0.0000,3.0000
5.1398,998,5.2219,0.0000,3.0049,1.9907,0.4831,0.0833,4.3296,-0.3756,0.4193,5.1398,0.0000,3.0000
5.1398,999,5.2218,0.0000,3.0048,1.9909,0.4833,0.0831,4.3293,-0.3751,0.4193,5.1398,0.0000,3.0000
5.1398,1000,5.2218,0.0000,3.0048,1.9909,0.4833,0.0831,4.3293,-0.3751,0.4193,5.1398,0.0000,3.0000
5.1398,1001,5.2216,0.0000,3.0048,1.9912,0.4835,0.0829,4.3291,-0.3747,0.4193,5.1398,0.0000,3.0000
5.1398,1002,5.2215,0.0000,3.0048,1.9915,0.4837,0.0826,4.3292,-0.3743,0.4194,5.1398,0.0000,3.0000
5.1398,1003,5.2215,0.0000,3.0048,1.9915,0.4837,0.0826,4.3292,-0.3743,0.4194,5.1398,0.0000,3.0000
5.1398,1004,5.2214,0.0000,3.0048,1.9917,0.4838,0.0824,4.3294,-0.3742,0.4194,5.1398,0.0000,3.0000
5.1398,1005,5.2213,0.0000,3.0048,1.9918,0.4839,0.0823,4.3295,-0.3741,0.4194,5.1398,0.0000,3.0000
5.1398,1006,5.2213,0.0000,3.0048,1.9918,0.4839,0.0823,4.3295,-0.3741,0.4194,5.1398,0.0000,3.0000
5.1398,1007,5.2211,0.0000,3.0048,1.9920,0.4840,0.0821,4.3295,-0.3739,0.4195,5.1398,0.0000,3.0000
5.1398,1008,5.2211,0.0000,3.0048,1.9920,0.4840,0.0821,4.3295,-0.3739,0.4195,5.1398,0.0000,3.0000
5.1398,1009,5.2211,0.0000,3.0048,1.9920,0.4840,0.0821,4.3295,-0.3739,0.4195,5.1398,0.0000,3.0000
5.1398,1010,5.2211,0.0000,3.0048,1.9920,0.4840,0.0821,4.3295,-0.3739,0.4195,5.1398,0.0000,3.0000
5.1398,1011,5.2210,0.0000,3.0048,1.9920,0.4840,0.0821,4.3295,-0.3736,0.4195,5.1398,0.0000,3.0000
5.1398,1012,5.2209,0.0000,3.0048,1.9921,0.4841,0.0819,4.3294,-0.3732,0.4195,5.1398,0.0000,3.0000
5.1398,1013,5.2209,0.0000,3.0048,1.9921,0.4841,0.0819,4.3294,-0.3732,0.4195,5.1398,0.0000,3.0000
5.1398,1014,5.2207,0.0000,3.0048,1.9921,0.4841,0.0818,4.3293,-0.3727,0.4196,5.1398,0.0000,3.0000
5.1398,1015,5.2207,0.0000,3.0048,1.9921,0.4841,0.0818,4.3293,-0.3727,0.4196,5.1398,0.0000,3.0000
5.1398,1016,5.2206,0.0000,3.0048,1.9921,0.4841,0.0817,4.3292,-0.3722,0.4196,5.1398,0.0000,3.0000
5.1398,1017,5.2205,0.0000,3.0048,1.9923,0.4843,0.0815,4.3290,-0.3717,0.4196,5.1398,0.0000,3.0000
5.1398,1018,5.2205,0.0000,3.0048,1.9923,0.4843,0.0815,4.3290,-0.3717,0.4196,5.1398,0.0000,3.0000
5.1398,1019,5.2203,0.0000,3.0047,1.9927,0.4845,0.0811,4.3290,-0.3712,0.4196,5.1398,0.0000,3.0000
5.1398,1020,5.2203,0.0000,3.0047,1.9927,0.4845,0.0811,4.3290,-0.3712,0.4196,5.1398,0.0000,3.0000
5.1398,1021,5.2202,0.0000,3.0047,1.9931,0.4848,0.0806,4.3290,-0.3708,0.4196,5.1398,0.0000,3.0000
5.1398,1022,5.2201,0.0000,3.0047,1.9936,0.4851,0.0800,4.3290,-0.3706,0.4196,5.1398,0.0000,3.0000
5.1398,1023,5.2201,0.0000,3.0047,1.9936,0.4851,0.0800,4.3290,-0.3706,0.4196,5.1398,0.0000,3.0000
5.1398,1024,5.2200,0.0000,3.0047,1.9943,0.4856,0.0791,4.3291,-0.3707,0.4196,5.1398,0.0000,3.0000
5.1398,1025,5.2200,0.0000,3.0047,1.9943,0.4856,0.0791,4.3291,-0.3707,0.4196,5.1398,0.0000,3.0000
5.1398,1026,5.2198,0.0000,3.0047,1.9950,0.4860,0.0783,4.3291,-0.3708,0.4196,5.1398,0.0000,3.0000
5.1398,1027,5.2197,0.0000,3.0047,1.9958,0.4865,0.0774,4.3291,-0.3711,0.4196,5.1398,0.0000,3.0000
5.1398,1028,5.2197,0.0000,3.0047,1.9958,0.4865,0.0774,4.3291,-0.3711,0.4196,5.1398,0.0000,3.0000
5.1398,1029,5.2196,0.0000,3.0047,1.9965,0.4870,0.0764,4.3290,-0.3714,0.4195,5.1398,0.0000,3.0000
5.1398,1030,5.2196,0.0000,3.0047,1.9965,0.4870,0.0764,4.3290,-0.3714,0.4195,5.1398,0.0000,3.0000
5.1398,1031,5.2194,0.0000,3.0047,1.9973,0.4875,0.0754,4.3288,-0.3719,0.4195,5.1398,0.0000,3.0000
5.1398,1032,5.2193,0.0000,3.0047,1.9982,0.4881,0.0742,4.3286,-0.3722,0.4194,5.1398,0.0000,3.0000
5.1398,1033,5.2193,0.0000,3.0047,1.9982,0.4881,0.0742,4.3286,-0.3722,0.4194,5.1398,0.0000,3.0000
5.1398,1034,5.2192,0.0000,3.0047,1.9991,0.4887,0.0731,4.3284,-0.3726,0.4194,5.1398,0.0000,3.0000
5.1398,1035,5.2191,0.0000,3.0046,1.9998,0.4895,0.0731,4.3282,-0.3729,0.4194,5.1398,0.0000,3.0000
5.1398,1036,5.2191,0.0000,3.0046,1.9998,0.4895,0.0731,4.3282,-0.3729,0.4194,5.1398,0.0000,3.0000
5.1398,1037,5.2189,0.0000,3.0046,2.0004,0.4903,0.0732,4.3280,-0.3730,0.4194,5.1398,0.0000,3.0000
5.1398,1038,5.2189,0.0000,3.0046,2.0010,0.4910,0.0731,4.3280,-0.3730,0.4194,5.1398,0.0000,3.0000
5.1398,1039,5.2188,0.0000,3.0046,2.0010,0.4910,0.0731,4.3279,-0.3732,0.4193,5.1398,0.0000,3.0000
5.1398,1040,5.2187,0.0000,3.0046,2.0017,0.4918,0.0730,4.3278,-0.3733,0.4193,5.1398,0.0000,3.0000
5.1398,1041,5.2187,0.0000,3.0046,2.0017,0.4918,0.0730,4.3278,-0.3733,0.4193,5.1398,0.0000,3.0000
5.1398,1042,5.2186,0.0000,3.0046,2.0025,0.4926,0.0727,4.3276,-0.3736,0.4192,5.1398,0.0000,3.0000
5.1398,1043,5.2185,0.0000,3.0046,2.0035,0.4935,0.0719,4.3275,-0.3739,0.4192,5.1398,0.0000,3.0000
5.1398,1044,5.2185,0.0000,3.0046,2.0035,0.4935,0.0719,4.3275,-0.3739,0.4192,5.1398,0.0000,3.0000
5.1398,1045,5.2183,0.0000,3.0046,2.0042,0.4943,0.0716,4.3273,-0.3746,0.4191,5.1398,0.0000,3.0000
5.1398,1046,5.2183,0.0000,3.0046,2.0042,0.4943,0.0716,4.3273,-0.3746,0.4191,5.1398,0.0000,3.0000
5.1398,1047,5.2182,0.0000,3.0046,2.0048,0.4950,0.0715,4.3272,-0.3754,0.4190,5.1398,0.0000,3.0000
5.1398,1048,5.2181,0.0000,3.0046,2.0052,0.4955,0.0714,4.3270,-0.3762,0.4189,5.1398,0.0000,3.0000
5.1398,1049,5.2181,0.0000,3.0046,2.0052,0.4955,0.0714,4.3270,-0.3762,0.4189,5.1398,0.0000,3.0000
5.1398,1050,5.2180,0.0000,3.0045,2.0057,0.4959,0.0710,4.3267,-0.3770,0.4189,5.1398,0.0000,3.0000
5.1398,1051,5.2180,0.0000,3.0045,2.0057,0.4959,0.0710,4.3267,-0.3770,0.4189,5.1398,0.0000,3.0000
5.1398,1052,5.2179,0.0000,3.0045,2.0060,0.4963,0.0708,4.3266,-0.3777,0.4188,5.1398,0.0000,3.0000
5.1398,1053,5.2177,0.0000,3.0045,2.0061,0.4964,0.0710,4.3265,-0.3783,0.4187,5.1398,0.0000,3.0000
5.1398,1054,5.2177,0.0000,3.0045,2.0061,0.4964,0.0710,4.3265,-0.3783,0.4187,5.1398,0.0000,3.0000
5.1398,1055,5.2176,0.0000,3.0045,2.0059,0.4963,0.0712,4.3266,-0.3788,0.4187,5.1398,0.0000,3.0000
5.1398,1056,5.2175,0.0000,3.0045,2.0056,0.4962,0.0716,4.3267,-0.3792,0.4188,5.1398,0.0000,3.0000
5.1398,1057,5.2175,0.0000,3.0045,2.0056,0.4962,0.0716,4.3267,-0.3792,0.4188,5.1398,0.0000,3.0000
5.1398,1058,5.2174,0.0000,3.0045,2.0049,0.4959,0.0723,4.3267,-0.3796,0.4186,5.1398,0.0000,3.0000
5.1398,1059,5.2174,0.0000,3.0045,2.0049,0.4959,0.0723,4.3267,-0.3796,0.4186,5.1398,0.0000,3.0000
5.1398,1060,5.2173,0.0000,3.0045,2.0044,0.4958,0.0717,4.3267,-0.3799,0.4187,5.1398,0.0000,3.0000
5.1398,1061,5.2171,0.0000,3.0045,2.0046,0.4958,0.0718,4.3267,-0.3803,0.4186,5.1398,0.0000,3.0000
5.1398,1062,5.2171,0.0000,3.0045,2.0046,0.4958,0.0718,4.3267,-0.3803,0.4186,5.1398,0.0000,3.0000
5.1398,1063,5.2170,0.0000,3.0045,2.0056,0.4962,0.0716,4.3267,-0.3806,0.4186,5.1398,0.0000,3.0000
5.1398,1064,5.2169,0.0000,3.0045,2.0073,0.4972,0.0698,4.3267,-0.3807,0.4187,5.1398,0.0000,3.0000
5.1398,1065,5.2169,0.0000,3.0045,2.0073,0.4972,0.0698,4.3267,-0.3807,0.4187,5.1398,0.0000,3.0000
5.1398,1066,5.2168,0.0000,3.0045,2.0089,0.4991,0.0659,4.3265,-0.3807,0.4188,5.1398,0.0000,3.0000
5.1398,1067,5.2167,0.0000,3.0044,2.0115,0.5026,0.0630,4.3263,-0.3807,0.4186,5.1398,0.0000,3.0000
5.1398,1068,5.2167,0.0000,3.0044,2.0115,0.5026,0.0630,4.3263,-0.3807,0.4186,5.1398,0.0000,3.0000
5.1398,1069,5.2165,0.0000,3.0044,2.0142,0.5060,0.0607,4.3260,-0.3807,0.4187,5.1398,0.0000,3.0000
5.1398,1070,5.2165,0.0000,3.0044,2.0142,0.5060,0.0607,4.3260,-0.3807,0.4187,5.1398,0.0000,3.0000
5.1398,1071,5.2164,0.0000,3.0044,2.0164,0.5081,0.0601,4.3256,-0.3806,0.4186,5.1398,0.0000,3.0000
5.1398,1072,5.2164,0.0000,3.0044,2.0164,0.5081,0.0601,4.3256,-0.3806,0.4186,5.1398,0.0000,3.0000
5.1398,1073,5.2163,0.0000,3.0044,2.0183,0.5094,0.0606,4.3252,-0.3805,0.4186,5.1398,0.0000,3.0000
5.1398,1074,5.2163,0.0000,3.0044,2.0183,0.5094,0.0606,4.3252,-0.3805,0.4186,5.1398,0.0000,3.0000
5.1398,1075,5.2162,0.0000,3.0044,2.0193,0.5096,0.0618,4.3250,-0.3803,0.4186,5.1398,0.0000,3.0000
5.1398,1076,5.2161,0.0000,3.0044,2.0196,0.5094,0.0631,4.3249,-0.3802,0.4186,5.1398,0.0000,3.0000
5.1398,1077,5.2161,0.0000,3.0044,2.0196,0.5094,0.0631,4.3249,-0.3802,0.4186,5.1398,0.0000,3.0000
5.1398,1078,5.2160,0.0000,3.0044,2.0199,0.5089,0.0648,4.3249,-0.3801,0.4186,5.1398,0.0000,3.0000
5.1398,1079,5.2158,0.0000,3.0044,2.0203,0.5084,0.0670,4.3250,-0.3801,0.4186,5.1398,0.0000,3.0000
5.1398,1080,5.2158,0.0000,3.0044,2.0203,0.5084,0.0670,4.3250,-0.3801,0.4186,5.1398,0.0000,3.0000
5.1398,1081,5.2157,0.0000,3.0044,2.0208,0.5091,0.0676,4.3251,-0.3802,0.4185,5.1398,0.0000,3.0000
5.1398,1082,5.2157,0.0000,3.0044,2.0208,0.5091,0.0676,4.3251,-0.3802,0.4185,5.1398,0.0000,3.0000
5.1398,1083,5.2156,0.0000,3.0044,2.0213,0.5107,0.0659,4.3253,-0.3805,0.4186,5.1398,0.0000,3.0000
5.1398,1084,5.2155,0.0000,3.0044,2.0217,0.5124,0.0609,4.3255,-0.3808,0.4186,5.1398,0.0000,3.0000
5.1398,1085,5.2155,0.0000,3.0044,2.0217,0.5124,0.0609,4.3255,-0.3808,0.4186,5.1398,0.0000,3.0000
5.1398,1086,5.2154,0.0000,3.0043,2.0203,0.5139,0.0578,4.3256,-0.3811,0.4185,5.1398,0.0000,3.0000
5.1398,1087,5.2153,0.0000,3.0043,2.0197,0.5127,0.0574,4.3255,-0.3813,0.4185,5.1398,0.0000,3.0000
5.1398,1088,5.2153,0.0000,3.0043,2.0197,0.5127,0.0574,4.3255,-0.3813,0.4185,5.1398,0.0000,3.0000
5.1398,1089,5.2152,0.0000,3.0043,2.0190,0.5107,0.0571,4.3255,-0.3816,0.4185,5.1398,0.0000,3.0000
5.1398,1090,5.2150,0.0000,3.0043,2.0189,0.5102,0.0570,4.3254,-0.3816,0.4186,5.1398,0.0000,3.0000
5.1398,1091,5.2150,0.0000,3.0043,2.0189,0.5102,0.0570,4.3254,-0.3816,0.4186,5.1398,0.0000,3.0000
5.1398,1092,5.2149,0.0000,3.0043,2.0188,0.5102,0.0570,4.3253,-0.3817,0.4185,5.1398,0.0000,3.0000
5.1398,1093,5.2149,0.0000,3.0043,2.0188,0.5102,0.0570,4.3253,-0.3817,0.4185,5.1398,0.0000,3.0000
5.1398,1094,5.2148,0.0000,3.0043,2.0188,0.5102,0.0570,4.3254,-0.3819,0.4185,5.1398,0.0000,3.0000
5.1398,1095,5.2147,0.0000,3.0043,2.0186,0.5099,0.0572,4.3255,-0.3821,0.4185,5.1398,0.0000,3.0000
5.1398,1096,5.2147,0.0000,3.0043,2.0186,0.5099,0.0572,4.3255,-0.3821,0.4185,5.1398,0.0000,3.0000
5.1398,1097,5.2146,0.0000,3.0043,2.0187,0.5100,0.0571,4.3257,-0.3823,0.4185,5.1398,0.0000,3.0000
5.1398,1098,5.2146,0.0000,3.0043,2.0187,0.5100,0.0571,4.3257,-0.3823,0.4185,5.1398,0.0000,3.0000
5.1398,1099,5.2145,0.0000,3.0043,2.0189,0.5102,0.0570,4.3260,-0.3826,0.4185,5.1398,0.0000,3.0000
5.1398,1100,5.2143,0.0000,3.0043,2.0189,0.5103,0.0570,4.3264,-0.3828,0.4185,5.1398,0.0000,3.0000
5.1398,1101,5.2143,0.0000,3.0043,2.0189,0.5103,0.0570,4.3264,-0.3828,0.4185,5.1398,0.0000,3.0000
5.1398,1102,5.2142,0.0000,3.0043,2.0189,0.5102,0.0570,4.3267,-0.3830,0.4186,5.1398,0.0000,3.0000
5.1398,1103,5.2141,0.0000,3.0042,2.0191,0.5104,0.0575,4.3270,-0.3831,0.4185,5.1398,0.0000,3.0000
5.1398,1104,5.2141,0.0000,3.0042,2.0191,0.5104,0.0575,4.3270,-0.3831,0.4185,5.1398,0.0000,3.0000
5.1398,1105,5.2140,0.0000,3.0042,2.0194,0.5104,0.0583,4.3273,-0.3833,0.4186,5.1398,0.0000,3.0000
5.1398,1106,5.2139,0.0000,3.0042,2.0196,0.5103,0.0590,4.3277,-0.3835,0.4186,5.1398,0.0000,3.0000
5.1398,1107,5.2139,0.0000,3.0042,2.0196,0.5103,0.0590,4.3277,-0.3835,0.4186,5.1398,0.0000,3.0000
5.1398,1108,5.2138,0.0000,3.0042,2.0194,0.5102,0.0595,4.3280,-0.3836,0.4187,5.1398,0.0000,3.0000
5.1398,1109,5.2138,0.0000,3.0042,2.0194,0.5102,0.0595,4.3280,-0.3836,0.4187,5.1398,0.0000,3.0000
5.1398,1110,5.2137,0.0000,3.0042,2.0190,0.5102,0.0592,4.3281,-0.3837,0.4187,5.1398,0.0000,3.0000
5.1398,1111,5.2135,0.0000,3.0042,2.0188,0.5104,0.0587,4.3281,-0.3836,0.4187,5.1398,0.0000,3.0000
5.1398,1112,5.2135,0.0000,3.0042,2.0188,0.5104,0.0587,4.3281,-0.3836,0.4187,5.1398,0.0000,3.0000
5.1398,1113,5.2134,0.0000,3.0042,2.0191,0.5106,0.0582,4.3282,-0.3834,0.4188,5.1398,0.0000,3.0000
5.1398,1114,5.2133,0.0000,3.0042,2.0195,0.5110,0.0578,4.3283,-0.3832,0.4188,5.1398,0.0000,3.0000
5.1398,1115,5.2133,0.0000,3.0042,2.0195,0.5110,0.0578,4.3283,-0.3832,0.4188,5.1398,0.0000,3.0000
5.1398,1116,5.2132,0.0000,3.0042,2.0199,0.5111,0.0571,4.3284,-0.3831,0.4189,5.1398,0.0000,3.0000
5.1398,1117,5.2132,0.0000,3.0042,2.0199,0.5110,0.0570,4.3284,-0.3831,0.4189,5.1398,0.0000,3.0000
5.1398,1118,5.2131,0.0000,3.0042,2.0199,0.5110,0.0570,4.3287,-0.3831,0.4189,5.1398,0.0000,3.0000
5.1398,1119,5.2130,0.0000,3.0042,2.0194,0.5101,0.0575,4.3288,-0.3831,0.4189,5.1398,0.0000,3.0000
5.1398,1120,5.2130,0.0000,3.0042,2.0194,0.5101,0.0575,4.3288,-0.3831,0.4189,5.1398,0.0000,3.0000
5.1398,1121,5.2129,0.0000,3.0041,2.0187,0.5096,0.0579,4.3288,-0.3831,0.4189,5.1398,0.0000,3.0000
5.1398,1122,5.2128,0.0000,3.0041,2.0183,0.5093,0.0582,4.3288,-0.3833,0.4189,5.1398,0.0000,3.0000
5.1398,1123,5.2128,0.0000,3.0041,2.0183,0.5093,0.0582,4.3288,-0.3833,0.4189,5.1398,0.0000,3.0000
5.1398,1124,5.2126,0.0000,3.0041,2.0185,0.5095,0.0579,4.3286,-0.3834,0.4189,5.1398,0.0000,3.0000
5.1398,1125,5.2125,0.0000,3.0041,2.0190,0.5100,0.0573,4.3283,-0.3835,0.4188,5.1398,0.0000,3.0000
5.1398,1126,5.2125,0.0000,3.0041,2.0190,0.5100,0.0573,4.3283,-0.3835,0.4188,5.1398,0.0000,3.0000
5.1398,1127,5.2124,0.0000,3.0041,2.0193,0.5103,0.0570,4.3280,-0.3836,0.4188,5.1398,0.0000,3.0000
5.1398,1128,5.2123,0.0000,3.0041,2.0193,0.5103,0.0570,4.3277,-0.3836,0.4188,5.1398,0.0000,3.0000
5.1398,1129,5.2123,0.0000,3.0041,2.0193,0.5103,0.0570,4.3277,-0.3836,0.4188,5.1398,0.0000,3.0000
5.1398,1130,5.2122,0.0000,3.0041,2.0193,0.5103,0.0570,4.3274,-0.3836,0.4188,5.1398,0.0000,3.0000
5.1398,1131,5.2121,0.0000,3.0041,2.0193,0.5103,0.0570,4.3270,-0.3835,0.4187,5.1398,0.0000,3.0000
5.1398,1132,5.2121,0.0000,3.0041,2.0193,0.5103,0.0570,4.3270,-0.3835,0.4187,5.1398,0.0000,3.0000
5.1398,1133,5.2120,0.0000,3.0041,2.0193,0.5104,0.0570,4.3266,-0.3836,0.4187,5.1398,0.0000,3.0000
5.1398,1134,5.2120,0.0000,3.0041,2.0193,0.5104,0.0570,4.3266,-0.3836,0.4187,5.1398,0.0000,3.0000
5.1398,1135,5.2119,0.0000,3.0041,2.0193,0.5103,0.0570,4.3261,-0.3836,0.4187,5.1398,0.0000,3.0000
5.1398,1136,5.2117,0.0000,3.0041,2.0193,0.5103,0.0570,4.3258,-0.3835,0.4186,5.1398,0.0000,3.0000
5.1398,1137,5.2117,0.0000,3.0041,2.0193,0.5103,0.0570,4.3258,-0.3835,0.4186,5.1398,0.0000,3.0000
5.1398,1138,5.2116,0.0000,3.0040,2.0193,0.5104,0.0570,4.3255,-0.3833,0.4187,5.1398,0.0000,3.0000
5.1398,1139,5.2116,0.0000,3.0040,2.0193,0.5104,0.0570,4.3255,-0.3833,0.4187,5.1398,0.0000,3.0000
5.1398,1140,5.2115,0.0000,3.0040,2.0193,0.5104,0.0570,4.3251,-0.3832,0.4187,5.1398,0.0000,3.0000
5.1398,1141,5.2114,0.0000,3.0040,2.0193,0.5104,0.0570,4.3247,-0.3830,0.4187,5.1398,0.0000,3.0000
5.1398,1142,5.2114,0.0000,3.0040,2.0193,0.5104,0.0570,4.3247,-0.3830,0.4187,5.1398,0.0000,3.0000
5.1398,1143,5.2113,0.0000,3.0040,2.0193,0.5104,0.0571,4.3242,-0.3828,0.4186,5.1398,0.0000,3.0000
5.1398,1144,5.2112,0.0000,3.0040,2.0193,0.5104,0.0570,4.3235,-0.3826,0.4186,5.1398,0.0000,3.0000
5.1398,1145,5.2112,0.0000,3.0040,2.0193,0.5104,0.0570,4.3235,-0.3826,0.4186,5.1398,0.0000,3.0000
5.1398,1146,5.2111,0.0000,3.0040,2.0192,0.5103,0.0570,4.3228,-0.3824,0.4185,5.1398,0.0000,3.0000
5.1398,1147,5.2110,0.0000,3.0040,2.0192,0.5103,0.0571,4.3223,-0.3824,0.4184,5.1398,0.0000,3.0000
5.1398,1148,5.2110,0.0000,3.0040,2.0192,0.5103,0.0571,4.3223,-0.3824,0.4184,5.1398,0.0000,3.0000
5.1398,1149,5.2109,0.0000,3.0040,2.0190,0.5103,0.0577,4.3218,-0.3826,0.4184,5.1398,0.0000,3.0000
5.1398,1150,5.2109,0.0000,3.0040,2.0190,0.5103,0.0577,4.3218,-0.3826,0.4184,5.1398,0.0000,3.0000
5.1398,1151,5.2107,0.0000,3.0040,2.0190,0.5105,0.0582,4.3213,-0.3828,0.4183,5.1398,0.0000,3.0000
5.1398,1152,5.2106,0.0000,3.0040,2.0190,0.5105,0.0582,4.3209,-0.3830,0.4182,5.1398,0.0000,3.0000
5.1398,1153,5.2106,0.0000,3.0040,2.0190,0.5105,0.0582,4.3209,-0.3830,0.4182,5.1398,0.0000,3.0000
5.1398,1154,5.2105,0.0000,3.0040,2.0191,0.5105,0.0581,4.3207,-0.3833,0.4182,5.1398,0.0000,3.0000
5.1398,1155,5.2104,0.0000,3.0040,2.0191,0.5106,0.0583,4.3205,-0.3835,0.4182,5.1398,0.0000,3.0000
5.1398,1156,5.2103,0.0000,3.0039,2.0189,0.5104,0.0583,4.3203,-0.3836,0.4182,5.1398,0.0000,3.0000
5.1398,1157,5.2103,0.0000,3.0039,2.0189,0.5104,0.0583,4.3203,-0.3836,0.4182,5.1398,0.0000,3.0000
5.1398,1158,5.2102,0.0000,3.0039,2.0189,0.5104,0.0582,4.3202,-0.3836,0.4181,5.1398,0.0000,3.0000
5.1398,1159,5.2102,0.0000,3.0039,2.0189,0.5104,0.0582,4.3202,-0.3836,0.4181,5.1398,0.0000,3.0000
5.1398,1160,5.2101,0.0000,3.0039,2.0190,0.5106,0.0581,4.3201,-0.3837,0.4181,5.1398,0.0000,3.0000
5.1398,1161,5.2101,0.0000,3.0039,2.0190,0.5106,0.0581,4.3201,-0.3837,0.4181,5.1398,0.0000,3.0000
5.1398,1162,5.2100,0.0000,3.0039,2.0185,0.5106,0.0589,4.3200,-0.3838,0.4181,5.1398,0.0000,3.0000
5.1398,1163,5.2099,0.0000,3.0039,2.0180,0.5107,0.0599,4.3199,-0.3838,0.4181,5.1398,0.0000,3.0000
5.1398,1164,5.2099,0.0000,3.0039,2.0180,0.5107,0.0599,4.3199,-0.3838,0.4181,5.1398,0.0000,3.0000
5.1398,1165,5.2098,0.0000,3.0039,2.0176,0.5110,0.0589,4.3199,-0.3837,0.4181,5.1398,0.0000,3.0000
5.1398,1166,5.2096,0.0000,3.0039,2.0181,0.5109,0.0570,4.3202,-0.3836,0.4181,5.1398,0.0000,3.0000
5.1398,1167,5.2096,0.0000,3.0039,2.0181,0.5109,0.0570,4.3202,-0.3836,0.4181,5.1398,0.0000,3.0000
5.1398,1168,5.2095,0.0000,3.0039,2.0179,0.5107,0.0572,4.3205,-0.3836,0.4182,5.1398,0.0000,3.0000
5.1398,1169,5.2094,0.0000,3.0039,2.0176,0.5104,0.0575,4.3209,-0.3837,0.4182,5.1398,0.0000,3.0000
5.1398,1170,5.2094,0.0000,3.0039,2.0176,0.5104,0.0575,4.3209,-0.3837,0.4182,5.1398,0.0000,3.0000
5.1398,1171,5.2093,0.0000,3.0039,2.0177,0.5105,0.0574,4.3213,-0.3837,0.4183,5.1398,0.0000,3.0000
5.1398,1172,5.2093,0.0000,3.0039,2.0177,0.5105,0.0574,4.3213,-0.3837,0.4183,5.1398,0.0000,3.0000
5.1398,1173,5.2092,0.0000,3.0039,2.0181,0.5109,0.0570,4.3214,-0.3837,0.4183,5.1398,0.0000,3.0000
5.1398,1174,5.2092,0.0000,3.0039,2.0181,0.5109,0.0570,4.3214,-0.3837,0.4183,5.1398,0.0000,3.0000
5.1398,1175,5.2091,0.0000,3.0039,2.0180,0.5109,0.0573,4.3216,-0.3836,0.4183,5.1398,0.0000,3.0000
5.1398,1176,5.2090,0.0000,3.0038,2.0179,0.5108,0.0570,4.3217,-0.3837,0.4183,5.1398,0.0000,3.0000
5.1398,1177,5.2090,0.0000,3.0038,2.0179,0.5108,0.0570,4.3217,-0.3837,0.4183,5.1398,0.0000,3.0000
5.1398,1178,5.2089,0.0000,3.0038,2.0179,0.5106,0.0571,4.3217,-0.3840,0.4183,5.1398,0.0000,3.0000
5.1398,1179,5.2088,0.0000,3.0038,2.0180,0.5106,0.0570,4.3216,-0.3842,0.4182,5.1398,0.0000,3.0000
5.1398,1180,5.2088,0.0000,3.0038,2.0180,0.5106,0.0570,4.3216,-0.3842,0.4182,5.1398,0.0000,3.0000
5.1398,1181,5.2087,0.0000,3.0038,2.0180,0.5106,0.0570,4.3214,-0.3845,0.4182,5.1398,0.0000,3.0000
5.1398,1182,5.2087,0.0000,3.0038,2.0180,0.5106,0.0570,4.3214,-0.3845,0.4182,5.1398,0.0000,3.0000
5.1398,1183,5.2086,0.0000,3.0038,2.0179,0.5106,0.0570,4.3212,-0.3848,0.4181,5.1398,0.0000,3.0000
5.1398,1184,5.2085,0.0000,3.0038,2.0179,0.5106,0.0570,4.3209,-0.3851,0.4181,5.1398,0.0000,3.0000
5.1398,1185,5.2085,0.0000,3.0038,2.0179,0.5106,0.0570,4.3209,-0.3851,0.4181,5.1398,0.0000,3.0000
5.1398,1186,5.2084,0.0000,3.0038,2.0179,0.5107,0.0572,4.3206,-0.3853,0.4181,5.1398,0.0000,3.0000
5.1398,1187,5.2082,0.0000,3.0038,2.0178,0.5107,0.0572,4.3203,-0.3853,0.4182,5.1398,0.0000,3.0000
5.1398,1188,5.2082,0.0000,3.0038,2.0178,0.5107,0.0572,4.3203,-0.3853,0.4182,5.1398,0.0000,3.0000
5.1398,1189,5.2081,0.0000,3.0038,2.0175,0.5104,0.0575,4.3200,-0.3852,0.4182,5.1398,0.0000,3.0000
5.1398,1190,5.2080,0.0000,3.0038,2.0174,0.5103,0.0578,4.3196,-0.3851,0.4182,5.1398,0.0000,3.0000
5.1398,1191,5.2080,0.0000,3.0038,2.0174,0.5103,0.0578,4.3196,-0.3851,0.4182,5.1398,0.0000,3.0000
5.1398,1192,5.2079,0.0000,3.0038,2.0174,0.5103,0.0578,4.3193,-0.3849,0.4182,5.1398,0.0000,3.0000
5.1398,1193,5.2079,0.0000,3.0038,2.0174,0.5103,0.0578,4.3193,-0.3849,0.4182,5.1398,0.0000,3.0000
5.1398,1194,5.2078,0.0000,3.0038,2.0174,0.5103,0.0578,4.3191,-0.3849,0.4181,5.1398,0.0000,3.0000
5.1398,1195,5.2077,0.0000,3.0038,2.0173,0.5104,0.0580,4.3189,-0.3850,0.4181,5.1398,0.0000,3.0000
5.1398,1196,5.2077,0.0000,3.0038,2.0173,0.5104,0.0580,4.3189,-0.3850,0.4181,5.1398,0.0000,3.0000
5.1398,1197,5.2076,0.0000,3.0038,2.0172,0.5103,0.0583,4.3185,-0.3851,0.4181,5.1398,0.0000,3.0000
5.1398,1198,5.2075,0.0000,3.0038,2.0171,0.5103,0.0583,4.3183,-0.3851,0.4180,5.1398,0.0000,3.0000
5.1398,1199,5.2075,0.0000,3.0038,2.0171,0.5103,0.0583,4.3183,-0.3851,0.4180,5.1398,0.0000,3.0000
5.1398,1200,5.2074,0.0000,3.0037,2.0174,0.5106,0.0579,4.3181,-0.3852,0.4180,5.1398,0.0000,3.0000
5.1398,1201,5.2073,0.0000,3.0037,2.0176,0.5107,0.0576,4.3179,-0.3854,0.4180,5.1398,0.0000,3.0000
5.1398,1202,5.2073,0.0000,3.0037,2.0176,0.5107,0.0576,4.3179,-0.3854,0.4180,5.1398,0.0000,3.0000
5.1398,1203,5.2072,0.0000,3.0037,2.0177,0.5110,0.0574,4.3178,-0.3857,0.4180,5.1398,0.0000,3.0000
5.1398,1204,5.2072,0.0000,3.0037,2.0177,0.5110,0.0574,4.3178,-0.3857,0.4180,5.1398,0.0000,3.0000
5.1398,1205,5.2071,0.0000,3.0037,2.0179,0.5113,0.0570,4.3176,-0.3859,0.4179,5.1398,0.0000,3.0000
5.1398,1206,5.2071,0.0000,3.0037,2.0179,0.5113,0.0570,4.3176,-0.3859,0.4179,5.1398,0.0000,3.0000
5.1398,1207,5.2070,0.0000,3.0037,2.0179,0.5113,0.0570,4.3175,-0.3861,0.4179,5.1398,0.0000,3.0000
5.1398,1208,5.2069,0.0000,3.0037,2.0178,0.5112,0.0572,4.3176,-0.3864,0.4178,5.1398,0.0000,3.0000
5.1398,1209,5.2069,0.0000,3.0037,2.0178,0.5112,0.0572,4.3176,-0.3864,0.4178,5.1398,0.0000,3.0000
5.1398,1210,5.2068,0.0000,3.0037,2.0177,0.5111,0.0572,4.3177,-0.3867,0.4178,5.1398,0.0000,3.0000
5.1398,1211,5.2067,0.0000,3.0037,2.0180,0.5113,0.0570,4.3178,-0.3870,0.4178,5.1398,0.0000,3.0000
5.1398,1212,5.2067,0.0000,3.0037,2.0180,0.5113,0.0570,4.3178,-0.3870,0.4178,5.1398,0.0000,3.0000
5.1398,1213,5.2066,0.0000,3.0037,2.0180,0.5114,0.0570,4.3180,-0.3873,0.4178,5.1398,0.0000,3.0000
5.1398,1214,5.2066,0.0000,3.0037,2.0180,0.5114,0.0570,4.3180,-0.3873,0.4178,5.1398,0.0000,3.0000
5.1398,1215,5.2065,0.0000,3.0037,2.0180,0.5114,0.0570,4.3181,-0.3874,0.4178,5.1398,0.0000,3.0000
5.1398,1216,5.2063,0.0000,3.0037,2.0180,0.5114,0.0571,4.3181,-0.3874,0.4178,5.1398,0.0000,3.0000
5.1398,1217,5.2063,0.0000,3.0037,2.0180,0.5114,0.0571,4.3181,-0.3874,0.4178,5.1398,0.0000,3.0000
5.1398,1218,5.2062,0.0000,3.0037,2.0180,0.5114,0.0570,4.3184,-0.3874,0.4178,5.1398,0.0000,3.0000
5.1398,1219,5.2061,0.0000,3.0037,2.0180,0.5114,0.0570,4.3186,-0.3874,0.4179,5.1398,0.0000,3.0000
5.1398,1220,5.2061,0.0000,3.0037,2.0180,0.5114,0.0570,4.3186,-0.3874,0.4179,5.1398,0.0000,3.0000
5.1398,1221,5.2060,0.0000,3.0036,2.0180,0.5115,0.0570,4.3188,-0.3874,0.4178,5.1398,0.0000,3.0000
5.1398,1222,5.2059,0.0000,3.0036,2.0180,0.5115,0.0570,4.3189,-0.3875,0.4179,5.1398,0.0000,3.0000
5.1398,1223,5.2059,0.0000,3.0036,2.0180,0.5115,0.0570,4.3189,-0.3875,0.4179,5.1398,0.0000,3.0000
5.1398,1224,5.2058,0.0000,3.0036,2.0180,0.5115,0.0570,4.3190,-0.3875,0.4179,5.1398,0.0000,3.0000
5.1398,1225,5.2057,0.0000,3.0036,2.0179,0.5114,0.0575,4.3192,-0.3875,0.4179,5.1398,0.0000,3.0000
5.1398,1226,5.2057,0.0000,3.0036,2.0179,0.5114,0.0575,4.3192,-0.3875,0.4179,5.1398,0.0000,3.0000
5.1398,1227,5.2056,0.0000,3.0036,2.0178,0.5113,0.0575,4.3193,-0.3875,0.4179,5.1398,0.0000,3.0000
5.1398,1228,5.2055,0.0000,3.0036,2.0176,0.5112,0.0575,4.3193,-0.3874,0.4180,5.1398,0.0000,3.0000
5.1398,1229,5.2055,0.0000,3.0036,2.0176,0.5112,0.0575,4.3193,-0.3874,0.4180,5.1398,0.0000,3.0000
5.1398,1230,5.2054,0.0000,3.0036,2.0176,0.5112,0.0576,4.3193,-0.3873,0.4180,5.1398,0.0000,3.0000
5.1398,1231,5.2053,0.0000,3.0036,2.0177,0.5114,0.0578,4.3194,-0.3873,0.4179,5.1398,0.0000,3.0000
5.1398,1232,5.2053,0.0000,3.0036,2.0177,0.5114,0.0578,4.3194,-0.3873,0.4179,5.1398,0.0000,3.0000
5.1398,1233,5.2052,0.0000,3.0036,2.0178,0.5115,0.0580,4.3194,-0.3874,0.4179,5.1398,0.0000,3.0000
5.1398,1234,5.2052,0.0000,3.0036,2.0178,0.5115,0.0580,4.3194,-0.3874,0.4179,5.1398,0.0000,3.0000
5.1398,1235,5.2051,0.0000,3.0036,2.0175,0.5112,0.0581,4.3195,-0.3878,0.4179,5.1398,0.0000,3.0000
5.1398,1236,5.2050,0.0000,3.0036,2.0170,0.5108,0.0586,4.3195,-0.3883,0.4178,5.1398,0.0000,3.0000
5.1398,1237,5.2050,0.0000,3.0036,2.0170,0.5108,0.0586,4.3195,-0.3883,0.4178,5.1398,0.0000,3.0000
5.1398,1238,5.2049,0.0000,3.0036,2.0169,0.5108,0.0585,4.3195,-0.3888,0.4178,5.1398,0.0000,3.0000
5.1398,1239,5.2048,0.0000,3.0036,2.0175,0.5112,0.0574,4.3194,-0.3893,0.4177,5.1398,0.0000,3.0000
5.1398,1240,5.2048,0.0000,3.0036,2.0175,0.5112,0.0574,4.3194,-0.3893,0.4177,5.1398,0.0000,3.0000
5.1398,1241,5.2047,0.0000,3.0036,2.0177,0.5115,0.0571,4.3192,-0.3897,0.4177,5.1398,0.0000,3.0000
5.1398,1242,5.2046,0.0000,3.0036,2.0175,0.5117,0.0570,4.3190,-0.3902,0.4176,5.1398,0.0000,3.0000
5.1398,1243,5.2046,0.0000,3.0036,2.0175,0.5117,0.0570,4.3190,-0.3902,0.4176,5.1398,0.0000,3.0000
5.1398,1244,5.2045,0.0000,3.0035,2.0175,0.5117,0.0570,4.3188,-0.3906,0.4175,5.1398,0.0000,3.0000
5.1398,1245,5.2044,0.0000,3.0035,2.0175,0.5117,0.0570,4.3185,-0.3910,0.4174,5.1398,0.0000,3.0000
5.1398,1246,5.2044,0.0000,3.0035,2.0175,0.5117,0.0570,4.3185,-0.3910,0.4174,5.1398,0.0000,3.0000
5.1398,1247,5.2043,0.0000,3.0035,2.0171,0.5113,0.0575,4.3182,-0.3914,0.4174,5.1398,0.0000,3.0000
5.1398,1248,5.2042,0.0000,3.0035,2.0169,0.5112,0.0576,4.3179,-0.3919,0.4173,5.1398,0.0000,3.0000
5.1398,1249,5.2042,0.0000,3.0035,2.0169,0.5112,0.0576,4.3179,-0.3919,0.4173,5.1398,0.0000,3.0000
5.1398,1250,5.2041,0.0000,3.0035,2.0172,0.5114,0.0573,4.3177,-0.3924,0.4172,5.1398,0.0000,3.0000
5.1398,1251,5.2040,0.0000,3.0035,2.0174,0.5117,0.0570,4.3176,-0.3928,0.4172,5.1398,0.0000,3.0000
5.1398,1252,5.2040,0.0000,3.0035,2.0174,0.5117,0.0570,4.3176,-0.3928,0.4172,5.1398,0.0000,3.0000
5.1398,1253,5.2039,0.0000,3.0035,2.0174,0.5117,0.0570,4.3176,-0.3931,0.4172,5.1398,0.0000,3.0000
5.1398,1254,5.2039,0.0000,3.0035,2.0174,0.5117,0.0570,4.3176,-0.3931,0.4172,5.1398,0.0000,3.0000
5.1398,1255,5.2038,0.0000,3.0035,2.0174,0.5117,0.0570,4.3178,-0.3933,0.4175,5.1398,0.0000,3.0000
5.1398,1256,5.2037,0.0000,3.0035,2.0174,0.5117,0.0570,4.3180,-0.3934,0.4176,5.1398,0.0000,3.0000
5.1398,1257,5.2037,0.0000,3.0035,2.0174,0.5117,0.0570,4.3180,-0.3934,0.4176,5.1398,0.0000,3.0000
5.1398,1258,5.2036,0.0000,3.0035,2.0174,0.5118,0.0570,4.3182,-0.3934,0.4177,5.1398,0.0000,3.0000
5.1398,1259,5.2035,0.0000,3.0035,2.0174,0.5118,0.0570,4.3183,-0.3933,0.4177,5.1398,0.0000,3.0000
5.1398,1260,5.2035,0.0000,3.0035,2.0174,0.5118,0.0570,4.3183,-0.3933,0.4177,5.1398,0.0000,3.0000
5.1398,1261,5.2034,0.0000,3.0035,2.0174,0.5118,0.0570,4.3185,-0.3933,0.4178,5.1398,0.0000,3.0000
5.1398,1262,5.2033,0.0000,3.0035,2.0174,0.5118,0.0570,4.3184,-0.3934,0.4178,5.1398,0.0000,3.0000
5.1398,1263,5.2033,0.0000,3.0035,2.0174,0.5118,0.0570,4.3184,-0.3934,0.4178,5.1398,0.0000,3.0000
5.1398,1264,5.2032,0.0000,3.0035,2.0174,0.5118,0.0570,4.3182,-0.3934,0.4178,5.1398,0.0000,3.0000
5.1398,1265,5.2032,0.0000,3.0035,2.0174,0.5118,0.0570,4.3182,-0.3934,0.4178,5.1398,0.0000,3.0000
5.1398,1266,5.2031,0.0000,3.0035,2.0174,0.5118,0.0570,4.3180,-0.3934,0.4178,5.1398,0.0000,3.0000
5.1398,1267,5.2031,0.0000,3.0035,2.0174,0.5118,0.0570,4.3180,-0.3934,0.4178,5.1398,0.0000,3.0000
5.1398,1268,5.2030,0.0000,3.0034,2.0174,0.5118,0.0570,4.3179,-0.3933,0.4177,5.1398,0.0000,3.0000
5.1398,1269,5.2029,0.0000,3.0034,2.0174,0.5118,0.0570,4.3178,-0.3933,0.4178,5.1398,0.0000,3.0000
5.1398,1270,5.2029,0.0000,3.0034,2.0174,0.5118,0.0570,4.3178,-0.3933,0.4178,5.1398,0.0000,3.0000
5.1398,1271,5.2028,0.0000,3.0034,2.0175,0.5118,0.0570,4.3177,-0.3932,0.4178,5.1398,0.0000,3.0000
5.1398,1272,5.2027,0.0000,3.0034,2.0174,0.5118,0.0570,4.3176,-0.3931,0.4178,5.1398,0.0000,3.0000
5.1398,1273,5.2027,0.0000,3.0034,2.0174,0.5118,0.0570,4.3176,-0.3931,0.4178,5.1398,0.0000,3.0000
5.1398,1274,5.2027,0.0000,3.0034,2.0174,0.5118,0.0570,4.3176,-0.3931,0.4178,5.1398,0.0000,3.0000
5.1398,1275,5.2026,0.0000,3.0034,2.0174,0.5118,0.0570,4.3174,-0.3930,0.4178,5.1398,0.0000,3.0000
5.1398,1276,5.2026,0.0000,3.0034,2.0174,0.5118,0.0570,4.3174,-0.3930,0.4178,5.1398,0.0000,3.0000
5.1398,1277,5.2025,0.0000,3.0034,2.0173,0.5117,0.0572,4.3171,-0.3929,0.4178,5.1398,0.0000,3.0000
5.1398,1278,5.2025,0.0000,3.0034,2.0173,0.5117,0.0572,4.3171,-0.3929,0.4178,5.1398,0.0000,3.0000
5.1398,1279,5.2024,0.0000,3.0034,2.0172,0.5117,0.0577,4.3166,-0.3929,0.4178,5.1398,0.0000,3.0000
5.1398,1280,5.2023,0.0000,3.0034,2.0172,0.5117,0.0579,4.3161,-0.3929,0.4177,5.1398,0.0000,3.0000
5.1398,1281,5.2023,0.0000,3.0034,2.0172,0.5117,0.0579,4.3161,-0.3929,0.4177,5.1398,0.0000,3.0000
5.1398,1282,5.2023,0.0000,3.0034,2.0173,0.5118,0.0579,4.3156,-0.3927,0.4177,5.1398,0.0000,3.0000
5.1398,1283,5.2023,0.0000,3.0034,2.0173,0.5118,0.0579,4.3156,-0.3927,0.4177,5.1398,0.0000,3.0000
5.1398,1284,5.2022,0.0000,3.0034,2.0173,0.5120,0.0583,4.3152,-0.3925,0.4177,5.1398,0.0000,3.0000
5.1398,1285,5.2022,0.0000,3.0034,2.0173,0.5120,0.0583,4.3152,-0.3925,0.4177,5.1398,0.0000,3.0000
5.1398,1286,5.2021,0.0000,3.0034,2.0172,0.5120,0.0592,4.3148,-0.3925,0.4176,5.1398,0.0000,3.0000
5.1398,1287,5.2021,0.0000,3.0034,2.0172,0.5120,0.0592,4.3148,-0.3925,0.4176,5.1398,0.0000,3.0000
5.1398,1288,5.2020,0.0000,3.0034,2.0166,0.5114,0.0599,4.3145,-0.3926,0.4176,5.1398,0.0000,3.0000
5.1398,1289,5.2020,0.0000,3.0034,2.0166,0.5114,0.0599,4.3145,-0.3926,0.4176,5.1398,0.0000,3.0000
5.1398,1290,5.2019,0.0000,3.0034,2.0158,0.5109,0.0601,4.3143,-0.3928,0.4176,5.1398,0.0000,3.0000
5.1398,1291,5.2019,0.0000,3.0034,2.0160,0.5115,0.0598,4.3143,-0.3928,0.4176,5.1398,0.0000,3.0000
5.1398,1292,5.2018,0.0000,3.0034,2.0160,0.5115,0.0598,4.3142,-0.3931,0.4175,5.1398,0.0000,3.0000
5.1398,1293,5.2017,0.0000,3.0034,2.0169,0.5126,0.0586,4.3142,-0.3936,0.4174,5.1398,0.0000,3.0000
5.1398,1294,5.2017,0.0000,3.0034,2.0169,0.5126,0.0586,4.3142,-0.3936,0.4174,5.1398,0.0000,3.0000
5.1398,1295,5.2016,0.0000,3.0033,2.0176,0.5131,0.0573,4.3141,-0.3941,0.4174,5.1398,0.0000,3.0000
5.1398,1296,5.2016,0.0000,3.0033,2.0176,0.5131,0.0573,4.3141,-0.3941,0.4174,5.1398,0.0000,3.0000
5.1398,1297,5.2015,0.0000,3.0033,2.0179,0.5135,0.0570,4.3139,-0.3946,0.4173,5.1398,0.0000,3.0000
5.1398,1298,5.2015,0.0000,3.0033,2.0179,0.5135,0.0570,4.3139,-0.3946,0.4173,5.1398,0.0000,3.0000
5.1398,1299,5.2014,0.0000,3.0033,2.0179,0.5135,0.0570,4.3136,-0.3950,0.4172,5.1398,0.0000,3.0000
5.1398,1300,5.2014,0.0000,3.0033,2.0179,0.5135,0.0570,4.3136,-0.3950,0.4172,5.1398,0.0000,3.0000
5.1398,1301,5.2013,0.0000,3.0033,2.0179,0.5131,0.0571,4.3132,-0.3954,0.4171,5.1398,0.0000,3.0000
5.1398,1302,5.2012,0.0000,3.0033,2.0179,0.5130,0.0571,4.3129,-0.3959,0.4170,5.1398,0.0000,3.0000
5.1398,1303,5.2012,0.0000,3.0033,2.0179,0.5130,0.0571,4.3129,-0.3959,0.4170,5.1398,0.0000,3.0000
5.1398,1304,5.2011,0.0000,3.0033,2.0179,0.5130,0.0571,4.3126,-0.3963,0.4170,5.1398,0.0000,3.0000
5.1398,1305,5.2010,0.0000,3.0033,2.0180,0.5132,0.0570,4.3122,-0.3967,0.4169,5.1398,0.0000,3.0000
5.1398,1306,5.2010,0.0000,3.0033,2.0180,0.5132,0.0570,4.3122,-0.3967,0.4169,5.1398,0.0000,3.0000
5.1398,1307,5.2009,0.0000,3.0033,2.0180,0.5131,0.0570,4.3119,-0.3970,0.4168,5.1398,0.0000,3.0000
5.1398,1308,5.2009,0.0000,3.0033,2.0180,0.5132,0.0570,4.3118,-0.3973,0.4168,5.1398,0.0000,3.0000
5.1398,1309,5.2008,0.0000,3.0033,2.0180,0.5132,0.0570,4.3118,-0.3973,0.4168,5.1398,0.0000,3.0000
5.1398,1310,5.2007,0.0000,3.0033,2.0180,0.5132,0.0570,4.3120,-0.3973,0.4170,5.1398,0.0000,3.0000
5.1398,1311,5.2007,0.0000,3.0033,2.0180,0.5132,0.0570,4.3120,-0.3973,0.4170,5.1398,0.0000,3.0000
5.1398,1312,5.2006,0.0000,3.0033,2.0180,0.5132,0.0570,4.3124,-0.3971,0.4173,5.1398,0.0000,3.0000
5.1398,1313,5.2006,0.0000,3.0033,2.0180,0.5132,0.0570,4.3129,-0.3967,0.4175,5.1398,0.0000,3.0000
5.1398,1314,5.2006,0.0000,3.0033,2.0180,0.5132,0.0570,4.3129,-0.3967,0.4175,5.1398,0.0000,3.0000
5.1398,1315,5.2005,0.0000,3.0033,2.0180,0.5132,0.0570,4.3133,-0.3961,0.4174,5.1398,0.0000,3.0000
5.1398,1316,5.2004,0.0000,3.0033,2.0180,0.5132,0.0570,4.3137,-0.3956,0.4175,5.1398,0.0000,3.0000
5.1398,1317,5.2004,0.0000,3.0033,2.0180,0.5132,0.0570,4.3137,-0.3956,0.4175,5.1398,0.0000,3.0000
5.1398,1318,5.2003,0.0000,3.0033,2.0179,0.5133,0.0570,4.3138,-0.3952,0.4175,5.1398,0.0000,3.0000
5.1398,1319,5.2003,0.0000,3.0033,2.0179,0.5133,0.0570,4.3138,-0.3952,0.4175,5.1398,0.0000,3.0000
5.1398,1320,5.2002,0.0000,3.0033,2.0179,0.5133,0.0570,4.3138,-0.3950,0.4175,5.1398,0.0000,3.0000
5.1398,1321,5.2001,0.0000,3.0032,2.0179,0.5133,0.0570,4.3138,-0.3949,0.4176,5.1398,0.0000,3.0000
5.1398,1322,5.2001,0.0000,3.0032,2.0179,0.5133,0.0570,4.3138,-0.3949,0.4176,5.1398,0.0000,3.0000
5.1398,1323,5.2000,0.0000,3.0032,2.0179,0.5133,0.0570,4.3138,-0.3949,0.4175,5.1398,0.0000,3.0000
5.1398,1324,5.1999,0.0000,3.0032,2.0179,0.5133,0.0570,4.3139,-0.3950,0.4175,5.1398,0.0000,3.0000
5.1398,1325,5.1999,0.0000,3.0032,2.0179,0.5133,0.0570,4.3139,-0.3950,0.4175,5.1398,0.0000,3.0000
5.1398,1326,5.1998,0.0000,3.0032,2.0179,0.5133,0.0570,4.3140,-0.3952,0.4175,5.1398,0.0000,3.0000
5.1398,1327,5.1997,0.0000,3.0032,2.0179,0.5133,0.0570,4.3142,-0.3957,0.4174,5.1398,0.0000,3.0000
5.1398,1328,5.1997,0.0000,3.0032,2.0179,0.5133,0.0570,4.3142,-0.3957,0.4174,5.1398,0.0000,3.0000
5.1398,1329,5.1996,0.0000,3.0032,2.0179,0.5133,0.0570,4.3144,-0.3962,0.4174,5.1398,0.0000,3.0000
5.1398,1330,5.1995,0.0000,3.0032,2.0179,0.5133,0.0570,4.3143,-0.3966,0.4174,5.1398,0.0000,3.0000
5.1398,1331,5.1995,0.0000,3.0032,2.0179,0.5133,0.0570,4.3143,-0.3966,0.4174,5.1398,0.0000,3.0000
5.1398,1332,5.1994,0.0000,3.0032,2.0179,0.5133,0.0570,4.3142,-0.3969,0.4173,5.1398,0.0000,3.0000
5.1398,1333,5.1994,0.0000,3.0032,2.0179,0.5133,0.0570,4.3142,-0.3969,0.4173,5.1398,0.0000,3.0000
5.1398,1334,5.1993,0.0000,3.0032,2.0179,0.5133,0.0570,4.3140,-0.3972,0.4173,5.1398,0.0000,3.0000
5.1398,1335,5.1993,0.0000,3.0032,2.0179,0.5133,0.0570,4.3140,-0.3972,0.4173,5.1398,0.0000,3.0000
5.1398,1336,5.1993,0.0000,3.0032,2.0179,0.5133,0.0570,4.3138,-0.3975,0.4172,5.1398,0.0000,3.0000
5.1398,1337,5.1992,0.0000,3.0032,2.0179,0.5133,0.0570,4.3137,-0.3977,0.4171,5.1398,0.0000,3.0000
5.1398,1338,5.1992,0.0000,3.0032,2.0179,0.5133,0.0570,4.3137,-0.3977,0.4171,5.1398,0.0000,3.0000
5.1398,1339,5.1991,0.0000,3.0032,2.0179,0.5133,0.0570,4.3136,-0.3980,0.4171,5.1398,0.0000,3.0000
5.1398,1340,5.1990,0.0000,3.0032,2.0179,0.5133,0.0570,4.3135,-0.3983,0.4171,5.1398,0.0000,3.0000
5.1398,1341,5.1990,0.0000,3.0032,2.0179,0.5133,0.0570,4.3135,-0.3983,0.4171,5.1398,0.0000,3.0000
5.1398,1342,5.1989,0.0000,3.0032,2.0179,0.5133,0.0570,4.3133,-0.3989,0.4170,5.1398,0.0000,3.0000
5.1398,1343,5.1988,0.0000,3.0032,2.0179,0.5133,0.0570,4.3132,-0.3995,0.4169,5.1398,0.0000,3.0000
5.1398,1344,5.1988,0.0000,3.0032,2.0179,0.5133,0.0570,4.3132,-0.3995,0.4169,5.1398,0.0000,3.0000
5.1398,1345,5.1987,0.0000,3.0032,2.0179,0.5135,0.0573,4.3130,-0.4003,0.4168,5.1398,0.0000,3.0000
5.1398,1346,5.1986,0.0000,3.0032,2.0179,0.5138,0.0580,4.3127,-0.4009,0.4167,5.1398,0.0000,3.0000
5.1398,1347,5.1986,0.0000,3.0032,2.0179,0.5138,0.0580,4.3127,-0.4009,0.4167,5.1398,0.0000,3.0000
5.1398,1348,5.1985,0.0000,3.0032,2.0178,0.5141,0.0590,4.3124,-0.4014,0.4166,5.1398,0.0000,3.0000
5.1398,1349,5.1985,0.0000,3.0032,2.0178,0.5141,0.0590,4.3124,-0.4014,0.4166,5.1398,0.0000,3.0000
5.1398,1350,5.1984,0.0000,3.0031,2.0179,0.5143,0.0598,4.3121,-0.4019,0.4165,5.1398,0.0000,3.0000
5.1398,1351,5.1983,0.0000,3.0031,2.0178,0.5144,0.0604,4.3117,-0.4024,0.4164,5.1398,0.0000,3.0000
5.1398,1352,5.1983,0.0000,3.0031,2.0178,0.5144,0.0604,4.3117,-0.4024,0.4164,5.1398,0.0000,3.0000
5.1398,1353,5.1982,0.0000,3.0031,2.0174,0.5144,0.0613,4.3114,-0.4029,0.4163,5.1398,0.0000,3.0000
5.1398,1354,5.1982,0.0000,3.0031,2.0174,0.5144,0.0613,4.3114,-0.4029,0.4163,5.1398,0.0000,3.0000
5.1398,1355,5.1981,0.0000,3.0031,2.0170,0.5142,0.0619,4.3112,-0.4032,0.4163,5.1398,0.0000,3.0000
5.1398,1356,5.1981,0.0000,3.0031,2.0170,0.5142,0.0619,4.3112,-0.4032,0.4163,5.1398,0.0000,3.0000
5.1398,1357,5.1980,0.0000,3.0031,2.0168,0.5141,0.0621,4.3110,-0.4033,0.4164,5.1398,0.0000,3.0000
5.1398,1358,5.1980,0.0000,3.0031,2.0170,0.5143,0.0619,4.3109,-0.4032,0.4164,5.1398,0.0000,3.0000
5.1398,1359,5.1980,0.0000,3.0031,2.0170,0.5143,0.0619,4.3109,-0.4032,0.4164,5.1398,0.0000,3.0000
5.1398,1360,5.1979,0.0000,3.0031,2.0177,0.5151,0.0611,4.3108,-0.4029,0.4165,5.1398,0.0000,3.0000
5.1398,1361,5.1978,0.0000,3.0031,2.0179,0.5153,0.0606,4.3109,-0.4024,0.4165,5.1398,0.0000,3.0000
5.1398,1362,5.1978,0.0000,3.0031,2.0179,0.5153,0.0606,4.3109,-0.4024,0.4165,5.1398,0.0000,3.0000
5.1398,1363,5.1977,0.0000,3.0031,2.0185,0.5153,0.0593,4.3110,-0.4018,0.4167,5.1398,0.0000,3.0000
5.1398,1364,5.1976,0.0000,3.0031,2.0193,0.5155,0.0575,4.3110,-0.4012,0.4167,5.1398,0.0000,3.0000
5.1398,1365,5.1976,0.0000,3.0031,2.0193,0.5155,0.0575,4.3110,-0.4012,0.4167,5.1398,0.0000,3.0000
5.1398,1366,5.1975,0.0000,3.0031,2.0198,0.5160,0.0570,4.3111,-0.4009,0.4167,5.1398,0.0000,3.0000
5.1398,1367,5.1974,0.0000,3.0031,2.0197,0.5160,0.0570,4.3113,-0.4007,0.4168,5.1398,0.0000,3.0000
5.1398,1368,5.1974,0.0000,3.0031,2.0197,0.5160,0.0570,4.3113,-0.4007,0.4168,5.1398,0.0000,3.0000
5.1398,1369,5.1973,0.0000,3.0031,2.0197,0.5161,0.0570,4.3116,-0.4006,0.4168,5.1398,0.0000,3.0000
5.1398,1370,5.1973,0.0000,3.0031,2.0197,0.5161,0.0570,4.3117,-0.4005,0.4169,5.1398,0.0000,3.0000
5.1398,1371,5.1972,0.0000,3.0031,2.0197,0.5161,0.0570,4.3117,-0.4005,0.4169,5.1398,0.0000,3.0000
5.1398,1372,5.1971,0.0000,3.0031,2.0197,0.5161,0.0570,4.3116,-0.4006,0.4168,5.1398,0.0000,3.0000
5.1398,1373,5.1971,0.0000,3.0031,2.0197,0.5161,0.0570,4.3116,-0.4006,0.4168,5.1398,0.0000,3.0000
5.1398,1374,5.1970,0.0000,3.0031,2.0202,0.5165,0.0580,4.3114,-0.4007,0.4168,5.1398,0.0000,3.0000
5.1398,1375,5.1970,0.0000,3.0031,2.0209,0.5169,0.0587,4.3112,-0.4010,0.4167,5.1398,0.0000,3.0000
5.1398,1376,5.1970,0.0000,3.0031,2.0209,0.5169,0.0587,4.3112,-0.4010,0.4167,5.1398,0.0000,3.0000
5.1398,1377,5.1969,0.0000,3.0031,2.0214,0.5172,0.0593,4.3109,-0.4013,0.4166,5.1398,0.0000,3.0000
5.1398,1378,5.1969,0.0000,3.0031,2.0214,0.5172,0.0593,4.3109,-0.4013,0.4166,5.1398,0.0000,3.0000
5.1398,1379,5.1968,0.0000,3.0031,2.0220,0.5178,0.0604,4.3108,-0.4016,0.4166,5.1398,0.0000,3.0000
5.1398,1380,5.1967,0.0000,3.0030,2.0230,0.5188,0.0624,4.3108,-0.4020,0.4165,5.1398,0.0000,3.0000
5.1398,1381,5.1967,0.0000,3.0030,2.0230,0.5188,0.0624,4.3108,-0.4020,0.4165,5.1398,0.0000,3.0000
5.1398,1382,5.1966,0.0000,3.0030,2.0239,0.5195,0.0647,4.3108,-0.4025,0.4165,5.1398,0.0000,3.0000
5.1398,1383,5.1965,0.0000,3.0030,2.0243,0.5199,0.0668,4.3107,-0.4030,0.4164,5.1398,0.0000,3.0000
5.1398,1384,5.1965,0.0000,3.0030,2.0243,0.5199,0.0668,4.3107,-0.4030,0.4164,5.1398,0.0000,3.0000
5.1398,1385,5.1964,0.0000,3.0030,2.0238,0.5200,0.0675,4.3105,-0.4034,0.4163,5.1398,0.0000,3.0000
5.1398,1386,5.1964,0.0000,3.0030,2.0238,0.5200,0.0675,4.3105,-0.4034,0.4163,5.1398,0.0000,3.0000
5.1398,1387,5.1963,0.0000,3.0030,2.0224,0.5203,0.0664,4.3104,-0.4038,0.4162,5.1398,0.0000,3.0000
5.1398,1388,5.1963,0.0000,3.0030,2.0212,0.5212,0.0626,4.3104,-0.4038,0.4162,5.1398,0.0000,3.0000
5.1398,1389,5.1962,0.0000,3.0030,2.0212,0.5212,0.0626,4.3105,-0.4042,0.4162,5.1398,0.0000,3.0000
5.1398,1390,5.1962,0.0000,3.0030,2.0224,0.5228,0.0606,4.3105,-0.4045,0.4162,5.1398,0.0000,3.0000
5.1398,1391,5.1962,0.0000,3.0030,2.0224,0.5228,0.0606,4.3105,-0.4045,0.4162,5.1398,0.0000,3.0000
5.1398,1392,5.1961,0.0000,3.0030,2.0230,0.5230,0.0586,4.3104,-0.4049,0.4161,5.1398,0.0000,3.0000
5.1398,1393,5.1960,0.0000,3.0030,2.0239,0.5236,0.0573,4.3102,-0.4054,0.4160,5.1398,0.0000,3.0000
5.1398,1394,5.1960,0.0000,3.0030,2.0239,0.5236,0.0573,4.3102,-0.4054,0.4160,5.1398,0.0000,3.0000
5.1398,1395,5.1960,0.0000,3.0030,2.0239,0.5236,0.0573,4.3102,-0.4054,0.4160,5.1398,0.0000,3.0000
5.1398,1396,5.1959,0.0000,3.0030,2.0248,0.5238,0.0574,4.3099,-0.4056,0.4160,5.1398,0.0000,3.0000
5.1398,1397,5.1959,0.0000,3.0030,2.0248,0.5238,0.0574,4.3099,-0.4056,0.4160,5.1398,0.0000,3.0000
5.1398,1398,5.1959,0.0000,3.0030,2.0248,0.5238,0.0574,4.3099,-0.4056,0.4160,5.1398,0.0000,3.0000
5.1398,1399,5.1958,0.0000,3.0030,2.0245,0.5239,0.0570,4.3099,-0.4056,0.4160,5.1398,0.0000,3.0000
5.1398,1400,5.1958,0.0000,3.0030,2.0245,0.5240,0.0570,4.3099,-0.4056,0.4160,5.1398,0.0000,3.0000
5.1398,1401,5.1957,0.0000,3.0030,2.0245,0.5240,0.0570,4.3099,-0.4055,0.4161,5.1398,0.0000,3.0000
5.1398,1402,5.1956,0.0000,3.0030,2.0244,0.5239,0.0570,4.3099,-0.4052,0.4161,5.1398,0.0000,3.0000
5.1398,1403,5.1956,0.0000,3.0030,2.0244,0.5239,0.0570,4.3099,-0.4052,0.4161,5.1398,0.0000,3.0000
5.1398,1404,5.1956,0.0000,3.0030,2.0244,0.5239,0.0570,4.3099,-0.4052,0.4161,5.1398,0.0000,3.0000
5.1398,1405,5.1956,0.0000,3.0030,2.0244,0.5239,0.0571,4.3098,-0.4047,0.4162,5.1398,0.0000,3.0000
5.1398,1406,5.1956,0.0000,3.0030,2.0245,0.5239,0.0572,4.3098,-0.4047,0.4162,5.1398,0.0000,3.0000
5.1398,1407,5.1955,0.0000,3.0030,2.0245,0.5239,0.0572,4.3097,-0.4043,0.4162,5.1398,0.0000,3.0000
5.1398,1408,5.1954,0.0000,3.0030,2.0245,0.5240,0.0573,4.3095,-0.4041,0.4162,5.1398,0.0000,3.0000
5.1398,1409,5.1954,0.0000,3.0030,2.0245,0.5240,0.0573,4.3095,-0.4041,0.4162,5.1398,0.0000,3.0000
5.1398,1410,5.1953,0.0000,3.0030,2.0245,0.5240,0.0573,4.3095,-0.4041,0.4162,5.1398,0.0000,3.0000
5.1398,1411,5.1953,0.0000,3.0030,2.0245,0.5240,0.0573,4.3095,-0.4041,0.4162,5.1398,0.0000,3.0000
5.1398,1412,5.1952,0.0000,3.0030,2.0247,0.5242,0.0576,4.3094,-0.4041,0.4163,5.1398,0.0000,3.0000
5.1398,1413,5.1952,0.0000,3.0030,2.0254,0.5247,0.0592,4.3094,-0.4041,0.4163,5.1398,0.0000,3.0000
5.1398,1414,5.1951,0.0000,3.0030,2.0254,0.5247,0.0592,4.3092,-0.4042,0.4162,5.1398,0.0000,3.0000
5.1398,1415,5.1950,0.0000,3.0029,2.0263,0.5248,0.0618,4.3090,-0.4043,0.4162,5.1398,0.0000,3.0000
5.1398,1416,5.1950,0.0000,3.0029,2.0263,0.5248,0.0618,4.3090,-0.4043,0.4162,5.1398,0.0000,3.0000
5.1398,1417,5.1949,0.0000,3.0029,2.0269,0.5243,0.0649,4.3088,-0.4045,0.4161,5.1398,0.0000,3.0000
5.1398,1418,5.1949,0.0000,3.0029,2.0269,0.5243,0.0649,4.3088,-0.4045,0.4161,5.1398,0.0000,3.0000
5.1398,1419,5.1949,0.0000,3.0029,2.0266,0.5234,0.0669,4.3085,-0.4047,0.4161,5.1398,0.0000,3.0000
5.1398,1420,5.1948,0.0000,3.0029,2.0255,0.5235,0.0667,4.3084,-0.4049,0.4160,5.1398,0.0000,3.0000
5.1398,1421,5.1948,0.0000,3.0029,2.0255,0.5235,0.0667,4.3084,-0.4049,0.4160,5.1398,0.0000,3.0000
5.1398,1422,5.1947,0.0000,3.0029,2.0241,0.5251,0.0638,4.3084,-0.4048,0.4161,5.1398,0.0000,3.0000
5.1398,1423,5.1947,0.0000,3.0029,2.0241,0.5251,0.0638,4.3084,-0.4048,0.4161,5.1398,0.0000,3.0000
5.1398,1424,5.1946,0.0000,3.0029,2.0244,0.5267,0.0612,4.3085,-0.4046,0.4161,5.1398,0.0000,3.0000
5.1398,1425,5.1946,0.0000,3.0029,2.0244,0.5267,0.0612,4.3085,-0.4046,0.4161,5.1398,0.0000,3.0000
5.1398,1426,5.1945,0.0000,3.0029,2.0255,0.5277,0.0601,4.3086,-0.4042,0.4162,5.1398,0.0000,3.0000
5.1398,1427,5.1945,0.0000,3.0029,2.0255,0.5277,0.0601,4.3086,-0.4042,0.4162,5.1398,0.0000,3.0000
5.1398,1428,5.1944,0.0000,3.0029,2.0262,0.5274,0.0570,4.3090,-0.4038,0.4163,5.1398,0.0000,3.0000
5.1398,1429,5.1944,0.0000,3.0029,2.0261,0.5272,0.0572,4.3093,-0.4034,0.4164,5.1398,0.0000,3.0000
5.1398,1430,5.1944,0.0000,3.0029,2.0261,0.5272,0.0572,4.3093,-0.4034,0.4164,5.1398,0.0000,3.0000
5.1398,1431,5.1943,0.0000,3.0029,2.0261,0.5274,0.0570,4.3095,-0.4032,0.4164,5.1398,0.0000,3.0000
5.1398,1432,5.1942,0.0000,3.0029,2.0261,0.5274,0.0570,4.3096,-0.4031,0.4164,5.1398,0.0000,3.0000
5.1398,1433,5.1942,0.0000,3.0029,2.0261,0.5274,0.0570,4.3096,-0.4031,0.4164,5.1398,0.0000,3.0000
5.1398,1434,5.1941,0.0000,3.0029,2.0261,0.5274,0.0570,4.3098,-0.4031,0.4164,5.1398,0.0000,3.0000
5.1398,1435,5.1941,0.0000,3.0029,2.0261,0.5274,0.0570,4.3098,-0.4031,0.4164,5.1398,0.0000,3.0000
5.1398,1436,5.1940,0.0000,3.0029,2.0258,0.5271,0.0573,4.3101,-0.4032,0.4164,5.1398,0.0000,3.0000
5.1398,1437,5.1940,0.0000,3.0029,2.0258,0.5271,0.0573,4.3101,-0.4032,0.4164,5.1398,0.0000,3.0000
5.1398,1438,5.1939,0.0000,3.0029,2.0258,0.5271,0.0574,4.3102,-0.4034,0.4164,5.1398,0.0000,3.0000
5.1398,1439,5.1938,0.0000,3.0029,2.0261,0.5275,0.0570,4.3101,-0.4037,0.4163,5.1398,0.0000,3.0000
5.1398,1440,5.1938,0.0000,3.0029,2.0261,0.5275,0.0570,4.3101,-0.4037,0.4163,5.1398,0.0000,3.0000
5.1398,1441,5.1938,0.0000,3.0029,2.0263,0.5276,0.0572,4.3101,-0.4041,0.4163,5.1398,0.0000,3.0000
5.1398,1442,5.1937,0.0000,3.0029,2.0268,0.5281,0.0578,4.3100,-0.4045,0.4162,5.1398,0.0000,3.0000
5.1398,1443,5.1937,0.0000,3.0029,2.0268,0.5281,0.0578,4.3100,-0.4045,0.4162,5.1398,0.0000,3.0000
5.1398,1444,5.1936,0.0000,3.0029,2.0277,0.5288,0.0587,4.3099,-0.4050,0.4161,5.1398,0.0000,3.0000
5.1398,1445,5.1936,0.0000,3.0029,2.0279,0.5290,0.0587,4.3096,-0.4056,0.4160,5.1398,0.0000,3.0000
5.1398,1446,5.1935,0.0000,3.0029,2.0279,0.5290,0.0587,4.3096,-0.4056,0.4160,5.1398,0.0000,3.0000
5.1398,1447,5.1934,0.0000,3.0028,2.0280,0.5282,0.0580,4.3093,-0.4062,0.4159,5.1398,0.0000,3.0000
5.1398,1448,5.1934,0.0000,3.0028,2.0280,0.5282,0.0580,4.3093,-0.4062,0.4159,5.1398,0.0000,3.0000
5.1398,1449,5.1933,0.0000,3.0028,2.0281,0.5275,0.0572,4.3090,-0.4067,0.4158,5.1398,0.0000,3.0000
5.1398,1450,5.1933,0.0000,3.0028,2.0281,0.5275,0.0572,4.3090,-0.4067,0.4158,5.1398,0.0000,3.0000
5.1398,1451,5.1933,0.0000,3.0028,2.0279,0.5273,0.0575,4.3087,-0.4072,0.4157,5.1398,0.0000,3.0000
5.1398,1452,5.1932,0.0000,3.0028,2.0280,0.5274,0.0573,4.3084,-0.4078,0.4156,5.1398,0.0000,3.0000
5.1398,1453,5.1932,0.0000,3.0028,2.0280,0.5274,0.0573,4.3084,-0.4078,0.4156,5.1398,0.0000,3.0000
5.1398,1454,5.1931,0.0000,3.0028,2.0282,0.5276,0.0570,4.3082,-0.4082,0.4155,5.1398,0.0000,3.0000
5.1398,1455,5.1931,0.0000,3.0028,2.0282,0.5276,0.0570,4.3082,-0.4082,0.4155,5.1398,0.0000,3.0000
5.1398,1456,5.1930,0.0000,3.0028,2.0282,0.5277,0.0570,4.3080,-0.4085,0.4154,5.1398,0.0000,3.0000
5.1398,1457,5.1930,0.0000,3.0028,2.0282,0.5277,0.0570,4.3080,-0.4085,0.4154,5.1398,0.0000,3.0000
5.1398,1458,5.1929,0.0000,3.0028,2.0282,0.5277,0.0570,4.3081,-0.4085,0.4154,5.1398,0.0000,3.0000
5.1398,1459,5.1929,0.0000,3.0028,2.0282,0.5277,0.0570,4.3081,-0.4085,0.4154,5.1398,0.0000,3.0000
5.1398,1460,5.1928,0.0000,3.0028,2.0279,0.5274,0.0573,4.3082,-0.4084,0.4155,5.1398,0.0000,3.0000
5.1398,1461,5.1928,0.0000,3.0028,2.0281,0.5276,0.0571,4.3084,-0.4081,0.4156,5.1398,0.0000,3.0000
5.1398,1462,5.1928,0.0000,3.0028,2.0281,0.5276,0.0571,4.3084,-0.4081,0.4156,5.1398,0.0000,3.0000
5.1398,1463,5.1927,0.0000,3.0028,2.0282,0.5277,0.0570,4.3087,-0.4078,0.4156,5.1398,0.0000,3.0000
5.1398,1464,5.1926,0.0000,3.0028,2.0281,0.5274,0.0571,4.3089,-0.4076,0.4157,5.1398,0.0000,3.0000
5.1398,1465,5.1926,0.0000,3.0028,2.0281,0.5274,0.0571,4.3089,-0.4076,0.4157,5.1398,0.0000,3.0000
5.1398,1466,5.1925,0.0000,3.0028,2.0280,0.5275,0.0570,4.3090,-0.4074,0.4157,5.1398,0.0000,3.0000
5.1398,1467,5.1924,0.0000,3.0028,2.0280,0.5275,0.0570,4.3091,-0.4075,0.4157,5.1398,0.0000,3.0000
5.1398,1468,5.1924,0.0000,3.0028,2.0280,0.5275,0.0570,4.3091,-0.4075,0.4157,5.1398,0.0000,3.0000
5.1398,1469,5.1924,0.0000,3.0028,2.0280,0.5275,0.0570,4.3091,-0.4077,0.4157,5.1398,0.0000,3.0000
5.1398,1470,5.1923,0.0000,3.0028,2.0280,0.5275,0.0570,4.3089,-0.4080,0.4156,5.1398,0.0000,3.0000
5.1398,1471,5.1923,0.0000,3.0028,2.0280,0.5275,0.0570,4.3089,-0.4080,0.4156,5.1398,0.0000,3.0000
5.1398,1472,5.1922,0.0000,3.0028,2.0280,0.5275,0.0570,4.3086,-0.4083,0.4155,5.1398,0.0000,3.0000
5.1398,1473,5.1921,0.0000,3.0028,2.0280,0.5275,0.0570,4.3085,-0.4087,0.4155,5.1398,0.0000,3.0000
5.1398,1474,5.1921,0.0000,3.0028,2.0280,0.5275,0.0570,4.3085,-0.4087,0.4155,5.1398,0.0000,3.0000
5.1398,1475,5.1920,0.0000,3.0028,2.0280,0.5275,0.0570,4.3083,-0.4092,0.4154,5.1398,0.0000,3.0000
5.1398,1476,5.1919,0.0000,3.0028,2.0280,0.5275,0.0570,4.3083,-0.4096,0.4153,5.1398,0.0000,3.0000
5.1398,1477,5.1919,0.0000,3.0028,2.0280,0.5275,0.0570,4.3083,-0.4096,0.4153,5.1398,0.0000,3.0000
5.1398,1478,5.1919,0.0000,3.0028,2.0280,0.5275,0.0570,4.3085,-0.4102,0.4152,5.1398,0.0000,3.0000
5.1398,1479,5.1919,0.0000,3.0028,2.0280,0.5275,0.0570,4.3085,-0.4102,0.4152,5.1398,0.0000,3.0000
5.1398,1480,5.1918,0.0000,3.0027,2.0280,0.5275,0.0570,4.3087,-0.4108,0.4151,5.1398,0.0000,3.0000
5.1398,1481,5.1918,0.0000,3.0027,2.0280,0.5275,0.0570,4.3087,-0.4108,0.4151,5.1398,0.0000,3.0000
5.1398,1482,5.1917,0.0000,3.0027,2.0280,0.5275,0.0570,4.3087,-0.4115,0.4150,5.1398,0.0000,3.0000
5.1398,1483,5.1916,0.0000,3.0027,2.0280,0.5275,0.0570,4.3087,-0.4122,0.4149,5.1398,0.0000,3.0000
5.1398,1484,5.1916,0.0000,3.0027,2.0280,0.5275,0.0570,4.3087,-0.4122,0.4149,5.1398,0.0000,3.0000
5.1398,1485,5.1915,0.0000,3.0027,2.0280,0.5275,0.0570,4.3087,-0.4126,0.4149,5.1398,0.0000,3.0000
5.1398,1486,5.1915,0.0000,3.0027,2.0279,0.5275,0.0571,4.3086,-0.4129,0.4151,5.1398,0.0000,3.0000
5.1398,1487,5.1915,0.0000,3.0027,2.0279,0.5275,0.0571,4.3086,-0.4129,0.4151,5.1398,0.0000,3.0000
5.1398,1488,5.1914,0.0000,3.0027,2.0278,0.5274,0.0576,4.3086,-0.4129,0.4152,5.1398,0.0000,3.0000
5.1398,1489,5.1913,0.0000,3.0027,2.0277,0.5273,0.0578,4.3086,-0.4127,0.4152,5.1398,0.0000,3.0000
5.1398,1490,5.1913,0.0000,3.0027,2.0277,0.5273,0.0578,4.3086,-0.4127,0.4152,5.1398,0.0000,3.0000
5.1398,1491,5.1912,0.0000,3.0027,2.0276,0.5274,0.0579,4.3085,-0.4123,0.4153,5.1398,0.0000,3.0000
5.1398,1492,5.1911,0.0000,3.0027,2.0277,0.5279,0.0587,4.3082,-0.4119,0.4151,5.1398,0.0000,3.0000
5.1398,1493,5.1911,0.0000,3.0027,2.0277,0.5279,0.0587,4.3082,-0.4119,0.4151,5.1398,0.0000,3.0000
5.1398,1494,5.1911,0.0000,3.0027,2.0278,0.5285,0.0601,4.3080,-0.4116,0.4152,5.1398,0.0000,3.0000
5.1398,1495,5.1910,0.0000,3.0027,2.0279,0.5285,0.0620,4.3077,-0.4115,0.4152,5.1398,0.0000,3.0000
5.1398,1496,5.1910,0.0000,3.0027,2.0279,0.5285,0.0620,4.3077,-0.4115,0.4152,5.1398,0.0000,3.0000
5.1398,1497,5.1909,0.0000,3.0027,2.0274,0.5280,0.0637,4.3074,-0.4115,0.4151,5.1398,0.0000,3.0000
5.1398,1498,5.1909,0.0000,3.0027,2.0274,0.5280,0.0637,4.3074,-0.4115,0.4151,5.1398,0.0000,3.0000
5.1398,1499,5.1908,0.0000,3.0027,2.0266,0.5277,0.0637,4.3073,-0.4115,0.4151,5.1398,0.0000,3.0000
5.1398,1500,5.1907,0.0000,3.0027,2.0259,0.5282,0.0623,4.3073,-0.4115,0.4151,5.1398,0.0000,3.0000
5.1398,1501,5.1907,0.0000,3.0027,2.0259,0.5282,0.0623,4.3073,-0.4115,0.4151,5.1398,0.0000,3.0000
5.1398,1502,5.1907,0.0000,3.0027,2.0267,0.5293,0.0620,4.3075,-0.4112,0.4152,5.1398,0.0000,3.0000
5.1398,1503,5.1906,0.0000,3.0027,2.0272,0.5299,0.0614,4.3077,-0.4109,0.4153,5.1398,0.0000,3.0000
5.1398,1504,5.1906,0.0000,3.0027,2.0272,0.5299,0.0614,4.3077,-0.4109,0.4153,5.1398,0.0000,3.0000
5.1398,1505,5.1905,0.0000,3.0027,2.0276,0.5295,0.0598,4.3079,-0.4106,0.4153,5.1398,0.0000,3.0000
5.1398,1506,5.1904,0.0000,3.0027,2.0283,0.5288,0.0581,4.3082,-0.4105,0.4153,5.1398,0.0000,3.0000
5.1398,1507,5.1904,0.0000,3.0027,2.0283,0.5288,0.0581,4.3082,-0.4105,0.4153,5.1398,0.0000,3.0000
5.1398,1508,5.1904,0.0000,3.0027,2.0291,0.5291,0.0570,4.3085,-0.4105,0.4154,5.1398,0.0000,3.0000
5.1398,1509,5.1904,0.0000,3.0027,2.0291,0.5292,0.0570,4.3085,-0.4105,0.4154,5.1398,0.0000,3.0000
5.1398,1510,5.1903,0.0000,3.0027,2.0291,0.5292,0.0570,4.3087,-0.4107,0.4153,5.1398,0.0000,3.0000
5.1398,1511,5.1902,0.0000,3.0027,2.0290,0.5293,0.0570,4.3089,-0.4110,0.4153,5.1398,0.0000,3.0000
5.1398,1512,5.1901,0.0000,3.0027,2.0290,0.5293,0.0570,4.3090,-0.4114,0.4152,5.1398,0.0000,3.0000
5.1398,1513,5.1901,0.0000,3.0027,2.0290,0.5293,0.0570,4.3090,-0.4114,0.4152,5.1398,0.0000,3.0000
5.1398,1514,5.1900,0.0000,3.0027,2.0290,0.5293,0.0573,4.3091,-0.4119,0.4151,5.1398,0.0000,3.0000
5.1398,1515,5.1900,0.0000,3.0026,2.0291,0.5294,0.0584,4.3092,-0.4125,0.4150,5.1398,0.0000,3.0000
5.1398,1516,5.1900,0.0000,3.0026,2.0291,0.5294,0.0584,4.3092,-0.4125,0.4150,5.1398,0.0000,3.0000
5.1398,1517,5.1899,0.0000,3.0026,2.0294,0.5295,0.0589,4.3094,-0.4131,0.4149,5.1398,0.0000,3.0000
5.1398,1518,5.1899,0.0000,3.0026,2.0294,0.5295,0.0589,4.3094,-0.4131,0.4149,5.1398,0.0000,3.0000
5.1398,1519,5.1898,0.0000,3.0026,2.0298,0.5297,0.0594,4.3094,-0.4137,0.4149,5.1398,0.0000,3.0000
5.1398,1520,5.1898,0.0000,3.0026,2.0298,0.5297,0.0594,4.3094,-0.4137,0.4149,5.1398,0.0000,3.0000
5.1398,1521,5.1897,0.0000,3.0026,2.0305,0.5302,0.0606,4.3093,-0.4142,0.4148,5.1398,0.0000,3.0000
5.1398,1522,5.1897,0.0000,3.0026,2.0315,0.5313,0.0624,4.3092,-0.4147,0.4147,5.1398,0.0000,3.0000
5.1398,1523,5.1897,0.0000,3.0026,2.0315,0.5313,0.0624,4.3092,-0.4147,0.4147,5.1398,0.0000,3.0000
5.1398,1524,5.1896,0.0000,3.0026,2.0326,0.5323,0.0642,4.3089,-0.4153,0.4146,5.1398,0.0000,3.0000
5.1398,1525,5.1896,0.0000,3.0026,2.0326,0.5323,0.0642,4.3089,-0.4153,0.4146,5.1398,0.0000,3.0000
5.1398,1526,5.1895,0.0000,3.0026,2.0328,0.5330,0.0659,4.3086,-0.4157,0.4145,5.1398,0.0000,3.0000
5.1398,1527,5.1894,0.0000,3.0026,2.0324,0.5335,0.0668,4.3083,-0.4161,0.4144,5.1398,0.0000,3.0000
5.1398,1528,5.1894,0.0000,3.0026,2.0324,0.5335,0.0668,4.3083,-0.4161,0.4144,5.1398,0.0000,3.0000
5.1398,1529,5.1894,0.0000,3.0026,2.0311,0.5339,0.0664,4.3079,-0.4164,0.4144,5.1398,0.0000,3.0000
5.1398,1530,5.1893,0.0000,3.0026,2.0295,0.5344,0.0636,4.3077,-0.4167,0.4143,5.1398,0.0000,3.0000
5.1398,1531,5.1893,0.0000,3.0026,2.0295,0.5344,0.0636,4.3077,-0.4167,0.4143,5.1398,0.0000,3.0000
5.1398,1532,5.1892,0.0000,3.0026,2.0305,0.5353,0.0625,4.3074,-0.4170,0.4143,5.1398,0.0000,3.0000
5.1398,1533,5.1892,0.0000,3.0026,2.0305,0.5353,0.0625,4.3074,-0.4170,0.4143,5.1398,0.0000,3.0000
5.1398,1534,5.1891,0.0000,3.0026,2.0311,0.5358,0.0618,4.3073,-0.4171,0.4142,5.1398,0.0000,3.0000
5.1398,1535,5.1891,0.0000,3.0026,2.0317,0.5361,0.0612,4.3073,-0.4171,0.4143,5.1398,0.0000,3.0000
5.1398,1536,5.1891,0.0000,3.0026,2.0317,0.5361,0.0612,4.3073,-0.4171,0.4143,5.1398,0.0000,3.0000
5.1398,1537,5.1890,0.0000,3.0026,2.0319,0.5361,0.0603,4.3073,-0.4169,0.4145,5.1398,0.0000,3.0000
5.1398,1538,5.1890,0.0000,3.0026,2.0319,0.5361,0.0603,4.3073,-0.4169,0.4145,5.1398,0.0000,3.0000
5.1398,1539,5.1889,0.0000,3.0026,2.0329,0.5368,0.0592,4.3070,-0.4166,0.4149,5.1398,0.0000,3.0000
5.1398,1540,5.1888,0.0000,3.0026,2.0344,0.5379,0.0579,4.3068,-0.4163,0.4151,5.1398,0.0000,3.0000
5.1398,1541,5.1888,0.0000,3.0026,2.0344,0.5379,0.0579,4.3068,-0.4163,0.4151,5.1398,0.0000,3.0000
5.1398,1542,5.1888,0.0000,3.0026,2.0353,0.5387,0.0570,4.3065,-0.4158,0.4154,5.1398,0.0000,3.0000
5.1398,1543,5.1887,0.0000,3.0026,2.0354,0.5387,0.0571,4.3060,-0.4152,0.4156,5.1398,0.0000,3.0000
5.1398,1544,5.1887,0.0000,3.0026,2.0354,0.5387,0.0571,4.3060,-0.4152,0.4156,5.1398,0.0000,3.0000
5.1398,1545,5.1886,0.0000,3.0026,2.0359,0.5387,0.0579,4.3057,-0.4144,0.4157,5.1398,0.0000,3.0000
5.1398,1546,5.1885,0.0000,3.0026,2.0365,0.5387,0.0594,4.3054,-0.4135,0.4156,5.1398,0.0000,3.0000
5.1398,1547,5.1885,0.0000,3.0026,2.0365,0.5387,0.0594,4.3054,-0.4135,0.4156,5.1398,0.0000,3.0000
5.1398,1548,5.1885,0.0000,3.0026,2.0375,0.5400,0.0603,4.3053,-0.4124,0.4134,5.1398,0.0000,3.0000
5.1398,1549,5.1884,0.0000,3.0026,2.0387,0.5408,0.0604,4.3048,-0.4118,0.4124,5.1398,0.0000,3.0000
5.1398,1550,5.1884,0.0000,3.0026,2.0387,0.5408,0.0604,4.3048,-0.4118,0.4124,5.1398,0.0000,3.0000
5.1398,1551,5.1883,0.0000,3.0026,2.0398,0.5410,0.0618,4.3040,-0.4118,0.4134,5.1398,0.0000,3.0000
5.1398,1552,5.1883,0.0000,3.0026,2.0398,0.5410,0.0618,4.3040,-0.4118,0.4134,5.1398,0.0000,3.0000
5.1398,1553,5.1882,0.0000,3.0025,2.0410,0.5413,0.0644,4.3032,-0.4121,0.4150,5.1398,0.0000,3.0000
5.1398,1554,5.1882,0.0000,3.0025,2.0421,0.5413,0.0673,4.3027,-0.4121,0.4149,5.1398,0.0000,3.0000
5.1398,1555,5.1882,0.0000,3.0025,2.0421,0.5413,0.0673,4.3027,-0.4121,0.4149,5.1398,0.0000,3.0000
5.1398,1556,5.1881,0.0000,3.0025,2.0428,0.5406,0.0704,4.3024,-0.4120,0.4149,5.1398,0.0000,3.0000
5.1398,1557,5.1881,0.0000,3.0025,2.0428,0.5406,0.0704,4.3024,-0.4120,0.4149,5.1398,0.0000,3.0000
5.1398,1558,5.1880,0.0000,3.0025,2.0429,0.5398,0.0725,4.3022,-0.4119,0.4149,5.1398,0.0000,3.0000
5.1398,1559,5.1880,0.0000,3.0025,2.0429,0.5398,0.0725,4.3022,-0.4119,0.4149,5.1398,0.0000,3.0000
5.1398,1560,5.1879,0.0000,3.0025,2.0426,0.5404,0.0727,4.3022,-0.4116,0.4150,5.1398,0.0000,3.0000
5.1398,1561,5.1879,0.0000,3.0025,2.0420,0.5415,0.0705,4.3022,-0.4112,0.4150,5.1398,0.0000,3.0000
5.1398,1562,5.1879,0.0000,3.0025,2.0420,0.5415,0.0705,4.3022,-0.4112,0.4150,5.1398,0.0000,3.0000
5.1398,1563,5.1878,0.0000,3.0025,2.0410,0.5423,0.0644,4.3024,-0.4106,0.4151,5.1398,0.0000,3.0000
5.1398,1564,5.1878,0.0000,3.0025,2.0410,0.5423,0.0644,4.3024,-0.4106,0.4151,5.1398,0.0000,3.0000
5.1398,1565,5.1877,0.0000,3.0025,2.0416,0.5431,0.0594,4.3025,-0.4100,0.4153,5.1398,0.0000,3.0000
5.1398,1566,5.1876,0.0000,3.0025,2.0434,0.5442,0.0574,4.3026,-0.4092,0.4154,5.1398,0.0000,3.0000
5.1398,1567,5.1876,0.0000,3.0025,2.0434,0.5442,0.0574,4.3026,-0.4092,0.4154,5.1398,0.0000,3.0000
5.1398,1568,5.1876,0.0000,3.0025,2.0437,0.5444,0.0570,4.3025,-0.4083,0.4156,5.1398,0.0000,3.0000
5.1398,1569,5.1875,0.0000,3.0025,2.0436,0.5444,0.0570,4.3025,-0.4076,0.4157,5.1398,0.0000,3.0000
5.1398,1570,5.1875,0.0000,3.0025,2.0436,0.5444,0.0570,4.3025,-0.4076,0.4157,5.1398,0.0000,3.0000
5.1398,1571,5.1874,0.0000,3.0025,2.0436,0.5444,0.0570,4.3026,-0.4071,0.4157,5.1398,0.0000,3.0000
5.1398,1572,5.1874,0.0000,3.0025,2.0436,0.5444,0.0570,4.3026,-0.4071,0.4157,5.1398,0.0000,3.0000
5.1398,1573,5.1873,0.0000,3.0025,2.0437,0.5445,0.0572,4.3026,-0.4067,0.4158,5.1398,0.0000,3.0000
5.1398,1574,5.1873,0.0000,3.0025,2.0438,0.5446,0.0572,4.3024,-0.4065,0.4158,5.1398,0.0000,3.0000
5.1398,1575,5.1873,0.0000,3.0025,2.0438,0.5446,0.0572,4.3024,-0.4065,0.4158,5.1398,0.0000,3.0000
5.1398,1576,5.1872,0.0000,3.0025,2.0438,0.5447,0.0574,4.3021,-0.4063,0.4158,5.1398,0.0000,3.0000
5.1398,1577,5.1871,0.0000,3.0025,2.0439,0.5453,0.0584,4.3019,-0.4062,0.4158,5.1398,0.0000,3.0000
5.1398,1578,5.1871,0.0000,3.0025,2.0439,0.5453,0.0584,4.3019,-0.4062,0.4158,5.1398,0.0000,3.0000
5.1398,1579,5.1870,0.0000,3.0025,2.0443,0.5461,0.0599,4.3016,-0.4064,0.4157,5.1398,0.0000,3.0000
5.1398,1580,5.1870,0.0000,3.0025,2.0448,0.5467,0.0618,4.3014,-0.4068,0.4156,5.1398,0.0000,3.0000
5.1398,1581,5.1870,0.0000,3.0025,2.0448,0.5467,0.0618,4.3014,-0.4068,0.4156,5.1398,0.0000,3.0000
5.1398,1582,5.1869,0.0000,3.0025,2.0454,0.5475,0.0635,4.3012,-0.4072,0.4156,5.1398,0.0000,3.0000
5.1398,1583,5.1868,0.0000,3.0025,2.0458,0.5480,0.0648,4.3010,-0.4076,0.4155,5.1398,0.0000,3.0000
5.1398,1584,5.1868,0.0000,3.0025,2.0458,0.5480,0.0648,4.3010,-0.4076,0.4155,5.1398,0.0000,3.0000
5.1398,1585,5.1867,0.0000,3.0025,2.0455,0.5484,0.0657,4.3009,-0.4078,0.4154,5.1398,0.0000,3.0000
5.1398,1586,5.1867,0.0000,3.0025,2.0455,0.5484,0.0657,4.3009,-0.4078,0.4154,5.1398,0.0000,3.0000
5.1398,1587,5.1867,0.0000,3.0025,2.0445,0.5489,0.0656,4.3009,-0.4079,0.4155,5.1398,0.0000,3.0000
5.1398,1588,5.1866,0.0000,3.0025,2.0431,0.5487,0.0656,4.3009,-0.4078,0.4155,5.1398,0.0000,3.0000
5.1398,1589,5.1866,0.0000,3.0025,2.0431,0.5487,0.0656,4.3009,-0.4078,0.4155,5.1398,0.0000,3.0000
5.1398,1590,5.1865,0.0000,3.0025,2.0427,0.5486,0.0657,4.3011,-0.4075,0.4155,5.1398,0.0000,3.0000
5.1398,1591,5.1864,0.0000,3.0025,2.0427,0.5486,0.0653,4.3013,-0.4072,0.4156,5.1398,0.0000,3.0000
5.1398,1592,5.1864,0.0000,3.0025,2.0427,0.5486,0.0653,4.3013,-0.4072,0.4156,5.1398,0.0000,3.0000
5.1398,1593,5.1864,0.0000,3.0025,2.0431,0.5487,0.0646,4.3014,-0.4068,0.4157,5.1398,0.0000,3.0000
5.1398,1594,5.1863,0.0000,3.0024,2.0437,0.5490,0.0641,4.3014,-0.4065,0.4157,5.1398,0.0000,3.0000
5.1398,1595,5.1863,0.0000,3.0024,2.0437,0.5490,0.0641,4.3014,-0.4065,0.4157,5.1398,0.0000,3.0000
5.1398,1596,5.1862,0.0000,3.0024,2.0439,0.5491,0.0633,4.3015,-0.4063,0.4157,5.1398,0.0000,3.0000
5.1398,1597,5.1861,0.0000,3.0024,2.0446,0.5495,0.0625,4.3018,-0.4064,0.4157,5.1398,0.0000,3.0000
5.1398,1598,5.1861,0.0000,3.0024,2.0446,0.5495,0.0625,4.3018,-0.4064,0.4157,5.1398,0.0000,3.0000
5.1398,1599,5.1861,0.0000,3.0024,2.0454,0.5501,0.0617,4.3021,-0.4066,0.4157,5.1398,0.0000,3.0000
5.1398,1600,5.1861,0.0000,3.0024,2.0454,0.5501,0.0617,4.3021,-0.4066,0.4157,5.1398,0.0000,3.0000
5.1398,1601,5.1860,0.0000,3.0024,2.0464,0.5508,0.0609,4.3024,-0.4070,0.4156,5.1398,0.0000,3.0000
5.1398,1602,5.1859,0.0000,3.0024,2.0474,0.5514,0.0601,4.3028,-0.4076,0.4156,5.1398,0.0000,3.0000
5.1398,1603,5.1859,0.0000,3.0024,2.0474,0.5514,0.0601,4.3028,-0.4076,0.4156,5.1398,0.0000,3.0000
5.1398,1604,5.1858,0.0000,3.0024,2.0484,0.5520,0.0592,4.3031,-0.4081,0.4155,5.1398,0.0000,3.0000
5.1398,1605,5.1858,0.0000,3.0024,2.0502,0.5528,0.0607,4.3033,-0.4087,0.4154,5.1398,0.0000,3.0000
5.1398,1606,5.1858,0.0000,3.0024,2.0502,0.5528,0.0607,4.3033,-0.4087,0.4154,5.1398,0.0000,3.0000
5.1398,1607,5.1857,0.0000,3.0024,2.0523,0.5534,0.0625,4.3034,-0.4092,0.4153,5.1398,0.0000,3.0000
5.1398,1608,5.1857,0.0000,3.0024,2.0523,0.5534,0.0625,4.3034,-0.4092,0.4153,5.1398,0.0000,3.0000
5.1398,1609,5.1856,0.0000,3.0024,2.0549,0.5543,0.0645,4.3034,-0.4096,0.4153,5.1398,0.0000,3.0000
5.1398,1610,5.1856,0.0000,3.0024,2.0579,0.5551,0.0667,4.3034,-0.4099,0.4152,5.1398,0.0000,3.0000
5.1398,1611,5.1856,0.0000,3.0024,2.0579,0.5551,0.0667,4.3034,-0.4099,0.4152,5.1398,0.0000,3.0000
5.1398,1612,5.1855,0.0000,3.0024,2.0607,0.5560,0.0693,4.3032,-0.4102,0.4152,5.1398,0.0000,3.0000
5.1398,1613,5.1854,0.0000,3.0024,2.0633,0.5567,0.0721,4.3032,-0.4104,0.4151,5.1398,0.0000,3.0000
5.1398,1614,5.1854,0.0000,3.0024,2.0633,0.5567,0.0721,4.3032,-0.4104,0.4151,5.1398,0.0000,3.0000
5.1398,1615,5.1853,0.0000,3.0024,2.0659,0.5577,0.0745,4.3031,-0.4108,0.4151,5.1398,0.0000,3.0000
5.1398,1616,5.1853,0.0000,3.0024,2.0681,0.5590,0.0761,4.3028,-0.4111,0.4150,5.1398,0.0000,3.0000
5.1398,1617,5.1853,0.0000,3.0024,2.0681,0.5590,0.0761,4.3028,-0.4111,0.4150,5.1398,0.0000,3.0000
5.1398,1618,5.1852,0.0000,3.0024,2.0695,0.5605,0.0769,4.3025,-0.4114,0.4149,5.1398,0.0000,3.0000
5.1398,1619,5.1852,0.0000,3.0024,2.0695,0.5605,0.0769,4.3025,-0.4114,0.4149,5.1398,0.0000,3.0000
5.1398,1620,5.1851,0.0000,3.0024,2.0702,0.5620,0.0752,4.3021,-0.4117,0.4149,5.1398,0.0000,3.0000
5.1398,1621,5.1851,0.0000,3.0024,2.0710,0.5638,0.0711,4.3016,-0.4121,0.4148,5.1398,0.0000,3.0000
5.1398,1622,5.1851,0.0000,3.0024,2.0710,0.5638,0.0711,4.3016,-0.4121,0.4148,5.1398,0.0000,3.0000
5.1398,1623,5.1850,0.0000,3.0024,2.0725,0.5652,0.0647,4.3011,-0.4124,0.4147,5.1398,0.0000,3.0000
5.1398,1624,5.1850,0.0000,3.0024,2.0725,0.5652,0.0647,4.3011,-0.4124,0.4147,5.1398,0.0000,3.0000
5.1398,1625,5.1849,0.0000,3.0024,2.0734,0.5663,0.0570,4.3005,-0.4127,0.4147,5.1398,0.0000,3.0000
5.1398,1626,5.1849,0.0000,3.0024,2.0724,0.5683,0.0570,4.3000,-0.4130,0.4146,5.1398,0.0000,3.0000
5.1398,1627,5.1849,0.0000,3.0024,2.0724,0.5683,0.0570,4.3000,-0.4130,0.4146,5.1398,0.0000,3.0000
5.1398,1628,5.1848,0.0000,3.0024,2.0719,0.5686,0.0570,4.2996,-0.4131,0.4145,5.1398,0.0000,3.0000
5.1398,1629,5.1847,0.0000,3.0024,2.0718,0.5684,0.0570,4.2993,-0.4130,0.4145,5.1398,0.0000,3.0000
5.1398,1630,5.1847,0.0000,3.0024,2.0718,0.5684,0.0570,4.2993,-0.4130,0.4145,5.1398,0.0000,3.0000
5.1398,1631,5.1846,0.0000,3.0024,2.0715,0.5683,0.0570,4.2991,-0.4128,0.4146,5.1398,0.0000,3.0000
5.1398,1632,5.1846,0.0000,3.0024,2.0715,0.5683,0.0570,4.2991,-0.4128,0.4146,5.1398,0.0000,3.0000
5.1398,1633,5.1846,0.0000,3.0024,2.0717,0.5684,0.0572,4.2991,-0.4124,0.4146,5.1398,0.0000,3.0000
5.1398,1634,5.1845,0.0000,3.0024,2.0715,0.5682,0.0582,4.2993,-0.4118,0.4147,5.1398,0.0000,3.0000
5.1398,1635,5.1845,0.0000,3.0024,2.0715,0.5682,0.0582,4.2993,-0.4118,0.4147,5.1398,0.0000,3.0000
5.1398,1636,5.1844,0.0000,3.0024,2.0710,0.5677,0.0604,4.2995,-0.4112,0.4148,5.1398,0.0000,3.0000
5.1398,1637,5.1844,0.0000,3.0024,2.0709,0.5673,0.0629,4.2998,-0.4107,0.4149,5.1398,0.0000,3.0000
5.1398,1638,5.1844,0.0000,3.0024,2.0709,0.5673,0.0629,4.2998,-0.4107,0.4149,5.1398,0.0000,3.0000
5.1398,1639,5.1843,0.0000,3.0023,2.0714,0.5676,0.0643,4.3001,-0.4103,0.4150,5.1398,0.0000,3.0000
5.1398,1640,5.1843,0.0000,3.0023,2.0714,0.5676,0.0643,4.3001,-0.4103,0.4150,5.1398,0.0000,3.0000
5.1398,1641,5.1842,0.0000,3.0023,2.0721,0.5683,0.0647,4.3003,-0.4101,0.4150,5.1398,0.0000,3.0000
5.1398,1642,5.1842,0.0000,3.0023,2.0721,0.5689,0.0644,4.3006,-0.4103,0.4150,5.1398,0.0000,3.0000
5.1398,1643,5.1842,0.0000,3.0023,2.0721,0.5689,0.0644,4.3006,-0.4103,0.4150,5.1398,0.0000,3.0000
5.1398,1644,5.1841,0.0000,3.0023,2.0709,0.5692,0.0639,4.3007,-0.4106,0.4150,5.1398,0.0000,3.0000
5.1398,1645,5.1840,0.0000,3.0023,2.0696,0.5687,0.0646,4.3007,-0.4109,0.4149,5.1398,0.0000,3.0000
5.1398,1646,5.1840,0.0000,3.0023,2.0696,0.5687,0.0646,4.3007,-0.4109,0.4149,5.1398,0.0000,3.0000
5.1398,1647,5.1839,0.0000,3.0023,2.0683,0.5681,0.0654,4.3005,-0.4113,0.4148,5.1398,0.0000,3.0000
5.1398,1648,5.1839,0.0000,3.0023,2.0683,0.5681,0.0654,4.3005,-0.4113,0.4148,5.1398,0.0000,3.0000
5.1398,1649,5.1839,0.0000,3.0023,2.0676,0.5678,0.0656,4.3003,-0.4118,0.4147,5.1398,0.0000,3.0000
5.1398,1650,5.1838,0.0000,3.0023,2.0677,0.5681,0.0654,4.2999,-0.4122,0.4146,5.1398,0.0000,3.0000
5.1398,1651,5.1838,0.0000,3.0023,2.0677,0.5681,0.0654,4.2999,-0.4122,0.4146,5.1398,0.0000,3.0000
5.1398,1652,5.1837,0.0000,3.0023,2.0690,0.5685,0.0642,4.2995,-0.4126,0.4146,5.1398,0.0000,3.0000
5.1398,1653,5.1837,0.0000,3.0023,2.0700,0.5690,0.0635,4.2990,-0.4129,0.4145,5.1398,0.0000,3.0000
5.1398,1654,5.1837,0.0000,3.0023,2.0700,0.5690,0.0635,4.2990,-0.4129,0.4145,5.1398,0.0000,3.0000
5.1398,1655,5.1836,0.0000,3.0023,2.0704,0.5689,0.0629,4.2986,-0.4130,0.4144,5.1398,0.0000,3.0000
5.1398,1656,5.1835,0.0000,3.0023,2.0711,0.5693,0.0624,4.2985,-0.4128,0.4144,5.1398,0.0000,3.0000
5.1398,1657,5.1835,0.0000,3.0023,2.0711,0.5693,0.0624,4.2985,-0.4128,0.4144,5.1398,0.0000,3.0000
5.1398,1658,5.1835,0.0000,3.0023,2.0720,0.5698,0.0615,4.2986,-0.4126,0.4145,5.1398,0.0000,3.0000
5.1398,1659,5.1834,0.0000,3.0023,2.0731,0.5703,0.0607,4.2988,-0.4123,0.4145,5.1398,0.0000,3.0000
5.1398,1660,5.1834,0.0000,3.0023,2.0731,0.5703,0.0607,4.2988,-0.4123,0.4145,5.1398,0.0000,3.0000
5.1398,1661,5.1833,0.0000,3.0023,2.0742,0.5708,0.0599,4.2990,-0.4119,0.4146,5.1398,0.0000,3.0000
5.1398,1662,5.1833,0.0000,3.0023,2.0754,0.5714,0.0595,4.2990,-0.4114,0.4147,5.1398,0.0000,3.0000
5.1398,1663,5.1833,0.0000,3.0023,2.0754,0.5714,0.0595,4.2990,-0.4114,0.4147,5.1398,0.0000,3.0000
5.1398,1664,5.1832,0.0000,3.0023,2.0774,0.5718,0.0617,4.2988,-0.4109,0.4148,5.1398,0.0000,3.0000
5.1398,1665,5.1831,0.0000,3.0023,2.0801,0.5720,0.0640,4.2985,-0.4105,0.4149,5.1398,0.0000,3.0000
5.1398,1666,5.1831,0.0000,3.0023,2.0801,0.5720,0.0640,4.2985,-0.4105,0.4149,5.1398,0.0000,3.0000
5.1398,1667,5.1831,0.0000,3.0023,2.0833,0.5726,0.0665,4.2982,-0.4101,0.4149,5.1398,0.0000,3.0000
5.1398,1668,5.1831,0.0000,3.0023,2.0833,0.5726,0.0665,4.2982,-0.4101,0.4149,5.1398,0.0000,3.0000
5.1398,1669,5.1830,0.0000,3.0023,2.0871,0.5736,0.0688,4.2979,-0.4098,0.4149,5.1398,0.0000,3.0000
5.1398,1670,5.1830,0.0000,3.0023,2.0906,0.5746,0.0709,4.2977,-0.4097,0.4149,5.1398,0.0000,3.0000
5.1398,1671,5.1830,0.0000,3.0023,2.0906,0.5746,0.0709,4.2977,-0.4097,0.4149,5.1398,0.0000,3.0000
5.1398,1672,5.1829,0.0000,3.0023,2.0936,0.5754,0.0727,4.2973,-0.4098,0.4149,5.1398,0.0000,3.0000
5.1398,1673,5.1828,0.0000,3.0023,2.0957,0.5764,0.0744,4.2968,-0.4101,0.4148,5.1398,0.0000,3.0000
5.1398,1674,5.1828,0.0000,3.0023,2.0957,0.5764,0.0744,4.2968,-0.4101,0.4148,5.1398,0.0000,3.0000
5.1398,1675,5.1828,0.0000,3.0023,2.0974,0.5772,0.0755,4.2964,-0.4105,0.4147,5.1398,0.0000,3.0000
5.1398,1676,5.1827,0.0000,3.0023,2.0984,0.5780,0.0760,4.2961,-0.4107,0.4146,5.1398,0.0000,3.0000
5.1398,1677,5.1827,0.0000,3.0023,2.0984,0.5780,0.0760,4.2961,-0.4107,0.4146,5.1398,0.0000,3.0000
5.1398,1678,5.1826,0.0000,3.0023,2.0989,0.5791,0.0742,4.2958,-0.4109,0.4146,5.1398,0.0000,3.0000
5.1398,1679,5.1826,0.0000,3.0023,2.0989,0.5791,0.0742,4.2958,-0.4109,0.4146,5.1398,0.0000,3.0000
5.1398,1680,5.1826,0.0000,3.0023,2.0997,0.5801,0.0693,4.2957,-0.4108,0.4146,5.1398,0.0000,3.0000
5.1398,1681,5.1826,0.0000,3.0023,2.0997,0.5801,0.0693,4.2957,-0.4108,0.4146,5.1398,0.0000,3.0000
5.1398,1682,5.1825,0.0000,3.0023,2.1001,0.5812,0.0616,4.2955,-0.4106,0.4146,5.1398,0.0000,3.0000
5.1398,1683,5.1825,0.0000,3.0023,2.1001,0.5812,0.0616,4.2955,-0.4106,0.4146,5.1398,0.0000,3.0000
5.1398,1684,5.1825,0.0000,3.0023,2.1001,0.5812,0.0616,4.2955,-0.4106,0.4146,5.1398,0.0000,3.0000
5.1398,1685,5.1824,0.0000,3.0023,2.1005,0.5822,0.0570,4.2953,-0.4103,0.4147,5.1398,0.0000,3.0000
5.1398,1686,5.1824,0.0000,3.0023,2.1005,0.5822,0.0570,4.2953,-0.4103,0.4147,5.1398,0.0000,3.0000
5.1398,1687,5.1824,0.0000,3.0023,2.1005,0.5822,0.0570,4.2952,-0.4100,0.4147,5.1398,0.0000,3.0000
5.1398,1688,5.1823,0.0000,3.0023,2.1005,0.5824,0.0570,4.2952,-0.4095,0.4148,5.1398,0.0000,3.0000
5.1398,1689,5.1823,0.0000,3.0023,2.1005,0.5824,0.0570,4.2952,-0.4095,0.4148,5.1398,0.0000,3.0000
5.1398,1690,5.1822,0.0000,3.0022,2.1004,0.5824,0.0569,4.2953,-0.4089,0.4149,5.1398,0.0000,3.0000
5.1398,1691,5.1822,0.0000,3.0022,2.1004,0.5824,0.0569,4.2955,-0.4082,0.4150,5.1398,0.0000,3.0000
5.1398,1692,5.1822,0.0000,3.0022,2.1004,0.5824,0.0569,4.2955,-0.4082,0.4150,5.1398,0.0000,3.0000
5.1398,1693,5.1821,0.0000,3.0022,2.1005,0.5824,0.0570,4.2957,-0.4076,0.4151,5.1398,0.0000,3.0000
5.1398,1694,5.1820,0.0000,3.0022,2.1001,0.5821,0.0582,4.2959,-0.4071,0.4152,5.1398,0.0000,3.0000
5.1398,1695,5.1820,0.0000,3.0022,2.1001,0.5821,0.0582,4.2959,-0.4071,0.4152,5.1398,0.0000,3.0000
5.1398,1696,5.1820,0.0000,3.0022,2.0995,0.5813,0.0610,4.2961,-0.4068,0.4152,5.1398,0.0000,3.0000
5.1398,1697,5.1819,0.0000,3.0022,2.0993,0.5806,0.0643,4.2964,-0.4068,0.4152,5.1398,0.0000,3.0000
5.1398,1698,5.1819,0.0000,3.0022,2.0993,0.5806,0.0643,4.2964,-0.4068,0.4152,5.1398,0.0000,3.0000
5.1398,1699,5.1818,0.0000,3.0022,2.1000,0.5811,0.0666,4.2968,-0.4071,0.4152,5.1398,0.0000,3.0000
5.1398,1700,5.1818,0.0000,3.0022,2.1000,0.5811,0.0666,4.2968,-0.4071,0.4152,5.1398,0.0000,3.0000
5.1398,1701,5.1818,0.0000,3.0022,2.1011,0.5820,0.0672,4.2972,-0.4075,0.4151,5.1398,0.0000,3.0000
5.1398,1702,5.1817,0.0000,3.0022,2.1015,0.5829,0.0668,4.2975,-0.4079,0.4151,5.1398,0.0000,3.0000
5.1398,1703,5.1817,0.0000,3.0022,2.1015,0.5829,0.0668,4.2975,-0.4079,0.4151,5.1398,0.0000,3.0000
5.1398,1704,5.1816,0.0000,3.0022,2.1007,0.5834,0.0661,4.2976,-0.4084,0.4150,5.1398,0.0000,3.0000
5.1398,1705,5.1816,0.0000,3.0022,2.0992,0.5835,0.0654,4.2977,-0.4090,0.4149,5.1398,0.0000,3.0000
5.1398,1706,5.1816,0.0000,3.0022,2.0992,0.5835,0.0654,4.2977,-0.4090,0.4149,5.1398,0.0000,3.0000
5.1398,1707,5.1815,0.0000,3.0022,2.0979,0.5830,0.0661,4.2977,-0.4096,0.4148,5.1398,0.0000,3.0000
5.1398,1708,5.1815,0.0000,3.0022,2.0979,0.5830,0.0661,4.2977,-0.4096,0.4148,5.1398,0.0000,3.0000
5.1398,1709,5.1815,0.0000,3.0022,2.0970,0.5827,0.0665,4.2978,-0.4101,0.4147,5.1398,0.0000,3.0000
5.1398,1710,5.1814,0.0000,3.0022,2.0963,0.5828,0.0668,4.2978,-0.4107,0.4146,5.1398,0.0000,3.0000
5.1398,1711,5.1814,0.0000,3.0022,2.0963,0.5828,0.0668,4.2978,-0.4107,0.4146,5.1398,0.0000,3.0000
5.1398,1712,5.1813,0.0000,3.0022,2.0970,0.5830,0.0659,4.2976,-0.4113,0.4145,5.1398,0.0000,3.0000
5.1398,1713,5.1813,0.0000,3.0022,2.0979,0.5832,0.0654,4.2973,-0.4118,0.4144,5.1398,0.0000,3.0000
5.1398,1714,5.1813,0.0000,3.0022,2.0979,0.5832,0.0654,4.2973,-0.4118,0.4144,5.1398,0.0000,3.0000
5.1398,1715,5.1812,0.0000,3.0022,2.0980,0.5832,0.0650,4.2971,-0.4124,0.4143,5.1398,0.0000,3.0000
5.1398,1716,5.1811,0.0000,3.0022,2.0986,0.5834,0.0644,4.2970,-0.4131,0.4142,5.1398,0.0000,3.0000
5.1398,1717,5.1811,0.0000,3.0022,2.0986,0.5834,0.0644,4.2970,-0.4131,0.4142,5.1398,0.0000,3.0000
5.1398,1718,5.1811,0.0000,3.0022,2.0995,0.5838,0.0638,4.2967,-0.4137,0.4141,5.1398,0.0000,3.0000
5.1398,1719,5.1810,0.0000,3.0022,2.1005,0.5842,0.0632,4.2965,-0.4142,0.4140,5.1398,0.0000,3.0000
5.1398,1720,5.1810,0.0000,3.0022,2.1005,0.5842,0.0632,4.2965,-0.4142,0.4140,5.1398,0.0000,3.0000
5.1398,1721,5.1809,0.0000,3.0022,2.1011,0.5844,0.0628,4.2964,-0.4145,0.4140,5.1398,0.0000,3.0000
5.1398,1722,5.1809,0.0000,3.0022,2.1011,0.5844,0.0628,4.2964,-0.4145,0.4140,5.1398,0.0000,3.0000
5.1398,1723,5.1809,0.0000,3.0022,2.1017,0.5845,0.0623,4.2963,-0.4146,0.4144,5.1398,0.0000,3.0000
5.1398,1724,5.1808,0.0000,3.0022,2.1036,0.5849,0.0626,4.2961,-0.4146,0.4148,5.1398,0.0000,3.0000
5.1398,1725,5.1808,0.0000,3.0022,2.1036,0.5849,0.0626,4.2961,-0.4146,0.4148,5.1398,0.0000,3.0000
5.1398,1726,5.1807,0.0000,3.0022,2.1060,0.5854,0.0644,4.2957,-0.4145,0.4153,5.1398,0.0000,3.0000
5.1398,1727,5.1807,0.0000,3.0022,2.1084,0.5855,0.0656,4.2957,-0.4145,0.4153,5.1398,0.0000,3.0000
5.1398,1728,5.1807,0.0000,3.0022,2.1084,0.5855,0.0656,4.2950,-0.4142,0.4158,5.1398,0.0000,3.0000
5.1398,1729,5.1806,0.0000,3.0022,2.1103,0.5856,0.0667,4.2946,-0.4137,0.4156,5.1398,0.0000,3.0000
5.1398,1730,5.1806,0.0000,3.0022,2.1103,0.5856,0.0667,4.2946,-0.4137,0.4156,5.1398,0.0000,3.0000
5.1398,1731,5.1805,0.0000,3.0022,2.1115,0.5858,0.0679,4.2941,-0.4131,0.4155,5.1398,0.0000,3.0000
5.1398,1732,5.1805,0.0000,3.0022,2.1122,0.5860,0.0687,4.2935,-0.4124,0.4155,5.1398,0.0000,3.0000
5.1398,1733,5.1805,0.0000,3.0022,2.1122,0.5860,0.0687,4.2935,-0.4124,0.4155,5.1398,0.0000,3.0000
5.1398,1734,5.1804,0.0000,3.0022,2.1126,0.5860,0.0692,4.2928,-0.4116,0.4153,5.1398,0.0000,3.0000
5.1398,1735,5.1803,0.0000,3.0022,2.1124,0.5859,0.0699,4.2920,-0.4107,0.4149,5.1398,0.0000,3.0000
5.1398,1736,5.1803,0.0000,3.0022,2.1124,0.5859,0.0699,4.2920,-0.4107,0.4149,5.1398,0.0000,3.0000
5.1398,1737,5.1803,0.0000,3.0022,2.1120,0.5858,0.0705,4.2912,-0.4096,0.4144,5.1398,0.0000,3.0000
5.1398,1738,5.1802,0.0000,3.0022,2.1116,0.5863,0.0705,4.2904,-0.4085,0.4140,5.1398,0.0000,3.0000
5.1398,1739,5.1802,0.0000,3.0022,2.1116,0.5863,0.0705,4.2904,-0.4085,0.4140,5.1398,0.0000,3.0000
5.1398,1740,5.1802,0.0000,3.0021,2.1111,0.5870,0.0690,4.2896,-0.4072,0.4133,5.1398,0.0000,3.0000
5.1398,1741,5.1802,0.0000,3.0021,2.1111,0.5870,0.0690,4.2896,-0.4072,0.4133,5.1398,0.0000,3.0000
5.1398,1742,5.1801,0.0000,3.0021,2.1109,0.5880,0.0647,4.2888,-0.4058,0.4125,5.1398,0.0000,3.0000
5.1398,1743,5.1800,0.0000,3.0021,2.1121,0.5891,0.0614,4.2879,-0.4046,0.4128,5.1398,0.0000,3.0000
5.1398,1744,5.1800,0.0000,3.0021,2.1121,0.5891,0.0614,4.2879,-0.4046,0.4128,5.1398,0.0000,3.0000
5.1398,1745,5.1800,0.0000,3.0021,2.1136,0.5897,0.0604,4.2871,-0.4034,0.4129,5.1398,0.0000,3.0000
5.1398,1746,5.1799,0.0000,3.0021,2.1146,0.5899,0.0595,4.2864,-0.4022,0.4131,5.1398,0.0000,3.0000
5.1398,1747,5.1799,0.0000,3.0021,2.1146,0.5899,0.0595,4.2864,-0.4022,0.4131,5.1398,0.0000,3.0000
5.1398,1748,5.1798,0.0000,3.0021,2.1156,0.5902,0.0584,4.2858,-0.4010,0.4132,5.1398,0.0000,3.0000
5.1398,1749,5.1798,0.0000,3.0021,2.1163,0.5904,0.0578,4.2858,-0.4010,0.4132,5.1398,0.0000,3.0000
5.1398,1750,5.1798,0.0000,3.0021,2.1163,0.5904,0.0578,4.2855,-0.3998,0.4134,5.1398,0.0000,3.0000
5.1398,1751,5.1797,0.0000,3.0021,2.1164,0.5905,0.0576,4.2853,-0.3988,0.4135,5.1398,0.0000,3.0000
5.1398,1752,5.1797,0.0000,3.0021,2.1164,0.5905,0.0576,4.2853,-0.3988,0.4135,5.1398,0.0000,3.0000
5.1398,1753,5.1796,0.0000,3.0021,2.1172,0.5908,0.0570,4.2853,-0.3978,0.4136,5.1398,0.0000,3.0000
5.1398,1754,5.1796,0.0000,3.0021,2.1184,0.5912,0.0577,4.2852,-0.3967,0.4137,5.1398,0.0000,3.0000
5.1398,1755,5.1796,0.0000,3.0021,2.1184,0.5912,0.0577,4.2852,-0.3967,0.4137,5.1398,0.0000,3.0000
5.1398,1756,5.1795,0.0000,3.0021,2.1209,0.5916,0.0588,4.2851,-0.3956,0.4139,5.1398,0.0000,3.0000
5.1398,1757,5.1794,0.0000,3.0021,2.1230,0.5916,0.0607,4.2851,-0.3944,0.4140,5.1398,0.0000,3.0000
5.1398,1758,5.1794,0.0000,3.0021,2.1230,0.5916,0.0607,4.2851,-0.3944,0.4140,5.1398,0.0000,3.0000
5.1398,1759,5.1794,0.0000,3.0021,2.1243,0.5910,0.0640,4.2852,-0.3936,0.4141,5.1398,0.0000,3.0000
5.1398,1760,5.1793,0.0000,3.0021,2.1252,0.5899,0.0679,4.2853,-0.3930,0.4141,5.1398,0.0000,3.0000
5.1398,1761,5.1793,0.0000,3.0021,2.1252,0.5899,0.0679,4.2853,-0.3930,0.4141,5.1398,0.0000,3.0000
5.1398,1762,5.1793,0.0000,3.0021,2.1259,0.5890,0.0711,4.2853,-0.3928,0.4141,5.1398,0.0000,3.0000
5.1398,1763,5.1792,0.0000,3.0021,2.1268,0.5883,0.0725,4.2852,-0.3927,0.4141,5.1398,0.0000,3.0000
5.1398,1764,5.1792,0.0000,3.0021,2.1268,0.5883,0.0725,4.2852,-0.3927,0.4141,5.1398,0.0000,3.0000
5.1398,1765,5.1791,0.0000,3.0021,2.1268,0.5880,0.0723,4.2850,-0.3928,0.4140,5.1398,0.0000,3.0000
5.1398,1766,5.1791,0.0000,3.0021,2.1268,0.5880,0.0723,4.2850,-0.3928,0.4140,5.1398,0.0000,3.0000
5.1398,1767,5.1791,0.0000,3.0021,2.1257,0.5882,0.0704,4.2848,-0.3928,0.4140,5.1398,0.0000,3.0000
5.1398,1768,5.1790,0.0000,3.0021,2.1232,0.5890,0.0662,4.2846,-0.3929,0.4139,5.1398,0.0000,3.0000
5.1398,1769,5.1790,0.0000,3.0021,2.1232,0.5890,0.0662,4.2846,-0.3929,0.4139,5.1398,0.0000,3.0000
5.1398,1770,5.1790,0.0000,3.0021,2.1221,0.5897,0.0612,4.2847,-0.3930,0.4138,5.1398,0.0000,3.0000
5.1398,1771,5.1789,0.0000,3.0021,2.1235,0.5902,0.0600,4.2847,-0.3934,0.4138,5.1398,0.0000,3.0000
5.1398,1772,5.1789,0.0000,3.0021,2.1235,0.5902,0.0600,4.2847,-0.3934,0.4138,5.1398,0.0000,3.0000
5.1398,1773,5.1788,0.0000,3.0021,2.1248,0.5906,0.0590,4.2847,-0.3938,0.4137,5.1398,0.0000,3.0000
5.1398,1774,5.1788,0.0000,3.0021,2.1258,0.5909,0.0581,4.2847,-0.3938,0.4137,5.1398,0.0000,3.0000
5.1398,1775,5.1788,0.0000,3.0021,2.1258,0.5909,0.0581,4.2847,-0.3942,0.4137,5.1398,0.0000,3.0000
5.1398,1776,5.1787,0.0000,3.0021,2.1272,0.5914,0.0570,4.2846,-0.3942,0.4137,5.1398,0.0000,3.0000
5.1398,1777,5.1787,0.0000,3.0021,2.1272,0.5914,0.0570,4.2846,-0.3942,0.4137,5.1398,0.0000,3.0000
5.1398,1778,5.1787,0.0000,3.0021,2.1274,0.5915,0.0570,4.2845,-0.3940,0.4139,5.1398,0.0000,3.0000
5.1398,1779,5.1786,0.0000,3.0021,2.1279,0.5917,0.0570,4.2844,-0.3934,0.4140,5.1398,0.0000,3.0000
5.1398,1780,5.1786,0.0000,3.0021,2.1279,0.5917,0.0570,4.2844,-0.3934,0.4140,5.1398,0.0000,3.0000
5.1398,1781,5.1785,0.0000,3.0021,2.1279,0.5915,0.0578,4.2843,-0.3929,0.4138,5.1398,0.0000,3.0000
5.1398,1782,5.1785,0.0000,3.0021,2.1279,0.5915,0.0578,4.2843,-0.3929,0.4138,5.1398,0.0000,3.0000
5.1398,1783,5.1785,0.0000,3.0021,2.1282,0.5908,0.0602,4.2844,-0.3925,0.4139,5.1398,0.0000,3.0000
5.1398,1784,5.1784,0.0000,3.0021,2.1288,0.5900,0.0640,4.2845,-0.3924,0.4139,5.1398,0.0000,3.0000
5.1398,1785,5.1784,0.0000,3.0021,2.1288,0.5900,0.0640,4.2845,-0.3924,0.4139,5.1398,0.0000,3.0000
5.1398,1786,5.1784,0.0000,3.0021,2.1304,0.5901,0.0675,4.2848,-0.3925,0.4138,5.1398,0.0000,3.0000
5.1398,1787,5.1783,0.0000,3.0021,2.1326,0.5910,0.0697,4.2850,-0.3929,0.4137,5.1398,0.0000,3.0000
5.1398,1788,5.1783,0.0000,3.0021,2.1326,0.5910,0.0697,4.2850,-0.3929,0.4137,5.1398,0.0000,3.0000
5.1398,1789,5.1782,0.0000,3.0021,2.1349,0.5919,0.0707,4.2852,-0.3934,0.4137,5.1398,0.0000,3.0000
5.1398,1790,5.1782,0.0000,3.0021,2.1360,0.5926,0.0712,4.2852,-0.3934,0.4137,5.1398,0.0000,3.0000
5.1398,1791,5.1782,0.0000,3.0021,2.1360,0.5926,0.0712,4.2853,-0.3937,0.4136,5.1398,0.0000,3.0000
5.1398,1792,5.1781,0.0000,3.0021,2.1356,0.5930,0.0713,4.2854,-0.3940,0.4136,5.1398,0.0000,3.0000
5.1398,1793,5.1781,0.0000,3.0021,2.1356,0.5930,0.0713,4.2854,-0.3940,0.4136,5.1398,0.0000,3.0000
5.1398,1794,5.1781,0.0000,3.0021,2.1343,0.5932,0.0708,4.2854,-0.3942,0.4135,5.1398,0.0000,3.0000
5.1398,1795,5.1780,0.0000,3.0021,2.1324,0.5936,0.0689,4.2854,-0.3945,0.4135,5.1398,0.0000,3.0000
5.1398,1796,5.1780,0.0000,3.0021,2.1324,0.5936,0.0689,4.2854,-0.3945,0.4135,5.1398,0.0000,3.0000
5.1398,1797,5.1780,0.0000,3.0021,2.1310,0.5943,0.0646,4.2853,-0.3949,0.4134,5.1398,0.0000,3.0000
5.1398,1798,5.1779,0.0000,3.0021,2.1311,0.5955,0.0626,4.2852,-0.3953,0.4134,5.1398,0.0000,3.0000
5.1398,1799,5.1779,0.0000,3.0021,2.1311,0.5955,0.0626,4.2852,-0.3953,0.4134,5.1398,0.0000,3.0000
5.1398,1800,5.1778,0.0000,3.0020,2.1324,0.5963,0.0613,4.2848,-0.3956,0.4133,5.1398,0.0000,3.0000
5.1398,1801,5.1778,0.0000,3.0020,2.1338,0.5967,0.0603,4.2845,-0.3959,0.4132,5.1398,0.0000,3.0000
5.1398,1802,5.1778,0.0000,3.0020,2.1338,0.5967,0.0603,4.2845,-0.3959,0.4132,5.1398,0.0000,3.0000
5.1398,1803,5.1777,0.0000,3.0020,2.1342,0.5971,0.0591,4.2843,-0.3961,0.4132,5.1398,0.0000,3.0000
5.1398,1804,5.1777,0.0000,3.0020,2.1342,0.5971,0.0591,4.2843,-0.3961,0.4132,5.1398,0.0000,3.0000
5.1398,1805,5.1777,0.0000,3.0020,2.1352,0.5974,0.0582,4.2840,-0.3963,0.4131,5.1398,0.0000,3.0000
5.1398,1806,5.1776,0.0000,3.0020,2.1366,0.5979,0.0570,4.2836,-0.3967,0.4130,5.1398,0.0000,3.0000
5.1398,1807,5.1776,0.0000,3.0020,2.1366,0.5979,0.0570,4.2836,-0.3967,0.4130,5.1398,0.0000,3.0000
5.1398,1808,5.1775,0.0000,3.0020,2.1370,0.5981,0.0572,4.2833,-0.3972,0.4130,5.1398,0.0000,3.0000
5.1398,1809,5.1775,0.0000,3.0020,2.1374,0.5977,0.0590,4.2829,-0.3975,0.4129,5.1398,0.0000,3.0000
5.1398,1810,5.1775,0.0000,3.0020,2.1374,0.5977,0.0590,4.2829,-0.3975,0.4129,5.1398,0.0000,3.0000
5.1398,1811,5.1774,0.0000,3.0020,2.1379,0.5968,0.0624,4.2826,-0.3977,0.4129,5.1398,0.0000,3.0000
5.1398,1812,5.1774,0.0000,3.0020,2.1391,0.5959,0.0664,4.2823,-0.3976,0.4130,5.1398,0.0000,3.0000
5.1398,1813,5.1774,0.0000,3.0020,2.1391,0.5959,0.0664,4.2823,-0.3976,0.4130,5.1398,0.0000,3.0000
5.1398,1814,5.1773,0.0000,3.0020,2.1412,0.5962,0.0696,4.2820,-0.3972,0.4132,5.1398,0.0000,3.0000
5.1398,1815,5.1773,0.0000,3.0020,2.1440,0.5973,0.0714,4.2820,-0.3972,0.4132,5.1398,0.0000,3.0000
5.1398,1816,5.1772,0.0000,3.0020,2.1440,0.5973,0.0714,4.2818,-0.3965,0.4131,5.1398,0.0000,3.0000
5.1398,1817,5.1772,0.0000,3.0020,2.1463,0.5981,0.0724,4.2816,-0.3958,0.4132,5.1398,0.0000,3.0000
5.1398,1818,5.1772,0.0000,3.0020,2.1463,0.5981,0.0724,4.2816,-0.3958,0.4132,5.1398,0.0000,3.0000
5.1398,1819,5.1771,0.0000,3.0020,2.1475,0.5984,0.0730,4.2815,-0.3951,0.4133,5.1398,0.0000,3.0000
5.1398,1820,5.1771,0.0000,3.0020,2.1478,0.5983,0.0735,4.2815,-0.3945,0.4134,5.1398,0.0000,3.0000
5.1398,1821,5.1771,0.0000,3.0020,2.1478,0.5983,0.0735,4.2815,-0.3945,0.4134,5.1398,0.0000,3.0000
5.1398,1822,5.1770,0.0000,3.0020,2.1475,0.5984,0.0731,4.2815,-0.3941,0.4134,5.1398,0.0000,3.0000
5.1398,1823,5.1770,0.0000,3.0020,2.1471,0.5989,0.0701,4.2816,-0.3938,0.4134,5.1398,0.0000,3.0000
5.1398,1824,5.1770,0.0000,3.0020,2.1471,0.5989,0.0701,4.2816,-0.3938,0.4134,5.1398,0.0000,3.0000
5.1398,1825,5.1769,0.0000,3.0020,2.1463,0.5993,0.0645,4.2819,-0.3938,0.4134,5.1398,0.0000,3.0000
5.1398,1826,5.1769,0.0000,3.0020,2.1463,0.5993,0.0645,4.2819,-0.3938,0.4134,5.1398,0.0000,3.0000
5.1398,1827,5.1768,0.0000,3.0020,2.1474,0.5998,0.0611,4.2822,-0.3939,0.4134,5.1398,0.0000,3.0000
5.1398,1828,5.1768,0.0000,3.0020,2.1490,0.6002,0.0600,4.2823,-0.3939,0.4134,5.1398,0.0000,3.0000
5.1398,1829,5.1768,0.0000,3.0020,2.1490,0.6002,0.0600,4.2823,-0.3939,0.4134,5.1398,0.0000,3.0000
5.1398,1830,5.1767,0.0000,3.0020,2.1503,0.6005,0.0589,4.2823,-0.3941,0.4133,5.1398,0.0000,3.0000
5.1398,1831,5.1767,0.0000,3.0020,2.1509,0.6007,0.0583,4.2823,-0.3944,0.4133,5.1398,0.0000,3.0000
5.1398,1832,5.1767,0.0000,3.0020,2.1509,0.6007,0.0583,4.2823,-0.3944,0.4133,5.1398,0.0000,3.0000
5.1398,1833,5.1766,0.0000,3.0020,2.1523,0.6011,0.0570,4.2822,-0.3945,0.4133,5.1398,0.0000,3.0000
5.1398,1834,5.1765,0.0000,3.0020,2.1527,0.6013,0.0572,4.2822,-0.3946,0.4132,5.1398,0.0000,3.0000
5.1398,1835,5.1765,0.0000,3.0020,2.1527,0.6013,0.0572,4.2822,-0.3946,0.4132,5.1398,0.0000,3.0000
5.1398,1836,5.1765,0.0000,3.0020,2.1532,0.6011,0.0579,4.2822,-0.3946,0.4133,5.1398,0.0000,3.0000
5.1398,1837,5.1764,0.0000,3.0020,2.1537,0.6007,0.0598,4.2821,-0.3946,0.4133,5.1398,0.0000,3.0000
5.1398,1838,5.1764,0.0000,3.0020,2.1537,0.6007,0.0598,4.2821,-0.3946,0.4133,5.1398,0.0000,3.0000
5.1398,1839,5.1764,0.0000,3.0020,2.1546,0.6000,0.0631,4.2818,-0.3946,0.4133,5.1398,0.0000,3.0000
5.1398,1840,5.1764,0.0000,3.0020,2.1546,0.6000,0.0631,4.2818,-0.3946,0.4133,5.1398,0.0000,3.0000
5.1398,1841,5.1763,0.0000,3.0020,2.1564,0.5999,0.0666,4.2815,-0.3945,0.4133,5.1398,0.0000,3.0000
5.1398,1842,5.1763,0.0000,3.0020,2.1564,0.5999,0.0666,4.2815,-0.3945,0.4133,5.1398,0.0000,3.0000
5.1398,1843,5.1763,0.0000,3.0020,2.1589,0.6004,0.0693,4.2815,-0.3945,0.4133,5.1398,0.0000,3.0000
5.1398,1844,5.1763,0.0000,3.0020,2.1589,0.6004,0.0693,4.2810,-0.3944,0.4132,5.1398,0.0000,3.0000
5.1398,1845,5.1762,0.0000,3.0020,2.1618,0.6012,0.0710,4.2805,-0.3944,0.4132,5.1398,0.0000,3.0000
5.1398,1846,5.1762,0.0000,3.0020,2.1618,0.6012,0.0710,4.2805,-0.3944,0.4132,5.1398,0.0000,3.0000
5.1398,1847,5.1762,0.0000,3.0020,2.1640,0.6019,0.0721,4.2800,-0.3943,0.4132,5.1398,0.0000,3.0000
5.1398,1848,5.1761,0.0000,3.0020,2.1648,0.6023,0.0729,4.2796,-0.3944,0.4131,5.1398,0.0000,3.0000
5.1398,1849,5.1761,0.0000,3.0020,2.1648,0.6023,0.0729,4.2796,-0.3944,0.4131,5.1398,0.0000,3.0000
5.1398,1850,5.1760,0.0000,3.0020,2.1651,0.6024,0.0728,4.2792,-0.3946,0.4131,5.1398,0.0000,3.0000
5.1398,1851,5.1760,0.0000,3.0020,2.1648,0.6026,0.0706,4.2788,-0.3949,0.4130,5.1398,0.0000,3.0000
5.1398,1852,5.1760,0.0000,3.0020,2.1648,0.6026,0.0706,4.2788,-0.3949,0.4130,5.1398,0.0000,3.0000
5.1398,1853,5.1759,0.0000,3.0020,2.1638,0.6029,0.0658,4.2784,-0.3953,0.4129,5.1398,0.0000,3.0000
5.1398,1854,5.1759,0.0000,3.0020,2.1645,0.6033,0.0632,4.2784,-0.3953,0.4129,5.1398,0.0000,3.0000
5.1398,1855,5.1759,0.0000,3.0020,2.1645,0.6033,0.0632,4.2781,-0.3958,0.4128,5.1398,0.0000,3.0000
5.1398,1856,5.1758,0.0000,3.0020,2.1661,0.6036,0.0622,4.2780,-0.3962,0.4127,5.1398,0.0000,3.0000
5.1398,1857,5.1758,0.0000,3.0020,2.1661,0.6036,0.0622,4.2780,-0.3962,0.4127,5.1398,0.0000,3.0000
5.1398,1858,5.1758,0.0000,3.0020,2.1675,0.6038,0.0612,4.2780,-0.3965,0.4126,5.1398,0.0000,3.0000
5.1398,1859,5.1757,0.0000,3.0020,2.1682,0.6039,0.0607,4.2781,-0.3966,0.4127,5.1398,0.0000,3.0000
5.1398,1860,5.1757,0.0000,3.0020,2.1682,0.6039,0.0607,4.2781,-0.3966,0.4127,5.1398,0.0000,3.0000
5.1398,1861,5.1757,0.0000,3.0020,2.1693,0.6042,0.0598,4.2781,-0.3966,0.4127,5.1398,0.0000,3.0000
5.1398,1862,5.1756,0.0000,3.0020,2.1711,0.6046,0.0584,4.2779,-0.3966,0.4127,5.1398,0.0000,3.0000
5.1398,1863,5.1756,0.0000,3.0020,2.1711,0.6046,0.0584,4.2779,-0.3966,0.4127,5.1398,0.0000,3.0000
5.1398,1864,5.1755,0.0000,3.0019,2.1728,0.6049,0.0570,4.2777,-0.3967,0.4127,5.1398,0.0000,3.0000
5.1398,1865,5.1755,0.0000,3.0019,2.1728,0.6049,0.0570,4.2777,-0.3967,0.4127,5.1398,0.0000,3.0000
5.1398,1866,5.1755,0.0000,3.0019,2.1740,0.6050,0.0587,4.2775,-0.3967,0.4127,5.1398,0.0000,3.0000
5.1398,1867,5.1755,0.0000,3.0019,2.1752,0.6044,0.0619,4.2775,-0.3967,0.4127,5.1398,0.0000,3.0000
5.1398,1868,5.1754,0.0000,3.0019,2.1752,0.6044,0.0619,4.2773,-0.3965,0.4127,5.1398,0.0000,3.0000
5.1398,1869,5.1754,0.0000,3.0019,2.1766,0.6036,0.0657,4.2772,-0.3963,0.4127,5.1398,0.0000,3.0000
5.1398,1870,5.1754,0.0000,3.0019,2.1766,0.6036,0.0657,4.2772,-0.3963,0.4127,5.1398,0.0000,3.0000
5.1398,1871,5.1753,0.0000,3.0019,2.1787,0.6034,0.0689,4.2772,-0.3961,0.4127,5.1398,0.0000,3.0000
5.1398,1872,5.1753,0.0000,3.0019,2.1787,0.6034,0.0689,4.2772,-0.3961,0.4127,5.1398,0.0000,3.0000
5.1398,1873,5.1753,0.0000,3.0019,2.1819,0.6039,0.0711,4.2774,-0.3961,0.4127,5.1398,0.0000,3.0000
5.1398,1874,5.1753,0.0000,3.0019,2.1819,0.6039,0.0711,4.2774,-0.3961,0.4127,5.1398,0.0000,3.0000
5.1398,1875,5.1752,0.0000,3.0019,2.1849,0.6045,0.0726,4.2777,-0.3961,0.4127,5.1398,0.0000,3.0000
5.1398,1876,5.1751,0.0000,3.0019,2.1867,0.6046,0.0736,4.2778,-0.3961,0.4128,5.1398,0.0000,3.0000
5.1398,1877,5.1751,0.0000,3.0019,2.1867,0.6046,0.0736,4.2778,-0.3961,0.4128,5.1398,0.0000,3.0000
5.1398,1878,5.1751,0.0000,3.0019,2.1877,0.6043,0.0744,4.2778,-0.3961,0.4127,5.1398,0.0000,3.0000
5.1398,1879,5.1751,0.0000,3.0019,2.1877,0.6043,0.0744,4.2778,-0.3961,0.4127,5.1398,0.0000,3.0000
5.1398,1880,5.1750,0.0000,3.0019,2.1882,0.6042,0.0744,4.2780,-0.3961,0.4127,5.1398,0.0000,3.0000
5.1398,1881,5.1750,0.0000,3.0019,2.1882,0.6042,0.0744,4.2780,-0.3961,0.4127,5.1398,0.0000,3.0000
5.1398,1882,5.1750,0.0000,3.0019,2.1884,0.6047,0.0717,4.2783,-0.3960,0.4128,5.1398,0.0000,3.0000
5.1398,1883,5.1750,0.0000,3.0019,2.1884,0.6047,0.0717,4.2783,-0.3960,0.4128,5.1398,0.0000,3.0000
5.1398,1884,5.1749,0.0000,3.0019,2.1880,0.6054,0.0662,4.2788,-0.3961,0.4128,5.1398,0.0000,3.0000
5.1398,1885,5.1749,0.0000,3.0019,2.1880,0.6054,0.0662,4.2788,-0.3961,0.4128,5.1398,0.0000,3.0000
5.1398,1886,5.1749,0.0000,3.0019,2.1890,0.6061,0.0622,4.2792,-0.3961,0.4128,5.1398,0.0000,3.0000
5.1398,1887,5.1748,0.0000,3.0019,2.1908,0.6063,0.0610,4.2794,-0.3960,0.4129,5.1398,0.0000,3.0000
5.1398,1888,5.1748,0.0000,3.0019,2.1908,0.6063,0.0610,4.2794,-0.3960,0.4129,5.1398,0.0000,3.0000
5.1398,1889,5.1748,0.0000,3.0019,2.1919,0.6064,0.0602,4.2795,-0.3960,0.4128,5.1398,0.0000,3.0000
5.1398,1890,5.1748,0.0000,3.0019,2.1922,0.6063,0.0595,4.2795,-0.3960,0.4128,5.1398,0.0000,3.0000
5.1398,1891,5.1747,0.0000,3.0019,2.1922,0.6063,0.0595,4.2796,-0.3961,0.4128,5.1398,0.0000,3.0000
5.1398,1892,5.1747,0.0000,3.0019,2.1935,0.6063,0.0577,4.2797,-0.3962,0.4128,5.1398,0.0000,3.0000
5.1398,1893,5.1747,0.0000,3.0019,2.1935,0.6063,0.0577,4.2797,-0.3962,0.4128,5.1398,0.0000,3.0000
5.1398,1894,5.1746,0.0000,3.0019,2.1947,0.6063,0.0573,4.2799,-0.3962,0.4128,5.1398,0.0000,3.0000
5.1398,1895,5.1746,0.0000,3.0019,2.1947,0.6063,0.0573,4.2799,-0.3962,0.4128,5.1398,0.0000,3.0000
5.1398,1896,5.1745,0.0000,3.0019,2.1955,0.6059,0.0588,4.2801,-0.3962,0.4128,5.1398,0.0000,3.0000
5.1398,1897,5.1745,0.0000,3.0019,2.1960,0.6051,0.0613,4.2801,-0.3962,0.4128,5.1398,0.0000,3.0000
5.1398,1898,5.1745,0.0000,3.0019,2.1960,0.6051,0.0613,4.2804,-0.3963,0.4128,5.1398,0.0000,3.0000
5.1398,1899,5.1744,0.0000,3.0019,2.1969,0.6043,0.0646,4.2809,-0.3965,0.4128,5.1398,0.0000,3.0000
5.1398,1900,5.1744,0.0000,3.0019,2.1969,0.6043,0.0646,4.2809,-0.3965,0.4128,5.1398,0.0000,3.0000
5.1398,1901,5.1744,0.0000,3.0019,2.1989,0.6041,0.0676,4.2812,-0.3967,0.4128,5.1398,0.0000,3.0000
5.1398,1902,5.1744,0.0000,3.0019,2.1989,0.6041,0.0676,4.2812,-0.3967,0.4128,5.1398,0.0000,3.0000
5.1398,1903,5.1743,0.0000,3.0019,2.2017,0.6043,0.0699,4.2814,-0.3968,0.4128,5.1398,0.0000,3.0000
5.1398,1904,5.1743,0.0000,3.0019,2.2049,0.6045,0.0714,4.2814,-0.3968,0.4128,5.1398,0.0000,3.0000
5.1398,1905,5.1743,0.0000,3.0019,2.2049,0.6045,0.0714,4.2816,-0.3970,0.4128,5.1398,0.0000,3.0000
5.1398,1906,5.1742,0.0000,3.0019,2.2069,0.6047,0.0722,4.2819,-0.3972,0.4128,5.1398,0.0000,3.0000
5.1398,1907,5.1742,0.0000,3.0019,2.2069,0.6047,0.0722,4.2819,-0.3972,0.4128,5.1398,0.0000,3.0000
5.1398,1908,5.1742,0.0000,3.0019,2.2074,0.6045,0.0727,4.2823,-0.3975,0.4127,5.1398,0.0000,3.0000
5.1398,1909,5.1741,0.0000,3.0019,2.2072,0.6043,0.0733,4.2828,-0.3977,0.4127,5.1398,0.0000,3.0000
5.1398,1910,5.1741,0.0000,3.0019,2.2072,0.6043,0.0733,4.2828,-0.3977,0.4127,5.1398,0.0000,3.0000
5.1398,1911,5.1741,0.0000,3.0019,2.2068,0.6045,0.0729,4.2830,-0.3979,0.4128,5.1398,0.0000,3.0000
5.1398,1912,5.1741,0.0000,3.0019,2.2068,0.6045,0.0729,4.2830,-0.3979,0.4128,5.1398,0.0000,3.0000
5.1398,1913,5.1740,0.0000,3.0019,2.2063,0.6053,0.0699,4.2831,-0.3983,0.4127,5.1398,0.0000,3.0000
5.1398,1914,5.1740,0.0000,3.0019,2.2060,0.6061,0.0639,4.2831,-0.3986,0.4126,5.1398,0.0000,3.0000
5.1398,1915,5.1740,0.0000,3.0019,2.2060,0.6061,0.0639,4.2831,-0.3986,0.4126,5.1398,0.0000,3.0000
5.1398,1916,5.1739,0.0000,3.0019,2.2074,0.6065,0.0621,4.2832,-0.3990,0.4126,5.1398,0.0000,3.0000
5.1398,1917,5.1739,0.0000,3.0019,2.2074,0.6065,0.0621,4.2832,-0.3990,0.4126,5.1398,0.0000,3.0000
5.1398,1918,5.1739,0.0000,3.0019,2.2087,0.6066,0.0612,4.2832,-0.3993,0.4126,5.1398,0.0000,3.0000
5.1398,1919,5.1738,0.0000,3.0019,2.2097,0.6066,0.0605,4.2832,-0.3997,0.4125,5.1398,0.0000,3.0000
5.1398,1920,5.1738,0.0000,3.0019,2.2097,0.6066,0.0605,4.2832,-0.3997,0.4125,5.1398,0.0000,3.0000
5.1398,1921,5.1738,0.0000,3.0019,2.2104,0.6066,0.0596,4.2830,-0.4001,0.4124,5.1398,0.0000,3.0000
5.1398,1922,5.1738,0.0000,3.0019,2.2104,0.6066,0.0596,4.2830,-0.4001,0.4124,5.1398,0.0000,3.0000
5.1398,1923,5.1737,0.0000,3.0019,2.2119,0.6067,0.0581,4.2826,-0.4006,0.4124,5.1398,0.0000,3.0000
5.1398,1924,5.1737,0.0000,3.0019,2.2119,0.6067,0.0581,4.2826,-0.4006,0.4124,5.1398,0.0000,3.0000
5.1398,1925,5.1736,0.0000,3.0019,2.2135,0.6067,0.0572,4.2821,-0.4009,0.4123,5.1398,0.0000,3.0000
5.1398,1926,5.1736,0.0000,3.0019,2.2142,0.6064,0.0580,4.2816,-0.4012,0.4123,5.1398,0.0000,3.0000
5.1398,1927,5.1736,0.0000,3.0019,2.2142,0.6064,0.0580,4.2816,-0.4012,0.4123,5.1398,0.0000,3.0000
5.1398,1928,5.1735,0.0000,3.0019,2.2145,0.6057,0.0601,4.2812,-0.4014,0.4122,5.1398,0.0000,3.0000
5.1398,1929,5.1735,0.0000,3.0019,2.2151,0.6048,0.0634,4.2808,-0.4017,0.4122,5.1398,0.0000,3.0000
5.1398,1930,5.1735,0.0000,3.0019,2.2151,0.6048,0.0634,4.2808,-0.4017,0.4122,5.1398,0.0000,3.0000
5.1398,1931,5.1734,0.0000,3.0019,2.2165,0.6042,0.0668,4.2802,-0.4019,0.4121,5.1398,0.0000,3.0000
5.1398,1932,5.1734,0.0000,3.0019,2.2165,0.6042,0.0668,4.2802,-0.4019,0.4121,5.1398,0.0000,3.0000
5.1398,1933,5.1734,0.0000,3.0019,2.2192,0.6043,0.0693,4.2796,-0.4021,0.4120,5.1398,0.0000,3.0000
5.1398,1934,5.1733,0.0000,3.0019,2.2223,0.6047,0.0709,4.2792,-0.4021,0.4120,5.1398,0.0000,3.0000
5.1398,1935,5.1733,0.0000,3.0019,2.2223,0.6047,0.0709,4.2792,-0.4021,0.4120,5.1398,0.0000,3.0000
5.1398,1936,5.1733,0.0000,3.0019,2.2244,0.6048,0.0717,4.2789,-0.4021,0.4120,5.1398,0.0000,3.0000
5.1398,1937,5.1733,0.0000,3.0019,2.2248,0.6045,0.0722,4.2789,-0.4021,0.4120,5.1398,0.0000,3.0000
5.1398,1938,5.1732,0.0000,3.0019,2.2248,0.6045,0.0722,4.2786,-0.4021,0.4120,5.1398,0.0000,3.0000
5.1398,1939,5.1732,0.0000,3.0019,2.2246,0.6044,0.0727,4.2784,-0.4021,0.4120,5.1398,0.0000,3.0000
5.1398,1940,5.1732,0.0000,3.0019,2.2246,0.6044,0.0727,4.2784,-0.4021,0.4120,5.1398,0.0000,3.0000
5.1398,1941,5.1731,0.0000,3.0019,2.2235,0.6045,0.0724,4.2784,-0.4022,0.4120,5.1398,0.0000,3.0000
5.1398,1942,5.1731,0.0000,3.0018,2.2221,0.6053,0.0700,4.2784,-0.4021,0.4120,5.1398,0.0000,3.0000
5.1398,1943,5.1731,0.0000,3.0018,2.2221,0.6053,0.0700,4.2784,-0.4021,0.4120,5.1398,0.0000,3.0000
5.1398,1944,5.1730,0.0000,3.0018,2.2208,0.6066,0.0643,4.2784,-0.4021,0.4120,5.1398,0.0000,3.0000
5.1398,1945,5.1730,0.0000,3.0018,2.2208,0.6066,0.0643,4.2784,-0.4021,0.4120,5.1398,0.0000,3.0000
5.1398,1946,5.1730,0.0000,3.0018,2.2219,0.6067,0.0634,4.2787,-0.4021,0.4120,5.1398,0.0000,3.0000
5.1398,1947,5.1729,0.0000,3.0018,2.2230,0.6067,0.0627,4.2793,-0.4022,0.4120,5.1398,0.0000,3.0000
5.1398,1948,5.1729,0.0000,3.0018,2.2230,0.6067,0.0627,4.2793,-0.4022,0.4120,5.1398,0.0000,3.0000
5.1398,1949,5.1729,0.0000,3.0018,2.2240,0.6067,0.0621,4.2799,-0.4023,0.4120,5.1398,0.0000,3.0000
5.1398,1950,5.1729,0.0000,3.0018,2.2242,0.6066,0.0614,4.2806,-0.4024,0.4121,5.1398,0.0000,3.0000
5.1398,1951,5.1728,0.0000,3.0018,2.2242,0.6066,0.0614,4.2806,-0.4024,0.4121,5.1398,0.0000,3.0000
5.1398,1952,5.1728,0.0000,3.0018,2.2250,0.6065,0.0601,4.2813,-0.4026,0.4121,5.1398,0.0000,3.0000
5.1398,1953,5.1727,0.0000,3.0018,2.2263,0.6065,0.0592,4.2819,-0.4028,0.4120,5.1398,0.0000,3.0000
5.1398,1954,5.1727,0.0000,3.0018,2.2263,0.6065,0.0592,4.2819,-0.4028,0.4120,5.1398,0.0000,3.0000
5.1398,1955,5.1727,0.0000,3.0018,2.2276,0.6065,0.0582,4.2825,-0.4032,0.4120,5.1398,0.0000,3.0000
5.1398,1956,5.1727,0.0000,3.0018,2.2276,0.6065,0.0582,4.2825,-0.4032,0.4120,5.1398,0.0000,3.0000
5.1398,1957,5.1726,0.0000,3.0018,2.2297,0.6063,0.0598,4.2830,-0.4035,0.4120,5.1398,0.0000,3.0000
5.1398,1958,5.1726,0.0000,3.0018,2.2321,0.6058,0.0626,4.2834,-0.4038,0.4120,5.1398,0.0000,3.0000
5.1398,1959,5.1726,0.0000,3.0018,2.2321,0.6058,0.0626,4.2834,-0.4038,0.4120,5.1398,0.0000,3.0000
5.1398,1960,5.1725,0.0000,3.0018,2.2355,0.6050,0.0656,4.2836,-0.4040,0.4120,5.1398,0.0000,3.0000
5.1400,1961,5.1724,0.0000,3.0018,2.2395,0.6041,0.0685,4.2836,-0.4041,0.4120,5.1400,0.0000,3.0000
5.1402,1962,5.1724,0.0000,3.0018,2.2395,0.6041,0.0685,4.2836,-0.4041,0.4120,5.1402,0.0000,3.0000
5.1405,1963,5.1724,0.0000,3.0018,2.2439,0.6035,0.0709,4.2836,-0.4040,0.4121,5.1405,0.0000,3.0000
5.1408,1964,5.1724,0.0000,3.0018,2.2439,0.6035,0.0709,4.2836,-0.4040,0.4121,5.1408,0.0000,3.0000
5.1413,1965,5.1724,0.0000,3.0018,2.2475,0.6030,0.0727,4.2837,-0.4040,0.4121,5.1413,0.0000,3.0000
5.1417,1966,5.1724,0.0000,3.0018,2.2475,0.6030,0.0727,4.2837,-0.4040,0.4121,5.1417,0.0000,3.0000
5.1423,1967,5.1723,0.0000,3.0018,2.2498,0.6023,0.0739,4.2837,-0.4042,0.4120,5.1423,0.0000,3.0000
5.1429,1968,5.1723,0.0000,3.0018,2.2511,0.6015,0.0751,4.2837,-0.4044,0.4120,5.1429,0.0000,3.0000
5.1434,1969,5.1723,0.0000,3.0018,2.2511,0.6015,0.0751,4.2837,-0.4044,0.4120,5.1434,0.0000,3.0000
5.1441,1970,5.1723,0.0000,3.0018,2.2521,0.6011,0.0754,4.2835,-0.4047,0.4119,5.1441,0.0000,3.0000
5.1447,1971,5.1723,0.0000,3.0018,2.2531,0.6013,0.0730,4.2833,-0.4050,0.4119,5.1447,0.0000,3.0000
5.1454,1972,5.1723,0.0000,3.0018,2.2531,0.6013,0.0730,4.2833,-0.4050,0.4119,5.1454,0.0000,3.0000
5.1460,1973,5.1724,0.0000,3.0018,2.2544,0.6022,0.0671,4.2832,-0.4053,0.4118,5.1460,0.0000,3.0000
5.1467,1974,5.1725,0.0000,3.0018,2.2555,0.6033,0.0594,4.2830,-0.4056,0.4118,5.1467,0.0000,3.0000
5.1475,1975,5.1725,0.0000,3.0018,2.2555,0.6033,0.0594,4.2830,-0.4056,0.4118,5.1475,0.0000,3.0000
5.1482,1976,5.1726,0.0000,3.0018,2.2572,0.6034,0.0574,4.2827,-0.4058,0.4118,5.1482,0.0000,3.0000
5.1490,1977,5.1727,0.0000,3.0018,2.2577,0.6033,0.0570,4.2824,-0.4061,0.4117,5.1490,0.0000,3.0000
5.1498,1978,5.1727,0.0000,3.0018,2.2577,0.6033,0.0570,4.2824,-0.4061,0.4117,5.1498,0.0000,3.0000
5.1505,1979,5.1729,0.0000,3.0018,2.2577,0.6035,0.0570,4.2822,-0.4062,0.4117,5.1505,0.0000,3.0000
5.1513,1980,5.1731,0.0000,3.0018,2.2578,0.6035,0.0570,4.2821,-0.4063,0.4118,5.1513,0.0000,3.0000
5.1521,1981,5.1731,0.0000,3.0018,2.2578,0.6035,0.0570,4.2821,-0.4063,0.4118,5.1521,0.0000,3.0000
5.1528,1982,5.1734,0.0000,3.0018,2.2579,0.6036,0.0570,4.2820,-0.4063,0.4119,5.1528,0.0000,3.0000
5.1536,1983,5.1737,0.0000,3.0018,2.2579,0.6035,0.0572,4.2818,-0.4063,0.4118,5.1536,0.0000,3.0000
5.1543,1984,5.1737,0.0000,3.0018,2.2579,0.6035,0.0572,4.2818,-0.4063,0.4118,5.1543,0.0000,3.0000
5.1550,1985,5.1740,0.0000,3.0018,2.2580,0.6034,0.0584,4.2817,-0.4064,0.4118,5.1550,0.0000,3.0000
5.1558,1986,5.1744,0.0000,3.0018,2.2582,0.6032,0.0607,4.2816,-0.4063,0.4118,5.1558,0.0000,3.0000
5.1565,1987,5.1744,0.0000,3.0018,2.2582,0.6032,0.0607,4.2816,-0.4063,0.4118,5.1565,0.0000,3.0000
5.1573,1988,5.1748,0.0000,3.0018,2.2589,0.6032,0.0635,4.2815,-0.4063,0.4118,5.1573,0.0000,3.0000
5.1580,1989,5.1748,0.0000,3.0018,2.2589,0.6032,0.0635,4.2815,-0.4063,0.4118,5.1580,0.0000,3.0000
5.1588,1990,5.1752,0.0000,3.0018,2.2603,0.6031,0.0660,4.2814,-0.4063,0.4118,5.1588,0.0000,3.0000
5.1596,1991,5.1757,0.0000,3.0018,2.2618,0.6030,0.0676,4.2815,-0.4064,0.4118,5.1596,0.0000,3.0000
5.1604,1992,5.1757,0.0000,3.0018,2.2618,0.6030,0.0676,4.2815,-0.4064,0.4118,5.1604,0.0000,3.0000
5.1612,1993,5.1762,0.0000,3.0018,2.2624,0.6027,0.0681,4.2817,-0.4066,0.4118,5.1612,0.0000,3.0000
5.1620,1994,5.1768,0.0000,3.0018,2.2618,0.6029,0.0679,4.2821,-0.4067,0.4118,5.1620,0.0000,3.0000
5.1628,1995,5.1768,0.0000,3.0018,2.2618,0.6029,0.0679,4.2821,-0.4067,0.4118,5.1628,0.0000,3.0000
5.1635,1996,5.1774,0.0000,3.0018,2.2600,0.6039,0.0666,4.2827,-0.4068,0.4118,5.1635,0.0000,3.0000
5.1641,1997,5.1780,0.0000,3.0018,2.2581,0.6043,0.0671,4.2834,-0.4069,0.4118,5.1641,0.0000,3.0000
5.1647,1998,5.1780,0.0000,3.0018,2.2581,0.6043,0.0671,4.2834,-0.4069,0.4118,5.1647,0.0000,3.0000
5.1652,1999,5.1786,0.0000,3.0018,2.2569,0.6044,0.0676,4.2840,-0.4068,0.4120,5.1652,0.0000,3.0000
5.1658,2000,5.1793,0.0000,3.0018,2.2566,0.6045,0.0678,4.2848,-0.4066,0.4120,5.1658,0.0000,3.0000
5.1663,2001,5.1793,0.0000,3.0018,2.2566,0.6045,0.0678,4.2848,-0.4066,0.4120,5.1663,0.0000,3.0000
5.1668,2002,5.1800,0.0000,3.0018,2.2568,0.6045,0.0677,4.2854,-0.4065,0.4121,5.1668,0.0000,3.0000
5.1673,2003,5.1800,0.0000,3.0018,2.2568,0.6045,0.0677,4.2854,-0.4065,0.4121,5.1673,0.0000,3.0000
5.1677,2004,5.1807,0.0000,3.0018,2.2566,0.6045,0.0677,4.2859,-0.4064,0.4121,5.1677,0.0000,3.0000
5.1682,2005,5.1814,0.0000,3.0018,2.2566,0.6045,0.0673,4.2863,-0.4062,0.4122,5.1682,0.0000,3.0000
5.1686,2006,5.1814,0.0000,3.0018,2.2566,0.6045,0.0673,4.2863,-0.4062,0.4122,5.1686,0.0000,3.0000
5.1691,2007,5.1821,0.0000,3.0018,2.2570,0.6043,0.0667,4.2866,-0.4060,0.4123,5.1691,0.0000,3.0000
5.1695,2008,5.1821,0.0000,3.0018,2.2574,0.6042,0.0662,4.2866,-0.4060,0.4123,5.1695,0.0000,3.0000
5.1700,2009,5.1828,0.0000,3.0018,2.2574,0.6042,0.0662,4.2868,-0.4058,0.4123,5.1700,0.0000,3.0000
5.1704,2010,5.1836,0.0000,3.0018,2.2580,0.6042,0.0659,4.2872,-0.4054,0.4124,5.1704,0.0000,3.0000
5.1708,2011,5.1836,0.0000,3.0018,2.2580,0.6042,0.0659,4.2872,-0.4054,0.4124,5.1708,0.0000,3.0000
5.1712,2012,5.1843,0.0000,3.0018,2.2588,0.6040,0.0654,4.2876,-0.4049,0.4126,5.1712,0.0000,3.0000
5.1717,2013,5.1850,0.0000,3.0018,2.2599,0.6038,0.0647,4.2879,-0.4044,0.4127,5.1717,0.0000,3.0000
5.1721,2014,5.1850,0.0000,3.0018,2.2599,0.6038,0.0647,4.2879,-0.4044,0.4127,5.1721,0.0000,3.0000
5.1726,2015,5.1858,0.0000,3.0018,2.2616,0.6035,0.0636,4.2883,-0.4039,0.4128,5.1726,0.0000,3.0000
5.1731,2016,5.1865,0.0000,3.0018,2.2642,0.6035,0.0631,4.2887,-0.4036,0.4128,5.1731,0.0000,3.0000
5.1736,2017,5.1865,0.0000,3.0018,2.2642,0.6035,0.0631,4.2887,-0.4036,0.4128,5.1736,0.0000,3.0000
5.1742,2018,5.1873,0.0000,3.0018,2.2658,0.6037,0.0630,4.2892,-0.4033,0.4129,5.1742,0.0000,3.0000
5.1748,2019,5.1873,0.0000,3.0018,2.2671,0.6029,0.0630,4.2892,-0.4033,0.4129,5.1748,0.0000,3.0000
5.1754,2020,5.1880,0.0000,3.0018,2.2671,0.6029,0.0630,4.2898,-0.4029,0.4130,5.1754,0.0000,3.0000
5.1760,2021,5.1887,0.0000,3.0018,2.2684,0.6021,0.0629,4.2904,-0.4026,0.4131,5.1760,0.0000,3.0000
5.1766,2022,5.1895,0.0000,3.0018,2.2690,0.6015,0.0627,4.2910,-0.4023,0.4132,5.1766,0.0000,3.0000
5.1772,2023,5.1895,0.0000,3.0018,2.2690,0.6015,0.0627,4.2910,-0.4023,0.4132,5.1772,0.0000,3.0000
5.1778,2024,5.1902,0.0000,3.0018,2.2690,0.6017,0.0623,4.2916,-0.4020,0.4132,5.1778,0.0000,3.0000
5.1784,2025,5.1902,0.0000,3.0018,2.2690,0.6017,0.0623,4.2916,-0.4020,0.4132,5.1784,0.0000,3.0000
5.1789,2026,5.1910,0.0000,3.0018,2.2685,0.6028,0.0611,4.2923,-0.4019,0.4132,5.1789,0.0000,3.0000
5.1794,2027,5.1917,0.0000,3.0017,2.2684,0.6028,0.0611,4.2929,-0.4020,0.4132,5.1794,0.0000,3.0000
5.1799,2028,5.1917,0.0000,3.0017,2.2684,0.6028,0.0611,4.2929,-0.4020,0.4132,5.1799,0.0000,3.0000
5.1804,2029,5.1925,0.0000,3.0017,2.2686,0.6028,0.0610,4.2937,-0.4021,0.4132,5.1804,0.0000,3.0000
5.1809,2030,5.1933,0.0000,3.0017,2.2680,0.6028,0.0616,4.2944,-0.4022,0.4133,5.1809,0.0000,3.0000
5.1813,2031,5.1933,0.0000,3.0017,2.2680,0.6028,0.0616,4.2944,-0.4022,0.4133,5.1813,0.0000,3.0000
5.1817,2032,5.1940,0.0000,3.0017,2.2675,0.6029,0.0636,4.2951,-0.4021,0.4135,5.1817,0.0000,3.0000
5.1821,2033,5.1948,0.0000,3.0017,2.2680,0.6035,0.0659,4.2957,-0.4019,0.4137,5.1821,0.0000,3.0000
5.1825,2034,5.1948,0.0000,3.0017,2.2680,0.6035,0.0659,4.2957,-0.4019,0.4137,5.1825,0.0000,3.0000
5.1829,2035,5.1956,0.0000,3.0017,2.2688,0.6046,0.0668,4.2963,-0.4016,0.4140,5.1829,0.0000,3.0000
5.1832,2036,5.1963,0.0000,3.0017,2.2690,0.6066,0.0662,4.2969,-0.4012,0.4143,5.1832,0.0000,3.0000
5.1836,2037,5.1963,0.0000,3.0017,2.2690,0.6066,0.0662,4.2969,-0.4012,0.4143,5.1836,0.0000,3.0000
5.1839,2038,5.1971,0.0000,3.0017,2.2690,0.6086,0.0661,4.2973,-0.4008,0.4144,5.1839,0.0000,3.0000
5.1842,2039,5.1971,0.0000,3.0017,2.2690,0.6086,0.0661,4.2973,-0.4008,0.4144,5.1842,0.0000,3.0000
5.1845,2040,5.1979,0.0000,3.0017,2.2688,0.6094,0.0654,4.2976,-0.4003,0.4145,5.1845,0.0000,3.0000
5.1847,2041,5.1986,0.0000,3.0017,2.2679,0.6094,0.0654,4.2978,-0.3998,0.4146,5.1847,0.0000,3.0000
5.1849,2042,5.1986,0.0000,3.0017,2.2679,0.6094,0.0654,4.2978,-0.3998,0.4146,5.1849,0.0000,3.0000
5.1850,2043,5.1993,0.0000,3.0017,2.2665,0.6096,0.0660,4.2980,-0.3992,0.4144,5.1850,0.0000,3.0000
5.1851,2044,5.2001,0.0000,3.0017,2.2649,0.6101,0.0668,4.2982,-0.3986,0.4140,5.1851,0.0000,3.0000
5.1852,2045,5.2001,0.0000,3.0017,2.2649,0.6101,0.0668,4.2982,-0.3986,0.4140,5.1852,0.0000,3.0000
5.1852,2046,5.2008,0.0000,3.0017,2.2635,0.6106,0.0673,4.2985,-0.3981,0.4142,5.1852,0.0000,3.0000
5.1852,2047,5.2008,0.0000,3.0017,2.2635,0.6106,0.0673,4.2985,-0.3981,0.4142,5.1852,0.0000,3.0000
5.1852,2048,5.2015,0.0000,3.0017,2.2629,0.6108,0.0676,4.2987,-0.3977,0.4142,5.1852,0.0000,3.0000
5.1852,2049,5.2021,0.0000,3.0017,2.2632,0.6107,0.0674,4.2988,-0.3975,0.4143,5.1852,0.0000,3.0000
5.1852,2050,5.2021,0.0000,3.0017,2.2632,0.6107,0.0674,4.2988,-0.3975,0.4143,5.1852,0.0000,3.0000
5.1852,2051,5.2028,0.0000,3.0017,2.2634,0.6106,0.0673,4.2990,-0.3973,0.4143,5.1852,0.0000,3.0000
5.1852,2052,5.2034,0.0000,3.0017,2.2635,0.6107,0.0671,4.2991,-0.3970,0.4144,5.1852,0.0000,3.0000
5.1852,2053,5.2034,0.0000,3.0017,2.2635,0.6107,0.0671,4.2991,-0.3970,0.4144,5.1852,0.0000,3.0000
5.1852,2054,5.2040,0.0000,3.0017,2.2652,0.6101,0.0674,4.2991,-0.3968,0.4144,5.1852,0.0000,3.0000
5.1852,2055,5.2040,0.0000,3.0017,2.2652,0.6101,0.0674,4.2991,-0.3968,0.4144,5.1852,0.0000,3.0000
5.1852,2056,5.2046,0.0000,3.0017,2.2668,0.6087,0.0683,4.2993,-0.3966,0.4144,5.1852,0.0000,3.0000
5.1852,2057,5.2051,0.0000,3.0017,2.2676,0.6074,0.0688,4.2996,-0.3965,0.4144,5.1852,0.0000,3.0000
5.1852,2058,5.2051,0.0000,3.0017,2.2676,0.6074,0.0688,4.2996,-0.3965,0.4144,5.1852,0.0000,3.0000
5.1852,2059,5.2056,0.0000,3.0017,2.2680,0.6066,0.0691,4.3000,-0.3963,0.4145,5.1852,0.0000,3.0000
5.1852,2060,5.2061,0.0000,3.0017,2.2676,0.6069,0.0690,4.3004,-0.3960,0.4146,5.1852,0.0000,3.0000
5.1852,2061,5.2061,0.0000,3.0017,2.2676,0.6069,0.0690,4.3004,-0.3960,0.4146,5.1852,0.0000,3.0000
5.1852,2062,5.2066,0.0000,3.0017,2.2665,0.6080,0.0680,4.3008,-0.3956,0.4147,5.1852,0.0000,3.0000
5.1852,2063,5.2066,0.0000,3.0017,2.2655,0.6082,0.0669,4.3008,-0.3956,0.4147,5.1852,0.0000,3.0000
5.1852,2064,5.2070,0.0000,3.0017,2.2655,0.6082,0.0669,4.3011,-0.3951,0.4147,5.1852,0.0000,3.0000
5.1852,2065,5.2075,0.0000,3.0017,2.2647,0.6085,0.0673,4.3014,-0.3947,0.4148,5.1852,0.0000,3.0000
5.1852,2066,5.2075,0.0000,3.0017,2.2647,0.6085,0.0673,4.3014,-0.3947,0.4148,5.1852,0.0000,3.0000
5.1852,2067,5.2079,0.0000,3.0017,2.2635,0.6089,0.0678,4.3016,-0.3942,0.4149,5.1852,0.0000,3.0000
5.1852,2068,5.2079,0.0000,3.0017,2.2635,0.6089,0.0678,4.3016,-0.3942,0.4149,5.1852,0.0000,3.0000
5.1852,2069,5.2082,0.0000,3.0017,2.2619,0.6090,0.0685,4.3017,-0.3937,0.4150,5.1852,0.0000,3.0000
5.1852,2070,5.2086,0.0000,3.0017,2.2605,0.6092,0.0686,4.3019,-0.3933,0.4150,5.1852,0.0000,3.0000
5.1852,2071,5.2086,0.0000,3.0017,2.2605,0.6092,0.0686,4.3019,-0.3933,0.4150,5.1852,0.0000,3.0000
5.1852,2072,5.2089,0.0000,3.0017,2.2599,0.6093,0.0678,4.3021,-0.3931,0.4150,5.1852,0.0000,3.0000
5.1852,2073,5.2093,0.0000,3.0017,2.2600,0.6092,0.0672,4.3022,-0.3930,0.4151,5.1852,0.0000,3.0000
5.1852,2074,5.2093,0.0000,3.0017,2.2600,0.6092,0.0672,4.3022,-0.3930,0.4151,5.1852,0.0000,3.0000
5.1852,2075,5.2096,0.0000,3.0017,2.2608,0.6082,0.0674,4.3024,-0.3930,0.4150,5.1852,0.0000,3.0000
5.1852,2076,5.2098,0.0000,3.0017,2.2618,0.6069,0.0683,4.3026,-0.3932,0.4150,5.1852,0.0000,3.0000
5.1852,2077,5.2098,0.0000,3.0017,2.2618,0.6069,0.0683,4.3026,-0.3932,0.4150,5.1852,0.0000,3.0000
5.1852,2078,5.2101,0.0000,3.0017,2.2622,0.6059,0.0691,4.3027,-0.3933,0.4150,5.1852,0.0000,3.0000
5.1852,2079,5.2101,0.0000,3.0017,2.2622,0.6059,0.0691,4.3027,-0.3933,0.4150,5.1852,0.0000,3.0000
5.1852,2080,5.2103,0.0000,3.0017,2.2624,0.6053,0.0698,4.3027,-0.3932,0.4151,5.1852,0.0000,3.0000
5.1852,2081,5.2106,0.0000,3.0017,2.2610,0.6056,0.0698,4.3028,-0.3930,0.4153,5.1852,0.0000,3.0000
5.1852,2082,5.2106,0.0000,3.0017,2.2610,0.6056,0.0698,4.3028,-0.3930,0.4153,5.1852,0.0000,3.0000
5.1852,2083,5.2108,0.0000,3.0017,2.2595,0.6064,0.0687,4.3029,-0.3927,0.4151,5.1852,0.0000,3.0000
5.1852,2084,5.2110,0.0000,3.0017,2.2583,0.6066,0.0677,4.3031,-0.3925,0.4152,5.1852,0.0000,3.0000
5.1852,2085,5.2110,0.0000,3.0017,2.2583,0.6066,0.0677,4.3031,-0.3925,0.4152,5.1852,0.0000,3.0000
5.1852,2086,5.2112,0.0000,3.0017,2.2570,0.6071,0.0683,4.3033,-0.3922,0.4152,5.1852,0.0000,3.0000
5.1852,2087,5.2112,0.0000,3.0017,2.2570,0.6071,0.0683,4.3033,-0.3922,0.4152,5.1852,0.0000,3.0000
5.1852,2088,5.2114,0.0000,3.0017,2.2552,0.6077,0.0690,4.3036,-0.3919,0.4153,5.1852,0.0000,3.0000
5.1852,2089,5.2116,0.0000,3.0017,2.2530,0.6080,0.0698,4.3040,-0.3916,0.4153,5.1852,0.0000,3.0000
5.1852,2090,5.2116,0.0000,3.0017,2.2530,0.6080,0.0698,4.3040,-0.3916,0.4153,5.1852,0.0000,3.0000
5.1852,2091,5.2117,0.0000,3.0017,2.2514,0.6078,0.0697,4.3045,-0.3915,0.4153,5.1852,0.0000,3.0000
5.1852,2092,5.2117,0.0000,3.0017,2.2514,0.6078,0.0697,4.3045,-0.3915,0.4153,5.1852,0.0000,3.0000
5.1852,2093,5.2119,0.0000,3.0017,2.2501,0.6081,0.0696,4.3050,-0.3915,0.4153,5.1852,0.0000,3.0000
5.1852,2094,5.2120,0.0000,3.0017,2.2492,0.6084,0.0697,4.3054,-0.3914,0.4153,5.1852,0.0000,3.0000
5.1852,2095,5.2120,0.0000,3.0017,2.2492,0.6084,0.0697,4.3054,-0.3914,0.4153,5.1852,0.0000,3.0000
5.1852,2096,5.2121,0.0000,3.0017,2.2488,0.6081,0.0703,4.3057,-0.3915,0.4153,5.1852,0.0000,3.0000
5.1852,2097,5.2123,0.0000,3.0017,2.2485,0.6074,0.0712,4.3058,-0.3916,0.4153,5.1852,0.0000,3.0000
5.1852,2098,5.2123,0.0000,3.0017,2.2485,0.6074,0.0712,4.3058,-0.3916,0.4153,5.1852,0.0000,3.0000
5.1852,2099,5.2124,0.0000,3.0017,2.2478,0.6068,0.0718,4.3060,-0.3915,0.4154,5.1852,0.0000,3.0000
5.1852,2100,5.2124,0.0000,3.0017,2.2478,0.6068,0.0718,4.3060,-0.3915,0.4154,5.1852,0.0000,3.0000
5.1852,2101,5.2125,0.0000,3.0017,2.2464,0.6070,0.0723,4.3061,-0.3913,0.4156,5.1852,0.0000,3.0000
5.1852,2102,5.2126,0.0000,3.0017,2.2441,0.6078,0.0722,4.3063,-0.3911,0.4154,5.1852,0.0000,3.0000
5.1852,2103,5.2126,0.0000,3.0017,2.2441,0.6078,0.0722,4.3063,-0.3911,0.4154,5.1852,0.0000,3.0000
5.1852,2104,5.2127,0.0000,3.0017,2.2400,0.6095,0.0727,4.3064,-0.3908,0.4156,5.1852,0.0000,3.0000
5.1852,2105,5.2127,0.0000,3.0017,2.2354,0.6116,0.0733,4.3066,-0.3904,0.4155,5.1852,0.0000,3.0000
5.1852,2106,5.2127,0.0000,3.0017,2.2354,0.6116,0.0733,4.3066,-0.3904,0.4155,5.1852,0.0000,3.0000
5.1852,2107,5.2128,0.0000,3.0017,2.2318,0.6131,0.0737,4.3068,-0.3902,0.4156,5.1852,0.0000,3.0000
5.1852,2108,5.2128,0.0000,3.0017,2.2318,0.6131,0.0737,4.3068,-0.3902,0.4156,5.1852,0.0000,3.0000
5.1852,2109,5.2129,0.0000,3.0017,2.2285,0.6144,0.0738,4.3070,-0.3899,0.4156,5.1852,0.0000,3.0000
5.1852,2110,5.2129,0.0000,3.0017,2.2257,0.6153,0.0750,4.3070,-0.3899,0.4156,5.1852,0.0000,3.0000
5.1852,2111,5.2130,0.0000,3.0017,2.2257,0.6153,0.0750,4.3073,-0.3896,0.4157,5.1852,0.0000,3.0000
5.1852,2112,5.2130,0.0000,3.0017,2.2234,0.6161,0.0755,4.3074,-0.3893,0.4157,5.1852,0.0000,3.0000
5.1852,2113,5.2130,0.0000,3.0017,2.2234,0.6161,0.0755,4.3074,-0.3893,0.4157,5.1852,0.0000,3.0000
5.1852,2114,5.2131,0.0000,3.0017,2.2210,0.6172,0.0755,4.3075,-0.3890,0.4157,5.1852,0.0000,3.0000
5.1852,2115,5.2131,0.0000,3.0017,2.2184,0.6182,0.0746,4.3076,-0.3886,0.4158,5.1852,0.0000,3.0000
5.1852,2116,5.2131,0.0000,3.0017,2.2184,0.6182,0.0746,4.3076,-0.3886,0.4158,5.1852,0.0000,3.0000
5.1852,2117,5.2132,0.0000,3.0017,2.2156,0.6191,0.0730,4.3077,-0.3882,0.4158,5.1852,0.0000,3.0000
5.1852,2118,5.2132,0.0000,3.0017,2.2144,0.6198,0.0738,4.3078,-0.3879,0.4159,5.1852,0.0000,3.0000
5.1852,2119,5.2132,0.0000,3.0017,2.2144,0.6198,0.0738,4.3078,-0.3879,0.4159,5.1852,0.0000,3.0000
5.1852,2120,5.2132,0.0000,3.0016,2.2136,0.6201,0.0748,4.3079,-0.3876,0.4159,5.1852,0.0000,3.0000
5.1852,2121,5.2132,0.0000,3.0016,2.2136,0.6201,0.0748,4.3079,-0.3876,0.4159,5.1852,0.0000,3.0000
5.1852,2122,5.2133,0.0000,3.0016,2.2129,0.6204,0.0755,4.3081,-0.3875,0.4159,5.1852,0.0000,3.0000
5.1852,2123,5.2133,0.0000,3.0016,2.2118,0.6220,0.0749,4.3082,-0.3874,0.4159,5.1852,0.0000,3.0000
5.1852,2124,5.2133,0.0000,3.0016,2.2118,0.6220,0.0749,4.3082,-0.3874,0.4159,5.1852,0.0000,3.0000
5.1852,2125,5.2133,0.0000,3.0016,2.2108,0.6240,0.0733,4.3081,-0.3873,0.4159,5.1852,0.0000,3.0000
5.1852,2126,5.2133,0.0000,3.0016,2.2104,0.6247,0.0731,4.3081,-0.3870,0.4160,5.1852,0.0000,3.0000
5.1852,2127,5.2133,0.0000,3.0016,2.2104,0.6247,0.0731,4.3081,-0.3870,0.4160,5.1852,0.0000,3.0000
5.1852,2128,5.2133,0.0000,3.0016,2.2105,0.6247,0.0731,4.3080,-0.3865,0.4160,5.1852,0.0000,3.0000
5.1852,2129,5.2133,0.0000,3.0016,2.2105,0.6247,0.0731,4.3080,-0.3865,0.4160,5.1852,0.0000,3.0000
5.1852,2130,5.2134,0.0000,3.0016,2.2106,0.6246,0.0730,4.3080,-0.3860,0.4161,5.1852,0.0000,3.0000
5.1852,2131,5.2134,0.0000,3.0016,2.2106,0.6246,0.0730,4.3080,-0.3860,0.4161,5.1852,0.0000,3.0000
5.1852,2132,5.2134,0.0000,3.0016,2.2110,0.6243,0.0726,4.3081,-0.3855,0.4161,5.1852,0.0000,3.0000
5.1852,2133,5.2134,0.0000,3.0016,2.2111,0.6242,0.0726,4.3083,-0.3852,0.4162,5.1852,0.0000,3.0000
5.1852,2134,5.2134,0.0000,3.0016,2.2111,0.6242,0.0726,4.3083,-0.3852,0.4162,5.1852,0.0000,3.0000
5.1852,2135,5.2134,0.0000,3.0016,2.2111,0.6242,0.0726,4.3085,-0.3851,0.4161,5.1852,0.0000,3.0000
5.1852,2136,5.2134,0.0000,3.0016,2.2111,0.6242,0.0726,4.3086,-0.3850,0.4162,5.1852,0.0000,3.0000
5.1852,2137,5.2134,0.0000,3.0016,2.2111,0.6242,0.0726,4.3086,-0.3850,0.4162,5.1852,0.0000,3.0000
5.1852,2138,5.2134,0.0000,3.0016,2.2111,0.6242,0.0726,4.3088,-0.3849,0.4161,5.1852,0.0000,3.0000
5.1852,2139,5.2134,0.0000,3.0016,2.2111,0.6242,0.0726,4.3090,-0.3847,0.4162,5.1852,0.0000,3.0000
5.1852,2140,5.2134,0.0000,3.0016,2.2111,0.6242,0.0726,4.3090,-0.3847,0.4162,5.1852,0.0000,3.0000
5.1852,2141,5.2134,0.0000,3.0016,2.2111,0.6242,0.0726,4.3090,-0.3847,0.4162,5.1852,0.0000,3.0000
5.1852,2142,5.2134,0.0000,3.0016,2.2111,0.6242,0.0726,4.3090,-0.3847,0.4162,5.1852,0.0000,3.0000
5.1852,2143,5.2134,0.0000,3.0016,2.2111,0.6242,0.0726,4.3090,-0.3848,0.4161,5.1852,0.0000,3.0000
5.1852,2144,5.2134,0.0000,3.0016,2.2111,0.6242,0.0726,4.3090,-0.3851,0.4161,5.1852,0.0000,3.0000
5.1852,2145,5.2134,0.0000,3.0016,2.2111,0.6242,0.0726,4.3090,-0.3851,0.4161,5.1852,0.0000,3.0000
5.1852,2146,5.2134,0.0000,3.0016,2.2111,0.6242,0.0726,4.3091,-0.3852,0.4161,5.1852,0.0000,3.0000
5.1852,2147,5.2134,0.0000,3.0016,2.2111,0.6242,0.0726,4.3091,-0.3852,0.4161,5.1852,0.0000,3.0000
5.1852,2148,5.2133,0.0000,3.0016,2.2111,0.6242,0.0726,4.3091,-0.3852,0.4161,5.1852,0.0000,3.0000
5.1852,2149,5.2133,0.0000,3.0016,2.2111,0.6242,0.0726,4.3092,-0.3852,0.4161,5.1852,0.0000,3.0000
5.1852,2150,5.2133,0.0000,3.0016,2.2111,0.6242,0.0726,4.3092,-0.3852,0.4161,5.1852,0.0000,3.0000
5.1852,2151,5.2133,0.0000,3.0016,2.2111,0.6242,0.0726,4.3094,-0.3851,0.4161,5.1852,0.0000,3.0000
5.1852,2152,5.2133,0.0000,3.0016,2.2111,0.6242,0.0726,4.3094,-0.3851,0.4161,5.1852,0.0000,3.0000
5.1852,2153,5.2133,0.0000,3.0016,2.2111,0.6242,0.0726,4.3096,-0.3851,0.4161,5.1852,0.0000,3.0000
5.1852,2154,5.2133,0.0000,3.0016,2.2111,0.6242,0.0726,4.3099,-0.3851,0.4161,5.1852,0.0000,3.0000
5.1852,2155,5.2133,0.0000,3.0016,2.2111,0.6242,0.0726,4.3099,-0.3851,0.4161,5.1852,0.0000,3.0000
5.1852,2156,5.2133,0.0000,3.0016,2.2111,0.6242,0.0726,4.3100,-0.3852,0.4161,5.1852,0.0000,3.0000
5.1852,2157,5.2132,0.0000,3.0016,2.2111,0.6242,0.0726,4.3101,-0.3853,0.4160,5.1852,0.0000,3.0000
5.1852,2158,5.2132,0.0000,3.0016,2.2111,0.6242,0.0726,4.3101,-0.3853,0.4160,5.1852,0.0000,3.0000
5.1852,2159,5.2132,0.0000,3.0016,2.2111,0.6242,0.0726,4.3102,-0.3854,0.4160,5.1852,0.0000,3.0000
5.1852,2160,5.2132,0.0000,3.0016,2.2111,0.6242,0.0726,4.3102,-0.3855,0.4160,5.1852,0.0000,3.0000
5.1852,2161,5.2132,0.0000,3.0016,2.2111,0.6242,0.0726,4.3102,-0.3855,0.4160,5.1852,0.0000,3.0000
5.1852,2162,5.2132,0.0000,3.0016,2.2111,0.6242,0.0726,4.3100,-0.3855,0.4160,5.1852,0.0000,3.0000
5.1852,2163,5.2132,0.0000,3.0016,2.2111,0.6242,0.0726,4.3100,-0.3855,0.4160,5.1852,0.0000,3.0000
5.1852,2164,5.2132,0.0000,3.0016,2.2111,0.6242,0.0726,4.3098,-0.3855,0.4160,5.1852,0.0000,3.0000
5.1852,2165,5.2131,0.0000,3.0016,2.2111,0.6242,0.0726,4.3097,-0.3853,0.4161,5.1852,0.0000,3.0000
5.1852,2166,5.2131,0.0000,3.0016,2.2111,0.6242,0.0726,4.3097,-0.3853,0.4161,5.1852,0.0000,3.0000
5.1852,2167,5.2131,0.0000,3.0016,2.2111,0.6242,0.0726,4.3097,-0.3851,0.4161,5.1852,0.0000,3.0000
5.1852,2168,5.2131,0.0000,3.0016,2.2111,0.6242,0.0726,4.3097,-0.3851,0.4161,5.1852,0.0000,3.0000
5.1852,2169,5.2131,0.0000,3.0016,2.2111,0.6242,0.0726,4.3097,-0.3849,0.4161,5.1852,0.0000,3.0000
5.1852,2170,5.2131,0.0000,3.0016,2.2111,0.6242,0.0726,4.3097,-0.3849,0.4161,5.1852,0.0000,3.0000
5.1852,2171,5.2130,0.0000,3.0016,2.2111,0.6242,0.0726,4.3098,-0.3848,0.4161,5.1852,0.0000,3.0000
5.1852,2172,5.2130,0.0000,3.0016,2.2111,0.6242,0.0726,4.3099,-0.3849,0.4161,5.1852,0.0000,3.0000
5.1852,2173,5.2130,0.0000,3.0016,2.2111,0.6242,0.0726,4.3099,-0.3849,0.4161,5.1852,0.0000,3.0000
5.1852,2174,5.2130,0.0000,3.0016,2.2111,0.6242,0.0726,4.3101,-0.3851,0.4160,5.1852,0.0000,3.0000
5.1852,2175,5.2130,0.0000,3.0016,2.2111,0.6242,0.0726,4.3102,-0.3853,0.4160,5.1852,0.0000,3.0000
5.1852,2176,5.2130,0.0000,3.0016,2.2111,0.6242,0.0726,4.3102,-0.3853,0.4160,5.1852,0.0000,3.0000
5.1852,2177,5.2129,0.0000,3.0016,2.2111,0.6242,0.0726,4.3103,-0.3856,0.4160,5.1852,0.0000,3.0000
5.1852,2178,5.2129,0.0000,3.0016,2.2111,0.6242,0.0726,4.3103,-0.3858,0.4160,5.1852,0.0000,3.0000
5.1852,2179,5.2129,0.0000,3.0016,2.2111,0.6242,0.0726,4.3103,-0.3858,0.4160,5.1852,0.0000,3.0000
5.1852,2180,5.2129,0.0000,3.0016,2.2111,0.6242,0.0726,4.3101,-0.3858,0.4160,5.1852,0.0000,3.0000
5.1852,2181,5.2129,0.0000,3.0016,2.2111,0.6242,0.0726,4.3101,-0.3858,0.4160,5.1852,0.0000,3.0000
5.1852,2182,5.2128,0.0000,3.0016,2.2111,0.6242,0.0726,4.3099,-0.3857,0.4160,5.1852,0.0000,3.0000
5.1852,2183,5.2128,0.0000,3.0016,2.2111,0.6242,0.0726,4.3096,-0.3856,0.4160,5.1852,0.0000,3.0000
5.1852,2184,5.2128,0.0000,3.0016,2.2111,0.6242,0.0726,4.3096,-0.3856,0.4160,5.1852,0.0000,3.0000
5.1852,2185,5.2128,0.0000,3.0016,2.2111,0.6242,0.0726,4.3094,-0.3854,0.4160,5.1852,0.0000,3.0000
5.1852,2186,5.2127,0.0000,3.0016,2.2111,0.6242,0.0726,4.3092,-0.3852,0.4161,5.1852,0.0000,3.0000
5.1852,2187,5.2127,0.0000,3.0016,2.2111,0.6242,0.0726,4.3092,-0.3852,0.4161,5.1852,0.0000,3.0000
5.1852,2188,5.2127,0.0000,3.0016,2.2111,0.6242,0.0726,4.3088,-0.3850,0.4161,5.1852,0.0000,3.0000
5.1852,2189,5.2127,0.0000,3.0016,2.2111,0.6242,0.0726,4.3088,-0.3850,0.4161,5.1852,0.0000,3.0000
5.1852,2190,5.2127,0.0000,3.0016,2.2111,0.6242,0.0726,4.3084,-0.3847,0.4162,5.1852,0.0000,3.0000
5.1852,2191,5.2126,0.0000,3.0016,2.2111,0.6242,0.0726,4.3080,-0.3843,0.4162,5.1852,0.0000,3.0000
5.1852,2192,5.2126,0.0000,3.0016,2.2111,0.6242,0.0726,4.3080,-0.3843,0.4162,5.1852,0.0000,3.0000
5.1852,2193,5.2126,0.0000,3.0016,2.2111,0.6242,0.0726,4.3076,-0.3840,0.4162,5.1852,0.0000,3.0000
5.1852,2194,5.2126,0.0000,3.0016,2.2111,0.6242,0.0726,4.3076,-0.3840,0.4162,5.1852,0.0000,3.0000
5.1852,2195,5.2126,0.0000,3.0016,2.2111,0.6242,0.0726,4.3074,-0.3839,0.4162,5.1852,0.0000,3.0000
5.1852,2196,5.2125,0.0000,3.0016,2.2111,0.6242,0.0726,4.3073,-0.3839,0.4162,5.1852,0.0000,3.0000
5.1852,2197,5.2125,0.0000,3.0016,2.2111,0.6242,0.0726,4.3073,-0.3839,0.4162,5.1852,0.0000,3.0000
5.1852,2198,5.2125,0.0000,3.0016,2.2111,0.6242,0.0726,4.3072,-0.3839,0.4162,5.1852,0.0000,3.0000
5.1852,2199,5.2125,0.0000,3.0016,2.2111,0.6242,0.0726,4.3068,-0.3840,0.4162,5.1852,0.0000,3.0000
5.1852,2200,5.2125,0.0000,3.0016,2.2111,0.6242,0.0726,4.3068,-0.3840,0.4162,5.1852,0.0000,3.0000
5.1852,2201,5.2124,0.0000,3.0016,2.2111,0.6242,0.0726,4.3064,-0.3840,0.4162,5.1852,0.0000,3.0000
5.1852,2202,5.2124,0.0000,3.0016,2.2111,0.6242,0.0726,4.3064,-0.3840,0.4162,5.1852,0.0000,3.0000
5.1852,2203,5.2124,0.0000,3.0016,2.2111,0.6242,0.0726,4.3059,-0.3838,0.4162,5.1852,0.0000,3.0000
5.1852,2204,5.2123,0.0000,3.0016,2.2111,0.6242,0.0726,4.3056,-0.3835,0.4163,5.1852,0.0000,3.0000
5.1852,2205,5.2123,0.0000,3.0016,2.2111,0.6242,0.0726,4.3056,-0.3835,0.4163,5.1852,0.0000,3.0000
5.1852,2206,5.2123,0.0000,3.0016,2.2111,0.6242,0.0726,4.3053,-0.3831,0.4163,5.1852,0.0000,3.0000
5.1852,2207,5.2123,0.0000,3.0016,2.2111,0.6242,0.0726,4.3053,-0.3831,0.4163,5.1852,0.0000,3.0000
5.1852,2208,5.2123,0.0000,3.0016,2.2111,0.6242,0.0726,4.3052,-0.3826,0.4164,5.1852,0.0000,3.0000
5.1852,2209,5.2122,0.0000,3.0016,2.2111,0.6242,0.0726,4.3052,-0.3823,0.4164,5.1852,0.0000,3.0000
5.1852,2210,5.2122,0.0000,3.0016,2.2111,0.6242,0.0726,4.3052,-0.3823,0.4164,5.1852,0.0000,3.0000
5.1852,2211,5.2122,0.0000,3.0016,2.2111,0.6242,0.0726,4.3052,-0.3822,0.4164,5.1852,0.0000,3.0000
5.1852,2212,5.2122,0.0000,3.0016,2.2111,0.6242,0.0726,4.3052,-0.3822,0.4164,5.1852,0.0000,3.0000
5.1852,2213,5.2122,0.0000,3.0016,2.2111,0.6242,0.0726,4.3052,-0.3825,0.4163,5.1852,0.0000,3.0000
5.1852,2214,5.2121,0.0000,3.0016,2.2111,0.6242,0.0726,4.3054,-0.3827,0.4162,5.1852,0.0000,3.0000
5.1852,2215,5.2121,0.0000,3.0016,2.2111,0.6242,0.0726,4.3054,-0.3827,0.4162,5.1852,0.0000,3.0000
5.1852,2216,5.2121,0.0000,3.0016,2.2111,0.6242,0.0726,4.3057,-0.3831,0.4162,5.1852,0.0000,3.0000
5.1852,2217,5.2120,0.0000,3.0016,2.2111,0.6242,0.0726,4.3060,-0.3834,0.4161,5.1852,0.0000,3.0000
5.1852,2218,5.2120,0.0000,3.0016,2.2111,0.6242,0.0726,4.3060,-0.3834,0.4161,5.1852,0.0000,3.0000
5.1852,2219,5.2120,0.0000,3.0016,2.2111,0.6242,0.0726,4.3064,-0.3836,0.4161,5.1852,0.0000,3.0000
5.1852,2220,5.2120,0.0000,3.0016,2.2111,0.6242,0.0726,4.3064,-0.3836,0.4161,5.1852,0.0000,3.0000
5.1852,2221,5.2120,0.0000,3.0016,2.2111,0.6242,0.0726,4.3068,-0.3838,0.4161,5.1852,0.0000,3.0000
5.1852,2222,5.2119,0.0000,3.0016,2.2111,0.6242,0.0726,4.3073,-0.3840,0.4160,5.1852,0.0000,3.0000
5.1852,2223,5.2119,0.0000,3.0016,2.2111,0.6242,0.0726,4.3073,-0.3840,0.4160,5.1852,0.0000,3.0000
5.1852,2224,5.2119,0.0000,3.0016,2.2111,0.6242,0.0726,4.3078,-0.3844,0.4160,5.1852,0.0000,3.0000
5.1852,2225,5.2119,0.0000,3.0016,2.2111,0.6242,0.0726,4.3078,-0.3844,0.4160,5.1852,0.0000,3.0000
5.1852,2226,5.2118,0.0000,3.0016,2.2111,0.6242,0.0726,4.3081,-0.3848,0.4160,5.1852,0.0000,3.0000
5.1852,2227,5.2118,0.0000,3.0016,2.2111,0.6242,0.0726,4.3084,-0.3851,0.4159,5.1852,0.0000,3.0000
5.1852,2228,5.2118,0.0000,3.0016,2.2111,0.6242,0.0726,4.3084,-0.3851,0.4159,5.1852,0.0000,3.0000
5.1852,2229,5.2118,0.0000,3.0016,2.2111,0.6242,0.0726,4.3085,-0.3852,0.4159,5.1852,0.0000,3.0000
5.1852,2230,5.2118,0.0000,3.0016,2.2111,0.6242,0.0726,4.3085,-0.3852,0.4159,5.1852,0.0000,3.0000
5.1852,2231,5.2117,0.0000,3.0016,2.2111,0.6242,0.0726,4.3086,-0.3853,0.4159,5.1852,0.0000,3.0000
5.1852,2232,5.2117,0.0000,3.0016,2.2111,0.6242,0.0726,4.3086,-0.3853,0.4159,5.1852,0.0000,3.0000
5.1852,2233,5.2117,0.0000,3.0016,2.2111,0.6242,0.0726,4.3086,-0.3853,0.4159,5.1852,0.0000,3.0000
5.1852,2234,5.2117,0.0000,3.0016,2.2111,0.6242,0.0726,4.3084,-0.3853,0.4160,5.1852,0.0000,3.0000
5.1852,2235,5.2117,0.0000,3.0016,2.2111,0.6242,0.0726,4.3084,-0.3853,0.4160,5.1852,0.0000,3.0000
5.1852,2236,5.2116,0.0000,3.0016,2.2111,0.6242,0.0726,4.3080,-0.3852,0.4160,5.1852,0.0000,3.0000
5.1852,2237,5.2116,0.0000,3.0016,2.2111,0.6242,0.0726,4.3076,-0.3851,0.4160,5.1852,0.0000,3.0000
5.1852,2238,5.2116,0.0000,3.0016,2.2111,0.6242,0.0726,4.3076,-0.3851,0.4160,5.1852,0.0000,3.0000
5.1852,2239,5.2115,0.0000,3.0016,2.2111,0.6242,0.0726,4.3074,-0.3850,0.4160,5.1852,0.0000,3.0000
5.1852,2240,5.2115,0.0000,3.0016,2.2111,0.6242,0.0726,4.3074,-0.3850,0.4160,5.1852,0.0000,3.0000
5.1852,2241,5.2115,0.0000,3.0016,2.2111,0.6242,0.0726,4.3070,-0.3850,0.4160,5.1852,0.0000,3.0000
5.1852,2242,5.2115,0.0000,3.0016,2.2111,0.6242,0.0726,4.3067,-0.3851,0.4160,5.1852,0.0000,3.0000
5.1852,2243,5.2115,0.0000,3.0016,2.2111,0.6242,0.0726,4.3067,-0.3851,0.4160,5.1852,0.0000,3.0000
5.1852,2244,5.2114,0.0000,3.0016,2.2111,0.6242,0.0726,4.3064,-0.3852,0.4160,5.1852,0.0000,3.0000
5.1852,2245,5.2114,0.0000,3.0015,2.2111,0.6242,0.0726,4.3062,-0.3853,0.4160,5.1852,0.0000,3.0000
5.1852,2246,5.2114,0.0000,3.0015,2.2111,0.6242,0.0726,4.3062,-0.3853,0.4160,5.1852,0.0000,3.0000
5.1852,2247,5.2113,0.0000,3.0015,2.2111,0.6242,0.0726,4.3061,-0.3853,0.4160,5.1852,0.0000,3.0000
5.1852,2248,5.2113,0.0000,3.0015,2.2111,0.6242,0.0726,4.3061,-0.3850,0.4160,5.1852,0.0000,3.0000
5.1852,2249,5.2113,0.0000,3.0015,2.2111,0.6242,0.0726,4.3061,-0.3850,0.4160,5.1852,0.0000,3.0000
5.1852,2250,5.2113,0.0000,3.0015,2.2111,0.6242,0.0726,4.3061,-0.3848,0.4160,5.1852,0.0000,3.0000
5.1852,2251,5.2113,0.0000,3.0015,2.2111,0.6242,0.0726,4.3061,-0.3848,0.4160,5.1852,0.0000,3.0000
5.1852,2252,5.2112,0.0000,3.0015,2.2111,0.6242,0.0726,4.3062,-0.3846,0.4161,5.1852,0.0000,3.0000
5.1852,2253,5.2112,0.0000,3.0015,2.2111,0.6242,0.0726,4.3062,-0.3846,0.4161,5.1852,0.0000,3.0000
5.1852,2254,5.2112,0.0000,3.0015,2.2111,0.6242,0.0726,4.3063,-0.3843,0.4161,5.1852,0.0000,3.0000
5.1852,2255,5.2111,0.0000,3.0015,2.2111,0.6242,0.0726,4.3063,-0.3839,0.4162,5.1852,0.0000,3.0000
5.1852,2256,5.2111,0.0000,3.0015,2.2111,0.6242,0.0726,4.3063,-0.3839,0.4162,5.1852,0.0000,3.0000
5.1852,2257,5.2111,0.0000,3.0015,2.2111,0.6242,0.0726,4.3063,-0.3836,0.4162,5.1852,0.0000,3.0000
5.1852,2258,5.2111,0.0000,3.0015,2.2111,0.6242,0.0726,4.3063,-0.3834,0.4162,5.1852,0.0000,3.0000
5.1852,2259,5.2111,0.0000,3.0015,2.2111,0.6242,0.0726,4.3063,-0.3834,0.4162,5.1852,0.0000,3.0000
5.1852,2260,5.2110,0.0000,3.0015,2.2111,0.6242,0.0726,4.3064,-0.3832,0.4162,5.1852,0.0000,3.0000
5.1852,2261,5.2110,0.0000,3.0015,2.2111,0.6242,0.0726,4.3064,-0.3832,0.4162,5.1852,0.0000,3.0000
5.1852,2262,5.2110,0.0000,3.0015,2.2111,0.6242,0.0726,4.3066,-0.3830,0.4163,5.1852,0.0000,3.0000
5.1852,2263,5.2110,0.0000,3.0015,2.2111,0.6242,0.0726,4.3067,-0.3828,0.4163,5.1852,0.0000,3.0000
5.1852,2264,5.2110,0.0000,3.0015,2.2111,0.6242,0.0726,4.3067,-0.3828,0.4163,5.1852,0.0000,3.0000
5.1852,2265,5.2109,0.0000,3.0015,2.2111,0.6242,0.0726,4.3070,-0.3826,0.4163,5.1852,0.0000,3.0000
5.1852,2266,5.2109,0.0000,3.0015,2.2111,0.6242,0.0726,4.3070,-0.3826,0.4163,5.1852,0.0000,3.0000
5.1852,2267,5.2109,0.0000,3.0015,2.2111,0.6242,0.0726,4.3072,-0.3824,0.4163,5.1852,0.0000,3.0000
5.1852,2268,5.2108,0.0000,3.0015,2.2111,0.6242,0.0726,4.3074,-0.3822,0.4164,5.1852,0.0000,3.0000
5.1852,2269,5.2108,0.0000,3.0015,2.2111,0.6242,0.0726,4.3074,-0.3822,0.4164,5.1852,0.0000,3.0000
5.1852,2270,5.2108,0.0000,3.0015,2.2111,0.6242,0.0726,4.3074,-0.3820,0.4163,5.1852,0.0000,3.0000
5.1852,2271,5.2108,0.0000,3.0015,2.2111,0.6242,0.0726,4.3074,-0.3820,0.4163,5.1852,0.0000,3.0000
5.1852,2272,5.2108,0.0000,3.0015,2.2111,0.6242,0.0726,4.3075,-0.3820,0.4163,5.1852,0.0000,3.0000
5.1852,2273,5.2107,0.0000,3.0015,2.2111,0.6242,0.0726,4.3077,-0.3822,0.4162,5.1852,0.0000,3.0000
5.1852,2274,5.2107,0.0000,3.0015,2.2111,0.6242,0.0726,4.3077,-0.3822,0.4162,5.1852,0.0000,3.0000
5.1852,2275,5.2107,0.0000,3.0015,2.2111,0.6242,0.0726,4.3078,-0.3826,0.4162,5.1852,0.0000,3.0000
5.1852,2276,5.2106,0.0000,3.0015,2.2111,0.6242,0.0726,4.3077,-0.3829,0.4162,5.1852,0.0000,3.0000
5.1852,2277,5.2106,0.0000,3.0015,2.2111,0.6242,0.0726,4.3077,-0.3829,0.4162,5.1852,0.0000,3.0000
5.1852,2278,5.2106,0.0000,3.0015,2.2111,0.6242,0.0726,4.3076,-0.3831,0.4161,5.1852,0.0000,3.0000
5.1852,2279,5.2106,0.0000,3.0015,2.2111,0.6242,0.0726,4.3076,-0.3831,0.4161,5.1852,0.0000,3.0000
5.1852,2280,5.2106,0.0000,3.0015,2.2111,0.6242,0.0726,4.3075,-0.3832,0.4161,5.1852,0.0000,3.0000
5.1852,2281,5.2105,0.0000,3.0015,2.2111,0.6242,0.0726,4.3072,-0.3833,0.4162,5.1852,0.0000,3.0000
5.1852,2282,5.2105,0.0000,3.0015,2.2111,0.6242,0.0726,4.3072,-0.3833,0.4162,5.1852,0.0000,3.0000
5.1852,2283,5.2105,0.0000,3.0015,2.2111,0.6242,0.0726,4.3069,-0.3833,0.4162,5.1852,0.0000,3.0000
5.1852,2284,5.2105,0.0000,3.0015,2.2111,0.6242,0.0726,4.3069,-0.3833,0.4162,5.1852,0.0000,3.0000
5.1852,2285,5.2104,0.0000,3.0015,2.2111,0.6242,0.0726,4.3067,-0.3833,0.4162,5.1852,0.0000,3.0000
5.1852,2286,5.2104,0.0000,3.0015,2.2111,0.6242,0.0726,4.3065,-0.3832,0.4162,5.1852,0.0000,3.0000
5.1852,2287,5.2104,0.0000,3.0015,2.2111,0.6242,0.0726,4.3065,-0.3832,0.4162,5.1852,0.0000,3.0000
5.1852,2288,5.2104,0.0000,3.0015,2.2111,0.6242,0.0726,4.3063,-0.3829,0.4162,5.1852,0.0000,3.0000
5.1852,2289,5.2103,0.0000,3.0015,2.2111,0.6242,0.0726,4.3062,-0.3827,0.4162,5.1852,0.0000,3.0000
5.1852,2290,5.2103,0.0000,3.0015,2.2111,0.6242,0.0726,4.3062,-0.3827,0.4162,5.1852,0.0000,3.0000
5.1852,2291,5.2103,0.0000,3.0015,2.2111,0.6242,0.0726,4.3061,-0.3825,0.4163,5.1852,0.0000,3.0000
5.1852,2292,5.2103,0.0000,3.0015,2.2111,0.6242,0.0726,4.3061,-0.3825,0.4163,5.1852,0.0000,3.0000
5.1852,2293,5.2103,0.0000,3.0015,2.2111,0.6242,0.0726,4.3060,-0.3821,0.4163,5.1852,0.0000,3.0000
5.1852,2294,5.2102,0.0000,3.0015,2.2111,0.6242,0.0726,4.3059,-0.3820,0.4163,5.1852,0.0000,3.0000
5.1852,2295,5.2102,0.0000,3.0015,2.2111,0.6242,0.0726,4.3059,-0.3820,0.4163,5.1852,0.0000,3.0000
5.1852,2296,5.2102,0.0000,3.0015,2.2111,0.6242,0.0726,4.3059,-0.3820,0.4163,5.1852,0.0000,3.0000
5.1852,2297,5.2101,0.0000,3.0015,2.2111,0.6242,0.0726,4.3058,-0.3819,0.4163,5.1852,0.0000,3.0000
5.1852,2298,5.2101,0.0000,3.0015,2.2111,0.6242,0.0726,4.3058,-0.3819,0.4163,5.1852,0.0000,3.0000
5.1852,2299,5.2101,0.0000,3.0015,2.2111,0.6242,0.0726,4.3056,-0.3819,0.4163,5.1852,0.0000,3.0000
5.1852,2300,5.2101,0.0000,3.0015,2.2111,0.6242,0.0726,4.3056,-0.3819,0.4163,5.1852,0.0000,3.0000
5.1852,2301,5.2101,0.0000,3.0015,2.2111,0.6242,0.0726,4.3054,-0.3818,0.4163,5.1852,0.0000,3.0000
5.1852,2302,5.2100,0.0000,3.0015,2.2111,0.6242,0.0726,4.3051,-0.3817,0.4164,5.1852,0.0000,3.0000
5.1852,2303,5.2100,0.0000,3.0015,2.2111,0.6242,0.0726,4.3051,-0.3817,0.4164,5.1852,0.0000,3.0000
5.1852,2304,5.2100,0.0000,3.0015,2.2111,0.6242,0.0726,4.3048,-0.3815,0.4163,5.1852,0.0000,3.0000
5.1852,2305,5.2099,0.0000,3.0015,2.2111,0.6242,0.0726,4.3046,-0.3813,0.4164,5.1852,0.0000,3.0000
5.1852,2306,5.2099,0.0000,3.0015,2.2111,0.6242,0.0726,4.3046,-0.3813,0.4164,5.1852,0.0000,3.0000
5.1852,2307,5.2099,0.0000,3.0015,2.2111,0.6242,0.0726,4.3045,-0.3812,0.4164,5.1852,0.0000,3.0000
5.1852,2308,5.2099,0.0000,3.0015,2.2111,0.6242,0.0726,4.3043,-0.3811,0.4164,5.1852,0.0000,3.0000
5.1852,2309,5.2099,0.0000,3.0015,2.2111,0.6242,0.0726,4.3043,-0.3811,0.4164,5.1852,0.0000,3.0000
5.1852,2310,5.2098,0.0000,3.0015,2.2111,0.6242,0.0726,4.3040,-0.3809,0.4164,5.1852,0.0000,3.0000
5.1852,2311,5.2098,0.0000,3.0015,2.2111,0.6242,0.0726,4.3040,-0.3809,0.4164,5.1852,0.0000,3.0000
5.1852,2312,5.2098,0.0000,3.0015,2.2111,0.6242,0.0726,4.3036,-0.3806,0.4164,5.1852,0.0000,3.0000
5.1852,2313,5.2098,0.0000,3.0015,2.2111,0.6242,0.0726,4.3033,-0.3805,0.4164,5.1852,0.0000,3.0000
5.1852,2314,5.2098,0.0000,3.0015,2.2111,0.6242,0.0726,4.3033,-0.3805,0.4164,5.1852,0.0000,3.0000
5.1852,2315,5.2097,0.0000,3.0015,2.2111,0.6242,0.0726,4.3031,-0.3805,0.4164,5.1852,0.0000,3.0000
5.1852,2316,5.2097,0.0000,3.0015,2.2111,0.6242,0.0726,4.3031,-0.3805,0.4164,5.1852,0.0000,3.0000
5.1852,2317,5.2097,0.0000,3.0015,2.2111,0.6242,0.0726,4.3030,-0.3803,0.4164,5.1852,0.0000,3.0000
5.1852,2318,5.2097,0.0000,3.0015,2.2111,0.6242,0.0726,4.3030,-0.3803,0.4164,5.1852,0.0000,3.0000
5.1852,2319,5.2096,0.0000,3.0015,2.2111,0.6242,0.0726,4.3029,-0.3802,0.4164,5.1852,0.0000,3.0000
5.1852,2320,5.2096,0.0000,3.0015,2.2111,0.6242,0.0726,4.3028,-0.3800,0.4165,5.1852,0.0000,3.0000
5.1852,2321,5.2096,0.0000,3.0015,2.2111,0.6242,0.0726,4.3028,-0.3800,0.4165,5.1852,0.0000,3.0000
5.1852,2322,5.2096,0.0000,3.0015,2.2111,0.6242,0.0726,4.3026,-0.3798,0.4165,5.1852,0.0000,3.0000
5.1852,2323,5.2096,0.0000,3.0015,2.2111,0.6242,0.0726,4.3026,-0.3798,0.4165,5.1852,0.0000,3.0000
5.1852,2324,5.2095,0.0000,3.0015,2.2111,0.6242,0.0726,4.3024,-0.3796,0.4165,5.1852,0.0000,3.0000
5.1852,2325,5.2095,0.0000,3.0015,2.2111,0.6242,0.0726,4.3024,-0.3795,0.4164,5.1852,0.0000,3.0000
5.1852,2326,5.2095,0.0000,3.0015,2.2111,0.6242,0.0726,4.3024,-0.3795,0.4164,5.1852,0.0000,3.0000
5.1852,2327,5.2094,0.0000,3.0015,2.2111,0.6242,0.0726,4.3024,-0.3796,0.4165,5.1852,0.0000,3.0000
5.1852,2328,5.2094,0.0000,3.0015,2.2111,0.6242,0.0726,4.3023,-0.3796,0.4165,5.1852,0.0000,3.0000
5.1852,2329,5.2094,0.0000,3.0015,2.2111,0.6242,0.0726,4.3023,-0.3796,0.4165,5.1852,0.0000,3.0000
5.1852,2330,5.2094,0.0000,3.0015,2.2111,0.6242,0.0726,4.3021,-0.3796,0.4164,5.1852,0.0000,3.0000
5.1852,2331,5.2094,0.0000,3.0015,2.2111,0.6242,0.0726,4.3021,-0.3796,0.4164,5.1852,0.0000,3.0000
5.1852,2332,5.2093,0.0000,3.0015,2.2111,0.6242,0.0726,4.3020,-0.3798,0.4164,5.1852,0.0000,3.0000
5.1852,2333,5.2093,0.0000,3.0015,2.2111,0.6242,0.0726,4.3019,-0.3799,0.4164,5.1852,0.0000,3.0000
5.1852,2334,5.2093,0.0000,3.0015,2.2111,0.6242,0.0726,4.3019,-0.3799,0.4164,5.1852,0.0000,3.0000
5.1852,2335,5.2093,0.0000,3.0015,2.2111,0.6242,0.0726,4.3017,-0.3801,0.4163,5.1852,0.0000,3.0000
5.1852,2336,5.2092,0.0000,3.0015,2.2111,0.6242,0.0726,4.3017,-0.3803,0.4163,5.1852,0.0000,3.0000
5.1852,2337,5.2092,0.0000,3.0015,2.2111,0.6242,0.0726,4.3017,-0.3803,0.4163,5.1852,0.0000,3.0000
5.1852,2338,5.2092,0.0000,3.0015,2.2111,0.6242,0.0726,4.3017,-0.3805,0.4163,5.1852,0.0000,3.0000
5.1852,2339,5.2091,0.0000,3.0015,2.2111,0.6242,0.0726,4.3018,-0.3808,0.4162,5.1852,0.0000,3.0000
5.1852,2340,5.2091,0.0000,3.0015,2.2111,0.6242,0.0726,4.3018,-0.3808,0.4162,5.1852,0.0000,3.0000
5.1852,2341,5.2091,0.0000,3.0015,2.2111,0.6242,0.0726,4.3019,-0.3812,0.4161,5.1852,0.0000,3.0000
5.1852,2342,5.2091,0.0000,3.0015,2.2111,0.6242,0.0726,4.3019,-0.3812,0.4161,5.1852,0.0000,3.0000
5.1852,2343,5.2091,0.0000,3.0015,2.2111,0.6242,0.0726,4.3020,-0.3818,0.4161,5.1852,0.0000,3.0000
5.1852,2344,5.2090,0.0000,3.0015,2.2111,0.6242,0.0726,4.3020,-0.3822,0.4160,5.1852,0.0000,3.0000
5.1852,2345,5.2090,0.0000,3.0015,2.2111,0.6242,0.0726,4.3020,-0.3822,0.4160,5.1852,0.0000,3.0000
5.1852,2346,5.2090,0.0000,3.0015,2.2111,0.6242,0.0726,4.3021,-0.3827,0.4160,5.1852,0.0000,3.0000
5.1852,2347,5.2090,0.0000,3.0015,2.2111,0.6242,0.0726,4.3023,-0.3832,0.4159,5.1852,0.0000,3.0000
5.1852,2348,5.2090,0.0000,3.0015,2.2111,0.6242,0.0726,4.3023,-0.3832,0.4159,5.1852,0.0000,3.0000
5.1852,2349,5.2089,0.0000,3.0015,2.2111,0.6242,0.0726,4.3024,-0.3837,0.4159,5.1852,0.0000,3.0000
5.1852,2350,5.2089,0.0000,3.0015,2.2111,0.6242,0.0726,4.3024,-0.3837,0.4159,5.1852,0.0000,3.0000
5.1852,2351,5.2089,0.0000,3.0015,2.2111,0.6242,0.0726,4.3027,-0.3842,0.4158,5.1852,0.0000,3.0000
5.1852,2352,5.2089,0.0000,3.0015,2.2111,0.6242,0.0726,4.3027,-0.3842,0.4158,5.1852,0.0000,3.0000
5.1852,2353,5.2088,0.0000,3.0015,2.2111,0.6242,0.0726,4.3030,-0.3845,0.4158,5.1852,0.0000,3.0000
5.1852,2354,5.2088,0.0000,3.0015,2.2111,0.6242,0.0726,4.3033,-0.3847,0.4158,5.1852,0.0000,3.0000
5.1852,2355,5.2088,0.0000,3.0015,2.2111,0.6242,0.0726,4.3033,-0.3847,0.4158,5.1852,0.0000,3.0000
5.1852,2356,5.2088,0.0000,3.0015,2.2111,0.6242,0.0726,4.3036,-0.3849,0.4158,5.1852,0.0000,3.0000
5.1852,2357,5.2088,0.0000,3.0015,2.2111,0.6242,0.0726,4.3036,-0.3849,0.4158,5.1852,0.0000,3.0000
5.1852,2358,5.2087,0.0000,3.0015,2.2111,0.6242,0.0726,4.3040,-0.3850,0.4158,5.1852,0.0000,3.0000
5.1852,2359,5.2087,0.0000,3.0015,2.2111,0.6242,0.0726,4.3043,-0.3852,0.4158,5.1852,0.0000,3.0000
5.1852,2360,5.2087,0.0000,3.0015,2.2111,0.6242,0.0726,4.3043,-0.3852,0.4158,5.1852,0.0000,3.0000
5.1852,2361,5.2087,0.0000,3.0015,2.2111,0.6242,0.0726,4.3047,-0.3853,0.4158,5.1852,0.0000,3.0000
5.1852,2362,5.2086,0.0000,3.0015,2.2111,0.6242,0.0726,4.3050,-0.3854,0.4158,5.1852,0.0000,3.0000
5.1852,2363,5.2086,0.0000,3.0015,2.2111,0.6242,0.0726,4.3050,-0.3854,0.4158,5.1852,0.0000,3.0000
5.1852,2364,5.2086,0.0000,3.0015,2.2111,0.6242,0.0726,4.3051,-0.3854,0.4158,5.1852,0.0000,3.0000
5.1852,2365,5.2086,0.0000,3.0015,2.2111,0.6242,0.0726,4.3051,-0.3854,0.4158,5.1852,0.0000,3.0000
5.1852,2366,5.2086,0.0000,3.0015,2.2111,0.6242,0.0726,4.3052,-0.3853,0.4158,5.1852,0.0000,3.0000
5.1852,2367,5.2085,0.0000,3.0015,2.2111,0.6242,0.0726,4.3054,-0.3853,0.4158,5.1852,0.0000,3.0000
5.1852,2368,5.2085,0.0000,3.0015,2.2111,0.6242,0.0726,4.3054,-0.3853,0.4158,5.1852,0.0000,3.0000
5.1852,2369,5.2085,0.0000,3.0015,2.2111,0.6242,0.0726,4.3056,-0.3854,0.4158,5.1852,0.0000,3.0000
5.1852,2370,5.2085,0.0000,3.0015,2.2111,0.6242,0.0726,4.3059,-0.3856,0.4158,5.1852,0.0000,3.0000
5.1852,2371,5.2085,0.0000,3.0015,2.2111,0.6242,0.0726,4.3059,-0.3856,0.4158,5.1852,0.0000,3.0000
5.1852,2372,5.2084,0.0000,3.0015,2.2111,0.6242,0.0726,4.3061,-0.3858,0.4157,5.1852,0.0000,3.0000
5.1852,2373,5.2084,0.0000,3.0015,2.2111,0.6242,0.0726,4.3061,-0.3858,0.4157,5.1852,0.0000,3.0000
5.1852,2374,5.2084,0.0000,3.0015,2.2111,0.6242,0.0726,4.3061,-0.3861,0.4157,5.1852,0.0000,3.0000
5.1852,2375,5.2084,0.0000,3.0015,2.2111,0.6242,0.0726,4.3060,-0.3864,0.4157,5.1852,0.0000,3.0000
5.1852,2376,5.2084,0.0000,3.0015,2.2111,0.6242,0.0726,4.3060,-0.3864,0.4157,5.1852,0.0000,3.0000
5.1852,2377,5.2083,0.0000,3.0015,2.2111,0.6242,0.0726,4.3057,-0.3866,0.4157,5.1852,0.0000,3.0000
5.1852,2378,5.2083,0.0000,3.0015,2.2111,0.6242,0.0726,4.3057,-0.3866,0.4157,5.1852,0.0000,3.0000
5.1852,2379,5.2083,0.0000,3.0015,2.2111,0.6242,0.0726,4.3052,-0.3867,0.4157,5.1852,0.0000,3.0000
5.1852,2380,5.2082,0.0000,3.0015,2.2111,0.6242,0.0726,4.3045,-0.3867,0.4157,5.1852,0.0000,3.0000
5.1852,2381,5.2082,0.0000,3.0015,2.2111,0.6242,0.0726,4.3045,-0.3867,0.4157,5.1852,0.0000,3.0000
5.1852,2382,5.2082,0.0000,3.0015,2.2111,0.6242,0.0726,4.3040,-0.3866,0.4157,5.1852,0.0000,3.0000
5.1852,2383,5.2082,0.0000,3.0015,2.2111,0.6242,0.0726,4.3040,-0.3866,0.4157,5.1852,0.0000,3.0000
5.1852,2384,5.2082,0.0000,3.0015,2.2111,0.6242,0.0726,4.3036,-0.3865,0.4157,5.1852,0.0000,3.0000
5.1852,2385,5.2081,0.0000,3.0015,2.2111,0.6242,0.0726,4.3033,-0.3865,0.4158,5.1852,0.0000,3.0000
5.1852,2386,5.2081,0.0000,3.0015,2.2111,0.6242,0.0726,4.3033,-0.3865,0.4158,5.1852,0.0000,3.0000
5.1852,2387,5.2081,0.0000,3.0015,2.2111,0.6242,0.0726,4.3030,-0.3865,0.4157,5.1852,0.0000,3.0000
5.1852,2388,5.2081,0.0000,3.0015,2.2111,0.6242,0.0726,4.3027,-0.3864,0.4158,5.1852,0.0000,3.0000
5.1852,2389,5.2081,0.0000,3.0015,2.2111,0.6242,0.0726,4.3027,-0.3864,0.4158,5.1852,0.0000,3.0000
5.1852,2390,5.2080,0.0000,3.0015,2.2111,0.6242,0.0726,4.3025,-0.3861,0.4158,5.1852,0.0000,3.0000
5.1852,2391,5.2080,0.0000,3.0015,2.2111,0.6242,0.0726,4.3025,-0.3861,0.4158,5.1852,0.0000,3.0000
5.1852,2392,5.2080,0.0000,3.0015,2.2111,0.6242,0.0726,4.3023,-0.3858,0.4158,5.1852,0.0000,3.0000
5.1852,2393,5.2080,0.0000,3.0015,2.2111,0.6242,0.0726,4.3023,-0.3858,0.4158,5.1852,0.0000,3.0000
5.1852,2394,5.2080,0.0000,3.0015,2.2111,0.6242,0.0726,4.3023,-0.3856,0.4158,5.1852,0.0000,3.0000
5.1852,2395,5.2079,0.0000,3.0015,2.2111,0.6242,0.0726,4.3023,-0.3856,0.4159,5.1852,0.0000,3.0000
5.1852,2396,5.2079,0.0000,3.0015,2.2111,0.6242,0.0726,4.3023,-0.3856,0.4159,5.1852,0.0000,3.0000
5.1852,2397,5.2079,0.0000,3.0015,2.2111,0.6242,0.0726,4.3022,-0.3857,0.4158,5.1852,0.0000,3.0000
5.1852,2398,5.2079,0.0000,3.0015,2.2111,0.6242,0.0726,4.3023,-0.3859,0.4158,5.1852,0.0000,3.0000
5.1852,2399,5.2079,0.0000,3.0015,2.2111,0.6242,0.0726,4.3023,-0.3859,0.4158,5.1852,0.0000,3.0000
5.1852,2400,5.2078,0.0000,3.0015,2.2111,0.6242,0.0726,4.3025,-0.3861,0.4158,5.1852,0.0000,3.0000
5.1852,2401,5.2078,0.0000,3.0015,2.2111,0.6242,0.0726,4.3026,-0.3861,0.4158,5.1852,0.0000,3.0000
5.1852,2402,5.2078,0.0000,3.0015,2.2111,0.6242,0.0726,4.3026,-0.3861,0.4158,5.1852,0.0000,3.0000
5.1852,2403,5.2078,0.0000,3.0014,2.2111,0.6242,0.0726,4.3028,-0.3859,0.4158,5.1852,0.0000,3.0000
5.1852,2404,5.2078,0.0000,3.0014,2.2111,0.6242,0.0726,4.3028,-0.3859,0.4158,5.1852,0.0000,3.0000
5.1852,2405,5.2077,0.0000,3.0014,2.2111,0.6242,0.0726,4.3030,-0.3858,0.4158,5.1852,0.0000,3.0000
5.1852,2406,5.2077,0.0000,3.0014,2.2111,0.6242,0.0726,4.3032,-0.3858,0.4158,5.1852,0.0000,3.0000
5.1852,2407,5.2077,0.0000,3.0014,2.2111,0.6242,0.0726,4.3032,-0.3858,0.4158,5.1852,0.0000,3.0000
5.1852,2408,5.2076,0.0000,3.0014,2.2111,0.6242,0.0726,4.3034,-0.3860,0.4157,5.1852,0.0000,3.0000
5.1852,2409,5.2076,0.0000,3.0014,2.2111,0.6242,0.0726,4.3034,-0.3860,0.4157,5.1852,0.0000,3.0000
5.1852,2410,5.2076,0.0000,3.0014,2.2111,0.6242,0.0726,4.3036,-0.3862,0.4157,5.1852,0.0000,3.0000
5.1852,2411,5.2076,0.0000,3.0014,2.2111,0.6242,0.0726,4.3038,-0.3862,0.4158,5.1852,0.0000,3.0000
5.1852,2412,5.2076,0.0000,3.0014,2.2111,0.6242,0.0726,4.3038,-0.3862,0.4158,5.1852,0.0000,3.0000
5.1852,2413,5.2075,0.0000,3.0014,2.2111,0.6242,0.0726,4.3039,-0.3862,0.4157,5.1852,0.0000,3.0000
5.1852,2414,5.2075,0.0000,3.0014,2.2111,0.6242,0.0726,4.3039,-0.3862,0.4157,5.1852,0.0000,3.0000
5.1852,2415,5.2075,0.0000,3.0014,2.2111,0.6242,0.0726,4.3041,-0.3864,0.4157,5.1852,0.0000,3.0000
5.1852,2416,5.2075,0.0000,3.0014,2.2111,0.6242,0.0726,4.3042,-0.3866,0.4157,5.1852,0.0000,3.0000
5.1852,2417,5.2075,0.0000,3.0014,2.2111,0.6242,0.0726,4.3042,-0.3866,0.4157,5.1852,0.0000,3.0000
5.1852,2418,5.2074,0.0000,3.0014,2.2111,0.6242,0.0726,4.3041,-0.3868,0.4157,5.1852,0.0000,3.0000
5.1852,2419,5.2074,0.0000,3.0014,2.2111,0.6242,0.0726,4.3041,-0.3869,0.4157,5.1852,0.0000,3.0000
5.1852,2420,5.2074,0.0000,3.0014,2.2111,0.6242,0.0726,4.3041,-0.3869,0.4157,5.1852,0.0000,3.0000
5.1852,2421,5.2074,0.0000,3.0014,2.2111,0.6242,0.0726,4.3040,-0.3869,0.4157,5.1852,0.0000,3.0000
5.1852,2422,5.2074,0.0000,3.0014,2.2111,0.6242,0.0726,4.3040,-0.3869,0.4157,5.1852,0.0000,3.0000
5.1852,2423,5.2073,0.0000,3.0014,2.2111,0.6242,0.0726,4.3040,-0.3868,0.4157,5.1852,0.0000,3.0000
5.1852,2424,5.2073,0.0000,3.0014,2.2111,0.6242,0.0726,4.3041,-0.3865,0.4158,5.1852,0.0000,3.0000
5.1852,2425,5.2073,0.0000,3.0014,2.2111,0.6242,0.0726,4.3041,-0.3865,0.4158,5.1852,0.0000,3.0000
5.1852,2426,5.2073,0.0000,3.0014,2.2111,0.6242,0.0726,4.3040,-0.3862,0.4159,5.1852,0.0000,3.0000
5.1852,2427,5.2072,0.0000,3.0014,2.2111,0.6242,0.0726,4.3038,-0.3858,0.4159,5.1852,0.0000,3.0000
5.1852,2428,5.2072,0.0000,3.0014,2.2111,0.6242,0.0726,4.3038,-0.3858,0.4159,5.1852,0.0000,3.0000
5.1852,2429,5.2072,0.0000,3.0014,2.2111,0.6242,0.0726,4.3035,-0.3855,0.4159,5.1852,0.0000,3.0000
5.1852,2430,5.2072,0.0000,3.0014,2.2111,0.6242,0.0726,4.3034,-0.3852,0.4159,5.1852,0.0000,3.0000
5.1852,2431,5.2072,0.0000,3.0014,2.2111,0.6242,0.0726,4.3034,-0.3852,0.4159,5.1852,0.0000,3.0000
5.1852,2432,5.2071,0.0000,3.0014,2.2111,0.6242,0.0726,4.3033,-0.3852,0.4159,5.1852,0.0000,3.0000
5.1852,2433,5.2071,0.0000,3.0014,2.2111,0.6242,0.0726,4.3033,-0.3852,0.4159,5.1852,0.0000,3.0000
5.1852,2434,5.2071,0.0000,3.0014,2.2111,0.6242,0.0726,4.3034,-0.3854,0.4158,5.1852,0.0000,3.0000
5.1852,2435,5.2071,0.0000,3.0014,2.2111,0.6242,0.0726,4.3035,-0.3856,0.4158,5.1852,0.0000,3.0000
5.1852,2436,5.2071,0.0000,3.0014,2.2111,0.6242,0.0726,4.3035,-0.3856,0.4158,5.1852,0.0000,3.0000
5.1852,2437,5.2070,0.0000,3.0014,2.2111,0.6242,0.0726,4.3036,-0.3858,0.4158,5.1852,0.0000,3.0000
5.1852,2438,5.2070,0.0000,3.0014,2.2111,0.6242,0.0726,4.3036,-0.3858,0.4158,5.1852,0.0000,3.0000
5.1852,2439,5.2070,0.0000,3.0014,2.2111,0.6242,0.0726,4.3036,-0.3861,0.4157,5.1852,0.0000,3.0000
5.1852,2440,5.2070,0.0000,3.0014,2.2111,0.6242,0.0726,4.3037,-0.3866,0.4157,5.1852,0.0000,3.0000
5.1852,2441,5.2070,0.0000,3.0014,2.2111,0.6242,0.0726,4.3037,-0.3866,0.4157,5.1852,0.0000,3.0000
5.1852,2442,5.2069,0.0000,3.0014,2.2111,0.6242,0.0726,4.3037,-0.3869,0.4156,5.1852,0.0000,3.0000
5.1852,2443,5.2069,0.0000,3.0014,2.2111,0.6242,0.0726,4.3038,-0.3871,0.4156,5.1852,0.0000,3.0000
5.1852,2444,5.2069,0.0000,3.0014,2.2111,0.6242,0.0726,4.3038,-0.3871,0.4156,5.1852,0.0000,3.0000
5.1852,2445,5.2068,0.0000,3.0014,2.2111,0.6242,0.0726,4.3039,-0.3872,0.4156,5.1852,0.0000,3.0000
5.1852,2446,5.2068,0.0000,3.0014,2.2111,0.6242,0.0726,4.3039,-0.3872,0.4156,5.1852,0.0000,3.0000
5.1852,2447,5.2068,0.0000,3.0014,2.2111,0.6242,0.0726,4.3039,-0.3872,0.4156,5.1852,0.0000,3.0000
5.1852,2448,5.2068,0.0000,3.0014,2.2111,0.6242,0.0726,4.3039,-0.3871,0.4157,5.1852,0.0000,3.0000
5.1852,2449,5.2068,0.0000,3.0014,2.2111,0.6242,0.0726,4.3039,-0.3871,0.4157,5.1852,0.0000,3.0000
5.1852,2450,5.2067,0.0000,3.0014,2.2111,0.6242,0.0726,4.3040,-0.3871,0.4157,5.1852,0.0000,3.0000
5.1852,2451,5.2067,0.0000,3.0014,2.2111,0.6242,0.0726,4.3040,-0.3870,0.4157,5.1852,0.0000,3.0000
5.1852,2452,5.2067,0.0000,3.0014,2.2111,0.6242,0.0726,4.3040,-0.3870,0.4157,5.1852,0.0000,3.0000
5.1852,2453,5.2067,0.0000,3.0014,2.2111,0.6242,0.0726,4.3041,-0.3871,0.4157,5.1852,0.0000,3.0000
5.1852,2454,5.2067,0.0000,3.0014,2.2111,0.6242,0.0726,4.3041,-0.3871,0.4157,5.1852,0.0000,3.0000
5.1852,2455,5.2066,0.0000,3.0014,2.2111,0.6242,0.0726,4.3042,-0.3872,0.4157,5.1852,0.0000,3.0000
5.1852,2456,5.2066,0.0000,3.0014,2.2111,0.6242,0.0726,4.3042,-0.3872,0.4157,5.1852,0.0000,3.0000
5.1852,2457,5.2066,0.0000,3.0014,2.2111,0.6242,0.0726,4.3041,-0.3872,0.4157,5.1852,0.0000,3.0000
5.1852,2458,5.2066,0.0000,3.0014,2.2111,0.6242,0.0726,4.3040,-0.3871,0.4157,5.1852,0.0000,3.0000
5.1852,2459,5.2066,0.0000,3.0014,2.2111,0.6242,0.0726,4.3040,-0.3871,0.4157,5.1852,0.0000,3.0000
5.1852,2460,5.2065,0.0000,3.0014,2.2111,0.6242,0.0726,4.3039,-0.3870,0.4157,5.1852,0.0000,3.0000
5.1852,2461,5.2065,0.0000,3.0014,2.2111,0.6242,0.0726,4.3038,-0.3870,0.4157,5.1852,0.0000,3.0000
5.1852,2462,5.2065,0.0000,3.0014,2.2111,0.6242,0.0726,4.3038,-0.3870,0.4157,5.1852,0.0000,3.0000
5.1852,2463,5.2065,0.0000,3.0014,2.2111,0.6242,0.0726,4.3036,-0.3869,0.4157,5.1852,0.0000,3.0000
5.1852,2464,5.2065,0.0000,3.0014,2.2111,0.6242,0.0726,4.3036,-0.3869,0.4157,5.1852,0.0000,3.0000
5.1852,2465,5.2065,0.0000,3.0014,2.2111,0.6242,0.0726,4.3034,-0.3870,0.4157,5.1852,0.0000,3.0000
5.1852,2466,5.2064,0.0000,3.0014,2.2111,0.6242,0.0726,4.3031,-0.3871,0.4157,5.1852,0.0000,3.0000
5.1852,2467,5.2064,0.0000,3.0014,2.2111,0.6242,0.0726,4.3031,-0.3871,0.4157,5.1852,0.0000,3.0000
5.1852,2468,5.2064,0.0000,3.0014,2.2111,0.6242,0.0726,4.3028,-0.3872,0.4157,5.1852,0.0000,3.0000
5.1852,2469,5.2064,0.0000,3.0014,2.2111,0.6242,0.0726,4.3028,-0.3872,0.4157,5.1852,0.0000,3.0000
5.1852,2470,5.2064,0.0000,3.0014,2.2111,0.6242,0.0726,4.3026,-0.3873,0.4156,5.1852,0.0000,3.0000
5.1852,2471,5.2063,0.0000,3.0014,2.2111,0.6242,0.0726,4.3025,-0.3875,0.4156,5.1852,0.0000,3.0000
5.1852,2472,5.2063,0.0000,3.0014,2.2111,0.6242,0.0726,4.3025,-0.3875,0.4156,5.1852,0.0000,3.0000
5.1852,2473,5.2063,0.0000,3.0014,2.2111,0.6242,0.0726,4.3023,-0.3877,0.4156,5.1852,0.0000,3.0000
5.1852,2474,5.2063,0.0000,3.0014,2.2111,0.6242,0.0726,4.3023,-0.3877,0.4156,5.1852,0.0000,3.0000
5.1852,2475,5.2063,0.0000,3.0014,2.2111,0.6242,0.0726,4.3020,-0.3878,0.4156,5.1852,0.0000,3.0000
5.1852,2476,5.2063,0.0000,3.0014,2.2111,0.6242,0.0726,4.3020,-0.3878,0.4156,5.1852,0.0000,3.0000
5.1852,2477,5.2062,0.0000,3.0014,2.2111,0.6242,0.0726,4.3015,-0.3877,0.4156,5.1852,0.0000,3.0000
5.1852,2478,5.2062,0.0000,3.0014,2.2111,0.6242,0.0726,4.3010,-0.3877,0.4156,5.1852,0.0000,3.0000
5.1852,2479,5.2062,0.0000,3.0014,2.2111,0.6242,0.0726,4.3010,-0.3877,0.4156,5.1852,0.0000,3.0000
5.1852,2480,5.2062,0.0000,3.0014,2.2111,0.6242,0.0726,4.3005,-0.3878,0.4156,5.1852,0.0000,3.0000
5.1852,2481,5.2061,0.0000,3.0014,2.2111,0.6242,0.0726,4.3002,-0.3877,0.4156,5.1852,0.0000,3.0000
5.1852,2482,5.2061,0.0000,3.0014,2.2111,0.6242,0.0726,4.3002,-0.3877,0.4156,5.1852,0.0000,3.0000
5.1852,2483,5.2061,0.0000,3.0014,2.2111,0.6242,0.0726,4.3000,-0.3875,0.4156,5.1852,0.0000,3.0000
5.1852,2484,5.2061,0.0000,3.0014,2.2111,0.6242,0.0726,4.3000,-0.3875,0.4156,5.1852,0.0000,3.0000
5.1852,2485,5.2061,0.0000,3.0014,2.2111,0.6242,0.0726,4.2998,-0.3873,0.4156,5.1852,0.0000,3.0000
5.1852,2486,5.2060,0.0000,3.0014,2.2111,0.6242,0.0726,4.2998,-0.3872,0.4156,5.1852,0.0000,3.0000
5.1852,2487,5.2060,0.0000,3.0014,2.2111,0.6242,0.0726,4.2998,-0.3872,0.4156,5.1852,0.0000,3.0000
5.1852,2488,5.2060,0.0000,3.0014,2.2111,0.6242,0.0726,4.2999,-0.3870,0.4157,5.1852,0.0000,3.0000
5.1852,2489,5.2060,0.0000,3.0014,2.2111,0.6242,0.0726,4.2999,-0.3870,0.4157,5.1852,0.0000,3.0000
5.1852,2490,5.2060,0.0000,3.0014,2.2111,0.6242,0.0726,4.3000,-0.3867,0.4157,5.1852,0.0000,3.0000
5.1852,2491,5.2059,0.0000,3.0014,2.2111,0.6242,0.0726,4.3001,-0.3866,0.4157,5.1852,0.0000,3.0000
5.1852,2492,5.2059,0.0000,3.0014,2.2111,0.6242,0.0726,4.3001,-0.3866,0.4157,5.1852,0.0000,3.0000
5.1852,2493,5.2059,0.0000,3.0014,2.2111,0.6242,0.0726,4.3002,-0.3865,0.4157,5.1852,0.0000,3.0000
5.1852,2494,5.2059,0.0000,3.0014,2.2111,0.6242,0.0726,4.3003,-0.3865,0.4157,5.1852,0.0000,3.0000
5.1852,2495,5.2059,0.0000,3.0014,2.2111,0.6242,0.0726,4.3003,-0.3865,0.4157,5.1852,0.0000,3.0000
5.1852,2496,5.2058,0.0000,3.0014,2.2111,0.6242,0.0726,4.3005,-0.3867,0.4157,5.1852,0.0000,3.0000
5.1852,2497,5.2058,0.0000,3.0014,2.2111,0.6242,0.0726,4.3005,-0.3867,0.4157,5.1852,0.0000,3.0000
5.1852,2498,5.2058,0.0000,3.0014,2.2111,0.6242,0.0726,4.3006,-0.3868,0.4156,5.1852,0.0000,3.0000
5.1852,2499,5.2058,0.0000,3.0014,2.2111,0.6242,0.0726,4.3008,-0.3871,0.4156,5.1852,0.0000,3.0000
5.1852,2500,5.2058,0.0000,3.0014,2.2111,0.6242,0.0726,4.3008,-0.3871,0.4156,5.1852,0.0000,3.0000
5.1852,2501,5.2057,0.0000,3.0014,2.2111,0.6242,0.0726,4.3010,-0.3874,0.4156,5.1852,0.0000,3.0000
5.1852,2502,5.2057,0.0000,3.0014,2.2111,0.6242,0.0726,4.3012,-0.3878,0.4155,5.1852,0.0000,3.0000
5.1852,2503,5.2057,0.0000,3.0014,2.2111,0.6242,0.0726,4.3012,-0.3878,0.4155,5.1852,0.0000,3.0000
5.1852,2504,5.2057,0.0000,3.0014,2.2111,0.6242,0.0726,4.3013,-0.3881,0.4155,5.1852,0.0000,3.0000
5.1852,2505,5.2057,0.0000,3.0014,2.2111,0.6242,0.0726,4.3013,-0.3881,0.4155,5.1852,0.0000,3.0000
5.1852,2506,5.2057,0.0000,3.0014,2.2111,0.6242,0.0726,4.3015,-0.3883,0.4155,5.1852,0.0000,3.0000
5.1852,2507,5.2056,0.0000,3.0014,2.2111,0.6242,0.0726,4.3018,-0.3883,0.4155,5.1852,0.0000,3.0000
5.1852,2508,5.2056,0.0000,3.0014,2.2111,0.6242,0.0726,4.3018,-0.3883,0.4155,5.1852,0.0000,3.0000
5.1852,2509,5.2056,0.0000,3.0014,2.2111,0.6242,0.0726,4.3021,-0.3883,0.4155,5.1852,0.0000,3.0000
5.1852,2510,5.2056,0.0000,3.0014,2.2111,0.6242,0.0726,4.3023,-0.3881,0.4156,5.1852,0.0000,3.0000
5.1852,2511,5.2056,0.0000,3.0014,2.2111,0.6242,0.0726,4.3023,-0.3881,0.4156,5.1852,0.0000,3.0000
5.1852,2512,5.2055,0.0000,3.0014,2.2111,0.6242,0.0726,4.3025,-0.3878,0.4156,5.1852,0.0000,3.0000
5.1852,2513,5.2055,0.0000,3.0014,2.2111,0.6242,0.0726,4.3025,-0.3878,0.4156,5.1852,0.0000,3.0000
5.1852,2514,5.2055,0.0000,3.0014,2.2111,0.6242,0.0726,4.3027,-0.3874,0.4157,5.1852,0.0000,3.0000
5.1852,2515,5.2055,0.0000,3.0014,2.2111,0.6242,0.0726,4.3026,-0.3872,0.4157,5.1852,0.0000,3.0000
5.1852,2516,5.2055,0.0000,3.0014,2.2111,0.6242,0.0726,4.3026,-0.3872,0.4157,5.1852,0.0000,3.0000
5.1852,2517,5.2054,0.0000,3.0014,2.2111,0.6242,0.0726,4.3026,-0.3870,0.4157,5.1852,0.0000,3.0000
5.1852,2518,5.2054,0.0000,3.0014,2.2111,0.6242,0.0726,4.3025,-0.3869,0.4157,5.1852,0.0000,3.0000
5.1852,2519,5.2054,0.0000,3.0014,2.2111,0.6242,0.0726,4.3025,-0.3869,0.4157,5.1852,0.0000,3.0000
5.1852,2520,5.2054,0.0000,3.0014,2.2111,0.6242,0.0726,4.3024,-0.3869,0.4157,5.1852,0.0000,3.0000
5.1852,2521,5.2054,0.0000,3.0014,2.2111,0.6242,0.0726,4.3024,-0.3869,0.4157,5.1852,0.0000,3.0000
5.1852,2522,5.2053,0.0000,3.0014,2.2111,0.6242,0.0726,4.3023,-0.3868,0.4157,5.1852,0.0000,3.0000
5.1852,2523,5.2053,0.0000,3.0014,2.2111,0.6242,0.0726,4.3022,-0.3868,0.4157,5.1852,0.0000,3.0000
5.1852,2524,5.2053,0.0000,3.0014,2.2111,0.6242,0.0726,4.3022,-0.3868,0.4157,5.1852,0.0000,3.0000
5.1852,2525,5.2053,0.0000,3.0014,2.2111,0.6242,0.0726,4.3022,-0.3868,0.4157,5.1852,0.0000,3.0000
5.1852,2526,5.2052,0.0000,3.0014,2.2111,0.6242,0.0726,4.3020,-0.3867,0.4157,5.1852,0.0000,3.0000
5.1852,2527,5.2052,0.0000,3.0014,2.2111,0.6242,0.0726,4.3020,-0.3867,0.4157,5.1852,0.0000,3.0000
5.1852,2528,5.2052,0.0000,3.0014,2.2111,0.6242,0.0726,4.3018,-0.3868,0.4157,5.1852,0.0000,3.0000
5.1852,2529,5.2052,0.0000,3.0014,2.2111,0.6242,0.0726,4.3018,-0.3868,0.4157,5.1852,0.0000,3.0000
5.1852,2530,5.2052,0.0000,3.0014,2.2111,0.6242,0.0726,4.3015,-0.3869,0.4157,5.1852,0.0000,3.0000
5.1852,2531,5.2051,0.0000,3.0014,2.2111,0.6242,0.0726,4.3014,-0.3870,0.4157,5.1852,0.0000,3.0000
5.1852,2532,5.2051,0.0000,3.0014,2.2111,0.6242,0.0726,4.3014,-0.3870,0.4157,5.1852,0.0000,3.0000
5.1852,2533,5.2051,0.0000,3.0014,2.2111,0.6242,0.0726,4.3014,-0.3868,0.4157,5.1852,0.0000,3.0000
5.1852,2534,5.2051,0.0000,3.0014,2.2111,0.6242,0.0726,4.3014,-0.3868,0.4157,5.1852,0.0000,3.0000
5.1852,2535,5.2051,0.0000,3.0014,2.2111,0.6242,0.0726,4.3013,-0.3867,0.4157,5.1852,0.0000,3.0000
5.1852,2536,5.2051,0.0000,3.0014,2.2111,0.6242,0.0726,4.3012,-0.3867,0.4157,5.1852,0.0000,3.0000
5.1852,2537,5.2051,0.0000,3.0014,2.2111,0.6242,0.0726,4.3012,-0.3867,0.4157,5.1852,0.0000,3.0000
5.1852,2538,5.2050,0.0000,3.0014,2.2111,0.6242,0.0726,4.3011,-0.3867,0.4157,5.1852,0.0000,3.0000
5.1852,2539,5.2050,0.0000,3.0014,2.2111,0.6242,0.0726,4.3009,-0.3866,0.4157,5.1852,0.0000,3.0000
5.1852,2540,5.2050,0.0000,3.0014,2.2111,0.6242,0.0726,4.3009,-0.3866,0.4157,5.1852,0.0000,3.0000
5.1852,2541,5.2050,0.0000,3.0014,2.2111,0.6242,0.0726,4.3007,-0.3864,0.4158,5.1852,0.0000,3.0000
5.1852,2542,5.2050,0.0000,3.0014,2.2111,0.6242,0.0726,4.3007,-0.3864,0.4158,5.1852,0.0000,3.0000
5.1852,2543,5.2049,0.0000,3.0014,2.2111,0.6242,0.0726,4.3006,-0.3860,0.4158,5.1852,0.0000,3.0000
5.1852,2544,5.2049,0.0000,3.0014,2.2111,0.6242,0.0726,4.3005,-0.3855,0.4159,5.1852,0.0000,3.0000
5.1852,2545,5.2049,0.0000,3.0014,2.2111,0.6242,0.0726,4.3005,-0.3855,0.4159,5.1852,0.0000,3.0000
5.1852,2546,5.2049,0.0000,3.0014,2.2111,0.6242,0.0726,4.3004,-0.3850,0.4159,5.1852,0.0000,3.0000
5.1852,2547,5.2049,0.0000,3.0014,2.2111,0.6242,0.0726,4.3004,-0.3850,0.4159,5.1852,0.0000,3.0000
5.1852,2548,5.2048,0.0000,3.0014,2.2111,0.6242,0.0726,4.3004,-0.3847,0.4159,5.1852,0.0000,3.0000
5.1852,2549,5.2048,0.0000,3.0014,2.2111,0.6242,0.0726,4.3004,-0.3845,0.4160,5.1852,0.0000,3.0000
5.1852,2550,5.2048,0.0000,3.0014,2.2111,0.6242,0.0726,4.3004,-0.3845,0.4160,5.1852,0.0000,3.0000
5.1852,2551,5.2048,0.0000,3.0014,2.2111,0.6242,0.0726,4.3004,-0.3843,0.4160,5.1852,0.0000,3.0000
5.1852,2552,5.2048,0.0000,3.0014,2.2111,0.6242,0.0726,4.3004,-0.3843,0.4160,5.1852,0.0000,3.0000
5.1852,2553,5.2047,0.0000,3.0014,2.2111,0.6242,0.0726,4.3004,-0.3841,0.4160,5.1852,0.0000,3.0000
5.1852,2554,5.2047,0.0000,3.0014,2.2111,0.6242,0.0726,4.3003,-0.3840,0.4160,5.1852,0.0000,3.0000
5.1852,2555,5.2047,0.0000,3.0014,2.2111,0.6242,0.0726,4.3003,-0.3840,0.4160,5.1852,0.0000,3.0000
5.1852,2556,5.2047,0.0000,3.0014,2.2111,0.6242,0.0726,4.3003,-0.3840,0.4160,5.1852,0.0000,3.0000
5.1852,2557,5.2047,0.0000,3.0014,2.2111,0.6242,0.0726,4.3003,-0.3840,0.4160,5.1852,0.0000,3.0000
5.1852,2558,5.2046,0.0000,3.0014,2.2111,0.6242,0.0726,4.3004,-0.3841,0.4159,5.1852,0.0000,3.0000
5.1852,2559,5.2046,0.0000,3.0014,2.2111,0.6242,0.0726,4.3004,-0.3841,0.4159,5.1852,0.0000,3.0000
5.1852,2560,5.2046,0.0000,3.0014,2.2111,0.6242,0.0726,4.3005,-0.3842,0.4159,5.1852,0.0000,3.0000
5.1852,2561,5.2046,0.0000,3.0014,2.2111,0.6242,0.0726,4.3007,-0.3844,0.4159,5.1852,0.0000,3.0000
5.1852,2562,5.2046,0.0000,3.0014,2.2111,0.6242,0.0726,4.3007,-0.3844,0.4159,5.1852,0.0000,3.0000
5.1852,2563,5.2046,0.0000,3.0014,2.2111,0.6242,0.0726,4.3008,-0.3844,0.4159,5.1852,0.0000,3.0000
5.1852,2564,5.2046,0.0000,3.0014,2.2111,0.6242,0.0726,4.3008,-0.3844,0.4159,5.1852,0.0000,3.0000
5.1852,2565,5.2045,0.0000,3.0014,2.2111,0.6242,0.0726,4.3009,-0.3844,0.4159,5.1852,0.0000,3.0000
5.1852,2566,5.2045,0.0000,3.0014,2.2111,0.6242,0.0726,4.3012,-0.3844,0.4159,5.1852,0.0000,3.0000
5.1852,2567,5.2045,0.0000,3.0014,2.2111,0.6242,0.0726,4.3012,-0.3844,0.4159,5.1852,0.0000,3.0000
5.1852,2568,5.2045,0.0000,3.0014,2.2111,0.6242,0.0726,4.3013,-0.3845,0.4159,5.1852,0.0000,3.0000
5.1852,2569,5.2044,0.0000,3.0014,2.2111,0.6242,0.0726,4.3011,-0.3845,0.4159,5.1852,0.0000,3.0000
5.1852,2570,5.2044,0.0000,3.0014,2.2111,0.6242,0.0726,4.3011,-0.3845,0.4159,5.1852,0.0000,3.0000
5.1852,2571,5.2044,0.0000,3.0014,2.2111,0.6242,0.0726,4.3009,-0.3843,0.4159,5.1852,0.0000,3.0000
5.1852,2572,5.2044,0.0000,3.0014,2.2111,0.6242,0.0726,4.3008,-0.3841,0.4159,5.1852,0.0000,3.0000
5.1852,2573,5.2044,0.0000,3.0014,2.2111,0.6242,0.0726,4.3008,-0.3841,0.4159,5.1852,0.0000,3.0000
5.1852,2574,5.2043,0.0000,3.0014,2.2111,0.6242,0.0726,4.3007,-0.3837,0.4160,5.1852,0.0000,3.0000
5.1852,2575,5.2043,0.0000,3.0014,2.2111,0.6242,0.0726,4.3007,-0.3837,0.4160,5.1852,0.0000,3.0000
5.1852,2576,5.2043,0.0000,3.0014,2.2111,0.6242,0.0726,4.3006,-0.3833,0.4161,5.1852,0.0000,3.0000
5.1852,2577,5.2043,0.0000,3.0014,2.2111,0.6242,0.0726,4.3005,-0.3829,0.4161,5.1852,0.0000,3.0000
5.1852,2578,5.2043,0.0000,3.0014,2.2111,0.6242,0.0726,4.3005,-0.3829,0.4161,5.1852,0.0000,3.0000
5.1852,2579,5.2043,0.0000,3.0014,2.2111,0.6242,0.0726,4.3005,-0.3824,0.4161,5.1852,0.0000,3.0000
5.1852,2580,5.2043,0.0000,3.0014,2.2111,0.6242,0.0726,4.3005,-0.3824,0.4161,5.1852,0.0000,3.0000
5.1852,2581,5.2042,0.0000,3.0014,2.2111,0.6242,0.0726,4.3003,-0.3820,0.4162,5.1852,0.0000,3.0000
5.1852,2582,5.2042,0.0000,3.0014,2.2111,0.6242,0.0726,4.3001,-0.3817,0.4162,5.1852,0.0000,3.0000
5.1852,2583,5.2042,0.0000,3.0014,2.2111,0.6242,0.0726,4.3001,-0.3817,0.4162,5.1852,0.0000,3.0000
5.1852,2584,5.2042,0.0000,3.0014,2.2111,0.6242,0.0726,4.3000,-0.3816,0.4162,5.1852,0.0000,3.0000
5.1852,2585,5.2041,0.0000,3.0014,2.2111,0.6242,0.0726,4.3000,-0.3815,0.4162,5.1852,0.0000,3.0000
5.1852,2586,5.2041,0.0000,3.0014,2.2111,0.6242,0.0726,4.3000,-0.3815,0.4162,5.1852,0.0000,3.0000
5.1852,2587,5.2041,0.0000,3.0014,2.2111,0.6242,0.0726,4.3002,-0.3816,0.4161,5.1852,0.0000,3.0000
5.1852,2588,5.2041,0.0000,3.0014,2.2111,0.6242,0.0726,4.3002,-0.3816,0.4161,5.1852,0.0000,3.0000
5.1852,2589,5.2041,0.0000,3.0014,2.2111,0.6242,0.0726,4.3005,-0.3816,0.4161,5.1852,0.0000,3.0000
5.1852,2590,5.2041,0.0000,3.0014,2.2111,0.6242,0.0726,4.3006,-0.3817,0.4161,5.1852,0.0000,3.0000
5.1852,2591,5.2041,0.0000,3.0014,2.2111,0.6242,0.0726,4.3006,-0.3817,0.4161,5.1852,0.0000,3.0000
5.1852,2592,5.2040,0.0000,3.0014,2.2111,0.6242,0.0726,4.3006,-0.3819,0.4161,5.1852,0.0000,3.0000
5.1852,2593,5.2040,0.0000,3.0014,2.2111,0.6242,0.0726,4.3006,-0.3819,0.4161,5.1852,0.0000,3.0000
5.1852,2594,5.2040,0.0000,3.0014,2.2111,0.6242,0.0726,4.3007,-0.3822,0.4160,5.1852,0.0000,3.0000
5.1852,2595,5.2040,0.0000,3.0014,2.2111,0.6242,0.0726,4.3007,-0.3826,0.4159,5.1852,0.0000,3.0000
5.1852,2596,5.2040,0.0000,3.0014,2.2111,0.6242,0.0726,4.3007,-0.3826,0.4159,5.1852,0.0000,3.0000
5.1852,2597,5.2039,0.0000,3.0014,2.2111,0.6242,0.0726,4.3008,-0.3831,0.4159,5.1852,0.0000,3.0000
5.1852,2598,5.2039,0.0000,3.0014,2.2111,0.6242,0.0726,4.3007,-0.3833,0.4159,5.1852,0.0000,3.0000
5.1852,2599,5.2039,0.0000,3.0014,2.2111,0.6242,0.0726,4.3007,-0.3833,0.4159,5.1852,0.0000,3.0000
5.1852,2600,5.2039,0.0000,3.0014,2.2111,0.6242,0.0726,4.3006,-0.3835,0.4158,5.1852,0.0000,3.0000
5.1852,2601,5.2039,0.0000,3.0014,2.2111,0.6242,0.0726,4.3006,-0.3835,0.4158,5.1852,0.0000,3.0000
5.1852,2602,5.2039,0.0000,3.0014,2.2111,0.6242,0.0726,4.3005,-0.3836,0.4159,5.1852,0.0000,3.0000
5.1852,2603,5.2038,0.0000,3.0014,2.2111,0.6242,0.0726,4.3004,-0.3836,0.4159,5.1852,0.0000,3.0000
5.1852,2604,5.2038,0.0000,3.0014,2.2111,0.6242,0.0726,4.3004,-0.3836,0.4159,5.1852,0.0000,3.0000
5.1852,2605,5.2038,0.0000,3.0014,2.2111,0.6242,0.0726,4.3004,-0.3834,0.4159,5.1852,0.0000,3.0000
5.1852,2606,5.2038,0.0000,3.0014,2.2111,0.6242,0.0726,4.3004,-0.3834,0.4159,5.1852,0.0000,3.0000
5.1852,2607,5.2038,0.0000,3.0014,2.2111,0.6242,0.0726,4.3003,-0.3833,0.4159,5.1852,0.0000,3.0000
5.1852,2608,5.2037,0.0000,3.0014,2.2111,0.6242,0.0726,4.3002,-0.3832,0.4160,5.1852,0.0000,3.0000
5.1852,2609,5.2037,0.0000,3.0014,2.2111,0.6242,0.0726,4.3002,-0.3832,0.4160,5.1852,0.0000,3.0000
5.1852,2610,5.2037,0.0000,3.0014,2.2111,0.6242,0.0726,4.3001,-0.3830,0.4160,5.1852,0.0000,3.0000
5.1852,2611,5.2037,0.0000,3.0014,2.2111,0.6242,0.0726,4.3001,-0.3830,0.4160,5.1852,0.0000,3.0000
5.1852,2612,5.2037,0.0000,3.0014,2.2111,0.6242,0.0726,4.3001,-0.3827,0.4160,5.1852,0.0000,3.0000
5.1852,2613,5.2037,0.0000,3.0014,2.2111,0.6242,0.0726,4.3000,-0.3825,0.4160,5.1852,0.0000,3.0000
5.1852,2614,5.2037,0.0000,3.0014,2.2111,0.6242,0.0726,4.3000,-0.3825,0.4160,5.1852,0.0000,3.0000
5.1852,2615,5.2036,0.0000,3.0014,2.2111,0.6242,0.0726,4.3001,-0.3825,0.4160,5.1852,0.0000,3.0000
5.1852,2616,5.2036,0.0000,3.0013,2.2111,0.6242,0.0726,4.3000,-0.3826,0.4160,5.1852,0.0000,3.0000
5.1852,2617,5.2036,0.0000,3.0013,2.2111,0.6242,0.0726,4.3000,-0.3826,0.4160,5.1852,0.0000,3.0000
5.1852,2618,5.2036,0.0000,3.0013,2.2111,0.6242,0.0726,4.2998,-0.3827,0.4160,5.1852,0.0000,3.0000
5.1852,2619,5.2035,0.0000,3.0013,2.2111,0.6242,0.0726,4.2998,-0.3828,0.4159,5.1852,0.0000,3.0000
5.1852,2620,5.2035,0.0000,3.0013,2.2111,0.6242,0.0726,4.2998,-0.3828,0.4159,5.1852,0.0000,3.0000
5.1852,2621,5.2035,0.0000,3.0013,2.2111,0.6242,0.0726,4.2997,-0.3828,0.4160,5.1852,0.0000,3.0000
5.1852,2622,5.2035,0.0000,3.0013,2.2111,0.6242,0.0726,4.2997,-0.3828,0.4160,5.1852,0.0000,3.0000
5.1852,2623,5.2035,0.0000,3.0013,2.2111,0.6242,0.0726,4.2995,-0.3829,0.4159,5.1852,0.0000,3.0000
5.1852,2624,5.2035,0.0000,3.0013,2.2111,0.6242,0.0726,4.2993,-0.3829,0.4159,5.1852,0.0000,3.0000
5.1852,2625,5.2035,0.0000,3.0013,2.2111,0.6242,0.0726,4.2993,-0.3829,0.4159,5.1852,0.0000,3.0000
5.1852,2626,5.2034,0.0000,3.0013,2.2111,0.6242,0.0726,4.2991,-0.3828,0.4160,5.1852,0.0000,3.0000
5.1852,2627,5.2034,0.0000,3.0013,2.2111,0.6242,0.0726,4.2991,-0.3828,0.4160,5.1852,0.0000,3.0000
5.1852,2628,5.2034,0.0000,3.0013,2.2111,0.6242,0.0726,4.2990,-0.3826,0.4159,5.1852,0.0000,3.0000
5.1852,2629,5.2034,0.0000,3.0013,2.2111,0.6242,0.0726,4.2989,-0.3826,0.4160,5.1852,0.0000,3.0000
5.1852,2630,5.2034,0.0000,3.0013,2.2111,0.6242,0.0726,4.2989,-0.3826,0.4160,5.1852,0.0000,3.0000
5.1852,2631,5.2033,0.0000,3.0013,2.2111,0.6242,0.0726,4.2988,-0.3826,0.4160,5.1852,0.0000,3.0000
5.1852,2632,5.2033,0.0000,3.0013,2.2111,0.6242,0.0726,4.2988,-0.3826,0.4159,5.1852,0.0000,3.0000
5.1852,2633,5.2033,0.0000,3.0013,2.2111,0.6242,0.0726,4.2988,-0.3826,0.4159,5.1852,0.0000,3.0000
5.1852,2634,5.2033,0.0000,3.0013,2.2111,0.6242,0.0726,4.2988,-0.3827,0.4159,5.1852,0.0000,3.0000
5.1852,2635,5.2033,0.0000,3.0013,2.2111,0.6242,0.0726,4.2988,-0.3827,0.4159,5.1852,0.0000,3.0000
5.1852,2636,5.2033,0.0000,3.0013,2.2111,0.6242,0.0726,4.2990,-0.3827,0.4159,5.1852,0.0000,3.0000
5.1852,2637,5.2033,0.0000,3.0013,2.2111,0.6242,0.0726,4.2990,-0.3827,0.4159,5.1852,0.0000,3.0000
5.1852,2638,5.2032,0.0000,3.0013,2.2111,0.6242,0.0726,4.2992,-0.3826,0.4159,5.1852,0.0000,3.0000
5.1852,2639,5.2032,0.0000,3.0013,2.2111,0.6242,0.0726,4.2993,-0.3825,0.4160,5.1852,0.0000,3.0000
5.1852,2640,5.2032,0.0000,3.0013,2.2111,0.6242,0.0726,4.2993,-0.3825,0.4160,5.1852,0.0000,3.0000
5.1852,2641,5.2032,0.0000,3.0013,2.2111,0.6242,0.0726,4.2992,-0.3824,0.4160,5.1852,0.0000,3.0000
5.1852,2642,5.2032,0.0000,3.0013,2.2111,0.6242,0.0726,4.2992,-0.3824,0.4160,5.1852,0.0000,3.0000
5.1852,2643,5.2032,0.0000,3.0013,2.2111,0.6242,0.0726,4.2991,-0.3824,0.4159,5.1852,0.0000,3.0000
5.1852,2644,5.2031,0.0000,3.0013,2.2111,0.6242,0.0726,4.2990,-0.3825,0.4159,5.1852,0.0000,3.0000
5.1852,2645,5.2031,0.0000,3.0013,2.2111,0.6242,0.0726,4.2990,-0.3825,0.4159,5.1852,0.0000,3.0000
5.1852,2646,5.2031,0.0000,3.0013,2.2111,0.6242,0.0726,4.2988,-0.3827,0.4159,5.1852,0.0000,3.0000
5.1852,2647,5.2031,0.0000,3.0013,2.2111,0.6242,0.0726,4.2985,-0.3829,0.4159,5.1852,0.0000,3.0000
5.1852,2648,5.2031,0.0000,3.0013,2.2111,0.6242,0.0726,4.2985,-0.3829,0.4159,5.1852,0.0000,3.0000
5.1852,2649,5.2030,0.0000,3.0013,2.2111,0.6242,0.0726,4.2982,-0.3832,0.4158,5.1852,0.0000,3.0000
5.1852,2650,5.2030,0.0000,3.0013,2.2111,0.6242,0.0726,4.2982,-0.3832,0.4158,5.1852,0.0000,3.0000
5.1852,2651,5.2030,0.0000,3.0013,2.2111,0.6242,0.0726,4.2980,-0.3834,0.4158,5.1852,0.0000,3.0000
5.1852,2652,5.2030,0.0000,3.0013,2.2111,0.6242,0.0726,4.2979,-0.3838,0.4157,5.1852,0.0000,3.0000
5.1852,2653,5.2030,0.0000,3.0013,2.2111,0.6242,0.0726,4.2979,-0.3838,0.4157,5.1852,0.0000,3.0000
5.1852,2654,5.2030,0.0000,3.0013,2.2111,0.6242,0.0726,4.2978,-0.3842,0.4157,5.1852,0.0000,3.0000
5.1852,2655,5.2030,0.0000,3.0013,2.2111,0.6242,0.0726,4.2978,-0.3842,0.4157,5.1852,0.0000,3.0000
5.1852,2656,5.2029,0.0000,3.0013,2.2111,0.6242,0.0726,4.2977,-0.3844,0.4157,5.1852,0.0000,3.0000
5.1852,2657,5.2029,0.0000,3.0013,2.2111,0.6242,0.0726,4.2977,-0.3844,0.4157,5.1852,0.0000,3.0000
5.1852,2658,5.2029,0.0000,3.0013,2.2111,0.6242,0.0726,4.2976,-0.3845,0.4157,5.1852,0.0000,3.0000
5.1852,2659,5.2029,0.0000,3.0013,2.2111,0.6242,0.0726,4.2975,-0.3846,0.4157,5.1852,0.0000,3.0000
5.1852,2660,5.2029,0.0000,3.0013,2.2111,0.6242,0.0726,4.2975,-0.3846,0.4157,5.1852,0.0000,3.0000
5.1852,2661,5.2028,0.0000,3.0013,2.2111,0.6242,0.0726,4.2975,-0.3845,0.4157,5.1852,0.0000,3.0000
5.1852,2662,5.2028,0.0000,3.0013,2.2111,0.6242,0.0726,4.2975,-0.3845,0.4157,5.1852,0.0000,3.0000
5.1852,2663,5.2028,0.0000,3.0013,2.2111,0.6242,0.0726,4.2974,-0.3845,0.4157,5.1852,0.0000,3.0000
5.1852,2664,5.2028,0.0000,3.0013,2.2111,0.6242,0.0726,4.2974,-0.3844,0.4157,5.1852,0.0000,3.0000
5.1852,2665,5.2028,0.0000,3.0013,2.2111,0.6242,0.0726,4.2974,-0.3844,0.4157,5.1852,0.0000,3.0000
5.1852,2666,5.2028,0.0000,3.0013,2.2111,0.6242,0.0726,4.2973,-0.3842,0.4157,5.1852,0.0000,3.0000
5.1852,2667,5.2028,0.0000,3.0013,2.2111,0.6242,0.0726,4.2973,-0.3842,0.4157,5.1852,0.0000,3.0000
5.1852,2668,5.2027,0.0000,3.0013,2.2111,0.6242,0.0726,4.2972,-0.3841,0.4157,5.1852,0.0000,3.0000
5.1852,2669,5.2027,0.0000,3.0013,2.2111,0.6242,0.0726,4.2970,-0.3839,0.4158,5.1852,0.0000,3.0000
5.1852,2670,5.2027,0.0000,3.0013,2.2111,0.6242,0.0726,4.2970,-0.3839,0.4158,5.1852,0.0000,3.0000
5.1852,2671,5.2027,0.0000,3.0013,2.2111,0.6242,0.0726,4.2970,-0.3838,0.4158,5.1852,0.0000,3.0000
5.1852,2672,5.2027,0.0000,3.0013,2.2111,0.6242,0.0726,4.2969,-0.3839,0.4157,5.1852,0.0000,3.0000
5.1852,2673,5.2027,0.0000,3.0013,2.2111,0.6242,0.0726,4.2969,-0.3839,0.4157,5.1852,0.0000,3.0000
5.1852,2674,5.2026,0.0000,3.0013,2.2111,0.6242,0.0726,4.2970,-0.3841,0.4157,5.1852,0.0000,3.0000
5.1852,2675,5.2026,0.0000,3.0013,2.2111,0.6242,0.0726,4.2970,-0.3841,0.4157,5.1852,0.0000,3.0000
5.1852,2676,5.2026,0.0000,3.0013,2.2111,0.6242,0.0726,4.2971,-0.3843,0.4157,5.1852,0.0000,3.0000
5.1852,2677,5.2026,0.0000,3.0013,2.2111,0.6242,0.0726,4.2971,-0.3843,0.4157,5.1852,0.0000,3.0000
5.1852,2678,5.2026,0.0000,3.0013,2.2111,0.6242,0.0726,4.2973,-0.3844,0.4157,5.1852,0.0000,3.0000
5.1852,2679,5.2026,0.0000,3.0013,2.2111,0.6242,0.0726,4.2973,-0.3844,0.4157,5.1852,0.0000,3.0000
5.1852,2680,5.2025,0.0000,3.0013,2.2111,0.6242,0.0726,4.2974,-0.3843,0.4157,5.1852,0.0000,3.0000
5.1852,2681,5.2025,0.0000,3.0013,2.2111,0.6242,0.0726,4.2974,-0.3842,0.4157,5.1852,0.0000,3.0000
5.1852,2682,5.2025,0.0000,3.0013,2.2111,0.6242,0.0726,4.2974,-0.3842,0.4157,5.1852,0.0000,3.0000
5.1852,2683,5.2025,0.0000,3.0013,2.2111,0.6242,0.0726,4.2974,-0.3840,0.4158,5.1852,0.0000,3.0000
5.1852,2684,5.2025,0.0000,3.0013,2.2111,0.6242,0.0726,4.2974,-0.3839,0.4158,5.1852,0.0000,3.0000
5.1852,2685,5.2025,0.0000,3.0013,2.2111,0.6242,0.0726,4.2974,-0.3839,0.4158,5.1852,0.0000,3.0000
5.1852,2686,5.2024,0.0000,3.0013,2.2111,0.6242,0.0726,4.2974,-0.3837,0.4158,5.1852,0.0000,3.0000
5.1852,2687,5.2024,0.0000,3.0013,2.2111,0.6242,0.0726,4.2974,-0.3837,0.4158,5.1852,0.0000,3.0000
5.1852,2688,5.2024,0.0000,3.0013,2.2111,0.6242,0.0726,4.2976,-0.3836,0.4158,5.1852,0.0000,3.0000
5.1852,2689,5.2024,0.0000,3.0013,2.2111,0.6242,0.0726,4.2980,-0.3836,0.4158,5.1852,0.0000,3.0000
5.1852,2690,5.2024,0.0000,3.0013,2.2111,0.6242,0.0726,4.2980,-0.3836,0.4158,5.1852,0.0000,3.0000
5.1852,2691,5.2023,0.0000,3.0013,2.2111,0.6242,0.0726,4.2984,-0.3837,0.4158,5.1852,0.0000,3.0000
5.1852,2692,5.2023,0.0000,3.0013,2.2111,0.6242,0.0726,4.2984,-0.3837,0.4158,5.1852,0.0000,3.0000
5.1852,2693,5.2023,0.0000,3.0013,2.2111,0.6242,0.0726,4.2988,-0.3838,0.4157,5.1852,0.0000,3.0000
5.1852,2694,5.2023,0.0000,3.0013,2.2111,0.6242,0.0726,4.2991,-0.3839,0.4157,5.1852,0.0000,3.0000
5.1852,2695,5.2023,0.0000,3.0013,2.2111,0.6242,0.0726,4.2991,-0.3839,0.4157,5.1852,0.0000,3.0000
5.1852,2696,5.2023,0.0000,3.0013,2.2111,0.6242,0.0726,4.2995,-0.3839,0.4157,5.1852,0.0000,3.0000
5.1852,2697,5.2023,0.0000,3.0013,2.2111,0.6242,0.0726,4.2995,-0.3839,0.4157,5.1852,0.0000,3.0000
5.1852,2698,5.2022,0.0000,3.0013,2.2111,0.6242,0.0726,4.2999,-0.3839,0.4158,5.1852,0.0000,3.0000
5.1852,2699,5.2022,0.0000,3.0013,2.2111,0.6242,0.0726,4.2999,-0.3839,0.4158,5.1852,0.0000,3.0000
5.1852,2700,5.2022,0.0000,3.0013,2.2111,0.6242,0.0726,4.3000,-0.3838,0.4158,5.1852,0.0000,3.0000
5.1852,2701,5.2022,0.0000,3.0013,2.2111,0.6242,0.0726,4.3000,-0.3838,0.4158,5.1852,0.0000,3.0000
5.1852,2702,5.2022,0.0000,3.0013,2.2111,0.6242,0.0726,4.2999,-0.3836,0.4158,5.1852,0.0000,3.0000
5.1852,2703,5.2022,0.0000,3.0013,2.2111,0.6242,0.0726,4.2996,-0.3835,0.4159,5.1852,0.0000,3.0000
5.1852,2704,5.2022,0.0000,3.0013,2.2111,0.6242,0.0726,4.2996,-0.3835,0.4159,5.1852,0.0000,3.0000
5.1852,2705,5.2021,0.0000,3.0013,2.2111,0.6242,0.0726,4.2993,-0.3834,0.4159,5.1852,0.0000,3.0000
5.1852,2706,5.2021,0.0000,3.0013,2.2111,0.6242,0.0726,4.2989,-0.3834,0.4158,5.1852,0.0000,3.0000
5.1852,2707,5.2021,0.0000,3.0013,2.2111,0.6242,0.0726,4.2989,-0.3834,0.4158,5.1852,0.0000,3.0000
5.1852,2708,5.2021,0.0000,3.0013,2.2111,0.6242,0.0726,4.2987,-0.3834,0.4158,5.1852,0.0000,3.0000
5.1852,2709,5.2021,0.0000,3.0013,2.2111,0.6242,0.0726,4.2987,-0.3834,0.4158,5.1852,0.0000,3.0000
5.1852,2710,5.2021,0.0000,3.0013,2.2111,0.6242,0.0726,4.2986,-0.3834,0.4158,5.1852,0.0000,3.0000
5.1852,2711,5.2020,0.0000,3.0013,2.2111,0.6242,0.0726,4.2986,-0.3835,0.4158,5.1852,0.0000,3.0000
5.1852,2712,5.2020,0.0000,3.0013,2.2111,0.6242,0.0726,4.2986,-0.3835,0.4158,5.1852,0.0000,3.0000
5.1852,2713,5.2020,0.0000,3.0013,2.2111,0.6242,0.0726,4.2985,-0.3838,0.4157,5.1852,0.0000,3.0000
5.1852,2714,5.2020,0.0000,3.0013,2.2111,0.6242,0.0726,4.2986,-0.3842,0.4157,5.1852,0.0000,3.0000
5.1852,2715,5.2020,0.0000,3.0013,2.2111,0.6242,0.0726,4.2986,-0.3842,0.4157,5.1852,0.0000,3.0000
5.1852,2716,5.2020,0.0000,3.0013,2.2111,0.6242,0.0726,4.2989,-0.3846,0.4156,5.1852,0.0000,3.0000
5.1852,2717,5.2019,0.0000,3.0013,2.2111,0.6242,0.0726,4.2991,-0.3849,0.4156,5.1852,0.0000,3.0000
5.1852,2718,5.2019,0.0000,3.0013,2.2111,0.6242,0.0726,4.2991,-0.3849,0.4156,5.1852,0.0000,3.0000
5.1852,2719,5.2019,0.0000,3.0013,2.2111,0.6242,0.0726,4.2991,-0.3851,0.4156,5.1852,0.0000,3.0000
5.1852,2720,5.2019,0.0000,3.0013,2.2111,0.6242,0.0726,4.2991,-0.3851,0.4156,5.1852,0.0000,3.0000
5.1852,2721,5.2019,0.0000,3.0013,2.2111,0.6242,0.0726,4.2990,-0.3854,0.4155,5.1852,0.0000,3.0000
5.1852,2722,5.2019,0.0000,3.0013,2.2111,0.6242,0.0726,4.2989,-0.3857,0.4155,5.1852,0.0000,3.0000
5.1852,2723,5.2019,0.0000,3.0013,2.2111,0.6242,0.0726,4.2989,-0.3857,0.4155,5.1852,0.0000,3.0000
5.1852,2724,5.2018,0.0000,3.0013,2.2111,0.6242,0.0726,4.2990,-0.3863,0.4154,5.1852,0.0000,3.0000
5.1852,2725,5.2018,0.0000,3.0013,2.2111,0.6242,0.0726,4.2990,-0.3863,0.4154,5.1852,0.0000,3.0000
5.1852,2726,5.2018,0.0000,3.0013,2.2111,0.6242,0.0726,4.2990,-0.3868,0.4154,5.1852,0.0000,3.0000
5.1852,2727,5.2018,0.0000,3.0013,2.2111,0.6242,0.0726,4.2989,-0.3873,0.4153,5.1852,0.0000,3.0000
5.1852,2728,5.2018,0.0000,3.0013,2.2111,0.6242,0.0726,4.2989,-0.3873,0.4153,5.1852,0.0000,3.0000
5.1852,2729,5.2018,0.0000,3.0013,2.2111,0.6242,0.0726,4.2989,-0.3877,0.4152,5.1852,0.0000,3.0000
5.1852,2730,5.2018,0.0000,3.0013,2.2111,0.6242,0.0726,4.2989,-0.3877,0.4152,5.1852,0.0000,3.0000
5.1852,2731,5.2017,0.0000,3.0013,2.2111,0.6242,0.0726,4.2990,-0.3881,0.4152,5.1852,0.0000,3.0000
5.1852,2732,5.2017,0.0000,3.0013,2.2111,0.6242,0.0726,4.2990,-0.3881,0.4152,5.1852,0.0000,3.0000
5.1852,2733,5.2017,0.0000,3.0013,2.2111,0.6242,0.0726,4.2990,-0.3881,0.4152,5.1852,0.0000,3.0000
5.1852,2734,5.2017,0.0000,3.0013,2.2111,0.6242,0.0726,4.2990,-0.3881,0.4152,5.1852,0.0000,3.0000
5.1852,2735,5.2017,0.0000,3.0013,2.2111,0.6242,0.0726,4.2990,-0.3881,0.4152,5.1852,0.0000,3.0000
5.1852,2736,5.2017,0.0000,3.0013,2.2111,0.6242,0.0726,4.2990,-0.3881,0.4152,5.1852,0.0000,3.0000
5.1852,2737,5.2017,0.0000,3.0013,2.2111,0.6242,0.0726,4.2990,-0.3881,0.4152,5.1852,0.0000,3.0000
5.1852,2738,5.2017,0.0000,3.0013,2.2111,0.6242,0.0726,4.2990,-0.3881,0.4152,5.1852,0.0000,3.0000
5.1852,2739,5.2017,0.0000,3.0013,2.2111,0.6242,0.0726,4.2990,-0.3881,0.4152,5.1852,0.0000,3.0000
5.1852,2740,5.2017,0.0000,3.0013,2.2111,0.6242,0.0726,4.2990,-0.3881,0.4152,5.1852,0.0000,3.0000
5.1852,2741,5.2017,0.0000,3.0013,2.2111,0.6242,0.0726,4.2990,-0.3881,0.4152,5.1852,0.0000,3.0000
5.1852,2742,5.2017,0.0000,3.0013,2.2111,0.6242,0.0726,4.2990,-0.3881,0.4152,5.1852,0.0000,3.0000
5.1852,2743,5.2017,0.0000,3.0013,2.2111,0.6242,0.0726,4.2990,-0.3881,0.4152,5.1852,0.0000,3.0000
5.1852,2744,5.2017,0.0000,3.0013,2.2111,0.6242,0.0726,4.2990,-0.3881,0.4152,5.1852,0.0000,3.0000
5.1852,2745,5.2017,0.0000,3.0013,2.2111,0.6242,0.0726,4.2990,-0.3881,0.4152,5.1852,0.0000,3.0000
5.1852,2746,5.2017,0.0000,3.0013,2.2111,0.6242,0.0726,4.2990,-0.3881,0.4152,5.1852,0.0000,3.0000
5.1852,2747,5.2017,0.0000,3.0013,2.2111,0.6242,0.0726,4.2990,-0.3881,0.4152,5.1852,0.0000,3.0000
5.1852,2748,5.2017,0.0000,3.0013,2.2111,0.6242,0.0726,4.2990,-0.3881,0.4152,5.1852,0.0000,3.0000
5.1852,2749,5.2017,0.0000,3.0013,2.2111,0.6242,0.0726,4.2990,-0.3881,0.4152,5.1852,0.0000,3.0000
5.1852,2750,5.2017,0.0000,3.0013,2.2111,0.6242,0.0726,4.2990,-0.3881,0.4152,5.1852,0.0000,3.0000
5.1852,2751,5.2017,0.0000,3.0013,2.2111,0.6242,0.0726,4.2990,-0.3881,0.4152,5.1852,0.0000,3.0000
5.1852,2752,5.2017,0.0000,3.0013,2.2111,0.6242,0.0726,4.2990,-0.3881,0.4152,5.1852,0.0000,3.0000
5.1852,2753,5.2017,0.0000,3.0013,2.2111,0.6242,0.0726,4.2990,-0.3881,0.4152,5.1852,0.0000,3.0000
5.1852,2754,5.2017,0.0000,3.0013,2.2111,0.6242,0.0726,4.2990,-0.3881,0.4152,5.1852,0.0000,3.0000
5.1852,2755,5.2017,0.0000,3.0013,2.2111,0.6242,0.0726,4.2990,-0.3881,0.4152,5.1852,0.0000,3.0000
5.1852,2756,5.2017,0.0000,3.0013,2.2111,0.6242,0.0726,4.2990,-0.3881,0.4152,5.1852,0.0000,3.0000
5.1852,2757,5.2017,0.0000,3.0013,2.2111,0.6242,0.0726,4.2990,-0.3881,0.4152,5.1852,0.0000,3.0000
5.1852,2758,5.2017,0.0000,3.0013,2.2111,0.6242,0.0726,4.2990,-0.3881,0.4152,5.1852,0.0000,3.0000
5.1852,2759,5.2017,0.0000,3.0013,2.2111,0.6242,0.0726,4.2990,-0.3881,0.4152,5.1852,0.0000,3.0000
5.1852,2760,5.2017,0.0000,3.0013,2.2111,0.6242,0.0726,4.2990,-0.3881,0.4152,5.1852,0.0000,3.0000
5.1852,2761,5.2017,0.0000,3.0013,2.2111,0.6242,0.0726,4.2990,-0.3881,0.4152,5.1852,0.0000,3.0000
5.1852,2762,5.2017,0.0000,3.0013,2.2111,0.6242,0.0726,4.2990,-0.3881,0.4152,5.1852,0.0000,3.0000
5.1852,2763,5.2017,0.0000,3.0013,2.2111,0.6242,0.0726,4.2990,-0.3881,0.4152,5.1852,0.0000,3.0000
5.1852,2764,5.2017,0.0000,3.0013,2.2111,0.6242,0.0726,4.2990,-0.3881,0.4152,5.1852,0.0000,3.0000
5.1852,2765,5.2017,0.0000,3.0013,2.2111,0.6242,0.0726,4.2990,-0.3881,0.4152,5.1852,0.0000,3.0000
5.1852,2766,5.2017,0.0000,3.0013,2.2111,0.6242,0.0726,4.2990,-0.3881,0.4152,5.1852,0.0000,3.0000
5.1852,2767,5.2017,0.0000,3.0013,2.2111,0.6242,0.0726,4.2990,-0.3881,0.4152,5.1852,0.0000,3.0000
5.1852,2768,5.2017,0.0000,3.0013,2.2111,0.6242,0.0726,4.2990,-0.3881,0.4152,5.1852,0.0000,3.0000
5.1852,2769,5.2017,0.0000,3.0013,2.2111,0.6242,0.0726,4.2990,-0.3881,0.4152,5.1852,0.0000,3.0000
5.1852,2770,5.2017,0.0000,3.0013,2.2111,0.6242,0.0726,4.2990,-0.3881,0.4152,5.1852,0.0000,3.0000
5.1852,2771,5.2017,0.0000,3.0013,2.2111,0.6242,0.0726,4.2990,-0.3881,0.4152,5.1852,0.0000,3.0000
5.1852,2772,5.2017,0.0000,3.0013,2.2111,0.6242,0.0726,4.2990,-0.3881,0.4152,5.1852,0.0000,3.0000
5.1852,2773,5.2017,0.0000,3.0013,2.2111,0.6242,0.0726,4.2990,-0.3881,0.4152,5.1852,0.0000,3.0000
5.1852,2774,5.2017,0.0000,3.0013,2.2111,0.6242,0.0726,4.2990,-0.3881,0.4152,5.1852,0.0000,3.0000
5.1852,2775,5.2017,0.0000,3.0013,2.2111,0.6242,0.0726,4.2990,-0.3881,0.4152,5.1852,0.0000,3.0000
5.1852,2776,5.2017,0.0000,3.0013,2.2111,0.6242,0.0726,4.2990,-0.3881,0.4152,5.1852,0.0000,3.0000
5.1852,2777,5.2017,0.0000,3.0013,2.2111,0.6242,0.0726,4.2990,-0.3881,0.4152,5.1852,0.0000,3.0000
5.1852,2778,5.2017,0.0000,3.0013,2.2111,0.6242,0.0726,4.2990,-0.3881,0.4152,5.1852,0.0000,3.0000
5.1852,2779,5.2017,0.0000,3.0013,2.2111,0.6242,0.0726,4.2990,-0.3881,0.4152,5.1852,0.0000,3.0000
5.1852,2780,5.2017,0.0000,3.0013,2.2111,0.6242,0.0726,4.2990,-0.3881,0.4152,5.1852,0.0000,3.0000
5.1852,2781,5.2017,0.0000,3.0013,2.2111,0.6242,0.0726,4.2990,-0.3881,0.4152,5.1852,0.0000,3.0000
5.1852,2782,5.2017,0.0000,3.0013,2.2111,0.6242,0.0726,4.2990,-0.3881,0.4152,5.1852,0.0000,3.0000
5.1852,2783,5.2017,0.0000,3.0013,2.2111,0.6242,0.0726,4.2990,-0.3881,0.4152,5.1852,0.0000,3.0000
5.1852,2784,5.2017,0.0000,3.0013,2.2111,0.6242,0.0726,4.2990,-0.3881,0.4152,5.1852,0.0000,3.0000
5.1852,2785,5.2017,0.0000,3.0013,2.2111,0.6242,0.0726,4.2990,-0.3881,0.4152,5.1852,0.0000,3.0000
5.1852,2786,5.2017,0.0000,3.0013,2.2111,0.6242,0.0726,4.2990,-0.3881,0.4152,5.1852,0.0000,3.0000
5.1852,2787,5.2017,0.0000,3.0013,2.2111,0.6242,0.0726,4.2990,-0.3881,0.4152,5.1852,0.0000,3.0000
5.1852,2788,5.2017,0.0000,3.0013,2.2111,0.6242,0.0726,4.2990,-0.3881,0.4152,5.1852,0.0000,3.0000
5.1852,2789,5.2017,0.0000,3.0013,2.2111,0.6242,0.0726,4.2990,-0.3881,0.4152,5.1852,0.0000,3.0000
5.1852,2790,5.2017,0.0000,3.0013,2.2111,0.6242,0.0726,4.2990,-0.3881,0.4152,5.1852,0.0000,3.0000
5.1852,2791,5.2017,0.0000,3.0013,2.2111,0.6242,0.0726,4.2990,-0.3881,0.4152,5.1852,0.0000,3.0000
5.1852,2792,5.2017,0.0000,3.0013,2.2111,0.6242,0.0726,4.2990,-0.3881,0.4152,5.1852,0.0000,3.0000
5.1852,2793,5.2017,0.0000,3.0013,2.2111,0.6242,0.0726,4.2990,-0.3881,0.4152,5.1852,0.0000,3.0000
5.1852,2794,5.2017,0.0000,3.0013,2.2111,0.6242,0.0726,4.2990,-0.3881,0.4152,5.1852,0.0000,3.0000
5.1852,2795,5.2017,0.0000,3.0013,2.2111,0.6242,0.0726,4.2990,-0.3881,0.4152,5.1852,0.0000,3.0000
5.1852,2796,5.2017,0.0000,3.0013,2.2111,0.6242,0.0726,4.2990,-0.3881,0.4152,5.1852,0.0000,3.0000
5.1852,2797,5.2017,0.0000,3.0013,2.2111,0.6242,0.0726,4.2990,-0.3881,0.4152,5.1852,0.0000,3.0000
5.1852,2798,5.2017,0.0000,3.0013,2.2111,0.6242,0.0726,4.2990,-0.3881,0.4152,5.1852,0.0000,3.0000
5.1852,2799,5.2017,0.0000,3.0013,2.2111,0.6242,0.0726,4.2990,-0.3881,0.4152,5.1852,0.0000,3.0000
5.1852,2800,5.2017,0.0000,3.0013,2.2111,0.6242,0.0726,4.2990,-0.3881,0.4152,5.1852,0.0000,3.0000
5.1852,2801,5.2017,0.0000,3.0013,2.2111,0.6242,0.0726,4.2990,-0.3881,0.4152,5.1852,0.0000,3.0000
5.1852,2802,5.2017,0.0000,3.0013,2.2111,0.6242,0.0726,4.2990,-0.3881,0.4152,5.1852,0.0000,3.0000
5.1852,2803,5.2017,0.0000,3.0013,2.2111,0.6242,0.0726,4.2990,-0.3881,0.4152,5.1852,0.0000,3.0000
5.1852,2804,5.2017,0.0000,3.0013,2.2111,0.6242,0.0726,4.2990,-0.3881,0.4152,5.1852,0.0000,3.0000
5.1852,2805,5.2017,0.0000,3.0013,2.2111,0.6242,0.0726,4.2990,-0.3881,0.4152,5.1852,0.0000,3.0000
5.1852,2806,5.2017,0.0000,3.0013,2.2111,0.6242,0.0726,4.2990,-0.3881,0.4152,5.1852,0.0000,3.0000
5.1852,2807,5.2017,0.0000,3.0013,2.2111,0.6242,0.0726,4.2990,-0.3881,0.4152,5.1852,0.0000,3.0000
5.1852,2808,5.2017,0.0000,3.0013,2.2111,0.6242,0.0726,4.2990,-0.3881,0.4152,5.1852,0.0000,3.0000
5.1852,2809,5.2017,0.0000,3.0013,2.2111,0.6242,0.0726,4.2990,-0.3881,0.4152,5.1852,0.0000,3.0000
5.1852,2810,5.2017,0.0000,3.0013,2.2111,0.6242,0.0726,4.2990,-0.3881,0.4152,5.1852,0.0000,3.0000
5.1852,2811,5.2017,0.0000,3.0013,2.2111,0.6242,0.0726,4.2990,-0.3881,0.4152,5.1852,0.0000,3.0000
5.1852,2812,5.2017,0.0000,3.0013,2.2111,0.6242,0.0726,4.2990,-0.3881,0.4152,5.1852,0.0000,3.0000
5.1852,2813,5.2017,0.0000,3.0013,2.2111,0.6242,0.0726,4.2990,-0.3881,0.4152,5.1852,0.0000,3.0000
5.1852,2814,5.2017,0.0000,3.0013,2.2111,0.6242,0.0726,4.2990,-0.3881,0.4152,5.1852,0.0000,3.0000
5.1852,2815,5.2017,0.0000,3.0013,2.2111,0.6242,0.0726,4.2990,-0.3881,0.4152,5.1852,0.0000,3.0000
5.1852,2816,5.2017,0.0000,3.0013,2.2111,0.6242,0.0726,4.2990,-0.3881,0.4152,5.1852,0.0000,3.0000
5.1852,2817,5.2017,0.0000,3.0013,2.2111,0.6242,0.0726,4.2990,-0.3881,0.4152,5.1852,0.0000,3.0000
5.1852,2818,5.2017,0.0000,3.0013,2.2111,0.6242,0.0726,4.2990,-0.3881,0.4152,5.1852,0.0000,3.0000
5.1852,2819,5.2017,0.0000,3.0013,2.2111,0.6242,0.0726,4.2990,-0.3881,0.4152,5.1852,0.0000,3.0000
5.1852,2820,5.2017,0.0000,3.0013,2.2111,0.6242,0.0726,4.2990,-0.3881,0.4152,5.1852,0.0000,3.0000
5.1852,2821,5.2017,0.0000,3.0013,2.2111,0.6242,0.0726,4.2990,-0.3881,0.4152,5.1852,0.0000,3.0000
5.1852,2822,5.2017,0.0000,3.0013,2.2111,0.6242,0.0726,4.2990,-0.3881,0.4152,5.1852,0.0000,3.0000
5.1852,2823,5.2017,0.0000,3.0013,2.2111,0.6242,0.0726,4.2990,-0.3881,0.4152,5.1852,0.0000,3.0000
5.1852,2824,5.2017,0.0000,3.0013,2.2111,0.6242,0.0726,4.2990,-0.3881,0.4152,5.1852,0.0000,3.0000
5.1852,2825,5.2017,0.0000,3.0013,2.2111,0.6242,0.0726,4.2990,-0.3881,0.4152,5.1852,0.0000,3.0000
5.1852,2826,5.2017,0.0000,3.0013,2.2111,0.6242,0.0726,4.2990,-0.3881,0.4152,5.1852,0.0000,3.0000
5.1852,2827,5.2017,0.0000,3.0013,2.2111,0.6242,0.0726,4.2990,-0.3881,0.4152,5.1852,0.0000,3.0000
5.1852,2828,5.2017,0.0000,3.0013,2.2111,0.6242,0.0726,4.2990,-0.3881,0.4152,5.1852,0.0000,3.0000
5.1852,2829,5.2017,0.0000,3.0013,2.2111,0.6242,0.0726,4.2990,-0.3881,0.4152,5.1852,0.0000,3.0000
5.1852,2830,5.2017,0.0000,3.0013,2.2111,0.6242,0.0726,4.2990,-0.3881,0.4152,5.1852,0.0000,3.0000
5.1852,2831,5.2017,0.0000,3.0013,2.2111,0.6242,0.0726,4.2990,-0.3881,0.4152,5.1852,0.0000,3.0000
5.1852,2832,5.2017,0.0000,3.0013,2.2111,0.6242,0.0726,4.2990,-0.3881,0.4152,5.1852,0.0000,3.0000
5.1852,2833,5.2017,0.0000,3.0013,2.2111,0.6242,0.0726,4.2990,-0.3881,0.4152,5.1852,0.0000,3.0000
5.1852,2834,5.2017,0.0000,3.0013,2.2111,0.6242,0.0726,4.2990,-0.3881,0.4152,5.1852,0.0000,3.0000
5.1852,2835,5.2017,0.0000,3.0013,2.2111,0.6242,0.0726,4.2990,-0.3881,0.4152,5.1852,0.0000,3.0000
5.1852,2836,5.2017,0.0000,3.0013,2.2111,0.6242,0.0726,4.2990,-0.3881,0.4152,5.1852,0.0000,3.0000
5.1852,2837,5.2017,0.0000,3.0013,2.2111,0.6242,0.0726,4.2990,-0.3881,0.4152,5.1852,0.0000,3.0000
5.1852,2838,5.2017,0.0000,3.0013,2.2111,0.6242,0.0726,4.2990,-0.3881,0.4152,5.1852,0.0000,3.0000
5.1852,2839,5.2017,0.0000,3.0013,2.2111,0.6242,0.0726,4.2990,-0.3881,0.4152,5.1852,0.0000,3.0000
5.1852,2840,5.2017,0.0000,3.0013,2.2111,0.6242,0.0726,4.2990,-0.3881,0.4152,5.1852,0.0000,3.0000
5.1852,2841,5.2017,0.0000,3.0013,2.2111,0.6242,0.0726,4.2990,-0.3881,0.4152,5.1852,0.0000,3.0000
5.1852,2842,5.2017,0.0000,3.0013,2.2111,0.6242,0.0726,4.2990,-0.3881,0.4152,5.1852,0.0000,3.0000
5.1852,2843,5.2017,0.0000,3.0013,2.2111,0.6242,0.0726,4.2990,-0.3881,0.4152,5.1852,0.0000,3.0000
5.1852,2844,5.2017,0.0000,3.0013,2.2111,0.6242,0.0726,4.2990,-0.3881,0.4152,5.1852,0.0000,3.0000
5.1852,2845,5.2017,0.0000,3.0013,2.2111,0.6242,0.0726,4.2990,-0.3881,0.4152,5.1852,0.0000,3.0000
5.1852,2846,5.2017,0.0000,3.0013,2.2111,0.6242,0.0726,4.2990,-0.3881,0.4152,5.1852,0.0000,3.0000
5.1852,2847,5.2017,0.0000,3.0013,2.2111,0.6242,0.0726,4.2990,-0.3881,0.4152,5.1852,0.0000,3.0000
5.1852,2848,5.2017,0.0000,3.0013,2.2111,0.6242,0.0726,4.2990,-0.3881,0.4152,5.1852,0.0000,3.0000
5.1852,2849,5.2017,0.0000,3.0013,2.2111,0.6242,0.0726,4.2990,-0.3881,0.4152,5.1852,0.0000,3.0000
5.1852,2850,5.2017,0.0000,3.0013,2.2111,0.6242,0.0726,4.2990,-0.3881,0.4152,5.1852,0.0000,3.0000
5.1852,2851,5.2017,0.0000,3.0013,2.2111,0.6242,0.0726,4.2990,-0.3881,0.4152,5.1852,0.0000,3.0000
5.1852,2852,5.2017,0.0000,3.0013,2.2111,0.6242,0.0726,4.2990,-0.3881,0.4152,5.1852,0.0000,3.0000
5.1852,2853,5.2017,0.0000,3.0013,2.2111,0.6242,0.0726,4.2990,-0.3881,0.4152,5.1852,0.0000,3.0000
5.1852,2854,5.2017,0.0000,3.0013,2.2111,0.6242,0.0726,4.2990,-0.3881,0.4152,5.1852,0.0000,3.0000
5.1852,2855,5.2017,0.0000,3.0013,2.2111,0.6242,0.0726,4.2990,-0.3881,0.4152,5.1852,0.0000,3.0000
5.1852,2856,5.2017,0.0000,3.0013,2.2111,0.6242,0.0726,4.2990,-0.3881,0.4152,5.1852,0.0000,3.0000
5.1852,2857,5.2017,0.0000,3.0013,2.2111,0.6242,0.0726,4.2990,-0.3881,0.4152,5.1852,0.0000,3.0000
5.1852,2858,5.2017,0.0000,3.0013,2.2111,0.6242,0.0726,4.2990,-0.3881,0.4152,5.1852,0.0000,3.0000
5.1852,2859,5.2017,0.0000,3.0013,2.2111,0.6242,0.0726,4.2990,-0.3881,0.4152,5.1852,0.0000,3.0000
5.1852,2860,5.2017,0.0000,3.0013,2.2111,0.6242,0.0726,4.2990,-0.3881,0.4152,5.1852,0.0000,3.0000
5.1852,2861,5.2017,0.0000,3.0013,2.2111,0.6242,0.0726,4.2990,-0.3881,0.4152,5.1852,0.0000,3.0000
5.1852,2862,5.2017,0.0000,3.0013,2.2111,0.6242,0.0726,4.2990,-0.3881,0.4152,5.1852,0.0000,3.0000
5.1852,2863,5.2017,0.0000,3.0013,2.2111,0.6242,0.0726,4.2990,-0.3881,0.4152,5.1852,0.0000,3.0000
5.1852,2864,5.2017,0.0000,3.0013,2.2111,0.6242,0.0726,4.2990,-0.3881,0.4152,5.1852,0.0000,3.0000
5.1852,2865,5.2017,0.0000,3.0013,2.2111,0.6242,0.0726,4.2990,-0.3881,0.4152,5.1852,0.0000,3.0000
5.1852,2866,5.2017,0.0000,3.0013,2.2111,0.6242,0.0726,4.2990,-0.3881,0.4152,5.1852,0.0000,3.0000
5.1852,2867,5.2017,0.0000,3.0013,2.2111,0.6242,0.0726,4.2990,-0.3881,0.4152,5.1852,0.0000,3.0000
5.1852,2868,5.2017,0.0000,3.0013,2.2111,0.6242,0.0726,4.2990,-0.3881,0.4152,5.1852,0.0000,3.0000
5.1852,2869,5.2017,0.0000,3.0013,2.2111,0.6242,0.0726,4.2990,-0.3881,0.4152,5.1852,0.0000,3.0000
5.1852,2870,5.2017,0.0000,3.0013,2.2111,0.6242,0.0726,4.2990,-0.3881,0.4152,5.1852,0.0000,3.0000
5.1852,2871,5.2017,0.0000,3.0013,2.2111,0.6242,0.0726,4.2990,-0.3881,0.4152,5.1852,0.0000,3.0000
5.1852,2872,5.2017,0.0000,3.0013,2.2111,0.6242,0.0726,4.2990,-0.3881,0.4152,5.1852,0.0000,3.0000
5.1852,2873,5.2017,0.0000,3.0013,2.2111,0.6242,0.0726,4.2990,-0.3881,0.4152,5.1852,0.0000,3.0000
5.1852,2874,5.2017,0.0000,3.0013,2.2111,0.6242,0.0726,4.2990,-0.3881,0.4152,5.1852,0.0000,3.0000
5.1852,2875,5.2017,0.0000,3.0013,2.2111,0.6242,0.0726,4.2990,-0.3881,0.4152,5.1852,0.0000,3.0000
5.1852,2876,5.2017,0.0000,3.0013,2.2111,0.6242,0.0726,4.2990,-0.3881,0.4152,5.1852,0.0000,3.0000
5.1852,2877,5.2017,0.0000,3.0013,2.2111,0.6242,0.0726,4.2990,-0.3881,0.4152,5.1852,0.0000,3.0000
5.1852,2878,5.2017,0.0000,3.0013,2.2111,0.6242,0.0726,4.2990,-0.3881,0.4152,5.1852,0.0000,3.0000
5.1852,2879,5.2017,0.0000,3.0013,2.2111,0.6242,0.0726,4.2990,-0.3881,0.4152,5.1852,0.0000,3.0000
5.1852,2880,5.2017,0.0000,3.0013,2.2111,0.6242,0.0726,4.2990,-0.3881,0.4152,5.1852,0.0000,3.0000
5.1852,2881,5.2017,0.0000,3.0013,2.2111,0.6242,0.0726,4.2990,-0.3881,0.4152,5.1852,0.0000,3.0000
5.1852,2882,5.2017,0.0000,3.0013,2.2111,0.6242,0.0726,4.2990,-0.3881,0.4152,5.1852,0.0000,3.0000
5.1852,2883,5.2017,0.0000,3.0013,2.2111,0.6242,0.0726,4.2990,-0.3881,0.4152,5.1852,0.0000,3.0000
5.1852,2884,5.2017,0.0000,3.0013,2.2111,0.6242,0.0726,4.2990,-0.3881,0.4152,5.1852,0.0000,3.0000
5.1852,2885,5.2017,0.0000,3.0013,2.2111,0.6242,0.0726,4.2990,-0.3881,0.4152,5.1852,0.0000,3.0000
5.1852,2886,5.2017,0.0000,3.0013,2.2111,0.6242,0.0726,4.2990,-0.3881,0.4152,5.1852,0.0000,3.0000
5.1852,2887,5.2017,0.0000,3.0013,2.2111,0.6242,0.0726,4.2990,-0.3881,0.4152,5.1852,0.0000,3.0000
5.1852,2888,5.2017,0.0000,3.0013,2.2111,0.6242,0.0726,4.2990,-0.3881,0.4152,5.1852,0.0000,3.0000
5.1852,2889,5.2017,0.0000,3.0013,2.2111,0.6242,0.0726,4.2990,-0.3881,0.4152,5.1852,0.0000,3.0000
5.1852,2890,5.2017,0.0000,3.0013,2.2111,0.6242,0.0726,4.2990,-0.3881,0.4152,5.1852,0.0000,3.0000
5.1852,2891,5.2017,0.0000,3.0013,2.2111,0.6242,0.0726,4.2990,-0.3881,0.4152,5.1852,0.0000,3.0000
5.1852,2892,5.2017,0.0000,3.0013,2.2111,0.6242,0.0726,4.2990,-0.3881,0.4152,5.1852,0.0000,3.0000
5.1852,2893,5.2017,0.0000,3.0013,2.2111,0.6242,0.0726,4.2990,-0.3881,0.4152,5.1852,0.0000,3.0000
5.1852,2894,5.2017,0.0000,3.0013,2.2111,0.6242,0.0726,4.2990,-0.3881,0.4152,5.1852,0.0000,3.0000
5.1852,2895,5.2017,0.0000,3.0013,2.2111,0.6242,0.0726,4.2990,-0.3881,0.4152,5.1852,0.0000,3.0000
5.1852,2896,5.2017,0.0000,3.0013,2.2111,0.6242,0.0726,4.2990,-0.3881,0.4152,5.1852,0.0000,3.0000
5.1852,2897,5.2017,0.0000,3.0013,2.2111,0.6242,0.0726,4.2990,-0.3881,0.4152,5.1852,0.0000,3.0000
5.1852,2898,5.2017,0.0000,3.0013,2.2111,0.6242,0.0726,4.2990,-0.3881,0.4152,5.1852,0.0000,3.0000
5.1852,2899,5.2017,0.0000,3.0013,2.2111,0.6242,0.0726,4.2990,-0.3881,0.4152,5.1852,0.0000,3.0000
5.1852,2900,5.2017,0.0000,3.0013,2.2111,0.6242,0.0726,4.2990,-0.3881,0.4152,5.1852,0.0000,3.0000
5.1852,2901,5.2017,0.0000,3.0013,2.2111,0.6242,0.0726,4.2990,-0.3881,0.4152,5.1852,0.0000,3.0000
5.1852,2902,5.2017,0.0000,3.0013,2.2111,0.6242,0.0726,4.2990,-0.3881,0.4152,5.1852,0.0000,3.0000
5.1852,2903,5.2017,0.0000,3.0013,2.2111,0.6242,0.0726,4.2990,-0.3881,0.4152,5.1852,0.0000,3.0000
5.1852,2904,5.2017,0.0000,3.0013,2.2111,0.6242,0.0726,4.2990,-0.3881,0.4152,5.1852,0.0000,3.0000
5.1852,2905,5.2017,0.0000,3.0013,2.2111,0.6242,0.0726,4.2990,-0.3881,0.4152,5.1852,0.0000,3.0000
5.1852,2906,5.2017,0.0000,3.0013,2.2111,0.6242,0.0726,4.2990,-0.3881,0.4152,5.1852,0.0000,3.0000
5.1852,2907,5.2017,0.0000,3.0013,2.2111,0.6242,0.0726,4.2990,-0.3881,0.4152,5.1852,0.0000,3.0000
5.1852,2908,5.2017,0.0000,3.0013,2.2111,0.6242,0.0726,4.2990,-0.3881,0.4152,5.1852,0.0000,3.0000
5.1852,2909,5.2017,0.0000,3.0013,2.2111,0.6242,0.0726,4.2990,-0.3881,0.4152,5.1852,0.0000,3.0000
5.1852,2910,5.2017,0.0000,3.0013,2.2111,0.6242,0.0726,4.2990,-0.3881,0.4152,5.1852,0.0000,3.0000
5.1852,2911,5.2017,0.0000,3.0013,2.2111,0.6242,0.0726,4.2990,-0.3881,0.4152,5.1852,0.0000,3.0000
5.1852,2912,5.2017,0.0000,3.0013,2.2111,0.6242,0.0726,4.2990,-0.3881,0.4152,5.1852,0.0000,3.0000
5.1852,2913,5.2017,0.0000,3.0013,2.2111,0.6242,0.0726,4.2990,-0.3881,0.4152,5.1852,0.0000,3.0000
5.1852,2914,5.2017,0.0000,3.0013,2.2111,0.6242,0.0726,4.2990,-0.3881,0.4152,5.1852,0.0000,3.0000
5.1852,2915,5.2017,0.0000,3.0013,2.2111,0.6242,0.0726,4.2990,-0.3881,0.4152,5.1852,0.0000,3.0000
5.1852,2916,5.2017,0.0000,3.0013,2.2111,0.6242,0.0726,4.2990,-0.3881,0.4152,5.1852,0.0000,3.0000
5.1852,2917,5.2017,0.0000,3.0013,2.2111,0.6242,0.0726,4.2990,-0.3881,0.4152,5.1852,0.0000,3.0000
5.1852,2918,5.2017,0.0000,3.0013,2.2111,0.6242,0.0726,4.2990,-0.3881,0.4152,5.1852,0.0000,3.0000
5.1852,2919,5.2017,0.0000,3.0013,2.2111,0.6242,0.0726,4.2990,-0.3881,0.4152,5.1852,0.0000,3.0000
5.1852,2920,5.2017,0.0000,3.0013,2.2111,0.6242,0.0726,4.2990,-0.3881,0.4152,5.1852,0.0000,3.0000
5.1852,2921,5.2017,0.0000,3.0013,2.2111,0.6242,0.0726,4.2990,-0.3881,0.4152,5.1852,0.0000,3.0000
5.1852,2922,5.2017,0.0000,3.0013,2.2111,0.6242,0.0726,4.2990,-0.3881,0.4152,5.1852,0.0000,3.0000
5.1852,2923,5.2017,0.0000,3.0013,2.2111,0.6242,0.0726,4.2990,-0.3881,0.4152,5.1852,0.0000,3.0000
5.1852,2924,5.2017,0.0000,3.0013,2.2111,0.6242,0.0726,4.2990,-0.3881,0.4152,5.1852,0.0000,3.0000
5.1852,2925,5.2017,0.0000,3.0013,2.2111,0.6242,0.0726,4.2990,-0.3881,0.4152,5.1852,0.0000,3.0000
5.1852,2926,5.2017,0.0000,3.0013,2.2111,0.6242,0.0726,4.2990,-0.3881,0.4152,5.1852,0.0000,3.0000
5.1852,2927,5.2017,0.0000,3.0013,2.2111,0.6242,0.0726,4.2990,-0.3881,0.4152,5.1852,0.0000,3.0000
5.1852,2928,5.2017,0.0000,3.0013,2.2111,0.6242,0.0726,4.2990,-0.3881,0.4152,5.1852,0.0000,3.0000
5.1852,2929,5.2017,0.0000,3.0013,2.2111,0.6242,0.0726,4.2990,-0.3881,0.4152,5.1852,0.0000,3.0000
5.1852,2930,5.2017,0.0000,3.0013,2.2111,0.6242,0.0726,4.2990,-0.3881,0.4152,5.1852,0.0000,3.0000
5.1852,2931,5.2017,0.0000,3.0013,2.2111,0.6242,0.0726,4.2990,-0.3881,0.4152,5.1852,0.0000,3.0000
5.1852,2932,5.2017,0.0000,3.0013,2.2111,0.6242,0.0726,4.2990,-0.3881,0.4152,5.1852,0.0000,3.0000
5.1852,2933,5.2017,0.0000,3.0013,2.2111,0.6242,0.0726,4.2990,-0.3881,0.4152,5.1852,0.0000,3.0000
5.1852,2934,5.2017,0.0000,3.0013,2.2111,0.6242,0.0726,4.2990,-0.3881,0.4152,5.1852,0.0000,3.0000
5.1852,2935,5.2017,0.0000,3.0013,2.2111,0.6242,0.0726,4.2990,-0.3881,0.4152,5.1852,0.0000,3.0000
5.1852,2936,5.2017,0.0000,3.0013,2.2111,0.6242,0.0726,4.2990,-0.3881,0.4152,5.1852,0.0000,3.0000
5.1852,2937,5.2017,0.0000,3.0013,2.2111,0.6242,0.0726,4.2990,-0.3881,0.4152,5.1852,0.0000,3.0000
5.1852,2938,5.2017,0.0000,3.0013,2.2111,0.6242,0.0726,4.2990,-0.3881,0.4152,5.1852,0.0000,3.0000
5.1852,2939,5.2017,0.0000,3.0013,2.2111,0.6242,0.0726,4.2990,-0.3881,0.4152,5.1852,0.0000,3.0000
5.1852,2940,5.2017,0.0000,3.0013,2.2111,0.6242,0.0726,4.2990,-0.3881,0.4152,5.1852,0.0000,3.0000
5.1852,2941,5.2017,0.0000,3.0013,2.2111,0.6242,0.0726,4.2990,-0.3881,0.4152,5.1852,0.0000,3.0000
5.1852,2942,5.2017,0.0000,3.0013,2.2111,0.6242,0.0726,4.2990,-0.3881,0.4152,5.1852,0.0000,3.0000
5.1852,2943,5.2017,0.0000,3.0013,2.2111,0.6242,0.0726,4.2990,-0.3881,0.4152,5.1852,0.0000,3.0000
5.1852,2944,5.2017,0.0000,3.0013,2.2111,0.6242,0.0726,4.2990,-0.3881,0.4152,5.1852,0.0000,3.0000
5.1852,2945,5.2017,0.0000,3.0013,2.2111,0.6242,0.0726,4.2990,-0.3881,0.4152,5.1852,0.0000,3.0000
5.1852,2946,5.2017,0.0000,3.0013,2.2111,0.6242,0.0726,4.2990,-0.3881,0.4152,5.1852,0.0000,3.0000
5.1852,2947,5.2017,0.0000,3.0013,2.2111,0.6242,0.0726,4.2990,-0.3881,0.4152,5.1852,0.0000,3.0000
5.1852,2948,5.2017,0.0000,3.0013,2.2111,0.6242,0.0726,4.2990,-0.3881,0.4152,5.1852,0.0000,3.0000
5.1852,2949,5.2017,0.0000,3.0013,2.2111,0.6242,0.0726,4.2990,-0.3881,0.4152,5.1852,0.0000,3.0000
5.1852,2950,5.2017,0.0000,3.0013,2.2111,0.6242,0.0726,4.2990,-0.3881,0.4152,5.1852,0.0000,3.0000
5.1852,2951,5.2017,0.0000,3.0013,2.2111,0.6242,0.0726,4.2990,-0.3881,0.4152,5.1852,0.0000,3.0000
5.1852,2952,5.2017,0.0000,3.0013,2.2111,0.6242,0.0726,4.2990,-0.3881,0.4152,5.1852,0.0000,3.0000
5.1852,2953,5.2017,0.0000,3.0013,2.2111,0.6242,0.0726,4.2990,-0.3881,0.4152,5.1852,0.0000,3.0000
5.1852,2954,5.2017,0.0000,3.0013,2.2111,0.6242,0.0726,4.2990,-0.3881,0.4152,5.1852,0.0000,3.0000
5.1852,2955,5.2017,0.0000,3.0013,2.2111,0.6242,0.0726,4.2990,-0.3881,0.4152,5.1852,0.0000,3.0000
5.1852,2956,5.2017,0.0000,3.0013,2.2111,0.6242,0.0726,4.2990,-0.3881,0.4152,5.1852,0.0000,3.0000
5.1852,2957,5.2017,0.0000,3.0013,2.2111,0.6242,0.0726,4.2990,-0.3881,0.4152,5.1852,0.0000,3.0000
5.1852,2958,5.2017,0.0000,3.0013,2.2111,0.6242,0.0726,4.2990,-0.3881,0.4152,5.1852,0.0000,3.0000
5.1852,2959,5.2017,0.0000,3.0013,2.2111,0.6242,0.0726,4.2990,-0.3881,0.4152,5.1852,0.0000,3.0000
5.1852,2960,5.2017,0.0000,3.0013,2.2111,0.6242,0.0726,4.2990,-0.3881,0.4152,5.1852,0.0000,3.0000
5.1852,2961,5.2017,0.0000,3.0013,2.2111,0.6242,0.0726,4.2990,-0.3881,0.4152,5.1852,0.0000,3.0000
5.1852,2962,5.2017,0.0000,3.0013,2.2111,0.6242,0.0726,4.2990,-0.3881,0.4152,5.1852,0.0000,3.0000
5.1852,2963,5.2017,0.0000,3.0013,2.2111,0.6242,0.0726,4.2990,-0.3881,0.4152,5.1852,0.0000,3.0000
5.1852,2964,5.2017,0.0000,3.0013,2.2111,0.6242,0.0726,4.2990,-0.3881,0.4152,5.1852,0.0000,3.0000
5.1852,2965,5.2017,0.0000,3.0013,2.2111,0.6242,0.0726,4.2990,-0.3881,0.4152,5.1852,0.0000,3.0000
5.1852,2966,5.2017,0.0000,3.0013,2.2111,0.6242,0.0726,4.2990,-0.3881,0.4152,5.1852,0.0000,3.0000
5.1852,2967,5.2017,0.0000,3.0013,2.2111,0.6242,0.0726,4.2990,-0.3881,0.4152,5.1852,0.0000,3.0000
5.1852,2968,5.2017,0.0000,3.0013,2.2111,0.6242,0.0726,4.2990,-0.3881,0.4152,5.1852,0.0000,3.0000
5.1852,2969,5.2017,0.0000,3.0013,2.2111,0.6242,0.0726,4.2990,-0.3881,0.4152,5.1852,0.0000,3.0000
5.1852,2970,5.2017,0.0000,3.0013,2.2111,0.6242,0.0726,4.2990,-0.3881,0.4152,5.1852,0.0000,3.0000
5.1852,2971,5.2017,0.0000,3.0013,2.2111,0.6242,0.0726,4.2990,-0.3881,0.4152,5.1852,0.0000,3.0000
5.1852,2972,5.2017,0.0000,3.0013,2.2111,0.6242,0.0726,4.2990,-0.3881,0.4152,5.1852,0.0000,3.0000
5.1852,2973,5.2017,0.0000,3.0013,2.2111,0.6242,0.0726,4.2990,-0.3881,0.4152,5.1852,0.0000,3.0000
5.1852,2974,5.2017,0.0000,3.0013,2.2111,0.6242,0.0726,4.2990,-0.3881,0.4152,5.1852,0.0000,3.0000
5.1852,2975,5.2017,0.0000,3.0013,2.2111,0.6242,0.0726,4.2990,-0.3881,0.4152,5.1852,0.0000,3.0000
5.1852,2976,5.2017,0.0000,3.0013,2.2111,0.6242,0.0726,4.2990,-0.3881,0.4152,5.1852,0.0000,3.0000
5.1852,2977,5.2017,0.0000,3.0013,2.2111,0.6242,0.0726,4.2990,-0.3881,0.4152,5.1852,0.0000,3.0000
5.1852,2978,5.2017,0.0000,3.0013,2.2111,0.6242,0.0726,4.2990,-0.3881,0.4152,5.1852,0.0000,3.0000
5.1852,2979,5.2017,0.0000,3.0013,2.2111,0.6242,0.0726,4.2990,-0.3881,0.4152,5.1852,0.0000,3.0000
5.1852,2980,5.2017,0.0000,3.0013,2.2111,0.6242,0.0726,4.2990,-0.3881,0.4152,5.1852,0.0000,3.0000
5.1852,2981,5.2017,0.0000,3.0013,2.2111,0.6242,0.0726,4.2990,-0.3881,0.4152,5.1852,0.0000,3.0000
5.1852,2982,5.2017,0.0000,3.0013,2.2111,0.6242,0.0726,4.2990,-0.3881,0.4152,5.1852,0.0000,3.0000
5.1852,2983,5.2017,0.0000,3.0013,2.2111,0.6242,0.0726,4.2990,-0.3881,0.4152,5.1852,0.0000,3.0000
5.1852,2984,5.2017,0.0000,3.0013,2.2111,0.6242,0.0726,4.2990,-0.3881,0.4152,5.1852,0.0000,3.0000
5.1852,2985,5.2017,0.0000,3.0013,2.2111,0.6242,0.0726,4.2990,-0.3881,0.4152,5.1852,0.0000,3.0000
5.1852,2986,5.2017,0.0000,3.0013,2.2111,0.6242,0.0726,4.2990,-0.3881,0.4152,5.1852,0.0000,3.0000
5.1852,2987,5.2017,0.0000,3.0013,2.2111,0.6242,0.0726,4.2990,-0.3881,0.4152,5.1852,0.0000,3.0000
5.1852,2988,5.2017,0.0000,3.0013,2.2111,0.6242,0.0726,4.2990,-0.3881,0.4152,5.1852,0.0000,3.0000
5.1852,2989,5.2017,0.0000,3.0013,2.2111,0.6242,0.0726,4.2990,-0.3881,0.4152,5.1852,0.0000,3.0000
5.1852,2990,5.2017,0.0000,3.0013,2.2111,0.6242,0.0726,4.2990,-0.3881,0.4152,5.1852,0.0000,3.0000
5.1852,2991,5.2017,0.0000,3.0013,2.2111,0.6242,0.0726,4.2990,-0.3881,0.4152,5.1852,0.0000,3.0000
5.1852,2992,5.2017,0.0000,3.0013,2.2111,0.6242,0.0726,4.2990,-0.3881,0.4152,5.1852,0.0000,3.0000
5.1852,2993,5.2017,0.0000,3.0013,2.2111,0.6242,0.0726,4.2990,-0.3881,0.4152,5.1852,0.0000,3.0000
5.1852,2994,5.2017,0.0000,3.0013,2.2111,0.6242,0.0726,4.2990,-0.3881,0.4152,5.1852,0.0000,3.0000
5.1852,2995,5.2017,0.0000,3.0013,2.2111,0.6242,0.0726,4.2990,-0.3881,0.4152,5.1852,0.0000,3.0000
5.1852,2996,5.2017,0.0000,3.0013,2.2111,0.6242,0.0726,4.2990,-0.3881,0.4152,5.1852,0.0000,3.0000
5.1852,2997,5.2017,0.0000,3.0013,2.2111,0.6242,0.0726,4.2990,-0.3881,0.4152,5.1852,0.0000,3.0000
5.1852,2998,5.2017,0.0000,3.0013,2.2111,0.6242,0.0726,4.2990,-0.3881,0.4152,5.1852,0.0000,3.0000
5.1852,2999,5.2017,0.0000,3.0013,2.2111,0.6242,0.0726,4.2990,-0.3881,0.4152,5.1852,0.0000,3.0000
5.1852,3000,5.2017,0.0000,3.0013,2.2111,0.6242,0.0726,4.2990,-0.3881,0.4152,5.1852,0.0000,3.0000
5.1852,3001,5.2017,0.0000,3.0013,2.2111,0.6242,0.0726,4.2990,-0.3881,0.4152,5.1852,0.0000,3.0000
5.1852,3002,5.2017,0.0000,3.0013,2.2111,0.6242,0.0726,4.2990,-0.3881,0.4152,5.1852,0.0000,3.0000
5.1852,3003,5.2017,0.0000,3.0013,2.2111,0.6242,0.0726,4.2990,-0.3881,0.4152,5.1852,0.0000,3.0000
5.1852,3004,5.2017,0.0000,3.0013,2.2111,0.6242,0.0726,4.2990,-0.3881,0.4152,5.1852,0.0000,3.0000
5.1852,3005,5.2017,0.0000,3.0013,2.2111,0.6242,0.0726,4.2990,-0.3881,0.4152,5.1852,0.0000,3.0000
5.1852,3006,5.2017,0.0000,3.0013,2.2111,0.6242,0.0726,4.2990,-0.3881,0.4152,5.1852,0.0000,3.0000
5.1852,3007,5.2017,0.0000,3.0013,2.2111,0.6242,0.0726,4.2990,-0.3881,0.4152,5.1852,0.0000,3.0000
5.1852,3008,5.2017,0.0000,3.0013,2.2111,0.6242,0.0726,4.2990,-0.3881,0.4152,5.1852,0.0000,3.0000
5.1852,3009,5.2017,0.0000,3.0013,2.2111,0.6242,0.0726,4.2990,-0.3881,0.4152,5.1852,0.0000,3.0000
5.1852,3010,5.2017,0.0000,3.0013,2.2111,0.6242,0.0726,4.2990,-0.3881,0.4152,5.1852,0.0000,3.0000
5.1852,3011,5.2017,0.0000,3.0013,2.2111,0.6242,0.0726,4.2990,-0.3881,0.4152,5.1852,0.0000,3.0000
5.1852,3012,5.2017,0.0000,3.0013,2.2111,0.6242,0.0726,4.2990,-0.3881,0.4152,5.1852,0.0000,3.0000
5.1852,3013,5.2017,0.0000,3.0013,2.2111,0.6242,0.0726,4.2990,-0.3881,0.4152,5.1852,0.0000,3.0000
5.1852,3014,5.2017,0.0000,3.0013,2.2111,0.6242,0.0726,4.2990,-0.3881,0.4152,5.1852,0.0000,3.0000
5.1852,3015,5.2017,0.0000,3.0013,2.2111,0.6242,0.0726,4.2990,-0.3881,0.4152,5.1852,0.0000,3.0000
5.1852,3016,5.2017,0.0000,3.0013,2.2111,0.6242,0.0726,4.2990,-0.3881,0.4152,5.1852,0.0000,3.0000
5.1852,3017,5.2017,0.0000,3.0013,2.2111,0.6242,0.0726,4.2990,-0.3881,0.4152,5.1852,0.0000,3.0000
5.1852,3018,5.2017,0.0000,3.0013,2.2111,0.6242,0.0726,4.2990,-0.3881,0.4152,5.1852,0.0000,3.0000
5.1852,3019,5.2017,0.0000,3.0013,2.2111,0.6242,0.0726,4.2990,-0.3881,0.4152,5.1852,0.0000,3.0000
5.1852,3020,5.2017,0.0000,3.0013,2.2111,0.6242,0.0726,4.2990,-0.3881,0.4152,5.1852,0.0000,3.0000
5.1852,3021,5.2017,0.0000,3.0013,2.2111,0.6242,0.0726,4.2990,-0.3881,0.4152,5.1852,0.0000,3.0000
5.1852,3022,5.2017,0.0000,3.0013,2.2111,0.6242,0.0726,4.2990,-0.3881,0.4152,5.1852,0.0000,3.0000
5.1852,3023,5.2017,0.0000,3.0013,2.2111,0.6242,0.0726,4.2990,-0.3881,0.4152,5.1852,0.0000,3.0000
5.1852,3024,5.2017,0.0000,3.0013,2.2111,0.6242,0.0726,4.2990,-0.3881,0.4152,5.1852,0.0000,3.0000
5.1852,3025,5.2017,0.0000,3.0013,2.2111,0.6242,0.0726,4.2990,-0.3881,0.4152,5.1852,0.0000,3.0000
5.1852,3026,5.2017,0.0000,3.0013,2.2111,0.6242,0.0726,4.2990,-0.3881,0.4152,5.1852,0.0000,3.0000
5.1852,3027,5.2017,0.0000,3.0013,2.2111,0.6242,0.0726,4.2990,-0.3881,0.4152,5.1852,0.0000,3.0000
5.1852,3028,5.2017,0.0000,3.0013,2.2111,0.6242,0.0726,4.2990,-0.3881,0.4152,5.1852,0.0000,3.0000
5.1852,3029,5.2017,0.0000,3.0013,2.2111,0.6242,0.0726,4.2990,-0.3881,0.4152,5.1852,0.0000,3.0000
5.1852,3030,5.2017,0.0000,3.0013,2.2111,0.6242,0.0726,4.2990,-0.3881,0.4152,5.1852,0.0000,3.0000
5.1852,3031,5.2017,0.0000,3.0013,2.2111,0.6242,0.0726,4.2990,-0.3881,0.4152,5.1852,0.0000,3.0000
5.1852,3032,5.2017,0.0000,3.0013,2.2111,0.6242,0.0726,4.2990,-0.3881,0.4152,5.1852,0.0000,3.0000
5.1852,3033,5.2017,0.0000,3.0013,2.2111,0.6242,0.0726,4.2990,-0.3881,0.4152,5.1852,0.0000,3.0000
5.1852,3034,5.2017,0.0000,3.0013,2.2111,0.6242,0.0726,4.2990,-0.3881,0.4152,5.1852,0.0000,3.0000
5.1852,3035,5.2017,0.0000,3.0013,2.2111,0.6242,0.0726,4.2990,-0.3881,0.4152,5.1852,0.0000,3.0000
5.1852,3036,5.2017,0.0000,3.0013,2.2111,0.6242,0.0726,4.2990,-0.3881,0.4152,5.1852,0.0000,3.0000
5.1852,3037,5.2017,0.0000,3.0013,2.2111,0.6242,0.0726,4.2990,-0.3881,0.4152,5.1852,0.0000,3.0000
5.1852,3038,5.2017,0.0000,3.0013,2.2111,0.6242,0.0726,4.2990,-0.3881,0.4152,5.1852,0.0000,3.0000
5.1852,3039,5.2017,0.0000,3.0013,2.2111,0.6242,0.0726,4.2990,-0.3881,0.4152,5.1852,0.0000,3.0000
5.1852,3040,5.2017,0.0000,3.0013,2.2111,0.6242,0.0726,4.2990,-0.3881,0.4152,5.1852,0.0000,3.0000
5.1852,3041,5.2017,0.0000,3.0013,2.2111,0.6242,0.0726,4.2990,-0.3881,0.4152,5.1852,0.0000,3.0000
5.1852,3042,5.2017,0.0000,3.0013,2.2111,0.6242,0.0726,4.2990,-0.3881,0.4152,5.1852,0.0000,3.0000
5.1852,3043,5.2017,0.0000,3.0013,2.2111,0.6242,0.0726,4.2990,-0.3881,0.4152,5.1852,0.0000,3.0000
5.1852,3044,5.2017,0.0000,3.0013,2.2111,0.6242,0.0726,4.2990,-0.3881,0.4152,5.1852,0.0000,3.0000
5.1852,3045,5.2017,0.0000,3.0013,2.2111,0.6242,0.0726,4.2990,-0.3881,0.4152,5.1852,0.0000,3.0000
5.1852,3046,5.2017,0.0000,3.0013,2.2111,0.6242,0.0726,4.2990,-0.3881,0.4152,5.1852,0.0000,3.0000
5.1852,3047,5.2017,0.0000,3.0013,2.2111,0.6242,0.0726,4.2990,-0.3881,0.4152,5.1852,0.0000,3.0000
5.1852,3048,5.2017,0.0000,3.0013,2.2111,0.6242,0.0726,4.2990,-0.3881,0.4152,5.1852,0.0000,3.0000
5.1852,3049,5.2017,0.0000,3.0013,2.2111,0.6242,0.0726,4.2990,-0.3881,0.4152,5.1852,0.0000,3.0000
5.1852,3050,5.2017,0.0000,3.0013,2.2111,0.6242,0.0726,4.2990,-0.3881,0.4152,5.1852,0.0000,3.0000
5.1852,3051,5.2017,0.0000,3.0013,2.2111,0.6242,0.0726,4.2990,-0.3881,0.4152,5.1852,0.0000,3.0000
5.1852,3052,5.2017,0.0000,3.0013,2.2111,0.6242,0.0726,4.2990,-0.3881,0.4152,5.1852,0.0000,3.0000
5.1852,3053,5.2017,0.0000,3.0013,2.2111,0.6242,0.0726,4.2990,-0.3881,0.4152,5.1852,0.0000,3.0000
5.1852,3054,5.2017,0.0000,3.0013,2.2111,0.6242,0.0726,4.2990,-0.3881,0.4152,5.1852,0.0000,3.0000
5.1852,3055,5.2017,0.0000,3.0013,2.2111,0.6242,0.0726,4.2990,-0.3881,0.4152,5.1852,0.0000,3.0000
5.1852,3056,5.2017,0.0000,3.0013,2.2111,0.6242,0.0726,4.2990,-0.3881,0.4152,5.1852,0.0000,3.0000
5.1852,3057,5.2017,0.0000,3.0013,2.2111,0.6242,0.0726,4.2990,-0.3881,0.4152,5.1852,0.0000,3.0000
5.1852,3058,5.2017,0.0000,3.0013,2.2111,0.6242,0.0726,4.2990,-0.3881,0.4152,5.1852,0.0000,3.0000
5.1852,3059,5.2017,0.0000,3.0013,2.2111,0.6242,0.0726,4.2990,-0.3881,0.4152,5.1852,0.0000,3.0000
5.1852,3060,5.2017,0.0000,3.0013,2.2111,0.6242,0.0726,4.2990,-0.3881,0.4152,5.1852,0.0000,3.0000
5.1852,3061,5.2017,0.0000,3.0013,2.2111,0.6242,0.0726,4.2990,-0.3881,0.4152,5.1852,0.0000,3.0000
5.1852,3062,5.2017,0.0000,3.0013,2.2111,0.6242,0.0726,4.2990,-0.3881,0.4152,5.1852,0.0000,3.0000
5.1852,3063,5.2017,0.0000,3.0013,2.2111,0.6242,0.0726,4.2990,-0.3881,0.4152,5.1852,0.0000,3.0000
5.1852,3064,5.2017,0.0000,3.0013,2.2111,0.6242,0.0726,4.2990,-0.3881,0.4152,5.1852,0.0000,3.0000
5.1852,3065,5.2017,0.0000,3.0013,2.2111,0.6242,0.0726,4.2990,-0.3881,0.4152,5.1852,0.0000,3.0000
5.1852,3066,5.2017,0.0000,3.0013,2.2111,0.6242,0.0726,4.2990,-0.3881,0.4152,5.1852,0.0000,3.0000
5.1852,3067,5.2017,0.0000,3.0013,2.2111,0.6242,0.0726,4.2990,-0.3881,0.4152,5.1852,0.0000,3.0000
5.1852,3068,5.2017,0.0000,3.0013,2.2111,0.6242,0.0726,4.2990,-0.3881,0.4152,5.1852,0.0000,3.0000
5.1852,3069,5.2017,0.0000,3.0013,2.2111,0.6242,0.0726,4.2990,-0.3881,0.4152,5.1852,0.0000,3.0000
5.1852,3070,5.2017,0.0000,3.0013,2.2111,0.6242,0.0726,4.2990,-0.3881,0.4152,5.1852,0.0000,3.0000
5.1852,3071,5.2017,0.0000,3.0013,2.2111,0.6242,0.0726,4.2990,-0.3881,0.4152,5.1852,0.0000,3.0000
5.1852,3072,5.2017,0.0000,3.0013,2.2111,0.6242,0.0726,4.2990,-0.3881,0.4152,5.1852,0.0000,3.0000
5.1852,3073,5.2017,0.0000,3.0013,2.2111,0.6242,0.0726,4.2990,-0.3881,0.4152,5.1852,0.0000,3.0000
5.1852,3074,5.2017,0.0000,3.0013,2.2111,0.6242,0.0726,4.2990,-0.3881,0.4152,5.1852,0.0000,3.0000
5.1852,3075,5.2017,0.0000,3.0013,2.2111,0.6242,0.0726,4.2990,-0.3881,0.4152,5.1852,0.0000,3.0000
5.1852,3076,5.2017,0.0000,3.0013,2.2111,0.6242,0.0726,4.2990,-0.3881,0.4152,5.1852,0.0000,3.0000
5.1852,3077,5.2017,0.0000,3.0013,2.2111,0.6242,0.0726,4.2990,-0.3881,0.4152,5.1852,0.0000,3.0000
5.1852,3078,5.2017,0.0000,3.0013,2.2111,0.6242,0.0726,4.2990,-0.3881,0.4152,5.1852,0.0000,3.0000
5.1852,3079,5.2017,0.0000,3.0013,2.2111,0.6242,0.0726,4.2990,-0.3881,0.4152,5.1852,0.0000,3.0000
5.1852,3080,5.2017,0.0000,3.0013,2.2111,0.6242,0.0726,4.2990,-0.3881,0.4152,5.1852,0.0000,3.0000
5.1852,3081,5.2017,0.0000,3.0013,2.2111,0.6242,0.0726,4.2990,-0.3881,0.4152,5.1852,0.0000,3.0000
5.1852,3082,5.2017,0.0000,3.0013,2.2111,0.6242,0.0726,4.2990,-0.3881,0.4152,5.1852,0.0000,3.0000
5.1852,3083,5.2017,0.0000,3.0013,2.2111,0.6242,0.0726,4.2990,-0.3881,0.4152,5.1852,0.0000,3.0000
5.1852,3084,5.2017,0.0000,3.0013,2.2111,0.6242,0.0726,4.2990,-0.3881,0.4152,5.1852,0.0000,3.0000
5.1852,3085,5.2017,0.0000,3.0013,2.2111,0.6242,0.0726,4.2990,-0.3881,0.4152,5.1852,0.0000,3.0000
5.1852,3086,5.2017,0.0000,3.0013,2.2111,0.6242,0.0726,4.2990,-0.3881,0.4152,5.1852,0.0000,3.0000
5.1852,3087,5.2017,0.0000,3.0013,2.2111,0.6242,0.0726,4.2990,-0.3881,0.4152,5.1852,0.0000,3.0000
5.1852,3088,5.2017,0.0000,3.0013,2.2111,0.6242,0.0726,4.2990,-0.3881,0.4152,5.1852,0.0000,3.0000
5.1852,3089,5.2017,0.0000,3.0013,2.2111,0.6242,0.0726,4.2990,-0.3881,0.4152,5.1852,0.0000,3.0000
5.1852,3090,5.2017,0.0000,3.0013,2.2111,0.6242,0.0726,4.2990,-0.3881,0.4152,5.1852,0.0000,3.0000
5.1852,3091,5.2017,0.0000,3.0013,2.2111,0.6242,0.0726,4.2990,-0.3881,0.4152,5.1852,0.0000,3.0000
5.1852,3092,5.2017,0.0000,3.0013,2.2111,0.6242,0.0726,4.2990,-0.3881,0.4152,5.1852,0.0000,3.0000
5.1852,3093,5.2017,0.0000,3.0013,2.2111,0.6242,0.0726,4.2990,-0.3881,0.4152,5.1852,0.0000,3.0000
5.1852,3094,5.2017,0.0000,3.0013,2.2111,0.6242,0.0726,4.2990,-0.3881,0.4152,5.1852,0.0000,3.0000
5.1852,3095,5.2017,0.0000,3.0013,2.2111,0.6242,0.0726,4.2990,-0.3881,0.4152,5.1852,0.0000,3.0000
5.1852,3096,5.2017,0.0000,3.0013,2.2111,0.6242,0.0726,4.2990,-0.3881,0.4152,5.1852,0.0000,3.0000
5.1852,3097,5.2017,0.0000,3.0013,2.2111,0.6242,0.0726,4.2990,-0.3881,0.4152,5.1852,0.0000,3.0000
5.1852,3098,5.2017,0.0000,3.0013,2.2111,0.6242,0.0726,4.2990,-0.3881,0.4152,5.1852,0.0000,3.0000
5.1852,3099,5.2017,0.0000,3.0013,2.2111,0.6242,0.0726,4.2990,-0.3881,0.4152,5.1852,0.0000,3.0000
5.1852,3100,5.2017,0.0000,3.0013,2.2111,0.6242,0.0726,4.2990,-0.3881,0.4152,5.1852,0.0000,3.0000
5.1852,3101,5.2017,0.0000,3.0013,2.2111,0.6242,0.0726,4.2990,-0.3881,0.4152,5.1852,0.0000,3.0000
5.1852,3102,5.2017,0.0000,3.0013,2.2111,0.6242,0.0726,4.2990,-0.3881,0.4152,5.1852,0.0000,3.0000
5.1852,3103,5.2017,0.0000,3.0013,2.2111,0.6242,0.0726,4.2990,-0.3881,0.4152,5.1852,0.0000,3.0000
5.1852,3104,5.2017,0.0000,3.0013,2.2111,0.6242,0.0726,4.2990,-0.3881,0.4152,5.1852,0.0000,3.0000
5.1852,3105,5.2017,0.0000,3.0013,2.2111,0.6242,0.0726,4.2990,-0.3881,0.4152,5.1852,0.0000,3.0000
5.1852,3106,5.2017,0.0000,3.0013,2.2111,0.6242,0.0726,4.2990,-0.3881,0.4152,5.1852,0.0000,3.0000
5.1852,3107,5.2017,0.0000,3.0013,2.2111,0.6242,0.0726,4.2990,-0.3881,0.4152,5.1852,0.0000,3.0000
5.1852,3108,5.2017,0.0000,3.0013,2.2111,0.6242,0.0726,4.2990,-0.3881,0.4152,5.1852,0.0000,3.0000
5.1852,3109,5.2017,0.0000,3.0013,2.2111,0.6242,0.0726,4.2990,-0.3881,0.4152,5.1852,0.0000,3.0000
5.1852,3110,5.2017,0.0000,3.0013,2.2111,0.6242,0.0726,4.2990,-0.3881,0.4152,5.1852,0.0000,3.0000
5.1852,3111,5.2017,0.0000,3.0013,2.2111,0.6242,0.0726,4.2990,-0.3881,0.4152,5.1852,0.0000,3.0000
5.1852,3112,5.2017,0.0000,3.0013,2.2111,0.6242,0.0726,4.2990,-0.3881,0.4152,5.1852,0.0000,3.0000
5.1852,3113,5.2017,0.0000,3.0013,2.2111,0.6242,0.0726,4.2990,-0.3881,0.4152,5.1852,0.0000,3.0000
5.1852,3114,5.2017,0.0000,3.0013,2.2111,0.6242,0.0726,4.2990,-0.3881,0.4152,5.1852,0.0000,3.0000
5.1852,3115,5.2017,0.0000,3.0013,2.2111,0.6242,0.0726,4.2990,-0.3881,0.4152,5.1852,0.0000,3.0000
5.1852,3116,5.2017,0.0000,3.0013,2.2111,0.6242,0.0726,4.2990,-0.3881,0.4152,5.1852,0.0000,3.0000
5.1852,3117,5.2017,0.0000,3.0013,2.2111,0.6242,0.0726,4.2990,-0.3881,0.4152,5.1852,0.0000,3.0000
5.1852,3118,5.2017,0.0000,3.0013,2.2111,0.6242,0.0726,4.2990,-0.3881,0.4152,5.1852,0.0000,3.0000
5.1852,3119,5.2017,0.0000,3.0013,2.2111,0.6242,0.0726,4.2990,-0.3881,0.4152,5.1852,0.0000,3.0000
5.1852,3120,5.2017,0.0000,3.0013,2.2111,0.6242,0.0726,4.2990,-0.3881,0.4152,5.1852,0.0000,3.0000
5.1852,3121,5.2017,0.0000,3.0013,2.2111,0.6242,0.0726,4.2990,-0.3881,0.4152,5.1852,0.0000,3.0000
5.1852,3122,5.2017,0.0000,3.0013,2.2111,0.6242,0.0726,4.2990,-0.3881,0.4152,5.1852,0.0000,3.0000
5.1852,3123,5.2017,0.0000,3.0013,2.2111,0.6242,0.0726,4.2990,-0.3881,0.4152,5.1852,0.0000,3.0000
5.1852,3124,5.2017,0.0000,3.0013,2.2111,0.6242,0.0726,4.2990,-0.3881,0.4152,5.1852,0.0000,3.0000
5.1852,3125,5.2017,0.0000,3.0013,2.2111,0.6242,0.0726,4.2990,-0.3881,0.4152,5.1852,0.0000,3.0000
5.1852,3126,5.2017,0.0000,3.0013,2.2111,0.6242,0.0726,4.2990,-0.3881,0.4152,5.1852,0.0000,3.0000
5.1852,3127,5.2017,0.0000,3.0013,2.2111,0.6242,0.0726,4.2990,-0.3881,0.4152,5.1852,0.0000,3.0000
5.1852,3128,5.2017,0.0000,3.0013,2.2111,0.6242,0.0726,4.2990,-0.3881,0.4152,5.1852,0.0000,3.0000
5.1852,3129,5.2017,0.0000,3.0013,2.2111,0.6242,0.0726,4.2990,-0.3881,0.4152,5.1852,0.0000,3.0000
5.1852,3130,5.2017,0.0000,3.0013,2.2111,0.6242,0.0726,4.2990,-0.3881,0.4152,5.1852,0.0000,3.0000
5.1852,3131,5.2017,0.0000,3.0013,2.2111,0.6242,0.0726,4.2990,-0.3881,0.4152,5.1852,0.0000,3.0000
5.1852,3132,5.2017,0.0000,3.0013,2.2111,0.6242,0.0726,4.2990,-0.3881,0.4152,5.1852,0.0000,3.0000
5.1852,3133,5.2017,0.0000,3.0013,2.2111,0.6242,0.0726,4.2990,-0.3881,0.4152,5.1852,0.0000,3.0000
5.1852,3134,5.2017,0.0000,3.0013,2.2111,0.6242,0.0726,4.2990,-0.3881,0.4152,5.1852,0.0000,3.0000
5.1852,3135,5.2017,0.0000,3.0013,2.2111,0.6242,0.0726,4.2990,-0.3881,0.4152,5.1852,0.0000,3.0000
5.1852,3136,5.2017,0.0000,3.0013,2.2111,0.6242,0.0726,4.2990,-0.3881,0.4152,5.1852,0.0000,3.0000
5.1852,3137,5.2017,0.0000,3.0013,2.2111,0.6242,0.0726,4.2990,-0.3881,0.4152,5.1852,0.0000,3.0000
5.1852,3138,5.2017,0.0000,3.0013,2.2111,0.6242,0.0726,4.2990,-0.3881,0.4152,5.1852,0.0000,3.0000
5.1852,3139,5.2017,0.0000,3.0013,2.2111,0.6242,0.0726,4.2990,-0.3881,0.4152,5.1852,0.0000,3.0000
5.1852,3140,5.2017,0.0000,3.0013,2.2111,0.6242,0.0726,4.2990,-0.3881,0.4152,5.1852,0.0000,3.0000
5.1852,3141,5.2017,0.0000,3.0013,2.2111,0.6242,0.0726,4.2990,-0.3881,0.4152,5.1852,0.0000,3.0000
5.1852,3142,5.2017,0.0000,3.0013,2.2111,0.6242,0.0726,4.2990,-0.3881,0.4152,5.1852,0.0000,3.0000
5.1852,3143,5.2017,0.0000,3.0013,2.2111,0.6242,0.0726,4.2990,-0.3881,0.4152,5.1852,0.0000,3.0000
5.1852,3144,5.2017,0.0000,3.0013,2.2111,0.6242,0.0726,4.2990,-0.3881,0.4152,5.1852,0.0000,3.0000
5.1852,3145,5.2017,0.0000,3.0013,2.2111,0.6242,0.0726,4.2990,-0.3881,0.4152,5.1852,0.0000,3.0000
5.1852,3146,5.2017,0.0000,3.0013,2.2111,0.6242,0.0726,4.2990,-0.3881,0.4152,5.1852,0.0000,3.0000
5.1852,3147,5.2017,0.0000,3.0013,2.2111,0.6242,0.0726,4.2990,-0.3881,0.4152,5.1852,0.0000,3.0000
5.1852,3148,5.2017,0.0000,3.0013,2.2111,0.6242,0.0726,4.2990,-0.3881,0.4152,5.1852,0.0000,3.0000
5.1852,3149,5.2017,0.0000,3.0013,2.2111,0.6242,0.0726,4.2990,-0.3881,0.4152,5.1852,0.0000,3.0000
5.1852,3150,5.2017,0.0000,3.0013,2.2111,0.6242,0.0726,4.2990,-0.3881,0.4152,5.1852,0.0000,3.0000
5.1852,3151,5.2017,0.0000,3.0013,2.2111,0.6242,0.0726,4.2990,-0.3881,0.4152,5.1852,0.0000,3.0000
5.1852,3152,5.2017,0.0000,3.0013,2.2111,0.6242,0.0726,4.2990,-0.3881,0.4152,5.1852,0.0000,3.0000
5.1852,3153,5.2017,0.0000,3.0013,2.2111,0.6242,0.0726,4.2990,-0.3881,0.4152,5.1852,0.0000,3.0000
5.1852,3154,5.2017,0.0000,3.0013,2.2111,0.6242,0.0726,4.2990,-0.3881,0.4152,5.1852,0.0000,3.0000
5.1852,3155,5.2017,0.0000,3.0013,2.2111,0.6242,0.0726,4.2990,-0.3881,0.4152,5.1852,0.0000,3.0000
5.1852,3156,5.2017,0.0000,3.0013,2.2111,0.6242,0.0726,4.2990,-0.3881,0.4152,5.1852,0.0000,3.0000
5.1852,3157,5.2017,0.0000,3.0013,2.2111,0.6242,0.0726,4.2990,-0.3881,0.4152,5.1852,0.0000,3.0000
5.1852,3158,5.2017,0.0000,3.0013,2.2111,0.6242,0.0726,4.2990,-0.3881,0.4152,5.1852,0.0000,3.0000
5.1852,3159,5.2017,0.0000,3.0013,2.2111,0.6242,0.0726,4.2990,-0.3881,0.4152,5.1852,0.0000,3.0000
5.1852,3160,5.2017,0.0000,3.0013,2.2111,0.6242,0.0726,4.2990,-0.3881,0.4152,5.1852,0.0000,3.0000
5.1852,3161,5.2017,0.0000,3.0013,2.2111,0.6242,0.0726,4.2990,-0.3881,0.4152,5.1852,0.0000,3.0000
5.1852,3162,5.2017,0.0000,3.0013,2.2111,0.6242,0.0726,4.2990,-0.3881,0.4152,5.1852,0.0000,3.0000
5.1852,3163,5.2017,0.0000,3.0013,2.2111,0.6242,0.0726,4.2990,-0.3881,0.4152,5.1852,0.0000,3.0000
5.1852,3164,5.2017,0.0000,3.0013,2.2111,0.6242,0.0726,4.2990,-0.3881,0.4152,5.1852,0.0000,3.0000
5.1852,3165,5.2017,0.0000,3.0013,2.2111,0.6242,0.0726,4.2990,-0.3881,0.4152,5.1852,0.0000,3.0000
5.1852,3166,5.2017,0.0000,3.0013,2.2111,0.6242,0.0726,4.2990,-0.3881,0.4152,5.1852,0.0000,3.0000
5.1852,3167,5.2017,0.0000,3.0013,2.2111,0.6242,0.0726,4.2990,-0.3881,0.4152,5.1852,0.0000,3.0000
5.1852,3168,5.2017,0.0000,3.0013,2.2111,0.6242,0.0726,4.2990,-0.3881,0.4152,5.1852,0.0000,3.0000
5.1852,3169,5.2017,0.0000,3.0013,2.2111,0.6242,0.0726,4.2990,-0.3881,0.4152,5.1852,0.0000,3.0000
5.1852,3170,5.2017,0.0000,3.0013,2.2111,0.6242,0.0726,4.2990,-0.3881,0.4152,5.1852,0.0000,3.0000
5.1852,3171,5.2017,0.0000,3.0013,2.2111,0.6242,0.0726,4.2990,-0.3881,0.4152,5.1852,0.0000,3.0000
5.1852,3172,5.2017,0.0000,3.0013,2.2111,0.6242,0.0726,4.2990,-0.3881,0.4152,5.1852,0.0000,3.0000
5.1852,3173,5.2017,0.0000,3.0013,2.2111,0.6242,0.0726,4.2990,-0.3881,0.4152,5.1852,0.0000,3.0000
5.1852,3174,5.2017,0.0000,3.0013,2.2111,0.6242,0.0726,4.2990,-0.3881,0.4152,5.1852,0.0000,3.0000
5.1852,3175,5.2017,0.0000,3.0013,2.2111,0.6242,0.0726,4.2990,-0.3881,0.4152,5.1852,0.0000,3.0000
5.1852,3176,5.2017,0.0000,3.0013,2.2111,0.6242,0.0726,4.2990,-0.3881,0.4152,5.1852,0.0000,3.0000
5.1852,3177,5.2017,0.0000,3.0013,2.2111,0.6242,0.0726,4.2990,-0.3881,0.4152,5.1852,0.0000,3.0000
5.1852,3178,5.2017,0.0000,3.0013,2.2111,0.6242,0.0726,4.2990,-0.3881,0.4152,5.1852,0.0000,3.0000
5.1852,3179,5.2017,0.0000,3.0013,2.2111,0.6242,0.0726,4.2990,-0.3881,0.4152,5.1852,0.0000,3.0000
5.1852,3180,5.2017,0.0000,3.0013,2.2111,0.6242,0.0726,4.2990,-0.3881,0.4152,5.1852,0.0000,3.0000
5.1852,3181,5.2017,0.0000,3.0013,2.2111,0.6242,0.0726,4.2990,-0.3881,0.4152,5.1852,0.0000,3.0000
5.1852,3182,5.2017,0.0000,3.0013,2.2111,0.6242,0.0726,4.2990,-0.3881,0.4152,5.1852,0.0000,3.0000
5.1852,3183,5.2017,0.0000,3.0013,2.2111,0.6242,0.0726,4.2990,-0.3881,0.4152,5.1852,0.0000,3.0000
5.1852,3184,5.2017,0.0000,3.0013,2.2111,0.6242,0.0726,4.2990,-0.3881,0.4152,5.1852,0.0000,3.0000
5.1852,3185,5.2017,0.0000,3.0013,2.2111,0.6242,0.0726,4.2990,-0.3881,0.4152,5.1852,0.0000,3.0000
5.1852,3186,5.2017,0.0000,3.0013,2.2111,0.6242,0.0726,4.2990,-0.3881,0.4152,5.1852,0.0000,3.0000
5.1852,3187,5.2017,0.0000,3.0013,2.2111,0.6242,0.0726,4.2990,-0.3881,0.4152,5.1852,0.0000,3.0000
5.1852,3188,5.2017,0.0000,3.0013,2.2111,0.6242,0.0726,4.2990,-0.3881,0.4152,5.1852,0.0000,3.0000
5.1852,3189,5.2017,0.0000,3.0013,2.2111,0.6242,0.0726,4.2990,-0.3881,0.4152,5.1852,0.0000,3.0000
5.1852,3190,5.2017,0.0000,3.0013,2.2111,0.6242,0.0726,4.2990,-0.3881,0.4152,5.1852,0.0000,3.0000
5.1852,3191,5.2017,0.0000,3.0013,2.2111,0.6242,0.0726,4.2990,-0.3881,0.4152,5.1852,0.0000,3.0000
5.1852,3192,5.2017,0.0000,3.0013,2.2111,0.6242,0.0726,4.2990,-0.3881,0.4152,5.1852,0.0000,3.0000
5.1852,3193,5.2017,0.0000,3.0013,2.2111,0.6242,0.0726,4.2990,-0.3881,0.4152,5.1852,0.0000,3.0000
5.1852,3194,5.2017,0.0000,3.0013,2.2111,0.6242,0.0726,4.2990,-0.3881,0.4152,5.1852,0.0000,3.0000
5.1852,3195,5.2017,0.0000,3.0013,2.2111,0.6242,0.0726,4.2990,-0.3881,0.4152,5.1852,0.0000,3.0000
5.1852,3196,5.2017,0.0000,3.0013,2.2111,0.6242,0.0726,4.2990,-0.3881,0.4152,5.1852,0.0000,3.0000
5.1852,3197,5.2017,0.0000,3.0013,2.2111,0.6242,0.0726,4.2990,-0.3881,0.4152,5.1852,0.0000,3.0000
5.1852,3198,5.2017,0.0000,3.0013,2.2111,0.6242,0.0726,4.2990,-0.3881,0.4152,5.1852,0.0000,3.0000
5.1852,3199,5.2017,0.0000,3.0013,2.2111,0.6242,0.0726,4.2990,-0.3881,0.4152,5.1852,0.0000,3.0000
5.1852,3200,5.2017,0.0000,3.0013,2.2111,0.6242,0.0726,4.2990,-0.3881,0.4152,5.1852,0.0000,3.0000
5.1852,3201,5.2017,0.0000,3.0013,2.2111,0.6242,0.0726,4.2990,-0.3881,0.4152,5.1852,0.0000,3.0000
5.1852,3202,5.2017,0.0000,3.0013,2.2111,0.6242,0.0726,4.2990,-0.3881,0.4152,5.1852,0.0000,3.0000
5.1852,3203,5.2017,0.0000,3.0013,2.2111,0.6242,0.0726,4.2990,-0.3881,0.4152,5.1852,0.0000,3.0000
5.1852,3204,5.2017,0.0000,3.0013,2.2111,0.6242,0.0726,4.2990,-0.3881,0.4152,5.1852,0.0000,3.0000
