t,step,drone_x,drone_y,drone_z,dog0_x,dog0_y,dog0_z,dog1_x,dog1_y,dog1_z,target_x,target_y,target_z
0.0505,1,0.0000,0.0000,2.4939,1.2376,-0.0031,0.4184,-1.2595,-0.0017,0.4185,0.0505,0.0000,3.0000
0.0997,2,0.0000,0.0000,2.4788,1.2378,-0.0030,0.4184,-1.2595,-0.0017,0.4185,0.0997,0.0000,3.0000
0.1496,3,0.0005,0.0000,2.4617,1.2381,-0.0030,0.4183,-1.2597,-0.0018,0.4185,0.1496,0.0000,3.0000
0.1997,4,0.0005,0.0000,2.4617,1.2381,-0.0030,0.4183,-1.2597,-0.0018,0.4185,0.1997,0.0000,3.0000
0.2497,5,0.0022,0.0000,2.4526,1.2382,-0.0021,0.4189,-1.2587,-0.0022,0.4181,0.2497,0.0000,3.0000
0.2997,6,0.0022,0.0000,2.4526,1.2382,-0.0021,0.4189,-1.2587,-0.0022,0.4181,0.2997,0.0000,3.0000
0.3497,7,0.0056,0.0000,2.4514,1.2376,-0.0002,0.4194,-1.2564,-0.0029,0.4171,0.3497,0.0000,3.0000
0.3997,8,0.0056,0.0000,2.4514,1.2376,-0.0002,0.4194,-1.2564,-0.0029,0.4171,0.3997,0.0000,3.0000
0.4497,9,0.0114,0.0000,2.4582,1.2361,0.0027,0.4184,-1.2532,-0.0038,0.4151,0.4497,0.0000,3.0000
0.4997,10,0.0197,0.0000,2.4725,1.2337,0.0058,0.4145,-1.2492,-0.0048,0.4123,0.4997,0.0000,3.0000
0.5497,11,0.0197,0.0000,2.4725,1.2337,0.0058,0.4145,-1.2492,-0.0048,0.4123,0.5497,0.0000,3.0000
0.5997,12,0.0306,0.0000,2.4930,1.2311,0.0089,0.4075,-1.2445,-0.0057,0.4089,0.5997,0.0000,3.0000
0.6496,13,0.0445,0.0000,2.5178,1.2284,0.0118,0.3977,-1.2389,-0.0066,0.4052,0.6496,0.0000,3.0000
0.6997,14,0.0445,0.0000,2.5178,1.2284,0.0118,0.3977,-1.2389,-0.0066,0.4052,0.6997,0.0000,3.0000
0.7497,15,0.0613,0.0000,2.5453,1.2261,0.0145,0.3844,-1.2316,-0.0073,0.4033,0.7497,0.0000,3.0000
0.7996,16,0.0810,0.0000,2.5744,1.2244,0.0166,0.3720,-1.2234,-0.0079,0.4015,0.7996,0.0000,3.0000
0.8497,17,0.0810,0.0000,2.5744,1.2244,0.0166,0.3720,-1.2234,-0.0079,0.4015,0.8497,0.0000,3.0000
0.8998,18,0.1034,0.0000,2.6041,1.2223,0.0180,0.3612,-1.2145,-0.0086,0.3998,0.8998,0.0000,3.0000
0.9497,19,0.1034,0.0000,2.6041,1.2223,0.0180,0.3612,-1.2145,-0.0086,0.3998,0.9497,0.0000,3.0000
0.9997,20,0.1284,0.0000,2.6339,1.2198,0.0190,0.3513,-1.2050,-0.0098,0.3978,0.9997,0.0000,3.0000
1.0497,21,0.1560,0.0000,2.6631,1.2170,0.0195,0.3422,-1.1949,-0.0112,0.3959,1.0497,0.0000,3.0000
1.0997,22,0.1560,0.0000,2.6631,1.2170,0.0195,0.3422,-1.1949,-0.0112,0.3959,1.0997,0.0000,3.0000
1.1497,23,0.1860,0.0000,2.6914,1.2139,0.0200,0.3337,-1.1836,-0.0129,0.3938,1.1497,0.0000,3.0000
1.1997,24,0.2184,0.0000,2.7185,1.2114,0.0212,0.3272,-1.1710,-0.0150,0.3914,1.1997,0.0000,3.0000
1.2497,25,0.2184,0.0000,2.7185,1.2114,0.0212,0.3272,-1.1710,-0.0150,0.3914,1.2497,0.0000,3.0000
1.2997,26,0.2530,0.0000,2.7442,1.2091,0.0226,0.3222,-1.1575,-0.0175,0.3894,1.2997,0.0000,3.0000
1.3498,27,0.2898,0.0000,2.7684,1.2071,0.0242,0.3187,-1.1441,-0.0201,0.3883,1.3498,0.0000,3.0000
1.3997,28,0.2898,0.0000,2.7684,1.2071,0.0242,0.3187,-1.1441,-0.0201,0.3883,1.3997,0.0000,3.0000
1.4498,29,0.3286,0.0000,2.7911,1.2053,0.0260,0.3176,-1.1305,-0.0226,0.3872,1.4498,0.0000,3.0000
1.4997,30,0.3696,0.0000,2.8122,1.2043,0.0271,0.3172,-1.1167,-0.0250,0.3864,1.4997,0.0000,3.0000
1.5497,31,0.3696,0.0000,2.8122,1.2043,0.0271,0.3172,-1.1167,-0.0250,0.3864,1.5497,0.0000,3.0000
1.5997,32,0.4127,0.0000,2.8317,1.2044,0.0279,0.3159,-1.1025,-0.0273,0.3857,1.5997,0.0000,3.0000
1.6497,33,0.4127,0.0000,2.8317,1.2044,0.0279,0.3159,-1.1025,-0.0273,0.3857,1.6497,0.0000,3.0000
1.6997,34,0.4577,0.0000,2.8497,1.2053,0.0283,0.3133,-1.0877,-0.0295,0.3847,1.6997,0.0000,3.0000
1.7497,35,0.5045,0.0000,2.8663,1.2068,0.0282,0.3106,-1.0720,-0.0317,0.3835,1.7497,0.0000,3.0000
1.7996,36,0.5530,0.0000,2.8815,1.2086,0.0279,0.3088,-1.0552,-0.0339,0.3820,1.7996,0.0000,3.0000
1.8497,37,0.5530,0.0000,2.8815,1.2086,0.0279,0.3088,-1.0552,-0.0339,0.3820,1.8497,0.0000,3.0000
1.8997,38,0.6030,0.0000,2.8953,1.2110,0.0280,0.3070,-1.0372,-0.0363,0.3809,1.8997,0.0000,3.0000
1.9496,39,0.6545,0.0000,2.9079,1.2144,0.0293,0.3042,-1.0183,-0.0387,0.3809,1.9496,0.0000,3.0000
1.9997,40,0.6545,0.0000,2.9079,1.2144,0.0293,0.3042,-1.0183,-0.0387,0.3809,1.9997,0.0000,3.0000
2.0497,41,0.7074,0.0000,2.9194,1.2193,0.0319,0.3001,-0.9980,-0.0408,0.3808,2.0497,0.0000,3.0000
2.0996,42,0.7616,0.0000,2.9298,1.2251,0.0345,0.2944,-0.9772,-0.0428,0.3787,2.0996,0.0000,3.0000
2.1497,43,0.7616,0.0000,2.9298,1.2251,0.0345,0.2944,-0.9772,-0.0428,0.3787,2.1497,0.0000,3.0000
2.1997,44,0.8170,0.0000,2.9392,1.2315,0.0366,0.2880,-0.9564,-0.0444,0.3759,2.1997,0.0000,3.0000
2.2496,45,0.8735,0.0000,2.9477,1.2396,0.0386,0.2831,-0.9357,-0.0458,0.3734,2.2496,0.0000,3.0000
2.2998,46,0.8735,0.0000,2.9477,1.2396,0.0386,0.2831,-0.9357,-0.0458,0.3734,2.2998,0.0000,3.0000
2.3497,47,0.9312,0.0000,2.9554,1.2497,0.0418,0.2819,-0.9148,-0.0470,0.3710,2.3497,0.0000,3.0000
2.3996,48,0.9899,0.0000,2.9622,1.2615,0.0456,0.2844,-0.8931,-0.0478,0.3686,2.3996,0.0000,3.0000
2.4497,49,0.9899,0.0000,2.9622,1.2615,0.0456,0.2844,-0.8931,-0.0478,0.3686,2.4497,0.0000,3.0000
2.4997,50,1.0495,0.0000,2.9684,1.2745,0.0501,0.2885,-0.8705,-0.0482,0.3663,2.4997,0.0000,3.0000
2.5496,51,1.1101,0.0000,2.9740,1.2882,0.0542,0.2924,-0.8468,-0.0484,0.3640,2.5496,0.0000,3.0000
2.5997,52,1.1101,0.0000,2.9740,1.2882,0.0542,0.2924,-0.8468,-0.0484,0.3640,2.5997,0.0000,3.0000
2.6496,53,1.1716,0.0000,2.9790,1.3024,0.0572,0.2964,-0.8222,-0.0482,0.3622,2.6496,0.0000,3.0000
2.6997,54,1.1716,0.0000,2.9790,1.3024,0.0572,0.2964,-0.8222,-0.0482,0.3622,2.6997,0.0000,3.0000
2.7498,55,1.2339,0.0000,2.9834,1.3169,0.0595,0.3019,-0.7971,-0.0476,0.3624,2.7498,0.0000,3.0000
2.7997,56,1.2969,0.0000,2.9874,1.3315,0.0615,0.3094,-0.7722,-0.0470,0.3640,2.7997,0.0000,3.0000
2.8497,57,1.2969,0.0000,2.9874,1.3315,0.0615,0.3094,-0.7722,-0.0470,0.3640,2.8497,0.0000,3.0000
2.8997,58,1.3607,0.0000,2.9910,1.3463,0.0629,0.3177,-0.7473,-0.0464,0.3656,2.8997,0.0000,3.0000
2.9496,59,1.4255,0.0000,2.9941,1.3607,0.0647,0.3260,-0.7225,-0.0459,0.3672,2.9496,0.0000,3.0000
2.9997,60,1.4255,0.0000,2.9941,1.3607,0.0647,0.3260,-0.7225,-0.0459,0.3672,2.9997,0.0000,3.0000
3.0497,61,1.4912,0.0000,2.9969,1.3749,0.0666,0.3321,-0.6976,-0.0455,0.3686,3.0497,0.0000,3.0000
3.0996,62,1.5576,0.0000,2.9995,1.3899,0.0680,0.3362,-0.6723,-0.0452,0.3698,3.0996,0.0000,3.0000
3.1498,63,1.5576,0.0000,2.9995,1.3899,0.0680,0.3362,-0.6723,-0.0452,0.3698,3.1498,0.0000,3.0000
3.1996,64,1.6248,0.0000,3.0017,1.4058,0.0696,0.3387,-0.6463,-0.0447,0.3708,3.1996,0.0000,3.0000
3.2497,65,1.6248,0.0000,3.0017,1.4058,0.0696,0.3387,-0.6463,-0.0447,0.3708,3.2497,0.0000,3.0000
3.2997,66,1.6926,0.0000,3.0037,1.4224,0.0703,0.3387,-0.6198,-0.0441,0.3718,3.2997,0.0000,3.0000
3.3496,67,1.7612,0.0000,3.0054,1.4391,0.0711,0.3365,-0.5924,-0.0435,0.3726,3.3496,0.0000,3.0000
3.3997,68,1.7612,0.0000,3.0054,1.4391,0.0711,0.3365,-0.5924,-0.0435,0.3726,3.3997,0.0000,3.0000
3.4497,69,1.8306,0.0000,3.0070,1.4560,0.0740,0.3335,-0.5639,-0.0430,0.3734,3.4497,0.0000,3.0000
3.4998,70,1.8306,0.0000,3.0070,1.4560,0.0740,0.3335,-0.5639,-0.0430,0.3734,3.4998,0.0000,3.0000
3.5498,71,1.9006,0.0000,3.0083,1.4743,0.0779,0.3331,-0.5352,-0.0424,0.3733,3.5498,0.0000,3.0000
3.5997,72,1.9713,0.0000,3.0096,1.4925,0.0828,0.3345,-0.5066,-0.0419,0.3716,3.5997,0.0000,3.0000
3.6497,73,1.9713,0.0000,3.0096,1.4925,0.0828,0.3345,-0.5066,-0.0419,0.3716,3.6497,0.0000,3.0000
3.6997,74,2.0423,0.0000,3.0106,1.5098,0.0877,0.3365,-0.4785,-0.0412,0.3704,3.6997,0.0000,3.0000
3.7497,75,2.0423,0.0000,3.0106,1.5098,0.0877,0.3365,-0.4785,-0.0412,0.3704,3.7497,0.0000,3.0000
3.7997,76,2.1140,0.0000,3.0116,1.5257,0.0916,0.3382,-0.4509,-0.0408,0.3697,3.7997,0.0000,3.0000
3.8496,77,2.1861,-0.0000,3.0124,1.5394,0.0944,0.3404,-0.4236,-0.0403,0.3693,3.8496,0.0000,3.0000
3.8998,78,2.1861,-0.0000,3.0124,1.5394,0.0944,0.3404,-0.4236,-0.0403,0.3693,3.8998,0.0000,3.0000
3.9497,79,2.2585,-0.0000,3.0131,1.5510,0.0971,0.3435,-0.3962,-0.0396,0.3692,3.9497,0.0000,3.0000
3.9996,80,2.3311,-0.0000,3.0138,1.5618,0.0991,0.3479,-0.3686,-0.0389,0.3690,3.9996,0.0000,3.0000
4.0497,81,2.3311,-0.0000,3.0138,1.5618,0.0991,0.3479,-0.3686,-0.0389,0.3690,4.0497,0.0000,3.0000
4.0997,82,2.4039,-0.0000,3.0143,1.5724,0.1007,0.3514,-0.3403,-0.0382,0.3690,4.0997,0.0000,3.0000
4.1497,83,2.4039,-0.0000,3.0143,1.5724,0.1007,0.3514,-0.3403,-0.0382,0.3690,4.1497,0.0000,3.0000
4.1997,84,2.4768,-0.0000,3.0148,1.5834,0.1020,0.3519,-0.3114,-0.0375,0.3692,4.1997,0.0000,3.0000
4.2498,85,2.5498,-0.0000,3.0153,1.5939,0.1025,0.3494,-0.2817,-0.0367,0.3699,4.2498,0.0000,3.0000
4.2997,86,2.5498,-0.0000,3.0153,1.5939,0.1025,0.3494,-0.2817,-0.0367,0.3699,4.2997,0.0000,3.0000
4.3497,87,2.6229,-0.0000,3.0156,1.6022,0.1023,0.3470,-0.2526,-0.0359,0.3719,4.3497,0.0000,3.0000
4.3997,88,2.6229,-0.0000,3.0156,1.6022,0.1023,0.3470,-0.2526,-0.0359,0.3719,4.3997,0.0000,3.0000
4.4497,89,2.6961,-0.0000,3.0160,1.6095,0.1025,0.3472,-0.2245,-0.0354,0.3746,4.4497,0.0000,3.0000
4.4996,90,2.7693,0.0000,3.0162,1.6164,0.1029,0.3502,-0.1968,-0.0349,0.3773,4.4996,0.0000,3.0000
4.5497,91,2.7693,0.0000,3.0162,1.6164,0.1029,0.3502,-0.1968,-0.0349,0.3773,4.5497,0.0000,3.0000
4.5997,92,2.8426,0.0000,3.0165,1.6229,0.1033,0.3538,-0.1692,-0.0344,0.3798,4.5997,0.0000,3.0000
4.6497,93,2.8426,0.0000,3.0165,1.6229,0.1033,0.3538,-0.1692,-0.0344,0.3798,4.6497,0.0000,3.0000
4.6997,94,2.9158,0.0000,3.0167,1.6297,0.1039,0.3576,-0.1414,-0.0340,0.3817,4.6997,0.0000,3.0000
4.7496,95,2.9891,0.0000,3.0169,1.6373,0.1050,0.3619,-0.1132,-0.0338,0.3832,4.7496,0.0000,3.0000
4.7997,96,2.9891,0.0000,3.0169,1.6373,0.1050,0.3619,-0.1132,-0.0338,0.3832,4.7997,0.0000,3.0000
4.8497,97,3.0624,0.0000,3.0170,1.6456,0.1066,0.3661,-0.0845,-0.0337,0.3844,4.8497,0.0000,3.0000
4.8997,98,3.0624,0.0000,3.0170,1.6456,0.1066,0.3661,-0.0845,-0.0337,0.3844,4.8997,0.0000,3.0000
4.9497,99,3.1357,0.0000,3.0172,1.6548,0.1084,0.3693,-0.0551,-0.0336,0.3855,4.9497,0.0000,3.0000
4.9997,100,3.2090,0.0000,3.0173,1.6647,0.1101,0.3713,-0.0248,-0.0335,0.3866,4.9997,0.0000,3.0000
5.0497,101,3.2090,0.0000,3.0173,1.6647,0.1101,0.3713,-0.0248,-0.0335,0.3866,5.0497,0.0000,3.0000
5.0997,102,3.2823,0.0000,3.0173,1.6750,0.1121,0.3713,0.0055,-0.0336,0.3868,5.0997,0.0000,3.0000
5.1496,103,3.3556,0.0000,3.0174,1.6856,0.1145,0.3701,0.0358,-0.0336,0.3854,5.1496,0.0000,3.0000
5.1997,104,3.3556,0.0000,3.0174,1.6856,0.1145,0.3701,0.0358,-0.0336,0.3854,5.1997,0.0000,3.0000
5.2497,105,3.4290,0.0000,3.0175,1.6963,0.1171,0.3685,0.0658,-0.0336,0.3836,5.2497,0.0000,3.0000
5.2997,106,3.4290,0.0000,3.0175,1.6963,0.1171,0.3685,0.0658,-0.0336,0.3836,5.2997,0.0000,3.0000
5.3498,107,3.5023,0.0000,3.0175,1.7071,0.1202,0.3669,0.0949,-0.0339,0.3827,5.3498,0.0000,3.0000
5.3997,108,3.5756,0.0000,3.0176,1.7183,0.1237,0.3659,0.1237,-0.0341,0.3822,5.3997,0.0000,3.0000
5.4497,109,3.5756,0.0000,3.0176,1.7183,0.1237,0.3659,0.1237,-0.0341,0.3822,5.4497,0.0000,3.0000
5.4998,110,3.6490,0.0000,3.0176,1.7301,0.1276,0.3655,0.1523,-0.0344,0.3820,5.4998,0.0000,3.0000
5.5496,111,3.7223,0.0000,3.0176,1.7424,0.1318,0.3654,0.1813,-0.0346,0.3818,5.5496,0.0000,3.0000
5.5997,112,3.7223,0.0000,3.0176,1.7424,0.1318,0.3654,0.1813,-0.0346,0.3818,5.5997,0.0000,3.0000
5.6497,113,3.7956,0.0000,3.0176,1.7553,0.1361,0.3655,0.2108,-0.0349,0.3818,5.6497,0.0000,3.0000
5.6998,114,3.7956,0.0000,3.0176,1.7553,0.1361,0.3655,0.2108,-0.0349,0.3818,5.6998,0.0000,3.0000
5.7497,115,3.8689,0.0000,3.0176,1.7687,0.1404,0.3656,0.2409,-0.0354,0.3819,5.7497,0.0000,3.0000
5.7997,116,3.9423,0.0000,3.0176,1.7829,0.1445,0.3652,0.2714,-0.0359,0.3815,5.7997,0.0000,3.0000
5.8497,117,3.9423,0.0000,3.0176,1.7829,0.1445,0.3652,0.2714,-0.0359,0.3815,5.8497,0.0000,3.0000
5.8998,118,4.0156,0.0000,3.0176,1.7976,0.1483,0.3639,0.3010,-0.0363,0.3817,5.8998,0.0000,3.0000
5.9497,119,4.0156,0.0000,3.0176,1.8135,0.1522,0.3617,0.3291,-0.0368,0.3831,5.9497,0.0000,3.0000
5.9998,120,4.0889,0.0000,3.0176,1.8135,0.1522,0.3617,0.3291,-0.0368,0.3831,5.9998,0.0000,3.0000
6.0496,121,4.1623,0.0000,3.0176,1.8301,0.1558,0.3598,0.3568,-0.0371,0.3844,6.0496,0.0000,3.0000
6.0997,122,4.1623,0.0000,3.0176,1.8301,0.1558,0.3598,0.3568,-0.0371,0.3844,6.0997,0.0000,3.0000
6.1497,123,4.2356,0.0000,3.0175,1.8476,0.1591,0.3588,0.3844,-0.0373,0.3857,6.1497,0.0000,3.0000
6.1996,124,4.2356,0.0000,3.0175,1.8657,0.1623,0.3582,0.3844,-0.0373,0.3857,6.1996,0.0000,3.0000
6.2497,125,4.3089,0.0000,3.0175,1.8657,0.1623,0.3582,0.4121,-0.0373,0.3869,6.2497,0.0000,3.0000
6.2997,126,4.3823,0.0000,3.0175,1.8842,0.1656,0.3572,0.4403,-0.0373,0.3879,6.2997,0.0000,3.0000
6.3497,127,4.3823,0.0000,3.0175,1.8842,0.1656,0.3572,0.4403,-0.0373,0.3879,6.3497,0.0000,3.0000
6.3997,128,4.4556,0.0000,3.0175,1.9026,0.1690,0.3563,0.4692,-0.0373,0.3886,6.3997,0.0000,3.0000
6.4496,129,4.5289,0.0000,3.0174,1.9215,0.1726,0.3555,0.4990,-0.0373,0.3889,6.4496,0.0000,3.0000
6.4997,130,4.5289,0.0000,3.0174,1.9215,0.1726,0.3555,0.4990,-0.0373,0.3889,6.4997,0.0000,3.0000
6.5497,131,4.6023,0.0000,3.0174,1.9416,0.1763,0.3547,0.5297,-0.0372,0.3883,6.5497,0.0000,3.0000
6.5997,132,4.6023,0.0000,3.0174,1.9416,0.1763,0.3547,0.5297,-0.0372,0.3883,6.5997,0.0000,3.0000
6.6497,133,4.6756,0.0000,3.0174,1.9631,0.1799,0.3538,0.5602,-0.0370,0.3868,6.6497,0.0000,3.0000
6.6997,134,4.6756,0.0000,3.0174,1.9631,0.1799,0.3538,0.5602,-0.0370,0.3868,6.6997,0.0000,3.0000
6.7497,135,4.7489,0.0000,3.0173,1.9863,0.1831,0.3533,0.5904,-0.0368,0.3845,6.7497,0.0000,3.0000
6.7996,136,4.8223,0.0000,3.0173,2.0109,0.1862,0.3535,0.6198,-0.0369,0.3831,6.7996,0.0000,3.0000
6.8497,137,4.8223,0.0000,3.0173,2.0109,0.1862,0.3535,0.6198,-0.0369,0.3831,6.8497,0.0000,3.0000
6.8997,138,4.8956,0.0000,3.0173,2.0365,0.1895,0.3539,0.6488,-0.0371,0.3821,6.8997,0.0000,3.0000
6.9497,139,4.8956,0.0000,3.0173,2.0365,0.1895,0.3539,0.6488,-0.0371,0.3821,6.9497,0.0000,3.0000
6.9997,140,4.9689,0.0000,3.0172,2.0622,0.1928,0.3543,0.6776,-0.0375,0.3814,6.9997,0.0000,3.0000
7.0496,141,5.0423,0.0000,3.0172,2.0879,0.1955,0.3547,0.7066,-0.0378,0.3807,7.0496,0.0000,3.0000
7.0997,142,5.0423,0.0000,3.0172,2.0879,0.1955,0.3547,0.7066,-0.0378,0.3807,7.0997,0.0000,3.0000
7.1497,143,5.1156,0.0000,3.0171,2.1138,0.1980,0.3550,0.7361,-0.0383,0.3802,7.1497,0.0000,3.0000
7.1996,144,5.1889,0.0000,3.0171,2.1397,0.2004,0.3551,0.7662,-0.0391,0.3798,7.1996,0.0000,3.0000
7.2497,145,5.1889,0.0000,3.0171,2.1397,0.2004,0.3551,0.7662,-0.0391,0.3798,7.2497,0.0000,3.0000
7.2997,146,5.2623,0.0000,3.0171,2.1659,0.2027,0.3548,0.7968,-0.0400,0.3788,7.2997,0.0000,3.0000
7.3495,147,5.2623,0.0000,3.0171,2.1927,0.2049,0.3539,0.7968,-0.0400,0.3788,7.3495,0.0000,3.0000
7.3997,148,5.3356,0.0000,3.0170,2.1927,0.2049,0.3539,0.8266,-0.0409,0.3792,7.3997,0.0000,3.0000
7.4497,149,5.4089,0.0000,3.0170,2.2206,0.2074,0.3526,0.8550,-0.0417,0.3807,7.4497,0.0000,3.0000
7.4997,150,5.4089,0.0000,3.0170,2.2206,0.2074,0.3526,0.8550,-0.0417,0.3807,7.4997,0.0000,3.0000
7.5497,151,5.4823,0.0000,3.0169,2.2503,0.2100,0.3512,0.8831,-0.0423,0.3822,7.5497,0.0000,3.0000
7.5997,152,5.5556,0.0000,3.0169,2.2804,0.2128,0.3505,0.9112,-0.0427,0.3834,7.5997,0.0000,3.0000
7.6498,153,5.5556,0.0000,3.0169,2.2804,0.2128,0.3505,0.9112,-0.0427,0.3834,7.6498,0.0000,3.0000
7.6997,154,5.6289,0.0000,3.0168,2.3097,0.2157,0.3513,0.9396,-0.0429,0.3842,7.6997,0.0000,3.0000
7.7496,155,5.7023,0.0000,3.0168,2.3382,0.2183,0.3523,0.9683,-0.0429,0.3851,7.7496,0.0000,3.0000
7.7997,156,5.7023,0.0000,3.0168,2.3382,0.2183,0.3523,0.9683,-0.0429,0.3851,7.7997,0.0000,3.0000
7.8497,157,5.7756,0.0000,3.0168,2.3664,0.2206,0.3533,0.9977,-0.0428,0.3857,7.8497,0.0000,3.0000
7.8997,158,5.7756,0.0000,3.0168,2.3664,0.2206,0.3533,0.9977,-0.0428,0.3857,7.8997,0.0000,3.0000
7.9497,159,5.8489,0.0000,3.0167,2.3949,0.2227,0.3541,1.0279,-0.0424,0.3862,7.9497,0.0000,3.0000
7.9996,160,5.8489,0.0000,3.0167,2.4239,0.2247,0.3545,1.0279,-0.0424,0.3862,7.9996,0.0000,3.0000
8.0497,161,5.9223,0.0000,3.0167,2.4239,0.2247,0.3545,1.0589,-0.0420,0.3858,8.0497,0.0000,3.0000
8.0998,162,5.9956,0.0000,3.0166,2.4535,0.2270,0.3550,1.0896,-0.0415,0.3844,8.0998,0.0000,3.0000
8.1498,163,5.9956,0.0000,3.0166,2.4535,0.2270,0.3550,1.0896,-0.0415,0.3844,8.1498,0.0000,3.0000
8.1997,164,6.0689,0.0000,3.0166,2.4840,0.2296,0.3557,1.1201,-0.0408,0.3823,8.1997,0.0000,3.0000
8.2496,165,6.1423,0.0000,3.0165,2.5155,0.2324,0.3572,1.1497,-0.0402,0.3810,8.2496,0.0000,3.0000
8.2997,166,6.1423,0.0000,3.0165,2.5155,0.2324,0.3572,1.1497,-0.0402,0.3810,8.2997,0.0000,3.0000
8.3498,167,6.2156,0.0000,3.0165,2.5471,0.2352,0.3585,1.1788,-0.0398,0.3803,8.3498,0.0000,3.0000
8.3996,168,6.2889,0.0000,3.0165,2.5782,0.2378,0.3593,1.2077,-0.0393,0.3798,8.3996,0.0000,3.0000
8.4497,169,6.2889,0.0000,3.0165,2.5782,0.2378,0.3593,1.2077,-0.0393,0.3798,8.4497,0.0000,3.0000
8.4998,170,6.3623,0.0000,3.0164,2.6084,0.2402,0.3610,1.2366,-0.0388,0.3796,8.4998,0.0000,3.0000
8.5497,171,6.3623,0.0000,3.0164,2.6084,0.2402,0.3610,1.2366,-0.0388,0.3796,8.5497,0.0000,3.0000
8.5997,172,6.4356,0.0000,3.0164,2.6379,0.2422,0.3629,1.2659,-0.0381,0.3795,8.5997,0.0000,3.0000
8.6497,173,6.5089,0.0000,3.0163,2.6671,0.2438,0.3644,1.2957,-0.0374,0.3796,8.6497,0.0000,3.0000
8.6997,174,6.5089,0.0000,3.0163,2.6671,0.2438,0.3644,1.2957,-0.0374,0.3796,8.6997,0.0000,3.0000
8.7497,175,6.5823,0.0000,3.0163,2.6963,0.2451,0.3655,1.3259,-0.0367,0.3793,8.7497,0.0000,3.0000
8.7997,176,6.5823,0.0000,3.0163,2.6963,0.2451,0.3655,1.3259,-0.0367,0.3793,8.7997,0.0000,3.0000
8.8498,177,6.6556,0.0000,3.0163,2.7261,0.2464,0.3664,1.3557,-0.0360,0.3792,8.8498,0.0000,3.0000
8.8996,178,6.7289,0.0000,3.0162,2.7568,0.2476,0.3674,1.3841,-0.0354,0.3804,8.8996,0.0000,3.0000
8.9497,179,6.7289,0.0000,3.0162,2.7568,0.2476,0.3674,1.3841,-0.0354,0.3804,8.9497,0.0000,3.0000
8.9997,180,6.8022,0.0000,3.0162,2.7884,0.2487,0.3684,1.4119,-0.0347,0.3815,8.9997,0.0000,3.0000
9.0497,181,6.8022,0.0000,3.0162,2.7884,0.2487,0.3684,1.4119,-0.0347,0.3815,9.0497,0.0000,3.0000
9.1009,182,6.8756,0.0000,3.0161,2.8192,0.2499,0.3703,1.4396,-0.0339,0.3824,9.1009,0.0000,3.0000
9.1497,183,6.9489,0.0000,3.0161,2.8487,0.2511,0.3733,1.4673,-0.0331,0.3831,9.1497,0.0000,3.0000
9.1997,184,6.9489,0.0000,3.0161,2.8487,0.2511,0.3733,1.4673,-0.0331,0.3831,9.1997,0.0000,3.0000
9.2497,185,7.0222,0.0000,3.0160,2.8776,0.2524,0.3764,1.4954,-0.0324,0.3836,9.2497,0.0000,3.0000
9.2996,186,7.0956,0.0000,3.0160,2.9063,0.2535,0.3793,1.5239,-0.0316,0.3840,9.2996,0.0000,3.0000
9.3498,187,7.0956,0.0000,3.0160,2.9063,0.2535,0.3793,1.5239,-0.0316,0.3840,9.3498,0.0000,3.0000
9.3997,188,7.1689,0.0000,3.0160,2.9351,0.2544,0.3817,1.5530,-0.0305,0.3846,9.3997,0.0000,3.0000
9.4496,189,7.2422,0.0000,3.0159,2.9643,0.2552,0.3834,1.5832,-0.0294,0.3849,9.4496,0.0000,3.0000
9.4997,190,7.2422,0.0000,3.0159,2.9643,0.2552,0.3834,1.5832,-0.0294,0.3849,9.4997,0.0000,3.0000
9.5497,191,7.3156,0.0000,3.0159,2.9941,0.2560,0.3844,1.6141,-0.0283,0.3840,9.5497,0.0000,3.0000
9.5997,192,7.3156,0.0000,3.0159,2.9941,0.2560,0.3844,1.6141,-0.0283,0.3840,9.5997,0.0000,3.0000
9.6498,193,7.3889,0.0000,3.0158,3.0247,0.2570,0.3850,1.6446,-0.0272,0.3812,9.6498,0.0000,3.0000
9.6997,194,7.4622,0.0000,3.0158,3.0557,0.2581,0.3848,1.6746,-0.0262,0.3786,9.6997,0.0000,3.0000
9.7497,195,7.4622,0.0000,3.0158,3.0557,0.2581,0.3848,1.6746,-0.0262,0.3786,9.7497,0.0000,3.0000
9.7997,196,7.5356,0.0000,3.0158,3.0866,0.2593,0.3835,1.7036,-0.0254,0.3770,9.7997,0.0000,3.0000
9.8495,197,7.5356,0.0000,3.0158,3.1172,0.2604,0.3817,1.7322,-0.0247,0.3759,9.8495,0.0000,3.0000
9.8997,198,7.6089,0.0000,3.0157,3.1172,0.2604,0.3817,1.7322,-0.0247,0.3759,9.8997,0.0000,3.0000
9.9497,199,7.6822,0.0000,3.0157,3.1468,0.2614,0.3810,1.7606,-0.0241,0.3750,9.9497,0.0000,3.0000
9.9997,200,7.6822,0.0000,3.0157,3.1468,0.2614,0.3810,1.7606,-0.0241,0.3750,9.9997,0.0000,3.0000
10.0497,201,7.7556,0.0000,3.0156,3.1759,0.2622,0.3806,1.7891,-0.0235,0.3743,10.0000,0.0497,3.0000
10.0996,202,7.8289,0.0002,3.0156,3.2049,0.2628,0.3801,1.8181,-0.0230,0.3738,10.0000,0.0996,3.0000
10.1497,203,7.8289,0.0002,3.0156,3.2049,0.2628,0.3801,1.8181,-0.0230,0.3738,10.0000,0.1497,3.0000
10.1997,204,7.9022,0.0012,3.0155,3.2341,0.2635,0.3796,1.8477,-0.0227,0.3735,10.0000,0.1997,3.0000
10.2496,205,7.9756,0.0036,3.0155,3.2638,0.2642,0.3792,1.8780,-0.0225,0.3733,10.0000,0.2496,3.0000
10.2997,206,7.9756,0.0036,3.0155,3.2638,0.2642,0.3792,1.8780,-0.0225,0.3733,10.0000,0.2997,3.0000
10.3497,207,8.0489,0.0077,3.0155,3.2943,0.2650,0.3790,1.9083,-0.0223,0.3729,10.0000,0.3497,3.0000
10.3997,208,8.0489,0.0077,3.0155,3.2943,0.2650,0.3790,1.9083,-0.0223,0.3729,10.0000,0.3997,3.0000
10.4497,209,8.1222,0.0140,3.0154,3.3253,0.2661,0.3783,1.9374,-0.0223,0.3745,10.0000,0.4497,3.0000
10.4997,210,8.1956,0.0227,3.0154,3.3552,0.2671,0.3787,1.9655,-0.0222,0.3769,10.0000,0.4997,3.0000
10.5497,211,8.1956,0.0227,3.0154,3.3552,0.2671,0.3787,1.9655,-0.0222,0.3769,10.0000,0.5497,3.0000
10.5998,212,8.2689,0.0339,3.0153,3.3839,0.2679,0.3801,1.9934,-0.0219,0.3791,10.0000,0.5998,3.0000
10.6496,213,8.3422,0.0479,3.0153,3.4123,0.2686,0.3813,2.0214,-0.0216,0.3809,10.0000,0.6496,3.0000
10.6997,214,8.3422,0.0479,3.0153,3.4123,0.2686,0.3813,2.0214,-0.0216,0.3809,10.0000,0.6997,3.0000
10.7496,215,8.4156,0.0648,3.0153,3.4409,0.2690,0.3820,2.0497,-0.0212,0.3822,10.0000,0.7496,3.0000
10.7997,216,8.4156,0.0648,3.0153,3.4409,0.2690,0.3820,2.0497,-0.0212,0.3822,10.0000,0.7997,3.0000
10.8497,217,8.4889,0.0845,3.0152,3.4697,0.2692,0.3823,2.0786,-0.0208,0.3831,10.0000,0.8497,3.0000
10.8997,218,8.4889,0.0845,3.0152,3.4987,0.2694,0.3828,2.0786,-0.0208,0.3831,10.0000,0.8997,3.0000
10.9497,219,8.5622,0.1071,3.0152,3.4987,0.2694,0.3828,2.1081,-0.0202,0.3836,10.0000,0.9497,3.0000
10.9997,220,8.6356,0.1325,3.0152,3.5283,0.2697,0.3834,2.1385,-0.0195,0.3840,10.0000,0.9997,3.0000
11.0497,221,8.6356,0.1325,3.0152,3.5283,0.2697,0.3834,2.1385,-0.0195,0.3840,10.0000,1.0497,3.0000
11.0997,222,8.7089,0.1607,3.0151,3.5588,0.2700,0.3839,2.1696,-0.0187,0.3837,10.0000,1.0997,3.0000
11.1496,223,8.7818,0.1916,3.0151,3.5901,0.2704,0.3832,2.2004,-0.0179,0.3826,10.0000,1.1496,3.0000
11.1997,224,8.7818,0.1916,3.0151,3.5901,0.2704,0.3832,2.2004,-0.0179,0.3826,10.0000,1.1997,3.0000
11.2497,225,8.8536,0.2252,3.0150,3.6212,0.2706,0.3809,2.2309,-0.0171,0.3810,10.0000,1.2497,3.0000
11.2996,226,8.9238,0.2611,3.0150,3.6520,0.2708,0.3780,2.2606,-0.0165,0.3801,10.0000,1.2996,3.0000
11.3497,227,8.9238,0.2611,3.0150,3.6520,0.2708,0.3780,2.2606,-0.0165,0.3801,10.0000,1.3497,3.0000
11.3997,228,8.9920,0.2994,3.0150,3.6819,0.2708,0.3761,2.2898,-0.0163,0.3797,10.0000,1.3997,3.0000
11.4497,229,8.9920,0.2994,3.0150,3.6819,0.2708,0.3761,2.2898,-0.0163,0.3797,10.0000,1.4497,3.0000
11.4997,230,9.0581,0.3398,3.0149,3.7111,0.2707,0.3748,2.3187,-0.0161,0.3795,10.0000,1.4997,3.0000
11.5497,231,9.1218,0.3821,3.0149,3.7400,0.2706,0.3739,2.3479,-0.0161,0.3794,10.0000,1.5497,3.0000
11.5997,232,9.1218,0.3821,3.0149,3.7400,0.2706,0.3739,2.3479,-0.0161,0.3794,10.0000,1.5997,3.0000
11.6497,233,9.1831,0.4264,3.0148,3.7690,0.2704,0.3732,2.3776,-0.0162,0.3794,10.0000,1.6497,3.0000
11.6997,234,9.2418,0.4724,3.0148,3.7986,0.2701,0.3726,2.4079,-0.0165,0.3795,10.0000,1.6997,3.0000
11.7497,235,9.2418,0.4724,3.0148,3.7986,0.2701,0.3726,2.4079,-0.0165,0.3795,10.0000,1.7497,3.0000
11.7997,236,9.2981,0.5200,3.0148,3.8288,0.2697,0.3722,2.4384,-0.0170,0.3789,10.0000,1.7997,3.0000
11.8497,237,9.2981,0.5200,3.0148,3.8288,0.2697,0.3722,2.4384,-0.0170,0.3789,10.0000,1.8497,3.0000
11.8997,238,9.3519,0.5695,3.0147,3.8597,0.2693,0.3723,2.4681,-0.0175,0.3795,10.0000,1.8997,3.0000
11.9496,239,9.4032,0.6209,3.0147,3.8897,0.2691,0.3738,2.4967,-0.0178,0.3806,10.0000,1.9496,3.0000
11.9997,240,9.4032,0.6209,3.0147,3.8897,0.2691,0.3738,2.4967,-0.0178,0.3806,10.0000,1.9997,3.0000
12.0497,241,9.4521,0.6741,3.0147,3.9184,0.2690,0.3762,2.5249,-0.0178,0.3816,9.9503,2.0000,3.0000
12.0997,242,9.4521,0.6741,3.0147,3.9184,0.2690,0.3762,2.5249,-0.0178,0.3816,9.9003,2.0000,3.0000
12.1497,243,9.4984,0.7286,3.0146,3.9464,0.2690,0.3788,2.5530,-0.0176,0.3827,9.8503,2.0000,3.0000
12.1996,244,9.5416,0.7839,3.0146,3.9742,0.2690,0.3813,2.5811,-0.0170,0.3840,9.8004,2.0000,3.0000
12.2497,245,9.5416,0.7839,3.0146,3.9742,0.2690,0.3813,2.5811,-0.0170,0.3840,9.7503,2.0000,3.0000
12.2997,246,9.5809,0.8390,3.0145,4.0021,0.2691,0.3837,2.6097,-0.0163,0.3852,9.7003,2.0000,3.0000
12.3496,247,9.5809,0.8390,3.0145,4.0303,0.2692,0.3858,2.6097,-0.0163,0.3852,9.6504,2.0000,3.0000
12.3997,248,9.6163,0.8936,3.0145,4.0303,0.2692,0.3858,2.6388,-0.0154,0.3865,9.6003,2.0000,3.0000
12.4497,249,9.6474,0.9470,3.0145,4.0589,0.2694,0.3879,2.6687,-0.0141,0.3875,9.5503,2.0000,3.0000
12.4997,250,9.6474,0.9470,3.0145,4.0589,0.2694,0.3879,2.6687,-0.0141,0.3875,9.5003,2.0000,3.0000
12.5498,251,9.6741,0.9991,3.0144,4.0881,0.2699,0.3898,2.6989,-0.0127,0.3880,9.4502,2.0000,3.0000
12.5996,252,9.6962,1.0497,3.0144,4.1176,0.2703,0.3901,2.7291,-0.0110,0.3868,9.4004,2.0000,3.0000
12.6497,253,9.6962,1.0497,3.0144,4.1176,0.2703,0.3901,2.7291,-0.0110,0.3868,9.3503,2.0000,3.0000
12.6997,254,9.7137,1.0985,3.0144,4.1472,0.2709,0.3888,2.7590,-0.0092,0.3849,9.3003,2.0000,3.0000
12.7496,255,9.7267,1.1455,3.0143,4.1771,0.2716,0.3863,2.7882,-0.0073,0.3838,9.2504,2.0000,3.0000
12.7997,256,9.7267,1.1455,3.0143,4.1771,0.2716,0.3863,2.7882,-0.0073,0.3838,9.2003,2.0000,3.0000
12.8497,257,9.7355,1.1906,3.0143,4.2065,0.2725,0.3838,2.8169,-0.0054,0.3831,9.1503,2.0000,3.0000
12.8997,258,9.7355,1.1906,3.0143,4.2065,0.2725,0.3838,2.8169,-0.0054,0.3831,9.1003,2.0000,3.0000
12.9497,259,9.7401,1.2339,3.0142,4.2352,0.2736,0.3822,2.8456,-0.0033,0.3825,9.0503,2.0000,3.0000
12.9996,260,9.7404,1.2753,3.0142,4.2639,0.2750,0.3808,2.8745,-0.0009,0.3820,9.0004,2.0000,3.0000
13.0498,261,9.7404,1.2753,3.0142,4.2639,0.2750,0.3808,2.8745,-0.0009,0.3820,8.9502,2.0000,3.0000
13.0997,262,9.7366,1.3148,3.0142,4.2929,0.2767,0.3795,2.9039,0.0018,0.3817,8.9003,2.0000,3.0000
13.1495,263,9.7290,1.3525,3.0141,4.3225,0.2787,0.3784,2.9340,0.0048,0.3816,8.8505,2.0000,3.0000
13.1997,264,9.7290,1.3525,3.0141,4.3225,0.2787,0.3784,2.9340,0.0048,0.3816,8.8003,2.0000,3.0000
13.2497,265,9.7177,1.3885,3.0141,4.3527,0.2812,0.3775,2.9643,0.0080,0.3815,8.7503,2.0000,3.0000
13.2997,266,9.7177,1.3885,3.0141,4.3527,0.2812,0.3775,2.9643,0.0080,0.3815,8.7003,2.0000,3.0000
13.3497,267,9.7031,1.4227,3.0141,4.3832,0.2838,0.3779,2.9930,0.0112,0.3826,8.6503,2.0000,3.0000
13.3996,268,9.6849,1.4554,3.0140,4.4122,0.2870,0.3796,3.0206,0.0144,0.3840,8.6004,2.0000,3.0000
13.4497,269,9.6849,1.4554,3.0140,4.4122,0.2870,0.3796,3.0206,0.0144,0.3840,8.5503,2.0000,3.0000
13.4997,270,9.6634,1.4864,3.0140,4.4400,0.2904,0.3818,3.0478,0.0178,0.3856,8.5003,2.0000,3.0000
13.5496,271,9.6388,1.5159,3.0139,4.4674,0.2941,0.3840,3.0749,0.0212,0.3870,8.4504,2.0000,3.0000
13.5997,272,9.6388,1.5159,3.0139,4.4674,0.2941,0.3840,3.0749,0.0212,0.3870,8.4003,2.0000,3.0000
13.6497,273,9.6113,1.5439,3.0139,4.4948,0.2980,0.3862,3.1024,0.0246,0.3883,8.3503,2.0000,3.0000
13.6997,274,9.6113,1.5439,3.0139,4.4948,0.2980,0.3862,3.1024,0.0246,0.3883,8.3003,2.0000,3.0000
13.7497,275,9.5811,1.5706,3.0139,4.5224,0.3020,0.3883,3.1302,0.0283,0.3894,8.2503,2.0000,3.0000
13.7998,276,9.5811,1.5706,3.0139,4.5224,0.3020,0.3883,3.1302,0.0283,0.3894,8.2002,2.0000,3.0000
13.8497,277,9.5482,1.5959,3.0138,4.5506,0.3064,0.3901,3.1585,0.0323,0.3905,8.1503,2.0000,3.0000
13.8997,278,9.5123,1.6199,3.0138,4.5794,0.3112,0.3914,3.1874,0.0366,0.3915,8.1003,2.0000,3.0000
13.9497,279,9.5123,1.6199,3.0138,4.5794,0.3112,0.3914,3.1874,0.0366,0.3915,8.0503,2.0000,3.0000
13.9997,280,9.4739,1.6428,3.0138,4.6087,0.3163,0.3911,3.2165,0.0409,0.3911,8.0003,2.0000,3.0000
14.0496,281,9.4330,1.6644,3.0137,4.6381,0.3217,0.3892,3.2457,0.0454,0.3889,7.9504,2.0000,3.0000
14.0997,282,9.4330,1.6644,3.0137,4.6381,0.3217,0.3892,3.2457,0.0454,0.3889,7.9003,2.0000,3.0000
14.1497,283,9.3900,1.6850,3.0137,4.6677,0.3273,0.3860,3.2751,0.0500,0.3854,7.8503,2.0000,3.0000
14.1998,284,9.3900,1.6850,3.0137,4.6677,0.3273,0.3860,3.2751,0.0500,0.3854,7.8002,2.0000,3.0000
14.2497,285,9.3449,1.7046,3.0137,4.6967,0.3329,0.3832,3.3040,0.0547,0.3821,7.7503,2.0000,3.0000
14.2997,286,9.2980,1.7231,3.0136,4.7253,0.3385,0.3810,3.3323,0.0596,0.3796,7.7003,2.0000,3.0000
14.3497,287,9.2980,1.7231,3.0136,4.7253,0.3385,0.3810,3.3323,0.0596,0.3796,7.6503,2.0000,3.0000
14.3997,288,9.2494,1.7407,3.0136,4.7536,0.3442,0.3790,3.3606,0.0645,0.3775,7.6003,2.0000,3.0000
14.4496,289,9.1988,1.7574,3.0136,4.7822,0.3503,0.3772,3.3891,0.0698,0.3755,7.5504,2.0000,3.0000
14.4997,290,9.1988,1.7574,3.0136,4.7822,0.3503,0.3772,3.3891,0.0698,0.3755,7.5003,2.0000,3.0000
14.5497,291,9.1466,1.7733,3.0135,4.8115,0.3566,0.3755,3.4180,0.0753,0.3739,7.4503,2.0000,3.0000
14.5997,292,9.1466,1.7733,3.0135,4.8115,0.3566,0.3755,3.4180,0.0753,0.3739,7.4003,2.0000,3.0000
14.6497,293,9.0928,1.7883,3.0135,4.8414,0.3634,0.3741,3.4476,0.0814,0.3726,7.3503,2.0000,3.0000
14.6996,294,9.0372,1.8026,3.0135,4.8713,0.3704,0.3740,3.4773,0.0876,0.3724,7.3004,2.0000,3.0000
14.7497,295,9.0372,1.8026,3.0135,4.8713,0.3704,0.3740,3.4773,0.0876,0.3724,7.2503,2.0000,3.0000
14.7997,296,9.0372,1.8026,3.0135,4.8713,0.3704,0.3740,3.4773,0.0876,0.3724,7.2003,2.0000,3.0000
14.8497,297,8.9802,1.8161,3.0134,4.8999,0.3775,0.3751,3.5058,0.0940,0.3738,7.1503,2.0000,3.0000
14.8996,298,8.9215,1.8289,3.0134,4.9273,0.3845,0.3767,3.5331,0.1002,0.3758,7.1004,2.0000,3.0000
14.9497,299,8.9215,1.8289,3.0134,4.9273,0.3845,0.3767,3.5331,0.1002,0.3758,7.0503,2.0000,3.0000
14.9997,300,8.8611,1.8411,3.0133,4.9541,0.3916,0.3787,3.5598,0.1063,0.3782,7.0003,2.0000,3.0000
15.0496,301,8.7993,1.8527,3.0133,4.9808,0.3988,0.3807,3.5864,0.1125,0.3805,6.9504,2.0000,3.0000
15.0997,302,8.7993,1.8527,3.0133,4.9808,0.3988,0.3807,3.5864,0.1125,0.3805,6.9003,2.0000,3.0000
15.1498,303,8.7361,1.8636,3.0133,5.0077,0.4061,0.3825,3.6132,0.1187,0.3826,6.8502,2.0000,3.0000
15.1997,304,8.7361,1.8636,3.0133,5.0077,0.4061,0.3825,3.6132,0.1187,0.3826,6.8003,2.0000,3.0000
15.2497,305,8.6718,1.8740,3.0132,5.0349,0.4137,0.3842,3.6404,0.1250,0.3846,6.7503,2.0000,3.0000
15.2997,306,8.6063,1.8839,3.0132,5.0626,0.4218,0.3858,3.6681,0.1316,0.3865,6.7003,2.0000,3.0000
15.3498,307,8.6063,1.8839,3.0132,5.0626,0.4218,0.3858,3.6681,0.1316,0.3865,6.6502,2.0000,3.0000
15.3997,308,8.5396,1.8933,3.0132,5.0909,0.4304,0.3870,3.6963,0.1386,0.3882,6.6003,2.0000,3.0000
15.4497,309,8.4723,1.9021,3.0131,5.1194,0.4392,0.3866,3.7246,0.1456,0.3885,6.5503,2.0000,3.0000
15.4997,310,8.4723,1.9021,3.0131,5.1194,0.4392,0.3866,3.7246,0.1456,0.3885,6.5003,2.0000,3.0000
15.5497,311,8.4044,1.9106,3.0131,5.1479,0.4480,0.3846,3.7530,0.1528,0.3869,6.4503,2.0000,3.0000
15.5996,312,8.3356,1.9185,3.0131,5.1766,0.4571,0.3817,3.7817,0.1602,0.3839,6.4004,2.0000,3.0000
15.6497,313,8.3356,1.9185,3.0131,5.1766,0.4571,0.3817,3.7817,0.1602,0.3839,6.3503,2.0000,3.0000
15.6997,314,8.2661,1.9261,3.0130,5.2045,0.4660,0.3794,3.8097,0.1676,0.3813,6.3003,2.0000,3.0000
15.7497,315,8.2661,1.9261,3.0130,5.2045,0.4660,0.3794,3.8097,0.1676,0.3813,6.2503,2.0000,3.0000
15.7997,316,8.1960,1.9333,3.0130,5.2318,0.4749,0.3778,3.8371,0.1750,0.3795,6.2003,2.0000,3.0000
15.8497,317,8.1960,1.9333,3.0130,5.2318,0.4749,0.3778,3.8371,0.1750,0.3795,6.1503,2.0000,3.0000
15.8997,318,8.1251,1.9401,3.0130,5.2589,0.4841,0.3765,3.8644,0.1827,0.3780,6.1003,2.0000,3.0000
15.9496,319,8.0536,1.9466,3.0129,5.2863,0.4937,0.3752,3.8920,0.1907,0.3767,6.0504,2.0000,3.0000
15.9997,320,8.0536,1.9466,3.0129,5.2863,0.4937,0.3752,3.8920,0.1907,0.3767,6.0003,2.0000,3.0000
16.0497,321,7.9817,1.9527,3.0129,5.3142,0.5037,0.3741,3.9200,0.1991,0.3755,5.9503,2.0000,3.0000
16.0997,322,7.9817,1.9527,3.0129,5.3142,0.5037,0.3741,3.9200,0.1991,0.3755,5.9003,2.0000,3.0000
16.1497,323,7.9094,1.9585,3.0129,5.3426,0.5142,0.3733,3.9485,0.2080,0.3748,5.8503,2.0000,3.0000
16.1997,324,7.8369,1.9640,3.0128,5.3705,0.5249,0.3736,3.9769,0.2171,0.3753,5.8003,2.0000,3.0000
16.2497,325,7.8369,1.9640,3.0128,5.3705,0.5249,0.3736,3.9769,0.2171,0.3753,5.7503,2.0000,3.0000
16.2997,326,7.7641,1.9692,3.0128,5.3970,0.5356,0.3748,4.0040,0.2262,0.3770,5.7003,2.0000,3.0000
16.3496,327,7.6912,1.9742,3.0128,5.4226,0.5461,0.3764,4.0301,0.2352,0.3790,5.6504,2.0000,3.0000
16.3997,328,7.6912,1.9742,3.0128,5.4226,0.5461,0.3764,4.0301,0.2352,0.3790,5.6003,2.0000,3.0000
16.4497,329,7.6182,1.9788,3.0127,5.4475,0.5566,0.3782,4.0555,0.2442,0.3815,5.5503,2.0000,3.0000
16.4997,330,7.6182,1.9788,3.0127,5.4475,0.5566,0.3782,4.0555,0.2442,0.3815,5.5003,2.0000,3.0000
16.5497,331,7.5451,1.9833,3.0127,5.4722,0.5673,0.3802,4.0807,0.2533,0.3840,5.4503,2.0000,3.0000
16.5997,332,7.4720,1.9875,3.0127,5.4971,0.5782,0.3820,4.1060,0.2625,0.3864,5.4003,2.0000,3.0000
16.6497,333,7.4720,1.9875,3.0127,5.4971,0.5782,0.3820,4.1060,0.2625,0.3864,5.3503,2.0000,3.0000
16.6997,334,7.3988,1.9915,3.0127,5.5222,0.5894,0.3839,4.1316,0.2720,0.3887,5.3003,2.0000,3.0000
16.7496,335,7.3256,1.9953,3.0126,5.5477,0.6012,0.3858,4.1577,0.2821,0.3907,5.2504,2.0000,3.0000
16.7998,336,7.3256,1.9953,3.0126,5.5477,0.6012,0.3858,4.1577,0.2821,0.3907,5.2002,2.0000,3.0000
16.8497,337,7.2523,1.9989,3.0126,5.5736,0.6137,0.3872,4.1844,0.2926,0.3925,5.1503,2.0000,3.0000
16.8997,338,7.2523,1.9989,3.0126,5.5736,0.6137,0.3872,4.1844,0.2926,0.3925,5.1003,2.0000,3.0000
16.9498,339,7.1790,2.0023,3.0126,5.5993,0.6263,0.3879,4.2111,0.3032,0.3924,5.0502,2.0000,3.0000
16.9997,340,7.1057,2.0055,3.0125,5.6252,0.6393,0.3870,4.2381,0.3141,0.3905,5.0003,2.0000,3.0000
17.0497,341,7.1057,2.0055,3.0125,5.6252,0.6393,0.3870,4.2381,0.3141,0.3905,4.9503,2.0000,3.0000
17.0997,342,7.0324,2.0085,3.0125,5.6512,0.6524,0.3843,4.2652,0.3253,0.3871,4.9003,2.0000,3.0000
17.1496,343,6.9591,2.0114,3.0125,5.6766,0.6655,0.3819,4.2918,0.3366,0.3840,4.8504,2.0000,3.0000
17.1997,344,6.9591,2.0114,3.0125,5.6766,0.6655,0.3819,4.2918,0.3366,0.3840,4.8003,2.0000,3.0000
17.2497,345,6.8858,2.0141,3.0124,5.7015,0.6787,0.3802,4.3180,0.3480,0.3815,4.7503,2.0000,3.0000
17.2995,346,6.8858,2.0141,3.0124,5.7260,0.6921,0.3790,4.3180,0.3480,0.3815,4.7005,2.0000,3.0000
17.3497,347,6.8125,2.0167,3.0124,5.7260,0.6921,0.3790,4.3439,0.3596,0.3794,4.6503,2.0000,3.0000
17.3997,348,6.7392,2.0192,3.0124,5.7504,0.7061,0.3779,4.3699,0.3717,0.3776,4.6003,2.0000,3.0000
17.4498,349,6.7392,2.0192,3.0124,5.7504,0.7061,0.3779,4.3699,0.3717,0.3776,4.5502,2.0000,3.0000
17.4997,350,6.6658,2.0215,3.0123,5.7751,0.7208,0.3768,4.3963,0.3845,0.3757,4.5003,2.0000,3.0000
17.5497,351,6.6658,2.0215,3.0123,5.7751,0.7208,0.3768,4.3963,0.3845,0.3757,4.4503,2.0000,3.0000
17.5997,352,6.5925,2.0237,3.0123,5.7998,0.7359,0.3747,4.4228,0.3979,0.3734,4.4003,2.0000,3.0000
17.6498,353,6.5192,2.0258,3.0123,5.8239,0.7512,0.3731,4.4487,0.4114,0.3717,4.3502,2.0000,3.0000
17.6997,354,6.5192,2.0258,3.0123,5.8239,0.7512,0.3731,4.4487,0.4114,0.3717,4.3003,2.0000,3.0000
17.7497,355,6.4459,2.0278,3.0122,5.8462,0.7665,0.3725,4.4731,0.4248,0.3715,4.2503,2.0000,3.0000
17.7996,356,6.3725,2.0296,3.0122,5.8670,0.7816,0.3724,4.4964,0.4380,0.3718,4.2004,2.0000,3.0000
17.8497,357,6.3725,2.0296,3.0122,5.8670,0.7816,0.3724,4.4964,0.4380,0.3718,4.1503,2.0000,3.0000
17.8997,358,6.2992,2.0314,3.0122,5.8865,0.7965,0.3726,4.5191,0.4511,0.3725,4.1003,2.0000,3.0000
17.9497,359,6.2992,2.0314,3.0122,5.8865,0.7965,0.3726,4.5191,0.4511,0.3725,4.0503,2.0000,3.0000
17.9997,360,6.2259,2.0331,3.0121,5.9049,0.8114,0.3725,4.5415,0.4643,0.3735,4.0003,2.0000,3.0000
18.0496,361,6.1525,2.0347,3.0121,5.9224,0.8266,0.3721,4.5638,0.4778,0.3746,3.9504,2.0000,3.0000
18.0997,362,6.1525,2.0347,3.0121,5.9224,0.8266,0.3721,4.5638,0.4778,0.3746,3.9003,2.0000,3.0000
18.1497,363,6.0792,2.0362,3.0121,5.9387,0.8420,0.3716,4.5864,0.4918,0.3757,3.8503,2.0000,3.0000
18.1997,364,6.0792,2.0362,3.0121,5.9387,0.8420,0.3716,4.5864,0.4918,0.3757,3.8003,2.0000,3.0000
18.2500,365,6.0059,2.0376,3.0121,5.9538,0.8578,0.3709,4.6092,0.5063,0.3767,3.7500,2.0000,3.0000
18.2996,366,5.9325,2.0389,3.0120,5.9677,0.8743,0.3702,4.6319,0.5215,0.3772,3.7004,2.0000,3.0000
18.3497,367,5.9325,2.0389,3.0120,5.9677,0.8743,0.3702,4.6319,0.5215,0.3772,3.6503,2.0000,3.0000
18.3997,368,5.8592,2.0402,3.0120,5.9801,0.8912,0.3699,4.6541,0.5373,0.3783,3.6003,2.0000,3.0000
18.4497,369,5.8592,2.0402,3.0120,5.9801,0.8912,0.3699,4.6541,0.5373,0.3783,3.5503,2.0000,3.0000
18.4997,370,5.7859,2.0414,3.0120,5.9903,0.9078,0.3719,4.6759,0.5538,0.3795,3.5003,2.0000,3.0000
18.5497,371,5.7125,2.0425,3.0119,5.9987,0.9233,0.3746,4.6977,0.5705,0.3790,3.4503,2.0000,3.0000
18.5997,372,5.7125,2.0425,3.0119,5.9987,0.9233,0.3746,4.6977,0.5705,0.3790,3.4003,2.0000,3.0000
18.6497,373,5.6392,2.0436,3.0119,6.0059,0.9380,0.3772,4.7192,0.5873,0.3776,3.3503,2.0000,3.0000
18.6996,374,5.5659,2.0446,3.0119,6.0125,0.9523,0.3796,4.7397,0.6038,0.3770,3.3004,2.0000,3.0000
18.7497,375,5.5659,2.0446,3.0119,6.0125,0.9523,0.3796,4.7397,0.6038,0.3770,3.2503,2.0000,3.0000
18.7997,376,5.4925,2.0455,3.0119,6.0185,0.9663,0.3818,4.7595,0.6207,0.3769,3.2003,2.0000,3.0000
18.8497,377,5.4925,2.0455,3.0119,6.0185,0.9663,0.3818,4.7595,0.6207,0.3769,3.1503,2.0000,3.0000
18.8997,378,5.4192,2.0464,3.0118,6.0240,0.9803,0.3835,4.7788,0.6380,0.3769,3.1003,2.0000,3.0000
18.9498,379,5.4192,2.0464,3.0118,6.0240,0.9803,0.3835,4.7788,0.6380,0.3769,3.0502,2.0000,3.0000
18.9997,380,5.3459,2.0472,3.0118,6.0286,0.9940,0.3847,4.7976,0.6560,0.3770,3.0003,2.0000,3.0000
19.0496,381,5.2725,2.0480,3.0118,6.0322,1.0076,0.3863,4.8162,0.6747,0.3771,2.9504,2.0000,3.0000
19.0998,382,5.2725,2.0480,3.0118,6.0322,1.0076,0.3863,4.8162,0.6747,0.3771,2.9002,2.0000,3.0000
19.1497,383,5.1992,2.0488,3.0117,6.0348,1.0210,0.3879,4.8337,0.6937,0.3775,2.8503,2.0000,3.0000
19.1998,384,5.1992,2.0488,3.0117,6.0348,1.0210,0.3879,4.8337,0.6937,0.3775,2.8002,2.0000,3.0000
19.2498,385,5.1259,2.0495,3.0117,6.0364,1.0345,0.3894,4.8491,0.7124,0.3784,2.7502,2.0000,3.0000
19.2997,386,5.0525,2.0502,3.0117,6.0370,1.0479,0.3903,4.8623,0.7302,0.3785,2.7003,2.0000,3.0000
19.3498,387,5.0525,2.0502,3.0117,6.0370,1.0479,0.3903,4.8623,0.7302,0.3785,2.6502,2.0000,3.0000
19.3997,388,4.9792,2.0508,3.0116,6.0365,1.0613,0.3906,4.8735,0.7473,0.3778,2.6003,2.0000,3.0000
19.4496,389,4.9059,2.0514,3.0116,6.0348,1.0747,0.3907,4.8832,0.7636,0.3768,2.5504,2.0000,3.0000
19.4997,390,4.9059,2.0514,3.0116,6.0348,1.0747,0.3907,4.8832,0.7636,0.3768,2.5003,2.0000,3.0000
19.5497,391,4.8325,2.0520,3.0116,6.0318,1.0881,0.3902,4.8919,0.7798,0.3753,2.4503,2.0000,3.0000
19.5997,392,4.8325,2.0520,3.0116,6.0318,1.0881,0.3902,4.8919,0.7798,0.3753,2.4003,2.0000,3.0000
19.6497,393,4.7592,2.0525,3.0116,6.0276,1.1017,0.3895,4.8996,0.7961,0.3728,2.3503,2.0000,3.0000
19.6996,394,4.6859,2.0530,3.0115,6.0220,1.1154,0.3880,4.9061,0.8125,0.3692,2.3004,2.0000,3.0000
19.7497,395,4.6859,2.0530,3.0115,6.0220,1.1154,0.3880,4.9061,0.8125,0.3692,2.2503,2.0000,3.0000
19.7997,396,4.6125,2.0534,3.0115,6.0157,1.1287,0.3840,4.9110,0.8288,0.3650,2.2003,2.0000,3.0000
19.8498,397,4.6125,2.0534,3.0115,6.0157,1.1287,0.3840,4.9110,0.8288,0.3650,2.1502,2.0000,3.0000
19.8997,398,4.5392,2.0539,3.0115,6.0092,1.1419,0.3778,4.9137,0.8443,0.3626,2.1003,2.0000,3.0000
19.9497,399,4.5392,2.0539,3.0115,6.0092,1.1419,0.3778,4.9137,0.8443,0.3626,2.0503,2.0000,3.0000
19.9997,400,4.4659,2.0543,3.0114,6.0019,1.1554,0.3712,4.9136,0.8584,0.3627,2.0003,2.0000,3.0000
20.0496,401,4.3925,2.0546,3.0114,5.9937,1.1692,0.3644,4.9110,0.8715,0.3644,1.9504,2.0000,3.0000
20.0998,402,4.3925,2.0546,3.0114,5.9937,1.1692,0.3644,4.9110,0.8715,0.3644,1.9002,2.0000,3.0000
20.1498,403,4.3192,2.0550,3.0114,5.9843,1.1831,0.3574,4.9067,0.8835,0.3668,1.8502,2.0000,3.0000
20.1997,404,4.3192,2.0550,3.0114,5.9843,1.1831,0.3574,4.9067,0.8835,0.3668,1.8003,2.0000,3.0000
20.2497,405,4.2459,2.0553,3.0113,5.9734,1.1969,0.3511,4.9012,0.8946,0.3694,1.7503,2.0000,3.0000
20.2996,406,4.1725,2.0556,3.0113,5.9613,1.2106,0.3445,4.8945,0.9050,0.3714,1.7004,2.0000,3.0000
20.3497,407,4.1725,2.0556,3.0113,5.9613,1.2106,0.3445,4.8945,0.9050,0.3714,1.6503,2.0000,3.0000
20.3997,408,4.0992,2.0559,3.0113,5.9475,1.2240,0.3369,4.8868,0.9147,0.3733,1.6003,2.0000,3.0000
20.4497,409,4.0992,2.0559,3.0113,5.9475,1.2240,0.3369,4.8868,0.9147,0.3733,1.5503,2.0000,3.0000
20.4997,410,4.0259,2.0562,3.0113,5.9320,1.2371,0.3298,4.8778,0.9237,0.3752,1.5003,2.0000,3.0000
20.5496,411,3.9525,2.0565,3.0112,5.9158,1.2496,0.3228,4.8676,0.9322,0.3772,1.4504,2.0000,3.0000
20.5997,412,3.9525,2.0565,3.0112,5.9158,1.2496,0.3228,4.8676,0.9322,0.3772,1.4003,2.0000,3.0000
20.6497,413,3.8792,2.0567,3.0112,5.8988,1.2615,0.3154,4.8564,0.9403,0.3790,1.3503,2.0000,3.0000
20.6997,414,3.8792,2.0567,3.0112,5.8988,1.2615,0.3154,4.8564,0.9403,0.3790,1.3003,2.0000,3.0000
20.7497,415,3.8059,2.0569,3.0112,5.8818,1.2723,0.3090,4.8438,0.9483,0.3798,1.2503,2.0000,3.0000
20.7996,416,3.7325,2.0571,3.0111,5.8643,1.2823,0.3034,4.8297,0.9559,0.3801,1.2004,2.0000,3.0000
20.8497,417,3.7325,2.0571,3.0111,5.8643,1.2823,0.3034,4.8297,0.9559,0.3801,1.1503,2.0000,3.0000
20.8997,418,3.6592,2.0573,3.0111,5.8451,1.2926,0.2987,4.8144,0.9631,0.3795,1.1003,2.0000,3.0000
20.9497,419,3.6592,2.0573,3.0111,5.8451,1.2926,0.2987,4.8144,0.9631,0.3795,1.0503,2.0000,3.0000
20.9997,420,3.5859,2.0575,3.0111,5.8242,1.3041,0.2961,4.7984,0.9702,0.3776,1.0003,2.0000,3.0000
21.0497,421,3.5859,2.0575,3.0111,5.8242,1.3041,0.2961,4.7984,0.9702,0.3776,0.9503,2.0000,3.0000
21.0997,422,3.5125,2.0576,3.0111,5.8021,1.3169,0.2952,4.7817,0.9767,0.3755,0.9003,2.0000,3.0000
21.1497,423,3.5125,2.0576,3.0111,5.8021,1.3169,0.2952,4.7817,0.9767,0.3755,0.8503,2.0000,3.0000
21.1997,424,3.4392,2.0578,3.0110,5.7791,1.3297,0.2946,4.7643,0.9819,0.3742,0.8003,2.0000,3.0000
21.2496,425,3.3659,2.0579,3.0110,5.7569,1.3423,0.2942,4.7456,0.9866,0.3722,0.7504,2.0000,3.0000
21.2997,426,3.3659,2.0579,3.0110,5.7569,1.3423,0.2942,4.7456,0.9866,0.3722,0.7003,2.0000,3.0000
21.3497,427,3.2925,2.0580,3.0110,5.7348,1.3547,0.2950,4.7250,0.9913,0.3703,0.6503,2.0000,3.0000
21.3997,428,3.2925,2.0580,3.0110,5.7348,1.3547,0.2950,4.7250,0.9913,0.3703,0.6003,2.0000,3.0000
21.4497,429,3.2192,2.0581,3.0110,5.7132,1.3670,0.2977,4.7033,0.9960,0.3688,0.5503,2.0000,3.0000
21.4998,430,3.2192,2.0581,3.0110,5.7132,1.3670,0.2977,4.7033,0.9960,0.3688,0.5002,2.0000,3.0000
21.5497,431,3.1459,2.0582,3.0109,5.6920,1.3794,0.3007,4.6813,1.0002,0.3668,0.4503,2.0000,3.0000
21.5996,432,3.1459,2.0582,3.0109,5.6711,1.3916,0.3036,4.6813,1.0002,0.3668,0.4004,2.0000,3.0000
21.6497,433,3.0725,2.0583,3.0109,5.6711,1.3916,0.3036,4.6594,1.0039,0.3654,0.3503,2.0000,3.0000
21.6997,434,2.9992,2.0584,3.0109,5.6496,1.4037,0.3059,4.6373,1.0075,0.3648,0.3003,2.0000,3.0000
21.7497,435,2.9992,2.0584,3.0109,5.6496,1.4037,0.3059,4.6373,1.0075,0.3648,0.2503,2.0000,3.0000
21.7997,436,2.9259,2.0585,3.0108,5.6270,1.4160,0.3077,4.6144,1.0109,0.3651,0.2003,2.0000,3.0000
21.8497,437,2.8525,2.0586,3.0108,5.6034,1.4279,0.3103,4.5911,1.0143,0.3652,0.1503,2.0000,3.0000
21.8998,438,2.8525,2.0586,3.0108,5.6034,1.4279,0.3103,4.5911,1.0143,0.3652,0.1002,2.0000,3.0000
21.9497,439,2.7792,2.0586,3.0108,5.5791,1.4391,0.3148,4.5670,1.0177,0.3649,0.0503,2.0000,3.0000
21.9997,440,2.7792,2.0586,3.0108,5.5791,1.4391,0.3148,4.5670,1.0177,0.3649,0.0003,2.0000,3.0000
22.0497,441,2.7059,2.0587,3.0108,5.5546,1.4491,0.3196,4.5416,1.0213,0.3633,0.0000,2.0497,3.0000
22.0997,442,2.7059,2.0587,3.0108,5.5546,1.4491,0.3196,4.5416,1.0213,0.3633,0.0000,2.0997,3.0000
22.1497,443,2.6325,2.0590,3.0107,5.5309,1.4580,0.3235,4.5162,1.0248,0.3616,0.0000,2.1497,3.0000
22.1996,444,2.5592,2.0602,3.0107,5.5080,1.4661,0.3279,4.4914,1.0281,0.3595,0.0000,2.1996,3.0000
22.2497,445,2.5592,2.0602,3.0107,5.5080,1.4661,0.3279,4.4914,1.0281,0.3595,0.0000,2.2497,3.0000
22.2997,446,2.4859,2.0631,3.0107,5.4851,1.4741,0.3320,4.4673,1.0310,0.3577,0.0000,2.2997,3.0000
22.3497,447,2.4859,2.0631,3.0107,5.4851,1.4741,0.3320,4.4673,1.0310,0.3577,0.0000,2.3497,3.0000
22.3997,448,2.4125,2.0678,3.0106,5.4619,1.4824,0.3358,4.4438,1.0336,0.3569,0.0000,2.3997,3.0000
22.4497,449,2.4125,2.0678,3.0106,5.4619,1.4824,0.3358,4.4438,1.0336,0.3569,0.0000,2.4497,3.0000
22.4998,450,2.3392,2.0751,3.0106,5.4382,1.4907,0.3394,4.4200,1.0363,0.3564,0.0000,2.4998,3.0000
22.5496,451,2.2659,2.0854,3.0106,5.4137,1.4988,0.3433,4.3954,1.0389,0.3561,0.0000,2.5496,3.0000
22.5997,452,2.2659,2.0854,3.0106,5.4137,1.4988,0.3433,4.3954,1.0389,0.3561,0.0000,2.5997,3.0000
22.6497,453,2.1925,2.0985,3.0106,5.3881,1.5068,0.3474,4.3699,1.0416,0.3559,0.0000,2.6497,3.0000
22.6997,454,2.1925,2.0985,3.0106,5.3881,1.5068,0.3474,4.3699,1.0416,0.3559,0.0000,2.6997,3.0000
22.7498,455,2.1192,2.1145,3.0105,5.3617,1.5150,0.3523,4.3434,1.0445,0.3559,0.0000,2.7498,3.0000
22.7996,456,2.0459,2.1336,3.0105,5.3348,1.5233,0.3569,4.3158,1.0475,0.3553,0.0000,2.7996,3.0000
22.8497,457,2.0459,2.1336,3.0105,5.3348,1.5233,0.3569,4.3158,1.0475,0.3553,0.0000,2.8497,3.0000
22.8997,458,1.9725,2.1556,3.0105,5.3079,1.5317,0.3600,4.2876,1.0504,0.3542,0.0000,2.8997,3.0000
22.9497,459,1.9725,2.1556,3.0105,5.3079,1.5317,0.3600,4.2876,1.0504,0.3542,0.0000,2.9497,3.0000
22.9997,460,1.8992,2.1804,3.0105,5.2812,1.5401,0.3625,4.2594,1.0529,0.3539,0.0000,2.9997,3.0000
23.0496,461,1.8259,2.2082,3.0104,5.2545,1.5485,0.3642,4.2319,1.0553,0.3544,0.0000,3.0496,3.0000
23.0997,462,1.8259,2.2082,3.0104,5.2545,1.5485,0.3642,4.2319,1.0553,0.3544,0.0000,3.0997,3.0000
23.1497,463,1.7525,2.2387,3.0104,5.2281,1.5570,0.3652,4.2049,1.0580,0.3555,0.0000,3.1497,3.0000
23.1997,464,1.7525,2.2387,3.0104,5.2281,1.5570,0.3652,4.2049,1.0580,0.3555,0.0000,3.1997,3.0000
23.2497,465,1.6792,2.2718,3.0104,5.2017,1.5655,0.3656,4.1780,1.0609,0.3569,0.0000,3.2497,3.0000
23.2996,466,1.6059,2.3075,3.0104,5.1750,1.5741,0.3657,4.1515,1.0641,0.3580,0.0000,3.2996,3.0000
23.3497,467,1.6059,2.3075,3.0104,5.1750,1.5741,0.3657,4.1515,1.0641,0.3580,0.0000,3.3497,3.0000
23.3997,468,1.5329,2.3457,3.0103,5.1474,1.5830,0.3654,4.1251,1.0676,0.3586,0.0000,3.3997,3.0000
23.4497,469,1.5329,2.3457,3.0103,5.1474,1.5830,0.3654,4.1251,1.0676,0.3586,0.0000,3.4497,3.0000
23.4997,470,1.4609,2.3861,3.0103,5.1189,1.5919,0.3653,4.0982,1.0715,0.3586,0.0000,3.4997,3.0000
23.5496,471,1.3904,2.4289,3.0103,5.0901,1.6005,0.3655,4.0703,1.0755,0.3583,0.0000,3.5496,3.0000
23.5997,472,1.3904,2.4289,3.0103,5.0901,1.6005,0.3655,4.0703,1.0755,0.3583,0.0000,3.5997,3.0000
23.6497,473,1.3218,2.4739,3.0103,5.0621,1.6084,0.3659,4.0409,1.0798,0.3576,0.0000,3.6497,3.0000
23.6997,474,1.3218,2.4739,3.0103,5.0621,1.6084,0.3659,4.0409,1.0798,0.3576,0.0000,3.6997,3.0000
23.7497,475,1.2554,2.5208,3.0102,5.0350,1.6159,0.3666,4.0110,1.0843,0.3577,0.0000,3.7497,3.0000
23.7996,476,1.1912,2.5698,3.0102,5.0086,1.6232,0.3677,3.9821,1.0888,0.3589,0.0000,3.7996,3.0000
23.8497,477,1.1912,2.5698,3.0102,5.0086,1.6232,0.3677,3.9821,1.0888,0.3589,0.0000,3.8497,3.0000
23.8997,478,1.1296,2.6206,3.0102,4.9823,1.6307,0.3686,3.9541,1.0936,0.3605,0.0000,3.8997,3.0000
23.9496,479,1.1296,2.6206,3.0102,4.9557,1.6384,0.3694,3.9541,1.0936,0.3605,0.0000,3.9496,3.0000
23.9997,480,1.0704,2.6731,3.0102,4.9557,1.6384,0.3694,3.9266,1.0987,0.3622,0.0000,3.9997,3.0000
24.0496,481,1.0136,2.7275,3.0101,4.9286,1.6463,0.3702,3.8993,1.1042,0.3634,0.0496,4.0000,3.0000
24.0997,482,1.0136,2.7275,3.0101,4.9286,1.6463,0.3702,3.8993,1.1042,0.3634,0.0997,4.0000,3.0000
24.1497,483,0.9597,2.7832,3.0101,4.9007,1.6542,0.3712,3.8718,1.1100,0.3643,0.1497,4.0000,3.0000
24.1997,484,0.9597,2.7832,3.0101,4.9007,1.6542,0.3712,3.8718,1.1100,0.3643,0.1997,4.0000,3.0000
24.2497,485,0.9091,2.8393,3.0101,4.8718,1.6622,0.3721,3.8438,1.1160,0.3653,0.2497,4.0000,3.0000
24.2997,486,0.8625,2.8952,3.0101,4.8425,1.6703,0.3725,3.8150,1.1223,0.3664,0.2997,4.0000,3.0000
24.3497,487,0.8625,2.8952,3.0101,4.8425,1.6703,0.3725,3.8150,1.1223,0.3664,0.3497,4.0000,3.0000
24.3997,488,0.8202,2.9502,3.0100,4.8132,1.6784,0.3718,3.7854,1.1286,0.3682,0.3997,4.0000,3.0000
24.4496,489,0.7826,3.0041,3.0100,4.7843,1.6864,0.3706,3.7557,1.1353,0.3695,0.4496,4.0000,3.0000
24.4997,490,0.7826,3.0041,3.0100,4.7843,1.6864,0.3706,3.7557,1.1353,0.3695,0.4997,4.0000,3.0000
24.5497,491,0.7499,3.0565,3.0100,4.7562,1.6941,0.3702,3.7259,1.1422,0.3695,0.5497,4.0000,3.0000
24.5997,492,0.7499,3.0565,3.0100,4.7562,1.6941,0.3702,3.7259,1.1422,0.3695,0.5997,4.0000,3.0000
24.6497,493,0.7219,3.1073,3.0100,4.7286,1.7020,0.3700,3.6966,1.1491,0.3697,0.6497,4.0000,3.0000
24.6995,494,0.7219,3.1073,3.0100,4.7010,1.7098,0.3696,3.6966,1.1491,0.3697,0.6995,4.0000,3.0000
24.7498,495,0.6989,3.1562,3.0099,4.7010,1.7098,0.3696,3.6679,1.1561,0.3703,0.7498,4.0000,3.0000
24.7997,496,0.6808,3.2033,3.0099,4.6731,1.7178,0.3690,3.6397,1.1635,0.3707,0.7997,4.0000,3.0000
24.8497,497,0.6808,3.2033,3.0099,4.6731,1.7178,0.3690,3.6397,1.1635,0.3707,0.8497,4.0000,3.0000
24.8997,498,0.6673,3.2485,3.0099,4.6447,1.7258,0.3686,3.6116,1.1711,0.3708,0.8997,4.0000,3.0000
24.9496,499,0.6585,3.2918,3.0099,4.6156,1.7340,0.3684,3.5833,1.1789,0.3707,0.9496,4.0000,3.0000
24.9997,500,0.6585,3.2918,3.0099,4.6156,1.7340,0.3684,3.5833,1.1789,0.3707,0.9997,4.0000,3.0000
25.0497,501,0.6585,3.2918,3.0099,4.6156,1.7340,0.3684,3.5833,1.1789,0.3707,1.0497,4.0000,3.0000
25.0997,502,0.6545,3.3332,3.0098,4.5860,1.7421,0.3680,3.5541,1.1870,0.3706,1.0997,4.0000,3.0000
25.1496,503,0.6552,3.3727,3.0098,4.5574,1.7502,0.3692,3.5239,1.1955,0.3706,1.1496,4.0000,3.0000
25.1998,504,0.6552,3.3727,3.0098,4.5574,1.7502,0.3692,3.5239,1.1955,0.3706,1.1998,4.0000,3.0000
25.2497,505,0.6603,3.4104,3.0098,4.5297,1.7582,0.3713,3.4937,1.2042,0.3717,1.2497,4.0000,3.0000
25.2997,506,0.6603,3.4104,3.0098,4.5297,1.7582,0.3713,3.4937,1.2042,0.3717,1.2997,4.0000,3.0000
25.3497,507,0.6694,3.4463,3.0098,4.5023,1.7663,0.3730,3.4649,1.2128,0.3738,1.3497,4.0000,3.0000
25.3997,508,0.6823,3.4805,3.0097,4.4750,1.7747,0.3740,3.4369,1.2215,0.3760,1.3997,4.0000,3.0000
25.4497,509,0.6823,3.4805,3.0097,4.4750,1.7747,0.3740,3.4369,1.2215,0.3760,1.4497,4.0000,3.0000
25.4997,510,0.6987,3.5130,3.0097,4.4475,1.7834,0.3745,3.4091,1.2307,0.3773,1.4997,4.0000,3.0000
25.5498,511,0.7184,3.5439,3.0097,4.4197,1.7924,0.3746,3.3812,1.2402,0.3779,1.5498,4.0000,3.0000
25.5997,512,0.7184,3.5439,3.0097,4.4197,1.7924,0.3746,3.3812,1.2402,0.3779,1.5997,4.0000,3.0000
25.6497,513,0.7413,3.5734,3.0097,4.3911,1.8018,0.3744,3.3532,1.2502,0.3779,1.6497,4.0000,3.0000
25.6997,514,0.7672,3.6013,3.0096,4.3618,1.8114,0.3738,3.3246,1.2605,0.3775,1.6997,4.0000,3.0000
25.7497,515,0.7672,3.6013,3.0096,4.3618,1.8114,0.3738,3.3246,1.2605,0.3775,1.7497,4.0000,3.0000
25.7997,516,0.7962,3.6279,3.0096,4.3318,1.8213,0.3723,3.2951,1.2713,0.3764,1.7997,4.0000,3.0000
25.8496,517,0.8279,3.6531,3.0096,4.3026,1.8311,0.3701,3.2650,1.2825,0.3755,1.8496,4.0000,3.0000
25.8997,518,0.8279,3.6531,3.0096,4.3026,1.8311,0.3701,3.2650,1.2825,0.3755,1.8997,4.0000,3.0000
25.9497,519,0.8621,3.6771,3.0096,4.2751,1.8407,0.3695,3.2351,1.2939,0.3739,1.9497,4.0000,3.0000
25.9997,520,0.8621,3.6771,3.0096,4.2751,1.8407,0.3695,3.2351,1.2939,0.3739,1.9997,4.0000,3.0000
26.0495,521,0.8621,3.6771,3.0096,4.2488,1.8506,0.3697,3.2351,1.2939,0.3739,2.0495,4.0000,3.0000
26.0997,522,0.8986,3.6998,3.0095,4.2488,1.8506,0.3697,3.2063,1.3053,0.3728,2.0997,4.0000,3.0000
26.1496,523,0.9380,3.7214,3.0095,4.2230,1.8607,0.3702,3.1788,1.3170,0.3725,2.1496,4.0000,3.0000
26.1997,524,0.9380,3.7214,3.0095,4.2230,1.8607,0.3702,3.1788,1.3170,0.3725,2.1997,4.0000,3.0000
26.2498,525,0.9801,3.7419,3.0095,4.1976,1.8712,0.3706,3.1520,1.3292,0.3725,2.2498,4.0000,3.0000
26.2997,526,0.9801,3.7419,3.0095,4.1976,1.8712,0.3706,3.1520,1.3292,0.3725,2.2997,4.0000,3.0000
26.3497,527,1.0246,3.7613,3.0095,4.1724,1.8822,0.3712,3.1258,1.3418,0.3725,2.3497,4.0000,3.0000
26.3997,528,1.0714,3.7798,3.0094,4.1472,1.8937,0.3721,3.0996,1.3549,0.3723,2.3997,4.0000,3.0000
26.4497,529,1.0714,3.7798,3.0094,4.1472,1.8937,0.3721,3.0996,1.3549,0.3723,2.4497,4.0000,3.0000
26.4997,530,1.1201,3.7973,3.0094,4.1218,1.9057,0.3733,3.0732,1.3686,0.3721,2.4997,4.0000,3.0000
26.5496,531,1.1709,3.8139,3.0094,4.0961,1.9183,0.3742,3.0464,1.3831,0.3717,2.5496,4.0000,3.0000
26.5998,532,1.1709,3.8139,3.0094,4.0961,1.9183,0.3742,3.0464,1.3831,0.3717,2.5998,4.0000,3.0000
26.6497,533,1.2236,3.8297,3.0094,4.0704,1.9312,0.3741,3.0197,1.3979,0.3708,2.6497,4.0000,3.0000
26.6996,534,1.2779,3.8446,3.0094,4.0455,1.9443,0.3744,2.9942,1.4128,0.3716,2.6996,4.0000,3.0000
26.7497,535,1.2779,3.8446,3.0094,4.0455,1.9443,0.3744,2.9942,1.4128,0.3716,2.7497,4.0000,3.0000
26.7997,536,1.3336,3.8588,3.0093,4.0215,1.9577,0.3750,2.9697,1.4275,0.3730,2.7997,4.0000,3.0000
26.8497,537,1.3336,3.8588,3.0093,4.0215,1.9577,0.3750,2.9697,1.4275,0.3730,2.8497,4.0000,3.0000
26.8998,538,1.3908,3.8722,3.0093,3.9979,1.9711,0.3753,2.9458,1.4425,0.3743,2.8998,4.0000,3.0000
26.9496,539,1.4494,3.8850,3.0093,3.9745,1.9847,0.3756,2.9221,1.4579,0.3752,2.9496,4.0000,3.0000
26.9997,540,1.4494,3.8850,3.0093,3.9745,1.9847,0.3756,2.9221,1.4579,0.3752,2.9997,4.0000,3.0000
27.0497,541,1.5094,3.8971,3.0093,3.9513,1.9986,0.3760,2.8984,1.4740,0.3754,3.0497,4.0000,3.0000
27.0997,542,1.5094,3.8971,3.0093,3.9513,1.9986,0.3760,2.8984,1.4740,0.3754,3.0997,4.0000,3.0000
27.1497,543,1.5706,3.9085,3.0092,3.9280,2.0131,0.3763,2.8746,1.4907,0.3751,3.1497,4.0000,3.0000
27.1997,544,1.6331,3.9194,3.0092,3.9043,2.0284,0.3762,2.8504,1.5080,0.3746,3.1997,4.0000,3.0000
27.2497,545,1.6331,3.9194,3.0092,3.9043,2.0284,0.3762,2.8504,1.5080,0.3746,3.2497,4.0000,3.0000
27.2997,546,1.6968,3.9297,3.0092,3.8803,2.0445,0.3762,2.8256,1.5260,0.3740,3.2997,4.0000,3.0000
27.3497,547,1.6968,3.9297,3.0092,3.8803,2.0445,0.3762,2.8256,1.5260,0.3740,3.3497,4.0000,3.0000
27.3997,548,1.7615,3.9395,3.0092,3.8558,2.0614,0.3763,2.8002,1.5447,0.3722,3.3997,4.0000,3.0000
27.4497,549,1.8271,3.9488,3.0092,3.8310,2.0790,0.3755,2.7755,1.5633,0.3697,3.4497,4.0000,3.0000
27.4997,550,1.8271,3.9488,3.0092,3.8310,2.0790,0.3755,2.7755,1.5633,0.3697,3.4997,4.0000,3.0000
27.5497,551,1.8936,3.9576,3.0091,3.8072,2.0961,0.3743,2.7528,1.5812,0.3685,3.5497,4.0000,3.0000
27.5997,552,1.9608,3.9659,3.0091,3.7853,2.1127,0.3745,2.7313,1.5992,0.3682,3.5997,4.0000,3.0000
27.6498,553,1.9608,3.9659,3.0091,3.7853,2.1127,0.3745,2.7313,1.5992,0.3682,3.6498,4.0000,3.0000
27.6997,554,2.0286,3.9738,3.0091,3.7643,2.1293,0.3751,2.7107,1.6173,0.3683,3.6997,4.0000,3.0000
27.7496,555,2.0973,3.9813,3.0091,3.7440,2.1460,0.3757,2.6910,1.6356,0.3686,3.7496,4.0000,3.0000
27.7997,556,2.0973,3.9813,3.0091,3.7440,2.1460,0.3757,2.6910,1.6356,0.3686,3.7997,4.0000,3.0000
27.8497,557,2.1668,3.9884,3.0090,3.7243,2.1630,0.3764,2.6719,1.6543,0.3691,3.8497,4.0000,3.0000
27.8998,558,2.1668,3.9884,3.0090,3.7243,2.1630,0.3764,2.6719,1.6543,0.3691,3.8998,4.0000,3.0000
27.9497,559,2.2369,3.9951,3.0090,3.7053,2.1804,0.3770,2.6534,1.6734,0.3698,3.9497,4.0000,3.0000
27.9996,560,2.3077,4.0015,3.0090,3.6869,2.1984,0.3779,2.6350,1.6933,0.3705,3.9996,4.0000,3.0000
28.0497,561,2.3077,4.0015,3.0090,3.6869,2.1984,0.3779,2.6350,1.6933,0.3705,4.0497,4.0000,3.0000
28.0996,562,2.3077,4.0015,3.0090,3.6688,2.2170,0.3788,2.6350,1.6933,0.3705,4.0996,4.0000,3.0000
28.1497,563,2.3792,4.0075,3.0090,3.6688,2.2170,0.3788,2.6168,1.7138,0.3708,4.1497,4.0000,3.0000
28.1997,564,2.4511,4.0132,3.0090,3.6513,2.2363,0.3793,2.5990,1.7347,0.3700,4.1997,4.0000,3.0000
28.2498,565,2.4511,4.0132,3.0090,3.6513,2.2363,0.3793,2.5990,1.7347,0.3700,4.2498,4.0000,3.0000
28.2997,566,2.5234,4.0186,3.0089,3.6344,2.2559,0.3786,2.5823,1.7554,0.3700,4.2997,4.0000,3.0000
28.3496,567,2.5959,4.0238,3.0089,3.6185,2.2758,0.3775,2.5673,1.7759,0.3711,4.3496,4.0000,3.0000
28.3997,568,2.5959,4.0238,3.0089,3.6185,2.2758,0.3775,2.5673,1.7759,0.3711,4.3997,4.0000,3.0000
28.4497,569,2.6687,4.0286,3.0089,3.6040,2.2961,0.3775,2.5529,1.7962,0.3719,4.4497,4.0000,3.0000
28.4997,570,2.6687,4.0286,3.0089,3.6040,2.2961,0.3775,2.5529,1.7962,0.3719,4.4997,4.0000,3.0000
28.5497,571,2.7416,4.0332,3.0089,3.5907,2.3163,0.3782,2.5391,1.8168,0.3727,4.5497,4.0000,3.0000
28.5996,572,2.7416,4.0332,3.0089,3.5780,2.3367,0.3792,2.5391,1.8168,0.3727,4.5996,4.0000,3.0000
28.6497,573,2.8146,4.0376,3.0088,3.5780,2.3367,0.3792,2.5261,1.8379,0.3735,4.6497,4.0000,3.0000
28.6997,574,2.8877,4.0417,3.0088,3.5658,2.3574,0.3802,2.5136,1.8597,0.3739,4.6997,4.0000,3.0000
28.7498,575,2.8877,4.0417,3.0088,3.5658,2.3574,0.3802,2.5136,1.8597,0.3739,4.7498,4.0000,3.0000
28.7997,576,2.9608,4.0456,3.0088,3.5540,2.3787,0.3812,2.5013,1.8825,0.3740,4.7997,4.0000,3.0000
28.8497,577,3.0340,4.0493,3.0088,3.5428,2.4011,0.3819,2.4893,1.9059,0.3742,4.8497,4.0000,3.0000
28.8997,578,3.0340,4.0493,3.0088,3.5428,2.4011,0.3819,2.4893,1.9059,0.3742,4.8997,4.0000,3.0000
28.9497,579,3.1072,4.0528,3.0088,3.5323,2.4244,0.3828,2.4778,1.9303,0.3743,4.9497,4.0000,3.0000
28.9998,580,3.1072,4.0528,3.0088,3.5323,2.4244,0.3828,2.4778,1.9303,0.3743,4.9998,4.0000,3.0000
29.0497,581,3.1805,4.0561,3.0087,3.5227,2.4488,0.3840,2.4666,1.9556,0.3744,5.0497,4.0000,3.0000
29.0997,582,3.2538,4.0593,3.0087,3.5139,2.4737,0.3848,2.4561,1.9808,0.3736,5.0997,4.0000,3.0000
29.1497,583,3.2538,4.0593,3.0087,3.5139,2.4737,0.3848,2.4561,1.9808,0.3736,5.1497,4.0000,3.0000
29.1997,584,3.3270,4.0622,3.0087,3.5065,2.4978,0.3854,2.4469,2.0044,0.3722,5.1997,4.0000,3.0000
29.2497,585,3.3270,4.0622,3.0087,3.5065,2.4978,0.3854,2.4469,2.0044,0.3722,5.2497,4.0000,3.0000
29.2997,586,3.4003,4.0650,3.0087,3.5005,2.5209,0.3849,2.4395,2.0271,0.3713,5.2997,4.0000,3.0000
29.3497,587,3.4003,4.0650,3.0087,3.5005,2.5209,0.3849,2.4395,2.0271,0.3713,5.3497,4.0000,3.0000
29.3998,588,3.4737,4.0677,3.0086,3.4958,2.5431,0.3829,2.4334,2.0493,0.3701,5.3998,4.0000,3.0000
29.4496,589,3.5470,4.0702,3.0086,3.4926,2.5644,0.3792,2.4287,2.0711,0.3685,5.4496,4.0000,3.0000
29.4997,590,3.5470,4.0702,3.0086,3.4926,2.5644,0.3792,2.4287,2.0711,0.3685,5.4997,4.0000,3.0000
29.5497,591,3.6203,4.0726,3.0086,3.4911,2.5853,0.3747,2.4255,2.0926,0.3667,5.5497,4.0000,3.0000
29.5997,592,3.6203,4.0726,3.0086,3.4911,2.5853,0.3747,2.4255,2.0926,0.3667,5.5997,4.0000,3.0000
29.6498,593,3.6936,4.0748,3.0086,3.4917,2.6063,0.3709,2.4237,2.1142,0.3649,5.6498,4.0000,3.0000
29.6996,594,3.7669,4.0769,3.0086,3.4939,2.6274,0.3664,2.4233,2.1358,0.3629,5.6996,4.0000,3.0000
29.7497,595,3.7669,4.0769,3.0086,3.4939,2.6274,0.3664,2.4233,2.1358,0.3629,5.7497,4.0000,3.0000
29.7997,596,3.8403,4.0789,3.0085,3.4980,2.6489,0.3611,2.4244,2.1574,0.3600,5.7997,4.0000,3.0000
29.8497,597,3.8403,4.0789,3.0085,3.4980,2.6489,0.3611,2.4244,2.1574,0.3600,5.8497,4.0000,3.0000
29.8997,598,3.9136,4.0808,3.0085,3.5040,2.6703,0.3556,2.4271,2.1784,0.3569,5.8997,4.0000,3.0000
29.9496,599,3.9869,4.0826,3.0085,3.5123,2.6907,0.3530,2.4321,2.1980,0.3564,5.9496,4.0000,3.0000
29.9997,600,3.9869,4.0826,3.0085,3.5123,2.6907,0.3530,2.4321,2.1980,0.3564,5.9997,4.0000,3.0000
30.0497,601,4.0603,4.0843,3.0085,3.5220,2.7105,0.3520,2.4392,2.2170,0.3582,6.0497,4.0000,3.0000
30.0997,602,4.0603,4.0843,3.0085,3.5220,2.7105,0.3520,2.4392,2.2170,0.3582,6.0997,4.0000,3.0000
30.1497,603,4.1336,4.0859,3.0085,3.5321,2.7300,0.3515,2.4473,2.2356,0.3601,6.1497,4.0000,3.0000
30.1997,604,4.1336,4.0859,3.0085,3.5321,2.7300,0.3515,2.4473,2.2356,0.3601,6.1997,4.0000,3.0000
30.2498,605,4.2069,4.0874,3.0084,3.5430,2.7492,0.3517,2.4564,2.2541,0.3625,6.2498,4.0000,3.0000
30.3001,606,4.2802,4.0888,3.0084,3.5546,2.7676,0.3523,2.4664,2.2724,0.3646,6.3001,4.0000,3.0000
30.3497,607,4.2802,4.0888,3.0084,3.5546,2.7676,0.3523,2.4664,2.2724,0.3646,6.3497,4.0000,3.0000
30.3997,608,4.3536,4.0901,3.0084,3.5673,2.7859,0.3523,2.4779,2.2908,0.3659,6.3997,4.0000,3.0000
30.4500,609,4.3536,4.0901,3.0084,3.5815,2.8047,0.3518,2.4912,2.3096,0.3664,6.4500,4.0000,3.0000
30.4997,610,4.4269,4.0914,3.0084,3.5815,2.8047,0.3518,2.4912,2.3096,0.3664,6.4997,4.0000,3.0000
30.5498,611,4.5002,4.0925,3.0084,3.5979,2.8242,0.3510,2.5064,2.3289,0.3666,6.5498,4.0000,3.0000
30.5998,612,4.5002,4.0925,3.0084,3.5979,2.8242,0.3510,2.5064,2.3289,0.3666,6.5998,4.0000,3.0000
30.6497,613,4.5736,4.0936,3.0083,3.6162,2.8440,0.3505,2.5228,2.3479,0.3662,6.6497,4.0000,3.0000
30.6997,614,4.5736,4.0936,3.0083,3.6162,2.8440,0.3505,2.5228,2.3479,0.3662,6.6997,4.0000,3.0000
30.7497,615,4.6469,4.0947,3.0083,3.6354,2.8630,0.3519,2.5392,2.3656,0.3664,6.7497,4.0000,3.0000
30.7997,616,4.7202,4.0957,3.0083,3.6547,2.8805,0.3538,2.5558,2.3825,0.3669,6.7997,4.0000,3.0000
30.8497,617,4.7202,4.0957,3.0083,3.6547,2.8805,0.3538,2.5558,2.3825,0.3669,6.8497,4.0000,3.0000
30.8997,618,4.7936,4.0966,3.0083,3.6738,2.8970,0.3555,2.5725,2.3989,0.3677,6.8997,4.0000,3.0000
30.9496,619,4.8669,4.0975,3.0083,3.6927,2.9130,0.3568,2.5896,2.4148,0.3682,6.9496,4.0000,3.0000
30.9997,620,4.8669,4.0975,3.0083,3.6927,2.9130,0.3568,2.5896,2.4148,0.3682,6.9997,4.0000,3.0000
31.0497,621,4.9402,4.0983,3.0082,3.7119,2.9286,0.3572,2.6075,2.4304,0.3680,7.0497,4.0000,3.0000
31.0997,622,4.9402,4.0983,3.0082,3.7119,2.9286,0.3572,2.6075,2.4304,0.3680,7.0997,4.0000,3.0000
31.1497,623,5.0136,4.0991,3.0082,3.7319,2.9440,0.3569,2.6267,2.4456,0.3677,7.1497,4.0000,3.0000
31.1997,624,5.0136,4.0991,3.0082,3.7319,2.9440,0.3569,2.6267,2.4456,0.3677,7.1997,4.0000,3.0000
31.2497,625,5.0869,4.0998,3.0082,3.7531,2.9593,0.3567,2.6472,2.4607,0.3675,7.2497,4.0000,3.0000
31.2997,626,5.1602,4.1004,3.0082,3.7756,2.9749,0.3566,2.6695,2.4759,0.3676,7.2997,4.0000,3.0000
31.3497,627,5.1602,4.1004,3.0082,3.7756,2.9749,0.3566,2.6695,2.4759,0.3676,7.3497,4.0000,3.0000
31.3997,628,5.2336,4.1011,3.0082,3.7996,2.9901,0.3572,2.6931,2.4910,0.3677,7.3997,4.0000,3.0000
31.4496,629,5.3069,4.1017,3.0081,3.8240,3.0043,0.3593,2.7169,2.5053,0.3679,7.4496,4.0000,3.0000
31.4998,630,5.3069,4.1017,3.0081,3.8240,3.0043,0.3593,2.7169,2.5053,0.3679,7.4998,4.0000,3.0000
31.5497,631,5.3802,4.1022,3.0081,3.8478,3.0177,0.3623,2.7405,2.5189,0.3688,7.5497,4.0000,3.0000
31.5997,632,5.3802,4.1022,3.0081,3.8478,3.0177,0.3623,2.7405,2.5189,0.3688,7.5997,4.0000,3.0000
31.6497,633,5.4536,4.1027,3.0081,3.8715,3.0304,0.3657,2.7638,2.5318,0.3703,7.6497,4.0000,3.0000
31.6996,634,5.5269,4.1032,3.0081,3.8950,3.0423,0.3688,2.7868,2.5442,0.3718,7.6996,4.0000,3.0000
31.7498,635,5.5269,4.1032,3.0081,3.8950,3.0423,0.3688,2.7868,2.5442,0.3718,7.7498,4.0000,3.0000
31.7997,636,5.6002,4.1036,3.0081,3.9184,3.0539,0.3711,2.8099,2.5564,0.3726,7.7997,4.0000,3.0000
31.8497,637,5.6002,4.1036,3.0081,3.9184,3.0539,0.3711,2.8099,2.5564,0.3726,7.8497,4.0000,3.0000
31.8998,638,5.6736,4.1041,3.0080,3.9425,3.0652,0.3727,2.8342,2.5683,0.3729,7.8998,4.0000,3.0000
31.9496,639,5.7469,4.1044,3.0080,3.9682,3.0764,0.3738,2.8602,2.5800,0.3730,7.9496,4.0000,3.0000
31.9997,640,5.7469,4.1044,3.0080,3.9682,3.0764,0.3738,2.8602,2.5800,0.3730,7.9997,4.0000,3.0000
32.0497,641,5.8202,4.1048,3.0080,3.9955,3.0876,0.3746,2.8877,2.5914,0.3732,8.0497,4.0000,3.0000
32.0997,642,5.8202,4.1048,3.0080,3.9955,3.0876,0.3746,2.8877,2.5914,0.3732,8.0997,4.0000,3.0000
32.1497,643,5.8936,4.1051,3.0080,4.0241,3.0986,0.3748,2.9163,2.6023,0.3735,8.1497,4.0000,3.0000
32.1996,644,5.8936,4.1051,3.0080,4.0517,3.1089,0.3750,2.9163,2.6023,0.3735,8.1996,4.0000,3.0000
32.2497,645,5.9669,4.1054,3.0080,4.0517,3.1089,0.3750,2.9440,2.6126,0.3741,8.2497,4.0000,3.0000
32.2997,646,6.0402,4.1057,3.0079,4.0785,3.1185,0.3759,2.9711,2.6225,0.3753,8.2997,4.0000,3.0000
32.3498,647,6.0402,4.1057,3.0079,4.0785,3.1185,0.3759,2.9711,2.6225,0.3753,8.3498,4.0000,3.0000
32.3997,648,6.1136,4.1059,3.0079,4.1049,3.1281,0.3765,2.9979,2.6323,0.3766,8.3997,4.0000,3.0000
32.4516,649,6.1869,4.1062,3.0079,4.1313,3.1375,0.3763,3.0248,2.6418,0.3772,8.4516,4.0000,3.0000
32.4997,650,6.1869,4.1062,3.0079,4.1313,3.1375,0.3763,3.0248,2.6418,0.3772,8.4997,4.0000,3.0000
32.5497,651,6.2602,4.1064,3.0079,4.1582,3.1466,0.3756,3.0520,2.6511,0.3772,8.5497,4.0000,3.0000
32.5997,652,6.2602,4.1064,3.0079,4.1582,3.1466,0.3756,3.0520,2.6511,0.3772,8.5997,4.0000,3.0000
32.6497,653,6.3335,4.1066,3.0079,4.1858,3.1553,0.3743,3.0799,2.6601,0.3769,8.6497,4.0000,3.0000
32.6996,654,6.4069,4.1068,3.0079,4.2146,3.1638,0.3730,3.1090,2.6687,0.3766,8.6996,4.0000,3.0000
32.7498,655,6.4069,4.1068,3.0079,4.2146,3.1638,0.3730,3.1090,2.6687,0.3766,8.7498,4.0000,3.0000
32.7997,656,6.4802,4.1069,3.0078,4.2446,3.1719,0.3718,3.1392,2.6771,0.3761,8.7997,4.0000,3.0000
32.8497,657,6.4802,4.1069,3.0078,4.2446,3.1719,0.3718,3.1392,2.6771,0.3761,8.8497,4.0000,3.0000
32.8997,658,6.5535,4.1071,3.0078,4.2750,3.1795,0.3715,3.1696,2.6850,0.3756,8.8997,4.0000,3.0000
32.9496,659,6.6269,4.1072,3.0078,4.3042,3.1866,0.3726,3.1989,2.6925,0.3761,8.9496,4.0000,3.0000
32.9997,660,6.6269,4.1072,3.0078,4.3042,3.1866,0.3726,3.1989,2.6925,0.3761,8.9997,4.0000,3.0000
33.0497,661,6.7002,4.1073,3.0078,4.3327,3.1930,0.3744,3.2272,2.6995,0.3775,9.0497,4.0000,3.0000
33.0996,662,6.7735,4.1074,3.0078,4.3605,3.1990,0.3763,3.2548,2.7063,0.3790,9.0996,4.0000,3.0000
33.1497,663,6.7735,4.1074,3.0078,4.3605,3.1990,0.3763,3.2548,2.7063,0.3790,9.1497,4.0000,3.0000
33.1998,664,6.8469,4.1075,3.0077,4.3880,3.2049,0.3778,3.2820,2.7131,0.3803,9.1998,4.0000,3.0000
33.2497,665,6.8469,4.1075,3.0077,4.3880,3.2049,0.3778,3.2820,2.7131,0.3803,9.2497,4.0000,3.0000
33.2998,666,6.9202,4.1075,3.0077,4.4161,3.2106,0.3787,3.3095,2.7199,0.3811,9.2998,4.0000,3.0000
33.3496,667,6.9935,4.1076,3.0077,4.4454,3.2162,0.3791,3.3382,2.7267,0.3814,9.3496,4.0000,3.0000
33.3997,668,6.9935,4.1076,3.0077,4.4454,3.2162,0.3791,3.3382,2.7267,0.3814,9.3997,4.0000,3.0000
33.4497,669,7.0669,4.1076,3.0077,4.4762,3.2214,0.3796,3.3680,2.7333,0.3817,9.4497,4.0000,3.0000
33.4996,670,7.1402,4.1077,3.0077,4.5076,3.2265,0.3807,3.3986,2.7398,0.3822,9.4996,4.0000,3.0000
33.5498,671,7.1402,4.1077,3.0077,4.5076,3.2265,0.3807,3.3986,2.7398,0.3822,9.5498,4.0000,3.0000
33.5997,672,7.2135,4.1077,3.0077,4.5383,3.2316,0.3806,3.4295,2.7459,0.3831,9.5997,4.0000,3.0000
33.6497,673,7.2135,4.1077,3.0077,4.5383,3.2316,0.3806,3.4295,2.7459,0.3831,9.6497,4.0000,3.0000
33.6997,674,7.2869,4.1077,3.0076,4.5679,3.2368,0.3811,3.4598,2.7520,0.3833,9.6997,4.0000,3.0000
33.7501,675,7.3602,4.1077,3.0076,4.5972,3.2421,0.3818,3.4893,2.7580,0.3840,9.7501,4.0000,3.0000
33.7998,676,7.3602,4.1077,3.0076,4.5972,3.2421,0.3818,3.4893,2.7580,0.3840,9.7998,4.0000,3.0000
33.8497,677,7.4335,4.1077,3.0076,4.6264,3.2473,0.3820,3.5184,2.7639,0.3849,9.8497,4.0000,3.0000
33.8996,678,7.5069,4.1077,3.0076,4.6559,3.2522,0.3818,3.5475,2.7697,0.3856,9.8996,4.0000,3.0000
33.9497,679,7.5069,4.1077,3.0076,4.6559,3.2522,0.3818,3.5475,2.7697,0.3856,9.9497,4.0000,3.0000
33.9997,680,7.5802,4.1077,3.0076,4.6859,3.2567,0.3818,3.5768,2.7754,0.3858,9.9997,4.0000,3.0000
34.0498,681,7.5802,4.1077,3.0076,4.6859,3.2567,0.3818,3.5768,2.7754,0.3858,10.0000,4.0498,3.0000
34.0997,682,7.6535,4.1076,3.0075,4.7169,3.2610,0.3819,3.6067,2.7807,0.3861,10.0000,4.0997,3.0000
34.1497,683,7.7269,4.1079,3.0075,4.7487,3.2651,0.3817,3.6374,2.7857,0.3867,10.0000,4.1497,3.0000
34.1997,684,7.7269,4.1079,3.0075,4.7487,3.2651,0.3817,3.6374,2.7857,0.3867,10.0000,4.1997,3.0000
34.2497,685,7.8002,4.1091,3.0075,4.7804,3.2689,0.3812,3.6687,2.7904,0.3865,10.0000,4.2497,3.0000
34.2997,686,7.8002,4.1091,3.0075,4.7804,3.2689,0.3812,3.6687,2.7904,0.3865,10.0000,4.2997,3.0000
34.3497,687,7.8735,4.1121,3.0075,4.8107,3.2723,0.3817,3.7002,2.7946,0.3853,10.0000,4.3497,3.0000
34.3997,688,7.9469,4.1175,3.0075,4.8399,3.2757,0.3831,3.7307,2.7984,0.3846,10.0000,4.3997,3.0000
34.4498,689,7.9469,4.1175,3.0075,4.8399,3.2757,0.3831,3.7307,2.7984,0.3846,10.0000,4.4498,3.0000
34.4997,690,8.0202,4.1256,3.0075,4.8684,3.2790,0.3845,3.7600,2.8019,0.3849,10.0000,4.4997,3.0000
34.5496,691,8.0935,4.1363,3.0074,4.8968,3.2826,0.3855,3.7886,2.8054,0.3855,10.0000,4.5496,3.0000
34.5998,692,8.0935,4.1363,3.0074,4.8968,3.2826,0.3855,3.7886,2.8054,0.3855,10.0000,4.5998,3.0000
34.6498,693,8.1669,4.1498,3.0074,4.9255,3.2864,0.3861,3.8168,2.8091,0.3862,10.0000,4.6498,3.0000
34.6998,694,8.1669,4.1498,3.0074,4.9255,3.2864,0.3861,3.8168,2.8091,0.3862,10.0000,4.6998,3.0000
34.7497,695,8.2402,4.1661,3.0074,4.9550,3.2903,0.3864,3.8453,2.8128,0.3866,10.0000,4.7497,3.0000
34.7997,696,8.3135,4.1850,3.0074,4.9854,3.2942,0.3868,3.8748,2.8165,0.3867,10.0000,4.7997,3.0000
34.8497,697,8.3135,4.1850,3.0074,4.9854,3.2942,0.3868,3.8748,2.8165,0.3867,10.0000,4.8497,3.0000
34.8997,698,8.3869,4.2066,3.0074,5.0166,3.2979,0.3874,3.9052,2.8201,0.3869,10.0000,4.8997,3.0000
34.9497,699,8.4602,4.2310,3.0073,5.0476,3.3014,0.3883,3.9361,2.8236,0.3871,10.0000,4.9497,3.0000
34.9997,700,8.4602,4.2310,3.0073,5.0476,3.3014,0.3883,3.9361,2.8236,0.3871,10.0000,4.9997,3.0000
35.0497,701,8.5335,4.2582,3.0073,5.0785,3.3051,0.3880,3.9670,2.8269,0.3877,10.0000,5.0497,3.0000
35.0997,702,8.5335,4.2582,3.0073,5.0785,3.3051,0.3880,3.9670,2.8269,0.3877,10.0000,5.0997,3.0000
35.1497,703,8.6069,4.2879,3.0073,5.1087,3.3089,0.3878,3.9978,2.8304,0.3872,10.0000,5.1497,3.0000
35.1998,704,8.6069,4.2879,3.0073,5.1087,3.3089,0.3878,3.9978,2.8304,0.3872,10.0000,5.1998,3.0000
35.2497,705,8.6800,4.3201,3.0073,5.1386,3.3128,0.3880,4.0281,2.8340,0.3862,10.0000,5.2497,3.0000
35.2996,706,8.7524,4.3549,3.0073,5.1685,3.3166,0.3883,4.0575,2.8375,0.3860,10.0000,5.2996,3.0000
35.3497,707,8.7524,4.3549,3.0073,5.1685,3.3166,0.3883,4.0575,2.8375,0.3860,10.0000,5.3497,3.0000
35.3997,708,8.8236,4.3923,3.0073,5.1985,3.3203,0.3886,4.0869,2.8410,0.3860,10.0000,5.3997,3.0000
35.4496,709,8.8236,4.3923,3.0073,5.2290,3.3238,0.3890,4.0869,2.8410,0.3860,10.0000,5.4496,3.0000
35.4997,710,8.8929,4.4322,3.0072,5.2290,3.3238,0.3890,4.1165,2.8445,0.3860,10.0000,5.4997,3.0000
35.5497,711,8.9602,4.4743,3.0072,5.2602,3.3271,0.3887,4.1465,2.8478,0.3862,10.0000,5.5497,3.0000
35.5997,712,8.9602,4.4743,3.0072,5.2602,3.3271,0.3887,4.1465,2.8478,0.3862,10.0000,5.5997,3.0000
35.6497,713,9.0253,4.5185,3.0072,5.2917,3.3303,0.3870,4.1769,2.8508,0.3864,10.0000,5.6497,3.0000
35.6996,714,9.0879,4.5648,3.0072,5.3219,3.3333,0.3858,4.2081,2.8538,0.3856,10.0000,5.6996,3.0000
35.7497,715,9.0879,4.5648,3.0072,5.3219,3.3333,0.3858,4.2081,2.8538,0.3856,10.0000,5.7497,3.0000
35.7997,716,9.1481,4.6131,3.0072,5.3508,3.3364,0.3856,4.2388,2.8565,0.3842,10.0000,5.7997,3.0000
35.8497,717,9.1481,4.6131,3.0072,5.3508,3.3364,0.3856,4.2388,2.8565,0.3842,10.0000,5.8497,3.0000
35.8997,718,9.2058,4.6632,3.0072,5.3789,3.3400,0.3857,4.2681,2.8592,0.3838,10.0000,5.8997,3.0000
35.9497,719,9.2609,4.7149,3.0071,5.4067,3.3441,0.3858,4.2964,2.8621,0.3839,10.0000,5.9497,3.0000
35.9997,720,9.2609,4.7149,3.0071,5.4067,3.3441,0.3858,4.2964,2.8621,0.3839,10.0000,5.9997,3.0000
36.0497,721,9.3136,4.7681,3.0071,5.4348,3.3486,0.3860,4.3243,2.8652,0.3843,9.9503,6.0000,3.0000
36.0996,722,9.3637,4.8227,3.0071,5.4637,3.3534,0.3859,4.3521,2.8688,0.3848,9.9004,6.0000,3.0000
36.1497,723,9.3637,4.8227,3.0071,5.4637,3.3534,0.3859,4.3521,2.8688,0.3848,9.8503,6.0000,3.0000
36.1997,724,9.4106,4.8781,3.0071,5.4932,3.3586,0.3860,4.3806,2.8725,0.3851,9.8003,6.0000,3.0000
36.2497,725,9.4106,4.8781,3.0071,5.4932,3.3586,0.3860,4.3806,2.8725,0.3851,9.7503,6.0000,3.0000
36.2997,726,9.4539,4.9334,3.0071,5.5232,3.3642,0.3864,4.4100,2.8762,0.3854,9.7003,6.0000,3.0000
36.3496,727,9.4930,4.9882,3.0071,5.5532,3.3699,0.3874,4.4399,2.8800,0.3864,9.6504,6.0000,3.0000
36.3997,728,9.4930,4.9882,3.0071,5.5532,3.3699,0.3874,4.4399,2.8800,0.3864,9.6003,6.0000,3.0000
36.4497,729,9.5275,5.0419,3.0070,5.5832,3.3761,0.3880,4.4695,2.8841,0.3882,9.5503,6.0000,3.0000
36.4996,730,9.5575,5.0943,3.0070,5.6128,3.3824,0.3879,4.4994,2.8887,0.3899,9.5004,6.0000,3.0000
36.5497,731,9.5575,5.0943,3.0070,5.6128,3.3824,0.3879,4.4994,2.8887,0.3899,9.4503,6.0000,3.0000
36.5996,732,9.5829,5.1451,3.0070,5.6417,3.3887,0.3884,4.5290,2.8935,0.3897,9.4004,6.0000,3.0000
36.6497,733,9.5829,5.1451,3.0070,5.6417,3.3887,0.3884,4.5290,2.8935,0.3897,9.3503,6.0000,3.0000
36.6997,734,9.6037,5.1942,3.0070,5.6704,3.3952,0.3890,4.5581,2.8985,0.3897,9.3003,6.0000,3.0000
36.7497,735,9.6201,5.2415,3.0070,5.6993,3.4019,0.3892,4.5872,2.9039,0.3897,9.2503,6.0000,3.0000
36.7997,736,9.6201,5.2415,3.0070,5.6993,3.4019,0.3892,4.5872,2.9039,0.3897,9.2003,6.0000,3.0000
36.8497,737,9.6322,5.2868,3.0070,5.7285,3.4088,0.3893,4.6166,2.9096,0.3894,9.1503,6.0000,3.0000
36.8996,738,9.6397,5.3303,3.0069,5.7583,3.4159,0.3897,4.6464,2.9158,0.3888,9.1004,6.0000,3.0000
36.9497,739,9.6397,5.3303,3.0069,5.7583,3.4159,0.3897,4.6464,2.9158,0.3888,9.0503,6.0000,3.0000
36.9997,740,9.6429,5.3719,3.0069,5.7883,3.4230,0.3888,4.6766,2.9222,0.3883,9.0003,6.0000,3.0000
37.0496,741,9.6429,5.3719,3.0069,5.8176,3.4299,0.3878,4.6766,2.9222,0.3883,8.9504,6.0000,3.0000
37.0997,742,9.6421,5.4117,3.0069,5.8176,3.4299,0.3878,4.7072,2.9288,0.3876,8.9003,6.0000,3.0000
37.1497,743,9.6373,5.4496,3.0069,5.8453,3.4366,0.3880,4.7367,2.9353,0.3875,8.8503,6.0000,3.0000
37.1997,744,9.6373,5.4496,3.0069,5.8453,3.4366,0.3880,4.7367,2.9353,0.3875,8.8003,6.0000,3.0000
37.2497,745,9.6289,5.4857,3.0069,5.8722,3.4435,0.3886,4.7648,2.9419,0.3879,8.7503,6.0000,3.0000
37.2997,746,9.6289,5.4857,3.0069,5.8722,3.4435,0.3886,4.7648,2.9419,0.3879,8.7003,6.0000,3.0000
37.3497,747,9.6166,5.5202,3.0069,5.8987,3.4508,0.3894,4.7922,2.9487,0.3887,8.6503,6.0000,3.0000
37.3996,748,9.6006,5.5529,3.0068,5.9253,3.4585,0.3902,4.8192,2.9559,0.3897,8.6004,6.0000,3.0000
37.4497,749,9.6006,5.5529,3.0068,5.9253,3.4585,0.3902,4.8192,2.9559,0.3897,8.5503,6.0000,3.0000
37.4997,750,9.5809,5.5841,3.0068,5.9525,3.4666,0.3909,4.8464,2.9637,0.3906,8.5003,6.0000,3.0000
37.5497,751,9.5809,5.5841,3.0068,5.9525,3.4666,0.3909,4.8464,2.9637,0.3906,8.4503,6.0000,3.0000
37.5997,752,9.5580,5.6137,3.0068,5.9801,3.4751,0.3917,4.8739,2.9719,0.3914,8.4003,6.0000,3.0000
37.6497,753,9.5321,5.6419,3.0068,6.0082,3.4839,0.3928,4.9018,2.9806,0.3923,8.3503,6.0000,3.0000
37.6997,754,9.5321,5.6419,3.0068,6.0082,3.4839,0.3928,4.9018,2.9806,0.3923,8.3003,6.0000,3.0000
37.7497,755,9.5033,5.6686,3.0068,6.0360,3.4932,0.3939,4.9302,2.9896,0.3925,8.2503,6.0000,3.0000
37.7997,756,9.4715,5.6940,3.0068,6.0639,3.5030,0.3932,4.9584,2.9991,0.3918,8.2003,6.0000,3.0000
37.8497,757,9.4715,5.6940,3.0068,6.0639,3.5030,0.3932,4.9584,2.9991,0.3918,8.1503,6.0000,3.0000
37.8997,758,9.4371,5.7181,3.0067,6.0917,3.5131,0.3913,4.9868,3.0091,0.3895,8.1003,6.0000,3.0000
37.9497,759,9.4371,5.7181,3.0067,6.0917,3.5131,0.3913,4.9868,3.0091,0.3895,8.0503,6.0000,3.0000
37.9997,760,9.4002,5.7410,3.0067,6.1189,3.5232,0.3899,5.0147,3.0193,0.3867,8.0003,6.0000,3.0000
38.0498,761,9.3609,5.7628,3.0067,6.1455,3.5337,0.3892,5.0419,3.0295,0.3848,7.9502,6.0000,3.0000
38.0997,762,9.3609,5.7628,3.0067,6.1455,3.5337,0.3892,5.0419,3.0295,0.3848,7.9003,6.0000,3.0000
38.1497,763,9.3195,5.7834,3.0067,6.1722,3.5446,0.3881,5.0686,3.0398,0.3834,7.8503,6.0000,3.0000
38.1997,764,9.3195,5.7834,3.0067,6.1722,3.5446,0.3881,5.0686,3.0398,0.3834,7.8003,6.0000,3.0000
38.2497,765,9.2759,5.8029,3.0067,6.1991,3.5561,0.3871,5.0954,3.0507,0.3820,7.7503,6.0000,3.0000
38.2997,766,9.2759,5.8029,3.0067,6.1991,3.5561,0.3871,5.0954,3.0507,0.3820,7.7003,6.0000,3.0000
38.3497,767,9.2299,5.8215,3.0067,6.2263,3.5683,0.3863,5.1226,3.0622,0.3806,7.6503,6.0000,3.0000
38.3996,768,9.1815,5.8391,3.0067,6.2538,3.5810,0.3854,5.1502,3.0742,0.3794,7.6004,6.0000,3.0000
38.4497,769,9.1815,5.8391,3.0067,6.2538,3.5810,0.3854,5.1502,3.0742,0.3794,7.5503,6.0000,3.0000
38.4997,770,9.1310,5.8558,3.0066,6.2808,3.5937,0.3849,5.1782,3.0868,0.3788,7.5003,6.0000,3.0000
38.5499,771,9.1310,5.8558,3.0066,6.3063,3.6061,0.3853,5.1782,3.0868,0.3788,7.4501,6.0000,3.0000
38.5997,772,9.0786,5.8717,3.0066,6.3063,3.6061,0.3853,5.2052,3.0993,0.3794,7.4003,6.0000,3.0000
38.6497,773,9.0245,5.8867,3.0066,6.3311,3.6185,0.3861,5.2309,3.1115,0.3810,7.3503,6.0000,3.0000
38.6997,774,9.0245,5.8867,3.0066,6.3311,3.6185,0.3861,5.2309,3.1115,0.3810,7.3003,6.0000,3.0000
38.7497,775,8.9689,5.9010,3.0066,6.3554,3.6310,0.3872,5.2558,3.1236,0.3829,7.2503,6.0000,3.0000
38.7997,776,8.9120,5.9145,3.0066,6.3796,3.6438,0.3884,5.2803,3.1360,0.3849,7.2003,6.0000,3.0000
38.8498,777,8.9120,5.9145,3.0066,6.3796,3.6438,0.3884,5.2803,3.1360,0.3849,7.1502,6.0000,3.0000
38.8997,778,8.8537,5.9273,3.0066,6.4039,3.6569,0.3896,5.3047,3.1486,0.3869,7.1003,6.0000,3.0000
38.9496,779,8.7941,5.9394,3.0065,6.4284,3.6705,0.3910,5.3295,3.1616,0.3888,7.0504,6.0000,3.0000
38.9998,780,8.7941,5.9394,3.0065,6.4284,3.6705,0.3910,5.3295,3.1616,0.3888,7.0002,6.0000,3.0000
39.0497,781,8.7332,5.9509,3.0065,6.4532,3.6846,0.3920,5.3544,3.1751,0.3907,6.9503,6.0000,3.0000
39.0997,782,8.7332,5.9509,3.0065,6.4532,3.6846,0.3920,5.3544,3.1751,0.3907,6.9003,6.0000,3.0000
39.1497,783,8.6711,5.9619,3.0065,6.4779,3.6989,0.3920,5.3799,3.1891,0.3920,6.8503,6.0000,3.0000
39.1996,784,8.6077,5.9722,3.0065,6.5024,3.7135,0.3907,5.4051,3.2032,0.3921,6.8004,6.0000,3.0000
39.2498,785,8.6077,5.9722,3.0065,6.5024,3.7135,0.3907,5.4051,3.2032,0.3921,6.7502,6.0000,3.0000
39.2998,786,8.5432,5.9820,3.0065,6.5272,3.7286,0.3877,5.4304,3.2177,0.3904,6.7002,6.0000,3.0000
39.3497,787,8.5432,5.9820,3.0065,6.5272,3.7286,0.3877,5.4304,3.2177,0.3904,6.6503,6.0000,3.0000
39.3997,788,8.4778,5.9913,3.0065,6.5514,3.7438,0.3849,5.4558,3.2326,0.3873,6.6003,6.0000,3.0000
39.4496,789,8.4111,6.0001,3.0065,6.5749,3.7589,0.3828,5.4806,3.2475,0.3847,6.5504,6.0000,3.0000
39.4997,790,8.4111,6.0001,3.0065,6.5749,3.7589,0.3828,5.4806,3.2475,0.3847,6.5003,6.0000,3.0000
39.5497,791,8.3435,6.0085,3.0064,6.5980,3.7745,0.3811,5.5048,3.2625,0.3826,6.4503,6.0000,3.0000
39.5997,792,8.3435,6.0085,3.0064,6.5980,3.7745,0.3811,5.5048,3.2625,0.3826,6.4003,6.0000,3.0000
39.6497,793,8.2750,6.0164,3.0064,6.6214,3.7909,0.3794,5.5288,3.2778,0.3810,6.3503,6.0000,3.0000
39.6996,794,8.2055,6.0239,3.0064,6.6448,3.8081,0.3779,5.5528,3.2937,0.3796,6.3004,6.0000,3.0000
39.7497,795,8.2055,6.0239,3.0064,6.6448,3.8081,0.3779,5.5528,3.2937,0.3796,6.2503,6.0000,3.0000
39.7997,796,8.1351,6.0310,3.0064,6.6686,3.8261,0.3766,5.5771,3.3105,0.3782,6.2003,6.0000,3.0000
39.8497,797,8.1351,6.0310,3.0064,6.6686,3.8261,0.3766,5.5771,3.3105,0.3782,6.1503,6.0000,3.0000
39.8997,798,8.0641,6.0377,3.0064,6.6919,3.8445,0.3768,5.6018,3.3281,0.3771,6.1003,6.0000,3.0000
39.9496,799,7.9926,6.0440,3.0064,6.7139,3.8625,0.3772,5.6263,3.3461,0.3775,6.0504,6.0000,3.0000
39.9997,800,7.9926,6.0440,3.0064,6.7139,3.8625,0.3772,5.6263,3.3461,0.3775,6.0003,6.0000,3.0000
40.0497,801,7.9205,6.0501,3.0064,6.7348,3.8801,0.3780,5.6498,3.3638,0.3780,5.9503,6.0000,3.0000
40.0997,802,7.9205,6.0501,3.0064,6.7348,3.8801,0.3780,5.6498,3.3638,0.3780,5.9003,6.0000,3.0000
40.1497,803,7.8482,6.0558,3.0063,6.7549,3.8977,0.3792,5.6721,3.3811,0.3787,5.8503,6.0000,3.0000
40.1996,804,7.7756,6.0612,3.0063,6.7746,3.9154,0.3804,5.6936,3.3982,0.3797,5.8004,6.0000,3.0000
40.2498,805,7.7756,6.0612,3.0063,6.7746,3.9154,0.3804,5.6936,3.3982,0.3797,5.7502,6.0000,3.0000
40.2997,806,7.7028,6.0663,3.0063,6.7940,3.9334,0.3818,5.7148,3.4155,0.3806,5.7003,6.0000,3.0000
40.3498,807,7.7028,6.0663,3.0063,6.7940,3.9334,0.3818,5.7148,3.4155,0.3806,5.6502,6.0000,3.0000
40.3997,808,7.6299,6.0711,3.0063,6.8133,3.9518,0.3830,5.7356,3.4329,0.3813,5.6003,6.0000,3.0000
40.4497,809,7.5569,6.0757,3.0063,6.8324,3.9707,0.3839,5.7562,3.4506,0.3820,5.5503,6.0000,3.0000
40.4998,810,7.5569,6.0757,3.0063,6.8324,3.9707,0.3839,5.7562,3.4506,0.3820,5.5002,6.0000,3.0000
40.5497,811,7.4838,6.0801,3.0063,6.8514,3.9899,0.3840,5.7767,3.4688,0.3823,5.4503,6.0000,3.0000
40.5997,812,7.4838,6.0801,3.0063,6.8514,3.9899,0.3840,5.7767,3.4688,0.3823,5.4003,6.0000,3.0000
40.6497,813,7.4106,6.0842,3.0063,6.8699,4.0099,0.3842,5.7971,3.4873,0.3817,5.3503,6.0000,3.0000
40.6997,814,7.4106,6.0842,3.0063,6.8699,4.0099,0.3842,5.7971,3.4873,0.3817,5.3003,6.0000,3.0000
40.7497,815,7.3374,6.0880,3.0062,6.8882,4.0304,0.3830,5.8171,3.5063,0.3814,5.2503,6.0000,3.0000
40.7997,816,7.2642,6.0917,3.0062,6.9062,4.0513,0.3810,5.8365,3.5258,0.3807,5.2003,6.0000,3.0000
40.8498,817,7.2642,6.0917,3.0062,6.9062,4.0513,0.3810,5.8365,3.5258,0.3807,5.1502,6.0000,3.0000
40.8997,818,7.1909,6.0952,3.0062,6.9232,4.0720,0.3796,5.8560,3.5458,0.3785,5.1003,6.0000,3.0000
40.9496,819,7.1176,6.0985,3.0062,6.9394,4.0927,0.3788,5.8747,3.5659,0.3765,5.0504,6.0000,3.0000
40.9997,820,7.1176,6.0985,3.0062,6.9394,4.0927,0.3788,5.8747,3.5659,0.3765,5.0003,6.0000,3.0000
41.0497,821,7.0443,6.1016,3.0062,6.9551,4.1140,0.3781,5.8926,3.5858,0.3754,4.9503,6.0000,3.0000
41.0997,822,7.0443,6.1016,3.0062,6.9551,4.1140,0.3781,5.8926,3.5858,0.3754,4.9003,6.0000,3.0000
41.1497,823,6.9710,6.1045,3.0062,6.9704,4.1361,0.3771,5.9098,3.6060,0.3749,4.8503,6.0000,3.0000
41.1997,824,6.8977,6.1073,3.0061,6.9854,4.1591,0.3762,5.9265,3.6267,0.3744,4.8003,6.0000,3.0000
41.2497,825,6.8977,6.1073,3.0061,6.9854,4.1591,0.3762,5.9265,3.6267,0.3744,4.7503,6.0000,3.0000
41.2998,826,6.8977,6.1073,3.0061,7.0002,4.1831,0.3757,5.9265,3.6267,0.3744,4.7002,6.0000,3.0000
41.3498,827,6.8244,6.1099,3.0061,7.0002,4.1831,0.3757,5.9428,3.6484,0.3737,4.6502,6.0000,3.0000
41.3999,828,6.7511,6.1124,3.0061,7.0141,4.2076,0.3769,5.9591,3.6711,0.3731,4.6001,6.0000,3.0000
41.4497,829,6.7511,6.1124,3.0061,7.0141,4.2076,0.3769,5.9591,3.6711,0.3731,4.5503,6.0000,3.0000
41.4997,830,6.6778,6.1147,3.0061,7.0266,4.2316,0.3781,5.9750,3.6946,0.3732,4.5003,6.0000,3.0000
41.5495,831,6.6778,6.1147,3.0061,7.0379,4.2546,0.3780,5.9750,3.6946,0.3732,4.4505,6.0000,3.0000
41.5997,832,6.6044,6.1169,3.0061,7.0379,4.2546,0.3780,5.9894,3.7180,0.3745,4.4003,6.0000,3.0000
41.6497,833,6.5311,6.1190,3.0061,7.0478,4.2770,0.3770,6.0021,3.7408,0.3755,4.3503,6.0000,3.0000
41.6997,834,6.5311,6.1190,3.0061,7.0478,4.2770,0.3770,6.0021,3.7408,0.3755,4.3003,6.0000,3.0000
41.7497,835,6.4578,6.1209,3.0061,7.0568,4.2991,0.3755,6.0135,3.7627,0.3752,4.2503,6.0000,3.0000
41.7996,836,6.3844,6.1228,3.0060,7.0654,4.3214,0.3736,6.0235,3.7842,0.3744,4.2004,6.0000,3.0000
41.8497,837,6.3844,6.1228,3.0060,7.0654,4.3214,0.3736,6.0235,3.7842,0.3744,4.1503,6.0000,3.0000
41.8997,838,6.3111,6.1245,3.0060,7.0732,4.3440,0.3715,6.0327,3.8054,0.3734,4.1003,6.0000,3.0000
41.9497,839,6.3111,6.1245,3.0060,7.0732,4.3440,0.3715,6.0327,3.8054,0.3734,4.0503,6.0000,3.0000
41.9997,840,6.2378,6.1261,3.0060,7.0800,4.3670,0.3693,6.0411,3.8268,0.3722,4.0003,6.0000,3.0000
42.0497,841,6.1644,6.1277,3.0060,7.0859,4.3903,0.3671,6.0486,3.8485,0.3710,3.9503,6.0000,3.0000
42.0997,842,6.1644,6.1277,3.0060,7.0859,4.3903,0.3671,6.0486,3.8485,0.3710,3.9003,6.0000,3.0000
42.1497,843,6.0911,6.1291,3.0060,7.0901,4.4141,0.3658,6.0550,3.8708,0.3696,3.8503,6.0000,3.0000
42.1997,844,6.0911,6.1291,3.0060,7.0901,4.4141,0.3658,6.0550,3.8708,0.3696,3.8003,6.0000,3.0000
42.2497,845,6.0178,6.1305,3.0060,7.0930,4.4386,0.3654,6.0602,3.8936,0.3680,3.7503,6.0000,3.0000
42.2997,846,6.0178,6.1305,3.0060,7.0930,4.4386,0.3654,6.0602,3.8936,0.3680,3.7003,6.0000,3.0000
42.3497,847,5.9445,6.1318,3.0060,7.0946,4.4633,0.3655,6.0639,3.9168,0.3662,3.6503,6.0000,3.0000
42.3997,848,5.9445,6.1318,3.0060,7.0946,4.4633,0.3655,6.0639,3.9168,0.3662,3.6003,6.0000,3.0000
42.4497,849,5.8711,6.1330,3.0060,7.0951,4.4875,0.3658,6.0662,3.9406,0.3646,3.5503,6.0000,3.0000
42.4997,850,5.8711,6.1330,3.0060,7.0951,4.4875,0.3658,6.0662,3.9406,0.3646,3.5003,6.0000,3.0000
42.5497,851,5.7978,6.1341,3.0059,7.0949,4.5115,0.3665,6.0671,3.9650,0.3634,3.4503,6.0000,3.0000
42.5998,852,5.7245,6.1352,3.0059,7.0940,4.5355,0.3671,6.0666,3.9890,0.3629,3.4002,6.0000,3.0000
42.6498,853,5.7245,6.1352,3.0059,7.0940,4.5355,0.3671,6.0666,3.9890,0.3629,3.3502,6.0000,3.0000
42.6997,854,5.6511,6.1362,3.0059,7.0923,4.5599,0.3670,6.0651,4.0125,0.3628,3.3003,6.0000,3.0000
42.7496,855,5.5778,6.1371,3.0059,7.0898,4.5847,0.3663,6.0629,4.0357,0.3628,3.2504,6.0000,3.0000
42.7997,856,5.5778,6.1371,3.0059,7.0898,4.5847,0.3663,6.0629,4.0357,0.3628,3.2003,6.0000,3.0000
42.8497,857,5.5045,6.1380,3.0059,7.0863,4.6101,0.3654,6.0598,4.0589,0.3628,3.1503,6.0000,3.0000
42.8997,858,5.5045,6.1380,3.0059,7.0863,4.6101,0.3654,6.0598,4.0589,0.3628,3.1003,6.0000,3.0000
42.9497,859,5.4311,6.1388,3.0059,7.0814,4.6359,0.3654,6.0560,4.0821,0.3627,3.0503,6.0000,3.0000
42.9996,860,5.3578,6.1395,3.0059,7.0752,4.6609,0.3661,6.0511,4.1055,0.3624,3.0004,6.0000,3.0000
43.0497,861,5.3578,6.1395,3.0059,7.0752,4.6609,0.3661,6.0511,4.1055,0.3624,2.9503,6.0000,3.0000
43.0997,862,5.2845,6.1402,3.0058,7.0680,4.6848,0.3664,6.0447,4.1289,0.3621,2.9003,6.0000,3.0000
43.1497,863,5.2845,6.1402,3.0058,7.0680,4.6848,0.3664,6.0447,4.1289,0.3621,2.8503,6.0000,3.0000
43.1997,864,5.2111,6.1409,3.0058,7.0599,4.7074,0.3658,6.0368,4.1518,0.3621,2.8003,6.0000,3.0000
43.2496,865,5.1378,6.1415,3.0058,7.0510,4.7287,0.3642,6.0273,4.1738,0.3626,2.7504,6.0000,3.0000
43.2997,866,5.1378,6.1415,3.0058,7.0510,4.7287,0.3642,6.0273,4.1738,0.3626,2.7003,6.0000,3.0000
43.3526,867,5.0645,6.1421,3.0058,7.0412,4.7488,0.3617,6.0169,4.1950,0.3624,2.6474,6.0000,3.0000
43.3998,868,5.0645,6.1421,3.0058,7.0412,4.7488,0.3617,6.0169,4.1950,0.3624,2.6002,6.0000,3.0000
43.4497,869,4.9911,6.1426,3.0058,7.0308,4.7685,0.3588,6.0057,4.2150,0.3617,2.5503,6.0000,3.0000
43.4998,870,4.9911,6.1426,3.0058,7.0308,4.7685,0.3588,6.0057,4.2150,0.3617,2.5002,6.0000,3.0000
43.5498,871,4.9178,6.1431,3.0058,7.0194,4.7881,0.3563,5.9936,4.2340,0.3612,2.4502,6.0000,3.0000
43.5997,872,4.9178,6.1431,3.0058,7.0194,4.7881,0.3563,5.9936,4.2340,0.3612,2.4003,6.0000,3.0000
43.6497,873,4.8445,6.1436,3.0058,7.0066,4.8074,0.3536,5.9804,4.2530,0.3604,2.3503,6.0000,3.0000
43.6996,874,4.7711,6.1440,3.0058,6.9921,4.8264,0.3503,5.9657,4.2723,0.3593,2.3004,6.0000,3.0000
43.7497,875,4.7711,6.1440,3.0058,6.9921,4.8264,0.3503,5.9657,4.2723,0.3593,2.2503,6.0000,3.0000
43.7997,876,4.6978,6.1444,3.0057,6.9758,4.8451,0.3467,5.9494,4.2919,0.3577,2.2003,6.0000,3.0000
43.8497,877,4.6978,6.1444,3.0057,6.9758,4.8451,0.3467,5.9494,4.2919,0.3577,2.1503,6.0000,3.0000
43.8997,878,4.6245,6.1447,3.0057,6.9580,4.8634,0.3442,5.9316,4.3116,0.3557,2.1003,6.0000,3.0000
43.9498,879,4.6245,6.1447,3.0057,6.9387,4.8810,0.3429,5.9316,4.3116,0.3557,2.0502,6.0000,3.0000
43.9997,880,4.5511,6.1451,3.0057,6.9387,4.8810,0.3429,5.9128,4.3305,0.3541,2.0003,6.0000,3.0000
44.0497,881,4.4778,6.1454,3.0057,6.9193,4.8979,0.3426,5.8938,4.3480,0.3532,1.9503,6.0000,3.0000
44.0997,882,4.4778,6.1454,3.0057,6.9193,4.8979,0.3426,5.8938,4.3480,0.3532,1.9003,6.0000,3.0000
44.1497,883,4.4045,6.1456,3.0057,6.8999,4.9148,0.3425,5.8747,4.3645,0.3528,1.8503,6.0000,3.0000
44.1996,884,4.3311,6.1459,3.0057,6.8802,4.9316,0.3424,5.8557,4.3804,0.3531,1.8004,6.0000,3.0000
44.2498,885,4.3311,6.1459,3.0057,6.8802,4.9316,0.3424,5.8557,4.3804,0.3531,1.7502,6.0000,3.0000
44.2996,886,4.2578,6.1461,3.0057,6.8602,4.9481,0.3426,5.8367,4.3958,0.3541,1.7004,6.0000,3.0000
44.3497,887,4.2578,6.1461,3.0057,6.8602,4.9481,0.3426,5.8367,4.3958,0.3541,1.6503,6.0000,3.0000
44.3997,888,4.1845,6.1463,3.0057,6.8398,4.9641,0.3427,5.8176,4.4110,0.3554,1.6003,6.0000,3.0000
44.4498,889,4.1845,6.1463,3.0057,6.8398,4.9641,0.3427,5.8176,4.4110,0.3554,1.5502,6.0000,3.0000
44.4997,890,4.1111,6.1465,3.0056,6.8187,4.9799,0.3424,5.7982,4.4258,0.3565,1.5003,6.0000,3.0000
44.5497,891,4.1111,6.1465,3.0056,6.8187,4.9799,0.3424,5.7982,4.4258,0.3565,1.4503,6.0000,3.0000
44.5998,892,4.0378,6.1466,3.0056,6.7965,4.9956,0.3419,5.7782,4.4406,0.3572,1.4002,6.0000,3.0000
44.6496,893,3.9645,6.1467,3.0056,6.7729,5.0113,0.3413,5.7572,4.4556,0.3577,1.3504,6.0000,3.0000
44.6998,894,3.9645,6.1467,3.0056,6.7729,5.0113,0.3413,5.7572,4.4556,0.3577,1.3002,6.0000,3.0000
44.7497,895,3.8911,6.1469,3.0056,6.7488,5.0260,0.3411,5.7351,4.4705,0.3582,1.2503,6.0000,3.0000
44.7997,896,3.8911,6.1469,3.0056,6.7488,5.0260,0.3411,5.7351,4.4705,0.3582,1.2003,6.0000,3.0000
44.8497,897,3.8178,6.1470,3.0056,6.7245,5.0397,0.3414,5.7125,4.4845,0.3594,1.1503,6.0000,3.0000
44.8999,898,3.7445,6.1470,3.0056,6.7009,5.0525,0.3417,5.6903,4.4974,0.3602,1.1001,6.0000,3.0000
44.9497,899,3.7445,6.1470,3.0056,6.7009,5.0525,0.3417,5.6903,4.4974,0.3602,1.0503,6.0000,3.0000
44.9998,900,3.6711,6.1471,3.0056,6.6779,5.0647,0.3423,5.6683,4.5093,0.3605,1.0002,6.0000,3.0000
45.0496,901,3.5978,6.1472,3.0056,6.6551,5.0768,0.3427,5.6467,4.5202,0.3607,0.9504,6.0000,3.0000
45.0997,902,3.5978,6.1472,3.0056,6.6551,5.0768,0.3427,5.6467,4.5202,0.3607,0.9003,6.0000,3.0000
45.1497,903,3.5245,6.1472,3.0055,6.6320,5.0888,0.3431,5.6252,4.5308,0.3609,0.8503,6.0000,3.0000
45.1997,904,3.5245,6.1472,3.0055,6.6320,5.0888,0.3431,5.6252,4.5308,0.3609,0.8003,6.0000,3.0000
45.2497,905,3.4511,6.1472,3.0055,6.6082,5.1007,0.3437,5.6031,4.5411,0.3612,0.7503,6.0000,3.0000
45.2997,906,3.3778,6.1472,3.0055,6.5836,5.1124,0.3448,5.5802,4.5514,0.3617,0.7003,6.0000,3.0000
45.3498,907,3.3778,6.1472,3.0055,6.5836,5.1124,0.3448,5.5802,4.5514,0.3617,0.6502,6.0000,3.0000
45.3997,908,3.3045,6.1472,3.0055,6.5578,5.1241,0.3464,5.5564,4.5617,0.3625,0.6003,6.0000,3.0000
45.4496,909,3.3045,6.1472,3.0055,6.5312,5.1360,0.3486,5.5564,4.5617,0.3625,0.5504,6.0000,3.0000
45.4997,910,3.2311,6.1472,3.0055,6.5312,5.1360,0.3486,5.5315,4.5721,0.3630,0.5003,6.0000,3.0000
45.5497,911,3.1578,6.1472,3.0055,6.5039,5.1477,0.3512,5.5059,4.5823,0.3628,0.4503,6.0000,3.0000
45.5997,912,3.1578,6.1472,3.0055,6.5039,5.1477,0.3512,5.5059,4.5823,0.3628,0.4003,6.0000,3.0000
45.6497,913,3.0845,6.1471,3.0055,6.4767,5.1591,0.3536,5.4795,4.5923,0.3624,0.3503,6.0000,3.0000
45.6996,914,3.0111,6.1471,3.0055,6.4499,5.1702,0.3562,5.4533,4.6016,0.3622,0.3004,6.0000,3.0000
45.7497,915,3.0111,6.1471,3.0055,6.4499,5.1702,0.3562,5.4533,4.6016,0.3622,0.2503,6.0000,3.0000
45.7997,916,2.9378,6.1470,3.0054,6.4234,5.1814,0.3583,5.4275,4.6106,0.3625,0.2003,6.0000,3.0000
45.8497,917,2.9378,6.1470,3.0054,6.4234,5.1814,0.3583,5.4275,4.6106,0.3625,0.1503,6.0000,3.0000
45.8997,918,2.8645,6.1470,3.0054,6.3973,5.1924,0.3597,5.4020,4.6198,0.3633,0.1003,6.0000,3.0000
45.9496,919,2.7911,6.1469,3.0054,6.3713,5.2033,0.3607,5.3768,4.6288,0.3644,0.0504,6.0000,3.0000
45.9997,920,2.7911,6.1469,3.0054,6.3713,5.2033,0.3607,5.3768,4.6288,0.3644,0.0003,6.0000,3.0000
46.0497,921,2.7178,6.1468,3.0054,6.3450,5.2142,0.3614,5.3518,4.6378,0.3652,0.0000,6.0497,3.0000
46.0997,922,2.7178,6.1468,3.0054,6.3450,5.2142,0.3614,5.3518,4.6378,0.3652,0.0000,6.0997,3.0000
46.1497,923,2.6445,6.1470,3.0054,6.3178,5.2254,0.3618,5.3268,4.6469,0.3656,0.0000,6.1497,3.0000
46.1997,924,2.6445,6.1470,3.0054,6.3178,5.2254,0.3618,5.3268,4.6469,0.3656,0.0000,6.1997,3.0000
46.2497,925,2.5711,6.1481,3.0054,6.2896,5.2369,0.3622,5.3013,4.6560,0.3656,0.0000,6.2497,3.0000
46.2998,926,2.4978,6.1508,3.0054,6.2614,5.2480,0.3629,5.2749,4.6652,0.3653,0.0000,6.2998,3.0000
46.3497,927,2.4978,6.1508,3.0054,6.2614,5.2480,0.3629,5.2749,4.6652,0.3653,0.0000,6.3497,3.0000
46.3997,928,2.4245,6.1555,3.0054,6.2341,5.2583,0.3641,5.2470,4.6744,0.3648,0.0000,6.3997,3.0000
46.4497,929,2.4245,6.1555,3.0054,6.2341,5.2583,0.3641,5.2470,4.6744,0.3648,0.0000,6.4497,3.0000
46.4997,930,2.3511,6.1627,3.0054,6.2078,5.2682,0.3657,5.2187,4.6835,0.3646,0.0000,6.4997,3.0000
46.5497,931,2.3511,6.1627,3.0054,6.2078,5.2682,0.3657,5.2187,4.6835,0.3646,0.0000,6.5497,3.0000
46.5997,932,2.2778,6.1727,3.0053,6.1820,5.2778,0.3677,5.1911,4.6918,0.3642,0.0000,6.5997,3.0000
46.6497,933,2.2045,6.1858,3.0053,6.1563,5.2876,0.3695,5.1643,4.6995,0.3638,0.0000,6.6497,3.0000
46.6997,934,2.2045,6.1858,3.0053,6.1563,5.2876,0.3695,5.1643,4.6995,0.3638,0.0000,6.6997,3.0000
46.7497,935,2.1311,6.2016,3.0053,6.1306,5.2974,0.3713,5.1383,4.7072,0.3637,0.0000,6.7497,3.0000
46.7997,936,2.1311,6.2016,3.0053,6.1306,5.2974,0.3713,5.1383,4.7072,0.3637,0.0000,6.7997,3.0000
46.8497,937,2.0578,6.2206,3.0053,6.1044,5.3074,0.3729,5.1125,4.7151,0.3635,0.0000,6.8497,3.0000
46.8997,938,1.9845,6.2425,3.0053,6.0777,5.3174,0.3746,5.0865,4.7232,0.3635,0.0000,6.8997,3.0000
46.9497,939,1.9845,6.2425,3.0053,6.0777,5.3174,0.3746,5.0865,4.7232,0.3635,0.0000,6.9497,3.0000
46.9997,940,1.9111,6.2672,3.0053,6.0501,5.3274,0.3761,5.0600,4.7311,0.3637,0.0000,6.9997,3.0000
47.0496,941,1.8378,6.2948,3.0053,6.0223,5.3371,0.3775,5.0327,4.7391,0.3644,0.0000,7.0496,3.0000
47.0997,942,1.8378,6.2948,3.0053,6.0223,5.3371,0.3775,5.0327,4.7391,0.3644,0.0000,7.0997,3.0000
47.1497,943,1.7645,6.3252,3.0053,5.9943,5.3467,0.3783,5.0045,4.7471,0.3653,0.0000,7.1497,3.0000
47.1997,944,1.7645,6.3252,3.0053,5.9943,5.3467,0.3783,5.0045,4.7471,0.3653,0.0000,7.1997,3.0000
47.2497,945,1.6911,6.3581,3.0052,5.9662,5.3564,0.3779,4.9756,4.7549,0.3654,0.0000,7.2497,3.0000
47.2997,946,1.6178,6.3935,3.0052,5.9385,5.3659,0.3774,4.9463,4.7626,0.3654,0.0000,7.2997,3.0000
47.3497,947,1.6178,6.3935,3.0052,5.9385,5.3659,0.3774,4.9463,4.7626,0.3654,0.0000,7.3497,3.0000
47.3997,948,1.5445,6.4310,3.0052,5.9112,5.3754,0.3769,4.9172,4.7701,0.3654,0.0000,7.3997,3.0000
47.4497,949,1.5445,6.4310,3.0052,5.9112,5.3754,0.3769,4.9172,4.7701,0.3654,0.0000,7.4497,3.0000
47.4997,950,1.4715,6.4710,3.0052,5.8839,5.3849,0.3762,4.8888,4.7776,0.3660,0.0000,7.4997,3.0000
47.5497,951,1.4715,6.4710,3.0052,5.8839,5.3849,0.3762,4.8888,4.7776,0.3660,0.0000,7.5497,3.0000
47.5997,952,1.3995,6.5134,3.0052,5.8562,5.3944,0.3754,4.8609,4.7852,0.3668,0.0000,7.5997,3.0000
47.6496,953,1.3291,6.5583,3.0052,5.8278,5.4039,0.3746,4.8334,4.7932,0.3670,0.0000,7.6496,3.0000
47.6997,954,1.3291,6.5583,3.0052,5.8278,5.4039,0.3746,4.8334,4.7932,0.3670,0.0000,7.6997,3.0000
47.7497,955,1.2606,6.6055,3.0052,5.7985,5.4137,0.3740,4.8061,4.8013,0.3667,0.0000,7.7497,3.0000
47.7997,956,1.2606,6.6055,3.0052,5.7692,5.4232,0.3740,4.8061,4.8013,0.3667,0.0000,7.7997,3.0000
47.8497,957,1.1942,6.6546,3.0052,5.7692,5.4232,0.3740,4.7785,4.8098,0.3660,0.0000,7.8497,3.0000
47.8997,958,1.1302,6.7055,3.0052,5.7412,5.4319,0.3753,4.7503,4.8186,0.3653,0.0000,7.8997,3.0000
47.9497,959,1.1302,6.7055,3.0052,5.7412,5.4319,0.3753,4.7503,4.8186,0.3653,0.0000,7.9497,3.0000
47.9997,960,1.0686,6.7581,3.0051,5.7142,5.4403,0.3770,4.7210,4.8277,0.3648,0.0000,7.9997,3.0000
48.0496,961,1.0686,6.7581,3.0051,5.6875,5.4485,0.3789,4.7210,4.8277,0.3648,0.0496,8.0000,3.0000
48.0997,962,1.0095,6.8124,3.0051,5.6875,5.4485,0.3789,4.6913,4.8369,0.3647,0.0997,8.0000,3.0000
48.1497,963,0.9532,6.8681,3.0051,5.6605,5.4569,0.3802,4.6624,4.8456,0.3657,0.1497,8.0000,3.0000
48.1997,964,0.9532,6.8681,3.0051,5.6605,5.4569,0.3802,4.6624,4.8456,0.3657,0.1997,8.0000,3.0000
48.2497,965,0.9003,6.9242,3.0051,5.6333,5.4655,0.3811,4.6347,4.8540,0.3674,0.2497,8.0000,3.0000
48.2996,966,0.8517,6.9800,3.0051,5.6055,5.4742,0.3818,4.6076,4.8624,0.3694,0.2996,8.0000,3.0000
48.3497,967,0.8517,6.9800,3.0051,5.6055,5.4742,0.3818,4.6076,4.8624,0.3694,0.3497,8.0000,3.0000
48.3997,968,0.8076,7.0349,3.0051,5.5770,5.4830,0.3821,4.5806,4.8712,0.3711,0.3997,8.0000,3.0000
48.4497,969,0.8076,7.0349,3.0051,5.5770,5.4830,0.3821,4.5806,4.8712,0.3711,0.4497,8.0000,3.0000
48.4997,970,0.7683,7.0887,3.0051,5.5475,5.4921,0.3813,4.5534,4.8804,0.3723,0.4997,8.0000,3.0000
48.5496,971,0.7340,7.1410,3.0051,5.5178,5.5012,0.3789,4.5258,4.8900,0.3733,0.5496,8.0000,3.0000
48.5997,972,0.7340,7.1410,3.0051,5.5178,5.5012,0.3789,4.5258,4.8900,0.3733,0.5997,8.0000,3.0000
48.6497,973,0.7048,7.1916,3.0051,5.4884,5.5102,0.3758,4.4974,4.8997,0.3742,0.6497,8.0000,3.0000
48.6997,974,0.7048,7.1916,3.0051,5.4884,5.5102,0.3758,4.4974,4.8997,0.3742,0.6997,8.0000,3.0000
48.7497,975,0.6804,7.2405,3.0050,5.4599,5.5190,0.3739,4.4681,4.9098,0.3750,0.7497,8.0000,3.0000
48.7996,976,0.6611,7.2875,3.0050,5.4322,5.5276,0.3727,4.4384,4.9201,0.3753,0.7996,8.0000,3.0000
48.8497,977,0.6611,7.2875,3.0050,5.4322,5.5276,0.3727,4.4384,4.9201,0.3753,0.8497,8.0000,3.0000
48.8997,978,0.6466,7.3325,3.0050,5.4048,5.5362,0.3719,4.4088,4.9305,0.3746,0.8997,8.0000,3.0000
48.9497,979,0.6466,7.3325,3.0050,5.4048,5.5362,0.3719,4.4088,4.9305,0.3746,0.9497,8.0000,3.0000
48.9997,980,0.6366,7.3757,3.0050,5.3774,5.5448,0.3711,4.3797,4.9408,0.3740,0.9997,8.0000,3.0000
49.0498,981,0.6311,7.4169,3.0050,5.3497,5.5533,0.3704,4.3515,4.9513,0.3741,1.0498,8.0000,3.0000
49.0997,982,0.6311,7.4169,3.0050,5.3497,5.5533,0.3704,4.3515,4.9513,0.3741,1.0997,8.0000,3.0000
49.1497,983,0.6298,7.4563,3.0050,5.3214,5.5621,0.3700,4.3238,4.9621,0.3742,1.1497,8.0000,3.0000
49.1996,984,0.6298,7.4563,3.0050,5.3214,5.5621,0.3700,4.3238,4.9621,0.3742,1.1996,8.0000,3.0000
49.2497,985,0.6327,7.4938,3.0050,5.2924,5.5711,0.3697,4.2965,4.9731,0.3742,1.2497,8.0000,3.0000
49.2997,986,0.6397,7.5296,3.0050,5.2635,5.5800,0.3696,4.2690,4.9844,0.3741,1.2997,8.0000,3.0000
49.3497,987,0.6397,7.5296,3.0050,5.2635,5.5800,0.3696,4.2690,4.9844,0.3741,1.3497,8.0000,3.0000
49.3997,988,0.6503,7.5637,3.0050,5.2356,5.5890,0.3714,4.2412,4.9963,0.3740,1.3997,8.0000,3.0000
49.4496,989,0.6648,7.5961,3.0049,5.2085,5.5980,0.3737,4.2126,5.0086,0.3738,1.4496,8.0000,3.0000
49.4997,990,0.6648,7.5961,3.0049,5.2085,5.5980,0.3737,4.2126,5.0086,0.3738,1.4997,8.0000,3.0000
49.5496,991,0.6831,7.6269,3.0049,5.1817,5.6070,0.3756,4.1838,5.0211,0.3732,1.5496,8.0000,3.0000
49.5997,992,0.6831,7.6269,3.0049,5.1817,5.6070,0.3756,4.1838,5.0211,0.3732,1.5997,8.0000,3.0000
49.6497,993,0.7049,7.6561,3.0049,5.1548,5.6163,0.3768,4.1562,5.0332,0.3741,1.6497,8.0000,3.0000
49.6997,994,0.7049,7.6561,3.0049,5.1548,5.6163,0.3768,4.1562,5.0332,0.3741,1.6997,8.0000,3.0000
49.7497,995,0.7299,7.6840,3.0049,5.1278,5.6260,0.3777,4.1297,5.0450,0.3756,1.7497,8.0000,3.0000
49.7996,996,0.7582,7.7104,3.0049,5.1004,5.6360,0.3782,4.1036,5.0568,0.3772,1.7996,8.0000,3.0000
49.8497,997,0.7582,7.7104,3.0049,5.1004,5.6360,0.3782,4.1036,5.0568,0.3772,1.8497,8.0000,3.0000
49.8997,998,0.7894,7.7355,3.0049,5.0724,5.6464,0.3783,4.0776,5.0689,0.3785,1.8997,8.0000,3.0000
49.9496,999,0.8234,7.7593,3.0049,5.0435,5.6573,0.3781,4.0515,5.0814,0.3793,1.9496,8.0000,3.0000
49.9997,1000,0.8234,7.7593,3.0049,5.0435,5.6573,0.3781,4.0515,5.0814,0.3793,1.9997,8.0000,3.0000
50.0497,1001,0.8599,7.7819,3.0049,5.0141,5.6685,0.3765,4.0251,5.0942,0.3799,2.0497,8.0000,3.0000
50.0997,1002,0.8599,7.7819,3.0049,5.0141,5.6685,0.3765,4.0251,5.0942,0.3799,2.0997,8.0000,3.0000
50.1497,1003,0.8988,7.8034,3.0049,4.9851,5.6797,0.3739,3.9980,5.1073,0.3802,2.1497,8.0000,3.0000
50.1996,1004,0.9400,7.8237,3.0049,4.9577,5.6906,0.3722,3.9699,5.1209,0.3802,2.1996,8.0000,3.0000
50.2497,1005,0.9400,7.8237,3.0049,4.9577,5.6906,0.3722,3.9699,5.1209,0.3802,2.2497,8.0000,3.0000
50.2997,1006,0.9835,7.8431,3.0048,4.9312,5.7017,0.3715,3.9411,5.1349,0.3790,2.2997,8.0000,3.0000
50.3496,1007,0.9835,7.8431,3.0048,4.9054,5.7130,0.3711,3.9411,5.1349,0.3790,2.3496,8.0000,3.0000
50.3997,1008,1.0290,7.8614,3.0048,4.9054,5.7130,0.3711,3.9129,5.1489,0.3763,2.3997,8.0000,3.0000
50.4497,1009,1.0764,7.8787,3.0048,4.8799,5.7247,0.3710,3.8856,5.1626,0.3742,2.4497,8.0000,3.0000
50.4997,1010,1.0764,7.8787,3.0048,4.8799,5.7247,0.3710,3.8856,5.1626,0.3742,2.4997,8.0000,3.0000
50.5497,1011,1.1256,7.8952,3.0048,4.8548,5.7367,0.3711,3.8593,5.1763,0.3731,2.5497,8.0000,3.0000
50.5996,1012,1.1766,7.9108,3.0048,4.8295,5.7491,0.3716,3.8336,5.1903,0.3723,2.5996,8.0000,3.0000
50.6497,1013,1.1766,7.9108,3.0048,4.8295,5.7491,0.3716,3.8336,5.1903,0.3723,2.6497,8.0000,3.0000
50.6997,1014,1.2293,7.9257,3.0048,4.8040,5.7623,0.3722,3.8085,5.2046,0.3717,2.6997,8.0000,3.0000
50.7497,1015,1.2293,7.9257,3.0048,4.8040,5.7623,0.3722,3.8085,5.2046,0.3717,2.7497,8.0000,3.0000
50.7997,1016,1.2835,7.9397,3.0048,4.7783,5.7761,0.3725,3.7834,5.2191,0.3714,2.7997,8.0000,3.0000
50.8497,1017,1.3394,7.9530,3.0048,4.7529,5.7902,0.3718,3.7581,5.2341,0.3712,2.8497,8.0000,3.0000
50.8997,1018,1.3394,7.9530,3.0048,4.7529,5.7902,0.3718,3.7581,5.2341,0.3712,2.8997,8.0000,3.0000
50.9497,1019,1.3968,7.9656,3.0048,4.7280,5.8045,0.3713,3.7325,5.2497,0.3709,2.9497,8.0000,3.0000
50.9996,1020,1.3968,7.9656,3.0048,4.7042,5.8191,0.3722,3.7325,5.2497,0.3709,2.9996,8.0000,3.0000
51.0497,1021,1.4556,7.9776,3.0048,4.7042,5.8191,0.3722,3.7066,5.2656,0.3704,3.0497,8.0000,3.0000
51.0997,1022,1.5156,7.9889,3.0047,4.6808,5.8334,0.3730,3.6811,5.2816,0.3706,3.0997,8.0000,3.0000
51.1497,1023,1.5156,7.9889,3.0047,4.6808,5.8334,0.3730,3.6811,5.2816,0.3706,3.1497,8.0000,3.0000
51.1997,1024,1.5766,7.9997,3.0047,4.6577,5.8476,0.3740,3.6571,5.2972,0.3723,3.1997,8.0000,3.0000
51.2496,1025,1.6390,8.0099,3.0047,4.6347,5.8620,0.3751,3.6335,5.3127,0.3737,3.2496,8.0000,3.0000
51.2997,1026,1.6390,8.0099,3.0047,4.6347,5.8620,0.3751,3.6335,5.3127,0.3737,3.2997,8.0000,3.0000
51.3497,1027,1.7024,8.0195,3.0047,4.6116,5.8767,0.3761,3.6102,5.3283,0.3749,3.3497,8.0000,3.0000
51.3996,1028,1.7024,8.0195,3.0047,4.5880,5.8922,0.3766,3.6102,5.3283,0.3749,3.3996,8.0000,3.0000
51.4497,1029,1.7669,8.0287,3.0047,4.5880,5.8922,0.3766,3.5869,5.3443,0.3758,3.4497,8.0000,3.0000
51.4997,1030,1.8323,8.0373,3.0047,4.5641,5.9083,0.3770,3.5636,5.3608,0.3764,3.4997,8.0000,3.0000
51.5497,1031,1.8323,8.0373,3.0047,4.5641,5.9083,0.3770,3.5636,5.3608,0.3764,3.5497,8.0000,3.0000
51.5997,1032,1.8984,8.0455,3.0047,4.5394,5.9252,0.3774,3.5399,5.3776,0.3768,3.5997,8.0000,3.0000
51.6496,1033,1.9655,8.0533,3.0047,4.5144,5.9427,0.3768,3.5157,5.3951,0.3770,3.6496,8.0000,3.0000
51.6997,1034,1.9655,8.0533,3.0047,4.5144,5.9427,0.3768,3.5157,5.3951,0.3770,3.6997,8.0000,3.0000
51.7497,1035,2.0336,8.0607,3.0047,4.4899,5.9600,0.3754,3.4907,5.4135,0.3764,3.7497,8.0000,3.0000
51.7996,1036,2.1023,8.0676,3.0047,4.4669,5.9769,0.3750,3.4653,5.4323,0.3740,3.7996,8.0000,3.0000
51.8497,1037,2.1023,8.0676,3.0047,4.4669,5.9769,0.3750,3.4653,5.4323,0.3740,3.8497,8.0000,3.0000
51.8997,1038,2.1718,8.0742,3.0047,4.4451,5.9937,0.3752,3.4412,5.4506,0.3716,3.8997,8.0000,3.0000
51.9497,1039,2.1718,8.0742,3.0047,4.4451,5.9937,0.3752,3.4412,5.4506,0.3716,3.9497,8.0000,3.0000
51.9998,1040,2.2418,8.0805,3.0046,4.4238,6.0107,0.3757,3.4188,5.4682,0.3707,3.9998,8.0000,3.0000
52.0496,1041,2.3125,8.0864,3.0046,4.4033,6.0281,0.3764,3.3973,5.4860,0.3705,4.0496,8.0000,3.0000
52.0997,1042,2.3125,8.0864,3.0046,4.4033,6.0281,0.3764,3.3973,5.4860,0.3705,4.0997,8.0000,3.0000
52.1497,1043,2.3838,8.0920,3.0046,4.3832,6.0460,0.3771,3.3766,5.5039,0.3704,4.1497,8.0000,3.0000
52.1997,1044,2.3838,8.0920,3.0046,4.3832,6.0460,0.3771,3.3766,5.5039,0.3704,4.1997,8.0000,3.0000
52.2498,1045,2.4557,8.0973,3.0046,4.3636,6.0646,0.3779,3.3566,5.5221,0.3706,4.2498,8.0000,3.0000
52.2997,1046,2.5279,8.1023,3.0046,4.3443,6.0840,0.3790,3.3370,5.5405,0.3711,4.2997,8.0000,3.0000
52.3497,1047,2.5279,8.1023,3.0046,4.3443,6.0840,0.3790,3.3370,5.5405,0.3711,4.3497,8.0000,3.0000
52.3997,1048,2.6003,8.1070,3.0046,4.3252,6.1042,0.3798,3.3177,5.5596,0.3717,4.3997,8.0000,3.0000
52.4496,1049,2.6730,8.1115,3.0046,4.3068,6.1249,0.3795,3.2986,5.5793,0.3721,4.4496,8.0000,3.0000
52.4997,1050,2.6730,8.1115,3.0046,4.3068,6.1249,0.3795,3.2986,5.5793,0.3721,4.4997,8.0000,3.0000
52.5496,1051,2.7459,8.1157,3.0046,4.2891,6.1459,0.3783,3.2796,5.5996,0.3719,4.5496,8.0000,3.0000
52.5997,1052,2.7459,8.1157,3.0046,4.2891,6.1459,0.3783,3.2796,5.5996,0.3719,4.5997,8.0000,3.0000
52.6497,1053,2.8189,8.1197,3.0046,4.2728,6.1672,0.3781,3.2610,5.6202,0.3714,4.6497,8.0000,3.0000
52.6996,1054,2.8919,8.1235,3.0046,4.2574,6.1885,0.3786,3.2438,5.6406,0.3719,4.6996,8.0000,3.0000
52.7497,1055,2.8919,8.1235,3.0046,4.2574,6.1885,0.3786,3.2438,5.6406,0.3719,4.7497,8.0000,3.0000
52.7997,1056,2.9651,8.1271,3.0045,4.2424,6.2096,0.3794,3.2280,5.6609,0.3730,4.7997,8.0000,3.0000
52.8497,1057,2.9651,8.1271,3.0045,4.2424,6.2096,0.3794,3.2280,5.6609,0.3730,4.8497,8.0000,3.0000
52.8997,1058,3.0382,8.1305,3.0045,4.2276,6.2308,0.3804,3.2128,5.6812,0.3739,4.8997,8.0000,3.0000
52.9497,1059,3.0382,8.1305,3.0045,4.2276,6.2308,0.3804,3.2128,5.6812,0.3739,4.9497,8.0000,3.0000
52.9997,1060,3.1115,8.1337,3.0045,4.2132,6.2524,0.3815,3.1980,5.7019,0.3747,4.9997,8.0000,3.0000
53.0497,1061,3.1847,8.1367,3.0045,4.1990,6.2747,0.3823,3.1837,5.7232,0.3753,5.0497,8.0000,3.0000
53.0997,1062,3.1847,8.1367,3.0045,4.1990,6.2747,0.3823,3.1837,5.7232,0.3753,5.0997,8.0000,3.0000
53.1497,1063,3.2580,8.1395,3.0045,4.1850,6.2982,0.3831,3.1700,5.7455,0.3756,5.1497,8.0000,3.0000
53.1996,1064,3.3313,8.1422,3.0045,4.1713,6.3229,0.3840,3.1566,5.7685,0.3758,5.1996,8.0000,3.0000
53.2497,1065,3.3313,8.1422,3.0045,4.1713,6.3229,0.3840,3.1566,5.7685,0.3758,5.2497,8.0000,3.0000
53.2997,1066,3.4046,8.1447,3.0045,4.1582,6.3482,0.3844,3.1436,5.7925,0.3761,5.2997,8.0000,3.0000
53.3497,1067,3.4046,8.1447,3.0045,4.1582,6.3482,0.3844,3.1436,5.7925,0.3761,5.3497,8.0000,3.0000
53.3997,1068,3.4779,8.1471,3.0045,4.1460,6.3732,0.3848,3.1309,5.8174,0.3765,5.3997,8.0000,3.0000
53.4498,1069,3.5512,8.1494,3.0045,4.1353,6.3970,0.3845,3.1185,5.8431,0.3760,5.4498,8.0000,3.0000
53.4997,1070,3.5512,8.1494,3.0045,4.1353,6.3970,0.3845,3.1185,5.8431,0.3760,5.4997,8.0000,3.0000
53.5497,1071,3.6245,8.1515,3.0045,4.1257,6.4201,0.3836,3.1070,5.8678,0.3744,5.5497,8.0000,3.0000
53.5996,1072,3.6978,8.1535,3.0044,4.1174,6.4429,0.3830,3.0973,5.8913,0.3731,5.5996,8.0000,3.0000
53.6497,1073,3.6978,8.1535,3.0044,4.1174,6.4429,0.3830,3.0973,5.8913,0.3731,5.6497,8.0000,3.0000
53.6997,1074,3.7711,8.1554,3.0044,4.1100,6.4658,0.3820,3.0889,5.9144,0.3725,5.6997,8.0000,3.0000
53.7497,1075,3.7711,8.1554,3.0044,4.1100,6.4658,0.3820,3.0889,5.9144,0.3725,5.7497,8.0000,3.0000
53.7997,1076,3.8445,8.1571,3.0044,4.1039,6.4888,0.3809,3.0817,5.9375,0.3717,5.7997,8.0000,3.0000
53.8496,1077,3.8445,8.1571,3.0044,4.0991,6.5122,0.3792,3.0817,5.9375,0.3717,5.8496,8.0000,3.0000
53.8997,1078,3.9178,8.1588,3.0044,4.0991,6.5122,0.3792,3.0758,5.9605,0.3708,5.8997,8.0000,3.0000
53.9497,1079,3.9911,8.1604,3.0044,4.0956,6.5359,0.3772,3.0713,5.9834,0.3699,5.9497,8.0000,3.0000
53.9997,1080,3.9911,8.1604,3.0044,4.0956,6.5359,0.3772,3.0713,5.9834,0.3699,5.9997,8.0000,3.0000
54.0497,1081,4.0645,8.1618,3.0044,4.0937,6.5601,0.3748,3.0682,6.0067,0.3692,6.0497,8.0000,3.0000
54.0996,1082,4.1378,8.1632,3.0044,4.0934,6.5845,0.3721,3.0665,6.0303,0.3683,6.0996,8.0000,3.0000
54.1497,1083,4.1378,8.1632,3.0044,4.0934,6.5845,0.3721,3.0665,6.0303,0.3683,6.1497,8.0000,3.0000
54.1997,1084,4.2111,8.1645,3.0044,4.0951,6.6088,0.3701,3.0660,6.0541,0.3667,6.1997,8.0000,3.0000
54.2497,1085,4.2111,8.1645,3.0044,4.0951,6.6088,0.3701,3.0660,6.0541,0.3667,6.2497,8.0000,3.0000
54.2997,1086,4.2845,8.1657,3.0044,4.0991,6.6326,0.3705,3.0670,6.0776,0.3642,6.2997,8.0000,3.0000
54.3496,1087,4.3578,8.1669,3.0044,4.1041,6.6559,0.3717,3.0699,6.1004,0.3632,6.3496,8.0000,3.0000
54.3997,1088,4.3578,8.1669,3.0044,4.1041,6.6559,0.3717,3.0699,6.1004,0.3632,6.3997,8.0000,3.0000
54.4497,1089,4.4311,8.1679,3.0044,4.1098,6.6791,0.3736,3.0747,6.1221,0.3643,6.4497,8.0000,3.0000
54.4997,1090,4.4311,8.1679,3.0044,4.1098,6.6791,0.3736,3.0747,6.1221,0.3643,6.4997,8.0000,3.0000
54.5497,1091,4.5044,8.1689,3.0043,4.1159,6.7019,0.3758,3.0800,6.1438,0.3654,6.5497,8.0000,3.0000
54.6000,1092,4.5044,8.1689,3.0043,4.1227,6.7249,0.3772,3.0800,6.1438,0.3654,6.6000,8.0000,3.0000
54.6497,1093,4.5778,8.1698,3.0043,4.1227,6.7249,0.3772,3.0862,6.1653,0.3669,6.6497,8.0000,3.0000
54.6997,1094,4.6511,8.1707,3.0043,4.1310,6.7485,0.3781,3.0933,6.1866,0.3686,6.6997,8.0000,3.0000
54.7498,1095,4.6511,8.1707,3.0043,4.1310,6.7485,0.3781,3.0933,6.1866,0.3686,6.7498,8.0000,3.0000
54.7997,1096,4.7244,8.1715,3.0043,4.1410,6.7731,0.3787,3.1016,6.2079,0.3698,6.7997,8.0000,3.0000
54.8497,1097,4.7244,8.1715,3.0043,4.1410,6.7731,0.3787,3.1016,6.2079,0.3698,6.8497,8.0000,3.0000
54.8997,1098,4.7978,8.1723,3.0043,4.1525,6.7984,0.3785,3.1113,6.2295,0.3705,6.8997,8.0000,3.0000
54.9497,1099,4.8711,8.1730,3.0043,4.1648,6.8228,0.3782,3.1225,6.2519,0.3709,6.9497,8.0000,3.0000
54.9997,1100,4.8711,8.1730,3.0043,4.1648,6.8228,0.3782,3.1225,6.2519,0.3709,6.9997,8.0000,3.0000
55.0497,1101,4.9444,8.1736,3.0043,4.1776,6.8456,0.3774,3.1357,6.2749,0.3712,7.0497,8.0000,3.0000
55.0997,1102,5.0178,8.1742,3.0043,4.1908,6.8671,0.3764,3.1498,6.2975,0.3706,7.0997,8.0000,3.0000
55.1497,1103,5.0178,8.1742,3.0043,4.1908,6.8671,0.3764,3.1498,6.2975,0.3706,7.1497,8.0000,3.0000
55.1997,1104,5.0911,8.1748,3.0043,4.2044,6.8877,0.3758,3.1640,6.3185,0.3702,7.1997,8.0000,3.0000
55.2498,1105,5.0911,8.1748,3.0043,4.2044,6.8877,0.3758,3.1640,6.3185,0.3702,7.2498,8.0000,3.0000
55.2997,1106,5.1644,8.1753,3.0043,4.2187,6.9076,0.3753,3.1784,6.3386,0.3700,7.2997,8.0000,3.0000
55.3496,1107,5.2378,8.1758,3.0043,4.2340,6.9272,0.3742,3.1931,6.3580,0.3700,7.3496,8.0000,3.0000
55.3997,1108,5.2378,8.1758,3.0043,4.2340,6.9272,0.3742,3.1931,6.3580,0.3700,7.3997,8.0000,3.0000
55.4497,1109,5.3111,8.1762,3.0042,4.2508,6.9466,0.3729,3.2085,6.3767,0.3701,7.4497,8.0000,3.0000
55.4997,1110,5.3111,8.1762,3.0042,4.2508,6.9466,0.3729,3.2085,6.3767,0.3701,7.4997,8.0000,3.0000
55.5498,1111,5.3844,8.1766,3.0042,4.2690,6.9662,0.3718,3.2247,6.3949,0.3697,7.5498,8.0000,3.0000
55.5998,1112,5.3844,8.1766,3.0042,4.2690,6.9662,0.3718,3.2247,6.3949,0.3697,7.5998,8.0000,3.0000
55.6497,1113,5.4578,8.1769,3.0042,4.2885,6.9859,0.3709,3.2422,6.4125,0.3692,7.6497,8.0000,3.0000
55.6996,1114,5.5311,8.1773,3.0042,4.3089,7.0042,0.3710,3.2613,6.4301,0.3690,7.6996,8.0000,3.0000
55.7498,1115,5.5311,8.1773,3.0042,4.3089,7.0042,0.3710,3.2613,6.4301,0.3690,7.7498,8.0000,3.0000
55.7997,1116,5.6044,8.1776,3.0042,4.3293,7.0210,0.3722,3.2819,6.4475,0.3689,7.7997,8.0000,3.0000
55.8497,1117,5.6044,8.1776,3.0042,4.3293,7.0210,0.3722,3.2819,6.4475,0.3689,7.8497,8.0000,3.0000
55.8997,1118,5.6778,8.1778,3.0042,4.3500,7.0371,0.3747,3.3039,6.4648,0.3681,7.8997,8.0000,3.0000
55.9496,1119,5.7511,8.1781,3.0042,4.3706,7.0525,0.3773,3.3266,6.4810,0.3676,7.9496,8.0000,3.0000
55.9997,1120,5.7511,8.1781,3.0042,4.3706,7.0525,0.3773,3.3266,6.4810,0.3676,7.9997,8.0000,3.0000
56.0497,1121,5.8244,8.1783,3.0042,4.3914,7.0676,0.3792,3.3492,6.4960,0.3681,8.0497,8.0000,3.0000
56.0997,1122,5.8244,8.1783,3.0042,4.3914,7.0676,0.3792,3.3492,6.4960,0.3681,8.0997,8.0000,3.0000
56.1497,1123,5.8978,8.1785,3.0042,4.4133,7.0825,0.3802,3.3720,6.5102,0.3695,8.1497,8.0000,3.0000
56.1996,1124,5.9711,8.1787,3.0042,4.4369,7.0974,0.3808,3.3945,6.5240,0.3711,8.1996,8.0000,3.0000
56.2497,1125,5.9711,8.1787,3.0042,4.4369,7.0974,0.3808,3.3945,6.5240,0.3711,8.2497,8.0000,3.0000
56.2997,1126,6.0444,8.1788,3.0042,4.4622,7.1124,0.3810,3.4174,6.5375,0.3720,8.2997,8.0000,3.0000
56.3496,1127,6.1178,8.1789,3.0041,4.4885,7.1273,0.3798,3.4414,6.5505,0.3722,8.3496,8.0000,3.0000
56.3997,1128,6.1178,8.1789,3.0041,4.4885,7.1273,0.3798,3.4414,6.5505,0.3722,8.3997,8.0000,3.0000
56.4497,1129,6.1911,8.1790,3.0041,4.5139,7.1413,0.3785,3.4673,6.5632,0.3722,8.4497,8.0000,3.0000
56.4997,1130,6.1911,8.1790,3.0041,4.5139,7.1413,0.3785,3.4673,6.5632,0.3722,8.4997,8.0000,3.0000
56.5497,1131,6.2644,8.1791,3.0041,4.5388,7.1544,0.3782,3.4948,6.5758,0.3722,8.5497,8.0000,3.0000
56.5997,1132,6.2644,8.1791,3.0041,4.5388,7.1544,0.3782,3.4948,6.5758,0.3722,8.5997,8.0000,3.0000
56.6497,1133,6.3378,8.1792,3.0041,4.5636,7.1671,0.3777,3.5233,6.5880,0.3722,8.6497,8.0000,3.0000
56.6997,1134,6.3378,8.1792,3.0041,4.5636,7.1671,0.3777,3.5233,6.5880,0.3722,8.6997,8.0000,3.0000
56.7497,1135,6.4111,8.1792,3.0041,4.5887,7.1791,0.3770,3.5507,6.5999,0.3722,8.7497,8.0000,3.0000
56.7996,1136,6.4844,8.1792,3.0041,4.6148,7.1906,0.3761,3.5776,6.6113,0.3726,8.7996,8.0000,3.0000
56.8497,1137,6.4844,8.1792,3.0041,4.6148,7.1906,0.3761,3.5776,6.6113,0.3726,8.8497,8.0000,3.0000
56.8997,1138,6.5578,8.1792,3.0041,4.6419,7.2018,0.3750,3.6042,6.6224,0.3731,8.8997,8.0000,3.0000
56.9496,1139,6.5578,8.1792,3.0041,4.6704,7.2130,0.3738,3.6042,6.6224,0.3731,8.9496,8.0000,3.0000
56.9997,1140,6.6311,8.1792,3.0041,4.6704,7.2130,0.3738,3.6312,6.6330,0.3730,8.9997,8.0000,3.0000
57.0497,1141,6.7044,8.1792,3.0041,4.6995,7.2240,0.3728,3.6588,6.6432,0.3723,9.0497,8.0000,3.0000
57.0997,1142,6.7044,8.1792,3.0041,4.6995,7.2240,0.3728,3.6588,6.6432,0.3723,9.0997,8.0000,3.0000
57.1498,1143,6.7778,8.1792,3.0041,4.7275,7.2341,0.3733,3.6874,6.6532,0.3715,9.1498,8.0000,3.0000
57.1997,1144,6.8511,8.1791,3.0041,4.7547,7.2433,0.3750,3.7172,6.6631,0.3708,9.1997,8.0000,3.0000
57.2497,1145,6.8511,8.1791,3.0041,4.7547,7.2433,0.3750,3.7172,6.6631,0.3708,9.2497,8.0000,3.0000
57.2997,1146,6.9244,8.1791,3.0040,4.7812,7.2519,0.3770,3.7480,6.6725,0.3703,9.2997,8.0000,3.0000
57.3496,1147,6.9978,8.1790,3.0040,4.8073,7.2602,0.3787,3.7782,6.6813,0.3708,9.3496,8.0000,3.0000
57.3997,1148,6.9978,8.1790,3.0040,4.8073,7.2602,0.3787,3.7782,6.6813,0.3708,9.3997,8.0000,3.0000
57.4497,1149,7.0711,8.1790,3.0040,4.8340,7.2683,0.3799,3.8074,6.6895,0.3725,9.4497,8.0000,3.0000
57.4996,1150,7.1444,8.1789,3.0040,4.8620,7.2762,0.3807,3.8356,6.6973,0.3745,9.4996,8.0000,3.0000
57.5497,1151,7.1444,8.1789,3.0040,4.8620,7.2762,0.3807,3.8356,6.6973,0.3745,9.5497,8.0000,3.0000
57.5997,1152,7.2177,8.1788,3.0040,4.8914,7.2840,0.3813,3.8633,6.7049,0.3765,9.5997,8.0000,3.0000
57.6498,1153,7.2177,8.1788,3.0040,4.8914,7.2840,0.3813,3.8633,6.7049,0.3765,9.6498,8.0000,3.0000
57.6997,1154,7.2911,8.1787,3.0040,4.9218,7.2915,0.3815,3.8910,6.7124,0.3780,9.6997,8.0000,3.0000
57.7497,1155,7.3644,8.1785,3.0040,4.9519,7.2987,0.3814,3.9196,6.7198,0.3790,9.7497,8.0000,3.0000
57.7997,1156,7.3644,8.1785,3.0040,4.9519,7.2987,0.3814,3.9196,6.7198,0.3790,9.7997,8.0000,3.0000
57.8498,1157,7.4377,8.1784,3.0040,4.9810,7.3056,0.3820,3.9493,6.7272,0.3796,9.8498,8.0000,3.0000
57.8996,1158,7.5111,8.1783,3.0040,5.0094,7.3124,0.3830,3.9801,6.7346,0.3804,9.8996,8.0000,3.0000
57.9497,1159,7.5111,8.1783,3.0040,5.0094,7.3124,0.3830,3.9801,6.7346,0.3804,9.9497,8.0000,3.0000
57.9998,1160,7.5844,8.1782,3.0040,5.0376,7.3192,0.3836,4.0114,6.7417,0.3817,9.9998,8.0000,3.0000
58.0497,1161,7.5844,8.1782,3.0040,5.0376,7.3192,0.3836,4.0114,6.7417,0.3817,10.0000,8.0497,3.0000
58.0997,1162,7.6577,8.1780,3.0040,5.0659,7.3257,0.3839,4.0423,6.7487,0.3819,10.0000,8.0997,3.0000
58.1496,1163,7.7311,8.1784,3.0039,5.0948,7.3319,0.3837,4.0724,6.7557,0.3823,10.0000,8.1496,3.0000
58.1997,1164,7.7311,8.1784,3.0039,5.0948,7.3319,0.3837,4.0724,6.7557,0.3823,10.0000,8.1997,3.0000
58.2497,1165,7.8044,8.1799,3.0039,5.1245,7.3379,0.3833,4.1020,6.7625,0.3830,10.0000,8.2497,3.0000
58.2997,1166,7.8044,8.1799,3.0039,5.1245,7.3379,0.3833,4.1020,6.7625,0.3830,10.0000,8.2997,3.0000
58.3497,1167,7.8777,8.1832,3.0039,5.1554,7.3437,0.3830,4.1315,6.7692,0.3836,10.0000,8.3497,3.0000
58.3996,1168,7.9511,8.1888,3.0039,5.1871,7.3494,0.3821,4.1613,6.7755,0.3843,10.0000,8.3996,3.0000
58.4497,1169,7.9511,8.1888,3.0039,5.1871,7.3494,0.3821,4.1613,6.7755,0.3843,10.0000,8.4497,3.0000
58.4997,1170,8.0244,8.1969,3.0039,5.2184,7.3547,0.3813,4.1917,6.7816,0.3846,10.0000,8.4997,3.0000
58.5497,1171,8.0244,8.1969,3.0039,5.2184,7.3547,0.3813,4.1917,6.7816,0.3846,10.0000,8.5497,3.0000
58.5997,1172,8.0977,8.2077,3.0039,5.2484,7.3596,0.3818,4.2228,6.7874,0.3845,10.0000,8.5997,3.0000
58.6497,1173,8.1711,8.2211,3.0039,5.2774,7.3643,0.3829,4.2544,6.7929,0.3837,10.0000,8.6497,3.0000
58.6997,1174,8.1711,8.2211,3.0039,5.2774,7.3643,0.3829,4.2544,6.7929,0.3837,10.0000,8.6997,3.0000
58.7498,1175,8.2444,8.2373,3.0039,5.3058,7.3691,0.3838,4.2855,6.7981,0.3828,10.0000,8.7498,3.0000
58.7996,1176,8.3177,8.2564,3.0039,5.3342,7.3739,0.3845,4.3155,6.8031,0.3828,10.0000,8.7996,3.0000
58.8497,1177,8.3177,8.2564,3.0039,5.3342,7.3739,0.3845,4.3155,6.8031,0.3828,10.0000,8.8497,3.0000
58.8997,1178,8.3911,8.2783,3.0039,5.3633,7.3786,0.3849,4.3444,6.8083,0.3833,10.0000,8.8997,3.0000
58.9497,1179,8.3911,8.2783,3.0039,5.3633,7.3786,0.3849,4.3444,6.8083,0.3833,10.0000,8.9497,3.0000
58.9997,1180,8.4644,8.3030,3.0039,5.3934,7.3833,0.3851,4.3727,6.8137,0.3839,10.0000,8.9997,3.0000
59.0496,1181,8.5377,8.3305,3.0039,5.4248,7.3880,0.3854,4.4010,6.8193,0.3844,10.0000,9.0496,3.0000
59.0997,1182,8.5377,8.3305,3.0039,5.4248,7.3880,0.3854,4.4010,6.8193,0.3844,10.0000,9.0997,3.0000
59.1497,1183,8.6110,8.3607,3.0039,5.4564,7.3923,0.3862,4.4296,6.8253,0.3846,10.0000,9.1497,3.0000
59.1997,1184,8.6110,8.3607,3.0039,5.4564,7.3923,0.3862,4.4296,6.8253,0.3846,10.0000,9.1997,3.0000
59.2497,1185,8.6836,8.3935,3.0039,5.4876,7.3966,0.3860,4.4590,6.8315,0.3846,10.0000,9.2497,3.0000
59.2997,1186,8.7550,8.4286,3.0038,5.5181,7.4012,0.3861,4.4892,6.8378,0.3847,10.0000,9.2997,3.0000
59.3497,1187,8.7550,8.4286,3.0038,5.5181,7.4012,0.3861,4.4892,6.8378,0.3847,10.0000,9.3497,3.0000
59.3997,1188,8.8248,8.4660,3.0038,5.5481,7.4057,0.3866,4.5199,6.8442,0.3849,10.0000,9.3997,3.0000
59.4497,1189,8.8926,8.5057,3.0038,5.5780,7.4103,0.3871,4.5504,6.8505,0.3852,10.0000,9.4497,3.0000
59.4997,1190,8.8926,8.5057,3.0038,5.5780,7.4103,0.3871,4.5504,6.8505,0.3852,10.0000,9.4997,3.0000
59.5497,1191,8.9581,8.5476,3.0038,5.6080,7.4148,0.3875,4.5806,6.8570,0.3852,10.0000,9.5497,3.0000
59.5996,1192,8.9581,8.5476,3.0038,5.6384,7.4191,0.3878,4.6099,6.8634,0.3857,10.0000,9.5996,3.0000
59.6497,1193,9.0212,8.5916,3.0038,5.6384,7.4191,0.3878,4.6099,6.8634,0.3857,10.0000,9.6497,3.0000
59.6998,1194,9.0819,8.6374,3.0038,5.6695,7.4230,0.3876,4.6388,6.8698,0.3864,10.0000,9.6998,3.0000
59.7497,1195,9.0819,8.6374,3.0038,5.6695,7.4230,0.3876,4.6388,6.8698,0.3864,10.0000,9.7497,3.0000
59.7997,1196,9.1401,8.6849,3.0038,5.7011,7.4269,0.3861,4.6677,6.8762,0.3870,10.0000,9.7997,3.0000
59.8496,1197,9.1958,8.7344,3.0038,5.7320,7.4305,0.3847,4.6967,6.8828,0.3875,10.0000,9.8496,3.0000
59.8997,1198,9.1958,8.7344,3.0038,5.7320,7.4305,0.3847,4.6967,6.8828,0.3875,10.0000,9.8997,3.0000
59.9497,1199,9.2490,8.7856,3.0038,5.7614,7.4342,0.3845,4.7262,6.8892,0.3881,10.0000,9.9497,3.0000
59.9997,1200,9.2490,8.7856,3.0038,5.7614,7.4342,0.3845,4.7262,6.8892,0.3881,10.0000,9.9997,3.0000
60.0498,1201,9.2998,8.8383,3.0038,5.7899,7.4380,0.3848,4.7562,6.8955,0.3887,9.9502,10.0000,3.0000
60.0996,1202,9.3480,8.8925,3.0038,5.8179,7.4422,0.3852,4.7866,6.9015,0.3883,9.9004,10.0000,3.0000
60.1498,1203,9.3480,8.8925,3.0038,5.8179,7.4422,0.3852,4.7866,6.9015,0.3883,9.8502,10.0000,3.0000
60.1997,1204,9.3932,8.9476,3.0038,5.8459,7.4468,0.3855,4.8166,6.9073,0.3870,9.8003,10.0000,3.0000
60.2496,1205,9.4347,9.0026,3.0038,5.8745,7.4516,0.3857,4.8455,6.9128,0.3862,9.7504,10.0000,3.0000
60.2997,1206,9.4347,9.0026,3.0038,5.8745,7.4516,0.3857,4.8455,6.9128,0.3862,9.7003,10.0000,3.0000
60.3497,1207,9.4723,9.0571,3.0037,5.9038,7.4567,0.3858,4.8735,6.9186,0.3859,9.6503,10.0000,3.0000
60.3997,1208,9.4723,9.0571,3.0037,5.9038,7.4567,0.3858,4.8735,6.9186,0.3859,9.6003,10.0000,3.0000
60.4497,1209,9.5058,9.1106,3.0037,5.9336,7.4618,0.3868,4.9012,6.9246,0.3858,9.5503,10.0000,3.0000
60.4996,1210,9.5346,9.1627,3.0037,5.9632,7.4674,0.3884,4.9287,6.9310,0.3859,9.5004,10.0000,3.0000
60.5497,1211,9.5346,9.1627,3.0037,5.9632,7.4674,0.3884,4.9287,6.9310,0.3859,9.4503,10.0000,3.0000
60.5997,1212,9.5588,9.2133,3.0037,5.9930,7.4734,0.3900,4.9568,6.9376,0.3858,9.4003,10.0000,3.0000
60.6497,1213,9.5588,9.2133,3.0037,5.9930,7.4734,0.3900,4.9568,6.9376,0.3858,9.3503,10.0000,3.0000
60.6997,1214,9.5784,9.2622,3.0037,6.0226,7.4795,0.3902,4.9856,6.9446,0.3858,9.3003,10.0000,3.0000
60.7497,1215,9.5784,9.2622,3.0037,6.0226,7.4795,0.3902,4.9856,6.9446,0.3858,9.2503,10.0000,3.0000
60.7997,1216,9.5933,9.3093,3.0037,6.0514,7.4859,0.3909,5.0150,6.9517,0.3863,9.2003,10.0000,3.0000
60.8497,1217,9.6037,9.3545,3.0037,6.0801,7.4924,0.3914,5.0443,6.9590,0.3876,9.1503,10.0000,3.0000
60.8998,1218,9.6037,9.3545,3.0037,6.0801,7.4924,0.3914,5.0443,6.9590,0.3876,9.1002,10.0000,3.0000
60.9497,1219,9.6097,9.3978,3.0037,6.1091,7.4993,0.3916,5.0735,6.9668,0.3890,9.0503,10.0000,3.0000
60.9998,1220,9.6113,9.4392,3.0037,6.1384,7.5066,0.3916,5.1028,6.9747,0.3887,9.0002,10.0000,3.0000
61.0497,1221,9.6113,9.4392,3.0037,6.1384,7.5066,0.3916,5.1028,6.9747,0.3887,8.9503,10.0000,3.0000
61.0997,1222,9.6087,9.4788,3.0037,6.1683,7.5142,0.3915,5.1314,6.9827,0.3883,8.9003,10.0000,3.0000
61.1496,1223,9.6022,9.5166,3.0037,6.1984,7.5218,0.3903,5.1597,6.9909,0.3882,8.8504,10.0000,3.0000
61.1997,1224,9.6022,9.5166,3.0037,6.1984,7.5218,0.3903,5.1597,6.9909,0.3882,8.8003,10.0000,3.0000
61.2497,1225,9.5919,9.5526,3.0037,6.2276,7.5292,0.3892,5.1883,6.9994,0.3879,8.7503,10.0000,3.0000
61.2998,1226,9.5919,9.5526,3.0037,6.2276,7.5292,0.3892,5.1883,6.9994,0.3879,8.7002,10.0000,3.0000
61.3497,1227,9.5782,9.5868,3.0037,6.2556,7.5366,0.3888,5.2173,7.0083,0.3874,8.6503,10.0000,3.0000
61.3996,1228,9.5608,9.6195,3.0037,6.2829,7.5442,0.3888,5.2467,7.0176,0.3869,8.6004,10.0000,3.0000
61.4497,1229,9.5608,9.6195,3.0037,6.2829,7.5442,0.3888,5.2467,7.0176,0.3869,8.5503,10.0000,3.0000
61.4997,1230,9.5400,9.6505,3.0036,6.3099,7.5522,0.3890,5.2762,7.0268,0.3861,8.5003,10.0000,3.0000
61.5497,1231,9.5400,9.6505,3.0036,6.3099,7.5522,0.3890,5.2762,7.0268,0.3861,8.4503,10.0000,3.0000
61.5997,1232,9.5162,9.6800,3.0036,6.3369,7.5607,0.3894,5.3045,7.0359,0.3860,8.4003,10.0000,3.0000
61.6496,1233,9.4892,9.7080,3.0036,6.3643,7.5696,0.3896,5.3313,7.0448,0.3870,8.3504,10.0000,3.0000
61.6997,1234,9.4892,9.7080,3.0036,6.3643,7.5696,0.3896,5.3313,7.0448,0.3870,8.3003,10.0000,3.0000
61.7497,1235,9.4592,9.7346,3.0036,6.3923,7.5789,0.3901,5.3573,7.0539,0.3880,8.2503,10.0000,3.0000
61.7997,1236,9.4592,9.7346,3.0036,6.3923,7.5789,0.3901,5.3573,7.0539,0.3880,8.2003,10.0000,3.0000
61.8497,1237,9.4264,9.7599,3.0036,6.4202,7.5885,0.3907,5.3831,7.0634,0.3892,8.1503,10.0000,3.0000
61.8996,1238,9.3909,9.7839,3.0036,6.4477,7.5986,0.3914,5.4088,7.0735,0.3904,8.1004,10.0000,3.0000
61.9497,1239,9.3909,9.7839,3.0036,6.4477,7.5986,0.3914,5.4088,7.0735,0.3904,8.0503,10.0000,3.0000
61.9997,1240,9.3528,9.8066,3.0036,6.4754,7.6092,0.3904,5.4348,7.0840,0.3915,8.0003,10.0000,3.0000
62.0496,1241,9.3528,9.8066,3.0036,6.5029,7.6199,0.3881,5.4348,7.0840,0.3915,7.9504,10.0000,3.0000
62.0997,1242,9.3124,9.8283,3.0036,6.5029,7.6199,0.3881,5.4613,7.0951,0.3927,7.9003,10.0000,3.0000
62.1498,1243,9.2698,9.8488,3.0036,6.5296,7.6307,0.3866,5.4882,7.1067,0.3936,7.8502,10.0000,3.0000
62.1997,1244,9.2698,9.8488,3.0036,6.5296,7.6307,0.3866,5.4882,7.1067,0.3936,7.8003,10.0000,3.0000
62.2498,1245,9.2252,9.8682,3.0036,6.5561,7.6419,0.3854,5.5146,7.1186,0.3935,7.7502,10.0000,3.0000
62.2997,1246,9.1788,9.8866,3.0036,6.5827,7.6536,0.3842,5.5411,7.1309,0.3915,7.7003,10.0000,3.0000
62.3497,1247,9.1788,9.8866,3.0036,6.5827,7.6536,0.3842,5.5411,7.1309,0.3915,7.6503,10.0000,3.0000
62.3998,1248,9.1306,9.9041,3.0036,6.6095,7.6659,0.3832,5.5677,7.1436,0.3882,7.6002,10.0000,3.0000
62.4497,1249,9.1306,9.9041,3.0036,6.6095,7.6659,0.3832,5.5677,7.1436,0.3882,7.5503,10.0000,3.0000
62.4997,1250,9.0805,9.9207,3.0036,6.6367,7.6790,0.3823,5.5934,7.1561,0.3856,7.5003,10.0000,3.0000
62.5496,1251,9.0285,9.9365,3.0036,6.6642,7.6925,0.3819,5.6187,7.1689,0.3837,7.4504,10.0000,3.0000
62.5997,1252,9.0285,9.9365,3.0036,6.6642,7.6925,0.3819,5.6187,7.1689,0.3837,7.4003,10.0000,3.0000
62.6497,1253,8.9747,9.9514,3.0036,6.6905,7.7058,0.3820,5.6439,7.1823,0.3819,7.3503,10.0000,3.0000
62.6997,1254,8.9747,9.9514,3.0036,6.6905,7.7058,0.3820,5.6439,7.1823,0.3819,7.3003,10.0000,3.0000
62.7496,1255,8.9190,9.9655,3.0035,6.7155,7.7189,0.3826,5.6692,7.1964,0.3803,7.2504,10.0000,3.0000
62.7997,1256,8.9190,9.9655,3.0035,6.7155,7.7189,0.3826,5.6692,7.1964,0.3803,7.2003,10.0000,3.0000
62.8497,1257,8.8614,9.9789,3.0035,6.7397,7.7320,0.3835,5.6948,7.2113,0.3787,7.1503,10.0000,3.0000
62.8997,1258,8.8614,9.9789,3.0035,6.7635,7.7455,0.3846,5.6948,7.2113,0.3787,7.1003,10.0000,3.0000
62.9497,1259,8.8021,9.9916,3.0035,6.7635,7.7455,0.3846,5.7208,7.2269,0.3777,7.0503,10.0000,3.0000
62.9997,1260,8.7414,10.0036,3.0035,6.7874,7.7593,0.3858,5.7459,7.2425,0.3775,7.0003,10.0000,3.0000
63.0497,1261,8.7414,10.0036,3.0035,6.7874,7.7593,0.3858,5.7459,7.2425,0.3775,6.9503,10.0000,3.0000
63.0997,1262,8.6795,10.0150,3.0035,6.8112,7.7736,0.3869,5.7697,7.2577,0.3783,6.9003,10.0000,3.0000
63.1497,1263,8.6161,10.0258,3.0035,6.8351,7.7885,0.3881,5.7928,7.2728,0.3795,6.8503,10.0000,3.0000
63.1997,1264,8.6161,10.0258,3.0035,6.8351,7.7885,0.3881,5.7928,7.2728,0.3795,6.8003,10.0000,3.0000
63.2497,1265,8.5515,10.0361,3.0035,6.8593,7.8038,0.3885,5.8154,7.2880,0.3809,6.7503,10.0000,3.0000
63.2996,1266,8.4859,10.0458,3.0035,6.8832,7.8196,0.3884,5.8380,7.3033,0.3824,6.7004,10.0000,3.0000
63.3497,1267,8.4859,10.0458,3.0035,6.8832,7.8196,0.3884,5.8380,7.3033,0.3824,6.6503,10.0000,3.0000
63.3997,1268,8.4194,10.0550,3.0035,6.9070,7.8358,0.3865,5.8605,7.3190,0.3840,6.6003,10.0000,3.0000
63.4498,1269,8.4194,10.0550,3.0035,6.9070,7.8358,0.3865,5.8605,7.3190,0.3840,6.5502,10.0000,3.0000
63.4997,1270,8.3520,10.0637,3.0035,6.9306,7.8523,0.3837,5.8832,7.3350,0.3858,6.5003,10.0000,3.0000
63.5497,1271,8.3520,10.0637,3.0035,6.9306,7.8523,0.3837,5.8832,7.3350,0.3858,6.4503,10.0000,3.0000
63.5997,1272,8.2837,10.0719,3.0035,6.9533,7.8687,0.3817,5.9059,7.3515,0.3871,6.4003,10.0000,3.0000
63.6498,1273,8.2145,10.0797,3.0035,6.9753,7.8853,0.3804,5.9284,7.3683,0.3877,6.3502,10.0000,3.0000
63.6997,1274,8.2145,10.0797,3.0035,6.9753,7.8853,0.3804,5.9284,7.3683,0.3877,6.3003,10.0000,3.0000
63.7497,1275,8.1446,10.0871,3.0035,6.9970,7.9024,0.3793,5.9506,7.3854,0.3871,6.2503,10.0000,3.0000
63.7997,1276,8.1446,10.0871,3.0035,6.9970,7.9024,0.3793,5.9506,7.3854,0.3871,6.2003,10.0000,3.0000
63.8497,1277,8.0739,10.0941,3.0035,7.0187,7.9203,0.3781,5.9728,7.4030,0.3853,6.1503,10.0000,3.0000
63.8996,1278,8.0025,10.1007,3.0034,7.0406,7.9392,0.3771,5.9945,7.4208,0.3827,6.1004,10.0000,3.0000
63.9497,1279,8.0025,10.1007,3.0034,7.0406,7.9392,0.3771,5.9945,7.4208,0.3827,6.0503,10.0000,3.0000
63.9997,1280,7.9306,10.1070,3.0034,7.0626,7.9589,0.3765,6.0154,7.4383,0.3811,6.0003,10.0000,3.0000
64.0498,1281,7.9306,10.1070,3.0034,7.0626,7.9589,0.3765,6.0154,7.4383,0.3811,5.9502,10.0000,3.0000
64.0997,1282,7.8584,10.1129,3.0034,7.0842,7.9791,0.3774,6.0358,7.4561,0.3801,5.9003,10.0000,3.0000
64.1496,1283,7.7859,10.1185,3.0034,7.1045,7.9987,0.3780,6.0558,7.4744,0.3792,5.8504,10.0000,3.0000
64.1997,1284,7.7859,10.1185,3.0034,7.1045,7.9987,0.3780,6.0558,7.4744,0.3792,5.8003,10.0000,3.0000
64.2496,1285,7.7132,10.1238,3.0034,7.1234,8.0179,0.3785,6.0758,7.4935,0.3782,5.7504,10.0000,3.0000
64.2998,1286,7.7132,10.1238,3.0034,7.1234,8.0179,0.3785,6.0758,7.4935,0.3782,5.7002,10.0000,3.0000
64.3497,1287,7.6403,10.1288,3.0034,7.1416,8.0371,0.3792,6.0958,7.5135,0.3774,5.6503,10.0000,3.0000
64.3996,1288,7.6403,10.1288,3.0034,7.1594,8.0565,0.3798,6.0958,7.5135,0.3774,5.6004,10.0000,3.0000
64.4497,1289,7.5673,10.1336,3.0034,7.1594,8.0565,0.3798,6.1159,7.5344,0.3769,5.5503,10.0000,3.0000
64.4997,1290,7.4943,10.1380,3.0034,7.1768,8.0762,0.3804,6.1353,7.5556,0.3773,5.5003,10.0000,3.0000
64.5497,1291,7.4943,10.1380,3.0034,7.1768,8.0762,0.3804,6.1353,7.5556,0.3773,5.4503,10.0000,3.0000
64.5997,1292,7.4211,10.1423,3.0034,7.1940,8.0964,0.3808,6.1532,7.5761,0.3771,5.4003,10.0000,3.0000
64.6496,1293,7.3480,10.1463,3.0034,7.2108,8.1171,0.3807,6.1699,7.5961,0.3771,5.3504,10.0000,3.0000
64.6997,1294,7.3480,10.1463,3.0034,7.2108,8.1171,0.3807,6.1699,7.5961,0.3771,5.3003,10.0000,3.0000
64.7496,1295,7.2747,10.1501,3.0034,7.2268,8.1381,0.3806,6.1857,7.6159,0.3774,5.2504,10.0000,3.0000
64.7997,1296,7.2747,10.1501,3.0034,7.2268,8.1381,0.3806,6.1857,7.6159,0.3774,5.2003,10.0000,3.0000
64.8497,1297,7.2015,10.1536,3.0034,7.2420,8.1597,0.3812,6.2010,7.6358,0.3776,5.1503,10.0000,3.0000
64.8998,1298,7.2015,10.1536,3.0034,7.2420,8.1597,0.3812,6.2010,7.6358,0.3776,5.1002,10.0000,3.0000
64.9499,1299,7.1282,10.1570,3.0034,7.2568,8.1819,0.3802,6.2161,7.6560,0.3778,5.0501,10.0000,3.0000
64.9996,1300,7.0549,10.1602,3.0034,7.2712,8.2044,0.3781,6.2307,7.6766,0.3780,5.0004,10.0000,3.0000
65.0497,1301,7.0549,10.1602,3.0034,7.2712,8.2044,0.3781,6.2307,7.6766,0.3780,4.9503,10.0000,3.0000
65.0997,1302,6.9816,10.1632,3.0034,7.2846,8.2266,0.3766,6.2446,7.6977,0.3778,4.9003,10.0000,3.0000
65.1497,1303,6.9816,10.1632,3.0034,7.2846,8.2266,0.3766,6.2446,7.6977,0.3778,4.8503,10.0000,3.0000
65.1997,1304,6.9083,10.1660,3.0034,7.2971,8.2490,0.3757,6.2578,7.7194,0.3774,4.8003,10.0000,3.0000
65.2496,1305,6.8350,10.1687,3.0033,7.3090,8.2719,0.3748,6.2698,7.7415,0.3779,4.7504,10.0000,3.0000
65.2997,1306,6.8350,10.1687,3.0033,7.3090,8.2719,0.3748,6.2698,7.7415,0.3779,4.7003,10.0000,3.0000
65.3498,1307,6.7617,10.1712,3.0033,7.3202,8.2956,0.3737,6.2811,7.7644,0.3785,4.6502,10.0000,3.0000
65.3997,1308,6.7617,10.1712,3.0033,7.3202,8.2956,0.3737,6.2811,7.7644,0.3785,4.6003,10.0000,3.0000
65.4497,1309,6.6884,10.1736,3.0033,7.3308,8.3201,0.3727,6.2919,7.7875,0.3773,4.5503,10.0000,3.0000
65.4997,1310,6.6150,10.1758,3.0033,7.3408,8.3457,0.3719,6.3021,7.8106,0.3755,4.5003,10.0000,3.0000
65.5497,1311,6.6150,10.1758,3.0033,7.3408,8.3457,0.3719,6.3021,7.8106,0.3755,4.4503,10.0000,3.0000
65.5997,1312,6.5417,10.1779,3.0033,7.3498,8.3717,0.3727,6.3113,7.8334,0.3745,4.4003,10.0000,3.0000
65.6498,1313,6.5417,10.1779,3.0033,7.3498,8.3717,0.3727,6.3113,7.8334,0.3745,4.3502,10.0000,3.0000
65.6997,1314,6.4684,10.1799,3.0033,7.3572,8.3971,0.3734,6.3197,7.8564,0.3739,4.3003,10.0000,3.0000
65.7497,1315,6.4684,10.1799,3.0033,7.3572,8.3971,0.3734,6.3197,7.8564,0.3739,4.2503,10.0000,3.0000
65.7998,1316,6.3950,10.1817,3.0033,7.3634,8.4214,0.3732,6.3273,7.8797,0.3732,4.2002,10.0000,3.0000
65.8497,1317,6.3950,10.1817,3.0033,7.3634,8.4214,0.3732,6.3273,7.8797,0.3732,4.1503,10.0000,3.0000
65.8997,1318,6.3217,10.1835,3.0033,7.3681,8.4447,0.3719,6.3341,7.9038,0.3722,4.1003,10.0000,3.0000
65.9496,1319,6.2484,10.1851,3.0033,7.3715,8.4671,0.3697,6.3401,7.9290,0.3712,4.0504,10.0000,3.0000
65.9997,1320,6.2484,10.1851,3.0033,7.3715,8.4671,0.3697,6.3401,7.9290,0.3712,4.0003,10.0000,3.0000
66.0497,1321,6.1750,10.1867,3.0033,7.3741,8.4890,0.3665,6.3452,7.9552,0.3706,3.9503,10.0000,3.0000
66.0997,1322,6.1750,10.1867,3.0033,7.3741,8.4890,0.3665,6.3452,7.9552,0.3706,3.9003,10.0000,3.0000
66.1497,1323,6.1017,10.1881,3.0033,7.3759,8.5111,0.3631,6.3488,7.9810,0.3710,3.8503,10.0000,3.0000
66.1996,1324,6.0284,10.1895,3.0033,7.3764,8.5335,0.3596,6.3505,8.0059,0.3713,3.8004,10.0000,3.0000
66.2497,1325,6.0284,10.1895,3.0033,7.3764,8.5335,0.3596,6.3505,8.0059,0.3713,3.7503,10.0000,3.0000
66.2997,1326,5.9550,10.1907,3.0033,7.3755,8.5559,0.3560,6.3511,8.0295,0.3705,3.7003,10.0000,3.0000
66.3497,1327,5.9550,10.1907,3.0033,7.3755,8.5559,0.3560,6.3511,8.0295,0.3705,3.6503,10.0000,3.0000
66.3997,1328,5.8817,10.1919,3.0033,7.3728,8.5787,0.3524,6.3505,8.0521,0.3686,3.6003,10.0000,3.0000
66.4496,1329,5.8084,10.1930,3.0033,7.3683,8.6016,0.3501,6.3489,8.0737,0.3664,3.5504,10.0000,3.0000
66.4997,1330,5.8084,10.1930,3.0033,7.3683,8.6016,0.3501,6.3489,8.0737,0.3664,3.5003,10.0000,3.0000
66.5496,1331,5.7351,10.1941,3.0033,7.3619,8.6247,0.3490,6.3464,8.0953,0.3645,3.4504,10.0000,3.0000
66.5997,1332,5.7351,10.1941,3.0033,7.3619,8.6247,0.3490,6.3464,8.0953,0.3645,3.4003,10.0000,3.0000
66.6497,1333,5.6617,10.1950,3.0032,7.3540,8.6476,0.3490,6.3427,8.1170,0.3628,3.3503,10.0000,3.0000
66.6997,1334,5.6617,10.1950,3.0032,7.3540,8.6476,0.3490,6.3427,8.1170,0.3628,3.3003,10.0000,3.0000
66.7498,1335,5.5884,10.1959,3.0032,7.3453,8.6700,0.3492,6.3375,8.1386,0.3609,3.2502,10.0000,3.0000
66.7997,1336,5.5884,10.1959,3.0032,7.3453,8.6700,0.3492,6.3375,8.1386,0.3609,3.2003,10.0000,3.0000
66.8497,1337,5.5151,10.1968,3.0032,7.3360,8.6924,0.3493,6.3304,8.1602,0.3589,3.1503,10.0000,3.0000
66.8996,1338,5.4417,10.1976,3.0032,7.3259,8.7146,0.3496,6.3215,8.1820,0.3565,3.1004,10.0000,3.0000
66.9497,1339,5.4417,10.1976,3.0032,7.3259,8.7146,0.3496,6.3215,8.1820,0.3565,3.0503,10.0000,3.0000
66.9997,1340,5.3684,10.1983,3.0032,7.3148,8.7368,0.3498,6.3109,8.2040,0.3533,3.0003,10.0000,3.0000
67.0497,1341,5.3684,10.1983,3.0032,7.3148,8.7368,0.3498,6.3109,8.2040,0.3533,2.9503,10.0000,3.0000
67.0997,1342,5.2951,10.1989,3.0032,7.3027,8.7589,0.3497,6.2988,8.2253,0.3506,2.9003,10.0000,3.0000
67.1500,1343,5.2951,10.1989,3.0032,7.2893,8.7813,0.3490,6.2988,8.2253,0.3506,2.8500,10.0000,3.0000
67.1997,1344,5.2217,10.1996,3.0032,7.2893,8.7813,0.3490,6.2853,8.2455,0.3495,2.8003,10.0000,3.0000
67.2496,1345,5.1484,10.2001,3.0032,7.2743,8.8037,0.3485,6.2713,8.2645,0.3490,2.7504,10.0000,3.0000
67.2997,1346,5.1484,10.2001,3.0032,7.2743,8.8037,0.3485,6.2713,8.2645,0.3490,2.7003,10.0000,3.0000
67.3497,1347,5.0751,10.2007,3.0032,7.2583,8.8253,0.3484,6.2570,8.2829,0.3491,2.6503,10.0000,3.0000
67.3997,1348,5.0751,10.2007,3.0032,7.2583,8.8253,0.3484,6.2570,8.2829,0.3491,2.6003,10.0000,3.0000
67.4497,1349,5.0017,10.2011,3.0032,7.2419,8.8456,0.3477,6.2424,8.3008,0.3496,2.5503,10.0000,3.0000
67.4997,1350,5.0017,10.2011,3.0032,7.2253,8.8647,0.3466,6.2273,8.3184,0.3505,2.5003,10.0000,3.0000
67.5497,1351,4.9284,10.2016,3.0032,7.2253,8.8647,0.3466,6.2273,8.3184,0.3505,2.4503,10.0000,3.0000
67.5998,1352,4.8551,10.2020,3.0032,7.2087,8.8830,0.3456,6.2116,8.3358,0.3518,2.4002,10.0000,3.0000
67.6497,1353,4.8551,10.2020,3.0032,7.2087,8.8830,0.3456,6.2116,8.3358,0.3518,2.3503,10.0000,3.0000
67.6997,1354,4.7817,10.2023,3.0032,7.1918,8.9013,0.3447,6.1951,8.3528,0.3527,2.3003,10.0000,3.0000
67.7496,1355,4.7084,10.2027,3.0032,7.1741,8.9192,0.3442,6.1775,8.3698,0.3533,2.2504,10.0000,3.0000
67.7998,1356,4.7084,10.2027,3.0032,7.1741,8.9192,0.3442,6.1775,8.3698,0.3533,2.2002,10.0000,3.0000
67.8496,1357,4.7084,10.2027,3.0032,7.1552,8.9369,0.3441,6.1775,8.3698,0.3533,2.1504,10.0000,3.0000
67.8997,1358,4.6351,10.2029,3.0032,7.1552,8.9369,0.3441,6.1587,8.3864,0.3541,2.1003,10.0000,3.0000
67.9497,1359,4.5617,10.2032,3.0032,7.1349,8.9545,0.3442,6.1393,8.4019,0.3555,2.0503,10.0000,3.0000
67.9998,1360,4.5617,10.2032,3.0032,7.1349,8.9545,0.3442,6.1393,8.4019,0.3555,2.0002,10.0000,3.0000
68.0497,1361,4.4884,10.2034,3.0032,7.1132,8.9721,0.3446,6.1200,8.4166,0.3562,1.9503,10.0000,3.0000
68.0997,1362,4.4884,10.2034,3.0032,7.1132,8.9721,0.3446,6.1200,8.4166,0.3562,1.9003,10.0000,3.0000
68.1497,1363,4.4151,10.2036,3.0031,7.0906,8.9896,0.3458,6.1008,8.4304,0.3565,1.8503,10.0000,3.0000
68.1997,1364,4.3417,10.2038,3.0031,7.0677,9.0063,0.3473,6.0814,8.4433,0.3568,1.8003,10.0000,3.0000
68.2497,1365,4.3417,10.2038,3.0031,7.0677,9.0063,0.3473,6.0814,8.4433,0.3568,1.7503,10.0000,3.0000
68.2997,1366,4.2684,10.2040,3.0031,7.0451,9.0224,0.3493,6.0617,8.4553,0.3575,1.7003,10.0000,3.0000
68.3498,1367,4.2684,10.2040,3.0031,7.0451,9.0224,0.3493,6.0617,8.4553,0.3575,1.6502,10.0000,3.0000
68.3997,1368,4.1951,10.2041,3.0031,7.0225,9.0384,0.3514,6.0412,8.4669,0.3581,1.6003,10.0000,3.0000
68.4496,1369,4.1217,10.2042,3.0031,7.0001,9.0542,0.3530,6.0196,8.4786,0.3585,1.5504,10.0000,3.0000
68.4998,1370,4.1217,10.2042,3.0031,7.0001,9.0542,0.3530,6.0196,8.4786,0.3585,1.5002,10.0000,3.0000
68.5497,1371,4.0484,10.2043,3.0031,6.9779,9.0696,0.3542,5.9969,8.4904,0.3587,1.4503,10.0000,3.0000
68.5997,1372,4.0484,10.2043,3.0031,6.9779,9.0696,0.3542,5.9969,8.4904,0.3587,1.4003,10.0000,3.0000
68.6497,1373,3.9751,10.2043,3.0031,6.9556,9.0849,0.3549,5.9730,8.5025,0.3584,1.3503,10.0000,3.0000
68.6996,1374,3.9017,10.2044,3.0031,6.9327,9.1001,0.3553,5.9483,8.5145,0.3578,1.3004,10.0000,3.0000
68.7497,1375,3.9017,10.2044,3.0031,6.9327,9.1001,0.3553,5.9483,8.5145,0.3578,1.2503,10.0000,3.0000
68.7997,1376,3.8284,10.2044,3.0031,6.9088,9.1156,0.3555,5.9232,8.5261,0.3578,1.2003,10.0000,3.0000
68.8497,1377,3.8284,10.2044,3.0031,6.9088,9.1156,0.3555,5.9232,8.5261,0.3578,1.1503,10.0000,3.0000
68.8998,1378,3.7551,10.2044,3.0031,6.8837,9.1313,0.3558,5.8984,8.5370,0.3583,1.1002,10.0000,3.0000
68.9496,1379,3.6817,10.2044,3.0031,6.8582,9.1465,0.3569,5.8739,8.5478,0.3591,1.0504,10.0000,3.0000
68.9997,1380,3.6817,10.2044,3.0031,6.8582,9.1465,0.3569,5.8739,8.5478,0.3591,1.0003,10.0000,3.0000
69.0497,1381,3.6084,10.2044,3.0031,6.8332,9.1606,0.3579,5.8497,8.5585,0.3603,0.9503,10.0000,3.0000
69.0997,1382,3.6084,10.2044,3.0031,6.8332,9.1606,0.3579,5.8497,8.5585,0.3603,0.9003,10.0000,3.0000
69.1497,1383,3.5351,10.2043,3.0031,6.8092,9.1737,0.3582,5.8256,8.5690,0.3617,0.8503,10.0000,3.0000
69.1996,1384,3.4617,10.2043,3.0031,6.7859,9.1863,0.3589,5.8017,8.5795,0.3627,0.8004,10.0000,3.0000
69.2497,1385,3.4617,10.2043,3.0031,6.7859,9.1863,0.3589,5.8017,8.5795,0.3627,0.7503,10.0000,3.0000
69.2997,1386,3.3884,10.2042,3.0031,6.7627,9.1988,0.3595,5.7776,8.5901,0.3630,0.7003,10.0000,3.0000
69.3497,1387,3.3884,10.2042,3.0031,6.7627,9.1988,0.3595,5.7776,8.5901,0.3630,0.6503,10.0000,3.0000
69.3997,1388,3.3151,10.2041,3.0031,6.7392,9.2115,0.3603,5.7529,8.6010,0.3629,0.6003,10.0000,3.0000
69.4496,1389,3.2417,10.2041,3.0031,6.7154,9.2242,0.3613,5.7271,8.6119,0.3626,0.5504,10.0000,3.0000
69.4997,1390,3.2417,10.2041,3.0031,6.7154,9.2242,0.3613,5.7271,8.6119,0.3626,0.5003,10.0000,3.0000
69.5497,1391,3.1684,10.2040,3.0031,6.6911,9.2367,0.3625,5.7002,8.6228,0.3619,0.4503,10.0000,3.0000
69.5997,1392,3.1684,10.2040,3.0031,6.6911,9.2367,0.3625,5.7002,8.6228,0.3619,0.4003,10.0000,3.0000
69.6497,1393,3.0951,10.2038,3.0031,6.6660,9.2491,0.3635,5.6733,8.6331,0.3619,0.3503,10.0000,3.0000
69.6997,1394,3.0217,10.2037,3.0030,6.6403,9.2609,0.3643,5.6472,8.6424,0.3617,0.3003,10.0000,3.0000
69.7497,1395,3.0217,10.2037,3.0030,6.6403,9.2609,0.3643,5.6472,8.6424,0.3617,0.2503,10.0000,3.0000
69.7997,1396,2.9484,10.2036,3.0030,6.6140,9.2724,0.3658,5.6221,8.6514,0.3616,0.2003,10.0000,3.0000
69.8497,1397,2.9484,10.2036,3.0030,6.6140,9.2724,0.3658,5.6221,8.6514,0.3616,0.1503,10.0000,3.0000
69.8997,1398,2.8751,10.2034,3.0030,6.5875,9.2837,0.3666,5.5975,8.6604,0.3616,0.1003,10.0000,3.0000
69.9497,1399,2.8751,10.2034,3.0030,6.5875,9.2837,0.3666,5.5975,8.6604,0.3616,0.0503,10.0000,3.0000
69.9998,1400,2.8017,10.2033,3.0030,6.5610,9.2948,0.3667,5.5731,8.6695,0.3617,0.0002,10.0000,3.0000
