t,step,drone_x,drone_y,drone_z,dog0_x,dog0_y,dog0_z,dog1_x,dog1_y,dog1_z,target_x,target_y,target_z
0.0506,1,0.0000,0.0000,2.4893,1.2521,0.0005,0.4553,-1.2478,0.0005,0.4554,0.0202,0.0000,3.0000
0.0996,2,0.0000,0.0000,2.4893,1.2521,0.0005,0.4553,-1.2478,0.0005,0.4554,0.0399,0.0000,3.0000
0.1496,3,0.0001,0.0000,2.4816,1.2513,0.0006,0.4579,-1.2487,0.0006,0.4580,0.0598,0.0000,3.0000
0.1996,4,0.0001,0.0000,2.4816,1.2513,0.0006,0.4579,-1.2487,0.0006,0.4580,0.0798,0.0000,3.0000
0.2495,5,0.0006,0.0000,2.4818,1.2504,0.0013,0.4568,-1.2493,0.0007,0.4560,0.0998,0.0000,3.0000
0.3004,6,0.0018,0.0000,2.4900,1.2493,0.0021,0.4508,-1.2493,0.0006,0.4491,0.1202,0.0000,3.0000
0.3496,7,0.0018,0.0000,2.4900,1.2493,0.0021,0.4508,-1.2493,0.0006,0.4491,0.1398,0.0000,3.0000
0.3996,8,0.0039,0.0000,2.5054,1.2474,0.0029,0.4400,-1.2497,0.0005,0.4382,0.1598,0.0000,3.0000
0.4496,9,0.0039,0.0000,2.5054,1.2474,0.0029,0.4400,-1.2497,0.0005,0.4382,0.1798,0.0000,3.0000
0.4996,10,0.0070,0.0000,2.5260,1.2451,0.0035,0.4252,-1.2503,0.0003,0.4252,0.1998,0.0000,3.0000
0.5495,11,0.0070,0.0000,2.5260,1.2451,0.0035,0.4252,-1.2503,0.0003,0.4252,0.2198,0.0000,3.0000
0.5995,12,0.0112,0.0000,2.5503,1.2429,0.0037,0.4074,-1.2505,-0.0004,0.4121,0.2398,0.0000,3.0000
0.6495,13,0.0166,0.0000,2.5769,1.2399,0.0026,0.3882,-1.2498,-0.0011,0.4004,0.2598,0.0000,3.0000
0.6995,14,0.0166,0.0000,2.5769,1.2399,0.0026,0.3882,-1.2498,-0.0011,0.4004,0.2798,0.0000,3.0000
0.7495,15,0.0232,0.0000,2.6047,1.2361,0.0001,0.3684,-1.2486,-0.0013,0.3893,0.2998,0.0000,3.0000
0.7995,16,0.0232,0.0000,2.6047,1.2361,0.0001,0.3684,-1.2486,-0.0013,0.3893,0.3198,0.0000,3.0000
0.8495,17,0.0310,0.0000,2.6329,1.2315,-0.0036,0.3485,-1.2454,-0.0018,0.3814,0.3398,0.0000,3.0000
0.8995,18,0.0310,0.0000,2.6329,1.2315,-0.0036,0.3485,-1.2454,-0.0018,0.3814,0.3598,0.0000,3.0000
0.9495,19,0.0401,0.0000,2.6611,1.2256,-0.0088,0.3295,-1.2397,-0.0027,0.3789,0.3798,0.0000,3.0000
0.9995,20,0.0504,0.0000,2.6885,1.2185,-0.0133,0.3145,-1.2327,-0.0033,0.3786,0.3998,0.0000,3.0000
1.0496,21,0.0504,0.0000,2.6885,1.2185,-0.0133,0.3145,-1.2327,-0.0033,0.3786,0.4198,0.0000,3.0000
1.0996,22,0.0619,0.0000,2.7151,1.2093,-0.0152,0.3072,-1.2252,-0.0035,0.3786,0.4398,0.0000,3.0000
1.1496,23,0.0619,0.0000,2.7151,1.2093,-0.0152,0.3072,-1.2252,-0.0035,0.3786,0.4598,0.0000,3.0000
1.1995,24,0.0744,0.0000,2.7404,1.1997,-0.0146,0.3054,-1.2178,-0.0036,0.3781,0.4798,0.0000,3.0000
1.2495,25,0.0880,0.0000,2.7644,1.1901,-0.0121,0.3068,-1.2107,-0.0042,0.3761,0.4998,0.0000,3.0000
1.2995,26,0.0880,0.0000,2.7644,1.1901,-0.0121,0.3068,-1.2107,-0.0042,0.3761,0.5198,0.0000,3.0000
1.3495,27,0.1026,0.0000,2.7870,1.1806,-0.0088,0.3090,-1.2034,-0.0053,0.3735,0.5398,0.0000,3.0000
1.3994,28,0.1181,0.0000,2.8081,1.1716,-0.0049,0.3108,-1.1949,-0.0067,0.3703,0.5598,0.0000,3.0000
1.4496,29,0.1181,0.0000,2.8081,1.1716,-0.0049,0.3108,-1.1949,-0.0067,0.3703,0.5798,0.0000,3.0000
1.4998,30,0.1346,0.0000,2.8277,1.1627,-0.0008,0.3114,-1.1857,-0.0088,0.3689,0.5999,0.0000,3.0000
1.5495,31,0.1346,0.0000,2.8277,1.1627,-0.0008,0.3114,-1.1857,-0.0088,0.3689,0.6198,0.0000,3.0000
1.5996,32,0.1519,0.0000,2.8458,1.1541,0.0040,0.3106,-1.1762,-0.0111,0.3687,0.6398,0.0000,3.0000
1.6495,33,0.1519,0.0000,2.8458,1.1541,0.0040,0.3106,-1.1762,-0.0111,0.3687,0.6598,0.0000,3.0000
1.6995,34,0.1701,0.0000,2.8625,1.1463,0.0095,0.3080,-1.1664,-0.0133,0.3684,0.6798,0.0000,3.0000
1.7496,35,0.1701,0.0000,2.8625,1.1463,0.0095,0.3080,-1.1664,-0.0133,0.3684,0.6998,0.0000,3.0000
1.7995,36,0.1892,0.0000,2.8779,1.1393,0.0156,0.3040,-1.1562,-0.0154,0.3683,0.7198,0.0000,3.0000
1.8495,37,0.2092,0.0000,2.8919,1.1330,0.0224,0.2986,-1.1458,-0.0175,0.3685,0.7398,0.0000,3.0000
1.8996,38,0.2092,0.0000,2.8919,1.1330,0.0224,0.2986,-1.1458,-0.0175,0.3685,0.7599,0.0000,3.0000
1.9496,39,0.2300,0.0000,2.9047,1.1277,0.0308,0.2952,-1.1348,-0.0194,0.3687,0.7798,0.0000,3.0000
1.9996,40,0.2300,0.0000,2.9047,1.1277,0.0308,0.2952,-1.1348,-0.0194,0.3687,0.7998,0.0000,3.0000
2.0495,41,0.2516,0.0000,2.9164,1.1232,0.0391,0.2908,-1.1230,-0.0214,0.3689,0.8198,0.0000,3.0000
2.0996,42,0.2738,0.0000,2.9270,1.1198,0.0476,0.2856,-1.1102,-0.0235,0.3694,0.8398,0.0000,3.0000
2.1496,43,0.2738,0.0000,2.9270,1.1198,0.0476,0.2856,-1.1102,-0.0235,0.3694,0.8598,0.0000,3.0000
2.1997,44,0.2966,0.0000,2.9366,1.1175,0.0563,0.2790,-1.0965,-0.0255,0.3711,0.8799,0.0000,3.0000
2.2495,45,0.3199,0.0000,2.9452,1.1163,0.0652,0.2710,-1.0818,-0.0277,0.3738,0.8998,0.0000,3.0000
2.2995,46,0.3199,0.0000,2.9452,1.1163,0.0652,0.2710,-1.0818,-0.0277,0.3738,0.9198,0.0000,3.0000
2.3496,47,0.3436,0.0000,2.9531,1.1157,0.0731,0.2643,-1.0661,-0.0298,0.3761,0.9398,0.0000,3.0000
2.3995,48,0.3679,0.0000,2.9601,1.1158,0.0797,0.2596,-1.0498,-0.0319,0.3761,0.9598,0.0000,3.0000
2.4495,49,0.3679,0.0000,2.9601,1.1158,0.0797,0.2596,-1.0498,-0.0319,0.3761,0.9798,0.0000,3.0000
2.4995,50,0.3927,0.0000,2.9665,1.1164,0.0851,0.2577,-1.0335,-0.0339,0.3754,0.9998,0.0000,3.0000
2.5495,51,0.4179,0.0000,2.9722,1.1174,0.0894,0.2593,-1.0174,-0.0358,0.3750,1.0198,0.0000,3.0000
2.5995,52,0.4179,0.0000,2.9722,1.1174,0.0894,0.2593,-1.0174,-0.0358,0.3750,1.0398,0.0000,3.0000
2.6495,53,0.4435,0.0000,2.9773,1.1187,0.0929,0.2638,-1.0013,-0.0377,0.3748,1.0598,0.0000,3.0000
2.6996,54,0.4435,0.0000,2.9773,1.1187,0.0929,0.2638,-1.0013,-0.0377,0.3748,1.0798,0.0000,3.0000
2.7496,55,0.4695,0.0000,2.9819,1.1207,0.0958,0.2699,-0.9848,-0.0395,0.3747,1.0998,0.0000,3.0000
2.7995,56,0.4958,0.0000,2.9860,1.1233,0.0979,0.2772,-0.9676,-0.0412,0.3742,1.1198,0.0000,3.0000
2.8495,57,0.4958,0.0000,2.9860,1.1233,0.0979,0.2772,-0.9676,-0.0412,0.3742,1.1398,0.0000,3.0000
2.8996,58,0.5226,0.0000,2.9896,1.1259,0.0983,0.2846,-0.9494,-0.0430,0.3736,1.1598,0.0000,3.0000
2.9495,59,0.5226,0.0000,2.9896,1.1259,0.0983,0.2846,-0.9494,-0.0430,0.3736,1.1798,0.0000,3.0000
2.9995,60,0.5496,0.0000,2.9929,1.1284,0.0975,0.2915,-0.9304,-0.0448,0.3732,1.1998,0.0000,3.0000
3.0496,61,0.5771,0.0000,2.9958,1.1305,0.0970,0.2968,-0.9108,-0.0467,0.3731,1.2198,0.0000,3.0000
3.0996,62,0.5771,0.0000,2.9958,1.1305,0.0970,0.2968,-0.9108,-0.0467,0.3731,1.2398,0.0000,3.0000
3.1496,63,0.6049,0.0000,2.9984,1.1328,0.0968,0.3007,-0.8908,-0.0486,0.3753,1.2598,0.0000,3.0000
3.1996,64,0.6329,0.0000,3.0007,1.1365,0.0965,0.3044,-0.8711,-0.0500,0.3786,1.2798,0.0000,3.0000
3.2496,65,0.6329,0.0000,3.0007,1.1365,0.0965,0.3044,-0.8711,-0.0500,0.3786,1.2998,0.0000,3.0000
3.2996,66,0.6613,0.0000,3.0027,1.1431,0.0970,0.3092,-0.8517,-0.0511,0.3813,1.3198,0.0000,3.0000
3.3496,67,0.6897,0.0000,3.0046,1.1514,0.0975,0.3136,-0.8324,-0.0521,0.3837,1.3398,0.0000,3.0000
3.3996,68,0.6897,0.0000,3.0046,1.1514,0.0975,0.3136,-0.8324,-0.0521,0.3837,1.3599,0.0000,3.0000
3.4496,69,0.7182,0.0000,3.0062,1.1603,0.0985,0.3158,-0.8129,-0.0528,0.3858,1.3798,0.0000,3.0000
3.4995,70,0.7469,0.0000,3.0076,1.1705,0.1004,0.3160,-0.7929,-0.0532,0.3877,1.3998,0.0000,3.0000
3.5496,71,0.7469,0.0000,3.0076,1.1705,0.1004,0.3160,-0.7929,-0.0532,0.3877,1.4198,0.0000,3.0000
3.5995,72,0.7759,0.0000,3.0089,1.1822,0.1029,0.3146,-0.7718,-0.0535,0.3888,1.4398,0.0000,3.0000
3.6494,73,0.7759,0.0000,3.0089,1.1947,0.1054,0.3103,-0.7718,-0.0535,0.3888,1.4598,0.0000,3.0000
3.6996,74,0.8050,-0.0000,3.0100,1.1947,0.1054,0.3103,-0.7495,-0.0537,0.3892,1.4798,0.0000,3.0000
3.7496,75,0.8342,-0.0000,3.0110,1.2078,0.1082,0.3036,-0.7264,-0.0537,0.3902,1.4998,0.0000,3.0000
3.7995,76,0.8342,-0.0000,3.0110,1.2078,0.1082,0.3036,-0.7264,-0.0537,0.3902,1.5198,0.0000,3.0000
3.8495,77,0.8636,-0.0000,3.0118,1.2221,0.1115,0.2973,-0.7025,-0.0534,0.3899,1.5398,0.0000,3.0000
3.8995,78,0.8930,-0.0000,3.0126,1.2373,0.1152,0.2937,-0.6781,-0.0528,0.3876,1.5598,0.0000,3.0000
3.9495,79,0.8930,-0.0000,3.0126,1.2373,0.1152,0.2937,-0.6781,-0.0528,0.3876,1.5798,0.0000,3.0000
3.9995,80,0.9226,-0.0000,3.0132,1.2525,0.1183,0.2916,-0.6541,-0.0520,0.3849,1.5998,0.0000,3.0000
4.0496,81,0.9523,-0.0000,3.0138,1.2683,0.1210,0.2910,-0.6302,-0.0511,0.3825,1.6198,0.0000,3.0000
4.0996,82,0.9523,-0.0000,3.0138,1.2683,0.1210,0.2910,-0.6302,-0.0511,0.3825,1.6398,0.0000,3.0000
4.1497,83,0.9820,-0.0000,3.0143,1.2848,0.1234,0.2914,-0.6062,-0.0500,0.3803,1.6599,0.0000,3.0000
4.1995,84,0.9820,-0.0000,3.0143,1.2848,0.1234,0.2914,-0.6062,-0.0500,0.3803,1.6798,0.0000,3.0000
4.2496,85,1.0119,-0.0000,3.0148,1.3026,0.1261,0.2927,-0.5817,-0.0485,0.3782,1.6998,0.0000,3.0000
4.2995,86,1.0421,-0.0000,3.0152,1.3219,0.1290,0.2955,-0.5565,-0.0465,0.3762,1.7198,0.0000,3.0000
4.3496,87,1.0421,-0.0000,3.0152,1.3219,0.1290,0.2955,-0.5565,-0.0465,0.3762,1.7398,0.0000,3.0000
4.3995,88,1.0726,-0.0000,3.0155,1.3422,0.1319,0.3003,-0.5303,-0.0441,0.3747,1.7598,0.0000,3.0000
4.4496,89,1.0726,-0.0000,3.0155,1.3422,0.1319,0.3003,-0.5303,-0.0441,0.3747,1.7798,0.0000,3.0000
4.4995,90,1.1033,-0.0000,3.0158,1.3633,0.1350,0.3071,-0.5040,-0.0414,0.3747,1.7998,0.0000,3.0000
4.5496,91,1.1033,-0.0000,3.0158,1.3633,0.1350,0.3071,-0.5040,-0.0414,0.3747,1.8198,0.0000,3.0000
4.5996,92,1.1343,-0.0000,3.0161,1.3848,0.1386,0.3160,-0.4782,-0.0390,0.3756,1.8398,0.0000,3.0000
4.6496,93,1.1653,-0.0000,3.0163,1.4065,0.1430,0.3249,-0.4527,-0.0368,0.3764,1.8598,0.0000,3.0000
4.6995,94,1.1653,-0.0000,3.0163,1.4065,0.1430,0.3249,-0.4527,-0.0368,0.3764,1.8798,0.0000,3.0000
4.7495,95,1.1965,-0.0000,3.0165,1.4285,0.1479,0.3327,-0.4273,-0.0346,0.3773,1.8998,0.0000,3.0000
4.7996,96,1.1965,-0.0000,3.0165,1.4285,0.1479,0.3327,-0.4273,-0.0346,0.3773,1.9198,0.0000,3.0000
4.8496,97,1.2279,-0.0000,3.0166,1.4513,0.1533,0.3396,-0.4019,-0.0325,0.3779,1.9398,0.0000,3.0000
4.8995,98,1.2595,-0.0000,3.0168,1.4750,0.1592,0.3454,-0.3762,-0.0306,0.3784,1.9598,0.0000,3.0000
4.9496,99,1.2595,-0.0000,3.0168,1.4750,0.1592,0.3454,-0.3762,-0.0306,0.3784,1.9798,0.0000,3.0000
4.9996,100,1.2912,-0.0000,3.0169,1.4998,0.1652,0.3495,-0.3500,-0.0286,0.3789,1.9998,0.0000,3.0000
5.0496,101,1.2912,-0.0000,3.0169,1.4998,0.1652,0.3495,-0.3500,-0.0286,0.3789,2.0198,0.0000,3.0000
5.0997,102,1.3231,-0.0000,3.0170,1.5256,0.1717,0.3517,-0.3229,-0.0265,0.3794,2.0399,0.0000,3.0000
5.1496,103,1.3231,-0.0000,3.0170,1.5256,0.1717,0.3517,-0.3229,-0.0265,0.3794,2.0599,0.0000,3.0000
5.1996,104,1.3552,-0.0000,3.0171,1.5510,0.1783,0.3536,-0.2948,-0.0244,0.3794,2.0798,0.0000,3.0000
5.2495,105,1.3876,-0.0000,3.0171,1.5759,0.1856,0.3566,-0.2658,-0.0223,0.3791,2.0998,0.0000,3.0000
5.2996,106,1.3876,-0.0000,3.0171,1.5759,0.1856,0.3566,-0.2658,-0.0223,0.3791,2.1198,0.0000,3.0000
5.3496,107,1.4201,-0.0000,3.0172,1.6009,0.1936,0.3598,-0.2370,-0.0202,0.3775,2.1398,0.0000,3.0000
5.3996,108,1.4201,-0.0000,3.0172,1.6009,0.1936,0.3598,-0.2370,-0.0202,0.3775,2.1598,0.0000,3.0000
5.4495,109,1.4527,-0.0000,3.0172,1.6263,0.2021,0.3635,-0.2083,-0.0183,0.3750,2.1798,0.0000,3.0000
5.4995,110,1.4855,-0.0000,3.0172,1.6524,0.2113,0.3669,-0.1803,-0.0166,0.3734,2.1998,0.0000,3.0000
5.5496,111,1.4855,-0.0000,3.0172,1.6524,0.2113,0.3669,-0.1803,-0.0166,0.3734,2.2198,0.0000,3.0000
5.5996,112,1.5184,-0.0000,3.0173,1.6792,0.2213,0.3693,-0.1529,-0.0153,0.3723,2.2398,0.0000,3.0000
5.6495,113,1.5184,-0.0000,3.0173,1.6792,0.2213,0.3693,-0.1529,-0.0153,0.3723,2.2598,0.0000,3.0000
5.6995,114,1.5514,-0.0000,3.0173,1.7067,0.2317,0.3701,-0.1256,-0.0141,0.3715,2.2798,0.0000,3.0000
5.7495,115,1.5845,-0.0000,3.0173,1.7341,0.2425,0.3688,-0.0982,-0.0131,0.3709,2.2998,0.0000,3.0000
5.7996,116,1.5845,-0.0000,3.0173,1.7341,0.2425,0.3688,-0.0982,-0.0131,0.3709,2.3198,0.0000,3.0000
5.8495,117,1.6177,-0.0000,3.0173,1.7589,0.2533,0.3687,-0.0702,-0.0123,0.3703,2.3398,0.0000,3.0000
5.8995,118,1.6177,-0.0000,3.0173,1.7589,0.2533,0.3687,-0.0702,-0.0123,0.3703,2.3598,0.0000,3.0000
5.9496,119,1.6509,-0.0000,3.0173,1.7816,0.2657,0.3713,-0.0417,-0.0116,0.3699,2.3798,0.0000,3.0000
5.9995,120,1.6843,-0.0000,3.0173,1.8035,0.2792,0.3752,-0.0124,-0.0110,0.3698,2.3998,0.0000,3.0000
6.0496,121,1.6843,-0.0000,3.0173,1.8035,0.2792,0.3752,-0.0124,-0.0110,0.3698,2.4198,0.0000,3.0000
6.0995,122,1.7177,-0.0000,3.0172,1.8250,0.2932,0.3795,0.0175,-0.0107,0.3698,2.4398,0.0000,3.0000
6.1494,123,1.7511,-0.0000,3.0172,1.8465,0.3074,0.3818,0.0464,-0.0104,0.3718,2.4598,0.0000,3.0000
6.1995,124,1.7511,-0.0000,3.0172,1.8465,0.3074,0.3818,0.0464,-0.0104,0.3718,2.4798,0.0000,3.0000
6.2496,125,1.7845,-0.0000,3.0172,1.8681,0.3219,0.3820,0.0741,-0.0102,0.3748,2.4998,0.0000,3.0000
6.2995,126,1.7845,-0.0000,3.0172,1.8681,0.3219,0.3820,0.0741,-0.0102,0.3748,2.5198,0.0000,3.0000
6.3495,127,1.8179,-0.0000,3.0172,1.8898,0.3370,0.3795,0.1015,-0.0098,0.3775,2.5398,0.0000,3.0000
6.3995,128,1.8179,-0.0000,3.0172,1.9102,0.3519,0.3758,0.1015,-0.0098,0.3775,2.5598,0.0000,3.0000
6.4495,129,1.8513,-0.0000,3.0171,1.9102,0.3519,0.3758,0.1289,-0.0094,0.3799,2.5798,0.0000,3.0000
6.4995,130,1.8848,-0.0000,3.0171,1.9293,0.3675,0.3728,0.1565,-0.0090,0.3820,2.5998,0.0000,3.0000
6.5496,131,1.8848,-0.0000,3.0171,1.9293,0.3675,0.3728,0.1565,-0.0090,0.3820,2.6198,0.0000,3.0000
6.5996,132,1.9182,-0.0000,3.0171,1.9472,0.3842,0.3725,0.1845,-0.0086,0.3836,2.6398,0.0000,3.0000
6.6495,133,1.9517,-0.0000,3.0171,1.9641,0.4016,0.3732,0.2130,-0.0079,0.3851,2.6598,0.0000,3.0000
6.6996,134,1.9517,-0.0000,3.0171,1.9641,0.4016,0.3732,0.2130,-0.0079,0.3851,2.6798,0.0000,3.0000
6.7495,135,1.9853,-0.0000,3.0170,1.9801,0.4197,0.3740,0.2425,-0.0073,0.3861,2.6998,0.0000,3.0000
6.7994,136,2.0188,-0.0000,3.0170,1.9955,0.4388,0.3746,0.2729,-0.0067,0.3864,2.7198,0.0000,3.0000
6.8495,137,2.0188,-0.0000,3.0170,1.9955,0.4388,0.3746,0.2729,-0.0067,0.3864,2.7398,0.0000,3.0000
6.8995,138,2.0523,-0.0000,3.0169,2.0107,0.4591,0.3741,0.3032,-0.0061,0.3853,2.7598,0.0000,3.0000
6.9495,139,2.0523,-0.0000,3.0169,2.0255,0.4805,0.3726,0.3032,-0.0061,0.3853,2.7798,0.0000,3.0000
6.9995,140,2.0858,-0.0000,3.0169,2.0255,0.4805,0.3726,0.3332,-0.0055,0.3833,2.7998,0.0000,3.0000
7.0495,141,2.1193,-0.0000,3.0169,2.0391,0.5023,0.3716,0.3624,-0.0050,0.3821,2.8198,0.0000,3.0000
7.0996,142,2.1193,-0.0000,3.0169,2.0391,0.5023,0.3716,0.3624,-0.0050,0.3821,2.8398,0.0000,3.0000
7.1496,143,2.1528,-0.0000,3.0168,2.0513,0.5243,0.3706,0.3911,-0.0049,0.3815,2.8598,0.0000,3.0000
7.1994,144,2.1862,-0.0000,3.0168,2.0620,0.5461,0.3690,0.4197,-0.0048,0.3811,2.8798,0.0000,3.0000
7.2495,145,2.1862,-0.0000,3.0168,2.0620,0.5461,0.3690,0.4197,-0.0048,0.3811,2.8998,0.0000,3.0000
7.2996,146,2.2197,-0.0000,3.0168,2.0714,0.5674,0.3663,0.4484,-0.0049,0.3808,2.9198,0.0000,3.0000
7.3495,147,2.2197,-0.0000,3.0168,2.0714,0.5674,0.3663,0.4484,-0.0049,0.3808,2.9398,0.0000,3.0000
7.3996,148,2.2531,-0.0000,3.0167,2.0791,0.5885,0.3639,0.4774,-0.0051,0.3807,2.9598,0.0000,3.0000
7.4495,149,2.2864,-0.0000,3.0167,2.0851,0.6092,0.3625,0.5069,-0.0054,0.3808,2.9798,0.0000,3.0000
7.4995,150,2.2864,-0.0000,3.0167,2.0851,0.6092,0.3625,0.5069,-0.0054,0.3808,2.9998,0.0000,3.0000
7.5496,151,2.3196,-0.0000,3.0166,2.0899,0.6300,0.3615,0.5372,-0.0059,0.3810,3.0198,0.0000,3.0000
7.5994,152,2.3529,-0.0000,3.0166,2.0936,0.6516,0.3609,0.5676,-0.0066,0.3809,3.0398,0.0000,3.0000
7.6495,153,2.3529,-0.0000,3.0166,2.0936,0.6516,0.3609,0.5676,-0.0066,0.3809,3.0598,0.0000,3.0000
7.6996,154,2.3861,-0.0000,3.0165,2.0964,0.6742,0.3604,0.5968,-0.0074,0.3822,3.0798,0.0000,3.0000
7.7495,155,2.3861,-0.0000,3.0165,2.0964,0.6742,0.3604,0.5968,-0.0074,0.3822,3.0998,0.0000,3.0000
7.7996,156,2.4193,-0.0000,3.0165,2.0984,0.6973,0.3591,0.6251,-0.0080,0.3838,3.1198,0.0000,3.0000
7.8495,157,2.4193,-0.0000,3.0165,2.0984,0.6973,0.3591,0.6251,-0.0080,0.3838,3.1398,0.0000,3.0000
7.8996,158,2.4526,-0.0000,3.0165,2.0999,0.7207,0.3557,0.6529,-0.0085,0.3855,3.1598,0.0000,3.0000
7.9496,159,2.4860,-0.0000,3.0164,2.1004,0.7429,0.3514,0.6809,-0.0090,0.3869,3.1798,0.0000,3.0000
7.9997,160,2.4860,-0.0000,3.0164,2.1004,0.7429,0.3514,0.6809,-0.0090,0.3869,3.1999,0.0000,3.0000
8.0496,161,2.5195,-0.0000,3.0164,2.0990,0.7641,0.3490,0.7092,-0.0095,0.3877,3.2198,0.0000,3.0000
8.0995,162,2.5530,-0.0000,3.0163,2.0960,0.7849,0.3475,0.7381,-0.0099,0.3882,3.2398,0.0000,3.0000
8.1495,163,2.5530,-0.0000,3.0163,2.0960,0.7849,0.3475,0.7381,-0.0099,0.3882,3.2598,0.0000,3.0000
8.1996,164,2.5866,-0.0000,3.0163,2.0915,0.8057,0.3460,0.7677,-0.0103,0.3885,3.2798,0.0000,3.0000
8.2495,165,2.5866,-0.0000,3.0163,2.0915,0.8057,0.3460,0.7677,-0.0103,0.3885,3.2998,0.0000,3.0000
8.2995,166,2.6201,-0.0000,3.0163,2.0852,0.8261,0.3449,0.7981,-0.0106,0.3887,3.3198,0.0000,3.0000
8.3496,167,2.6536,-0.0000,3.0162,2.0775,0.8449,0.3455,0.8292,-0.0108,0.3880,3.3398,0.0000,3.0000
8.3996,168,2.6536,-0.0000,3.0162,2.0775,0.8449,0.3455,0.8292,-0.0108,0.3880,3.3598,0.0000,3.0000
8.4496,169,2.6872,-0.0000,3.0162,2.0701,0.8623,0.3472,0.8599,-0.0111,0.3857,3.3798,0.0000,3.0000
8.4994,170,2.7207,-0.0000,3.0161,2.0630,0.8789,0.3496,0.8901,-0.0114,0.3834,3.3998,0.0000,3.0000
8.5496,171,2.7207,-0.0000,3.0161,2.0630,0.8789,0.3496,0.8901,-0.0114,0.3834,3.4198,0.0000,3.0000
8.5995,172,2.7542,-0.0000,3.0161,2.0559,0.8948,0.3520,0.9194,-0.0119,0.3820,3.4398,0.0000,3.0000
8.6496,173,2.7542,-0.0000,3.0161,2.0559,0.8948,0.3520,0.9194,-0.0119,0.3820,3.4598,0.0000,3.0000
8.6996,174,2.7877,-0.0000,3.0160,2.0487,0.9101,0.3535,0.9483,-0.0125,0.3811,3.4798,0.0000,3.0000
8.7495,175,2.8210,-0.0000,3.0160,2.0409,0.9251,0.3537,0.9770,-0.0131,0.3805,3.4998,0.0000,3.0000
8.7996,176,2.8210,-0.0000,3.0160,2.0409,0.9251,0.3537,0.9770,-0.0131,0.3805,3.5198,0.0000,3.0000
8.8496,177,2.8543,-0.0000,3.0160,2.0328,0.9403,0.3526,1.0058,-0.0138,0.3801,3.5398,0.0000,3.0000
8.8996,178,2.8543,-0.0000,3.0160,2.0328,0.9403,0.3526,1.0058,-0.0138,0.3801,3.5598,0.0000,3.0000
8.9496,179,2.8877,-0.0000,3.0159,2.0252,0.9555,0.3508,1.0349,-0.0147,0.3798,3.5798,0.0000,3.0000
8.9994,180,2.9211,-0.0000,3.0159,2.0193,0.9698,0.3486,1.0647,-0.0158,0.3796,3.5998,0.0000,3.0000
9.0496,181,2.9211,-0.0000,3.0159,2.0193,0.9698,0.3486,1.0647,-0.0158,0.3796,3.6198,0.0000,3.0000
9.0995,182,2.9546,-0.0000,3.0158,2.0148,0.9829,0.3478,1.0947,-0.0171,0.3793,3.6398,0.0000,3.0000
9.1495,183,2.9546,-0.0000,3.0158,2.0148,0.9829,0.3478,1.0947,-0.0171,0.3793,3.6598,0.0000,3.0000
9.1996,184,2.9880,-0.0000,3.0158,2.0118,0.9945,0.3486,1.1247,-0.0185,0.3780,3.6798,0.0000,3.0000
9.2495,185,3.0216,-0.0000,3.0158,2.0102,1.0048,0.3498,1.1540,-0.0201,0.3781,3.6998,0.0000,3.0000
9.2996,186,3.0216,-0.0000,3.0158,2.0102,1.0048,0.3498,1.1540,-0.0201,0.3781,3.7198,0.0000,3.0000
9.3496,187,3.0552,-0.0000,3.0157,2.0097,1.0139,0.3511,1.1822,-0.0216,0.3791,3.7398,0.0000,3.0000
9.3995,188,3.0889,-0.0000,3.0157,2.0101,1.0220,0.3522,1.2100,-0.0229,0.3800,3.7598,0.0000,3.0000
9.4496,189,3.0889,-0.0000,3.0157,2.0101,1.0220,0.3522,1.2100,-0.0229,0.3800,3.7798,0.0000,3.0000
9.4995,190,3.1224,-0.0000,3.0156,2.0115,1.0290,0.3531,1.2380,-0.0240,0.3806,3.7998,0.0000,3.0000
9.5496,191,3.1224,-0.0000,3.0156,2.0115,1.0290,0.3531,1.2380,-0.0240,0.3806,3.8199,0.0000,3.0000
9.5995,192,3.1560,-0.0000,3.0156,2.0138,1.0352,0.3536,1.2662,-0.0249,0.3811,3.8398,0.0000,3.0000
9.6495,193,3.1896,-0.0000,3.0156,2.0171,1.0404,0.3536,1.2949,-0.0258,0.3813,3.8598,0.0000,3.0000
9.6995,194,3.1896,-0.0000,3.0156,2.0171,1.0404,0.3536,1.2949,-0.0258,0.3813,3.8798,0.0000,3.0000
9.7495,195,3.2232,-0.0000,3.0155,2.0214,1.0448,0.3527,1.3244,-0.0268,0.3811,3.8998,0.0000,3.0000
9.7995,196,3.2232,-0.0000,3.0155,2.0214,1.0448,0.3527,1.3244,-0.0268,0.3811,3.9198,0.0000,3.0000
9.8496,197,3.2567,-0.0000,3.0155,2.0268,1.0484,0.3515,1.3548,-0.0278,0.3809,3.9398,0.0000,3.0000
9.8996,198,3.2567,-0.0000,3.0155,2.0268,1.0484,0.3515,1.3548,-0.0278,0.3809,3.9598,0.0000,3.0000
9.9497,199,3.2903,-0.0000,3.0154,2.0333,1.0512,0.3500,1.3860,-0.0287,0.3799,3.9799,0.0000,3.0000
9.9996,200,3.3238,-0.0000,3.0154,2.0408,1.0533,0.3487,1.4171,-0.0296,0.3785,3.9998,0.0000,3.0000
10.0496,201,3.3238,-0.0000,3.0154,2.0408,1.0533,0.3487,1.4171,-0.0296,0.3785,4.0198,0.0000,3.0000
10.0996,202,3.3575,-0.0000,3.0154,2.0493,1.0547,0.3477,1.4472,-0.0305,0.3778,4.0398,0.0000,3.0000
10.1496,203,3.3575,-0.0000,3.0154,2.0493,1.0547,0.3477,1.4472,-0.0305,0.3778,4.0598,0.0000,3.0000
10.1996,204,3.3912,-0.0000,3.0153,2.0591,1.0552,0.3468,1.4763,-0.0316,0.3779,4.0798,0.0000,3.0000
10.2495,205,3.4250,-0.0000,3.0153,2.0704,1.0546,0.3465,1.5050,-0.0328,0.3784,4.0998,0.0000,3.0000
10.2996,206,3.4250,-0.0000,3.0153,2.0704,1.0546,0.3465,1.5050,-0.0328,0.3784,4.1199,0.0000,3.0000
10.3496,207,3.4587,-0.0000,3.0152,2.0833,1.0529,0.3460,1.5336,-0.0342,0.3788,4.1398,0.0000,3.0000
10.3995,208,3.4587,-0.0000,3.0152,2.0833,1.0529,0.3460,1.5336,-0.0342,0.3788,4.1598,0.0000,3.0000
10.4495,209,3.4925,-0.0000,3.0152,2.0972,1.0506,0.3448,1.5621,-0.0358,0.3794,4.1798,0.0000,3.0000
10.4996,210,3.5263,-0.0000,3.0152,2.1112,1.0481,0.3416,1.5908,-0.0377,0.3802,4.1998,0.0000,3.0000
10.5497,211,3.5263,-0.0000,3.0152,2.1112,1.0481,0.3416,1.5908,-0.0377,0.3802,4.2199,0.0000,3.0000
10.5997,212,3.5601,-0.0000,3.0151,2.1253,1.0456,0.3377,1.6198,-0.0399,0.3810,4.2399,0.0000,3.0000
10.6496,213,3.5601,-0.0000,3.0151,2.1253,1.0456,0.3377,1.6198,-0.0399,0.3810,4.2598,0.0000,3.0000
10.6997,214,3.5940,-0.0000,3.0151,2.1399,1.0433,0.3340,1.6492,-0.0422,0.3814,4.2799,0.0000,3.0000
10.7496,215,3.6279,-0.0000,3.0150,2.1561,1.0409,0.3298,1.6787,-0.0448,0.3806,4.2998,0.0000,3.0000
10.7995,216,3.6279,-0.0000,3.0150,2.1561,1.0409,0.3298,1.6787,-0.0448,0.3806,4.3198,0.0000,3.0000
10.8495,217,3.6617,-0.0000,3.0150,2.1735,1.0381,0.3250,1.7076,-0.0477,0.3804,4.3398,0.0000,3.0000
10.8994,218,3.6956,-0.0000,3.0150,2.1910,1.0340,0.3196,1.7356,-0.0510,0.3808,4.3598,0.0000,3.0000
10.9495,219,3.6956,-0.0000,3.0150,2.1910,1.0340,0.3196,1.7356,-0.0510,0.3808,4.3798,0.0000,3.0000
10.9996,220,3.7296,-0.0000,3.0149,2.2086,1.0294,0.3146,1.7633,-0.0543,0.3809,4.3998,0.0000,3.0000
11.0495,221,3.7296,-0.0000,3.0149,2.2086,1.0294,0.3146,1.7633,-0.0543,0.3809,4.4198,0.0000,3.0000
11.0996,222,3.7635,-0.0000,3.0149,2.2266,1.0247,0.3108,1.7910,-0.0577,0.3808,4.4398,0.0000,3.0000
11.1495,223,3.7975,-0.0000,3.0149,2.2448,1.0202,0.3081,1.8188,-0.0611,0.3809,4.4598,0.0000,3.0000
11.1995,224,3.7975,-0.0000,3.0149,2.2448,1.0202,0.3081,1.8188,-0.0611,0.3809,4.4798,0.0000,3.0000
11.2497,225,3.8315,-0.0000,3.0148,2.2632,1.0156,0.3058,1.8469,-0.0648,0.3811,4.4999,0.0000,3.0000
11.2995,226,3.8315,-0.0000,3.0148,2.2632,1.0156,0.3058,1.8469,-0.0648,0.3811,4.5198,0.0000,3.0000
11.3495,227,3.8655,-0.0000,3.0148,2.2822,1.0108,0.3033,1.8758,-0.0689,0.3811,4.5398,0.0000,3.0000
11.3996,228,3.8655,-0.0000,3.0148,2.2822,1.0108,0.3033,1.8758,-0.0689,0.3811,4.5598,0.0000,3.0000
11.4495,229,3.8998,-0.0000,3.0147,2.3022,1.0059,0.3005,1.9054,-0.0736,0.3813,4.5798,0.0000,3.0000
11.4996,230,3.8998,-0.0000,3.0147,2.3022,1.0059,0.3005,1.9054,-0.0736,0.3813,4.5998,0.0000,3.0000
11.5495,231,3.9341,-0.0000,3.0147,2.3238,1.0007,0.2975,1.9357,-0.0787,0.3815,4.6198,0.0000,3.0000
11.5995,232,3.9341,-0.0000,3.0147,2.3238,1.0007,0.2975,1.9357,-0.0787,0.3815,4.6398,0.0000,3.0000
11.6495,233,3.9685,-0.0000,3.0147,2.3467,0.9956,0.2953,1.9661,-0.0839,0.3809,4.6598,0.0000,3.0000
11.6995,234,4.0030,-0.0000,3.0146,2.3703,0.9908,0.2964,1.9959,-0.0893,0.3800,4.6798,0.0000,3.0000
11.7496,235,4.0030,-0.0000,3.0146,2.3703,0.9908,0.2964,1.9959,-0.0893,0.3800,4.6998,0.0000,3.0000
11.7996,236,4.0374,-0.0000,3.0146,2.3947,0.9861,0.3012,2.0248,-0.0947,0.3801,4.7198,0.0000,3.0000
11.8494,237,4.0374,-0.0000,3.0146,2.4192,0.9812,0.3075,2.0248,-0.0947,0.3801,4.7398,0.0000,3.0000
11.8996,238,4.0720,-0.0000,3.0146,2.4192,0.9812,0.3075,2.0529,-0.1004,0.3806,4.7598,0.0000,3.0000
11.9496,239,4.0720,-0.0000,3.0146,2.4192,0.9812,0.3075,2.0529,-0.1004,0.3806,4.7798,0.0000,3.0000
11.9995,240,4.1066,-0.0000,3.0145,2.4436,0.9760,0.3137,2.0806,-0.1064,0.3813,4.7998,0.0000,3.0000
12.0496,241,4.1411,-0.0000,3.0145,2.4680,0.9708,0.3198,2.1082,-0.1127,0.3821,4.8198,0.0000,3.0000
12.0996,242,4.1411,-0.0000,3.0145,2.4680,0.9708,0.3198,2.1082,-0.1127,0.3821,4.8398,0.0000,3.0000
12.1495,243,4.1757,-0.0000,3.0144,2.4921,0.9657,0.3260,2.1361,-0.1196,0.3830,4.8598,0.0000,3.0000
12.1996,244,4.1757,-0.0000,3.0144,2.4921,0.9657,0.3260,2.1361,-0.1196,0.3830,4.8798,0.0000,3.0000
12.2496,245,4.2104,-0.0000,3.0144,2.5162,0.9605,0.3319,2.1643,-0.1272,0.3842,4.8998,0.0000,3.0000
12.2996,246,4.2451,-0.0000,3.0144,2.5407,0.9553,0.3370,2.1931,-0.1356,0.3852,4.9198,0.0000,3.0000
12.3496,247,4.2451,-0.0000,3.0144,2.5407,0.9553,0.3370,2.1931,-0.1356,0.3852,4.9398,0.0000,3.0000
12.3996,248,4.2799,-0.0000,3.0143,2.5660,0.9503,0.3418,2.2220,-0.1443,0.3853,4.9598,0.0000,3.0000
12.4496,249,4.2799,-0.0000,3.0143,2.5660,0.9503,0.3418,2.2220,-0.1443,0.3853,4.9798,0.0000,3.0000
12.4996,250,4.3147,-0.0000,3.0143,2.5925,0.9455,0.3467,2.2505,-0.1531,0.3851,4.9998,0.0000,3.0000
12.5496,251,4.3495,-0.0000,3.0143,2.6199,0.9406,0.3523,2.2782,-0.1618,0.3853,5.0199,0.0000,3.0000
12.5995,252,4.3495,-0.0000,3.0143,2.6199,0.9406,0.3523,2.2782,-0.1618,0.3853,5.0398,0.0000,3.0000
12.6495,253,4.3842,-0.0000,3.0142,2.6476,0.9354,0.3570,2.3053,-0.1698,0.3859,5.0598,0.0000,3.0000
12.6994,254,4.4190,-0.0000,3.0142,2.6755,0.9301,0.3604,2.3322,-0.1775,0.3865,5.0798,0.0000,3.0000
12.7495,255,4.4190,-0.0000,3.0142,2.6755,0.9301,0.3604,2.3322,-0.1775,0.3865,5.0998,0.0000,3.0000
12.7996,256,4.4538,-0.0000,3.0141,2.7033,0.9250,0.3633,2.3595,-0.1848,0.3870,5.1198,0.0000,3.0000
12.8496,257,4.4538,-0.0000,3.0141,2.7033,0.9250,0.3633,2.3595,-0.1848,0.3870,5.1398,0.0000,3.0000
12.8995,258,4.4885,-0.0000,3.0141,2.7308,0.9199,0.3657,2.3875,-0.1922,0.3873,5.1598,0.0000,3.0000
12.9495,259,4.4885,-0.0000,3.0141,2.7308,0.9199,0.3657,2.3875,-0.1922,0.3873,5.1798,0.0000,3.0000
12.9996,260,4.5233,-0.0000,3.0141,2.7578,0.9148,0.3674,2.4164,-0.1998,0.3874,5.1998,0.0000,3.0000
13.0496,261,4.5233,-0.0000,3.0141,2.7578,0.9148,0.3674,2.4164,-0.1998,0.3874,5.2198,0.0000,3.0000
13.0995,262,4.5582,-0.0000,3.0140,2.7849,0.9095,0.3684,2.4460,-0.2076,0.3875,5.2398,0.0000,3.0000
13.1496,263,4.5930,-0.0000,3.0140,2.8128,0.9040,0.3691,2.4757,-0.2152,0.3880,5.2598,0.0000,3.0000
13.1996,264,4.5930,-0.0000,3.0140,2.8128,0.9040,0.3691,2.4757,-0.2152,0.3880,5.2798,0.0000,3.0000
13.2496,265,4.6279,-0.0000,3.0140,2.8416,0.8986,0.3697,2.5055,-0.2223,0.3878,5.2998,0.0000,3.0000
13.2994,266,4.6628,-0.0000,3.0139,2.8716,0.8932,0.3705,2.5349,-0.2291,0.3873,5.3198,0.0000,3.0000
13.3496,267,4.6628,-0.0000,3.0139,2.8716,0.8932,0.3705,2.5349,-0.2291,0.3873,5.3399,0.0000,3.0000
13.3995,268,4.6977,-0.0000,3.0139,2.9017,0.8880,0.3717,2.5637,-0.2357,0.3874,5.3598,0.0000,3.0000
13.4496,269,4.6977,-0.0000,3.0139,2.9017,0.8880,0.3717,2.5637,-0.2357,0.3874,5.3798,0.0000,3.0000
13.4996,270,4.7325,-0.0000,3.0139,2.9306,0.8832,0.3731,2.5925,-0.2422,0.3875,5.3998,0.0000,3.0000
13.5495,271,4.7325,-0.0000,3.0139,2.9306,0.8832,0.3731,2.5925,-0.2422,0.3875,5.4198,0.0000,3.0000
13.5996,272,4.7674,-0.0000,3.0138,2.9585,0.8785,0.3747,2.6215,-0.2484,0.3876,5.4399,0.0000,3.0000
13.6495,273,4.8024,-0.0000,3.0138,2.9859,0.8736,0.3763,2.6509,-0.2548,0.3876,5.4598,0.0000,3.0000
13.6996,274,4.8024,-0.0000,3.0138,2.9859,0.8736,0.3763,2.6509,-0.2548,0.3876,5.4798,0.0000,3.0000
13.7496,275,4.8374,-0.0000,3.0137,3.0133,0.8685,0.3778,2.6806,-0.2615,0.3880,5.4999,0.0000,3.0000
13.7996,276,4.8374,-0.0000,3.0137,3.0133,0.8685,0.3778,2.6806,-0.2615,0.3880,5.5199,0.0000,3.0000
13.8497,277,4.8724,-0.0000,3.0137,3.0409,0.8633,0.3794,2.7106,-0.2683,0.3878,5.5399,0.0000,3.0000
13.8995,278,4.9074,-0.0000,3.0137,3.0689,0.8582,0.3812,2.7407,-0.2753,0.3866,5.5598,0.0000,3.0000
13.9495,279,4.9074,-0.0000,3.0137,3.0689,0.8582,0.3812,2.7407,-0.2753,0.3866,5.5798,0.0000,3.0000
13.9995,280,4.9074,-0.0000,3.0137,3.0689,0.8582,0.3812,2.7407,-0.2753,0.3866,5.5998,0.0000,3.0000
14.0496,281,4.9425,-0.0000,3.0136,3.0976,0.8532,0.3832,2.7698,-0.2822,0.3861,5.6198,0.0000,3.0000
14.0995,282,4.9777,-0.0000,3.0136,3.1271,0.8481,0.3849,2.7980,-0.2886,0.3860,5.6398,0.0000,3.0000
14.1495,283,4.9777,-0.0000,3.0136,3.1271,0.8481,0.3849,2.7980,-0.2886,0.3860,5.6598,0.0000,3.0000
14.1995,284,5.0131,-0.0000,3.0136,3.1568,0.8431,0.3857,2.8258,-0.2945,0.3861,5.6798,0.0000,3.0000
14.2495,285,5.0131,-0.0000,3.0136,3.1568,0.8431,0.3857,2.8258,-0.2945,0.3861,5.6998,0.0000,3.0000
14.2996,286,5.0484,-0.0000,3.0135,3.1864,0.8383,0.3852,2.8535,-0.3000,0.3864,5.7198,0.0000,3.0000
14.3495,287,5.0837,-0.0000,3.0135,3.2158,0.8334,0.3842,2.8817,-0.3052,0.3866,5.7398,0.0000,3.0000
14.3995,288,5.0837,-0.0000,3.0135,3.2158,0.8334,0.3842,2.8817,-0.3052,0.3866,5.7598,0.0000,3.0000
14.4495,289,5.1191,-0.0000,3.0135,3.2446,0.8284,0.3834,2.9105,-0.3105,0.3869,5.7798,0.0000,3.0000
14.4994,290,5.1191,-0.0000,3.0135,3.2730,0.8232,0.3826,2.9105,-0.3105,0.3869,5.7998,0.0000,3.0000
14.5495,291,5.1544,-0.0000,3.0134,3.2730,0.8232,0.3826,2.9401,-0.3159,0.3871,5.8198,0.0000,3.0000
14.5996,292,5.1896,-0.0000,3.0134,3.3012,0.8177,0.3819,2.9705,-0.3212,0.3872,5.8398,0.0000,3.0000
14.6496,293,5.1896,-0.0000,3.0134,3.3012,0.8177,0.3819,2.9705,-0.3212,0.3872,5.8598,0.0000,3.0000
14.6996,294,5.2247,-0.0000,3.0134,3.3295,0.8121,0.3809,3.0007,-0.3263,0.3877,5.8798,0.0000,3.0000
14.7495,295,5.2598,-0.0000,3.0133,3.3584,0.8064,0.3799,3.0310,-0.3312,0.3873,5.8998,0.0000,3.0000
14.7996,296,5.2598,-0.0000,3.0133,3.3584,0.8064,0.3799,3.0310,-0.3312,0.3873,5.9198,0.0000,3.0000
14.8495,297,5.2949,-0.0000,3.0133,3.3883,0.8006,0.3789,3.0610,-0.3357,0.3862,5.9398,0.0000,3.0000
14.8996,298,5.2949,-0.0000,3.0133,3.3883,0.8006,0.3789,3.0610,-0.3357,0.3862,5.9598,0.0000,3.0000
14.9495,299,5.3298,-0.0000,3.0133,3.4185,0.7950,0.3777,3.0903,-0.3400,0.3859,5.9798,0.0000,3.0000
14.9996,300,5.3298,-0.0000,3.0133,3.4185,0.7950,0.3777,3.0903,-0.3400,0.3859,5.9998,0.0000,3.0000
15.0496,301,5.3648,-0.0000,3.0132,3.4478,0.7897,0.3767,3.1193,-0.3442,0.3858,6.0198,0.0000,3.0000
15.0996,302,5.3648,-0.0000,3.0132,3.4478,0.7897,0.3767,3.1193,-0.3442,0.3858,6.0398,0.0000,3.0000
15.1496,303,5.3998,-0.0000,3.0132,3.4761,0.7848,0.3762,3.1485,-0.3482,0.3858,6.0598,0.0000,3.0000
15.1995,304,5.4349,-0.0000,3.0132,3.5035,0.7800,0.3763,3.1780,-0.3522,0.3859,6.0798,0.0000,3.0000
15.2496,305,5.4349,-0.0000,3.0132,3.5035,0.7800,0.3763,3.1780,-0.3522,0.3859,6.0998,0.0000,3.0000
15.2995,306,5.4700,-0.0000,3.0131,3.5308,0.7750,0.3768,3.2079,-0.3563,0.3863,6.1198,0.0000,3.0000
15.3496,307,5.4700,-0.0000,3.0131,3.5308,0.7750,0.3768,3.2079,-0.3563,0.3863,6.1399,0.0000,3.0000
15.3996,308,5.5052,-0.0000,3.0131,3.5582,0.7698,0.3773,3.2381,-0.3606,0.3862,6.1598,0.0000,3.0000
15.4495,309,5.5404,-0.0000,3.0131,3.5860,0.7647,0.3778,3.2681,-0.3651,0.3849,6.1798,0.0000,3.0000
15.4995,310,5.5404,-0.0000,3.0131,3.5860,0.7647,0.3778,3.2681,-0.3651,0.3849,6.1998,0.0000,3.0000
15.5495,311,5.5756,-0.0000,3.0130,3.6144,0.7597,0.3786,3.2976,-0.3694,0.3844,6.2198,0.0000,3.0000
15.5995,312,5.5756,-0.0000,3.0130,3.6144,0.7597,0.3786,3.2976,-0.3694,0.3844,6.2398,0.0000,3.0000
15.6495,313,5.6107,-0.0000,3.0130,3.6434,0.7549,0.3791,3.3260,-0.3734,0.3846,6.2598,0.0000,3.0000
15.6995,314,5.6458,-0.0000,3.0130,3.6730,0.7502,0.3788,3.3541,-0.3770,0.3847,6.2798,0.0000,3.0000
15.7495,315,5.6458,-0.0000,3.0130,3.6730,0.7502,0.3788,3.3541,-0.3770,0.3847,6.2998,0.0000,3.0000
15.7995,316,5.6810,-0.0000,3.0129,3.7028,0.7457,0.3785,3.3821,-0.3802,0.3850,6.3198,0.0000,3.0000
15.8495,317,5.7160,-0.0000,3.0129,3.7325,0.7413,0.3769,3.4103,-0.3832,0.3853,6.3398,0.0000,3.0000
15.8995,318,5.7160,-0.0000,3.0129,3.7325,0.7413,0.3769,3.4103,-0.3832,0.3853,6.3598,0.0000,3.0000
15.9495,319,5.7510,-0.0000,3.0129,3.7620,0.7369,0.3751,3.4391,-0.3860,0.3855,6.3798,0.0000,3.0000
15.9995,320,5.7510,-0.0000,3.0129,3.7620,0.7369,0.3751,3.4391,-0.3860,0.3855,6.3998,0.0000,3.0000
16.0496,321,5.7859,-0.0000,3.0128,3.7910,0.7324,0.3737,3.4685,-0.3886,0.3859,6.4198,0.0000,3.0000
16.0996,322,5.7859,-0.0000,3.0128,3.7910,0.7324,0.3737,3.4685,-0.3886,0.3859,6.4398,0.0000,3.0000
16.1495,323,5.8207,-0.0000,3.0128,3.8198,0.7278,0.3727,3.4989,-0.3911,0.3864,6.4598,0.0000,3.0000
16.1995,324,5.8555,-0.0000,3.0128,3.8484,0.7232,0.3717,3.5298,-0.3936,0.3863,6.4798,0.0000,3.0000
16.2496,325,5.8555,-0.0000,3.0128,3.8484,0.7232,0.3717,3.5298,-0.3936,0.3863,6.4998,0.0000,3.0000
16.2996,326,5.8904,-0.0000,3.0127,3.8770,0.7188,0.3708,3.5604,-0.3958,0.3854,6.5198,0.0000,3.0000
16.3496,327,5.8904,-0.0000,3.0127,3.8770,0.7188,0.3708,3.5604,-0.3958,0.3854,6.5398,0.0000,3.0000
16.3996,328,5.9253,-0.0000,3.0127,3.9065,0.7144,0.3697,3.5904,-0.3979,0.3844,6.5598,0.0000,3.0000
16.4495,329,5.9601,-0.0000,3.0127,3.9371,0.7101,0.3687,3.6196,-0.4000,0.3843,6.5798,0.0000,3.0000
16.4996,330,5.9601,-0.0000,3.0127,3.9371,0.7101,0.3687,3.6196,-0.4000,0.3843,6.5998,0.0000,3.0000
16.5495,331,5.9950,-0.0000,3.0126,3.9678,0.7062,0.3683,3.6484,-0.4022,0.3845,6.6198,0.0000,3.0000
16.5996,332,5.9950,-0.0000,3.0126,3.9678,0.7062,0.3683,3.6484,-0.4022,0.3845,6.6398,0.0000,3.0000
16.6495,333,6.0297,-0.0000,3.0126,3.9974,0.7028,0.3685,3.6769,-0.4043,0.3849,6.6598,0.0000,3.0000
16.6996,334,6.0644,-0.0000,3.0126,4.0258,0.6997,0.3693,3.7056,-0.4064,0.3854,6.6798,0.0000,3.0000
16.7496,335,6.0644,-0.0000,3.0126,4.0258,0.6997,0.3693,3.7056,-0.4064,0.3854,6.6998,0.0000,3.0000
16.7995,336,6.0990,-0.0000,3.0125,4.0536,0.6968,0.3706,3.7346,-0.4086,0.3861,6.7198,0.0000,3.0000
16.8495,337,6.1336,-0.0000,3.0125,4.0813,0.6937,0.3719,3.7643,-0.4111,0.3869,6.7398,0.0000,3.0000
16.8995,338,6.1336,-0.0000,3.0125,4.0813,0.6937,0.3719,3.7643,-0.4111,0.3869,6.7598,0.0000,3.0000
16.9495,339,6.1681,-0.0000,3.0125,4.1092,0.6905,0.3731,3.7943,-0.4138,0.3873,6.7798,0.0000,3.0000
16.9995,340,6.1681,-0.0000,3.0125,4.1092,0.6905,0.3731,3.7943,-0.4138,0.3873,6.7998,0.0000,3.0000
17.0495,341,6.2026,-0.0000,3.0124,4.1374,0.6873,0.3744,3.8244,-0.4166,0.3867,6.8198,0.0000,3.0000
17.0995,342,6.2026,-0.0000,3.0124,4.1374,0.6873,0.3744,3.8244,-0.4166,0.3867,6.8398,0.0000,3.0000
17.1495,343,6.2370,-0.0000,3.0124,4.1663,0.6844,0.3757,3.8538,-0.4197,0.3866,6.8598,0.0000,3.0000
17.1994,344,6.2716,-0.0000,3.0124,4.1960,0.6817,0.3767,3.8823,-0.4225,0.3867,6.8798,0.0000,3.0000
17.2495,345,6.2716,-0.0000,3.0124,4.1960,0.6817,0.3767,3.8823,-0.4225,0.3867,6.8998,0.0000,3.0000
17.2995,346,6.3062,-0.0000,3.0123,4.2261,0.6793,0.3767,3.9102,-0.4250,0.3871,6.9198,0.0000,3.0000
17.3496,347,6.3062,-0.0000,3.0123,4.2261,0.6793,0.3767,3.9102,-0.4250,0.3871,6.9398,0.0000,3.0000
17.3995,348,6.3407,-0.0000,3.0123,4.2562,0.6770,0.3765,3.9380,-0.4271,0.3876,6.9598,0.0000,3.0000
17.4494,349,6.3407,-0.0000,3.0123,4.2863,0.6748,0.3752,3.9380,-0.4271,0.3876,6.9798,0.0000,3.0000
17.4995,350,6.3753,-0.0000,3.0123,4.2863,0.6748,0.3752,3.9663,-0.4291,0.3880,6.9998,0.0000,3.0000
17.5496,351,6.4099,-0.0000,3.0122,4.3161,0.6724,0.3739,3.9952,-0.4310,0.3882,7.0198,0.0000,3.0000
17.5996,352,6.4099,-0.0000,3.0122,4.3161,0.6724,0.3739,3.9952,-0.4310,0.3882,7.0398,0.0000,3.0000
17.6496,353,6.4444,-0.0000,3.0122,4.3454,0.6698,0.3730,4.0249,-0.4329,0.3883,7.0598,0.0000,3.0000
17.6995,354,6.4789,-0.0000,3.0122,4.3744,0.6671,0.3725,4.0553,-0.4348,0.3885,7.0798,0.0000,3.0000
17.7495,355,6.4789,-0.0000,3.0122,4.3744,0.6671,0.3725,4.0553,-0.4348,0.3885,7.0998,0.0000,3.0000
17.7996,356,6.5133,-0.0000,3.0122,4.4032,0.6644,0.3720,4.0859,-0.4367,0.3889,7.1198,0.0000,3.0000
17.8494,357,6.5477,-0.0000,3.0121,4.4321,0.6617,0.3714,4.1164,-0.4383,0.3883,7.1398,0.0000,3.0000
17.8996,358,6.5477,-0.0000,3.0121,4.4321,0.6617,0.3714,4.1164,-0.4383,0.3883,7.1598,0.0000,3.0000
17.9495,359,6.5820,-0.0000,3.0121,4.4616,0.6591,0.3709,4.1468,-0.4397,0.3871,7.1798,0.0000,3.0000
17.9995,360,6.6163,-0.0000,3.0121,4.4924,0.6566,0.3705,4.1764,-0.4410,0.3868,7.1998,0.0000,3.0000
18.0496,361,6.6163,-0.0000,3.0121,4.4924,0.6566,0.3705,4.1764,-0.4410,0.3868,7.2198,0.0000,3.0000
18.0995,362,6.6505,-0.0000,3.0120,4.5232,0.6542,0.3704,4.2056,-0.4422,0.3868,7.2398,0.0000,3.0000
18.1495,363,6.6505,-0.0000,3.0120,4.5232,0.6542,0.3704,4.2056,-0.4422,0.3868,7.2598,0.0000,3.0000
18.1996,364,6.6846,-0.0000,3.0120,4.5526,0.6522,0.3713,4.2346,-0.4432,0.3871,7.2798,0.0000,3.0000
18.2495,365,6.7187,-0.0000,3.0120,4.5809,0.6504,0.3729,4.2639,-0.4440,0.3875,7.2998,0.0000,3.0000
18.2997,366,6.7187,-0.0000,3.0120,4.5809,0.6504,0.3729,4.2639,-0.4440,0.3875,7.3199,0.0000,3.0000
18.3497,367,6.7527,-0.0000,3.0119,4.6089,0.6485,0.3747,4.2933,-0.4450,0.3882,7.3399,0.0000,3.0000
18.3997,368,6.7527,-0.0000,3.0119,4.6367,0.6466,0.3765,4.2933,-0.4450,0.3882,7.3599,0.0000,3.0000
18.4496,369,6.7867,-0.0000,3.0119,4.6367,0.6466,0.3765,4.3232,-0.4460,0.3888,7.3798,0.0000,3.0000
18.4995,370,6.8206,-0.0000,3.0119,4.6647,0.6444,0.3781,4.3532,-0.4470,0.3883,7.3998,0.0000,3.0000
18.5495,371,6.8206,-0.0000,3.0119,4.6647,0.6444,0.3781,4.3532,-0.4470,0.3883,7.4198,0.0000,3.0000
18.5996,372,6.8544,-0.0000,3.0119,4.6933,0.6423,0.3794,4.3830,-0.4481,0.3869,7.4398,0.0000,3.0000
18.6495,373,6.8883,-0.0000,3.0118,4.7224,0.6404,0.3808,4.4117,-0.4495,0.3870,7.4598,0.0000,3.0000
18.6996,374,6.8883,-0.0000,3.0118,4.7224,0.6404,0.3808,4.4117,-0.4495,0.3870,7.4798,0.0000,3.0000
18.7495,375,6.9221,-0.0000,3.0118,4.7523,0.6388,0.3820,4.4397,-0.4506,0.3871,7.4998,0.0000,3.0000
18.7995,376,6.9221,-0.0000,3.0118,4.7523,0.6388,0.3820,4.4397,-0.4506,0.3871,7.5198,0.0000,3.0000
18.8496,377,6.9558,-0.0000,3.0118,4.7829,0.6371,0.3821,4.4675,-0.4514,0.3873,7.5398,0.0000,3.0000
18.8996,378,6.9894,-0.0000,3.0117,4.8132,0.6355,0.3814,4.4954,-0.4521,0.3874,7.5598,0.0000,3.0000
18.9496,379,6.9894,-0.0000,3.0117,4.8132,0.6355,0.3814,4.4954,-0.4521,0.3874,7.5798,0.0000,3.0000
18.9996,380,7.0230,-0.0000,3.0117,4.8437,0.6339,0.3796,4.5237,-0.4528,0.3873,7.5999,0.0000,3.0000
19.0494,381,7.0566,-0.0000,3.0117,4.8737,0.6321,0.3779,4.5524,-0.4533,0.3871,7.6198,0.0000,3.0000
19.0995,382,7.0566,-0.0000,3.0117,4.8737,0.6321,0.3779,4.5524,-0.4533,0.3871,7.6398,0.0000,3.0000
19.1495,383,7.0902,-0.0000,3.0116,4.9032,0.6301,0.3767,4.5820,-0.4539,0.3871,7.6598,0.0000,3.0000
19.1995,384,7.0902,-0.0000,3.0116,4.9032,0.6301,0.3767,4.5820,-0.4539,0.3871,7.6798,0.0000,3.0000
19.2495,385,7.1237,-0.0000,3.0116,4.9322,0.6279,0.3759,4.6124,-0.4545,0.3871,7.6998,0.0000,3.0000
19.2995,386,7.1573,-0.0000,3.0116,4.9611,0.6257,0.3753,4.6433,-0.4552,0.3864,7.7198,0.0000,3.0000
19.3495,387,7.1573,-0.0000,3.0116,4.9611,0.6257,0.3753,4.6433,-0.4552,0.3864,7.7398,0.0000,3.0000
19.3996,388,7.1909,-0.0000,3.0116,4.9905,0.6233,0.3745,4.6739,-0.4558,0.3847,7.7598,0.0000,3.0000
19.4496,389,7.1909,-0.0000,3.0116,4.9905,0.6233,0.3745,4.6739,-0.4558,0.3847,7.7798,0.0000,3.0000
19.4995,390,7.2244,-0.0000,3.0115,5.0206,0.6210,0.3739,4.7038,-0.4561,0.3834,7.7998,0.0000,3.0000
19.5495,391,7.2580,-0.0000,3.0115,5.0517,0.6187,0.3734,4.7331,-0.4565,0.3826,7.8198,0.0000,3.0000
19.5996,392,7.2580,-0.0000,3.0115,5.0517,0.6187,0.3734,4.7331,-0.4565,0.3826,7.8398,0.0000,3.0000
19.6496,393,7.2917,-0.0000,3.0115,5.0822,0.6166,0.3733,4.7621,-0.4569,0.3822,7.8598,0.0000,3.0000
19.6995,394,7.2917,-0.0000,3.0115,5.1115,0.6146,0.3742,4.7621,-0.4569,0.3822,7.8798,0.0000,3.0000
19.7496,395,7.3253,-0.0000,3.0114,5.1115,0.6146,0.3742,4.7909,-0.4574,0.3822,7.8998,0.0000,3.0000
19.7995,396,7.3588,-0.0000,3.0114,5.1399,0.6127,0.3755,4.8198,-0.4578,0.3825,7.9198,0.0000,3.0000
19.8495,397,7.3588,-0.0000,3.0114,5.1399,0.6127,0.3755,4.8198,-0.4578,0.3825,7.9398,0.0000,3.0000
19.8995,398,7.3923,-0.0000,3.0114,5.1679,0.6106,0.3771,4.8491,-0.4585,0.3830,7.9598,0.0000,3.0000
19.9495,399,7.4259,-0.0000,3.0114,5.1959,0.6085,0.3788,4.8788,-0.4594,0.3835,7.9798,0.0000,3.0000
19.9996,400,7.4259,-0.0000,3.0114,5.1959,0.6085,0.3788,4.8788,-0.4594,0.3835,7.9999,0.0000,3.0000
20.0496,401,7.4594,-0.0000,3.0113,5.2241,0.6061,0.3804,4.9088,-0.4604,0.3834,8.0198,0.0000,3.0000
20.0996,402,7.4594,-0.0000,3.0113,5.2241,0.6061,0.3804,4.9088,-0.4604,0.3834,8.0398,0.0000,3.0000
20.1497,403,7.4929,-0.0000,3.0113,5.2527,0.6037,0.3821,4.9386,-0.4617,0.3823,8.0599,0.0000,3.0000
20.1995,404,7.4929,-0.0000,3.0113,5.2819,0.6015,0.3836,4.9676,-0.4633,0.3825,8.0798,0.0000,3.0000
20.2496,405,7.5264,-0.0000,3.0113,5.2819,0.6015,0.3836,4.9676,-0.4633,0.3825,8.0998,0.0000,3.0000
20.2995,406,7.5600,-0.0000,3.0112,5.3118,0.5993,0.3844,4.9958,-0.4649,0.3831,8.1198,0.0000,3.0000
20.3495,407,7.5600,-0.0000,3.0112,5.3118,0.5993,0.3844,4.9958,-0.4649,0.3831,8.1398,0.0000,3.0000
20.3996,408,7.5935,-0.0000,3.0112,5.3418,0.5974,0.3840,5.0236,-0.4662,0.3838,8.1598,0.0000,3.0000
20.4495,409,7.6271,-0.0000,3.0112,5.3717,0.5954,0.3826,5.0514,-0.4674,0.3845,8.1798,0.0000,3.0000
20.4996,410,7.6271,-0.0000,3.0112,5.3717,0.5954,0.3826,5.0514,-0.4674,0.3845,8.1998,0.0000,3.0000
20.5495,411,7.6607,-0.0000,3.0112,5.4016,0.5933,0.3803,5.0794,-0.4685,0.3853,8.2198,0.0000,3.0000
20.5995,412,7.6943,-0.0000,3.0111,5.4308,0.5912,0.3787,5.1080,-0.4698,0.3858,8.2398,0.0000,3.0000
20.6496,413,7.6943,-0.0000,3.0111,5.4308,0.5912,0.3787,5.1080,-0.4698,0.3858,8.2598,0.0000,3.0000
20.6995,414,7.7279,-0.0000,3.0111,5.4595,0.5890,0.3775,5.1374,-0.4712,0.3863,8.2798,0.0000,3.0000
20.7496,415,7.7279,-0.0000,3.0111,5.4595,0.5890,0.3775,5.1374,-0.4712,0.3863,8.2998,0.0000,3.0000
20.7996,416,7.7614,-0.0000,3.0111,5.4880,0.5866,0.3765,5.1677,-0.4729,0.3869,8.3199,0.0000,3.0000
20.8495,417,7.7949,-0.0000,3.0110,5.5167,0.5843,0.3756,5.1985,-0.4747,0.3865,8.3398,0.0000,3.0000
20.8995,418,7.7949,-0.0000,3.0110,5.5167,0.5843,0.3756,5.1985,-0.4747,0.3865,8.3598,0.0000,3.0000
20.9495,419,7.8285,-0.0000,3.0110,5.5460,0.5820,0.3747,5.2289,-0.4765,0.3851,8.3798,0.0000,3.0000
20.9996,420,7.8285,-0.0000,3.0110,5.5460,0.5820,0.3747,5.2289,-0.4765,0.3851,8.3998,0.0000,3.0000
21.0495,421,7.8622,-0.0000,3.0110,5.5760,0.5796,0.3742,5.2588,-0.4781,0.3834,8.4198,0.0000,3.0000
21.0996,422,7.8622,-0.0000,3.0110,5.5760,0.5796,0.3742,5.2588,-0.4781,0.3834,8.4398,0.0000,3.0000
21.1495,423,7.8959,-0.0000,3.0110,5.6057,0.5776,0.3743,5.2880,-0.4798,0.3826,8.4598,0.0000,3.0000
21.1996,424,7.9295,-0.0000,3.0109,5.6344,0.5758,0.3749,5.3168,-0.4816,0.3822,8.4798,0.0000,3.0000
21.2497,425,7.9295,-0.0000,3.0109,5.6344,0.5758,0.3749,5.3168,-0.4816,0.3822,8.4999,0.0000,3.0000
21.2995,426,7.9631,-0.0000,3.0109,5.6620,0.5743,0.3762,5.3455,-0.4834,0.3819,8.5198,0.0000,3.0000
21.3495,427,7.9968,-0.0000,3.0109,5.6890,0.5729,0.3778,5.3742,-0.4854,0.3818,8.5398,0.0000,3.0000
21.3995,428,7.9968,-0.0000,3.0109,5.6890,0.5729,0.3778,5.3742,-0.4854,0.3818,8.5598,0.0000,3.0000
21.4495,429,8.0304,-0.0000,3.0108,5.7159,0.5714,0.3794,5.4033,-0.4876,0.3819,8.5798,0.0000,3.0000
21.4994,430,8.0640,-0.0000,3.0108,5.7428,0.5699,0.3810,5.4330,-0.4903,0.3822,8.5998,0.0000,3.0000
21.5495,431,8.0640,-0.0000,3.0108,5.7428,0.5699,0.3810,5.4330,-0.4903,0.3822,8.6198,0.0000,3.0000
21.5995,432,8.0975,-0.0000,3.0108,5.7700,0.5685,0.3825,5.4631,-0.4932,0.3822,8.6398,0.0000,3.0000
21.6494,433,8.0975,-0.0000,3.0108,5.7978,0.5672,0.3840,5.4932,-0.4964,0.3813,8.6598,0.0000,3.0000
21.6996,434,8.1310,-0.0000,3.0108,5.7978,0.5672,0.3840,5.4932,-0.4964,0.3813,8.6798,0.0000,3.0000
21.7495,435,8.1644,-0.0000,3.0107,5.8264,0.5661,0.3854,5.5226,-0.4999,0.3814,8.6998,0.0000,3.0000
21.7996,436,8.1644,-0.0000,3.0107,5.8264,0.5661,0.3854,5.5226,-0.4999,0.3814,8.7198,0.0000,3.0000
21.8495,437,8.1977,-0.0000,3.0107,5.8558,0.5652,0.3864,5.5512,-0.5031,0.3823,8.7398,0.0000,3.0000
21.8995,438,8.2309,-0.0000,3.0107,5.8853,0.5642,0.3861,5.5792,-0.5060,0.3832,8.7598,0.0000,3.0000
21.9496,439,8.2309,-0.0000,3.0107,5.8853,0.5642,0.3861,5.5792,-0.5060,0.3832,8.7798,0.0000,3.0000
21.9995,440,8.2640,-0.0000,3.0107,5.9150,0.5632,0.3842,5.6072,-0.5086,0.3841,8.7998,0.0000,3.0000
22.0496,441,8.2640,-0.0000,3.0107,5.9150,0.5632,0.3842,5.6072,-0.5086,0.3841,8.8198,0.0000,3.0000
22.0996,442,8.2972,-0.0000,3.0106,5.9444,0.5622,0.3822,5.6355,-0.5110,0.3848,8.8398,0.0000,3.0000
22.1494,443,8.3304,-0.0000,3.0106,5.9733,0.5611,0.3807,5.6645,-0.5133,0.3853,8.8598,0.0000,3.0000
22.1995,444,8.3304,-0.0000,3.0106,5.9733,0.5611,0.3807,5.6645,-0.5133,0.3853,8.8798,0.0000,3.0000
22.2495,445,8.3636,-0.0000,3.0106,6.0018,0.5600,0.3797,5.6943,-0.5157,0.3857,8.8998,0.0000,3.0000
22.2994,446,8.3969,-0.0000,3.0106,6.0303,0.5590,0.3788,5.7249,-0.5182,0.3861,8.9198,0.0000,3.0000
22.3496,447,8.3969,-0.0000,3.0106,6.0303,0.5590,0.3788,5.7249,-0.5182,0.3861,8.9398,0.0000,3.0000
22.3995,448,8.4301,-0.0000,3.0105,6.0592,0.5581,0.3779,5.7558,-0.5206,0.3864,8.9598,0.0000,3.0000
22.4495,449,8.4301,-0.0000,3.0105,6.0592,0.5581,0.3779,5.7558,-0.5206,0.3864,8.9798,0.0000,3.0000
22.4996,450,8.4633,-0.0000,3.0105,6.0888,0.5574,0.3771,5.7865,-0.5228,0.3861,8.9999,0.0000,3.0000
22.5495,451,8.4965,-0.0000,3.0105,6.1193,0.5570,0.3766,5.8168,-0.5248,0.3853,9.0198,0.0000,3.0000
22.5995,452,8.4965,-0.0000,3.0105,6.1193,0.5570,0.3766,5.8168,-0.5248,0.3853,9.0398,0.0000,3.0000
22.6495,453,8.5297,-0.0000,3.0104,6.1500,0.5567,0.3766,5.8462,-0.5268,0.3854,9.0598,0.0000,3.0000
22.6994,454,8.5630,-0.0000,3.0104,6.1793,0.5566,0.3773,5.8754,-0.5287,0.3857,9.0798,0.0000,3.0000
22.7495,455,8.5630,-0.0000,3.0104,6.1793,0.5566,0.3773,5.8754,-0.5287,0.3857,9.0998,0.0000,3.0000
22.7996,456,8.5962,-0.0000,3.0104,6.2077,0.5564,0.3786,5.9045,-0.5305,0.3861,9.1198,0.0000,3.0000
22.8495,457,8.5962,-0.0000,3.0104,6.2077,0.5564,0.3786,5.9045,-0.5305,0.3861,9.1398,0.0000,3.0000
22.8995,458,8.6293,-0.0000,3.0104,6.2357,0.5561,0.3800,5.9337,-0.5323,0.3867,9.1598,0.0000,3.0000
22.9496,459,8.6623,-0.0000,3.0103,6.2637,0.5557,0.3815,5.9632,-0.5344,0.3876,9.1798,0.0000,3.0000
22.9996,460,8.6623,-0.0000,3.0103,6.2637,0.5557,0.3815,5.9632,-0.5344,0.3876,9.1998,0.0000,3.0000
23.0495,461,8.6953,-0.0000,3.0103,6.2920,0.5551,0.3828,5.9934,-0.5366,0.3886,9.2198,0.0000,3.0000
23.0995,462,8.6953,-0.0000,3.0103,6.2920,0.5551,0.3828,5.9934,-0.5366,0.3886,9.2398,0.0000,3.0000
23.1496,463,8.7283,-0.0000,3.0103,6.3208,0.5546,0.3840,6.0240,-0.5390,0.3886,9.2598,0.0000,3.0000
23.1995,464,8.7614,-0.0000,3.0103,6.3502,0.5543,0.3853,6.0543,-0.5415,0.3879,9.2798,0.0000,3.0000
23.2497,465,8.7614,-0.0000,3.0103,6.3502,0.5543,0.3853,6.0543,-0.5415,0.3879,9.2999,0.0000,3.0000
23.2996,466,8.7946,-0.0000,3.0102,6.3804,0.5540,0.3862,6.0838,-0.5443,0.3877,9.3198,0.0000,3.0000
23.3495,467,8.8278,-0.0000,3.0102,6.4111,0.5537,0.3854,6.1124,-0.5466,0.3879,9.3398,0.0000,3.0000
23.3996,468,8.8278,-0.0000,3.0102,6.4111,0.5537,0.3854,6.1124,-0.5466,0.3879,9.3598,0.0000,3.0000
23.4495,469,8.8609,-0.0000,3.0102,6.4416,0.5534,0.3833,6.1406,-0.5486,0.3883,9.3798,0.0000,3.0000
23.4995,470,8.8609,-0.0000,3.0102,6.4416,0.5534,0.3833,6.1406,-0.5486,0.3883,9.3998,0.0000,3.0000
23.5495,471,8.8940,-0.0000,3.0102,6.4720,0.5528,0.3805,6.1689,-0.5502,0.3887,9.4198,0.0000,3.0000
23.5995,472,8.9272,-0.0000,3.0101,6.5015,0.5521,0.3785,6.1976,-0.5517,0.3892,9.4398,0.0000,3.0000
23.6496,473,8.9272,-0.0000,3.0101,6.5015,0.5521,0.3785,6.1976,-0.5517,0.3892,9.4598,0.0000,3.0000
23.6996,474,8.9604,-0.0000,3.0101,6.5305,0.5511,0.3769,6.2269,-0.5531,0.3896,9.4798,0.0000,3.0000
23.7495,475,8.9936,-0.0000,3.0101,6.5593,0.5500,0.3756,6.2570,-0.5545,0.3900,9.4998,0.0000,3.0000
23.7996,476,8.9936,-0.0000,3.0101,6.5593,0.5500,0.3756,6.2570,-0.5545,0.3900,9.5198,0.0000,3.0000
23.8496,477,9.0267,-0.0000,3.0101,6.5884,0.5486,0.3744,6.2879,-0.5559,0.3898,9.5398,0.0000,3.0000
23.8996,478,9.0267,-0.0000,3.0101,6.5884,0.5486,0.3744,6.2879,-0.5559,0.3898,9.5598,0.0000,3.0000
23.9496,479,9.0598,-0.0000,3.0100,6.6179,0.5472,0.3734,6.3185,-0.5571,0.3893,9.5798,0.0000,3.0000
23.9995,480,9.0929,-0.0000,3.0100,6.6481,0.5458,0.3727,6.3489,-0.5580,0.3877,9.5998,0.0000,3.0000
24.0496,481,9.0929,-0.0000,3.0100,6.6481,0.5458,0.3727,6.3489,-0.5580,0.3877,9.6198,0.0000,3.0000
24.0995,482,9.1260,-0.0000,3.0100,6.6785,0.5444,0.3728,6.3788,-0.5588,0.3865,9.6398,0.0000,3.0000
24.1495,483,9.1260,-0.0000,3.0100,6.6785,0.5444,0.3728,6.3788,-0.5588,0.3865,9.6598,0.0000,3.0000
24.1995,484,9.1592,-0.0000,3.0100,6.7075,0.5432,0.3740,6.4081,-0.5595,0.3857,9.6798,0.0000,3.0000
24.2496,485,9.1592,-0.0000,3.0100,6.7075,0.5432,0.3740,6.4081,-0.5595,0.3857,9.6998,0.0000,3.0000
24.2995,486,9.1923,-0.0000,3.0099,6.7352,0.5420,0.3759,6.4374,-0.5602,0.3851,9.7198,0.0000,3.0000
24.3495,487,9.2256,-0.0000,3.0099,6.7624,0.5409,0.3782,6.4667,-0.5608,0.3847,9.7398,0.0000,3.0000
24.3995,488,9.2256,-0.0000,3.0099,6.7624,0.5409,0.3782,6.4667,-0.5608,0.3847,9.7598,0.0000,3.0000
24.4495,489,9.2590,-0.0000,3.0099,6.7896,0.5395,0.3800,6.4963,-0.5614,0.3845,9.7798,0.0000,3.0000
24.4994,490,9.2924,-0.0000,3.0099,6.8170,0.5380,0.3814,6.5263,-0.5623,0.3848,9.7998,0.0000,3.0000
24.5496,491,9.2924,-0.0000,3.0099,6.8170,0.5380,0.3814,6.5263,-0.5623,0.3848,9.8198,0.0000,3.0000
24.5996,492,9.3258,-0.0000,3.0098,6.8446,0.5365,0.3828,6.5567,-0.5634,0.3848,9.8398,0.0000,3.0000
24.6495,493,9.3258,-0.0000,3.0098,6.8446,0.5365,0.3828,6.5567,-0.5634,0.3848,9.8598,0.0000,3.0000
24.6995,494,9.3592,-0.0000,3.0098,6.8728,0.5350,0.3841,6.5874,-0.5645,0.3836,9.8798,0.0000,3.0000
24.7494,495,9.3926,-0.0000,3.0098,6.9018,0.5334,0.3854,6.6175,-0.5659,0.3832,9.8998,0.0000,3.0000
24.7996,496,9.3926,-0.0000,3.0098,6.9018,0.5334,0.3854,6.6175,-0.5659,0.3832,9.9198,0.0000,3.0000
24.8495,497,9.4260,-0.0000,3.0098,6.9315,0.5321,0.3859,6.6467,-0.5673,0.3835,9.9398,0.0000,3.0000
24.8995,498,9.4260,-0.0000,3.0098,6.9315,0.5321,0.3859,6.6467,-0.5673,0.3835,9.9598,0.0000,3.0000
24.9512,499,9.4594,-0.0000,3.0097,6.9610,0.5307,0.3850,6.6753,-0.5684,0.3839,9.9805,0.0000,3.0000
25.0006,500,9.4928,-0.0000,3.0097,6.9907,0.5293,0.3827,6.7036,-0.5692,0.3845,10.0000,0.0002,3.0000
25.0496,501,9.4928,-0.0000,3.0097,6.9907,0.5293,0.3827,6.7036,-0.5692,0.3845,10.0000,0.0198,3.0000
25.0996,502,9.4928,-0.0000,3.0097,6.9907,0.5293,0.3827,6.7036,-0.5692,0.3845,10.0000,0.0398,3.0000
25.1496,503,9.5261,0.0001,3.0097,7.0201,0.5278,0.3799,6.7321,-0.5697,0.3851,10.0000,0.0598,3.0000
25.1995,504,9.5261,0.0001,3.0097,7.0201,0.5278,0.3799,6.7321,-0.5697,0.3851,10.0000,0.0798,3.0000
25.2496,505,9.5592,0.0006,3.0097,7.0487,0.5263,0.3779,6.7613,-0.5702,0.3854,10.0000,0.0998,3.0000
25.2995,506,9.5918,0.0017,3.0096,7.0769,0.5247,0.3765,6.7911,-0.5707,0.3858,10.0000,0.1198,3.0000
25.3495,507,9.5918,0.0017,3.0096,7.0769,0.5247,0.3765,6.7911,-0.5707,0.3858,10.0000,0.1398,3.0000
25.3996,508,9.6238,0.0036,3.0096,7.1050,0.5232,0.3753,6.8217,-0.5713,0.3862,10.0000,0.1598,3.0000
25.4494,509,9.6548,0.0065,3.0096,7.1335,0.5217,0.3742,6.8526,-0.5718,0.3860,10.0000,0.1798,3.0000
25.4997,510,9.6548,0.0065,3.0096,7.1335,0.5217,0.3742,6.8526,-0.5718,0.3860,10.0000,0.1999,3.0000
25.5495,511,9.6849,0.0105,3.0096,7.1627,0.5203,0.3732,6.8833,-0.5723,0.3851,10.0000,0.2198,3.0000
25.5995,512,9.6849,0.0105,3.0096,7.1627,0.5203,0.3732,6.8833,-0.5723,0.3851,10.0000,0.2398,3.0000
25.6495,513,9.7138,0.0156,3.0095,7.1928,0.5191,0.3725,6.9138,-0.5725,0.3832,10.0000,0.2598,3.0000
25.6995,514,9.7417,0.0217,3.0095,7.2231,0.5179,0.3729,6.9435,-0.5728,0.3823,10.0000,0.2798,3.0000
25.7495,515,9.7417,0.0217,3.0095,7.2231,0.5179,0.3729,6.9435,-0.5728,0.3823,10.0000,0.2998,3.0000
25.7996,516,9.7684,0.0290,3.0095,7.2522,0.5171,0.3746,6.9725,-0.5732,0.3819,10.0000,0.3198,3.0000
25.8495,517,9.7940,0.0374,3.0095,7.2801,0.5163,0.3767,7.0013,-0.5736,0.3818,10.0000,0.3398,3.0000
25.8997,518,9.7940,0.0374,3.0095,7.2801,0.5163,0.3767,7.0013,-0.5736,0.3818,10.0000,0.3599,3.0000
25.9495,519,9.8184,0.0469,3.0095,7.3076,0.5156,0.3791,7.0301,-0.5741,0.3820,10.0000,0.3798,3.0000
25.9995,520,9.8184,0.0469,3.0095,7.3350,0.5149,0.3814,7.0594,-0.5747,0.3824,10.0000,0.3998,3.0000
26.0495,521,9.8418,0.0575,3.0094,7.3350,0.5149,0.3814,7.0594,-0.5747,0.3824,10.0000,0.4198,3.0000
26.0996,522,9.8418,0.0575,3.0094,7.3350,0.5149,0.3814,7.0594,-0.5747,0.3824,10.0000,0.4398,3.0000
26.1495,523,9.8418,0.0575,3.0094,7.3350,0.5149,0.3814,7.0594,-0.5747,0.3824,10.0000,0.4598,3.0000
26.1996,524,9.8640,0.0694,3.0094,7.3626,0.5141,0.3836,7.0892,-0.5756,0.3829,10.0000,0.4798,3.0000
26.2495,525,9.8640,0.0694,3.0094,7.3626,0.5141,0.3836,7.0892,-0.5756,0.3829,10.0000,0.4998,3.0000
26.2995,526,9.8851,0.0826,3.0094,7.3907,0.5132,0.3855,7.1195,-0.5768,0.3834,10.0000,0.5198,3.0000
26.3496,527,9.9053,0.0970,3.0094,7.4195,0.5126,0.3872,7.1498,-0.5782,0.3828,10.0000,0.5398,3.0000
26.3996,528,9.9053,0.0970,3.0094,7.4195,0.5126,0.3872,7.1498,-0.5782,0.3828,10.0000,0.5598,3.0000
26.4495,529,9.9244,0.1125,3.0093,7.4491,0.5121,0.3886,7.1792,-0.5797,0.3829,10.0000,0.5798,3.0000
26.4995,530,9.9426,0.1290,3.0093,7.4788,0.5116,0.3885,7.2075,-0.5809,0.3835,10.0000,0.5998,3.0000
26.5495,531,9.9426,0.1290,3.0093,7.4788,0.5116,0.3885,7.2075,-0.5809,0.3835,10.0000,0.6198,3.0000
26.5996,532,9.9599,0.1464,3.0093,7.5087,0.5112,0.3869,7.2352,-0.5818,0.3842,10.0000,0.6398,3.0000
26.6495,533,9.9763,0.1647,3.0093,7.5387,0.5108,0.3842,7.2628,-0.5823,0.3852,10.0000,0.6598,3.0000
26.6996,534,9.9763,0.1647,3.0093,7.5387,0.5108,0.3842,7.2628,-0.5823,0.3852,10.0000,0.6798,3.0000
26.7495,535,9.9919,0.1838,3.0092,7.5681,0.5104,0.3820,7.2907,-0.5826,0.3860,10.0000,0.6998,3.0000
26.7994,536,10.0067,0.2037,3.0092,7.5969,0.5100,0.3804,7.3192,-0.5828,0.3867,10.0000,0.7198,3.0000
26.8495,537,10.0067,0.2037,3.0092,7.5969,0.5100,0.3804,7.3192,-0.5828,0.3867,10.0000,0.7398,3.0000
26.8995,538,10.0207,0.2243,3.0092,7.6256,0.5097,0.3791,7.3485,-0.5829,0.3874,10.0000,0.7598,3.0000
26.9495,539,10.0207,0.2243,3.0092,7.6256,0.5097,0.3791,7.3485,-0.5829,0.3874,10.0000,0.7798,3.0000
26.9996,540,10.0340,0.2455,3.0092,7.6546,0.5096,0.3779,7.3785,-0.5829,0.3883,10.0000,0.7998,3.0000
27.0495,541,10.0465,0.2673,3.0092,7.6842,0.5096,0.3768,7.4087,-0.5829,0.3891,10.0000,0.8198,3.0000
27.0996,542,10.0465,0.2673,3.0092,7.6842,0.5096,0.3768,7.4087,-0.5829,0.3891,10.0000,0.8398,3.0000
27.1496,543,10.0585,0.2896,3.0091,7.7147,0.5098,0.3760,7.4387,-0.5825,0.3887,10.0000,0.8598,3.0000
27.1996,544,10.0585,0.2896,3.0091,7.7147,0.5098,0.3760,7.4387,-0.5825,0.3887,10.0000,0.8798,3.0000
27.2495,545,10.0698,0.3125,3.0091,7.7448,0.5103,0.3759,7.4685,-0.5820,0.3872,10.0000,0.8998,3.0000
27.2994,546,10.0805,0.3361,3.0091,7.7735,0.5112,0.3764,7.4977,-0.5815,0.3864,10.0000,0.9198,3.0000
27.3495,547,10.0805,0.3361,3.0091,7.7735,0.5112,0.3764,7.4977,-0.5815,0.3864,10.0000,0.9398,3.0000
27.3996,548,10.0907,0.3602,3.0091,7.8011,0.5122,0.3775,7.5265,-0.5808,0.3859,10.0000,0.9598,3.0000
27.4495,549,10.0907,0.3602,3.0091,7.8011,0.5122,0.3775,7.5265,-0.5808,0.3859,10.0000,0.9798,3.0000
27.4995,550,10.1003,0.3848,3.0090,7.8282,0.5133,0.3789,7.5556,-0.5800,0.3853,10.0000,0.9998,3.0000
27.5495,551,10.1094,0.4099,3.0090,7.8551,0.5145,0.3805,7.5849,-0.5791,0.3848,10.0000,1.0198,3.0000
27.5996,552,10.1094,0.4099,3.0090,7.8551,0.5145,0.3805,7.5849,-0.5791,0.3848,10.0000,1.0398,3.0000
27.6496,553,10.1180,0.4353,3.0090,7.8819,0.5157,0.3821,7.6147,-0.5783,0.3845,10.0000,1.0598,3.0000
27.6995,554,10.1262,0.4611,3.0090,7.9092,0.5171,0.3838,7.6453,-0.5775,0.3843,10.0000,1.0798,3.0000
27.7495,555,10.1262,0.4611,3.0090,7.9092,0.5171,0.3838,7.6453,-0.5775,0.3843,10.0000,1.0998,3.0000
27.7996,556,10.1339,0.4873,3.0090,7.9371,0.5187,0.3855,7.6761,-0.5767,0.3837,10.0000,1.1198,3.0000
27.8495,557,10.1412,0.5138,3.0089,7.9654,0.5207,0.3866,7.7060,-0.5758,0.3836,10.0000,1.1398,3.0000
27.8995,558,10.1412,0.5138,3.0089,7.9654,0.5207,0.3866,7.7060,-0.5758,0.3836,10.0000,1.1598,3.0000
27.9495,559,10.1481,0.5407,3.0089,7.9938,0.5232,0.3873,7.7347,-0.5746,0.3839,10.0000,1.1798,3.0000
27.9998,560,10.1481,0.5407,3.0089,8.0220,0.5258,0.3867,7.7347,-0.5746,0.3839,10.0000,1.1999,3.0000
28.0495,561,10.1546,0.5679,3.0089,8.0220,0.5258,0.3867,7.7628,-0.5729,0.3845,10.0000,1.2198,3.0000
28.0995,562,10.1608,0.5955,3.0089,8.0507,0.5285,0.3845,7.7909,-0.5706,0.3852,10.0000,1.2398,3.0000
28.1496,563,10.1608,0.5955,3.0089,8.0507,0.5285,0.3845,7.7909,-0.5706,0.3852,10.0000,1.2598,3.0000
28.1995,564,10.1667,0.6234,3.0089,8.0789,0.5314,0.3818,7.8193,-0.5679,0.3859,10.0000,1.2798,3.0000
28.2495,565,10.1667,0.6234,3.0089,8.0789,0.5314,0.3818,7.8193,-0.5679,0.3859,10.0000,1.2998,3.0000
28.2995,566,10.1722,0.6516,3.0088,8.1064,0.5342,0.3800,7.8482,-0.5648,0.3866,10.0000,1.3198,3.0000
28.3494,567,10.1774,0.6801,3.0088,8.1337,0.5371,0.3785,7.8778,-0.5614,0.3873,10.0000,1.3398,3.0000
28.3996,568,10.1774,0.6801,3.0088,8.1337,0.5371,0.3785,7.8778,-0.5614,0.3873,10.0000,1.3598,3.0000
28.4495,569,10.1824,0.7090,3.0088,8.1609,0.5403,0.3773,7.9078,-0.5576,0.3881,10.0000,1.3798,3.0000
28.4996,570,10.1824,0.7090,3.0088,8.1609,0.5403,0.3773,7.9078,-0.5576,0.3881,10.0000,1.3998,3.0000
28.5496,571,10.1870,0.7380,3.0088,8.1885,0.5438,0.3760,7.9376,-0.5533,0.3881,10.0000,1.4199,3.0000
28.5995,572,10.1914,0.7674,3.0087,8.2169,0.5477,0.3748,7.9675,-0.5486,0.3865,10.0000,1.4398,3.0000
28.6495,573,10.1914,0.7674,3.0087,8.2169,0.5477,0.3748,7.9675,-0.5486,0.3865,10.0000,1.4598,3.0000
28.6996,574,10.1956,0.7970,3.0087,8.2462,0.5522,0.3738,7.9969,-0.5437,0.3848,10.0000,1.4798,3.0000
28.7495,575,10.1956,0.7970,3.0087,8.2462,0.5522,0.3738,7.9969,-0.5437,0.3848,10.0000,1.4998,3.0000
28.7995,576,10.1995,0.8268,3.0087,8.2750,0.5570,0.3737,8.0258,-0.5387,0.3837,10.0000,1.5198,3.0000
28.8495,577,10.2032,0.8568,3.0087,8.3027,0.5623,0.3735,8.0547,-0.5332,0.3827,10.0000,1.5398,3.0000
28.8996,578,10.2032,0.8568,3.0087,8.3027,0.5623,0.3735,8.0547,-0.5332,0.3827,10.0000,1.5598,3.0000
28.9496,579,10.2067,0.8870,3.0087,8.3292,0.5678,0.3737,8.0839,-0.5272,0.3818,10.0000,1.5798,3.0000
28.9995,580,10.2100,0.9173,3.0086,8.3551,0.5734,0.3743,8.1135,-0.5208,0.3810,10.0000,1.5998,3.0000
29.0496,581,10.2100,0.9173,3.0086,8.3551,0.5734,0.3743,8.1135,-0.5208,0.3810,10.0000,1.6198,3.0000
29.0995,582,10.2131,0.9478,3.0086,8.3808,0.5791,0.3749,8.1438,-0.5140,0.3804,10.0000,1.6398,3.0000
29.1494,583,10.2160,0.9785,3.0086,8.4067,0.5850,0.3756,8.1739,-0.5070,0.3807,10.0000,1.6598,3.0000
29.1996,584,10.2160,0.9785,3.0086,8.4067,0.5850,0.3756,8.1739,-0.5070,0.3807,10.0000,1.6798,3.0000
29.2495,585,10.2188,1.0094,3.0086,8.4325,0.5913,0.3762,8.2023,-0.5000,0.3814,10.0000,1.6998,3.0000
29.2996,586,10.2188,1.0094,3.0086,8.4325,0.5913,0.3762,8.2023,-0.5000,0.3814,10.0000,1.7198,3.0000
29.3495,587,10.2214,1.0404,3.0086,8.4585,0.5983,0.3766,8.2298,-0.4929,0.3824,10.0000,1.7398,3.0000
29.3994,588,10.2238,1.0715,3.0085,8.4846,0.6059,0.3766,8.2568,-0.4854,0.3837,10.0000,1.7598,3.0000
29.4495,589,10.2238,1.0715,3.0085,8.4846,0.6059,0.3766,8.2568,-0.4854,0.3837,10.0000,1.7798,3.0000
29.4995,590,10.2261,1.1028,3.0085,8.5107,0.6142,0.3763,8.2838,-0.4775,0.3849,10.0000,1.7998,3.0000
29.5495,591,10.2261,1.1028,3.0085,8.5107,0.6142,0.3763,8.2838,-0.4775,0.3849,10.0000,1.8198,3.0000
29.5996,592,10.2283,1.1341,3.0085,8.5369,0.6234,0.3768,8.3109,-0.4692,0.3862,10.0000,1.8398,3.0000
29.6496,593,10.2303,1.1656,3.0085,8.5630,0.6331,0.3764,8.3384,-0.4605,0.3874,10.0000,1.8598,3.0000
29.6996,594,10.2303,1.1656,3.0085,8.5630,0.6331,0.3764,8.3384,-0.4605,0.3874,10.0000,1.8798,3.0000
29.7496,595,10.2322,1.1972,3.0085,8.5888,0.6429,0.3751,8.3663,-0.4512,0.3884,10.0000,1.8998,3.0000
29.7995,596,10.2322,1.1972,3.0085,8.6141,0.6528,0.3740,8.3663,-0.4512,0.3884,10.0000,1.9198,3.0000
29.8495,597,10.2340,1.2288,3.0084,8.6141,0.6528,0.3740,8.3942,-0.4417,0.3890,10.0000,1.9398,3.0000
29.8996,598,10.2356,1.2605,3.0084,8.6391,0.6628,0.3732,8.4221,-0.4316,0.3881,10.0000,1.9598,3.0000
29.9496,599,10.2356,1.2605,3.0084,8.6391,0.6628,0.3732,8.4221,-0.4316,0.3881,10.0000,1.9798,3.0000
29.9997,600,10.2372,1.2923,3.0084,8.6639,0.6731,0.3727,8.4501,-0.4212,0.3859,10.0000,1.9999,3.0000
30.0496,601,10.2372,1.2923,3.0084,8.6639,0.6731,0.3727,8.4501,-0.4212,0.3859,9.9801,2.0000,3.0000
30.0996,602,10.2387,1.3241,3.0084,8.6886,0.6840,0.3720,8.4775,-0.4105,0.3839,9.9602,2.0000,3.0000
30.1495,603,10.2398,1.3560,3.0083,8.7136,0.6956,0.3713,8.5043,-0.3996,0.3826,9.9402,2.0000,3.0000
30.1995,604,10.2398,1.3560,3.0083,8.7136,0.6956,0.3713,8.5043,-0.3996,0.3826,9.9202,2.0000,3.0000
30.2495,605,10.2404,1.3875,3.0083,8.7394,0.7083,0.3704,8.5311,-0.3883,0.3814,9.9002,2.0000,3.0000
30.2996,606,10.2404,1.3875,3.0083,8.7394,0.7083,0.3704,8.5311,-0.3883,0.3814,9.8802,2.0000,3.0000
30.3496,607,10.2402,1.4184,3.0083,8.7651,0.7218,0.3705,8.5580,-0.3762,0.3803,9.8601,2.0000,3.0000
30.3995,608,10.2390,1.4485,3.0083,8.7899,0.7357,0.3712,8.5851,-0.3635,0.3794,9.8402,2.0000,3.0000
30.4496,609,10.2390,1.4485,3.0083,8.7899,0.7357,0.3712,8.5851,-0.3635,0.3794,9.8202,2.0000,3.0000
30.4995,610,10.2368,1.4778,3.0083,8.8133,0.7497,0.3711,8.6125,-0.3501,0.3787,9.8002,2.0000,3.0000
30.5497,611,10.2368,1.4778,3.0083,8.8355,0.7636,0.3707,8.6125,-0.3501,0.3787,9.7801,2.0000,3.0000
30.5996,612,10.2333,1.5060,3.0082,8.8355,0.7636,0.3707,8.6395,-0.3365,0.3794,9.7602,2.0000,3.0000
30.6495,613,10.2288,1.5332,3.0082,8.8572,0.7775,0.3705,8.6649,-0.3232,0.3802,9.7402,2.0000,3.0000
30.6995,614,10.2288,1.5332,3.0082,8.8572,0.7775,0.3705,8.6649,-0.3232,0.3802,9.7202,2.0000,3.0000
30.7496,615,10.2231,1.5593,3.0082,8.8789,0.7914,0.3703,8.6891,-0.3102,0.3814,9.7002,2.0000,3.0000
30.7997,616,10.2231,1.5593,3.0082,8.8789,0.7914,0.3703,8.6891,-0.3102,0.3814,9.6801,2.0000,3.0000
30.8496,617,10.2161,1.5844,3.0082,8.9005,0.8058,0.3705,8.7127,-0.2971,0.3830,9.6602,2.0000,3.0000
30.8995,618,10.2080,1.6083,3.0082,8.9222,0.8208,0.3709,8.7362,-0.2838,0.3845,9.6402,2.0000,3.0000
30.9496,619,10.2080,1.6083,3.0082,8.9222,0.8208,0.3709,8.7362,-0.2838,0.3845,9.6202,2.0000,3.0000
30.9996,620,10.1987,1.6312,3.0082,8.9437,0.8366,0.3710,8.7598,-0.2700,0.3861,9.6002,2.0000,3.0000
31.0496,621,10.1882,1.6530,3.0081,8.9649,0.8535,0.3707,8.7836,-0.2559,0.3877,9.5802,2.0000,3.0000
31.0996,622,10.1882,1.6530,3.0081,8.9649,0.8535,0.3707,8.7836,-0.2559,0.3877,9.5602,2.0000,3.0000
31.1496,623,10.1765,1.6738,3.0081,8.9859,0.8712,0.3697,8.8077,-0.2412,0.3890,9.5402,2.0000,3.0000
31.1995,624,10.1765,1.6738,3.0081,9.0067,0.8897,0.3694,8.8077,-0.2412,0.3890,9.5202,2.0000,3.0000
31.2495,625,10.1638,1.6937,3.0081,9.0067,0.8897,0.3694,8.8317,-0.2263,0.3898,9.5002,2.0000,3.0000
31.2995,626,10.1500,1.7125,3.0081,9.0272,0.9085,0.3683,8.8553,-0.2110,0.3891,9.4802,2.0000,3.0000
31.3495,627,10.1500,1.7125,3.0081,9.0272,0.9085,0.3683,8.8553,-0.2110,0.3891,9.4602,2.0000,3.0000
31.3995,628,10.1352,1.7305,3.0081,9.0475,0.9273,0.3669,8.8791,-0.1952,0.3873,9.4402,2.0000,3.0000
31.4495,629,10.1352,1.7305,3.0081,9.0475,0.9273,0.3669,8.8791,-0.1952,0.3873,9.4202,2.0000,3.0000
31.4996,630,10.1195,1.7475,3.0080,9.0674,0.9459,0.3658,8.9024,-0.1792,0.3847,9.4002,2.0000,3.0000
31.5496,631,10.1195,1.7475,3.0080,9.0674,0.9459,0.3658,8.9024,-0.1792,0.3847,9.3802,2.0000,3.0000
31.5996,632,10.1027,1.7638,3.0080,9.0872,0.9645,0.3650,8.9249,-0.1633,0.3830,9.3602,2.0000,3.0000
31.6495,633,10.0850,1.7792,3.0080,9.1067,0.9831,0.3641,8.9469,-0.1472,0.3817,9.3402,2.0000,3.0000
31.6996,634,10.0850,1.7792,3.0080,9.1067,0.9831,0.3641,8.9469,-0.1472,0.3817,9.3202,2.0000,3.0000
31.7495,635,10.0663,1.7938,3.0080,9.1258,1.0021,0.3632,8.9690,-0.1304,0.3805,9.3002,2.0000,3.0000
31.7995,636,10.0663,1.7938,3.0080,9.1258,1.0021,0.3632,8.9690,-0.1304,0.3805,9.2802,2.0000,3.0000
31.8495,637,10.0469,1.8077,3.0080,9.1449,1.0217,0.3623,8.9913,-0.1127,0.3791,9.2602,2.0000,3.0000
31.8995,638,10.0267,1.8209,3.0079,9.1638,1.0423,0.3615,9.0140,-0.0941,0.3778,9.2402,2.0000,3.0000
31.9495,639,10.0267,1.8209,3.0079,9.1638,1.0423,0.3615,9.0140,-0.0941,0.3778,9.2202,2.0000,3.0000
31.9995,640,10.0058,1.8335,3.0079,9.1821,1.0634,0.3612,9.0363,-0.0751,0.3782,9.2002,2.0000,3.0000
32.0495,641,10.0058,1.8335,3.0079,9.1821,1.0634,0.3612,9.0363,-0.0751,0.3782,9.1802,2.0000,3.0000
32.0996,642,9.9842,1.8454,3.0079,9.1986,1.0844,0.3617,9.0576,-0.0562,0.3792,9.1602,2.0000,3.0000
32.1495,643,9.9618,1.8566,3.0079,9.2133,1.1047,0.3631,9.0775,-0.0380,0.3801,9.1402,2.0000,3.0000
32.1995,644,9.9618,1.8566,3.0079,9.2133,1.1047,0.3631,9.0775,-0.0380,0.3801,9.1202,2.0000,3.0000
32.2495,645,9.9388,1.8674,3.0079,9.2267,1.1240,0.3650,9.0964,-0.0199,0.3813,9.1002,2.0000,3.0000
32.2995,646,9.9388,1.8674,3.0079,9.2267,1.1240,0.3650,9.0964,-0.0199,0.3813,9.0802,2.0000,3.0000
32.3496,647,9.9151,1.8775,3.0078,9.2394,1.1429,0.3669,9.1147,-0.0018,0.3826,9.0602,2.0000,3.0000
32.3995,648,9.8910,1.8872,3.0078,9.2512,1.1616,0.3690,9.1326,0.0166,0.3836,9.0402,2.0000,3.0000
32.4495,649,9.8910,1.8872,3.0078,9.2512,1.1616,0.3690,9.1326,0.0166,0.3836,9.0202,2.0000,3.0000
32.4995,650,9.8664,1.8963,3.0078,9.2620,1.1806,0.3709,9.1501,0.0352,0.3846,9.0002,2.0000,3.0000
32.5496,651,9.8664,1.8963,3.0078,9.2620,1.1806,0.3709,9.1501,0.0352,0.3846,8.9802,2.0000,3.0000
32.5995,652,9.8412,1.9050,3.0078,9.2716,1.1996,0.3717,9.1675,0.0543,0.3854,8.9602,2.0000,3.0000
32.6496,653,9.8155,1.9132,3.0078,9.2798,1.2176,0.3714,9.1847,0.0740,0.3854,8.9402,2.0000,3.0000
32.6997,654,9.8155,1.9132,3.0078,9.2798,1.2176,0.3714,9.1847,0.0740,0.3854,8.9201,2.0000,3.0000
32.7495,655,9.7895,1.9210,3.0078,9.2866,1.2340,0.3703,9.2012,0.0941,0.3852,8.9002,2.0000,3.0000
32.7995,656,9.7895,1.9210,3.0078,9.2866,1.2340,0.3703,9.2012,0.0941,0.3852,8.8802,2.0000,3.0000
32.8495,657,9.7630,1.9284,3.0077,9.2925,1.2487,0.3688,9.2170,0.1148,0.3846,8.8602,2.0000,3.0000
32.8996,658,9.7360,1.9355,3.0077,9.2978,1.2622,0.3668,9.2327,0.1358,0.3826,8.8402,2.0000,3.0000
32.9495,659,9.7360,1.9355,3.0077,9.2978,1.2622,0.3668,9.2327,0.1358,0.3826,8.8202,2.0000,3.0000
32.9995,660,9.7087,1.9421,3.0077,9.3025,1.2745,0.3638,9.2477,0.1568,0.3809,8.8002,2.0000,3.0000
33.0495,661,9.6810,1.9484,3.0077,9.3068,1.2864,0.3583,9.2619,0.1776,0.3799,8.7802,2.0000,3.0000
33.0995,662,9.6810,1.9484,3.0077,9.3068,1.2864,0.3583,9.2619,0.1776,0.3799,8.7602,2.0000,3.0000
33.1495,663,9.6529,1.9544,3.0077,9.3108,1.2979,0.3511,9.2753,0.1983,0.3796,8.7402,2.0000,3.0000
33.1995,664,9.6529,1.9544,3.0077,9.3108,1.2979,0.3511,9.2753,0.1983,0.3796,8.7202,2.0000,3.0000
33.2496,665,9.6245,1.9601,3.0076,9.3145,1.3083,0.3439,9.2881,0.2193,0.3797,8.7002,2.0000,3.0000
33.2996,666,9.6245,1.9601,3.0076,9.3145,1.3083,0.3439,9.2881,0.2193,0.3797,8.6802,2.0000,3.0000
33.3495,667,9.5958,1.9655,3.0076,9.3179,1.3168,0.3382,9.3003,0.2407,0.3798,8.6602,2.0000,3.0000
33.3996,668,9.5666,1.9706,3.0076,9.3204,1.3229,0.3341,9.3120,0.2627,0.3797,8.6402,2.0000,3.0000
33.4496,669,9.5666,1.9706,3.0076,9.3204,1.3229,0.3341,9.3120,0.2627,0.3797,8.6202,2.0000,3.0000
33.4996,670,9.5371,1.9755,3.0076,9.3219,1.3270,0.3306,9.3225,0.2842,0.3797,8.6002,2.0000,3.0000
33.5494,671,9.5073,1.9800,3.0076,9.3219,1.3295,0.3269,9.3317,0.3047,0.3798,8.5802,2.0000,3.0000
33.5995,672,9.5073,1.9800,3.0076,9.3219,1.3295,0.3269,9.3317,0.3047,0.3798,8.5602,2.0000,3.0000
33.6495,673,9.4773,1.9844,3.0075,9.3207,1.3306,0.3237,9.3397,0.3238,0.3806,8.5402,2.0000,3.0000
33.6996,674,9.4773,1.9844,3.0075,9.3207,1.3306,0.3237,9.3397,0.3238,0.3806,8.5202,2.0000,3.0000
33.7495,675,9.4471,1.9885,3.0075,9.3187,1.3303,0.3206,9.3470,0.3418,0.3822,8.5002,2.0000,3.0000
33.7995,676,9.4167,1.9924,3.0075,9.3165,1.3287,0.3176,9.3540,0.3593,0.3841,8.4802,2.0000,3.0000
33.8495,677,9.4167,1.9924,3.0075,9.3165,1.3287,0.3176,9.3540,0.3593,0.3841,8.4602,2.0000,3.0000
33.8996,678,9.3860,1.9961,3.0075,9.3144,1.3250,0.3167,9.3606,0.3764,0.3861,8.4402,2.0000,3.0000
33.9494,679,9.3552,1.9996,3.0075,9.3125,1.3190,0.3179,9.3665,0.3933,0.3879,8.4202,2.0000,3.0000
33.9995,680,9.3552,1.9996,3.0075,9.3125,1.3190,0.3179,9.3665,0.3933,0.3879,8.4002,2.0000,3.0000
34.0496,681,9.3243,2.0030,3.0075,9.3106,1.3113,0.3204,9.3716,0.4097,0.3887,8.3802,2.0000,3.0000
34.0995,682,9.3243,2.0030,3.0075,9.3106,1.3113,0.3204,9.3716,0.4097,0.3887,8.3602,2.0000,3.0000
34.1495,683,9.2933,2.0061,3.0074,9.3085,1.3018,0.3235,9.3758,0.4251,0.3887,8.3402,2.0000,3.0000
34.1994,684,9.2620,2.0091,3.0074,9.3062,1.2910,0.3257,9.3793,0.4383,0.3887,8.3202,2.0000,3.0000
34.2496,685,9.2620,2.0091,3.0074,9.3062,1.2910,0.3257,9.3793,0.4383,0.3887,8.3002,2.0000,3.0000
34.2994,686,9.2307,2.0119,3.0074,9.3035,1.2786,0.3273,9.3826,0.4495,0.3888,8.2802,2.0000,3.0000
34.3496,687,9.2307,2.0119,3.0074,9.3035,1.2786,0.3273,9.3826,0.4495,0.3888,8.2602,2.0000,3.0000
34.3996,688,9.1992,2.0146,3.0074,9.3007,1.2656,0.3281,9.3855,0.4588,0.3888,8.2402,2.0000,3.0000
34.4496,689,9.1992,2.0146,3.0074,9.3007,1.2656,0.3281,9.3855,0.4588,0.3888,8.2202,2.0000,3.0000
34.4996,690,9.1675,2.0171,3.0074,9.2985,1.2518,0.3278,9.3882,0.4663,0.3880,8.2002,2.0000,3.0000
34.5495,691,9.1356,2.0195,3.0074,9.2977,1.2380,0.3260,9.3907,0.4724,0.3859,8.1802,2.0000,3.0000
34.5996,692,9.1356,2.0195,3.0074,9.2977,1.2380,0.3260,9.3907,0.4724,0.3859,8.1602,2.0000,3.0000
34.6496,693,9.1035,2.0218,3.0073,9.2973,1.2245,0.3254,9.3931,0.4777,0.3819,8.1402,2.0000,3.0000
34.6994,694,9.1035,2.0218,3.0073,9.2967,1.2116,0.3262,9.3931,0.4777,0.3819,8.1202,2.0000,3.0000
34.7495,695,9.0713,2.0240,3.0073,9.2967,1.2116,0.3262,9.3954,0.4819,0.3758,8.1002,2.0000,3.0000
34.7996,696,9.0388,2.0260,3.0073,9.2963,1.1992,0.3290,9.3974,0.4853,0.3682,8.0802,2.0000,3.0000
34.8496,697,9.0388,2.0260,3.0073,9.2963,1.1992,0.3290,9.3974,0.4853,0.3682,8.0602,2.0000,3.0000
34.8995,698,9.0063,2.0279,3.0073,9.2963,1.1877,0.3325,9.3999,0.4878,0.3615,8.0402,2.0000,3.0000
34.9494,699,8.9736,2.0298,3.0073,9.2968,1.1775,0.3359,9.4032,0.4885,0.3570,8.0202,2.0000,3.0000
34.9996,700,8.9736,2.0298,3.0073,9.2968,1.1775,0.3359,9.4032,0.4885,0.3570,8.0002,2.0000,3.0000
35.0495,701,8.9409,2.0315,3.0072,9.2977,1.1673,0.3387,9.4067,0.4862,0.3539,7.9802,2.0000,3.0000
35.0995,702,8.9409,2.0315,3.0072,9.2977,1.1673,0.3387,9.4067,0.4862,0.3539,7.9602,2.0000,3.0000
35.1495,703,8.9082,2.0331,3.0072,9.2986,1.1567,0.3410,9.4097,0.4812,0.3499,7.9402,2.0000,3.0000
35.1995,704,8.8754,2.0347,3.0072,9.2997,1.1459,0.3429,9.4123,0.4744,0.3446,7.9202,2.0000,3.0000
35.2495,705,8.8754,2.0347,3.0072,9.2997,1.1459,0.3429,9.4123,0.4744,0.3446,7.9002,2.0000,3.0000
35.2995,706,8.8427,2.0361,3.0072,9.3009,1.1348,0.3443,9.4147,0.4668,0.3389,7.8802,2.0000,3.0000
35.3494,707,8.8427,2.0361,3.0072,9.3022,1.1238,0.3445,9.4147,0.4668,0.3389,7.8602,2.0000,3.0000
35.3995,708,8.8099,2.0375,3.0072,9.3022,1.1238,0.3445,9.4165,0.4585,0.3335,7.8402,2.0000,3.0000
35.4495,709,8.7770,2.0388,3.0072,9.3030,1.1130,0.3433,9.4181,0.4495,0.3271,7.8202,2.0000,3.0000
35.4995,710,8.7770,2.0388,3.0072,9.3030,1.1130,0.3433,9.4181,0.4495,0.3271,7.8002,2.0000,3.0000
35.5495,711,8.7441,2.0401,3.0071,9.3037,1.1023,0.3409,9.4199,0.4398,0.3215,7.7802,2.0000,3.0000
35.5995,712,8.7111,2.0412,3.0071,9.3038,1.0932,0.3398,9.4216,0.4286,0.3173,7.7602,2.0000,3.0000
35.6496,713,8.7111,2.0412,3.0071,9.3038,1.0932,0.3398,9.4216,0.4286,0.3173,7.7402,2.0000,3.0000
35.6996,714,8.6781,2.0423,3.0071,9.3033,1.0860,0.3398,9.4233,0.4163,0.3139,7.7202,2.0000,3.0000
35.7495,715,8.6781,2.0423,3.0071,9.3033,1.0860,0.3398,9.4233,0.4163,0.3139,7.7002,2.0000,3.0000
35.7995,716,8.6450,2.0434,3.0071,9.3023,1.0808,0.3401,9.4247,0.4022,0.3119,7.6802,2.0000,3.0000
35.8495,717,8.6118,2.0443,3.0071,9.3006,1.0774,0.3404,9.4257,0.3856,0.3112,7.6602,2.0000,3.0000
35.8996,718,8.6118,2.0443,3.0071,9.3006,1.0774,0.3404,9.4257,0.3856,0.3112,7.6402,2.0000,3.0000
35.9496,719,8.5785,2.0453,3.0071,9.2984,1.0759,0.3412,9.4266,0.3664,0.3114,7.6202,2.0000,3.0000
35.9995,720,8.5785,2.0453,3.0071,9.2984,1.0759,0.3412,9.4266,0.3664,0.3114,7.6002,2.0000,3.0000
36.0495,721,8.5452,2.0462,3.0070,9.2955,1.0761,0.3426,9.4275,0.3451,0.3112,7.5802,2.0000,3.0000
36.0994,722,8.5118,2.0470,3.0070,9.2920,1.0780,0.3445,9.4286,0.3219,0.3122,7.5602,2.0000,3.0000
36.1495,723,8.5118,2.0470,3.0070,9.2920,1.0780,0.3445,9.4286,0.3219,0.3122,7.5402,2.0000,3.0000
36.1995,724,8.4783,2.0478,3.0070,9.2878,1.0815,0.3466,9.4297,0.2983,0.3157,7.5202,2.0000,3.0000
36.2495,725,8.4783,2.0478,3.0070,9.2878,1.0815,0.3466,9.4297,0.2983,0.3157,7.5002,2.0000,3.0000
36.2995,726,8.4448,2.0485,3.0070,9.2829,1.0867,0.3490,9.4308,0.2754,0.3203,7.4802,2.0000,3.0000
36.3495,727,8.4448,2.0485,3.0070,9.2829,1.0867,0.3490,9.4308,0.2754,0.3203,7.4602,2.0000,3.0000
36.3995,728,8.4112,2.0492,3.0070,9.2775,1.0930,0.3509,9.4322,0.2526,0.3249,7.4402,2.0000,3.0000
36.4496,729,8.4112,2.0492,3.0070,9.2775,1.0930,0.3509,9.4322,0.2526,0.3249,7.4202,2.0000,3.0000
36.4995,730,8.3774,2.0498,3.0070,9.2718,1.0999,0.3512,9.4340,0.2291,0.3294,7.4002,2.0000,3.0000
36.5496,731,8.3774,2.0498,3.0070,9.2718,1.0999,0.3512,9.4340,0.2291,0.3294,7.3802,2.0000,3.0000
36.5995,732,8.3435,2.0505,3.0069,9.2659,1.1071,0.3511,9.4356,0.2057,0.3335,7.3602,2.0000,3.0000
36.6495,733,8.3093,2.0510,3.0069,9.2594,1.1146,0.3513,9.4365,0.1839,0.3359,7.3402,2.0000,3.0000
36.6995,734,8.3093,2.0510,3.0069,9.2594,1.1146,0.3513,9.4365,0.1839,0.3359,7.3202,2.0000,3.0000
36.7495,735,8.2749,2.0516,3.0069,9.2526,1.1224,0.3513,9.4369,0.1637,0.3373,7.3002,2.0000,3.0000
36.7995,736,8.2749,2.0516,3.0069,9.2454,1.1306,0.3508,9.4369,0.1637,0.3373,7.2802,2.0000,3.0000
36.8496,737,8.2405,2.0521,3.0069,9.2454,1.1306,0.3508,9.4370,0.1445,0.3390,7.2602,2.0000,3.0000
36.8996,738,8.2060,2.0526,3.0069,9.2379,1.1391,0.3496,9.4367,0.1268,0.3413,7.2402,2.0000,3.0000
36.9496,739,8.2060,2.0526,3.0069,9.2379,1.1391,0.3496,9.4367,0.1268,0.3413,7.2202,2.0000,3.0000
36.9995,740,8.1715,2.0530,3.0069,9.2301,1.1482,0.3480,9.4362,0.1105,0.3440,7.2002,2.0000,3.0000
37.0495,741,8.1370,2.0534,3.0068,9.2217,1.1584,0.3460,9.4354,0.0952,0.3472,7.1802,2.0000,3.0000
37.0996,742,8.1370,2.0534,3.0068,9.2217,1.1584,0.3460,9.4354,0.0952,0.3472,7.1602,2.0000,3.0000
37.1495,743,8.1025,2.0538,3.0068,9.2124,1.1700,0.3445,9.4349,0.0808,0.3504,7.1402,2.0000,3.0000
37.1995,744,8.1025,2.0538,3.0068,9.2124,1.1700,0.3445,9.4349,0.0808,0.3504,7.1202,2.0000,3.0000
37.2495,745,8.0680,2.0542,3.0068,9.2019,1.1827,0.3439,9.4346,0.0676,0.3528,7.1002,2.0000,3.0000
37.2995,746,8.0680,2.0542,3.0068,9.2019,1.1827,0.3439,9.4346,0.0676,0.3528,7.0802,2.0000,3.0000
37.3495,747,8.0334,2.0546,3.0068,9.1902,1.1967,0.3431,9.4344,0.0555,0.3545,7.0602,2.0000,3.0000
37.3995,748,8.0334,2.0546,3.0068,9.1902,1.1967,0.3431,9.4344,0.0555,0.3545,7.0402,2.0000,3.0000
37.4495,749,7.9987,2.0549,3.0068,9.1783,1.2112,0.3416,9.4341,0.0445,0.3552,7.0202,2.0000,3.0000
37.4995,750,7.9639,2.0552,3.0068,9.1662,1.2255,0.3401,9.4336,0.0351,0.3550,7.0002,2.0000,3.0000
37.5496,751,7.9639,2.0552,3.0068,9.1662,1.2255,0.3401,9.4336,0.0351,0.3550,6.9802,2.0000,3.0000
37.5995,752,7.9290,2.0555,3.0068,9.1536,1.2397,0.3387,9.4318,0.0279,0.3555,6.9602,2.0000,3.0000
37.6495,753,7.9290,2.0555,3.0068,9.1536,1.2397,0.3387,9.4318,0.0279,0.3555,6.9402,2.0000,3.0000
37.6995,754,7.8940,2.0557,3.0067,9.1407,1.2539,0.3370,9.4294,0.0222,0.3555,6.9202,2.0000,3.0000
37.7494,755,7.8589,2.0560,3.0067,9.1271,1.2685,0.3351,9.4267,0.0178,0.3548,6.9002,2.0000,3.0000
37.7996,756,7.8589,2.0560,3.0067,9.1271,1.2685,0.3351,9.4267,0.0178,0.3548,6.8802,2.0000,3.0000
37.8495,757,7.8239,2.0562,3.0067,9.1127,1.2834,0.3332,9.4234,0.0146,0.3532,6.8602,2.0000,3.0000
37.8995,758,7.8239,2.0562,3.0067,9.1127,1.2834,0.3332,9.4234,0.0146,0.3532,6.8402,2.0000,3.0000
37.9495,759,7.7888,2.0564,3.0067,9.0974,1.2989,0.3312,9.4197,0.0124,0.3511,6.8202,2.0000,3.0000
37.9995,760,7.7888,2.0564,3.0067,9.0974,1.2989,0.3312,9.4197,0.0124,0.3511,6.8002,2.0000,3.0000
38.0495,761,7.7537,2.0566,3.0067,9.0809,1.3149,0.3291,9.4156,0.0114,0.3492,6.7802,2.0000,3.0000
38.0995,762,7.7185,2.0568,3.0067,9.0631,1.3310,0.3276,9.4110,0.0115,0.3480,6.7602,2.0000,3.0000
38.1496,763,7.7185,2.0568,3.0067,9.0631,1.3310,0.3276,9.4110,0.0115,0.3480,6.7402,2.0000,3.0000
38.1995,764,7.6832,2.0570,3.0066,9.0443,1.3467,0.3287,9.4058,0.0125,0.3475,6.7202,2.0000,3.0000
38.2495,765,7.6832,2.0570,3.0066,9.0443,1.3467,0.3287,9.4058,0.0125,0.3475,6.7002,2.0000,3.0000
38.2995,766,7.6479,2.0571,3.0066,9.0249,1.3619,0.3312,9.4001,0.0143,0.3475,6.6802,2.0000,3.0000
38.3495,767,7.6479,2.0571,3.0066,9.0249,1.3619,0.3312,9.4001,0.0143,0.3475,6.6602,2.0000,3.0000
38.3996,768,7.6127,2.0573,3.0066,9.0059,1.3766,0.3333,9.3939,0.0170,0.3477,6.6401,2.0000,3.0000
38.4495,769,7.5776,2.0574,3.0066,8.9870,1.3908,0.3356,9.3871,0.0206,0.3483,6.6202,2.0000,3.0000
38.4996,770,7.5776,2.0574,3.0066,8.9870,1.3908,0.3356,9.3871,0.0206,0.3483,6.6002,2.0000,3.0000
38.5495,771,7.5425,2.0575,3.0066,8.9682,1.4046,0.3380,9.3798,0.0252,0.3490,6.5802,2.0000,3.0000
38.5995,772,7.5425,2.0575,3.0066,8.9682,1.4046,0.3380,9.3798,0.0252,0.3490,6.5602,2.0000,3.0000
38.6495,773,7.5073,2.0576,3.0066,8.9492,1.4183,0.3402,9.3720,0.0307,0.3500,6.5402,2.0000,3.0000
38.6996,774,7.4719,2.0577,3.0066,8.9296,1.4321,0.3423,9.3637,0.0372,0.3514,6.5202,2.0000,3.0000
38.7497,775,7.4719,2.0577,3.0066,8.9296,1.4321,0.3423,9.3637,0.0372,0.3514,6.5001,2.0000,3.0000
38.7996,776,7.4366,2.0578,3.0065,8.9091,1.4459,0.3442,9.3547,0.0446,0.3530,6.4802,2.0000,3.0000
38.8494,777,7.4012,2.0579,3.0065,8.8874,1.4598,0.3464,9.3451,0.0528,0.3548,6.4602,2.0000,3.0000
38.8995,778,7.4012,2.0579,3.0065,8.8874,1.4598,0.3464,9.3451,0.0528,0.3548,6.4402,2.0000,3.0000
38.9495,779,7.3658,2.0580,3.0065,8.8646,1.4734,0.3495,9.3347,0.0614,0.3566,6.4202,2.0000,3.0000
38.9996,780,7.3658,2.0580,3.0065,8.8646,1.4734,0.3495,9.3347,0.0614,0.3566,6.4002,2.0000,3.0000
39.0495,781,7.3306,2.0580,3.0065,8.8409,1.4869,0.3533,9.3235,0.0706,0.3584,6.3802,2.0000,3.0000
39.0995,782,7.3306,2.0580,3.0065,8.8409,1.4869,0.3533,9.3235,0.0706,0.3584,6.3602,2.0000,3.0000
39.1496,783,7.2953,2.0581,3.0065,8.8166,1.5003,0.3563,9.3118,0.0801,0.3599,6.3402,2.0000,3.0000
39.1996,784,7.2601,2.0581,3.0065,8.7921,1.5136,0.3583,9.2999,0.0900,0.3604,6.3202,2.0000,3.0000
39.2496,785,7.2601,2.0581,3.0065,8.7921,1.5136,0.3583,9.2999,0.0900,0.3604,6.3002,2.0000,3.0000
39.2995,786,7.2249,2.0582,3.0064,8.7677,1.5268,0.3597,9.2873,0.1003,0.3601,6.2802,2.0000,3.0000
39.3495,787,7.2249,2.0582,3.0064,8.7677,1.5268,0.3597,9.2873,0.1003,0.3601,6.2602,2.0000,3.0000
39.3995,788,7.1898,2.0582,3.0064,8.7433,1.5397,0.3607,9.2742,0.1105,0.3592,6.2402,2.0000,3.0000
39.4495,789,7.1545,2.0582,3.0064,8.7189,1.5524,0.3613,9.2607,0.1205,0.3571,6.2202,2.0000,3.0000
39.4996,790,7.1545,2.0582,3.0064,8.7189,1.5524,0.3613,9.2607,0.1205,0.3571,6.2001,2.0000,3.0000
39.5495,791,7.1192,2.0582,3.0064,8.6941,1.5650,0.3614,9.2467,0.1299,0.3528,6.1802,2.0000,3.0000
39.5995,792,7.1192,2.0582,3.0064,8.6941,1.5650,0.3614,9.2467,0.1299,0.3528,6.1602,2.0000,3.0000
39.6496,793,7.0840,2.0582,3.0064,8.6685,1.5775,0.3613,9.2321,0.1391,0.3460,6.1402,2.0000,3.0000
39.6994,794,7.0487,2.0583,3.0064,8.6415,1.5900,0.3611,9.2173,0.1489,0.3380,6.1202,2.0000,3.0000
39.7496,795,7.0487,2.0583,3.0064,8.6415,1.5900,0.3611,9.2173,0.1489,0.3380,6.1002,2.0000,3.0000
39.7995,796,7.0134,2.0583,3.0064,8.6138,1.6021,0.3619,9.2020,0.1595,0.3305,6.0802,2.0000,3.0000
39.8496,797,7.0134,2.0583,3.0064,8.6138,1.6021,0.3619,9.2020,0.1595,0.3305,6.0602,2.0000,3.0000
39.8995,798,6.9782,2.0583,3.0063,8.5867,1.6133,0.3635,9.1864,0.1704,0.3236,6.0402,2.0000,3.0000
39.9495,799,6.9430,2.0583,3.0063,8.5606,1.6237,0.3648,9.1703,0.1811,0.3176,6.0202,2.0000,3.0000
39.9996,800,6.9430,2.0583,3.0063,8.5606,1.6237,0.3648,9.1703,0.1811,0.3176,6.0001,2.0000,3.0000
40.0496,801,6.9077,2.0582,3.0063,8.5353,1.6337,0.3664,9.1533,0.1921,0.3118,5.9802,2.0000,3.0000
40.0995,802,6.9077,2.0582,3.0063,8.5102,1.6437,0.3680,9.1533,0.1921,0.3118,5.9602,2.0000,3.0000
40.1495,803,6.8725,2.0582,3.0063,8.5102,1.6437,0.3680,9.1353,0.2040,0.3062,5.9402,2.0000,3.0000
40.1995,804,6.8373,2.0582,3.0063,8.4850,1.6539,0.3694,9.1163,0.2164,0.3009,5.9202,2.0000,3.0000
40.2496,805,6.8373,2.0582,3.0063,8.4850,1.6539,0.3694,9.1163,0.2164,0.3009,5.9002,2.0000,3.0000
40.2996,806,6.8022,2.0582,3.0063,8.4596,1.6640,0.3710,9.0959,0.2290,0.2959,5.8802,2.0000,3.0000
40.3495,807,6.8022,2.0582,3.0063,8.4596,1.6640,0.3710,9.0959,0.2290,0.2959,5.8602,2.0000,3.0000
40.3995,808,6.7670,2.0582,3.0063,8.4338,1.6740,0.3728,9.0740,0.2419,0.2914,5.8402,2.0000,3.0000
40.4495,809,6.7670,2.0582,3.0063,8.4338,1.6740,0.3728,9.0740,0.2419,0.2914,5.8202,2.0000,3.0000
40.4996,810,6.7319,2.0581,3.0062,8.4073,1.6837,0.3746,9.0511,0.2550,0.2899,5.8002,2.0000,3.0000
40.5494,811,6.6967,2.0581,3.0062,8.3801,1.6933,0.3760,9.0276,0.2689,0.2916,5.7802,2.0000,3.0000
40.5995,812,6.6967,2.0581,3.0062,8.3801,1.6933,0.3760,9.0276,0.2689,0.2916,5.7602,2.0000,3.0000
40.6496,813,6.6614,2.0581,3.0062,8.3527,1.7026,0.3774,9.0040,0.2833,0.2947,5.7402,2.0000,3.0000
40.6995,814,6.6614,2.0581,3.0062,8.3527,1.7026,0.3774,9.0040,0.2833,0.2947,5.7202,2.0000,3.0000
40.7495,815,6.6262,2.0580,3.0062,8.3250,1.7118,0.3776,8.9810,0.2982,0.2978,5.7002,2.0000,3.0000
40.7994,816,6.6262,2.0580,3.0062,8.2975,1.7208,0.3769,8.9810,0.2982,0.2978,5.6802,2.0000,3.0000
40.8495,817,6.5909,2.0580,3.0062,8.2975,1.7208,0.3769,8.9584,0.3134,0.3012,5.6602,2.0000,3.0000
40.8995,818,6.5557,2.0580,3.0062,8.2704,1.7297,0.3763,8.9361,0.3289,0.3049,5.6402,2.0000,3.0000
40.9495,819,6.5557,2.0580,3.0062,8.2704,1.7297,0.3763,8.9361,0.3289,0.3049,5.6202,2.0000,3.0000
40.9995,820,6.5204,2.0579,3.0062,8.2438,1.7384,0.3758,8.9141,0.3445,0.3091,5.6002,2.0000,3.0000
41.0496,821,6.4853,2.0579,3.0061,8.2171,1.7469,0.3752,8.8922,0.3602,0.3138,5.5802,2.0000,3.0000
41.0996,822,6.4853,2.0579,3.0061,8.2171,1.7469,0.3752,8.8922,0.3602,0.3138,5.5602,2.0000,3.0000
41.1495,823,6.4503,2.0578,3.0061,8.1900,1.7551,0.3745,8.8698,0.3762,0.3186,5.5402,2.0000,3.0000
41.1995,824,6.4152,2.0578,3.0061,8.1621,1.7634,0.3737,8.8466,0.3928,0.3231,5.5202,2.0000,3.0000
41.2496,825,6.4152,2.0578,3.0061,8.1621,1.7634,0.3737,8.8466,0.3928,0.3231,5.5001,2.0000,3.0000
41.2996,826,6.3802,2.0577,3.0061,8.1332,1.7717,0.3730,8.8228,0.4098,0.3273,5.4802,2.0000,3.0000
41.3495,827,6.3802,2.0577,3.0061,8.1332,1.7717,0.3730,8.8228,0.4098,0.3273,5.4602,2.0000,3.0000
41.3996,828,6.3453,2.0577,3.0061,8.1040,1.7795,0.3726,8.7990,0.4265,0.3309,5.4402,2.0000,3.0000
41.4495,829,6.3104,2.0576,3.0061,8.0762,1.7865,0.3732,8.7758,0.4424,0.3348,5.4202,2.0000,3.0000
41.4996,830,6.3104,2.0576,3.0061,8.0762,1.7865,0.3732,8.7758,0.4424,0.3348,5.4002,2.0000,3.0000
41.5495,831,6.2755,2.0575,3.0061,8.0493,1.7931,0.3744,8.7530,0.4580,0.3385,5.3802,2.0000,3.0000
41.5995,832,6.2755,2.0575,3.0061,8.0493,1.7931,0.3744,8.7530,0.4580,0.3385,5.3602,2.0000,3.0000
41.6496,833,6.2407,2.0575,3.0060,8.0226,1.7996,0.3757,8.7301,0.4732,0.3415,5.3402,2.0000,3.0000
41.6996,834,6.2059,2.0574,3.0060,7.9958,1.8060,0.3769,8.7070,0.4885,0.3438,5.3202,2.0000,3.0000
41.7496,835,6.2059,2.0574,3.0060,7.9958,1.8060,0.3769,8.7070,0.4885,0.3438,5.3002,2.0000,3.0000
41.7995,836,6.1713,2.0574,3.0060,7.9687,1.8124,0.3781,8.6835,0.5037,0.3460,5.2802,2.0000,3.0000
41.8495,837,6.1366,2.0573,3.0060,7.9413,1.8187,0.3792,8.6593,0.5187,0.3482,5.2602,2.0000,3.0000
41.8995,838,6.1366,2.0573,3.0060,7.9413,1.8187,0.3792,8.6593,0.5187,0.3482,5.2402,2.0000,3.0000
41.9495,839,6.1020,2.0572,3.0060,7.9130,1.8249,0.3804,8.6346,0.5336,0.3507,5.2202,2.0000,3.0000
41.9995,840,6.1020,2.0572,3.0060,7.9130,1.8249,0.3804,8.6346,0.5336,0.3507,5.2002,2.0000,3.0000
42.0495,841,6.0675,2.0572,3.0060,7.8838,1.8311,0.3810,8.6093,0.5483,0.3534,5.1802,2.0000,3.0000
42.0996,842,6.0330,2.0571,3.0060,7.8543,1.8372,0.3806,8.5840,0.5626,0.3584,5.1602,2.0000,3.0000
42.1496,843,6.0330,2.0571,3.0060,7.8543,1.8372,0.3806,8.5840,0.5626,0.3584,5.1402,2.0000,3.0000
42.1995,844,5.9986,2.0570,3.0059,7.8247,1.8432,0.3789,8.5595,0.5762,0.3646,5.1202,2.0000,3.0000
42.2495,845,5.9643,2.0570,3.0059,7.7955,1.8489,0.3771,8.5355,0.5895,0.3705,5.1002,2.0000,3.0000
42.2996,846,5.9643,2.0570,3.0059,7.7955,1.8489,0.3771,8.5355,0.5895,0.3705,5.0802,2.0000,3.0000
42.3495,847,5.9300,2.0569,3.0059,7.7669,1.8545,0.3759,8.5119,0.6025,0.3763,5.0602,2.0000,3.0000
42.3996,848,5.9300,2.0569,3.0059,7.7669,1.8545,0.3759,8.5119,0.6025,0.3763,5.0402,2.0000,3.0000
42.4496,849,5.8957,2.0568,3.0059,7.7386,1.8598,0.3750,8.4885,0.6155,0.3816,5.0202,2.0000,3.0000
42.4996,850,5.8957,2.0568,3.0059,7.7386,1.8598,0.3750,8.4885,0.6155,0.3816,5.0002,2.0000,3.0000
42.5495,851,5.8614,2.0568,3.0059,7.7102,1.8651,0.3740,8.4651,0.6286,0.3863,4.9802,2.0000,3.0000
42.5995,852,5.8270,2.0567,3.0059,7.6814,1.8703,0.3732,8.4411,0.6420,0.3902,4.9602,2.0000,3.0000
42.6495,853,5.8270,2.0567,3.0059,7.6814,1.8703,0.3732,8.4411,0.6420,0.3902,4.9402,2.0000,3.0000
42.6995,854,5.7925,2.0566,3.0059,7.6518,1.8753,0.3725,8.4165,0.6557,0.3931,4.9202,2.0000,3.0000
42.7494,855,5.7925,2.0566,3.0059,7.6213,1.8801,0.3721,8.4165,0.6557,0.3931,4.9002,2.0000,3.0000
42.7995,856,5.7581,2.0565,3.0059,7.6213,1.8801,0.3721,8.3916,0.6696,0.3948,4.8802,2.0000,3.0000
42.8496,857,5.7237,2.0565,3.0058,7.5911,1.8846,0.3726,8.3662,0.6838,0.3947,4.8602,2.0000,3.0000
42.8996,858,5.7237,2.0565,3.0058,7.5911,1.8846,0.3726,8.3662,0.6838,0.3947,4.8402,2.0000,3.0000
42.9495,859,5.6893,2.0564,3.0058,7.5622,1.8887,0.3741,8.3403,0.6981,0.3930,4.8202,2.0000,3.0000
42.9996,860,5.6551,2.0563,3.0058,7.5340,1.8929,0.3759,8.3146,0.7122,0.3910,4.8002,2.0000,3.0000
43.0496,861,5.6551,2.0563,3.0058,7.5340,1.8929,0.3759,8.3146,0.7122,0.3910,4.7802,2.0000,3.0000
43.0995,862,5.6209,2.0562,3.0058,7.5059,1.8971,0.3776,8.2894,0.7262,0.3894,4.7602,2.0000,3.0000
43.1495,863,5.5867,2.0562,3.0058,7.4777,1.9014,0.3789,8.2644,0.7399,0.3882,4.7402,2.0000,3.0000
43.1996,864,5.5867,2.0562,3.0058,7.4777,1.9014,0.3789,8.2644,0.7399,0.3882,4.7202,2.0000,3.0000
43.2496,865,5.5526,2.0561,3.0058,7.4493,1.9058,0.3801,8.2392,0.7536,0.3870,4.7002,2.0000,3.0000
43.2995,866,5.5185,2.0560,3.0058,7.4204,1.9101,0.3812,8.2134,0.7673,0.3859,4.6802,2.0000,3.0000
43.3496,867,5.5185,2.0560,3.0058,7.4204,1.9101,0.3812,8.2134,0.7673,0.3859,4.6602,2.0000,3.0000
43.3995,868,5.4844,2.0559,3.0057,7.3908,1.9144,0.3823,8.1870,0.7811,0.3850,4.6402,2.0000,3.0000
43.4495,869,5.4844,2.0559,3.0057,7.3908,1.9144,0.3823,8.1870,0.7811,0.3850,4.6202,2.0000,3.0000
43.4995,870,5.4505,2.0559,3.0057,7.3604,1.9188,0.3823,8.1595,0.7952,0.3838,4.6002,2.0000,3.0000
43.5494,871,5.4165,2.0558,3.0057,7.3300,1.9232,0.3810,8.1326,0.8088,0.3832,4.5802,2.0000,3.0000
43.5996,872,5.4165,2.0558,3.0057,7.3300,1.9232,0.3810,8.1326,0.8088,0.3832,4.5602,2.0000,3.0000
43.6495,873,5.3826,2.0557,3.0057,7.2998,1.9275,0.3788,8.1067,0.8216,0.3836,4.5402,2.0000,3.0000
43.6996,874,5.3826,2.0557,3.0057,7.2998,1.9275,0.3788,8.1067,0.8216,0.3836,4.5202,2.0000,3.0000
43.7495,875,5.3487,2.0556,3.0057,7.2705,1.9317,0.3776,8.0812,0.8340,0.3845,4.5002,2.0000,3.0000
43.7996,876,5.3148,2.0555,3.0057,7.2418,1.9359,0.3770,8.0558,0.8463,0.3856,4.4802,2.0000,3.0000
43.8496,877,5.3148,2.0555,3.0057,7.2418,1.9359,0.3770,8.0558,0.8463,0.3856,4.4602,2.0000,3.0000
43.8996,878,5.2811,2.0555,3.0057,7.2135,1.9401,0.3767,8.0303,0.8587,0.3868,4.4402,2.0000,3.0000
43.9495,879,5.2811,2.0555,3.0057,7.2135,1.9401,0.3767,8.0303,0.8587,0.3868,4.4202,2.0000,3.0000
43.9996,880,5.2473,2.0554,3.0057,7.1850,1.9443,0.3764,8.0044,0.8710,0.3881,4.4002,2.0000,3.0000
44.0495,881,5.2134,2.0553,3.0056,7.1559,1.9485,0.3761,7.9779,0.8834,0.3893,4.3802,2.0000,3.0000
44.0996,882,5.2134,2.0553,3.0056,7.1559,1.9485,0.3761,7.9779,0.8834,0.3893,4.3602,2.0000,3.0000
44.1495,883,5.1795,2.0552,3.0056,7.1261,1.9529,0.3761,7.9507,0.8960,0.3900,4.3402,2.0000,3.0000
44.1996,884,5.1795,2.0552,3.0056,7.0960,1.9573,0.3762,7.9507,0.8960,0.3900,4.3202,2.0000,3.0000
44.2496,885,5.1455,2.0551,3.0056,7.0960,1.9573,0.3762,7.9232,0.9084,0.3891,4.3002,2.0000,3.0000
44.2996,886,5.1116,2.0551,3.0056,7.0667,1.9613,0.3777,7.8957,0.9206,0.3874,4.2802,2.0000,3.0000
44.3495,887,5.1116,2.0551,3.0056,7.0667,1.9613,0.3777,7.8957,0.9206,0.3874,4.2602,2.0000,3.0000
44.3996,888,5.0777,2.0550,3.0056,7.0387,1.9651,0.3803,7.8682,0.9329,0.3845,4.2402,2.0000,3.0000
44.4496,889,5.0439,2.0549,3.0056,7.0111,1.9686,0.3826,7.8412,0.9449,0.3819,4.2201,2.0000,3.0000
44.4997,890,5.0439,2.0549,3.0056,7.0111,1.9686,0.3826,7.8412,0.9449,0.3819,4.2001,2.0000,3.0000
44.5495,891,5.0102,2.0548,3.0056,6.9834,1.9721,0.3844,7.8146,0.9565,0.3799,4.1802,2.0000,3.0000
44.5994,892,4.9764,2.0547,3.0056,6.9554,1.9756,0.3856,7.7881,0.9680,0.3783,4.1602,2.0000,3.0000
44.6496,893,4.9764,2.0547,3.0056,6.9554,1.9756,0.3856,7.7881,0.9680,0.3783,4.1402,2.0000,3.0000
44.6995,894,4.9427,2.0547,3.0055,6.9270,1.9790,0.3865,7.7612,0.9796,0.3769,4.1202,2.0000,3.0000
44.7496,895,4.9427,2.0547,3.0055,6.9270,1.9790,0.3865,7.7612,0.9796,0.3769,4.1002,2.0000,3.0000
44.7995,896,4.9090,2.0546,3.0055,6.8980,1.9822,0.3872,7.7337,0.9914,0.3757,4.0802,2.0000,3.0000
44.8495,897,4.8752,2.0545,3.0055,6.8682,1.9852,0.3876,7.7056,1.0032,0.3748,4.0602,2.0000,3.0000
44.8996,898,4.8752,2.0545,3.0055,6.8682,1.9852,0.3876,7.7056,1.0032,0.3748,4.0402,2.0000,3.0000
44.9495,899,4.8414,2.0544,3.0055,6.8377,1.9883,0.3870,7.6774,1.0149,0.3752,4.0202,2.0000,3.0000
44.9995,900,4.8414,2.0544,3.0055,6.8072,1.9913,0.3846,7.6774,1.0149,0.3752,4.0002,2.0000,3.0000
45.0495,901,4.8077,2.0543,3.0055,6.8072,1.9913,0.3846,7.6504,1.0255,0.3767,3.9802,2.0000,3.0000
45.0996,902,4.7740,2.0543,3.0055,6.7770,1.9942,0.3820,7.6245,1.0355,0.3787,3.9602,2.0000,3.0000
45.1495,903,4.7740,2.0543,3.0055,6.7770,1.9942,0.3820,7.6245,1.0355,0.3787,3.9402,2.0000,3.0000
45.1995,904,4.7403,2.0542,3.0055,6.7476,1.9971,0.3805,7.5989,1.0452,0.3810,3.9202,2.0000,3.0000
45.2495,905,4.7066,2.0541,3.0055,6.7188,1.9999,0.3795,7.5731,1.0549,0.3830,3.9002,2.0000,3.0000
45.2996,906,4.7066,2.0541,3.0055,6.7188,1.9999,0.3795,7.5731,1.0549,0.3830,3.8802,2.0000,3.0000
45.3495,907,4.6729,2.0540,3.0055,6.6900,2.0027,0.3786,7.5471,1.0647,0.3848,3.8602,2.0000,3.0000
45.3995,908,4.6729,2.0540,3.0055,6.6900,2.0027,0.3786,7.5471,1.0647,0.3848,3.8402,2.0000,3.0000
45.4495,909,4.6392,2.0539,3.0054,6.6611,2.0054,0.3779,7.5206,1.0744,0.3865,3.8202,2.0000,3.0000
45.4994,910,4.6056,2.0538,3.0054,6.6317,2.0081,0.3773,7.4934,1.0839,0.3882,3.8002,2.0000,3.0000
45.5496,911,4.6056,2.0538,3.0054,6.6317,2.0081,0.3773,7.4934,1.0839,0.3882,3.7802,2.0000,3.0000
45.5995,912,4.5721,2.0538,3.0054,6.6015,2.0107,0.3769,7.4656,1.0934,0.3892,3.7602,2.0000,3.0000
45.6495,913,4.5721,2.0538,3.0054,6.6015,2.0107,0.3769,7.4656,1.0934,0.3892,3.7402,2.0000,3.0000
45.6995,914,4.5385,2.0537,3.0054,6.5711,2.0131,0.3757,7.4377,1.1029,0.3886,3.7202,2.0000,3.0000
45.7495,915,4.5048,2.0536,3.0054,6.5414,2.0155,0.3761,7.4095,1.1122,0.3867,3.7002,2.0000,3.0000
45.7996,916,4.5048,2.0536,3.0054,6.5414,2.0155,0.3761,7.4095,1.1122,0.3867,3.6802,2.0000,3.0000
45.8496,917,4.4710,2.0535,3.0054,6.5129,2.0179,0.3775,7.3813,1.1214,0.3842,3.6602,2.0000,3.0000
45.8994,918,4.4372,2.0534,3.0054,6.4848,2.0201,0.3790,7.3539,1.1301,0.3826,3.6402,2.0000,3.0000
45.9495,919,4.4372,2.0534,3.0054,6.4848,2.0201,0.3790,7.3539,1.1301,0.3826,3.6202,2.0000,3.0000
45.9995,920,4.4035,2.0534,3.0054,6.4567,2.0224,0.3801,7.3269,1.1384,0.3817,3.6002,2.0000,3.0000
46.0495,921,4.4035,2.0534,3.0054,6.4567,2.0224,0.3801,7.3269,1.1384,0.3817,3.5802,2.0000,3.0000
46.0995,922,4.3698,2.0533,3.0053,6.4283,2.0247,0.3808,7.2999,1.1464,0.3809,3.5602,2.0000,3.0000
46.1495,923,4.3361,2.0532,3.0053,6.3996,2.0270,0.3814,7.2726,1.1541,0.3801,3.5402,2.0000,3.0000
46.1995,924,4.3361,2.0532,3.0053,6.3996,2.0270,0.3814,7.2726,1.1541,0.3801,3.5202,2.0000,3.0000
46.2495,925,4.3025,2.0531,3.0053,6.3703,2.0292,0.3819,7.2445,1.1617,0.3793,3.5002,2.0000,3.0000
46.2995,926,4.3025,2.0531,3.0053,6.3703,2.0292,0.3819,7.2445,1.1617,0.3793,3.4802,2.0000,3.0000
46.3495,927,4.2689,2.0530,3.0053,6.3400,2.0316,0.3823,7.2154,1.1691,0.3787,3.4602,2.0000,3.0000
46.3995,928,4.2352,2.0530,3.0053,6.3090,2.0339,0.3815,7.1856,1.1762,0.3782,3.4402,2.0000,3.0000
46.4495,929,4.2352,2.0530,3.0053,6.3090,2.0339,0.3815,7.1856,1.1762,0.3782,3.4202,2.0000,3.0000
46.4996,930,4.2014,2.0529,3.0053,6.2782,2.0362,0.3798,7.1567,1.1828,0.3789,3.4002,2.0000,3.0000
46.5497,931,4.2014,2.0529,3.0053,6.2782,2.0362,0.3798,7.1567,1.1828,0.3789,3.3801,2.0000,3.0000
46.5995,932,4.1676,2.0528,3.0053,6.2483,2.0385,0.3781,7.1290,1.1892,0.3803,3.3602,2.0000,3.0000
46.6495,933,4.1338,2.0527,3.0053,6.2193,2.0410,0.3775,7.1017,1.1955,0.3820,3.3402,2.0000,3.0000
46.6995,934,4.1338,2.0527,3.0053,6.2193,2.0410,0.3775,7.1017,1.1955,0.3820,3.3202,2.0000,3.0000
46.7495,935,4.0999,2.0526,3.0052,6.1909,2.0436,0.3773,7.0745,1.2020,0.3835,3.3002,2.0000,3.0000
46.7996,936,4.0999,2.0526,3.0052,6.1909,2.0436,0.3773,7.0745,1.2020,0.3835,3.2802,2.0000,3.0000
46.8496,937,4.0660,2.0525,3.0052,6.1628,2.0463,0.3774,7.0471,1.2087,0.3847,3.2602,2.0000,3.0000
46.8996,938,4.0321,2.0525,3.0052,6.1346,2.0493,0.3775,7.0192,1.2153,0.3858,3.2402,2.0000,3.0000
46.9496,939,4.0321,2.0525,3.0052,6.1346,2.0493,0.3775,7.0192,1.2153,0.3858,3.2202,2.0000,3.0000
46.9996,940,3.9983,2.0524,3.0052,6.1061,2.0524,0.3778,6.9907,1.2220,0.3867,3.2002,2.0000,3.0000
47.0495,941,3.9644,2.0523,3.0052,6.0769,2.0557,0.3783,6.9614,1.2287,0.3876,3.1802,2.0000,3.0000
47.0995,942,3.9644,2.0523,3.0052,6.0769,2.0557,0.3783,6.9614,1.2287,0.3876,3.1602,2.0000,3.0000
47.1495,943,3.9305,2.0522,3.0052,6.0470,2.0594,0.3788,6.9316,1.2355,0.3867,3.1402,2.0000,3.0000
47.1994,944,3.8967,2.0521,3.0052,6.0169,2.0633,0.3788,6.9018,1.2423,0.3843,3.1202,2.0000,3.0000
47.2496,945,3.8967,2.0521,3.0052,6.0169,2.0633,0.3788,6.9018,1.2423,0.3843,3.1002,2.0000,3.0000
47.2995,946,3.8629,2.0521,3.0052,5.9877,2.0672,0.3800,6.8721,1.2492,0.3812,3.0802,2.0000,3.0000
47.3494,947,3.8292,2.0520,3.0052,5.9593,2.0708,0.3819,6.8432,1.2558,0.3789,3.0602,2.0000,3.0000
47.3996,948,3.8292,2.0520,3.0052,5.9593,2.0708,0.3819,6.8432,1.2558,0.3789,3.0402,2.0000,3.0000
47.4496,949,3.7956,2.0519,3.0051,5.9312,2.0741,0.3835,6.8150,1.2624,0.3773,3.0202,2.0000,3.0000
47.4995,950,3.7956,2.0519,3.0051,5.9312,2.0741,0.3835,6.8150,1.2624,0.3773,3.0002,2.0000,3.0000
47.5495,951,3.7620,2.0518,3.0051,5.9031,2.0771,0.3848,6.7869,1.2689,0.3761,2.9802,2.0000,3.0000
47.5994,952,3.7285,2.0517,3.0051,5.8746,2.0799,0.3859,6.7585,1.2755,0.3749,2.9602,2.0000,3.0000
47.6496,953,3.7285,2.0517,3.0051,5.8746,2.0799,0.3859,6.7585,1.2755,0.3749,2.9402,2.0000,3.0000
47.6996,954,3.6949,2.0517,3.0051,5.8457,2.0826,0.3866,6.7295,1.2821,0.3739,2.9202,2.0000,3.0000
47.7495,955,3.6949,2.0517,3.0051,5.8160,2.0852,0.3871,6.7295,1.2821,0.3739,2.9002,2.0000,3.0000
47.7995,956,3.6614,2.0516,3.0051,5.8160,2.0852,0.3871,6.6999,1.2887,0.3732,2.8802,2.0000,3.0000
47.8495,957,3.6280,2.0515,3.0051,5.7852,2.0877,0.3870,6.6698,1.2954,0.3733,2.8602,2.0000,3.0000
47.8995,958,3.6280,2.0515,3.0051,5.7852,2.0877,0.3870,6.6698,1.2954,0.3733,2.8402,2.0000,3.0000
47.9495,959,3.5946,2.0514,3.0051,5.7541,2.0902,0.3862,6.6404,1.3016,0.3745,2.8202,2.0000,3.0000
47.9995,960,3.5611,2.0513,3.0051,5.7233,2.0925,0.3846,6.6123,1.3075,0.3766,2.8002,2.0000,3.0000
48.0496,961,3.5611,2.0513,3.0051,5.7233,2.0925,0.3846,6.6123,1.3075,0.3766,2.7802,2.0000,3.0000
48.0995,962,3.5277,2.0513,3.0051,5.6935,2.0947,0.3839,6.5847,1.3133,0.3790,2.7602,2.0000,3.0000
48.1495,963,3.4943,2.0512,3.0050,5.6644,2.0969,0.3838,6.5574,1.3189,0.3815,2.7402,2.0000,3.0000
48.1995,964,3.4943,2.0512,3.0050,5.6644,2.0969,0.3838,6.5574,1.3189,0.3815,2.7202,2.0000,3.0000
48.2496,965,3.4609,2.0511,3.0050,5.6355,2.0991,0.3839,6.5301,1.3247,0.3838,2.7002,2.0000,3.0000
48.2996,966,3.4609,2.0511,3.0050,5.6355,2.0991,0.3839,6.5301,1.3247,0.3838,2.6802,2.0000,3.0000
48.3496,967,3.4276,2.0510,3.0050,5.6065,2.1013,0.3840,6.5023,1.3306,0.3857,2.6602,2.0000,3.0000
48.3995,968,3.3943,2.0510,3.0050,5.5773,2.1036,0.3844,6.4740,1.3365,0.3876,2.6402,2.0000,3.0000
48.4496,969,3.3943,2.0510,3.0050,5.5773,2.1036,0.3844,6.4740,1.3365,0.3876,2.6202,2.0000,3.0000
48.4996,970,3.3609,2.0509,3.0050,5.5477,2.1058,0.3849,6.4450,1.3423,0.3892,2.6002,2.0000,3.0000
48.5496,971,3.3609,2.0509,3.0050,5.5477,2.1058,0.3849,6.4450,1.3423,0.3892,2.5802,2.0000,3.0000
48.5996,972,3.3276,2.0508,3.0050,5.5174,2.1082,0.3854,6.4158,1.3480,0.3893,2.5602,2.0000,3.0000
48.6495,973,3.2942,2.0507,3.0050,5.4870,2.1106,0.3847,6.3865,1.3538,0.3876,2.5402,2.0000,3.0000
48.6995,974,3.2942,2.0507,3.0050,5.4870,2.1106,0.3847,6.3865,1.3538,0.3876,2.5202,2.0000,3.0000
48.7495,975,3.2607,2.0506,3.0050,5.4573,2.1131,0.3850,6.3569,1.3596,0.3847,2.5002,2.0000,3.0000
48.7996,976,3.2607,2.0506,3.0050,5.4573,2.1131,0.3850,6.3569,1.3596,0.3847,2.4802,2.0000,3.0000
48.8495,977,3.2273,2.0506,3.0050,5.4288,2.1156,0.3862,6.3277,1.3652,0.3820,2.4602,2.0000,3.0000
48.8995,978,3.1939,2.0505,3.0050,5.4007,2.1179,0.3873,6.2992,1.3706,0.3802,2.4402,2.0000,3.0000
48.9496,979,3.1939,2.0505,3.0050,5.4007,2.1179,0.3873,6.2992,1.3706,0.3802,2.4202,2.0000,3.0000
48.9996,980,3.1605,2.0504,3.0049,5.3724,2.1202,0.3878,6.2709,1.3758,0.3789,2.4002,2.0000,3.0000
49.0494,981,3.1271,2.0503,3.0049,5.3440,2.1224,0.3882,6.2424,1.3808,0.3777,2.3802,2.0000,3.0000
49.0996,982,3.1271,2.0503,3.0049,5.3440,2.1224,0.3882,6.2424,1.3808,0.3777,2.3601,2.0000,3.0000
49.1495,983,3.0937,2.0502,3.0049,5.3153,2.1244,0.3888,6.2133,1.3856,0.3767,2.3402,2.0000,3.0000
49.1995,984,3.0937,2.0502,3.0049,5.3153,2.1244,0.3888,6.2133,1.3856,0.3767,2.3202,2.0000,3.0000
49.2495,985,3.0603,2.0502,3.0049,5.2860,2.1266,0.3893,6.1835,1.3904,0.3759,2.3002,2.0000,3.0000
49.2995,986,3.0269,2.0501,3.0049,5.2559,2.1289,0.3899,6.1532,1.3950,0.3757,2.2802,2.0000,3.0000
49.3495,987,3.0269,2.0501,3.0049,5.2559,2.1289,0.3899,6.1532,1.3950,0.3757,2.2602,2.0000,3.0000
49.3996,988,2.9936,2.0500,3.0049,5.2251,2.1312,0.3895,6.1239,1.3990,0.3770,2.2402,2.0000,3.0000
49.4495,989,2.9603,2.0499,3.0049,5.1945,2.1336,0.3878,6.0957,1.4029,0.3792,2.2202,2.0000,3.0000
49.4995,990,2.9603,2.0499,3.0049,5.1945,2.1336,0.3878,6.0957,1.4029,0.3792,2.2002,2.0000,3.0000
49.5495,991,2.9269,2.0499,3.0049,5.1642,2.1358,0.3854,6.0680,1.4067,0.3816,2.1802,2.0000,3.0000
49.5996,992,2.9269,2.0499,3.0049,5.1642,2.1358,0.3854,6.0680,1.4067,0.3816,2.1602,2.0000,3.0000
49.6496,993,2.8936,2.0498,3.0049,5.1348,2.1381,0.3840,6.0404,1.4106,0.3836,2.1402,2.0000,3.0000
49.6996,994,2.8602,2.0497,3.0048,5.1059,2.1405,0.3832,6.0128,1.4144,0.3854,2.1202,2.0000,3.0000
49.7496,995,2.8602,2.0497,3.0048,5.1059,2.1405,0.3832,6.0128,1.4144,0.3854,2.1001,2.0000,3.0000
49.7995,996,2.8267,2.0496,3.0048,5.0774,2.1429,0.3828,5.9847,1.4182,0.3869,2.0802,2.0000,3.0000
49.8494,997,2.7933,2.0496,3.0048,5.0488,2.1455,0.3826,5.9560,1.4220,0.3882,2.0602,2.0000,3.0000
49.8996,998,2.7933,2.0496,3.0048,5.0488,2.1455,0.3826,5.9560,1.4220,0.3882,2.0402,2.0000,3.0000
49.9496,999,2.7598,2.0495,3.0048,5.0198,2.1481,0.3827,5.9265,1.4257,0.3891,2.0202,2.0000,3.0000
49.9995,1000,2.7598,2.0495,3.0048,4.9905,2.1510,0.3830,5.9265,1.4257,0.3891,2.0002,2.0000,3.0000
50.0495,1001,2.7265,2.0494,3.0048,4.9905,2.1510,0.3830,5.8963,1.4296,0.3883,1.9802,2.0000,3.0000
50.0995,1002,2.6932,2.0493,3.0048,4.9608,2.1542,0.3832,5.8662,1.4334,0.3857,1.9602,2.0000,3.0000
50.1496,1003,2.6932,2.0493,3.0048,4.9608,2.1542,0.3832,5.8662,1.4334,0.3857,1.9402,2.0000,3.0000
50.1995,1004,2.6599,2.0492,3.0048,4.9311,2.1575,0.3826,5.8362,1.4373,0.3823,1.9202,2.0000,3.0000
50.2495,1005,2.6267,2.0492,3.0048,4.9021,2.1609,0.3834,5.8069,1.4411,0.3799,1.9002,2.0000,3.0000
50.2995,1006,2.6267,2.0492,3.0048,4.9021,2.1609,0.3834,5.8069,1.4411,0.3799,1.8802,2.0000,3.0000
50.3495,1007,2.5934,2.0491,3.0048,4.8741,2.1642,0.3847,5.7783,1.4449,0.3781,1.8602,2.0000,3.0000
50.3995,1008,2.5934,2.0491,3.0048,4.8741,2.1642,0.3847,5.7783,1.4449,0.3781,1.8402,2.0000,3.0000
50.4495,1009,2.5602,2.0490,3.0048,4.8463,2.1673,0.3856,5.7498,1.4486,0.3766,1.8202,2.0000,3.0000
50.4995,1010,2.5270,2.0489,3.0048,4.8185,2.1702,0.3862,5.7211,1.4522,0.3752,1.8002,2.0000,3.0000
50.5496,1011,2.5270,2.0489,3.0048,4.8185,2.1702,0.3862,5.7211,1.4522,0.3752,1.7802,2.0000,3.0000
50.5995,1012,2.4938,2.0489,3.0047,4.7905,2.1730,0.3869,5.6919,1.4558,0.3741,1.7602,2.0000,3.0000
50.6496,1013,2.4938,2.0489,3.0047,4.7905,2.1730,0.3869,5.6919,1.4558,0.3741,1.7402,2.0000,3.0000
50.6995,1014,2.4606,2.0488,3.0047,4.7621,2.1757,0.3875,5.6621,1.4594,0.3732,1.7202,2.0000,3.0000
50.7494,1015,2.4273,2.0487,3.0047,4.7328,2.1787,0.3879,5.6319,1.4629,0.3728,1.7002,2.0000,3.0000
50.7995,1016,2.4273,2.0487,3.0047,4.7328,2.1787,0.3879,5.6319,1.4629,0.3728,1.6802,2.0000,3.0000
50.8496,1017,2.3939,2.0486,3.0047,4.7027,2.1818,0.3883,5.6030,1.4660,0.3742,1.6602,2.0000,3.0000
50.8996,1018,2.3939,2.0486,3.0047,4.7027,2.1818,0.3883,5.6030,1.4660,0.3742,1.6402,2.0000,3.0000
50.9495,1019,2.3605,2.0486,3.0047,4.6719,2.1848,0.3880,5.5754,1.4689,0.3766,1.6202,2.0000,3.0000
50.9995,1020,2.3271,2.0485,3.0047,4.6417,2.1877,0.3867,5.5479,1.4718,0.3789,1.6002,2.0000,3.0000
51.0496,1021,2.3271,2.0485,3.0047,4.6417,2.1877,0.3867,5.5479,1.4718,0.3789,1.5802,2.0000,3.0000
51.0996,1022,2.2938,2.0484,3.0047,4.6119,2.1903,0.3853,5.5206,1.4746,0.3809,1.5602,2.0000,3.0000
51.1495,1023,2.2603,2.0483,3.0047,4.5829,2.1932,0.3847,5.4931,1.4776,0.3825,1.5402,2.0000,3.0000
51.1996,1024,2.2603,2.0483,3.0047,4.5829,2.1932,0.3847,5.4931,1.4776,0.3825,1.5202,2.0000,3.0000
51.2496,1025,2.2269,2.0483,3.0047,4.5544,2.1961,0.3845,5.4651,1.4805,0.3837,1.5002,2.0000,3.0000
51.2995,1026,2.2269,2.0483,3.0047,4.5544,2.1961,0.3845,5.4651,1.4805,0.3837,1.4802,2.0000,3.0000
51.3496,1027,2.1934,2.0482,3.0047,4.5259,2.1990,0.3843,5.4365,1.4834,0.3848,1.4602,2.0000,3.0000
51.3995,1028,2.1599,2.0481,3.0046,4.4972,2.2020,0.3841,5.4072,1.4861,0.3857,1.4402,2.0000,3.0000
51.4496,1029,2.1599,2.0481,3.0046,4.4972,2.2020,0.3841,5.4072,1.4861,0.3857,1.4202,2.0000,3.0000
51.4995,1030,2.1264,2.0480,3.0046,4.4681,2.2051,0.3840,5.3771,1.4888,0.3855,1.4002,2.0000,3.0000
51.5495,1031,2.1264,2.0480,3.0046,4.4385,2.2086,0.3842,5.3771,1.4888,0.3855,1.3802,2.0000,3.0000
51.5995,1032,2.0929,2.0480,3.0046,4.4385,2.2086,0.3842,5.3469,1.4916,0.3837,1.3602,2.0000,3.0000
51.6495,1033,2.0592,2.0479,3.0046,4.4083,2.2123,0.3840,5.3167,1.4944,0.3803,1.3402,2.0000,3.0000
51.6995,1034,2.0592,2.0479,3.0046,4.4083,2.2123,0.3840,5.3167,1.4944,0.3803,1.3202,2.0000,3.0000
51.7495,1035,2.0256,2.0478,3.0046,4.3781,2.2162,0.3833,5.2871,1.4972,0.3776,1.3002,2.0000,3.0000
51.7994,1036,1.9920,2.0477,3.0046,4.3489,2.2201,0.3835,5.2580,1.5001,0.3756,1.2802,2.0000,3.0000
51.8496,1037,1.9920,2.0477,3.0046,4.3489,2.2201,0.3835,5.2580,1.5001,0.3756,1.2602,2.0000,3.0000
51.8995,1038,1.9583,2.0477,3.0046,4.3205,2.2237,0.3837,5.2292,1.5029,0.3741,1.2402,2.0000,3.0000
51.9496,1039,1.9583,2.0477,3.0046,4.3205,2.2237,0.3837,5.2292,1.5029,0.3741,1.2202,2.0000,3.0000
51.9995,1040,1.9248,2.0476,3.0046,4.2922,2.2270,0.3840,5.2004,1.5056,0.3728,1.2002,2.0000,3.0000
52.0495,1041,1.8913,2.0475,3.0046,4.2638,2.2300,0.3844,5.1712,1.5084,0.3716,1.1802,2.0000,3.0000
52.0995,1042,1.8913,2.0475,3.0046,4.2638,2.2300,0.3844,5.1712,1.5084,0.3716,1.1602,2.0000,3.0000
52.1495,1043,1.8579,2.0474,3.0046,4.2352,2.2329,0.3848,5.1415,1.5111,0.3708,1.1402,2.0000,3.0000
52.1994,1044,1.8244,2.0474,3.0045,4.2060,2.2357,0.3851,5.1108,1.5138,0.3701,1.1202,2.0000,3.0000
52.2495,1045,1.8244,2.0474,3.0045,4.2060,2.2357,0.3851,5.1108,1.5138,0.3701,1.1002,2.0000,3.0000
52.2996,1046,1.7910,2.0473,3.0045,4.1761,2.2385,0.3856,5.0808,1.5163,0.3706,1.0802,2.0000,3.0000
52.3495,1047,1.7910,2.0473,3.0045,4.1761,2.2385,0.3856,5.0808,1.5163,0.3706,1.0602,2.0000,3.0000
52.3996,1048,1.7576,2.0472,3.0045,4.1454,2.2412,0.3858,5.0522,1.5186,0.3724,1.0402,2.0000,3.0000
52.4496,1049,1.7243,2.0472,3.0045,4.1145,2.2440,0.3859,5.0240,1.5208,0.3744,1.0202,2.0000,3.0000
52.4995,1050,1.7243,2.0472,3.0045,4.1145,2.2440,0.3859,5.0240,1.5208,0.3744,1.0002,2.0000,3.0000
52.5495,1051,1.6910,2.0471,3.0045,4.0838,2.2464,0.3845,4.9961,1.5229,0.3765,0.9802,2.0000,3.0000
52.5995,1052,1.6576,2.0470,3.0045,4.0536,2.2488,0.3833,4.9682,1.5252,0.3783,0.9602,2.0000,3.0000
52.6495,1053,1.6576,2.0470,3.0045,4.0536,2.2488,0.3833,4.9682,1.5252,0.3783,0.9402,2.0000,3.0000
52.6995,1054,1.6243,2.0469,3.0045,4.0241,2.2512,0.3827,4.9399,1.5274,0.3799,0.9202,2.0000,3.0000
52.7496,1055,1.6243,2.0469,3.0045,4.0241,2.2512,0.3827,4.9399,1.5274,0.3799,0.9002,2.0000,3.0000
52.7996,1056,1.5910,2.0469,3.0045,3.9948,2.2535,0.3824,4.9112,1.5294,0.3814,0.8802,2.0000,3.0000
52.8496,1057,1.5577,2.0468,3.0045,3.9655,2.2557,0.3824,4.8817,1.5314,0.3827,0.8602,2.0000,3.0000
52.8995,1058,1.5577,2.0468,3.0045,3.9655,2.2557,0.3824,4.8817,1.5314,0.3827,0.8402,2.0000,3.0000
52.9496,1059,1.5245,2.0467,3.0045,3.9358,2.2579,0.3824,4.8513,1.5333,0.3833,0.8202,2.0000,3.0000
52.9995,1060,1.4913,2.0466,3.0045,3.9058,2.2604,0.3827,4.8209,1.5351,0.3825,0.8002,2.0000,3.0000
53.0496,1061,1.4913,2.0466,3.0045,3.9058,2.2604,0.3827,4.8209,1.5351,0.3825,0.7802,2.0000,3.0000
53.0995,1062,1.4580,2.0466,3.0044,3.8755,2.2629,0.3828,4.7907,1.5370,0.3802,0.7602,2.0000,3.0000
53.1496,1063,1.4580,2.0466,3.0044,3.8755,2.2629,0.3828,4.7907,1.5370,0.3802,0.7402,2.0000,3.0000
53.1995,1064,1.4248,2.0465,3.0044,3.8448,2.2655,0.3819,4.7609,1.5389,0.3782,0.7202,2.0000,3.0000
53.2495,1065,1.3915,2.0464,3.0044,3.8150,2.2683,0.3820,4.7317,1.5408,0.3769,0.7002,2.0000,3.0000
53.2995,1066,1.3915,2.0464,3.0044,3.8150,2.2683,0.3820,4.7317,1.5408,0.3769,0.6802,2.0000,3.0000
53.3495,1067,1.3581,2.0464,3.0044,3.7862,2.2709,0.3825,4.7031,1.5428,0.3763,0.6602,2.0000,3.0000
53.3994,1068,1.3248,2.0463,3.0044,3.7579,2.2733,0.3830,4.6745,1.5446,0.3758,0.6402,2.0000,3.0000
53.4495,1069,1.3248,2.0463,3.0044,3.7579,2.2733,0.3830,4.6745,1.5446,0.3758,0.6202,2.0000,3.0000
53.4995,1070,1.2915,2.0462,3.0044,3.7296,2.2755,0.3835,4.6456,1.5465,0.3754,0.6002,2.0000,3.0000
53.5496,1071,1.2915,2.0462,3.0044,3.7296,2.2755,0.3835,4.6456,1.5465,0.3754,0.5802,2.0000,3.0000
53.5996,1072,1.2582,2.0461,3.0044,3.7011,2.2776,0.3841,4.6163,1.5483,0.3752,0.5602,2.0000,3.0000
53.6496,1073,1.2582,2.0461,3.0044,3.7011,2.2776,0.3841,4.6163,1.5483,0.3752,0.5402,2.0000,3.0000
53.6996,1074,1.2249,2.0461,3.0044,3.6722,2.2796,0.3847,4.5862,1.5501,0.3753,0.5202,2.0000,3.0000
53.7495,1075,1.1915,2.0460,3.0044,3.6427,2.2818,0.3853,4.5561,1.5518,0.3754,0.5002,2.0000,3.0000
53.7996,1076,1.1915,2.0460,3.0044,3.6427,2.2818,0.3853,4.5561,1.5518,0.3754,0.4802,2.0000,3.0000
53.8495,1077,1.1580,2.0459,3.0044,3.6123,2.2840,0.3861,4.5274,1.5533,0.3768,0.4602,2.0000,3.0000
53.8995,1078,1.1580,2.0459,3.0044,3.6123,2.2840,0.3861,4.5274,1.5533,0.3768,0.4402,2.0000,3.0000
53.9496,1079,1.1245,2.0459,3.0044,3.5818,2.2862,0.3865,4.4996,1.5547,0.3785,0.4202,2.0000,3.0000
53.9995,1080,1.0909,2.0458,3.0043,3.5513,2.2882,0.3859,4.4721,1.5560,0.3803,0.4002,2.0000,3.0000
54.0496,1081,1.0909,2.0458,3.0043,3.5513,2.2882,0.3859,4.4721,1.5560,0.3803,0.3802,2.0000,3.0000
54.0995,1082,1.0572,2.0457,3.0043,3.5209,2.2900,0.3842,4.4447,1.5573,0.3819,0.3602,2.0000,3.0000
54.1494,1083,1.0235,2.0456,3.0043,3.4911,2.2917,0.3832,4.4171,1.5587,0.3832,0.3402,2.0000,3.0000
54.1995,1084,1.0235,2.0456,3.0043,3.4911,2.2917,0.3832,4.4171,1.5587,0.3832,0.3202,2.0000,3.0000
54.2495,1085,0.9899,2.0456,3.0043,3.4618,2.2934,0.3828,4.3890,1.5600,0.3842,0.3002,2.0000,3.0000
54.2996,1086,0.9899,2.0456,3.0043,3.4618,2.2934,0.3828,4.3890,1.5600,0.3842,0.2802,2.0000,3.0000
54.3495,1087,0.9563,2.0455,3.0043,3.4328,2.2949,0.3827,4.3601,1.5613,0.3848,0.2602,2.0000,3.0000
54.3995,1088,0.9227,2.0454,3.0043,3.4035,2.2962,0.3828,4.3302,1.5625,0.3850,0.2402,2.0000,3.0000
54.4496,1089,0.9227,2.0454,3.0043,3.4035,2.2962,0.3828,4.3302,1.5625,0.3850,0.2201,2.0000,3.0000
54.4996,1090,0.8890,2.0454,3.0043,3.3740,2.2976,0.3831,4.2997,1.5637,0.3840,0.2002,2.0000,3.0000
54.5495,1091,0.8890,2.0454,3.0043,3.3740,2.2976,0.3831,4.2997,1.5637,0.3840,0.1802,2.0000,3.0000
54.5995,1092,0.8554,2.0453,3.0043,3.3440,2.2990,0.3836,4.2695,1.5649,0.3816,0.1602,2.0000,3.0000
54.6495,1093,0.8554,2.0453,3.0043,3.3440,2.2990,0.3836,4.2695,1.5649,0.3816,0.1402,2.0000,3.0000
54.6995,1094,0.8217,2.0452,3.0043,3.3134,2.3004,0.3837,4.2398,1.5662,0.3791,0.1202,2.0000,3.0000
54.7495,1095,0.7879,2.0451,3.0043,3.2833,2.3019,0.3833,4.2110,1.5678,0.3775,0.1002,2.0000,3.0000
54.7996,1096,0.7879,2.0451,3.0043,3.2833,2.3019,0.3833,4.2110,1.5678,0.3775,0.0802,2.0000,3.0000
54.8496,1097,0.7540,2.0451,3.0043,3.2543,2.3033,0.3839,4.1828,1.5696,0.3764,0.0602,2.0000,3.0000
54.8995,1098,0.7540,2.0451,3.0043,3.2260,2.3044,0.3845,4.1828,1.5696,0.3764,0.0402,2.0000,3.0000
54.9496,1099,0.7201,2.0450,3.0042,3.2260,2.3044,0.3845,4.1546,1.5716,0.3754,0.0202,2.0000,3.0000
54.9995,1100,0.6863,2.0449,3.0042,3.1981,2.3051,0.3854,4.1262,1.5738,0.3745,0.0002,2.0000,3.0000
55.0496,1101,0.6863,2.0449,3.0042,3.1981,2.3051,0.3854,4.1262,1.5738,0.3745,0.0000,2.0198,3.0000
55.0995,1102,0.6524,2.0449,3.0042,3.1703,2.3056,0.3864,4.0971,1.5762,0.3737,0.0000,2.0398,3.0000
55.1495,1103,0.6188,2.0450,3.0042,3.1420,2.3058,0.3872,4.0673,1.5790,0.3731,0.0000,2.0598,3.0000
55.1995,1104,0.6188,2.0450,3.0042,3.1420,2.3058,0.3872,4.0673,1.5790,0.3731,0.0000,2.0798,3.0000
55.2495,1105,0.5856,2.0456,3.0042,3.1131,2.3059,0.3877,4.0369,1.5820,0.3727,0.0000,2.0998,3.0000
55.2995,1106,0.5856,2.0456,3.0042,3.1131,2.3059,0.3877,4.0369,1.5820,0.3727,0.0000,2.1198,3.0000
55.3496,1107,0.5531,2.0469,3.0042,3.0834,2.3059,0.3879,4.0079,1.5846,0.3743,0.0000,2.1398,3.0000
55.3995,1108,0.5215,2.0490,3.0042,3.0526,2.3056,0.3879,3.9800,1.5870,0.3769,0.0000,2.1598,3.0000
55.4496,1109,0.5215,2.0490,3.0042,3.0526,2.3056,0.3879,3.9800,1.5870,0.3769,0.0000,2.1798,3.0000
55.4996,1110,0.4909,2.0521,3.0042,3.0215,2.3052,0.3871,3.9524,1.5892,0.3792,0.0000,2.1998,3.0000
55.5494,1111,0.4614,2.0563,3.0042,2.9908,2.3047,0.3853,3.9246,1.5912,0.3813,0.0000,2.2198,3.0000
55.5995,1112,0.4614,2.0563,3.0042,2.9908,2.3047,0.3853,3.9246,1.5912,0.3813,0.0000,2.2398,3.0000
55.6495,1113,0.4330,2.0615,3.0042,2.9609,2.3042,0.3842,3.8967,1.5930,0.3831,0.0000,2.2598,3.0000
55.6995,1114,0.4330,2.0615,3.0042,2.9609,2.3042,0.3842,3.8967,1.5930,0.3831,0.0000,2.2798,3.0000
55.7496,1115,0.4058,2.0679,3.0041,2.9315,2.3040,0.3835,3.8682,1.5946,0.3847,0.0000,2.2998,3.0000
55.7995,1116,0.3797,2.0755,3.0041,2.9025,2.3038,0.3833,3.8390,1.5960,0.3860,0.0000,2.3198,3.0000
55.8495,1117,0.3797,2.0755,3.0041,2.9025,2.3038,0.3833,3.8390,1.5960,0.3860,0.0000,2.3398,3.0000
55.8995,1118,0.3548,2.0843,3.0041,2.8734,2.3036,0.3832,3.8087,1.5971,0.3868,0.0000,2.3598,3.0000
55.9495,1119,0.3310,2.0941,3.0041,2.8442,2.3035,0.3833,3.7780,1.5983,0.3866,0.0000,2.3798,3.0000
55.9996,1120,0.3310,2.0941,3.0041,2.8442,2.3035,0.3833,3.7780,1.5983,0.3866,0.0000,2.3998,3.0000
56.0496,1121,0.3083,2.1051,3.0041,2.8144,2.3035,0.3836,3.7474,1.5995,0.3848,0.0000,2.4198,3.0000
56.0995,1122,0.3083,2.1051,3.0041,2.8144,2.3035,0.3836,3.7474,1.5995,0.3848,0.0000,2.4398,3.0000
56.1495,1123,0.2866,2.1170,3.0041,2.7842,2.3036,0.3836,3.7173,1.6006,0.3832,0.0000,2.4598,3.0000
56.1995,1124,0.2660,2.1300,3.0041,2.7538,2.3039,0.3825,3.6878,1.6018,0.3823,0.0000,2.4798,3.0000
56.2497,1125,0.2660,2.1300,3.0041,2.7538,2.3039,0.3825,3.6878,1.6018,0.3823,0.0000,2.4999,3.0000
56.2996,1126,0.2464,2.1439,3.0041,2.7242,2.3044,0.3828,3.6588,1.6029,0.3819,0.0000,2.5198,3.0000
56.3495,1127,0.2464,2.1439,3.0041,2.6958,2.3050,0.3838,3.6588,1.6029,0.3819,0.0000,2.5398,3.0000
56.3995,1128,0.2278,2.1589,3.0041,2.6958,2.3050,0.3838,3.6300,1.6040,0.3817,0.0000,2.5598,3.0000
56.4496,1129,0.2101,2.1746,3.0041,2.6677,2.3054,0.3847,3.6011,1.6050,0.3816,0.0000,2.5798,3.0000
56.4995,1130,0.2101,2.1746,3.0041,2.6677,2.3054,0.3847,3.6011,1.6050,0.3816,0.0000,2.5998,3.0000
56.5495,1131,0.1933,2.1912,3.0041,2.6397,2.3056,0.3854,3.5716,1.6059,0.3815,0.0000,2.6198,3.0000
56.5995,1132,0.1773,2.2087,3.0040,2.6114,2.3059,0.3858,3.5415,1.6067,0.3816,0.0000,2.6398,3.0000
56.6495,1133,0.1773,2.2087,3.0040,2.6114,2.3059,0.3858,3.5415,1.6067,0.3816,0.0000,2.6598,3.0000
56.6995,1134,0.1621,2.2270,3.0040,2.5824,2.3062,0.3857,3.5110,1.6074,0.3809,0.0000,2.6798,3.0000
56.7495,1135,0.1621,2.2270,3.0040,2.5824,2.3062,0.3857,3.5110,1.6074,0.3809,0.0000,2.6998,3.0000
56.7995,1136,0.1477,2.2460,3.0040,2.5527,2.3067,0.3855,3.4812,1.6080,0.3815,0.0000,2.7198,3.0000
56.8494,1137,0.1340,2.2657,3.0040,2.5222,2.3071,0.3853,3.4526,1.6086,0.3827,0.0000,2.7398,3.0000
56.8996,1138,0.1340,2.2657,3.0040,2.5222,2.3071,0.3853,3.4526,1.6086,0.3827,0.0000,2.7598,3.0000
56.9495,1139,0.1211,2.2863,3.0040,2.4911,2.3076,0.3841,3.4245,1.6093,0.3839,0.0000,2.7798,3.0000
56.9995,1140,0.1211,2.2863,3.0040,2.4602,2.3082,0.3821,3.4245,1.6093,0.3839,0.0000,2.7998,3.0000
57.0496,1141,0.1087,2.3074,3.0040,2.4602,2.3082,0.3821,3.3962,1.6101,0.3845,0.0000,2.8198,3.0000
57.0996,1142,0.0971,2.3292,3.0040,2.4302,2.3087,0.3802,3.3677,1.6109,0.3848,0.0000,2.8398,3.0000
57.1496,1143,0.0971,2.3292,3.0040,2.4302,2.3087,0.3802,3.3677,1.6109,0.3848,0.0000,2.8598,3.0000
57.1996,1144,0.0860,2.3514,3.0040,2.4011,2.3096,0.3794,3.3387,1.6118,0.3848,0.0000,2.8798,3.0000
57.2495,1145,0.0755,2.3743,3.0040,2.3726,2.3109,0.3790,3.3089,1.6126,0.3844,0.0000,2.8998,3.0000
57.2996,1146,0.0755,2.3743,3.0040,2.3726,2.3109,0.3790,3.3089,1.6126,0.3844,0.0000,2.9198,3.0000
57.3495,1147,0.0655,2.3978,3.0040,2.3443,2.3125,0.3789,3.2783,1.6133,0.3837,0.0000,2.9398,3.0000
57.3994,1148,0.0561,2.4217,3.0040,2.3162,2.3143,0.3788,3.2465,1.6141,0.3819,0.0000,2.9598,3.0000
57.4495,1149,0.0561,2.4217,3.0040,2.3162,2.3143,0.3788,3.2465,1.6141,0.3819,0.0000,2.9798,3.0000
57.4996,1150,0.0471,2.4461,3.0039,2.2877,2.3166,0.3790,3.2148,1.6151,0.3790,0.0000,2.9998,3.0000
57.5496,1151,0.0471,2.4461,3.0039,2.2877,2.3166,0.3790,3.2148,1.6151,0.3790,0.0000,3.0199,3.0000
57.5997,1152,0.0386,2.4708,3.0039,2.2588,2.3195,0.3795,3.1842,1.6161,0.3765,0.0000,3.0399,3.0000
57.6495,1153,0.0305,2.4961,3.0039,2.2294,2.3229,0.3799,3.1545,1.6175,0.3751,0.0000,3.0598,3.0000
57.6995,1154,0.0305,2.4961,3.0039,2.2294,2.3229,0.3799,3.1545,1.6175,0.3751,0.0000,3.0798,3.0000
57.7494,1155,0.0305,2.4961,3.0039,2.1997,2.3268,0.3794,3.1545,1.6175,0.3751,0.0000,3.0998,3.0000
57.7995,1156,0.0229,2.5219,3.0039,2.1997,2.3268,0.3794,3.1253,1.6192,0.3742,0.0000,3.1198,3.0000
57.8496,1157,0.0157,2.5481,3.0039,2.1705,2.3311,0.3786,3.0963,1.6211,0.3736,0.0000,3.1398,3.0000
57.8995,1158,0.0157,2.5481,3.0039,2.1705,2.3311,0.3786,3.0963,1.6211,0.3736,0.0000,3.1598,3.0000
57.9496,1159,0.0088,2.5747,3.0039,2.1420,2.3358,0.3790,3.0674,1.6233,0.3732,0.0000,3.1798,3.0000
57.9995,1160,0.0023,2.6018,3.0039,2.1140,2.3405,0.3798,3.0382,1.6257,0.3730,0.0000,3.1998,3.0000
58.0496,1161,0.0023,2.6018,3.0039,2.1140,2.3405,0.3798,3.0382,1.6257,0.3730,0.0000,3.2198,3.0000
58.0996,1162,-0.0039,2.6292,3.0039,2.0864,2.3450,0.3809,3.0086,1.6284,0.3728,0.0000,3.2398,3.0000
58.1495,1163,-0.0039,2.6292,3.0039,2.0864,2.3450,0.3809,3.0086,1.6284,0.3728,0.0000,3.2598,3.0000
58.1996,1164,-0.0097,2.6570,3.0039,2.0587,2.3492,0.3820,2.9786,1.6312,0.3720,0.0000,3.2798,3.0000
58.2496,1165,-0.0152,2.6851,3.0039,2.0307,2.3536,0.3829,2.9492,1.6342,0.3716,0.0000,3.2998,3.0000
58.2995,1166,-0.0152,2.6851,3.0039,2.0307,2.3536,0.3829,2.9492,1.6342,0.3716,0.0000,3.3198,3.0000
58.3496,1167,-0.0205,2.7134,3.0039,2.0021,2.3582,0.3833,2.9213,1.6376,0.3726,0.0000,3.3398,3.0000
58.3994,1168,-0.0254,2.7420,3.0039,1.9726,2.3630,0.3837,2.8940,1.6411,0.3735,0.0000,3.3598,3.0000
58.4495,1169,-0.0254,2.7420,3.0039,1.9726,2.3630,0.3837,2.8940,1.6411,0.3735,0.0000,3.3798,3.0000
58.4995,1170,-0.0301,2.7708,3.0039,1.9423,2.3681,0.3840,2.8667,1.6449,0.3742,0.0000,3.3998,3.0000
58.5495,1171,-0.0301,2.7708,3.0039,1.9114,2.3734,0.3831,2.8667,1.6449,0.3742,0.0000,3.4198,3.0000
58.5995,1172,-0.0346,2.7999,3.0038,1.9114,2.3734,0.3831,2.8394,1.6492,0.3749,0.0000,3.4398,3.0000
58.6495,1173,-0.0388,2.8292,3.0038,1.8811,2.3788,0.3815,2.8119,1.6539,0.3755,0.0000,3.4598,3.0000
58.6995,1174,-0.0388,2.8292,3.0038,1.8811,2.3788,0.3815,2.8119,1.6539,0.3755,0.0000,3.4798,3.0000
58.7496,1175,-0.0428,2.8586,3.0038,1.8521,2.3841,0.3807,2.7840,1.6590,0.3759,0.0000,3.4998,3.0000
58.7996,1176,-0.0428,2.8586,3.0038,1.8521,2.3841,0.3807,2.7840,1.6590,0.3759,0.0000,3.5198,3.0000
58.8496,1177,-0.0466,2.8883,3.0038,1.8238,2.3897,0.3807,2.7553,1.6645,0.3760,0.0000,3.5398,3.0000
58.8995,1178,-0.0501,2.9183,3.0038,1.7960,2.3954,0.3810,2.7257,1.6706,0.3761,0.0000,3.5598,3.0000
58.9496,1179,-0.0501,2.9183,3.0038,1.7960,2.3954,0.3810,2.7257,1.6706,0.3761,0.0000,3.5798,3.0000
58.9995,1180,-0.0535,2.9485,3.0038,1.7686,2.4013,0.3816,2.6956,1.6769,0.3751,0.0000,3.5998,3.0000
59.0496,1181,-0.0535,2.9485,3.0038,1.7686,2.4013,0.3816,2.6956,1.6769,0.3751,0.0000,3.6198,3.0000
59.0995,1182,-0.0567,2.9789,3.0038,1.7411,2.4077,0.3824,2.6658,1.6834,0.3729,0.0000,3.6398,3.0000
59.1495,1183,-0.0598,3.0095,3.0038,1.7137,2.4146,0.3831,2.6377,1.6901,0.3718,0.0000,3.6598,3.0000
59.1995,1184,-0.0598,3.0095,3.0038,1.7137,2.4146,0.3831,2.6377,1.6901,0.3718,0.0000,3.6798,3.0000
59.2495,1185,-0.0626,3.0402,3.0038,1.6860,2.4222,0.3840,2.6106,1.6972,0.3715,0.0000,3.6998,3.0000
59.2994,1186,-0.0653,3.0710,3.0038,1.6581,2.4303,0.3844,2.5841,1.7049,0.3715,0.0000,3.7198,3.0000
59.3496,1187,-0.0653,3.0710,3.0038,1.6581,2.4303,0.3844,2.5841,1.7049,0.3715,0.0000,3.7398,3.0000
59.3995,1188,-0.0679,3.1021,3.0038,1.6305,2.4390,0.3838,2.5580,1.7132,0.3716,0.0000,3.7598,3.0000
59.4495,1189,-0.0679,3.1021,3.0038,1.6305,2.4390,0.3838,2.5580,1.7132,0.3716,0.0000,3.7798,3.0000
59.4996,1190,-0.0703,3.1332,3.0038,1.6032,2.4481,0.3822,2.5320,1.7221,0.3719,0.0000,3.7998,3.0000
59.5496,1191,-0.0726,3.1644,3.0038,1.5769,2.4578,0.3816,2.5060,1.7317,0.3724,0.0000,3.8198,3.0000
59.5996,1192,-0.0726,3.1644,3.0038,1.5769,2.4578,0.3816,2.5060,1.7317,0.3724,0.0000,3.8398,3.0000
59.6495,1193,-0.0748,3.1957,3.0038,1.5513,2.4675,0.3811,2.4797,1.7422,0.3731,0.0000,3.8598,3.0000
59.6995,1194,-0.0768,3.2271,3.0037,1.5259,2.4773,0.3805,2.4531,1.7537,0.3740,0.0000,3.8798,3.0000
59.7495,1195,-0.0768,3.2271,3.0037,1.5259,2.4773,0.3805,2.4531,1.7537,0.3740,0.0000,3.8998,3.0000
59.7996,1196,-0.0788,3.2587,3.0037,1.5007,2.4872,0.3802,2.4265,1.7659,0.3742,0.0000,3.9198,3.0000
59.8496,1197,-0.0788,3.2587,3.0037,1.5007,2.4872,0.3802,2.4265,1.7659,0.3742,0.0000,3.9398,3.0000
59.8996,1198,-0.0806,3.2903,3.0037,1.4753,2.4976,0.3799,2.4003,1.7785,0.3736,0.0000,3.9598,3.0000
59.9495,1199,-0.0823,3.3220,3.0037,1.4496,2.5087,0.3796,2.3751,1.7916,0.3740,0.0000,3.9798,3.0000
59.9996,1200,-0.0823,3.3220,3.0037,1.4496,2.5087,0.3796,2.3751,1.7916,0.3740,0.0000,3.9998,3.0000
60.0495,1201,-0.0839,3.3539,3.0037,1.4232,2.5206,0.3793,2.3504,1.8046,0.3746,0.0198,4.0000,3.0000
60.0995,1202,-0.0839,3.3539,3.0037,1.4232,2.5206,0.3793,2.3504,1.8046,0.3746,0.0398,4.0000,3.0000
60.1495,1203,-0.0854,3.3858,3.0037,1.3962,2.5336,0.3790,2.3261,1.8176,0.3752,0.0598,4.0000,3.0000
60.1995,1204,-0.0864,3.4174,3.0037,1.3690,2.5474,0.3784,2.3019,1.8307,0.3760,0.0798,4.0000,3.0000
60.2495,1205,-0.0864,3.4174,3.0037,1.3690,2.5474,0.3784,2.3019,1.8307,0.3760,0.0998,4.0000,3.0000
60.2995,1206,-0.0869,3.4485,3.0037,1.3423,2.5615,0.3772,2.2777,1.8441,0.3767,0.1198,4.0000,3.0000
60.3495,1207,-0.0864,3.4788,3.0037,1.3168,2.5752,0.3769,2.2530,1.8580,0.3773,0.1398,4.0000,3.0000
60.3995,1208,-0.0864,3.4788,3.0037,1.3168,2.5752,0.3769,2.2530,1.8580,0.3773,0.1598,4.0000,3.0000
60.4495,1209,-0.0849,3.5083,3.0037,1.2920,2.5890,0.3771,2.2279,1.8728,0.3777,0.1798,4.0000,3.0000
60.4996,1210,-0.0849,3.5083,3.0037,1.2920,2.5890,0.3771,2.2279,1.8728,0.3777,0.1998,4.0000,3.0000
60.5496,1211,-0.0823,3.5369,3.0037,1.2677,2.6027,0.3774,2.2022,1.8886,0.3782,0.2198,4.0000,3.0000
60.5996,1212,-0.0786,3.5644,3.0037,1.2438,2.6167,0.3778,2.1761,1.9050,0.3781,0.2398,4.0000,3.0000
60.6496,1213,-0.0786,3.5644,3.0037,1.2438,2.6167,0.3778,2.1761,1.9050,0.3781,0.2598,4.0000,3.0000
60.6996,1214,-0.0738,3.5908,3.0037,1.2203,2.6312,0.3784,2.1506,1.9215,0.3770,0.2798,4.0000,3.0000
60.7496,1215,-0.0738,3.5908,3.0037,1.2203,2.6312,0.3784,2.1506,1.9215,0.3770,0.2998,4.0000,3.0000
60.7996,1216,-0.0677,3.6161,3.0037,1.1972,2.6463,0.3793,2.1257,1.9376,0.3760,0.3198,4.0000,3.0000
60.8494,1217,-0.0677,3.6161,3.0037,1.1741,2.6623,0.3802,2.1257,1.9376,0.3760,0.3398,4.0000,3.0000
60.8995,1218,-0.0604,3.6404,3.0036,1.1741,2.6623,0.3802,2.1019,1.9537,0.3758,0.3598,4.0000,3.0000
60.9495,1219,-0.0518,3.6636,3.0036,1.1509,2.6792,0.3811,2.0786,1.9699,0.3758,0.3798,4.0000,3.0000
60.9995,1220,-0.0518,3.6636,3.0036,1.1509,2.6792,0.3811,2.0786,1.9699,0.3758,0.3998,4.0000,3.0000
61.0496,1221,-0.0420,3.6857,3.0036,1.1273,2.6969,0.3811,2.0559,1.9862,0.3760,0.4199,4.0000,3.0000
61.0995,1222,-0.0310,3.7068,3.0036,1.1042,2.7150,0.3797,2.0336,2.0029,0.3764,0.4398,4.0000,3.0000
61.1495,1223,-0.0310,3.7068,3.0036,1.1042,2.7150,0.3797,2.0336,2.0029,0.3764,0.4598,4.0000,3.0000
61.1996,1224,-0.0189,3.7269,3.0036,1.0826,2.7332,0.3786,2.0116,2.0201,0.3770,0.4798,4.0000,3.0000
61.2495,1225,-0.0189,3.7269,3.0036,1.0826,2.7332,0.3786,2.0116,2.0201,0.3770,0.4998,4.0000,3.0000
61.2996,1226,-0.0057,3.7460,3.0036,1.0617,2.7508,0.3782,1.9896,2.0383,0.3780,0.5198,4.0000,3.0000
61.3495,1227,0.0085,3.7642,3.0036,1.0412,2.7682,0.3783,1.9673,2.0575,0.3788,0.5398,4.0000,3.0000
61.3996,1228,0.0085,3.7642,3.0036,1.0412,2.7682,0.3783,1.9673,2.0575,0.3788,0.5598,4.0000,3.0000
61.4495,1229,0.0235,3.7815,3.0036,1.0209,2.7857,0.3785,1.9451,2.0773,0.3787,0.5798,4.0000,3.0000
61.4995,1230,0.0396,3.7980,3.0036,1.0006,2.8036,0.3785,1.9235,2.0975,0.3779,0.5998,4.0000,3.0000
61.5496,1231,0.0396,3.7980,3.0036,1.0006,2.8036,0.3785,1.9235,2.0975,0.3779,0.6198,4.0000,3.0000
61.5995,1232,0.0565,3.8136,3.0036,0.9800,2.8224,0.3784,1.9028,2.1175,0.3776,0.6398,4.0000,3.0000
61.6494,1233,0.0743,3.8284,3.0036,0.9590,2.8422,0.3783,1.8827,2.1370,0.3774,0.6598,4.0000,3.0000
61.6996,1234,0.0743,3.8284,3.0036,0.9590,2.8422,0.3783,1.8827,2.1370,0.3774,0.6798,4.0000,3.0000
61.7496,1235,0.0928,3.8425,3.0036,0.9376,2.8630,0.3783,1.8627,2.1562,0.3775,0.6998,4.0000,3.0000
61.7995,1236,0.0928,3.8425,3.0036,0.9376,2.8630,0.3783,1.8627,2.1562,0.3775,0.7198,4.0000,3.0000
61.8496,1237,0.1121,3.8559,3.0036,0.9162,2.8850,0.3782,1.8429,2.1752,0.3778,0.7398,4.0000,3.0000
61.8996,1238,0.1121,3.8559,3.0036,0.9162,2.8850,0.3782,1.8429,2.1752,0.3778,0.7598,4.0000,3.0000
61.9496,1239,0.1321,3.8686,3.0036,0.8954,2.9071,0.3777,1.8230,2.1945,0.3782,0.7798,4.0000,3.0000
61.9994,1240,0.1529,3.8806,3.0036,0.8755,2.9285,0.3777,1.8029,2.2147,0.3784,0.7998,4.0000,3.0000
62.0496,1241,0.1529,3.8806,3.0036,0.8755,2.9285,0.3777,1.8029,2.2147,0.3784,0.8198,4.0000,3.0000
62.0996,1242,0.1744,3.8921,3.0035,0.8563,2.9496,0.3783,1.7824,2.2358,0.3788,0.8398,4.0000,3.0000
62.1495,1243,0.1744,3.8921,3.0035,0.8379,2.9703,0.3792,1.7824,2.2358,0.3788,0.8598,4.0000,3.0000
62.1996,1244,0.1965,3.9029,3.0035,0.8379,2.9703,0.3792,1.7615,2.2578,0.3794,0.8798,4.0000,3.0000
62.2496,1245,0.2193,3.9132,3.0035,0.8201,2.9909,0.3798,1.7406,2.2803,0.3791,0.8998,4.0000,3.0000
62.2995,1246,0.2193,3.9132,3.0035,0.8201,2.9909,0.3798,1.7406,2.2803,0.3791,0.9198,4.0000,3.0000
62.3495,1247,0.2426,3.9230,3.0035,0.8031,3.0116,0.3807,1.7199,2.3027,0.3783,0.9398,4.0000,3.0000
62.3995,1248,0.2664,3.9322,3.0035,0.7868,3.0328,0.3815,1.7001,2.3244,0.3781,0.9598,4.0000,3.0000
62.4496,1249,0.2664,3.9322,3.0035,0.7868,3.0328,0.3815,1.7001,2.3244,0.3781,0.9798,4.0000,3.0000
62.4995,1250,0.2908,3.9410,3.0035,0.7709,3.0540,0.3820,1.6810,2.3458,0.3785,0.9998,4.0000,3.0000
62.5494,1251,0.3156,3.9493,3.0035,0.7563,3.0741,0.3823,1.6624,2.3669,0.3791,1.0198,4.0000,3.0000
62.5995,1252,0.3156,3.9493,3.0035,0.7563,3.0741,0.3823,1.6624,2.3669,0.3791,1.0398,4.0000,3.0000
62.6495,1253,0.3409,3.9572,3.0035,0.7433,3.0924,0.3830,1.6445,2.3880,0.3801,1.0598,4.0000,3.0000
62.6996,1254,0.3409,3.9572,3.0035,0.7433,3.0924,0.3830,1.6445,2.3880,0.3801,1.0798,4.0000,3.0000
62.7495,1255,0.3665,3.9647,3.0035,0.7317,3.1089,0.3845,1.6270,2.4093,0.3815,1.0998,4.0000,3.0000
62.7996,1256,0.3665,3.9647,3.0035,0.7212,3.1239,0.3861,1.6098,2.4311,0.3830,1.1198,4.0000,3.0000
62.8496,1257,0.3926,3.9718,3.0035,0.7212,3.1239,0.3861,1.6098,2.4311,0.3830,1.1398,4.0000,3.0000
62.8995,1258,0.4191,3.9785,3.0035,0.7113,3.1377,0.3874,1.5931,2.4534,0.3843,1.1598,4.0000,3.0000
62.9496,1259,0.4191,3.9785,3.0035,0.7113,3.1377,0.3874,1.5931,2.4534,0.3843,1.1798,4.0000,3.0000
62.9996,1260,0.4459,3.9849,3.0035,0.7020,3.1505,0.3879,1.5769,2.4761,0.3846,1.1998,4.0000,3.0000
63.0495,1261,0.4731,3.9909,3.0035,0.6934,3.1622,0.3892,1.5614,2.4989,0.3837,1.2198,4.0000,3.0000
63.0996,1262,0.4731,3.9909,3.0035,0.6934,3.1622,0.3892,1.5614,2.4989,0.3837,1.2398,4.0000,3.0000
63.1495,1263,0.5007,3.9967,3.0035,0.6854,3.1725,0.3914,1.5471,2.5214,0.3839,1.2598,4.0000,3.0000
63.1995,1264,0.5007,3.9967,3.0035,0.6854,3.1725,0.3914,1.5471,2.5214,0.3839,1.2798,4.0000,3.0000
63.2495,1265,0.5286,4.0021,3.0034,0.6779,3.1818,0.3942,1.5340,2.5429,0.3853,1.2998,4.0000,3.0000
63.2996,1266,0.5286,4.0021,3.0034,0.6779,3.1818,0.3942,1.5340,2.5429,0.3853,1.3198,4.0000,3.0000
63.3496,1267,0.5569,4.0072,3.0034,0.6709,3.1899,0.3973,1.5216,2.5638,0.3871,1.3398,4.0000,3.0000
63.3995,1268,0.5855,4.0121,3.0034,0.6643,3.1971,0.4001,1.5096,2.5842,0.3890,1.3598,4.0000,3.0000
63.4495,1269,0.5855,4.0121,3.0034,0.6643,3.1971,0.4001,1.5096,2.5842,0.3890,1.3798,4.0000,3.0000
63.4995,1270,0.6146,4.0167,3.0034,0.6577,3.2037,0.4015,1.4980,2.6043,0.3912,1.3998,4.0000,3.0000
63.5496,1271,0.6146,4.0167,3.0034,0.6577,3.2037,0.4015,1.4980,2.6043,0.3912,1.4198,4.0000,3.0000
63.5995,1272,0.6439,4.0211,3.0034,0.6512,3.2097,0.4025,1.4867,2.6244,0.3937,1.4398,4.0000,3.0000
63.6495,1273,0.6735,4.0252,3.0034,0.6447,3.2151,0.4032,1.4758,2.6447,0.3959,1.4598,4.0000,3.0000
63.6996,1274,0.6735,4.0252,3.0034,0.6447,3.2151,0.4032,1.4758,2.6447,0.3959,1.4798,4.0000,3.0000
63.7496,1275,0.7035,4.0292,3.0034,0.6383,3.2198,0.4035,1.4655,2.6648,0.3974,1.4998,4.0000,3.0000
63.7995,1276,0.7035,4.0292,3.0034,0.6383,3.2198,0.4035,1.4655,2.6648,0.3974,1.5198,4.0000,3.0000
63.8495,1277,0.7035,4.0292,3.0034,0.6317,3.2242,0.4027,1.4655,2.6648,0.3974,1.5398,4.0000,3.0000
63.8995,1278,0.7337,4.0329,3.0034,0.6317,3.2242,0.4027,1.4561,2.6847,0.3980,1.5598,4.0000,3.0000
63.9496,1279,0.7643,4.0364,3.0034,0.6246,3.2283,0.4012,1.4478,2.7035,0.3992,1.5798,4.0000,3.0000
63.9996,1280,0.7643,4.0364,3.0034,0.6246,3.2283,0.4012,1.4478,2.7035,0.3992,1.5998,4.0000,3.0000
64.0495,1281,0.7952,4.0397,3.0034,0.6170,3.2322,0.3994,1.4410,2.7208,0.4000,1.6198,4.0000,3.0000
64.0995,1282,0.7952,4.0397,3.0034,0.6170,3.2322,0.3994,1.4410,2.7208,0.4000,1.6398,4.0000,3.0000
64.1495,1283,0.8265,4.0429,3.0034,0.6084,3.2359,0.3979,1.4357,2.7367,0.4002,1.6598,4.0000,3.0000
64.1995,1284,0.8579,4.0458,3.0034,0.5987,3.2394,0.3967,1.4317,2.7515,0.3994,1.6798,4.0000,3.0000
64.2496,1285,0.8579,4.0458,3.0034,0.5987,3.2394,0.3967,1.4317,2.7515,0.3994,1.6998,4.0000,3.0000
64.2995,1286,0.8896,4.0487,3.0034,0.5879,3.2427,0.3956,1.4291,2.7652,0.3982,1.7198,4.0000,3.0000
64.3496,1287,0.8896,4.0487,3.0034,0.5879,3.2427,0.3956,1.4291,2.7652,0.3982,1.7398,4.0000,3.0000
64.3995,1288,0.9215,4.0513,3.0034,0.5761,3.2459,0.3941,1.4282,2.7780,0.3982,1.7598,4.0000,3.0000
64.4495,1289,0.9535,4.0539,3.0034,0.5635,3.2491,0.3921,1.4288,2.7901,0.3993,1.7798,4.0000,3.0000
64.4996,1290,0.9535,4.0539,3.0034,0.5635,3.2491,0.3921,1.4288,2.7901,0.3993,1.7998,4.0000,3.0000
64.5495,1291,0.9857,4.0562,3.0034,0.5499,3.2523,0.3893,1.4309,2.8016,0.4006,1.8198,4.0000,3.0000
64.5996,1292,0.9857,4.0562,3.0034,0.5499,3.2523,0.3893,1.4309,2.8016,0.4006,1.8398,4.0000,3.0000
64.6495,1293,1.0181,4.0585,3.0033,0.5353,3.2554,0.3858,1.4342,2.8124,0.4017,1.8598,4.0000,3.0000
64.6996,1294,1.0507,4.0606,3.0033,0.5201,3.2584,0.3818,1.4386,2.8224,0.4030,1.8798,4.0000,3.0000
64.7495,1295,1.0507,4.0606,3.0033,0.5201,3.2584,0.3818,1.4386,2.8224,0.4030,1.8998,4.0000,3.0000
64.7995,1296,1.0835,4.0627,3.0033,0.5045,3.2618,0.3785,1.4440,2.8319,0.4041,1.9198,4.0000,3.0000
64.8495,1297,1.0835,4.0627,3.0033,0.5045,3.2618,0.3785,1.4440,2.8319,0.4041,1.9398,4.0000,3.0000
64.8996,1298,1.1163,4.0646,3.0033,0.4888,3.2660,0.3757,1.4502,2.8413,0.4040,1.9598,4.0000,3.0000
64.9494,1299,1.1494,4.0664,3.0033,0.4728,3.2708,0.3731,1.4576,2.8505,0.4040,1.9798,4.0000,3.0000
64.9995,1300,1.1494,4.0664,3.0033,0.4728,3.2708,0.3731,1.4576,2.8505,0.4040,1.9998,4.0000,3.0000
65.0496,1301,1.1825,4.0681,3.0033,0.4564,3.2760,0.3712,1.4660,2.8598,0.4034,2.0198,4.0000,3.0000
65.0997,1302,1.1825,4.0681,3.0033,0.4564,3.2760,0.3712,1.4660,2.8598,0.4034,2.0399,4.0000,3.0000
65.1497,1303,1.2158,4.0697,3.0033,0.4391,3.2817,0.3697,1.4748,2.8690,0.4027,2.0599,4.0000,3.0000
65.1994,1304,1.2491,4.0712,3.0033,0.4216,3.2875,0.3675,1.4834,2.8781,0.4026,2.0798,4.0000,3.0000
65.2496,1305,1.2491,4.0712,3.0033,0.4216,3.2875,0.3675,1.4834,2.8781,0.4026,2.0998,4.0000,3.0000
65.2996,1306,1.2826,4.0726,3.0033,0.4055,3.2927,0.3644,1.4919,2.8869,0.4036,2.1198,4.0000,3.0000
65.3495,1307,1.2826,4.0726,3.0033,0.4055,3.2927,0.3644,1.4919,2.8869,0.4036,2.1398,4.0000,3.0000
65.3995,1308,1.3160,4.0740,3.0033,0.3910,3.2975,0.3628,1.5002,2.8957,0.4049,2.1598,4.0000,3.0000
65.4495,1309,1.3496,4.0753,3.0033,0.3775,3.3025,0.3622,1.5085,2.9043,0.4064,2.1798,4.0000,3.0000
65.4996,1310,1.3496,4.0753,3.0033,0.3775,3.3025,0.3622,1.5085,2.9043,0.4064,2.1998,4.0000,3.0000
65.5496,1311,1.3832,4.0765,3.0033,0.3650,3.3076,0.3615,1.5168,2.9127,0.4082,2.2198,4.0000,3.0000
65.5995,1312,1.3832,4.0765,3.0033,0.3650,3.3076,0.3615,1.5168,2.9127,0.4082,2.2398,4.0000,3.0000
65.6495,1313,1.4169,4.0776,3.0033,0.3532,3.3126,0.3603,1.5255,2.9210,0.4101,2.2598,4.0000,3.0000
65.6995,1314,1.4506,4.0787,3.0033,0.3420,3.3177,0.3590,1.5343,2.9296,0.4118,2.2798,4.0000,3.0000
65.7496,1315,1.4506,4.0787,3.0033,0.3420,3.3177,0.3590,1.5343,2.9296,0.4118,2.2998,4.0000,3.0000
65.7996,1316,1.4844,4.0797,3.0033,0.3324,3.3226,0.3599,1.5434,2.9385,0.4131,2.3198,4.0000,3.0000
65.8496,1317,1.4844,4.0797,3.0033,0.3324,3.3226,0.3599,1.5434,2.9385,0.4131,2.3399,4.0000,3.0000
65.8995,1318,1.5182,4.0806,3.0033,0.3246,3.3272,0.3623,1.5522,2.9474,0.4127,2.3598,4.0000,3.0000
65.9495,1319,1.5521,4.0815,3.0032,0.3182,3.3316,0.3642,1.5602,2.9562,0.4124,2.3798,4.0000,3.0000
65.9996,1320,1.5521,4.0815,3.0032,0.3182,3.3316,0.3642,1.5602,2.9562,0.4124,2.3998,4.0000,3.0000
66.0496,1321,1.5860,4.0823,3.0032,0.3128,3.3360,0.3655,1.5680,2.9644,0.4129,2.4198,4.0000,3.0000
66.0995,1322,1.5860,4.0823,3.0032,0.3128,3.3360,0.3655,1.5680,2.9644,0.4129,2.4398,4.0000,3.0000
66.1495,1323,1.6199,4.0831,3.0032,0.3084,3.3404,0.3660,1.5758,2.9726,0.4138,2.4598,4.0000,3.0000
66.1996,1324,1.6539,4.0839,3.0032,0.3049,3.3449,0.3657,1.5836,2.9807,0.4145,2.4798,4.0000,3.0000
66.2496,1325,1.6539,4.0839,3.0032,0.3049,3.3449,0.3657,1.5836,2.9807,0.4145,2.4998,4.0000,3.0000
66.2995,1326,1.6879,4.0846,3.0032,0.3024,3.3493,0.3649,1.5917,2.9888,0.4149,2.5198,4.0000,3.0000
66.3496,1327,1.6879,4.0846,3.0032,0.3024,3.3493,0.3649,1.5917,2.9888,0.4149,2.5398,4.0000,3.0000
66.3995,1328,1.7219,4.0852,3.0032,0.3013,3.3536,0.3649,1.6001,2.9966,0.4150,2.5598,4.0000,3.0000
66.4495,1329,1.7560,4.0858,3.0032,0.3019,3.3575,0.3669,1.6087,3.0043,0.4138,2.5798,4.0000,3.0000
66.4996,1330,1.7560,4.0858,3.0032,0.3019,3.3575,0.3669,1.6087,3.0043,0.4138,2.5998,4.0000,3.0000
66.5495,1331,1.7901,4.0864,3.0032,0.3040,3.3613,0.3695,1.6168,3.0117,0.4129,2.6198,4.0000,3.0000
66.5996,1332,1.7901,4.0864,3.0032,0.3040,3.3613,0.3695,1.6168,3.0117,0.4129,2.6398,4.0000,3.0000
66.6495,1333,1.8242,4.0869,3.0032,0.3071,3.3649,0.3713,1.6242,3.0186,0.4127,2.6598,4.0000,3.0000
66.6994,1334,1.8242,4.0869,3.0032,0.3111,3.3684,0.3725,1.6242,3.0186,0.4127,2.6798,4.0000,3.0000
66.7495,1335,1.8583,4.0874,3.0032,0.3111,3.3684,0.3725,1.6310,3.0249,0.4127,2.6998,4.0000,3.0000
66.7995,1336,1.8925,4.0879,3.0032,0.3165,3.3718,0.3736,1.6374,3.0306,0.4129,2.7198,4.0000,3.0000
66.8496,1337,1.8925,4.0879,3.0032,0.3165,3.3718,0.3736,1.6374,3.0306,0.4129,2.7398,4.0000,3.0000
66.8996,1338,1.9266,4.0883,3.0032,0.3235,3.3751,0.3745,1.6436,3.0359,0.4133,2.7598,4.0000,3.0000
66.9495,1339,1.9266,4.0883,3.0032,0.3235,3.3751,0.3745,1.6436,3.0359,0.4133,2.7798,4.0000,3.0000
66.9995,1340,1.9608,4.0887,3.0032,0.3321,3.3785,0.3754,1.6498,3.0410,0.4138,2.7998,4.0000,3.0000
67.0495,1341,1.9952,4.0891,3.0032,0.3413,3.3822,0.3744,1.6559,3.0458,0.4139,2.8198,4.0000,3.0000
67.0996,1342,1.9952,4.0891,3.0032,0.3413,3.3822,0.3744,1.6559,3.0458,0.4139,2.8399,4.0000,3.0000
67.1495,1343,2.0296,4.0894,3.0032,0.3510,3.3861,0.3716,1.6618,3.0505,0.4139,2.8598,4.0000,3.0000
67.1995,1344,2.0296,4.0894,3.0032,0.3510,3.3861,0.3716,1.6618,3.0505,0.4139,2.8798,4.0000,3.0000
67.2495,1345,2.0640,4.0898,3.0032,0.3613,3.3901,0.3671,1.6675,3.0551,0.4140,2.8998,4.0000,3.0000
67.2995,1346,2.0985,4.0901,3.0032,0.3722,3.3936,0.3626,1.6731,3.0597,0.4142,2.9198,4.0000,3.0000
67.3495,1347,2.0985,4.0901,3.0032,0.3722,3.3936,0.3626,1.6731,3.0597,0.4142,2.9398,4.0000,3.0000
67.3996,1348,2.1330,4.0904,3.0031,0.3836,3.3973,0.3591,1.6788,3.0644,0.4139,2.9598,4.0000,3.0000
67.4495,1349,2.1330,4.0904,3.0031,0.3836,3.3973,0.3591,1.6788,3.0644,0.4139,2.9798,4.0000,3.0000
67.4995,1350,2.1675,4.0906,3.0031,0.3961,3.4017,0.3566,1.6846,3.0689,0.4136,2.9998,4.0000,3.0000
67.5496,1351,2.2020,4.0908,3.0031,0.4094,3.4069,0.3541,1.6906,3.0734,0.4131,3.0198,4.0000,3.0000
67.5996,1352,2.2020,4.0908,3.0031,0.4094,3.4069,0.3541,1.6906,3.0734,0.4131,3.0398,4.0000,3.0000
67.6496,1353,2.2363,4.0911,3.0031,0.4238,3.4116,0.3519,1.6966,3.0778,0.4124,3.0598,4.0000,3.0000
67.6997,1354,2.2707,4.0913,3.0031,0.4390,3.4154,0.3500,1.7026,3.0823,0.4118,3.0799,4.0000,3.0000
67.7496,1355,2.2707,4.0913,3.0031,0.4390,3.4154,0.3500,1.7026,3.0823,0.4118,3.0998,4.0000,3.0000
67.7995,1356,2.3051,4.0914,3.0031,0.4551,3.4190,0.3478,1.7088,3.0870,0.4109,3.1198,4.0000,3.0000
67.8496,1357,2.3051,4.0914,3.0031,0.4551,3.4190,0.3478,1.7088,3.0870,0.4109,3.1398,4.0000,3.0000
67.8995,1358,2.3394,4.0916,3.0031,0.4729,3.4225,0.3459,1.7152,3.0918,0.4098,3.1598,4.0000,3.0000
67.9495,1359,2.3394,4.0916,3.0031,0.4729,3.4225,0.3459,1.7152,3.0918,0.4098,3.1798,4.0000,3.0000
67.9995,1360,2.3738,4.0917,3.0031,0.4924,3.4258,0.3449,1.7221,3.0968,0.4084,3.1998,4.0000,3.0000
68.0496,1361,2.4082,4.0919,3.0031,0.5137,3.4289,0.3444,1.7294,3.1018,0.4070,3.2198,4.0000,3.0000
68.0996,1362,2.4082,4.0919,3.0031,0.5137,3.4289,0.3444,1.7294,3.1018,0.4070,3.2398,4.0000,3.0000
68.1495,1363,2.4425,4.0920,3.0031,0.5362,3.4322,0.3436,1.7371,3.1066,0.4065,3.2598,4.0000,3.0000
68.1994,1364,2.4768,4.0921,3.0031,0.5587,3.4356,0.3428,1.7453,3.1109,0.4065,3.2798,4.0000,3.0000
68.2496,1365,2.4768,4.0921,3.0031,0.5587,3.4356,0.3428,1.7453,3.1109,0.4065,3.2998,4.0000,3.0000
68.2995,1366,2.5112,4.0922,3.0031,0.5811,3.4392,0.3423,1.7538,3.1150,0.4069,3.3198,4.0000,3.0000
68.3495,1367,2.5112,4.0922,3.0031,0.5811,3.4392,0.3423,1.7538,3.1150,0.4069,3.3398,4.0000,3.0000
68.3995,1368,2.5455,4.0923,3.0031,0.6039,3.4430,0.3420,1.7628,3.1192,0.4073,3.3598,4.0000,3.0000
68.4495,1369,2.5798,4.0923,3.0031,0.6271,3.4468,0.3415,1.7723,3.1235,0.4076,3.3798,4.0000,3.0000
68.4996,1370,2.5798,4.0923,3.0031,0.6271,3.4468,0.3415,1.7723,3.1235,0.4076,3.3998,4.0000,3.0000
68.5495,1371,2.6140,4.0924,3.0031,0.6515,3.4510,0.3406,1.7825,3.1279,0.4072,3.4198,4.0000,3.0000
68.5995,1372,2.6140,4.0924,3.0031,0.6515,3.4510,0.3406,1.7825,3.1279,0.4072,3.4398,4.0000,3.0000
68.6496,1373,2.6482,4.0924,3.0031,0.6772,3.4552,0.3397,1.7935,3.1323,0.4060,3.4598,4.0000,3.0000
68.6995,1374,2.6825,4.0925,3.0031,0.7036,3.4595,0.3396,1.8056,3.1368,0.4047,3.4798,4.0000,3.0000
68.7496,1375,2.6825,4.0925,3.0031,0.7036,3.4595,0.3396,1.8056,3.1368,0.4047,3.4998,4.0000,3.0000
68.7995,1376,2.7168,4.0925,3.0031,0.7296,3.4637,0.3403,1.8189,3.1413,0.4031,3.5198,4.0000,3.0000
68.8495,1377,2.7168,4.0925,3.0031,0.7296,3.4637,0.3403,1.8189,3.1413,0.4031,3.5398,4.0000,3.0000
68.8995,1378,2.7511,4.0925,3.0031,0.7548,3.4679,0.3414,1.8326,3.1457,0.3989,3.5598,4.0000,3.0000
68.9495,1379,2.7511,4.0925,3.0031,0.7548,3.4679,0.3414,1.8326,3.1457,0.3989,3.5798,4.0000,3.0000
68.9996,1380,2.7855,4.0925,3.0030,0.7796,3.4721,0.3428,1.8469,3.1498,0.3936,3.5998,4.0000,3.0000
69.0495,1381,2.7855,4.0925,3.0030,0.7796,3.4721,0.3428,1.8469,3.1498,0.3936,3.6198,4.0000,3.0000
69.0995,1382,2.8200,4.0925,3.0030,0.8041,3.4764,0.3443,1.8621,3.1535,0.3881,3.6398,4.0000,3.0000
69.1495,1383,2.8546,4.0925,3.0030,0.8289,3.4809,0.3457,1.8779,3.1568,0.3827,3.6598,4.0000,3.0000
69.1995,1384,2.8546,4.0925,3.0030,0.8289,3.4809,0.3457,1.8779,3.1568,0.3827,3.6798,4.0000,3.0000
69.2496,1385,2.8892,4.0925,3.0030,0.8544,3.4853,0.3473,1.8937,3.1601,0.3775,3.6998,4.0000,3.0000
69.2995,1386,2.8892,4.0925,3.0030,0.8544,3.4853,0.3473,1.8937,3.1601,0.3775,3.7198,4.0000,3.0000
69.3495,1387,2.9238,4.0925,3.0030,0.8807,3.4895,0.3507,1.9100,3.1640,0.3728,3.7398,4.0000,3.0000
69.3995,1388,2.9586,4.0925,3.0030,0.9072,3.4941,0.3548,1.9269,3.1686,0.3679,3.7598,4.0000,3.0000
69.4495,1389,2.9586,4.0925,3.0030,0.9072,3.4941,0.3548,1.9269,3.1686,0.3679,3.7798,4.0000,3.0000
69.4995,1390,2.9934,4.0925,3.0030,0.9339,3.4987,0.3590,1.9444,3.1726,0.3637,3.7998,4.0000,3.0000
69.5496,1391,2.9934,4.0925,3.0030,0.9339,3.4987,0.3590,1.9444,3.1726,0.3637,3.8198,4.0000,3.0000
69.5995,1392,3.0283,4.0924,3.0030,0.9606,3.5031,0.3615,1.9627,3.1762,0.3600,3.8398,4.0000,3.0000
69.6495,1393,3.0631,4.0924,3.0030,0.9865,3.5076,0.3636,1.9825,3.1798,0.3558,3.8598,4.0000,3.0000
69.6995,1394,3.0631,4.0924,3.0030,0.9865,3.5076,0.3636,1.9825,3.1798,0.3558,3.8798,4.0000,3.0000
69.7496,1395,3.0978,4.0923,3.0030,1.0121,3.5121,0.3657,2.0041,3.1834,0.3514,3.8998,4.0000,3.0000
69.7995,1396,3.0978,4.0923,3.0030,1.0121,3.5121,0.3657,2.0041,3.1834,0.3514,3.9198,4.0000,3.0000
69.8495,1397,3.1326,4.0923,3.0030,1.0381,3.5168,0.3674,2.0276,3.1869,0.3479,3.9398,4.0000,3.0000
69.8995,1398,3.1326,4.0923,3.0030,1.0381,3.5168,0.3674,2.0276,3.1869,0.3479,3.9598,4.0000,3.0000
69.9496,1399,3.1674,4.0922,3.0030,1.0645,3.5215,0.3688,2.0525,3.1902,0.3460,3.9798,4.0000,3.0000
69.9995,1400,3.2024,4.0922,3.0030,1.0913,3.5263,0.3698,2.0778,3.1931,0.3464,3.9998,4.0000,3.0000
70.0495,1401,3.2024,4.0922,3.0030,1.0913,3.5263,0.3698,2.0778,3.1931,0.3464,4.0198,4.0000,3.0000
70.0996,1402,3.2374,4.0921,3.0030,1.1176,3.5310,0.3722,2.1027,3.1958,0.3476,4.0398,4.0000,3.0000
70.1495,1403,3.2374,4.0921,3.0030,1.1176,3.5310,0.3722,2.1027,3.1958,0.3476,4.0598,4.0000,3.0000
70.1996,1404,3.2724,4.0920,3.0030,1.1423,3.5357,0.3756,2.1274,3.1988,0.3489,4.0798,4.0000,3.0000
70.2495,1405,3.3075,4.0920,3.0030,1.1658,3.5406,0.3789,2.1520,3.2019,0.3498,4.0998,4.0000,3.0000
70.2995,1406,3.3075,4.0920,3.0030,1.1658,3.5406,0.3789,2.1520,3.2019,0.3498,4.1198,4.0000,3.0000
70.3495,1407,3.3427,4.0919,3.0030,1.1889,3.5458,0.3822,2.1771,3.2048,0.3500,4.1398,4.0000,3.0000
70.3994,1408,3.3777,4.0918,3.0030,1.2120,3.5515,0.3854,2.2031,3.2074,0.3492,4.1597,4.0000,3.0000
70.4495,1409,3.3777,4.0918,3.0030,1.2120,3.5515,0.3854,2.2031,3.2074,0.3492,4.1798,4.0000,3.0000
70.4996,1410,3.4127,4.0917,3.0030,1.2355,3.5578,0.3883,2.2302,3.2100,0.3476,4.1998,4.0000,3.0000
70.5496,1411,3.4127,4.0917,3.0030,1.2355,3.5578,0.3883,2.2302,3.2100,0.3476,4.2198,4.0000,3.0000
70.5996,1412,3.4476,4.0916,3.0030,1.2595,3.5645,0.3920,2.2585,3.2125,0.3463,4.2398,4.0000,3.0000
70.6496,1413,3.4824,4.0916,3.0029,1.2838,3.5718,0.3963,2.2866,3.2148,0.3466,4.2598,4.0000,3.0000
70.6996,1414,3.4824,4.0916,3.0029,1.2838,3.5718,0.3963,2.2866,3.2148,0.3466,4.2798,4.0000,3.0000
70.7496,1415,3.5171,4.0915,3.0029,1.3084,3.5797,0.3994,2.3136,3.2171,0.3477,4.2998,4.0000,3.0000
70.7994,1416,3.5518,4.0914,3.0029,1.3334,3.5879,0.4002,2.3398,3.2192,0.3491,4.3198,4.0000,3.0000
70.8495,1417,3.5518,4.0914,3.0029,1.3334,3.5879,0.4002,2.3398,3.2192,0.3491,4.3398,4.0000,3.0000
70.8995,1418,3.5864,4.0913,3.0029,1.3584,3.5962,0.3990,2.3655,3.2212,0.3504,4.3598,4.0000,3.0000
70.9496,1419,3.5864,4.0913,3.0029,1.3584,3.5962,0.3990,2.3655,3.2212,0.3504,4.3798,4.0000,3.0000
70.9995,1420,3.6209,4.0912,3.0029,1.3832,3.6047,0.3975,2.3912,3.2234,0.3512,4.3998,4.0000,3.0000
71.0495,1421,3.6209,4.0912,3.0029,1.3832,3.6047,0.3975,2.3912,3.2234,0.3512,4.4198,4.0000,3.0000
71.0995,1422,3.6554,4.0911,3.0029,1.4082,3.6135,0.3960,2.4178,3.2255,0.3518,4.4398,4.0000,3.0000
71.1495,1423,3.6900,4.0910,3.0029,1.4334,3.6228,0.3947,2.4457,3.2278,0.3531,4.4598,4.0000,3.0000
71.1996,1424,3.6900,4.0910,3.0029,1.4334,3.6228,0.3947,2.4457,3.2278,0.3531,4.4798,4.0000,3.0000
71.2496,1425,3.7246,4.0909,3.0029,1.4592,3.6326,0.3936,2.4746,3.2302,0.3560,4.4998,4.0000,3.0000
71.2995,1426,3.7246,4.0909,3.0029,1.4592,3.6326,0.3936,2.4746,3.2302,0.3560,4.5198,4.0000,3.0000
71.3496,1427,3.7592,4.0908,3.0029,1.4854,3.6431,0.3925,2.5042,3.2325,0.3590,4.5398,4.0000,3.0000
71.3996,1428,3.7938,4.0907,3.0029,1.5115,3.6537,0.3918,2.5331,3.2348,0.3612,4.5598,4.0000,3.0000
71.4496,1429,3.7938,4.0907,3.0029,1.5115,3.6537,0.3918,2.5331,3.2348,0.3612,4.5798,4.0000,3.0000
71.4995,1430,3.8283,4.0905,3.0029,1.5368,3.6637,0.3917,2.5613,3.2370,0.3640,4.5998,4.0000,3.0000
71.5494,1431,3.8628,4.0904,3.0029,1.5619,3.6737,0.3913,2.5895,3.2392,0.3662,4.6198,4.0000,3.0000
71.5996,1432,3.8628,4.0904,3.0029,1.5619,3.6737,0.3913,2.5895,3.2392,0.3662,4.6398,4.0000,3.0000
71.6496,1433,3.8972,4.0903,3.0029,1.5870,3.6837,0.3910,2.6181,3.2415,0.3669,4.6598,4.0000,3.0000
71.6996,1434,3.8972,4.0903,3.0029,1.5870,3.6837,0.3910,2.6181,3.2415,0.3669,4.6798,4.0000,3.0000
71.7496,1435,3.9316,4.0902,3.0029,1.6122,3.6937,0.3908,2.6476,3.2439,0.3663,4.6998,4.0000,3.0000
71.7995,1436,3.9660,4.0901,3.0029,1.6376,3.7036,0.3906,2.6781,3.2461,0.3650,4.7198,4.0000,3.0000
71.8495,1437,3.9660,4.0901,3.0029,1.6376,3.7036,0.3906,2.6781,3.2461,0.3650,4.7398,4.0000,3.0000
71.8994,1438,3.9660,4.0901,3.0029,1.6637,3.7137,0.3903,2.6781,3.2461,0.3650,4.7598,4.0000,3.0000
71.9496,1439,4.0002,4.0900,3.0029,1.6637,3.7137,0.3903,2.7091,3.2480,0.3645,4.7798,4.0000,3.0000
71.9995,1440,4.0345,4.0899,3.0029,1.6906,3.7242,0.3899,2.7395,3.2499,0.3650,4.7998,4.0000,3.0000
72.0496,1441,4.0345,4.0899,3.0029,1.6906,3.7242,0.3899,2.7395,3.2499,0.3650,4.8198,4.0000,3.0000
72.0995,1442,4.0688,4.0898,3.0029,1.7182,3.7351,0.3895,2.7687,3.2520,0.3665,4.8398,4.0000,3.0000
72.1494,1443,4.1032,4.0896,3.0029,1.7463,3.7459,0.3875,2.7967,3.2542,0.3684,4.8598,4.0000,3.0000
72.1995,1444,4.1032,4.0896,3.0029,1.7463,3.7459,0.3875,2.7967,3.2542,0.3684,4.8798,4.0000,3.0000
72.2495,1445,4.1377,4.0895,3.0028,1.7743,3.7565,0.3839,2.8242,3.2567,0.3702,4.8998,4.0000,3.0000
72.2995,1446,4.1377,4.0895,3.0028,1.7743,3.7565,0.3839,2.8242,3.2567,0.3702,4.9198,4.0000,3.0000
72.3496,1447,4.1723,4.0894,3.0028,1.8019,3.7668,0.3806,2.8519,3.2596,0.3716,4.9398,4.0000,3.0000
72.3995,1448,4.1723,4.0894,3.0028,1.8019,3.7668,0.3806,2.8519,3.2596,0.3716,4.9598,4.0000,3.0000
72.4496,1449,4.2069,4.0893,3.0028,1.8289,3.7765,0.3782,2.8804,3.2626,0.3725,4.9798,4.0000,3.0000
72.4995,1450,4.2416,4.0892,3.0028,1.8556,3.7858,0.3765,2.9100,3.2657,0.3746,4.9998,4.0000,3.0000
72.5496,1451,4.2416,4.0892,3.0028,1.8556,3.7858,0.3765,2.9100,3.2657,0.3746,5.0198,4.0000,3.0000
72.5995,1452,4.2764,4.0890,3.0028,1.8823,3.7948,0.3752,2.9401,3.2694,0.3772,5.0398,4.0000,3.0000
72.6494,1453,4.3112,4.0889,3.0028,1.9091,3.8035,0.3741,2.9702,3.2733,0.3792,5.0598,4.0000,3.0000
72.6996,1454,4.3112,4.0889,3.0028,1.9091,3.8035,0.3741,2.9702,3.2733,0.3792,5.0798,4.0000,3.0000
72.7496,1455,4.3460,4.0888,3.0028,1.9364,3.8121,0.3735,2.9998,3.2773,0.3798,5.0998,4.0000,3.0000
72.7996,1456,4.3460,4.0888,3.0028,1.9364,3.8121,0.3735,2.9998,3.2773,0.3798,5.1198,4.0000,3.0000
72.8496,1457,4.3807,4.0887,3.0028,1.9642,3.8207,0.3733,3.0287,3.2815,0.3809,5.1398,4.0000,3.0000
72.8995,1458,4.3807,4.0887,3.0028,1.9642,3.8207,0.3733,3.0287,3.2815,0.3809,5.1598,4.0000,3.0000
72.9495,1459,4.4154,4.0885,3.0028,1.9925,3.8293,0.3729,3.0573,3.2858,0.3820,5.1798,4.0000,3.0000
72.9994,1460,4.4502,4.0884,3.0028,2.0205,3.8375,0.3726,3.0860,3.2902,0.3829,5.1998,4.0000,3.0000
73.0496,1461,4.4502,4.0884,3.0028,2.0205,3.8375,0.3726,3.0860,3.2902,0.3829,5.2198,4.0000,3.0000
73.0995,1462,4.4850,4.0883,3.0028,2.0476,3.8450,0.3738,3.1151,3.2946,0.3838,5.2398,4.0000,3.0000
73.1495,1463,4.4850,4.0883,3.0028,2.0476,3.8450,0.3738,3.1151,3.2946,0.3838,5.2598,4.0000,3.0000
73.1995,1464,4.5198,4.0882,3.0028,2.0741,3.8521,0.3747,3.1449,3.2988,0.3849,5.2798,4.0000,3.0000
73.2495,1465,4.5546,4.0880,3.0028,2.1003,3.8591,0.3758,3.1755,3.3032,0.3854,5.2998,4.0000,3.0000
73.2996,1466,4.5546,4.0880,3.0028,2.1003,3.8591,0.3758,3.1755,3.3032,0.3854,5.3198,4.0000,3.0000
73.3496,1467,4.5895,4.0879,3.0028,2.1264,3.8658,0.3769,3.2061,3.3075,0.3845,5.3398,4.0000,3.0000
73.3996,1468,4.5895,4.0879,3.0028,2.1264,3.8658,0.3769,3.2061,3.3075,0.3845,5.3598,4.0000,3.0000
73.4496,1469,4.6243,4.0878,3.0028,2.1529,3.8724,0.3779,3.2358,3.3116,0.3838,5.3798,4.0000,3.0000
73.4995,1470,4.6590,4.0876,3.0028,2.1801,3.8788,0.3784,3.2642,3.3158,0.3840,5.3998,4.0000,3.0000
73.5495,1471,4.6590,4.0876,3.0028,2.1801,3.8788,0.3784,3.2642,3.3158,0.3840,5.4198,4.0000,3.0000
73.5995,1472,4.6937,4.0875,3.0028,2.2081,3.8852,0.3788,3.2920,3.3201,0.3842,5.4398,4.0000,3.0000
73.6496,1473,4.6937,4.0875,3.0028,2.2369,3.8915,0.3792,3.2920,3.3201,0.3842,5.4598,4.0000,3.0000
73.6996,1474,4.7283,4.0874,3.0028,2.2369,3.8915,0.3792,3.3199,3.3248,0.3842,5.4798,4.0000,3.0000
73.7496,1475,4.7629,4.0873,3.0028,2.2665,3.8979,0.3791,3.3481,3.3298,0.3840,5.4998,4.0000,3.0000
73.7996,1476,4.7629,4.0873,3.0028,2.2665,3.8979,0.3791,3.3481,3.3298,0.3840,5.5198,4.0000,3.0000
73.8496,1477,4.7974,4.0871,3.0028,2.2960,3.9040,0.3778,3.3771,3.3349,0.3836,5.5398,4.0000,3.0000
73.8994,1478,4.8320,4.0870,3.0027,2.3253,3.9099,0.3756,3.4070,3.3401,0.3834,5.5598,4.0000,3.0000
73.9495,1479,4.8320,4.0870,3.0027,2.3253,3.9099,0.3756,3.4070,3.3401,0.3834,5.5798,4.0000,3.0000
73.9995,1480,4.8666,4.0869,3.0027,2.3539,3.9155,0.3742,3.4376,3.3453,0.3842,5.5998,4.0000,3.0000
74.0496,1481,4.8666,4.0869,3.0027,2.3539,3.9155,0.3742,3.4376,3.3453,0.3842,5.6198,4.0000,3.0000
74.0996,1482,4.9013,4.0867,3.0027,2.3819,3.9206,0.3735,3.4680,3.3506,0.3856,5.6398,4.0000,3.0000
74.1495,1483,4.9013,4.0867,3.0027,2.3819,3.9206,0.3735,3.4680,3.3506,0.3856,5.6598,4.0000,3.0000
74.1996,1484,4.9359,4.0866,3.0027,2.4098,3.9254,0.3730,3.4982,3.3562,0.3860,5.6798,4.0000,3.0000
74.2496,1485,4.9705,4.0865,3.0027,2.4377,3.9301,0.3729,3.5279,3.3619,0.3865,5.6998,4.0000,3.0000
74.2995,1486,4.9705,4.0865,3.0027,2.4377,3.9301,0.3729,3.5279,3.3619,0.3865,5.7198,4.0000,3.0000
74.3495,1487,5.0050,4.0863,3.0027,2.4660,3.9344,0.3727,3.5571,3.3676,0.3872,5.7398,4.0000,3.0000
74.3995,1488,5.0396,4.0862,3.0027,2.4947,3.9384,0.3729,3.5861,3.3735,0.3879,5.7598,4.0000,3.0000
74.4496,1489,5.0396,4.0862,3.0027,2.4947,3.9384,0.3729,3.5861,3.3735,0.3879,5.7798,4.0000,3.0000
74.4995,1490,5.0741,4.0861,3.0027,2.5241,3.9421,0.3733,3.6153,3.3796,0.3885,5.7998,4.0000,3.0000
74.5495,1491,5.0741,4.0861,3.0027,2.5241,3.9421,0.3733,3.6153,3.3796,0.3885,5.8198,4.0000,3.0000
74.5995,1492,5.1085,4.0860,3.0027,2.5540,3.9456,0.3735,3.6449,3.3854,0.3893,5.8398,4.0000,3.0000
74.6495,1493,5.1428,4.0858,3.0027,2.5835,3.9488,0.3743,3.6750,3.3911,0.3899,5.8598,4.0000,3.0000
74.6995,1494,5.1428,4.0858,3.0027,2.5835,3.9488,0.3743,3.6750,3.3911,0.3899,5.8798,4.0000,3.0000
74.7495,1495,5.1771,4.0857,3.0027,2.6121,3.9516,0.3760,3.7055,3.3965,0.3895,5.8998,4.0000,3.0000
74.7995,1496,5.2114,4.0856,3.0027,2.6400,3.9545,0.3776,3.7359,3.4016,0.3884,5.9198,4.0000,3.0000
74.8496,1497,5.2114,4.0856,3.0027,2.6400,3.9545,0.3776,3.7359,3.4016,0.3884,5.9398,4.0000,3.0000
74.8996,1498,5.2456,4.0854,3.0027,2.6676,3.9575,0.3791,3.7656,3.4061,0.3878,5.9598,4.0000,3.0000
74.9496,1499,5.2456,4.0854,3.0027,2.6676,3.9575,0.3791,3.7656,3.4061,0.3878,5.9798,4.0000,3.0000
74.9995,1500,5.2797,4.0853,3.0027,2.6954,3.9606,0.3804,3.7943,3.4107,0.3875,5.9998,4.0000,3.0000
75.0495,1501,5.2797,4.0853,3.0027,2.6954,3.9606,0.3804,3.7943,3.4107,0.3875,6.0198,4.0000,3.0000
75.0995,1502,5.3139,4.0852,3.0027,2.7234,3.9637,0.3816,3.8225,3.4155,0.3872,6.0398,4.0000,3.0000
75.1495,1503,5.3482,4.0850,3.0027,2.7521,3.9668,0.3826,3.8505,3.4204,0.3871,6.0598,4.0000,3.0000
75.1995,1504,5.3482,4.0850,3.0027,2.7521,3.9668,0.3826,3.8505,3.4204,0.3871,6.0798,4.0000,3.0000
75.2495,1505,5.3826,4.0849,3.0027,2.7813,3.9700,0.3836,3.8787,3.4256,0.3870,6.0998,4.0000,3.0000
75.2994,1506,5.4169,4.0848,3.0027,2.8115,3.9732,0.3846,3.9075,3.4310,0.3868,6.1198,4.0000,3.0000
75.3495,1507,5.4169,4.0848,3.0027,2.8115,3.9732,0.3846,3.9075,3.4310,0.3868,6.1398,4.0000,3.0000
75.3995,1508,5.4511,4.0847,3.0027,2.8419,3.9764,0.3852,3.9372,3.4362,0.3868,6.1598,4.0000,3.0000
75.4496,1509,5.4511,4.0847,3.0027,2.8419,3.9764,0.3852,3.9372,3.4362,0.3868,6.1798,4.0000,3.0000
75.4995,1510,5.4854,4.0845,3.0027,2.8720,3.9797,0.3844,3.9677,3.4416,0.3869,6.1998,4.0000,3.0000
75.5495,1511,5.5195,4.0844,3.0027,2.9018,3.9828,0.3833,3.9985,3.4468,0.3870,6.2198,4.0000,3.0000
75.5995,1512,5.5195,4.0844,3.0027,2.9018,3.9828,0.3833,3.9985,3.4468,0.3870,6.2398,4.0000,3.0000
75.6495,1513,5.5535,4.0843,3.0027,2.9309,3.9856,0.3829,4.0291,3.4519,0.3869,6.2598,4.0000,3.0000
75.6995,1514,5.5535,4.0843,3.0027,2.9309,3.9856,0.3829,4.0291,3.4519,0.3869,6.2798,4.0000,3.0000
75.7495,1515,5.5876,4.0841,3.0026,2.9595,3.9881,0.3829,4.0589,3.4572,0.3866,6.2998,4.0000,3.0000
75.7996,1516,5.6216,4.0840,3.0026,2.9880,3.9905,0.3830,4.0880,3.4623,0.3870,6.3198,4.0000,3.0000
75.8496,1517,5.6216,4.0840,3.0026,2.9880,3.9905,0.3830,4.0880,3.4623,0.3870,6.3398,4.0000,3.0000
75.8995,1518,5.6555,4.0839,3.0026,3.0168,3.9926,0.3833,4.1167,3.4673,0.3876,6.3598,4.0000,3.0000
75.9495,1519,5.6895,4.0838,3.0026,3.0462,3.9948,0.3837,4.1453,3.4724,0.3884,6.3798,4.0000,3.0000
75.9995,1520,5.6895,4.0838,3.0026,3.0462,3.9948,0.3837,4.1453,3.4724,0.3884,6.3998,4.0000,3.0000
76.0495,1521,5.7235,4.0836,3.0026,3.0761,3.9967,0.3843,4.1741,3.4772,0.3894,6.4198,4.0000,3.0000
76.0995,1522,5.7235,4.0836,3.0026,3.0761,3.9967,0.3843,4.1741,3.4772,0.3894,6.4398,4.0000,3.0000
76.1495,1523,5.7574,4.0835,3.0026,3.1063,3.9985,0.3842,4.2033,3.4817,0.3905,6.4598,4.0000,3.0000
76.1996,1524,5.7574,4.0835,3.0026,3.1063,3.9985,0.3842,4.2033,3.4817,0.3905,6.4799,4.0000,3.0000
76.2496,1525,5.7914,4.0834,3.0026,3.1357,4.0001,0.3847,4.2330,3.4861,0.3914,6.4998,4.0000,3.0000
76.2995,1526,5.7914,4.0834,3.0026,3.1357,4.0001,0.3847,4.2330,3.4861,0.3914,6.5198,4.0000,3.0000
76.3495,1527,5.8255,4.0833,3.0026,3.1641,4.0015,0.3855,4.2632,3.4902,0.3915,6.5398,4.0000,3.0000
76.3996,1528,5.8598,4.0831,3.0026,3.1920,4.0031,0.3864,4.2934,3.4941,0.3907,6.5598,4.0000,3.0000
76.4495,1529,5.8598,4.0831,3.0026,3.1920,4.0031,0.3864,4.2934,3.4941,0.3907,6.5798,4.0000,3.0000
76.4997,1530,5.8941,4.0830,3.0026,3.2197,4.0047,0.3873,4.3227,3.4975,0.3899,6.5999,4.0000,3.0000
76.5495,1531,5.8941,4.0830,3.0026,3.2197,4.0047,0.3873,4.3227,3.4975,0.3899,6.6198,4.0000,3.0000
76.5996,1532,5.9285,4.0829,3.0026,3.2476,4.0066,0.3881,4.3513,3.5010,0.3895,6.6398,4.0000,3.0000
76.6496,1533,5.9629,4.0828,3.0026,3.2760,4.0084,0.3888,4.3794,3.5047,0.3891,6.6598,4.0000,3.0000
76.6995,1534,5.9629,4.0828,3.0026,3.2760,4.0084,0.3888,4.3794,3.5047,0.3891,6.6798,4.0000,3.0000
76.7496,1535,5.9972,4.0826,3.0026,3.3052,4.0103,0.3892,4.4075,3.5086,0.3889,6.6998,4.0000,3.0000
76.7995,1536,6.0315,4.0825,3.0026,3.3350,4.0124,0.3897,4.4359,3.5127,0.3886,6.7198,4.0000,3.0000
76.8496,1537,6.0315,4.0825,3.0026,3.3350,4.0124,0.3897,4.4359,3.5127,0.3886,6.7398,4.0000,3.0000
76.8996,1538,6.0659,4.0824,3.0026,3.3656,4.0146,0.3896,4.4651,3.5168,0.3883,6.7598,4.0000,3.0000
76.9496,1539,6.0659,4.0824,3.0026,3.3959,4.0168,0.3884,4.4651,3.5168,0.3883,6.7798,4.0000,3.0000
76.9996,1540,6.1002,4.0822,3.0026,3.3959,4.0168,0.3884,4.4950,3.5208,0.3881,6.7998,4.0000,3.0000
77.0495,1541,6.1345,4.0821,3.0026,3.4263,4.0191,0.3858,4.5258,3.5250,0.3879,6.8198,4.0000,3.0000
77.0995,1542,6.1345,4.0821,3.0026,3.4263,4.0191,0.3858,4.5258,3.5250,0.3879,6.8398,4.0000,3.0000
77.1495,1543,6.1689,4.0820,3.0026,3.4560,4.0211,0.3835,4.5566,3.5290,0.3880,6.8598,4.0000,3.0000
77.1996,1544,6.1689,4.0820,3.0026,3.4560,4.0211,0.3835,4.5566,3.5290,0.3880,6.8798,4.0000,3.0000
77.2495,1545,6.2032,4.0819,3.0026,3.4852,4.0229,0.3817,4.5874,3.5332,0.3873,6.8998,4.0000,3.0000
77.2995,1546,6.2032,4.0819,3.0026,3.4852,4.0229,0.3817,4.5874,3.5332,0.3873,6.9198,4.0000,3.0000
77.3496,1547,6.2375,4.0817,3.0026,3.5143,4.0245,0.3803,4.6176,3.5377,0.3865,6.9398,4.0000,3.0000
77.3995,1548,6.2719,4.0816,3.0026,3.5435,4.0259,0.3792,4.6473,3.5422,0.3862,6.9598,4.0000,3.0000
77.4495,1549,6.2719,4.0816,3.0026,3.5435,4.0259,0.3792,4.6473,3.5422,0.3862,6.9798,4.0000,3.0000
77.4995,1550,6.3064,4.0815,3.0026,3.5730,4.0273,0.3782,4.6767,3.5468,0.3862,6.9998,4.0000,3.0000
77.5495,1551,6.3064,4.0815,3.0026,3.5730,4.0273,0.3782,4.6767,3.5468,0.3862,7.0198,4.0000,3.0000
77.5996,1552,6.3409,4.0814,3.0026,3.6033,4.0285,0.3774,4.7060,3.5513,0.3862,7.0398,4.0000,3.0000
77.6495,1553,6.3755,4.0812,3.0026,3.6342,4.0296,0.3765,4.7355,3.5558,0.3868,7.0598,4.0000,3.0000
77.6995,1554,6.3755,4.0812,3.0026,3.6342,4.0296,0.3765,4.7355,3.5558,0.3868,7.0798,4.0000,3.0000
77.7496,1555,6.4100,4.0811,3.0025,3.6641,4.0304,0.3767,4.7654,3.5602,0.3872,7.0998,4.0000,3.0000
77.7994,1556,6.4446,4.0810,3.0025,3.6929,4.0311,0.3782,4.7957,3.5644,0.3873,7.1198,4.0000,3.0000
77.8496,1557,6.4446,4.0810,3.0025,3.6929,4.0311,0.3782,4.7957,3.5644,0.3873,7.1398,4.0000,3.0000
77.8995,1558,6.4790,4.0809,3.0025,3.7211,4.0318,0.3795,4.8263,3.5685,0.3861,7.1598,4.0000,3.0000
77.9495,1559,6.4790,4.0809,3.0025,3.7211,4.0318,0.3795,4.8263,3.5685,0.3861,7.1798,4.0000,3.0000
77.9995,1560,6.5134,4.0807,3.0025,3.7491,4.0327,0.3809,4.8564,3.5722,0.3854,7.1998,4.0000,3.0000
78.0496,1561,6.5134,4.0807,3.0025,3.7491,4.0327,0.3809,4.8564,3.5722,0.3854,7.2198,4.0000,3.0000
78.1002,1562,6.5478,4.0806,3.0025,3.7771,4.0336,0.3823,4.8855,3.5757,0.3856,7.2401,4.0000,3.0000
78.1496,1563,6.5478,4.0806,3.0025,3.7771,4.0336,0.3823,4.8855,3.5757,0.3856,7.2598,4.0000,3.0000
78.1995,1564,6.5823,4.0805,3.0025,3.8053,4.0345,0.3836,4.9139,3.5793,0.3859,7.2798,4.0000,3.0000
78.2496,1565,6.5823,4.0805,3.0025,3.8053,4.0345,0.3836,4.9139,3.5793,0.3859,7.2998,4.0000,3.0000
78.2996,1566,6.6169,4.0804,3.0025,3.8342,4.0354,0.3848,4.9421,3.5831,0.3862,7.3198,4.0000,3.0000
78.3495,1567,6.6516,4.0802,3.0025,3.8638,4.0361,0.3859,4.9704,3.5872,0.3865,7.3398,4.0000,3.0000
78.3996,1568,6.6516,4.0802,3.0025,3.8638,4.0361,0.3859,4.9704,3.5872,0.3865,7.3598,4.0000,3.0000
78.4495,1569,6.6865,4.0801,3.0025,3.8940,4.0370,0.3868,4.9993,3.5914,0.3866,7.3798,4.0000,3.0000
78.4994,1570,6.7213,4.0800,3.0025,3.9242,4.0379,0.3867,5.0289,3.5957,0.3867,7.3998,4.0000,3.0000
78.5496,1571,6.7213,4.0800,3.0025,3.9242,4.0379,0.3867,5.0289,3.5957,0.3867,7.4198,4.0000,3.0000
78.5996,1572,6.7562,4.0799,3.0025,3.9544,4.0388,0.3850,5.0593,3.6000,0.3871,7.4398,4.0000,3.0000
78.6495,1573,6.7562,4.0799,3.0025,3.9544,4.0388,0.3850,5.0593,3.6000,0.3871,7.4598,4.0000,3.0000
78.6995,1574,6.7910,4.0797,3.0025,3.9843,4.0397,0.3828,5.0900,3.6043,0.3866,7.4798,4.0000,3.0000
78.7495,1575,6.8258,4.0796,3.0025,4.0133,4.0404,0.3815,5.1206,3.6086,0.3859,7.4998,4.0000,3.0000
78.7995,1576,6.8258,4.0796,3.0025,4.0133,4.0404,0.3815,5.1206,3.6086,0.3859,7.5198,4.0000,3.0000
78.8496,1577,6.8606,4.0795,3.0025,4.0420,4.0410,0.3807,5.1508,3.6130,0.3844,7.5398,4.0000,3.0000
78.8995,1578,6.8606,4.0795,3.0025,4.0420,4.0410,0.3807,5.1508,3.6130,0.3844,7.5598,4.0000,3.0000
78.9496,1579,6.8953,4.0794,3.0025,4.0707,4.0415,0.3800,5.1802,3.6173,0.3837,7.5798,4.0000,3.0000
78.9994,1580,6.9301,4.0793,3.0025,4.0995,4.0421,0.3795,5.2091,3.6214,0.3836,7.5998,4.0000,3.0000
79.0496,1581,6.9301,4.0793,3.0025,4.0995,4.0421,0.3795,5.2091,3.6214,0.3836,7.6198,4.0000,3.0000
79.0994,1582,6.9649,4.0791,3.0025,4.1289,4.0425,0.3792,5.2377,3.6254,0.3837,7.6398,4.0000,3.0000
79.1496,1583,6.9649,4.0791,3.0025,4.1289,4.0425,0.3792,5.2377,3.6254,0.3837,7.6598,4.0000,3.0000
79.1995,1584,6.9998,4.0790,3.0025,4.1589,4.0427,0.3790,5.2662,3.6293,0.3842,7.6798,4.0000,3.0000
79.2496,1585,6.9998,4.0790,3.0025,4.1589,4.0427,0.3790,5.2662,3.6293,0.3842,7.6998,4.0000,3.0000
79.2996,1586,7.0346,4.0789,3.0025,4.1895,4.0429,0.3786,5.2952,3.6331,0.3849,7.7198,4.0000,3.0000
79.3495,1587,7.0695,4.0788,3.0025,4.2193,4.0430,0.3788,5.3245,3.6365,0.3857,7.7398,4.0000,3.0000
79.3996,1588,7.0695,4.0788,3.0025,4.2193,4.0430,0.3788,5.3245,3.6365,0.3857,7.7598,4.0000,3.0000
79.4495,1589,7.1043,4.0786,3.0025,4.2476,4.0432,0.3801,5.3543,3.6396,0.3863,7.7798,4.0000,3.0000
79.4994,1590,7.1392,4.0785,3.0025,4.2754,4.0435,0.3814,5.3842,3.6425,0.3860,7.7998,4.0000,3.0000
79.5496,1591,7.1392,4.0785,3.0025,4.2754,4.0435,0.3814,5.3842,3.6425,0.3860,7.8198,4.0000,3.0000
79.5996,1592,7.1739,4.0784,3.0025,4.3030,4.0439,0.3828,5.4140,3.6451,0.3857,7.8398,4.0000,3.0000
79.6495,1593,7.1739,4.0784,3.0025,4.3030,4.0439,0.3828,5.4140,3.6451,0.3857,7.8598,4.0000,3.0000
79.6995,1594,7.2086,4.0783,3.0025,4.3309,4.0443,0.3840,5.4430,3.6473,0.3858,7.8798,4.0000,3.0000
79.7496,1595,7.2432,4.0782,3.0025,4.3593,4.0448,0.3848,5.4714,3.6497,0.3860,7.8999,4.0000,3.0000
79.7995,1596,7.2432,4.0782,3.0025,4.3593,4.0448,0.3848,5.4714,3.6497,0.3860,7.9198,4.0000,3.0000
79.8496,1597,7.2778,4.0780,3.0025,4.3882,4.0455,0.3857,5.4995,3.6524,0.3862,7.9398,4.0000,3.0000
79.8995,1598,7.2778,4.0780,3.0025,4.3882,4.0455,0.3857,5.4995,3.6524,0.3862,7.9598,4.0000,3.0000
79.9495,1599,7.3123,4.0779,3.0024,4.4177,4.0464,0.3866,5.5277,3.6552,0.3863,7.9798,4.0000,3.0000
79.9995,1600,7.3469,4.0778,3.0024,4.4480,4.0474,0.3871,5.5564,3.6582,0.3863,7.9998,4.0000,3.0000
80.0495,1601,7.3469,4.0778,3.0024,4.4480,4.0474,0.3871,5.5564,3.6582,0.3863,8.0198,4.0000,3.0000
80.0995,1602,7.3815,4.0777,3.0024,4.4783,4.0484,0.3865,5.5858,3.6613,0.3862,8.0398,4.0000,3.0000
80.1495,1603,7.3815,4.0777,3.0024,4.4783,4.0484,0.3865,5.5858,3.6613,0.3862,8.0598,4.0000,3.0000
80.1996,1604,7.4161,4.0776,3.0024,4.5086,4.0495,0.3841,5.6160,3.6642,0.3863,8.0798,4.0000,3.0000
80.2495,1605,7.4161,4.0776,3.0024,4.5086,4.0495,0.3841,5.6160,3.6642,0.3863,8.0998,4.0000,3.0000
80.2996,1606,7.4508,4.0774,3.0024,4.5385,4.0505,0.3818,5.6469,3.6672,0.3862,8.1198,4.0000,3.0000
80.3496,1607,7.4853,4.0773,3.0024,4.5679,4.0513,0.3802,5.6777,3.6701,0.3859,8.1398,4.0000,3.0000
80.3996,1608,7.4853,4.0773,3.0024,4.5679,4.0513,0.3802,5.6777,3.6701,0.3859,8.1598,4.0000,3.0000
80.4496,1609,7.5198,4.0772,3.0024,4.5969,4.0521,0.3791,5.7085,3.6731,0.3850,8.1798,4.0000,3.0000
80.4995,1610,7.5543,4.0771,3.0024,4.6258,4.0530,0.3783,5.7387,3.6761,0.3843,8.1998,4.0000,3.0000
80.5496,1611,7.5543,4.0771,3.0024,4.6258,4.0530,0.3783,5.7387,3.6761,0.3843,8.2198,4.0000,3.0000
80.5995,1612,7.5888,4.0770,3.0024,4.6549,4.0539,0.3777,5.7683,3.6788,0.3842,8.2398,4.0000,3.0000
80.6495,1613,7.5888,4.0770,3.0024,4.6549,4.0539,0.3777,5.7683,3.6788,0.3842,8.2598,4.0000,3.0000
80.6995,1614,7.6231,4.0768,3.0024,4.6847,4.0549,0.3772,5.7977,3.6815,0.3843,8.2798,4.0000,3.0000
80.7495,1615,7.6575,4.0767,3.0024,4.7152,4.0560,0.3768,5.8270,3.6839,0.3847,8.2998,4.0000,3.0000
80.7995,1616,7.6575,4.0767,3.0024,4.7152,4.0560,0.3768,5.8270,3.6839,0.3847,8.3198,4.0000,3.0000
80.8496,1617,7.6917,4.0766,3.0024,4.7457,4.0570,0.3765,5.8564,3.6861,0.3853,8.3398,4.0000,3.0000
80.8994,1618,7.7259,4.0765,3.0024,4.7747,4.0578,0.3772,5.8864,3.6880,0.3861,8.3598,4.0000,3.0000
80.9496,1619,7.7259,4.0765,3.0024,4.7747,4.0578,0.3772,5.8864,3.6880,0.3861,8.3798,4.0000,3.0000
80.9996,1620,7.7600,4.0764,3.0024,4.8028,4.0587,0.3783,5.9168,3.6895,0.3866,8.3998,4.0000,3.0000
81.0496,1621,7.7600,4.0764,3.0024,4.8028,4.0587,0.3783,5.9168,3.6895,0.3866,8.4198,4.0000,3.0000
81.0995,1622,7.7941,4.0762,3.0024,4.8304,4.0596,0.3797,5.9475,3.6909,0.3858,8.4398,4.0000,3.0000
81.1495,1623,7.8283,4.0761,3.0024,4.8579,4.0604,0.3812,5.9777,3.6919,0.3853,8.4598,4.0000,3.0000
81.1996,1624,7.8283,4.0761,3.0024,4.8579,4.0604,0.3812,5.9777,3.6919,0.3853,8.4798,4.0000,3.0000
81.2495,1625,7.8624,4.0760,3.0024,4.8858,4.0611,0.3825,6.0070,3.6927,0.3853,8.4998,4.0000,3.0000
81.2996,1626,7.8624,4.0760,3.0024,4.8858,4.0611,0.3825,6.0070,3.6927,0.3853,8.5199,4.0000,3.0000
81.3496,1627,7.8965,4.0759,3.0024,4.9141,4.0618,0.3835,6.0356,3.6937,0.3853,8.5398,4.0000,3.0000
81.3994,1628,7.9306,4.0758,3.0024,4.9432,4.0624,0.3844,6.0640,3.6951,0.3856,8.5598,4.0000,3.0000
81.4495,1629,7.9306,4.0758,3.0024,4.9432,4.0624,0.3844,6.0640,3.6951,0.3856,8.5798,4.0000,3.0000
81.4995,1630,7.9647,4.0756,3.0024,4.9728,4.0632,0.3855,6.0924,3.6965,0.3860,8.5998,4.0000,3.0000
81.5495,1631,7.9647,4.0756,3.0024,4.9728,4.0632,0.3855,6.0924,3.6965,0.3860,8.6198,4.0000,3.0000
81.5995,1632,7.9987,4.0755,3.0024,5.0032,4.0640,0.3855,6.1215,3.6980,0.3862,8.6398,4.0000,3.0000
81.6495,1633,8.0328,4.0754,3.0024,5.0334,4.0647,0.3836,6.1512,3.6994,0.3866,8.6598,4.0000,3.0000
81.6995,1634,8.0328,4.0754,3.0024,5.0334,4.0647,0.3836,6.1512,3.6994,0.3866,8.6798,4.0000,3.0000
81.7495,1635,8.0670,4.0753,3.0024,5.0634,4.0652,0.3806,6.1817,3.7009,0.3870,8.6998,4.0000,3.0000
81.7995,1636,8.0670,4.0753,3.0024,5.0634,4.0652,0.3806,6.1817,3.7009,0.3870,8.7198,4.0000,3.0000
81.8495,1637,8.1010,4.0752,3.0024,5.0927,4.0657,0.3782,6.2125,3.7024,0.3869,8.7398,4.0000,3.0000
81.8995,1638,8.1351,4.0751,3.0024,5.1214,4.0659,0.3764,6.2432,3.7040,0.3863,8.7598,4.0000,3.0000
81.9495,1639,8.1351,4.0751,3.0024,5.1214,4.0659,0.3764,6.2432,3.7040,0.3863,8.7798,4.0000,3.0000
81.9995,1640,8.1690,4.0750,3.0024,5.1500,4.0659,0.3749,6.2737,3.7057,0.3847,8.7998,4.0000,3.0000
82.0496,1641,8.1690,4.0750,3.0024,5.1500,4.0659,0.3749,6.2737,3.7057,0.3847,8.8198,4.0000,3.0000
82.0996,1642,8.2030,4.0748,3.0024,5.1788,4.0659,0.3738,6.3035,3.7074,0.3840,8.8398,4.0000,3.0000
82.1495,1643,8.2030,4.0748,3.0024,5.1788,4.0659,0.3738,6.3035,3.7074,0.3840,8.8598,4.0000,3.0000
82.1995,1644,8.2370,4.0747,3.0023,5.2082,4.0658,0.3728,6.3327,3.7090,0.3839,8.8798,4.0000,3.0000
82.2495,1645,8.2712,4.0746,3.0023,5.2381,4.0654,0.3721,6.3617,3.7105,0.3838,8.8998,4.0000,3.0000
82.2996,1646,8.2712,4.0746,3.0023,5.2381,4.0654,0.3721,6.3617,3.7105,0.3838,8.9198,4.0000,3.0000
82.3496,1647,8.3054,4.0745,3.0023,5.2684,4.0647,0.3716,6.3909,3.7121,0.3840,8.9398,4.0000,3.0000
82.3995,1648,8.3054,4.0745,3.0023,5.2684,4.0647,0.3716,6.3909,3.7121,0.3840,8.9598,4.0000,3.0000
82.4495,1649,8.3397,4.0744,3.0023,5.2978,4.0640,0.3728,6.4204,3.7134,0.3843,8.9798,4.0000,3.0000
82.4996,1650,8.3741,4.0743,3.0023,5.3254,4.0634,0.3744,6.4504,3.7145,0.3841,8.9998,4.0000,3.0000
82.5496,1651,8.3741,4.0743,3.0023,5.3254,4.0634,0.3744,6.4504,3.7145,0.3841,9.0198,4.0000,3.0000
82.5996,1652,8.4084,4.0741,3.0023,5.3523,4.0628,0.3758,6.4806,3.7155,0.3829,9.0398,4.0000,3.0000
82.6495,1653,8.4084,4.0741,3.0023,5.3792,4.0626,0.3772,6.4806,3.7155,0.3829,9.0598,4.0000,3.0000
82.6996,1654,8.4428,4.0740,3.0023,5.3792,4.0626,0.3772,6.5105,3.7162,0.3819,9.0798,4.0000,3.0000
82.7495,1655,8.4771,4.0739,3.0023,5.4066,4.0625,0.3784,6.5396,3.7167,0.3820,9.0998,4.0000,3.0000
82.7995,1656,8.4771,4.0739,3.0023,5.4066,4.0625,0.3784,6.5396,3.7167,0.3820,9.1198,4.0000,3.0000
82.8495,1657,8.5114,4.0738,3.0023,5.4346,4.0626,0.3794,6.5679,3.7175,0.3825,9.1398,4.0000,3.0000
82.8995,1658,8.5456,4.0737,3.0023,5.4630,4.0628,0.3802,6.5959,3.7187,0.3832,9.1598,4.0000,3.0000
82.9496,1659,8.5456,4.0737,3.0023,5.4630,4.0628,0.3802,6.5959,3.7187,0.3832,9.1798,4.0000,3.0000
82.9996,1660,8.5799,4.0736,3.0023,5.4922,4.0632,0.3809,6.6239,3.7202,0.3839,9.1998,4.0000,3.0000
83.0496,1661,8.5799,4.0736,3.0023,5.4922,4.0632,0.3809,6.6239,3.7202,0.3839,9.2198,4.0000,3.0000
83.0995,1662,8.6140,4.0735,3.0023,5.5224,4.0637,0.3814,6.6523,3.7221,0.3846,9.2398,4.0000,3.0000
83.1495,1663,8.6482,4.0733,3.0023,5.5529,4.0643,0.3816,6.6814,3.7242,0.3850,9.2598,4.0000,3.0000
83.1995,1664,8.6482,4.0733,3.0023,5.5529,4.0643,0.3816,6.6814,3.7242,0.3850,9.2798,4.0000,3.0000
83.2496,1665,8.6824,4.0732,3.0023,5.5834,4.0650,0.3808,6.7114,3.7266,0.3854,9.2998,4.0000,3.0000
83.2995,1666,8.6824,4.0732,3.0023,5.5834,4.0650,0.3808,6.7114,3.7266,0.3854,9.3198,4.0000,3.0000
83.3496,1667,8.7166,4.0731,3.0023,5.6134,4.0657,0.3799,6.7421,3.7292,0.3853,9.3398,4.0000,3.0000
83.3995,1668,8.7507,4.0730,3.0023,5.6428,4.0664,0.3795,6.7727,3.7320,0.3848,9.3598,4.0000,3.0000
83.4496,1669,8.7507,4.0730,3.0023,5.6428,4.0664,0.3795,6.7727,3.7320,0.3848,9.3798,4.0000,3.0000
83.4996,1670,8.7847,4.0729,3.0023,5.6719,4.0670,0.3794,6.8029,3.7348,0.3836,9.3998,4.0000,3.0000
83.5495,1671,8.8187,4.0728,3.0023,5.7012,4.0677,0.3795,6.8324,3.7376,0.3831,9.4198,4.0000,3.0000
83.5995,1672,8.8187,4.0728,3.0023,5.7012,4.0677,0.3795,6.8324,3.7376,0.3831,9.4398,4.0000,3.0000
83.6495,1673,8.8526,4.0727,3.0023,5.7309,4.0684,0.3796,6.8613,3.7402,0.3830,9.4598,4.0000,3.0000
83.6996,1674,8.8526,4.0727,3.0023,5.7309,4.0684,0.3796,6.8613,3.7402,0.3830,9.4798,4.0000,3.0000
83.7495,1675,8.8866,4.0726,3.0023,5.7611,4.0692,0.3800,6.8899,3.7427,0.3832,9.4998,4.0000,3.0000
83.7995,1676,8.9205,4.0724,3.0023,5.7916,4.0700,0.3801,6.9185,3.7452,0.3837,9.5198,4.0000,3.0000
83.8496,1677,8.9205,4.0724,3.0023,5.7916,4.0700,0.3801,6.9185,3.7452,0.3837,9.5398,4.0000,3.0000
83.8996,1678,8.9545,4.0723,3.0023,5.8215,4.0707,0.3805,6.9474,3.7478,0.3842,9.5598,4.0000,3.0000
83.9496,1679,8.9545,4.0723,3.0023,5.8215,4.0707,0.3805,6.9474,3.7478,0.3842,9.5798,4.0000,3.0000
83.9995,1680,8.9884,4.0722,3.0023,5.8499,4.0714,0.3821,6.9770,3.7503,0.3848,9.5998,4.0000,3.0000
84.0495,1681,9.0222,4.0721,3.0023,5.8776,4.0723,0.3836,7.0071,3.7527,0.3852,9.6198,4.0000,3.0000
84.0995,1682,9.0222,4.0721,3.0023,5.8776,4.0723,0.3836,7.0071,3.7527,0.3852,9.6398,4.0000,3.0000
84.1495,1683,9.0222,4.0721,3.0023,5.8776,4.0723,0.3836,7.0071,3.7527,0.3852,9.6598,4.0000,3.0000
84.1997,1684,9.0561,4.0720,3.0023,5.9052,4.0732,0.3848,7.0372,3.7549,0.3845,9.6799,4.0000,3.0000
84.2495,1685,9.0902,4.0719,3.0023,5.9330,4.0742,0.3858,7.0667,3.7568,0.3848,9.6998,4.0000,3.0000
84.2996,1686,9.0902,4.0719,3.0023,5.9330,4.0742,0.3858,7.0667,3.7568,0.3848,9.7198,4.0000,3.0000
84.3495,1687,9.1244,4.0718,3.0023,5.9611,4.0753,0.3866,7.0953,3.7586,0.3858,9.7398,4.0000,3.0000
84.3995,1688,9.1587,4.0717,3.0023,5.9897,4.0767,0.3873,7.1234,3.7605,0.3867,9.7598,4.0000,3.0000
84.4496,1689,9.1587,4.0717,3.0023,5.9897,4.0767,0.3873,7.1234,3.7605,0.3867,9.7798,4.0000,3.0000
84.4995,1690,9.1930,4.0715,3.0023,6.0189,4.0782,0.3881,7.1516,3.7627,0.3872,9.7998,4.0000,3.0000
84.5495,1691,9.1930,4.0715,3.0023,6.0189,4.0782,0.3881,7.1516,3.7627,0.3872,9.8198,4.0000,3.0000
84.5996,1692,9.2272,4.0714,3.0023,6.0491,4.0798,0.3886,7.1799,3.7650,0.3876,9.8398,4.0000,3.0000
84.6494,1693,9.2272,4.0714,3.0023,6.0794,4.0813,0.3877,7.1799,3.7650,0.3876,9.8598,4.0000,3.0000
84.6995,1694,9.2615,4.0713,3.0023,6.0794,4.0813,0.3877,7.2088,3.7673,0.3877,9.8798,4.0000,3.0000
84.7495,1695,9.2958,4.0712,3.0023,6.1097,4.0829,0.3852,7.2383,3.7697,0.3879,9.8998,4.0000,3.0000
84.7995,1696,9.2958,4.0712,3.0023,6.1097,4.0829,0.3852,7.2383,3.7697,0.3879,9.9198,4.0000,3.0000
84.8495,1697,9.3300,4.0711,3.0022,6.1395,4.0846,0.3828,7.2686,3.7722,0.3881,9.9398,4.0000,3.0000
84.8994,1698,9.3643,4.0710,3.0022,6.1686,4.0862,0.3811,7.2998,3.7748,0.3876,9.9598,4.0000,3.0000
84.9495,1699,9.3643,4.0710,3.0022,6.1686,4.0862,0.3811,7.2998,3.7748,0.3876,9.9798,4.0000,3.0000
84.9996,1700,9.3986,4.0709,3.0022,6.1974,4.0877,0.3798,7.3309,3.7774,0.3863,9.9998,4.0000,3.0000
85.0496,1701,9.3986,4.0709,3.0022,6.1974,4.0877,0.3798,7.3309,3.7774,0.3863,10.0000,4.0198,3.0000
85.0995,1702,9.4328,4.0708,3.0022,6.2262,4.0893,0.3788,7.3614,3.7798,0.3847,10.0000,4.0398,3.0000
85.1495,1703,9.4669,4.0709,3.0022,6.2551,4.0910,0.3781,7.3911,3.7820,0.3838,10.0000,4.0598,3.0000
85.1995,1704,9.4669,4.0709,3.0022,6.2551,4.0910,0.3781,7.3911,3.7820,0.3838,10.0000,4.0798,3.0000
85.2496,1705,9.5005,4.0714,3.0022,6.2845,4.0929,0.3777,7.4204,3.7839,0.3834,10.0000,4.0998,3.0000
85.2996,1706,9.5005,4.0714,3.0022,6.2845,4.0929,0.3777,7.4204,3.7839,0.3834,10.0000,4.1198,3.0000
85.3496,1707,9.5334,4.0727,3.0022,6.3145,4.0950,0.3776,7.4495,3.7856,0.3831,10.0000,4.1398,3.0000
85.3995,1708,9.5654,4.0749,3.0022,6.3446,4.0972,0.3773,7.4786,3.7870,0.3831,10.0000,4.1598,3.0000
85.4496,1709,9.5654,4.0749,3.0022,6.3446,4.0972,0.3773,7.4786,3.7870,0.3831,10.0000,4.1798,3.0000
85.4996,1710,9.5963,4.0781,3.0022,6.3734,4.0992,0.3786,7.5080,3.7882,0.3833,10.0000,4.1998,3.0000
85.5495,1711,9.5963,4.0781,3.0022,6.3734,4.0992,0.3786,7.5080,3.7882,0.3833,10.0000,4.2198,3.0000
85.5995,1712,9.6262,4.0824,3.0022,6.4011,4.1012,0.3804,7.5379,3.7890,0.3837,10.0000,4.2398,3.0000
85.6495,1713,9.6262,4.0824,3.0022,6.4285,4.1032,0.3821,7.5379,3.7890,0.3837,10.0000,4.2598,3.0000
85.6995,1714,9.6549,4.0878,3.0022,6.4285,4.1032,0.3821,7.5684,3.7896,0.3834,10.0000,4.2798,3.0000
85.7495,1715,9.6824,4.0944,3.0022,6.4560,4.1051,0.3833,7.5987,3.7899,0.3822,10.0000,4.2998,3.0000
85.7995,1716,9.6824,4.0944,3.0022,6.4560,4.1051,0.3833,7.5987,3.7899,0.3822,10.0000,4.3198,3.0000
85.8495,1717,9.7088,4.1022,3.0022,6.4839,4.1068,0.3840,7.6279,3.7898,0.3818,10.0000,4.3398,3.0000
85.8995,1718,9.7088,4.1022,3.0022,6.4839,4.1068,0.3840,7.6279,3.7898,0.3818,10.0000,4.3598,3.0000
85.9496,1719,9.7340,4.1111,3.0022,6.5122,4.1086,0.3845,7.6561,3.7899,0.3819,10.0000,4.3798,3.0000
85.9995,1720,9.7581,4.1212,3.0022,6.5410,4.1106,0.3851,7.6839,3.7902,0.3823,10.0000,4.3998,3.0000
86.0496,1721,9.7581,4.1212,3.0022,6.5410,4.1106,0.3851,7.6839,3.7902,0.3823,10.0000,4.4198,3.0000
86.0995,1722,9.7810,4.1324,3.0022,6.5707,4.1126,0.3856,7.7118,3.7907,0.3826,10.0000,4.4398,3.0000
86.1495,1723,9.7810,4.1324,3.0022,6.5707,4.1126,0.3856,7.7118,3.7907,0.3826,10.0000,4.4598,3.0000
86.1996,1724,9.8028,4.1447,3.0022,6.6012,4.1147,0.3850,7.7400,3.7912,0.3829,10.0000,4.4798,3.0000
86.2496,1725,9.8236,4.1580,3.0022,6.6314,4.1166,0.3824,7.7690,3.7915,0.3831,10.0000,4.4998,3.0000
86.2995,1726,9.8236,4.1580,3.0022,6.6314,4.1166,0.3824,7.7690,3.7915,0.3831,10.0000,4.5198,3.0000
86.3495,1727,9.8434,4.1724,3.0022,6.6613,4.1186,0.3790,7.7987,3.7917,0.3834,10.0000,4.5398,3.0000
86.4015,1728,9.8622,4.1877,3.0022,6.6905,4.1203,0.3766,7.8291,3.7919,0.3838,10.0000,4.5606,3.0000
86.4496,1729,9.8622,4.1877,3.0022,6.6905,4.1203,0.3766,7.8291,3.7919,0.3838,10.0000,4.5798,3.0000
86.4996,1730,9.8801,4.2040,3.0022,6.7191,4.1218,0.3749,7.8595,3.7920,0.3843,10.0000,4.5999,3.0000
86.5495,1731,9.8801,4.2040,3.0022,6.7191,4.1218,0.3749,7.8595,3.7920,0.3843,10.0000,4.6198,3.0000
86.5996,1732,9.8970,4.2211,3.0022,6.7474,4.1232,0.3736,7.8898,3.7924,0.3839,10.0000,4.6398,3.0000
86.6495,1733,9.9131,4.2392,3.0022,6.7758,4.1245,0.3726,7.9199,3.7929,0.3830,10.0000,4.6598,3.0000
86.6995,1734,9.9131,4.2392,3.0022,6.7758,4.1245,0.3726,7.9199,3.7929,0.3830,10.0000,4.6798,3.0000
86.7495,1735,9.9284,4.2580,3.0022,6.8047,4.1258,0.3717,7.9491,3.7933,0.3829,10.0000,4.6998,3.0000
86.7996,1736,9.9284,4.2580,3.0022,6.8047,4.1258,0.3717,7.9491,3.7933,0.3829,10.0000,4.7198,3.0000
86.8495,1737,9.9429,4.2776,3.0022,6.8342,4.1270,0.3712,7.9781,3.7938,0.3831,10.0000,4.7398,3.0000
86.8995,1738,9.9567,4.2980,3.0022,6.8645,4.1280,0.3709,8.0072,3.7944,0.3830,10.0000,4.7598,3.0000
86.9496,1739,9.9567,4.2980,3.0022,6.8645,4.1280,0.3709,8.0072,3.7944,0.3830,10.0000,4.7798,3.0000
86.9996,1740,9.9697,4.3191,3.0022,6.8943,4.1290,0.3721,8.0366,3.7948,0.3828,10.0000,4.7998,3.0000
87.0494,1741,9.9821,4.3408,3.0022,6.9226,4.1301,0.3746,8.0665,3.7953,0.3830,10.0000,4.8198,3.0000
87.0995,1742,9.9821,4.3408,3.0022,6.9226,4.1301,0.3746,8.0665,3.7953,0.3830,10.0000,4.8398,3.0000
87.1495,1743,9.9821,4.3408,3.0022,6.9226,4.1301,0.3746,8.0665,3.7953,0.3830,10.0000,4.8598,3.0000
87.1995,1744,9.9938,4.3630,3.0022,6.9500,4.1312,0.3771,8.0972,3.7956,0.3830,10.0000,4.8798,3.0000
87.2495,1745,10.0050,4.3860,3.0022,6.9772,4.1325,0.3796,8.1281,3.7958,0.3826,10.0000,4.8998,3.0000
87.2996,1746,10.0050,4.3860,3.0022,6.9772,4.1325,0.3796,8.1281,3.7958,0.3826,10.0000,4.9198,3.0000
87.3495,1747,10.0155,4.4095,3.0022,7.0043,4.1339,0.3820,8.1574,3.7962,0.3831,10.0000,4.9398,3.0000
87.3996,1748,10.0155,4.4095,3.0022,7.0043,4.1339,0.3820,8.1574,3.7962,0.3831,10.0000,4.9598,3.0000
87.4496,1749,10.0255,4.4337,3.0022,7.0317,4.1355,0.3843,8.1857,3.7968,0.3839,10.0000,4.9798,3.0000
87.4995,1750,10.0255,4.4337,3.0022,7.0317,4.1355,0.3843,8.1857,3.7968,0.3839,10.0000,4.9998,3.0000
87.5496,1751,10.0350,4.4585,3.0021,7.0597,4.1371,0.3862,8.2136,3.7980,0.3848,10.0000,5.0198,3.0000
87.5995,1752,10.0439,4.4839,3.0021,7.0882,4.1389,0.3880,8.2417,3.7996,0.3858,10.0000,5.0398,3.0000
87.6495,1753,10.0439,4.4839,3.0021,7.0882,4.1389,0.3880,8.2417,3.7996,0.3858,10.0000,5.0598,3.0000
87.6995,1754,10.0524,4.5099,3.0021,7.1174,4.1410,0.3896,8.2700,3.8015,0.3867,10.0000,5.0798,3.0000
87.7496,1755,10.0524,4.5099,3.0021,7.1174,4.1410,0.3896,8.2700,3.8015,0.3867,10.0000,5.0998,3.0000
87.7995,1756,10.0605,4.5363,3.0021,7.1466,4.1429,0.3893,8.2987,3.8038,0.3877,10.0000,5.1198,3.0000
87.8495,1757,10.0681,4.5631,3.0021,7.1760,4.1450,0.3873,8.3282,3.8064,0.3886,10.0000,5.1398,3.0000
87.8995,1758,10.0681,4.5631,3.0021,7.1760,4.1450,0.3873,8.3282,3.8064,0.3886,10.0000,5.1598,3.0000
87.9495,1759,10.0753,4.5903,3.0021,7.2054,4.1473,0.3841,8.3579,3.8092,0.3896,10.0000,5.1798,3.0000
87.9995,1760,10.0821,4.6178,3.0021,7.2339,4.1495,0.3819,8.3873,3.8126,0.3895,10.0000,5.1998,3.0000
88.0495,1761,10.0821,4.6178,3.0021,7.2339,4.1495,0.3819,8.3873,3.8126,0.3895,10.0000,5.2198,3.0000
88.0995,1762,10.0886,4.6457,3.0021,7.2619,4.1519,0.3803,8.4170,3.8161,0.3879,10.0000,5.2398,3.0000
88.1495,1763,10.0886,4.6457,3.0021,7.2619,4.1519,0.3803,8.4170,3.8161,0.3879,10.0000,5.2598,3.0000
88.1996,1764,10.0947,4.6739,3.0021,7.2899,4.1546,0.3790,8.4462,3.8198,0.3860,10.0000,5.2798,3.0000
88.2496,1765,10.0947,4.6739,3.0021,7.2899,4.1546,0.3790,8.4462,3.8198,0.3860,10.0000,5.2998,3.0000
88.2996,1766,10.1005,4.7025,3.0021,7.3184,4.1576,0.3777,8.4748,3.8238,0.3848,10.0000,5.3198,3.0000
88.3495,1767,10.1060,4.7314,3.0021,7.3475,4.1608,0.3766,8.5035,3.8280,0.3838,10.0000,5.3398,3.0000
88.3996,1768,10.1060,4.7314,3.0021,7.3475,4.1608,0.3766,8.5035,3.8280,0.3838,10.0000,5.3598,3.0000
88.4496,1769,10.1112,4.7607,3.0021,7.3771,4.1645,0.3757,8.5326,3.8327,0.3827,10.0000,5.3798,3.0000
88.4996,1770,10.1112,4.7607,3.0021,7.3771,4.1645,0.3757,8.5326,3.8327,0.3827,10.0000,5.3998,3.0000
88.5496,1771,10.1161,4.7902,3.0021,7.4070,4.1683,0.3761,8.5623,3.8377,0.3816,10.0000,5.4198,3.0000
88.5995,1772,10.1207,4.8201,3.0021,7.4354,4.1724,0.3777,8.5925,3.8431,0.3808,10.0000,5.4398,3.0000
88.6495,1773,10.1207,4.8201,3.0021,7.4354,4.1724,0.3777,8.5925,3.8431,0.3808,10.0000,5.4598,3.0000
88.6996,1774,10.1251,4.8502,3.0021,7.4625,4.1765,0.3794,8.6221,3.8486,0.3810,10.0000,5.4798,3.0000
88.7495,1775,10.1251,4.8502,3.0021,7.4625,4.1765,0.3794,8.6221,3.8486,0.3810,10.0000,5.4998,3.0000
88.7995,1776,10.1293,4.8805,3.0021,7.4891,4.1807,0.3817,8.6502,3.8542,0.3817,10.0000,5.5198,3.0000
88.8496,1777,10.1332,4.9109,3.0021,7.5156,4.1851,0.3839,8.6772,3.8599,0.3828,10.0000,5.5398,3.0000
88.8997,1778,10.1332,4.9109,3.0021,7.5156,4.1851,0.3839,8.6772,3.8599,0.3828,10.0000,5.5599,3.0000
88.9496,1779,10.1369,4.9415,3.0021,7.5422,4.1896,0.3861,8.7037,3.8660,0.3841,10.0000,5.5798,3.0000
88.9995,1780,10.1404,4.9723,3.0021,7.5691,4.1943,0.3883,8.7302,3.8725,0.3854,10.0000,5.5998,3.0000
89.0495,1781,10.1404,4.9723,3.0021,7.5691,4.1943,0.3883,8.7302,3.8725,0.3854,10.0000,5.6198,3.0000
89.0995,1782,10.1437,5.0032,3.0021,7.5968,4.1993,0.3904,8.7570,3.8794,0.3867,10.0000,5.6398,3.0000
89.1495,1783,10.1437,5.0032,3.0021,7.5968,4.1993,0.3904,8.7570,3.8794,0.3867,10.0000,5.6598,3.0000
89.1995,1784,10.1468,5.0343,3.0021,7.6248,4.2045,0.3915,8.7844,3.8868,0.3880,10.0000,5.6798,3.0000
89.2496,1785,10.1468,5.0343,3.0021,7.6248,4.2045,0.3915,8.7844,3.8868,0.3880,10.0000,5.6998,3.0000
89.2996,1786,10.1498,5.0655,3.0021,7.6526,4.2101,0.3913,8.8121,3.8945,0.3888,10.0000,5.7198,3.0000
89.3495,1787,10.1498,5.0655,3.0021,7.6526,4.2101,0.3913,8.8121,3.8945,0.3888,10.0000,5.7398,3.0000
89.3996,1788,10.1525,5.0970,3.0021,7.6808,4.2160,0.3897,8.8397,3.9027,0.3893,10.0000,5.7598,3.0000
89.4497,1789,10.1552,5.1287,3.0021,7.7091,4.2222,0.3869,8.8673,3.9114,0.3881,10.0000,5.7799,3.0000
89.4996,1790,10.1552,5.1287,3.0021,7.7091,4.2222,0.3869,8.8673,3.9114,0.3881,10.0000,5.7999,3.0000
89.5496,1791,10.1576,5.1605,3.0021,7.7366,4.2286,0.3846,8.8951,3.9205,0.3854,10.0000,5.8198,3.0000
89.5996,1792,10.1576,5.1605,3.0021,7.7366,4.2286,0.3846,8.8951,3.9205,0.3854,10.0000,5.8398,3.0000
89.6518,1793,10.1600,5.1925,3.0021,7.7636,4.2352,0.3830,8.9223,3.9297,0.3829,10.0000,5.8607,3.0000
89.6995,1794,10.1622,5.2247,3.0021,7.7907,4.2422,0.3815,8.9489,3.9393,0.3812,10.0000,5.8798,3.0000
89.7496,1795,10.1622,5.2247,3.0021,7.7907,4.2422,0.3815,8.9489,3.9393,0.3812,10.0000,5.8998,3.0000
89.7996,1796,10.1642,5.2569,3.0021,7.8181,4.2499,0.3802,8.9754,3.9493,0.3798,10.0000,5.9198,3.0000
89.8496,1797,10.1642,5.2569,3.0021,7.8181,4.2499,0.3802,8.9754,3.9493,0.3798,10.0000,5.9398,3.0000
89.8995,1798,10.1662,5.2893,3.0021,7.8462,4.2582,0.3789,9.0022,3.9601,0.3783,10.0000,5.9598,3.0000
89.9495,1799,10.1680,5.3218,3.0021,7.8749,4.2671,0.3780,9.0296,3.9718,0.3769,10.0000,5.9798,3.0000
89.9997,1800,10.1680,5.3218,3.0021,7.8749,4.2671,0.3780,9.0296,3.9718,0.3769,10.0000,5.9999,3.0000
90.0496,1801,10.1697,5.3544,3.0021,7.9029,4.2764,0.3780,9.0574,3.9841,0.3758,9.9802,6.0000,3.0000
90.0994,1802,10.1712,5.3870,3.0021,7.9295,4.2857,0.3778,9.0850,3.9968,0.3760,9.9602,6.0000,3.0000
90.1496,1803,10.1712,5.3870,3.0021,7.9295,4.2857,0.3778,9.0850,3.9968,0.3760,9.9402,6.0000,3.0000
90.1995,1804,10.1723,5.4194,3.0021,7.9551,4.2953,0.3781,9.1112,4.0094,0.3761,9.9202,6.0000,3.0000
90.2495,1805,10.1723,5.4194,3.0021,7.9551,4.2953,0.3781,9.1112,4.0094,0.3761,9.9002,6.0000,3.0000
90.2995,1806,10.1728,5.4513,3.0021,7.9801,4.3050,0.3788,9.1361,4.0219,0.3765,9.8802,6.0000,3.0000
90.3495,1807,10.1728,5.4513,3.0021,7.9801,4.3050,0.3788,9.1361,4.0219,0.3765,9.8602,6.0000,3.0000
90.3996,1808,10.1724,5.4825,3.0021,8.0048,4.3150,0.3795,9.1605,4.0347,0.3772,9.8402,6.0000,3.0000
90.4504,1809,10.1709,5.5128,3.0021,8.0294,4.3253,0.3801,9.1848,4.0480,0.3780,9.8199,6.0000,3.0000
90.4995,1810,10.1709,5.5128,3.0021,8.0294,4.3253,0.3801,9.1848,4.0480,0.3780,9.8002,6.0000,3.0000
90.5495,1811,10.1681,5.5422,3.0021,8.0539,4.3361,0.3806,9.2089,4.0618,0.3788,9.7802,6.0000,3.0000
90.5995,1812,10.1681,5.5422,3.0021,8.0539,4.3361,0.3806,9.2089,4.0618,0.3788,9.7602,6.0000,3.0000
90.6495,1813,10.1642,5.5705,3.0020,8.0787,4.3475,0.3809,9.2331,4.0762,0.3797,9.7402,6.0000,3.0000
90.6994,1814,10.1642,5.5705,3.0020,8.1035,4.3596,0.3806,9.2331,4.0762,0.3797,9.7202,6.0000,3.0000
90.7496,1815,10.1590,5.5977,3.0020,8.1035,4.3596,0.3806,9.2576,4.0911,0.3798,9.7002,6.0000,3.0000
90.7996,1816,10.1525,5.6238,3.0020,8.1282,4.3725,0.3805,9.2820,4.1065,0.3794,9.6802,6.0000,3.0000
90.8495,1817,10.1525,5.6238,3.0020,8.1282,4.3725,0.3805,9.2820,4.1065,0.3794,9.6602,6.0000,3.0000
90.8996,1818,10.1449,5.6488,3.0020,8.1527,4.3860,0.3797,9.3059,4.1227,0.3789,9.6402,6.0000,3.0000
90.9504,1819,10.1360,5.6727,3.0020,8.1774,4.4000,0.3774,9.3297,4.1394,0.3771,9.6198,6.0000,3.0000
90.9996,1820,10.1360,5.6727,3.0020,8.1774,4.4000,0.3774,9.3297,4.1394,0.3771,9.6002,6.0000,3.0000
91.0496,1821,10.1258,5.6955,3.0020,8.2016,4.4141,0.3750,9.3527,4.1561,0.3758,9.5802,6.0000,3.0000
91.0997,1822,10.1258,5.6955,3.0020,8.2016,4.4141,0.3750,9.3527,4.1561,0.3758,9.5601,6.0000,3.0000
91.1496,1823,10.1146,5.7172,3.0020,8.2252,4.4283,0.3733,9.3751,4.1730,0.3749,9.5402,6.0000,3.0000
91.1998,1824,10.1146,5.7172,3.0020,8.2483,4.4429,0.3722,9.3751,4.1730,0.3749,9.5201,6.0000,3.0000
91.2496,1825,10.1022,5.7379,3.0020,8.2483,4.4429,0.3722,9.3971,4.1904,0.3740,9.5002,6.0000,3.0000
91.2995,1826,10.0886,5.7576,3.0020,8.2710,4.4580,0.3711,9.4191,4.2085,0.3728,9.4802,6.0000,3.0000
91.3496,1827,10.0886,5.7576,3.0020,8.2710,4.4580,0.3711,9.4191,4.2085,0.3728,9.4602,6.0000,3.0000
91.3995,1828,10.0740,5.7764,3.0020,8.2937,4.4740,0.3699,9.4414,4.2277,0.3716,9.4402,6.0000,3.0000
91.4496,1829,10.0740,5.7764,3.0020,8.2937,4.4740,0.3699,9.4414,4.2277,0.3716,9.4202,6.0000,3.0000
91.4997,1830,10.0583,5.7942,3.0020,8.3165,4.4912,0.3687,9.4637,4.2477,0.3709,9.4001,6.0000,3.0000
91.5495,1831,10.0416,5.8111,3.0020,8.3399,4.5097,0.3680,9.4855,4.2682,0.3719,9.3802,6.0000,3.0000
91.5995,1832,10.0416,5.8111,3.0020,8.3399,4.5097,0.3680,9.4855,4.2682,0.3719,9.3602,6.0000,3.0000
91.6496,1833,10.0240,5.8272,3.0020,8.3625,4.5285,0.3681,9.5063,4.2886,0.3735,9.3402,6.0000,3.0000
91.6996,1834,10.0240,5.8272,3.0020,8.3625,4.5285,0.3681,9.5063,4.2886,0.3735,9.3202,6.0000,3.0000
91.7495,1835,10.0056,5.8425,3.0020,8.3839,4.5472,0.3679,9.5260,4.3085,0.3752,9.3002,6.0000,3.0000
91.7995,1836,9.9864,5.8570,3.0020,8.4041,4.5656,0.3676,9.5448,4.3282,0.3772,9.2802,6.0000,3.0000
91.8496,1837,9.9864,5.8570,3.0020,8.4041,4.5656,0.3676,9.5448,4.3282,0.3772,9.2602,6.0000,3.0000
91.8996,1838,9.9665,5.8708,3.0020,8.4236,4.5837,0.3675,9.5632,4.3480,0.3791,9.2402,6.0000,3.0000
91.9496,1839,9.9665,5.8708,3.0020,8.4236,4.5837,0.3675,9.5632,4.3480,0.3791,9.2202,6.0000,3.0000
92.0018,1840,9.9458,5.8839,3.0020,8.4430,4.6017,0.3674,9.5814,4.3682,0.3808,9.1993,6.0000,3.0000
92.0495,1841,9.9244,5.8963,3.0020,8.4623,4.6199,0.3676,9.5997,4.3888,0.3825,9.1802,6.0000,3.0000
92.0996,1842,9.9244,5.8963,3.0020,8.4623,4.6199,0.3676,9.5997,4.3888,0.3825,9.1602,6.0000,3.0000
92.1496,1843,9.9025,5.9080,3.0020,8.4815,4.6384,0.3680,9.6182,4.4103,0.3838,9.1402,6.0000,3.0000
92.1995,1844,9.9025,5.9080,3.0020,8.4815,4.6384,0.3680,9.6182,4.4103,0.3838,9.1202,6.0000,3.0000
92.2496,1845,9.8798,5.9192,3.0020,8.5004,4.6577,0.3684,9.6368,4.4323,0.3842,9.1002,6.0000,3.0000
92.2996,1846,9.8798,5.9192,3.0020,8.5004,4.6577,0.3684,9.6368,4.4323,0.3842,9.0802,6.0000,3.0000
92.3495,1847,9.8565,5.9298,3.0020,8.5192,4.6778,0.3684,9.6550,4.4547,0.3837,9.0602,6.0000,3.0000
92.3996,1848,9.8324,5.9398,3.0020,8.5377,4.6987,0.3678,9.6730,4.4776,0.3817,9.0402,6.0000,3.0000
92.4496,1849,9.8324,5.9398,3.0020,8.5377,4.6987,0.3678,9.6730,4.4776,0.3817,9.0201,6.0000,3.0000
92.4996,1850,9.8077,5.9494,3.0020,8.5556,4.7204,0.3677,9.6904,4.5003,0.3798,9.0002,6.0000,3.0000
92.5494,1851,9.8077,5.9494,3.0020,8.5731,4.7424,0.3675,9.6904,4.5003,0.3798,8.9802,6.0000,3.0000
92.5995,1852,9.7824,5.9584,3.0020,8.5731,4.7424,0.3675,9.7069,4.5227,0.3786,8.9602,6.0000,3.0000
92.6496,1853,9.7567,5.9670,3.0020,8.5901,4.7643,0.3668,9.7229,4.5451,0.3778,8.9402,6.0000,3.0000
92.6996,1854,9.7567,5.9670,3.0020,8.5901,4.7643,0.3668,9.7229,4.5451,0.3778,8.9202,6.0000,3.0000
92.7495,1855,9.7305,5.9751,3.0020,8.6067,4.7857,0.3667,9.7384,4.5679,0.3772,8.9002,6.0000,3.0000
92.7995,1856,9.7039,5.9828,3.0020,8.6231,4.8068,0.3666,9.7534,4.5911,0.3770,8.8802,6.0000,3.0000
92.8495,1857,9.7039,5.9828,3.0020,8.6231,4.8068,0.3666,9.7534,4.5911,0.3770,8.8602,6.0000,3.0000
92.8995,1858,9.6769,5.9901,3.0020,8.6390,4.8278,0.3667,9.7680,4.6145,0.3771,8.8402,6.0000,3.0000
92.9495,1859,9.6769,5.9901,3.0020,8.6390,4.8278,0.3667,9.7680,4.6145,0.3771,8.8202,6.0000,3.0000
92.9995,1860,9.6495,5.9970,3.0020,8.6544,4.8485,0.3666,9.7815,4.6375,0.3782,8.8002,6.0000,3.0000
93.0494,1861,9.6217,6.0035,3.0020,8.6693,4.8695,0.3662,9.7935,4.6594,0.3795,8.7802,6.0000,3.0000
93.0995,1862,9.6217,6.0035,3.0020,8.6693,4.8695,0.3662,9.7935,4.6594,0.3795,8.7602,6.0000,3.0000
93.1495,1863,9.5936,6.0097,3.0020,8.6839,4.8910,0.3660,9.8043,4.6800,0.3812,8.7402,6.0000,3.0000
93.1995,1864,9.5936,6.0097,3.0020,8.6839,4.8910,0.3660,9.8043,4.6800,0.3812,8.7202,6.0000,3.0000
93.2495,1865,9.5652,6.0156,3.0020,8.6979,4.9128,0.3666,9.8142,4.7001,0.3832,8.7002,6.0000,3.0000
93.2995,1866,9.5652,6.0156,3.0020,8.6979,4.9128,0.3666,9.8142,4.7001,0.3832,8.6802,6.0000,3.0000
93.3497,1867,9.5364,6.0212,3.0020,8.7100,4.9340,0.3680,9.8237,4.7201,0.3850,8.6601,6.0000,3.0000
93.3996,1868,9.5364,6.0212,3.0020,8.7100,4.9340,0.3680,9.8237,4.7201,0.3850,8.6402,6.0000,3.0000
93.4496,1869,9.5072,6.0265,3.0020,8.7204,4.9545,0.3692,9.8329,4.7403,0.3868,8.6202,6.0000,3.0000
93.4995,1870,9.5072,6.0265,3.0020,8.7204,4.9545,0.3692,9.8329,4.7403,0.3868,8.6002,6.0000,3.0000
93.5496,1871,9.4775,6.0315,3.0020,8.7294,4.9741,0.3702,9.8415,4.7605,0.3886,8.5802,6.0000,3.0000
93.5994,1872,9.4474,6.0362,3.0020,8.7374,4.9928,0.3716,9.8494,4.7808,0.3900,8.5602,6.0000,3.0000
93.6496,1873,9.4474,6.0362,3.0020,8.7374,4.9928,0.3716,9.8494,4.7808,0.3900,8.5401,6.0000,3.0000
93.6996,1874,9.4169,6.0407,3.0020,8.7448,5.0111,0.3731,9.8567,4.8013,0.3904,8.5202,6.0000,3.0000
93.7495,1875,9.4169,6.0407,3.0020,8.7448,5.0111,0.3731,9.8567,4.8013,0.3904,8.5002,6.0000,3.0000
93.7995,1876,9.3862,6.0449,3.0020,8.7513,5.0294,0.3746,9.8631,4.8218,0.3900,8.4802,6.0000,3.0000
93.8495,1877,9.3551,6.0490,3.0020,8.7566,5.0478,0.3759,9.8686,4.8412,0.3901,8.4602,6.0000,3.0000
93.8995,1878,9.3551,6.0490,3.0020,8.7566,5.0478,0.3759,9.8686,4.8412,0.3901,8.4402,6.0000,3.0000
93.9495,1879,9.3238,6.0528,3.0020,8.7605,5.0662,0.3769,9.8735,4.8595,0.3910,8.4202,6.0000,3.0000
93.9995,1880,9.3238,6.0528,3.0020,8.7605,5.0662,0.3769,9.8735,4.8595,0.3910,8.4002,6.0000,3.0000
94.0495,1881,9.2923,6.0564,3.0020,8.7630,5.0848,0.3773,9.8781,4.8772,0.3920,8.3802,6.0000,3.0000
94.0995,1882,9.2606,6.0598,3.0019,8.7639,5.1026,0.3780,9.8825,4.8949,0.3930,8.3602,6.0000,3.0000
94.1495,1883,9.2606,6.0598,3.0019,8.7639,5.1026,0.3780,9.8825,4.8949,0.3930,8.3402,6.0000,3.0000
94.1995,1884,9.2287,6.0630,3.0019,8.7636,5.1184,0.3795,9.8866,4.9124,0.3941,8.3202,6.0000,3.0000
94.2495,1885,9.2287,6.0630,3.0019,8.7636,5.1184,0.3795,9.8866,4.9124,0.3941,8.3002,6.0000,3.0000
94.2995,1886,9.1966,6.0660,3.0019,8.7624,5.1325,0.3818,9.8903,4.9298,0.3951,8.2802,6.0000,3.0000
94.3496,1887,9.1966,6.0660,3.0019,8.7624,5.1325,0.3818,9.8903,4.9298,0.3951,8.2602,6.0000,3.0000
94.3995,1888,9.1643,6.0689,3.0019,8.7608,5.1452,0.3842,9.8938,4.9471,0.3964,8.2402,6.0000,3.0000
94.4495,1889,9.1319,6.0716,3.0019,8.7587,5.1565,0.3863,9.8967,4.9641,0.3979,8.2202,6.0000,3.0000
94.4996,1890,9.1319,6.0716,3.0019,8.7587,5.1565,0.3863,9.8967,4.9641,0.3979,8.2002,6.0000,3.0000
94.5496,1891,9.0995,6.0742,3.0019,8.7561,5.1667,0.3880,9.8991,4.9807,0.3993,8.1802,6.0000,3.0000
94.5996,1892,9.0995,6.0742,3.0019,8.7561,5.1667,0.3880,9.8991,4.9807,0.3993,8.1602,6.0000,3.0000
94.6496,1893,9.0668,6.0767,3.0019,8.7528,5.1758,0.3889,9.9008,4.9967,0.4005,8.1402,6.0000,3.0000
94.6996,1894,9.0340,6.0790,3.0019,8.7487,5.1840,0.3890,9.9018,5.0121,0.4010,8.1201,6.0000,3.0000
94.7496,1895,9.0340,6.0790,3.0019,8.7487,5.1840,0.3890,9.9018,5.0121,0.4010,8.1002,6.0000,3.0000
94.7996,1896,9.0012,6.0811,3.0019,8.7436,5.1911,0.3883,9.9022,5.0269,0.4004,8.0802,6.0000,3.0000
94.8495,1897,9.0012,6.0811,3.0019,8.7436,5.1911,0.3883,9.9022,5.0269,0.4004,8.0602,6.0000,3.0000
94.8997,1898,8.9682,6.0832,3.0019,8.7374,5.1969,0.3875,9.9018,5.0413,0.3993,8.0401,6.0000,3.0000
94.9495,1899,8.9351,6.0851,3.0019,8.7304,5.2010,0.3875,9.9006,5.0554,0.3982,8.0202,6.0000,3.0000
94.9995,1900,8.9351,6.0851,3.0019,8.7304,5.2010,0.3875,9.9006,5.0554,0.3982,8.0002,6.0000,3.0000
95.0495,1901,8.9017,6.0870,3.0019,8.7233,5.2037,0.3881,9.8985,5.0691,0.3971,7.9802,6.0000,3.0000
95.0995,1902,8.9017,6.0870,3.0019,8.7233,5.2037,0.3881,9.8985,5.0691,0.3971,7.9602,6.0000,3.0000
95.1495,1903,8.8684,6.0887,3.0019,8.7160,5.2050,0.3893,9.8960,5.0822,0.3947,7.9402,6.0000,3.0000
95.1995,1904,8.8348,6.0903,3.0019,8.7082,5.2048,0.3909,9.8929,5.0950,0.3918,7.9202,6.0000,3.0000
95.2496,1905,8.8348,6.0903,3.0019,8.7082,5.2048,0.3909,9.8929,5.0950,0.3918,7.9002,6.0000,3.0000
95.2995,1906,8.8012,6.0919,3.0019,8.6997,5.2034,0.3922,9.8894,5.1080,0.3893,7.8802,6.0000,3.0000
95.3495,1907,8.8012,6.0919,3.0019,8.6997,5.2034,0.3922,9.8894,5.1080,0.3893,7.8602,6.0000,3.0000
95.3994,1908,8.7675,6.0933,3.0019,8.6903,5.2011,0.3924,9.8857,5.1212,0.3867,7.8402,6.0000,3.0000
95.4495,1909,8.7675,6.0933,3.0019,8.6903,5.2011,0.3924,9.8857,5.1212,0.3867,7.8202,6.0000,3.0000
95.4996,1910,8.7335,6.0947,3.0019,8.6804,5.1981,0.3907,9.8817,5.1344,0.3829,7.8002,6.0000,3.0000
95.5495,1911,8.7335,6.0947,3.0019,8.6804,5.1981,0.3907,9.8817,5.1344,0.3829,7.7802,6.0000,3.0000
95.5995,1912,8.6995,6.0960,3.0019,8.6707,5.1943,0.3883,9.8774,5.1475,0.3777,7.7602,6.0000,3.0000
95.6494,1913,8.6652,6.0972,3.0019,8.6614,5.1892,0.3864,9.8726,5.1614,0.3732,7.7402,6.0000,3.0000
95.6996,1914,8.6652,6.0972,3.0019,8.6614,5.1892,0.3864,9.8726,5.1614,0.3732,7.7202,6.0000,3.0000
95.7496,1915,8.6309,6.0983,3.0019,8.6523,5.1830,0.3860,9.8671,5.1753,0.3697,7.7002,6.0000,3.0000
95.7996,1916,8.6309,6.0983,3.0019,8.6523,5.1830,0.3860,9.8671,5.1753,0.3697,7.6802,6.0000,3.0000
95.8496,1917,8.5965,6.0994,3.0019,8.6433,5.1759,0.3866,9.8609,5.1889,0.3673,7.6602,6.0000,3.0000
95.8995,1918,8.5965,6.0994,3.0019,8.6433,5.1759,0.3866,9.8609,5.1889,0.3673,7.6402,6.0000,3.0000
95.9495,1919,8.5620,6.1004,3.0019,8.6344,5.1684,0.3874,9.8543,5.2018,0.3660,7.6202,6.0000,3.0000
95.9994,1920,8.5275,6.1014,3.0019,8.6257,5.1603,0.3883,9.8475,5.2141,0.3643,7.6002,6.0000,3.0000
96.0496,1921,8.5275,6.1014,3.0019,8.6257,5.1603,0.3883,9.8475,5.2141,0.3643,7.5802,6.0000,3.0000
96.0996,1922,8.4930,6.1022,3.0019,8.6170,5.1516,0.3893,9.8405,5.2260,0.3629,7.5602,6.0000,3.0000
96.1496,1923,8.4930,6.1022,3.0019,8.6170,5.1516,0.3893,9.8405,5.2260,0.3629,7.5402,6.0000,3.0000
96.1995,1924,8.4584,6.1031,3.0019,8.6087,5.1425,0.3909,9.8330,5.2378,0.3620,7.5202,6.0000,3.0000
96.2495,1925,8.4236,6.1039,3.0019,8.6009,5.1337,0.3924,9.8250,5.2500,0.3614,7.5002,6.0000,3.0000
96.2996,1926,8.4236,6.1039,3.0019,8.6009,5.1337,0.3924,9.8250,5.2500,0.3614,7.4802,6.0000,3.0000
96.3495,1927,8.3887,6.1046,3.0019,8.5936,5.1256,0.3939,9.8163,5.2631,0.3609,7.4602,6.0000,3.0000
96.3996,1928,8.3887,6.1046,3.0019,8.5936,5.1256,0.3939,9.8163,5.2631,0.3609,7.4402,6.0000,3.0000
96.4495,1929,8.3537,6.1053,3.0019,8.5869,5.1179,0.3957,9.8066,5.2768,0.3614,7.4202,6.0000,3.0000
96.4996,1930,8.3537,6.1053,3.0019,8.5869,5.1179,0.3957,9.8066,5.2768,0.3614,7.4002,6.0000,3.0000
96.5496,1931,8.3187,6.1059,3.0019,8.5808,5.1105,0.3973,9.7956,5.2907,0.3626,7.3802,6.0000,3.0000
96.5996,1932,8.2836,6.1065,3.0019,8.5750,5.1032,0.3986,9.7833,5.3054,0.3638,7.3602,6.0000,3.0000
96.6495,1933,8.2836,6.1065,3.0019,8.5750,5.1032,0.3986,9.7833,5.3054,0.3638,7.3402,6.0000,3.0000
96.6995,1934,8.2485,6.1071,3.0019,8.5694,5.0963,0.3997,9.7705,5.3201,0.3646,7.3202,6.0000,3.0000
96.7495,1935,8.2485,6.1071,3.0019,8.5694,5.0963,0.3997,9.7705,5.3201,0.3646,7.3002,6.0000,3.0000
96.7995,1936,8.2134,6.1076,3.0019,8.5638,5.0897,0.4002,9.7577,5.3346,0.3650,7.2802,6.0000,3.0000
96.8496,1937,8.1783,6.1081,3.0019,8.5584,5.0834,0.4002,9.7444,5.3492,0.3649,7.2602,6.0000,3.0000
96.8996,1938,8.1783,6.1081,3.0019,8.5584,5.0834,0.4002,9.7444,5.3492,0.3649,7.2402,6.0000,3.0000
96.9495,1939,8.1433,6.1086,3.0019,8.5529,5.0773,0.3998,9.7306,5.3640,0.3642,7.2202,6.0000,3.0000
96.9995,1940,8.1083,6.1090,3.0019,8.5474,5.0713,0.3996,9.7161,5.3791,0.3629,7.2002,6.0000,3.0000
97.0496,1941,8.1083,6.1090,3.0019,8.5474,5.0713,0.3996,9.7161,5.3791,0.3629,7.1802,6.0000,3.0000
97.0996,1942,8.0734,6.1094,3.0019,8.5417,5.0653,0.3995,9.7006,5.3947,0.3613,7.1602,6.0000,3.0000
97.1496,1943,8.0734,6.1094,3.0019,8.5417,5.0653,0.3995,9.7006,5.3947,0.3613,7.1402,6.0000,3.0000
97.1996,1944,8.0385,6.1097,3.0019,8.5362,5.0594,0.3989,9.6841,5.4107,0.3594,7.1202,6.0000,3.0000
97.2495,1945,8.0037,6.1101,3.0019,8.5312,5.0537,0.3977,9.6664,5.4269,0.3579,7.1002,6.0000,3.0000
97.2996,1946,8.0037,6.1101,3.0019,8.5312,5.0537,0.3977,9.6664,5.4269,0.3579,7.0802,6.0000,3.0000
97.3496,1947,7.9690,6.1104,3.0019,8.5265,5.0481,0.3960,9.6480,5.4429,0.3583,7.0602,6.0000,3.0000
97.3996,1948,7.9690,6.1104,3.0019,8.5265,5.0481,0.3960,9.6480,5.4429,0.3583,7.0402,6.0000,3.0000
97.4496,1949,7.9343,6.1107,3.0019,8.5219,5.0425,0.3938,9.6291,5.4580,0.3598,7.0202,6.0000,3.0000
97.4996,1950,7.8997,6.1109,3.0019,8.5174,5.0371,0.3912,9.6107,5.4723,0.3613,7.0002,6.0000,3.0000
97.5496,1951,7.8997,6.1109,3.0019,8.5174,5.0371,0.3912,9.6107,5.4723,0.3613,6.9802,6.0000,3.0000
97.5995,1952,7.8651,6.1112,3.0019,8.5131,5.0319,0.3885,9.5925,5.4860,0.3627,6.9602,6.0000,3.0000
97.6494,1953,7.8305,6.1114,3.0019,8.5091,5.0270,0.3858,9.5743,5.4996,0.3639,6.9402,6.0000,3.0000
97.6996,1954,7.8305,6.1114,3.0019,8.5091,5.0270,0.3858,9.5743,5.4996,0.3639,6.9202,6.0000,3.0000
97.7495,1955,7.7959,6.1116,3.0019,8.5053,5.0221,0.3831,9.5557,5.5132,0.3649,6.9002,6.0000,3.0000
97.7995,1956,7.7959,6.1116,3.0019,8.5015,5.0172,0.3803,9.5557,5.5132,0.3649,6.8802,6.0000,3.0000
97.8495,1957,7.7614,6.1117,3.0019,8.5015,5.0172,0.3803,9.5366,5.5273,0.3658,6.8602,6.0000,3.0000
97.8996,1958,7.7269,6.1119,3.0019,8.4980,5.0125,0.3773,9.5167,5.5419,0.3665,6.8402,6.0000,3.0000
97.9495,1959,7.7269,6.1119,3.0019,8.4980,5.0125,0.3773,9.5167,5.5419,0.3665,6.8202,6.0000,3.0000
97.9995,1960,7.6926,6.1120,3.0018,8.4946,5.0080,0.3740,9.4959,5.5567,0.3674,6.8002,6.0000,3.0000
98.0496,1961,7.6582,6.1122,3.0018,8.4915,5.0034,0.3707,9.4742,5.5715,0.3684,6.7802,6.0000,3.0000
98.0996,1962,7.6582,6.1122,3.0018,8.4915,5.0034,0.3707,9.4742,5.5715,0.3684,6.7602,6.0000,3.0000
98.1496,1963,7.6238,6.1123,3.0018,8.4884,4.9986,0.3675,9.4518,5.5865,0.3683,6.7402,6.0000,3.0000
98.1994,1964,7.5895,6.1124,3.0018,8.4854,4.9938,0.3643,9.4296,5.6012,0.3677,6.7202,6.0000,3.0000
98.2496,1965,7.5895,6.1124,3.0018,8.4854,4.9938,0.3643,9.4296,5.6012,0.3677,6.7002,6.0000,3.0000
98.2996,1966,7.5553,6.1125,3.0018,8.4824,4.9891,0.3610,9.4074,5.6154,0.3673,6.6802,6.0000,3.0000
98.3495,1967,7.5553,6.1125,3.0018,8.4824,4.9891,0.3610,9.4074,5.6154,0.3673,6.6602,6.0000,3.0000
98.3995,1968,7.5212,6.1125,3.0018,8.4793,4.9845,0.3579,9.3853,5.6293,0.3667,6.6402,6.0000,3.0000
98.4496,1969,7.5212,6.1125,3.0018,8.4793,4.9845,0.3579,9.3853,5.6293,0.3667,6.6202,6.0000,3.0000
98.4995,1970,7.4870,6.1126,3.0018,8.4761,4.9797,0.3550,9.3626,5.6431,0.3656,6.6002,6.0000,3.0000
98.5496,1971,7.4529,6.1126,3.0018,8.4729,4.9747,0.3525,9.3390,5.6572,0.3642,6.5802,6.0000,3.0000
98.5996,1972,7.4529,6.1126,3.0018,8.4729,4.9747,0.3525,9.3390,5.6572,0.3642,6.5602,6.0000,3.0000
98.6495,1973,7.4188,6.1127,3.0018,8.4697,4.9699,0.3503,9.3144,5.6715,0.3629,6.5402,6.0000,3.0000
98.6995,1974,7.3848,6.1127,3.0018,8.4664,4.9653,0.3483,9.2888,5.6858,0.3619,6.5202,6.0000,3.0000
98.7495,1975,7.3848,6.1127,3.0018,8.4664,4.9653,0.3483,9.2888,5.6858,0.3619,6.5002,6.0000,3.0000
98.7996,1976,7.3509,6.1127,3.0018,8.4629,4.9608,0.3461,9.2631,5.6998,0.3628,6.4802,6.0000,3.0000
98.8495,1977,7.3169,6.1127,3.0018,8.4594,4.9565,0.3434,9.2382,5.7128,0.3654,6.4602,6.0000,3.0000
98.8995,1978,7.3169,6.1127,3.0018,8.4594,4.9565,0.3434,9.2382,5.7128,0.3654,6.4402,6.0000,3.0000
98.9496,1979,7.2830,6.1127,3.0018,8.4558,4.9526,0.3398,9.2137,5.7255,0.3681,6.4202,6.0000,3.0000
98.9994,1980,7.2491,6.1127,3.0018,8.4519,4.9490,0.3355,9.1893,5.7380,0.3706,6.4002,6.0000,3.0000
99.0496,1981,7.2491,6.1127,3.0018,8.4519,4.9490,0.3355,9.1893,5.7380,0.3706,6.3802,6.0000,3.0000
99.0995,1982,7.2152,6.1127,3.0018,8.4476,4.9459,0.3307,9.1647,5.7505,0.3728,6.3602,6.0000,3.0000
99.1496,1983,7.2152,6.1127,3.0018,8.4476,4.9459,0.3307,9.1647,5.7505,0.3728,6.3402,6.0000,3.0000
99.1996,1984,7.1815,6.1126,3.0018,8.4429,4.9434,0.3251,9.1398,5.7631,0.3746,6.3202,6.0000,3.0000
99.2495,1985,7.1478,6.1126,3.0018,8.4378,4.9413,0.3191,9.1143,5.7756,0.3762,6.3002,6.0000,3.0000
99.2996,1986,7.1478,6.1126,3.0018,8.4378,4.9413,0.3191,9.1143,5.7756,0.3762,6.2802,6.0000,3.0000
99.3495,1987,7.1142,6.1125,3.0018,8.4324,4.9396,0.3129,9.0879,5.7884,0.3773,6.2602,6.0000,3.0000
99.3994,1988,7.0806,6.1125,3.0018,8.4266,4.9383,0.3066,9.0608,5.8013,0.3778,6.2402,6.0000,3.0000
99.4496,1989,7.0806,6.1125,3.0018,8.4266,4.9383,0.3066,9.0608,5.8013,0.3778,6.2202,6.0000,3.0000
99.4996,1990,7.0470,6.1124,3.0018,8.4208,4.9370,0.3015,9.0336,5.8144,0.3768,6.2002,6.0000,3.0000
99.5495,1991,7.0470,6.1124,3.0018,8.4208,4.9370,0.3015,9.0336,5.8144,0.3768,6.1802,6.0000,3.0000
99.5996,1992,7.0134,6.1124,3.0018,8.4153,4.9354,0.2982,9.0066,5.8272,0.3754,6.1602,6.0000,3.0000
99.6495,1993,6.9798,6.1123,3.0018,8.4097,4.9337,0.2964,8.9805,5.8395,0.3750,6.1402,6.0000,3.0000
99.6995,1994,6.9798,6.1123,3.0018,8.4097,4.9337,0.2964,8.9805,5.8395,0.3750,6.1202,6.0000,3.0000
99.7495,1995,6.9461,6.1122,3.0018,8.4040,4.9322,0.2966,8.9549,5.8514,0.3751,6.1002,6.0000,3.0000
99.8014,1996,6.9125,6.1121,3.0018,8.3983,4.9307,0.2987,8.9293,5.8631,0.3752,6.0794,6.0000,3.0000
99.8496,1997,6.9125,6.1121,3.0018,8.3983,4.9307,0.2987,8.9293,5.8631,0.3752,6.0602,6.0000,3.0000
99.8996,1998,6.8789,6.1120,3.0018,8.3923,4.9294,0.3013,8.9034,5.8745,0.3752,6.0402,6.0000,3.0000
99.9496,1999,6.8789,6.1120,3.0018,8.3923,4.9294,0.3013,8.9034,5.8745,0.3752,6.0202,6.0000,3.0000
99.9995,2000,6.8454,6.1120,3.0018,8.3860,4.9282,0.3042,8.8770,5.8860,0.3752,6.0002,6.0000,3.0000
100.0495,2001,6.8118,6.1119,3.0018,8.3795,4.9268,0.3076,8.8500,5.8978,0.3752,5.9802,6.0000,3.0000
100.0996,2002,6.8118,6.1119,3.0018,8.3795,4.9268,0.3076,8.8500,5.8978,0.3752,5.9601,6.0000,3.0000
100.1495,2003,6.7782,6.1118,3.0018,8.3723,4.9254,0.3112,8.8221,5.9098,0.3753,5.9402,6.0000,3.0000
100.1995,2004,6.7446,6.1117,3.0018,8.3645,4.9244,0.3142,8.7940,5.9217,0.3751,5.9202,6.0000,3.0000
100.2495,2005,6.7446,6.1117,3.0018,8.3645,4.9244,0.3142,8.7940,5.9217,0.3751,5.9002,6.0000,3.0000
100.2995,2006,6.7111,6.1116,3.0018,8.3562,4.9243,0.3158,8.7665,5.9333,0.3760,5.8802,6.0000,3.0000
100.3495,2007,6.7111,6.1116,3.0018,8.3562,4.9243,0.3158,8.7665,5.9333,0.3760,5.8602,6.0000,3.0000
100.3996,2008,6.6776,6.1115,3.0018,8.3479,4.9245,0.3151,8.7399,5.9445,0.3773,5.8402,6.0000,3.0000
100.4496,2009,6.6776,6.1115,3.0018,8.3479,4.9245,0.3151,8.7399,5.9445,0.3773,5.8201,6.0000,3.0000
100.4995,2010,6.6441,6.1113,3.0018,8.3394,4.9244,0.3136,8.7136,5.9556,0.3785,5.8002,6.0000,3.0000
100.5495,2011,6.6105,6.1112,3.0018,8.3303,4.9244,0.3118,8.6870,5.9667,0.3793,5.7802,6.0000,3.0000
100.5995,2012,6.6105,6.1112,3.0018,8.3303,4.9244,0.3118,8.6870,5.9667,0.3793,5.7602,6.0000,3.0000
100.6496,2013,6.5768,6.1111,3.0018,8.3203,4.9245,0.3102,8.6602,5.9778,0.3799,5.7401,6.0000,3.0000
100.6999,2014,6.5768,6.1111,3.0018,8.3090,4.9245,0.3090,8.6602,5.9778,0.3799,5.7200,6.0000,3.0000
100.7496,2015,6.5431,6.1110,3.0018,8.3090,4.9245,0.3090,8.6331,5.9891,0.3805,5.7002,6.0000,3.0000
100.7996,2016,6.5094,6.1109,3.0018,8.2971,4.9242,0.3096,8.6054,6.0006,0.3810,5.6802,6.0000,3.0000
100.8496,2017,6.5094,6.1109,3.0018,8.2971,4.9242,0.3096,8.6054,6.0006,0.3810,5.6602,6.0000,3.0000
100.8996,2018,6.4757,6.1107,3.0018,8.2848,4.9240,0.3118,8.5769,6.0124,0.3817,5.6402,6.0000,3.0000
100.9495,2019,6.4421,6.1106,3.0018,8.2725,4.9241,0.3137,8.5480,6.0243,0.3813,5.6202,6.0000,3.0000
100.9995,2020,6.4421,6.1106,3.0018,8.2725,4.9241,0.3137,8.5480,6.0243,0.3813,5.6002,6.0000,3.0000
101.0496,2021,6.4085,6.1105,3.0018,8.2601,4.9240,0.3157,8.5191,6.0360,0.3802,5.5802,6.0000,3.0000
101.0994,2022,6.3750,6.1103,3.0018,8.2470,4.9238,0.3176,8.4903,6.0475,0.3782,5.5602,6.0000,3.0000
101.1495,2023,6.3750,6.1103,3.0018,8.2470,4.9238,0.3176,8.4903,6.0475,0.3782,5.5402,6.0000,3.0000
101.1995,2024,6.3414,6.1102,3.0018,8.2330,4.9242,0.3189,8.4622,6.0587,0.3770,5.5202,6.0000,3.0000
101.2495,2025,6.3414,6.1102,3.0018,8.2330,4.9242,0.3189,8.4622,6.0587,0.3770,5.5002,6.0000,3.0000
101.2995,2026,6.3078,6.1101,3.0018,8.2178,4.9251,0.3199,8.4346,6.0696,0.3765,5.4802,6.0000,3.0000
101.3495,2027,6.3078,6.1101,3.0018,8.2178,4.9251,0.3199,8.4346,6.0696,0.3765,5.4602,6.0000,3.0000
101.3995,2028,6.2742,6.1099,3.0018,8.2011,4.9264,0.3213,8.4070,6.0804,0.3759,5.4402,6.0000,3.0000
101.4495,2029,6.2405,6.1098,3.0018,8.1828,4.9281,0.3231,8.3791,6.0911,0.3754,5.4202,6.0000,3.0000
101.4995,2030,6.2405,6.1098,3.0018,8.1828,4.9281,0.3231,8.3791,6.0911,0.3754,5.4002,6.0000,3.0000
101.5495,2031,6.2067,6.1097,3.0018,8.1629,4.9300,0.3259,8.3508,6.1021,0.3750,5.3802,6.0000,3.0000
101.5994,2032,6.1729,6.1095,3.0018,8.1420,4.9321,0.3305,8.3219,6.1133,0.3747,5.3602,6.0000,3.0000
101.6496,2033,6.1729,6.1095,3.0018,8.1420,4.9321,0.3305,8.3219,6.1133,0.3747,5.3402,6.0000,3.0000
101.6996,2034,6.1390,6.1094,3.0018,8.1210,4.9345,0.3354,8.2931,6.1245,0.3750,5.3201,6.0000,3.0000
101.7496,2035,6.1390,6.1094,3.0018,8.1210,4.9345,0.3354,8.2931,6.1245,0.3750,5.3002,6.0000,3.0000
101.7995,2036,6.1052,6.1093,3.0018,8.0999,4.9370,0.3398,8.2657,6.1347,0.3766,5.2802,6.0000,3.0000
101.8496,2037,6.0714,6.1091,3.0018,8.0784,4.9399,0.3442,8.2393,6.1440,0.3786,5.2602,6.0000,3.0000
101.8997,2038,6.0714,6.1091,3.0018,8.0784,4.9399,0.3442,8.2393,6.1440,0.3786,5.2401,6.0000,3.0000
101.9496,2039,6.0375,6.1090,3.0018,8.0569,4.9432,0.3485,8.2132,6.1527,0.3807,5.2202,6.0000,3.0000
101.9994,2040,6.0037,6.1088,3.0018,8.0351,4.9469,0.3522,8.1868,6.1610,0.3826,5.2002,6.0000,3.0000
102.0496,2041,6.0037,6.1088,3.0018,8.0351,4.9469,0.3522,8.1868,6.1610,0.3826,5.1802,6.0000,3.0000
102.0995,2042,5.9699,6.1087,3.0018,8.0128,4.9508,0.3551,8.1600,6.1690,0.3846,5.1602,6.0000,3.0000
102.1495,2043,5.9699,6.1087,3.0018,8.0128,4.9508,0.3551,8.1600,6.1690,0.3846,5.1402,6.0000,3.0000
102.1995,2044,5.9362,6.1085,3.0018,7.9895,4.9546,0.3579,8.1327,6.1766,0.3865,5.1202,6.0000,3.0000
102.2495,2045,5.9025,6.1084,3.0017,7.9651,4.9587,0.3602,8.1042,6.1843,0.3880,5.1002,6.0000,3.0000
102.2996,2046,5.9025,6.1084,3.0017,7.9651,4.9587,0.3602,8.1042,6.1843,0.3880,5.0802,6.0000,3.0000
102.3496,2047,5.8690,6.1082,3.0017,7.9399,4.9637,0.3608,8.0751,6.1918,0.3889,5.0602,6.0000,3.0000
102.3995,2048,5.8690,6.1082,3.0017,7.9399,4.9637,0.3608,8.0751,6.1918,0.3889,5.0402,6.0000,3.0000
102.4496,2049,5.8354,6.1081,3.0017,7.9145,4.9687,0.3604,8.0461,6.1989,0.3880,5.0202,6.0000,3.0000
102.4995,2050,5.8354,6.1081,3.0017,7.8894,4.9734,0.3605,8.0461,6.1989,0.3880,5.0002,6.0000,3.0000
102.5495,2051,5.8017,6.1079,3.0017,7.8894,4.9734,0.3605,8.0169,6.2058,0.3856,4.9802,6.0000,3.0000
102.5995,2052,5.7679,6.1078,3.0017,7.8648,4.9782,0.3607,7.9880,6.2123,0.3835,4.9602,6.0000,3.0000
102.6495,2053,5.7679,6.1078,3.0017,7.8648,4.9782,0.3607,7.9880,6.2123,0.3835,4.9402,6.0000,3.0000
102.6996,2054,5.7342,6.1076,3.0017,7.8402,4.9831,0.3606,7.9595,6.2186,0.3819,4.9202,6.0000,3.0000
102.7496,2055,5.7342,6.1076,3.0017,7.8402,4.9831,0.3606,7.9595,6.2186,0.3819,4.9002,6.0000,3.0000
102.7996,2056,5.7004,6.1075,3.0017,7.8150,4.9883,0.3600,7.9311,6.2245,0.3807,4.8802,6.0000,3.0000
102.8497,2057,5.6664,6.1073,3.0017,7.7888,4.9936,0.3592,7.9025,6.2299,0.3797,4.8601,6.0000,3.0000
102.8996,2058,5.6664,6.1073,3.0017,7.7888,4.9936,0.3592,7.9025,6.2299,0.3797,4.8401,6.0000,3.0000
102.9495,2059,5.6324,6.1072,3.0017,7.7612,4.9989,0.3587,7.8733,6.2352,0.3787,4.8202,6.0000,3.0000
102.9995,2060,5.5983,6.1070,3.0017,7.7327,5.0041,0.3596,7.8436,6.2403,0.3780,4.8002,6.0000,3.0000
103.0495,2061,5.5983,6.1070,3.0017,7.7327,5.0041,0.3596,7.8436,6.2403,0.3780,4.7802,6.0000,3.0000
103.0995,2062,5.5642,6.1069,3.0017,7.7043,5.0094,0.3626,7.8134,6.2451,0.3768,4.7602,6.0000,3.0000
103.1495,2063,5.5642,6.1069,3.0017,7.7043,5.0094,0.3626,7.8134,6.2451,0.3768,4.7402,6.0000,3.0000
103.1996,2064,5.5302,6.1067,3.0017,7.6767,5.0148,0.3662,7.7841,6.2494,0.3774,4.7202,6.0000,3.0000
103.2496,2065,5.4962,6.1066,3.0017,7.6495,5.0203,0.3698,7.7559,6.2535,0.3789,4.7002,6.0000,3.0000
103.2995,2066,5.4962,6.1066,3.0017,7.6495,5.0203,0.3698,7.7559,6.2535,0.3789,4.6802,6.0000,3.0000
103.3495,2067,5.4623,6.1064,3.0017,7.6226,5.0261,0.3733,7.7281,6.2573,0.3805,4.6602,6.0000,3.0000
103.3995,2068,5.4284,6.1062,3.0017,7.5960,5.0323,0.3764,7.7004,6.2609,0.3819,4.6402,6.0000,3.0000
103.4495,2069,5.4284,6.1062,3.0017,7.5960,5.0323,0.3764,7.7004,6.2609,0.3819,4.6202,6.0000,3.0000
103.4995,2070,5.3945,6.1061,3.0017,7.5691,5.0386,0.3791,7.6725,6.2644,0.3832,4.6002,6.0000,3.0000
103.5494,2071,5.3606,6.1059,3.0017,7.5417,5.0451,0.3814,7.6440,6.2679,0.3842,4.5802,6.0000,3.0000
103.5996,2072,5.3606,6.1059,3.0017,7.5417,5.0451,0.3814,7.6440,6.2679,0.3842,4.5602,6.0000,3.0000
103.6496,2073,5.3268,6.1058,3.0017,7.5134,5.0517,0.3835,7.6150,6.2713,0.3851,4.5402,6.0000,3.0000
103.6997,2074,5.3268,6.1058,3.0017,7.5134,5.0517,0.3835,7.6150,6.2713,0.3851,4.5201,6.0000,3.0000
103.7495,2075,5.2931,6.1056,3.0017,7.4847,5.0585,0.3845,7.5852,6.2746,0.3860,4.5002,6.0000,3.0000
103.7995,2076,5.2594,6.1055,3.0017,7.4559,5.0654,0.3840,7.5546,6.2779,0.3857,4.4802,6.0000,3.0000
103.8496,2077,5.2594,6.1055,3.0017,7.4559,5.0654,0.3840,7.5546,6.2779,0.3857,4.4602,6.0000,3.0000
103.8995,2078,5.2259,6.1053,3.0017,7.4269,5.0723,0.3823,7.5242,6.2811,0.3834,4.4402,6.0000,3.0000
103.9495,2079,5.1923,6.1051,3.0017,7.3985,5.0793,0.3807,7.4940,6.2841,0.3805,4.4202,6.0000,3.0000
103.9996,2080,5.1923,6.1051,3.0017,7.3985,5.0793,0.3807,7.4940,6.2841,0.3805,4.4002,6.0000,3.0000
104.0495,2081,5.1587,6.1050,3.0017,7.3706,5.0863,0.3795,7.4648,6.2871,0.3785,4.3802,6.0000,3.0000
104.0996,2082,5.1587,6.1050,3.0017,7.3706,5.0863,0.3795,7.4648,6.2871,0.3785,4.3602,6.0000,3.0000
104.1496,2083,5.1252,6.1048,3.0017,7.3431,5.0934,0.3785,7.4361,6.2901,0.3772,4.3402,6.0000,3.0000
104.1995,2084,5.0917,6.1047,3.0017,7.3155,5.1007,0.3774,7.4075,6.2931,0.3761,4.3202,6.0000,3.0000
104.2495,2085,5.0917,6.1047,3.0017,7.3155,5.1007,0.3774,7.4075,6.2931,0.3761,4.3002,6.0000,3.0000
104.2996,2086,5.0581,6.1045,3.0017,7.2871,5.1080,0.3763,7.3787,6.2960,0.3753,4.2802,6.0000,3.0000
104.3495,2087,5.0581,6.1045,3.0017,7.2871,5.1080,0.3763,7.3787,6.2960,0.3753,4.2602,6.0000,3.0000
104.3996,2088,5.0245,6.1044,3.0017,7.2578,5.1155,0.3754,7.3496,6.2990,0.3746,4.2402,6.0000,3.0000
104.4495,2089,5.0245,6.1044,3.0017,7.2278,5.1231,0.3751,7.3496,6.2990,0.3746,4.2202,6.0000,3.0000
104.4996,2090,4.9909,6.1042,3.0017,7.2278,5.1231,0.3751,7.3201,6.3021,0.3743,4.2002,6.0000,3.0000
104.5496,2091,4.9572,6.1040,3.0017,7.1989,5.1302,0.3761,7.2899,6.3053,0.3738,4.1802,6.0000,3.0000
104.5995,2092,4.9572,6.1040,3.0017,7.1989,5.1302,0.3761,7.2899,6.3053,0.3738,4.1602,6.0000,3.0000
104.6497,2093,4.9235,6.1039,3.0017,7.1712,5.1367,0.3779,7.2599,6.3085,0.3733,4.1401,6.0000,3.0000
104.6995,2094,4.8898,6.1037,3.0017,7.1441,5.1431,0.3803,7.2310,6.3116,0.3746,4.1202,6.0000,3.0000
104.7496,2095,4.8898,6.1037,3.0017,7.1441,5.1431,0.3803,7.2310,6.3116,0.3746,4.1002,6.0000,3.0000
104.7995,2096,4.8560,6.1036,3.0017,7.1171,5.1496,0.3824,7.2029,6.3145,0.3762,4.0802,6.0000,3.0000
104.8494,2097,4.8560,6.1036,3.0017,7.0901,5.1563,0.3844,7.2029,6.3145,0.3762,4.0602,6.0000,3.0000
104.8995,2098,4.8223,6.1034,3.0017,7.0901,5.1563,0.3844,7.1750,6.3172,0.3777,4.0402,6.0000,3.0000
104.9495,2099,4.7886,6.1033,3.0017,7.0628,5.1630,0.3862,7.1470,6.3196,0.3789,4.0202,6.0000,3.0000
104.9995,2100,4.7886,6.1033,3.0017,7.0628,5.1630,0.3862,7.1470,6.3196,0.3789,4.0002,6.0000,3.0000
105.0495,2101,4.7549,6.1031,3.0017,7.0350,5.1697,0.3879,7.1186,6.3222,0.3798,3.9802,6.0000,3.0000
105.0996,2102,4.7213,6.1029,3.0017,7.0064,5.1763,0.3894,7.0897,6.3246,0.3804,3.9602,6.0000,3.0000
105.1496,2103,4.7213,6.1029,3.0017,7.0064,5.1763,0.3894,7.0897,6.3246,0.3804,3.9402,6.0000,3.0000
105.1995,2104,4.6878,6.1028,3.0017,6.9773,5.1829,0.3895,7.0602,6.3269,0.3811,3.9202,6.0000,3.0000
105.2495,2105,4.6542,6.1026,3.0017,6.9484,5.1894,0.3883,7.0298,6.3292,0.3818,3.9002,6.0000,3.0000
105.2996,2106,4.6542,6.1026,3.0017,6.9484,5.1894,0.3883,7.0298,6.3292,0.3818,3.8802,6.0000,3.0000
105.3496,2107,4.6207,6.1025,3.0017,6.9192,5.1961,0.3858,6.9987,6.3315,0.3817,3.8602,6.0000,3.0000
105.3995,2108,4.6207,6.1025,3.0017,6.9192,5.1961,0.3858,6.9987,6.3315,0.3817,3.8402,6.0000,3.0000
105.4496,2109,4.5872,6.1023,3.0017,6.8903,5.2027,0.3832,6.9679,6.3338,0.3803,3.8202,6.0000,3.0000
105.4995,2110,4.5872,6.1023,3.0017,6.8903,5.2027,0.3832,6.9679,6.3338,0.3803,3.8002,6.0000,3.0000
105.5496,2111,4.5536,6.1022,3.0017,6.8620,5.2093,0.3813,6.9378,6.3358,0.3794,3.7802,6.0000,3.0000
105.5995,2112,4.5199,6.1020,3.0017,6.8339,5.2160,0.3797,6.9084,6.3378,0.3792,3.7602,6.0000,3.0000
105.6496,2113,4.5199,6.1020,3.0017,6.8339,5.2160,0.3797,6.9084,6.3378,0.3792,3.7402,6.0000,3.0000
105.6996,2114,4.4862,6.1018,3.0017,6.8060,5.2228,0.3784,6.8795,6.3398,0.3794,3.7202,6.0000,3.0000
105.7495,2115,4.4862,6.1018,3.0017,6.8060,5.2228,0.3784,6.8795,6.3398,0.3794,3.7002,6.0000,3.0000
105.7995,2116,4.4524,6.1017,3.0017,6.7776,5.2296,0.3770,6.8510,6.3418,0.3798,3.6802,6.0000,3.0000
105.8495,2117,4.4185,6.1015,3.0017,6.7485,5.2364,0.3758,6.8225,6.3439,0.3805,3.6602,6.0000,3.0000
105.8995,2118,4.4185,6.1015,3.0017,6.7485,5.2364,0.3758,6.8225,6.3439,0.3805,3.6402,6.0000,3.0000
105.9495,2119,4.3846,6.1014,3.0017,6.7184,5.2434,0.3746,6.7939,6.3459,0.3815,3.6202,6.0000,3.0000
105.9996,2120,4.3846,6.1014,3.0017,6.7184,5.2434,0.3746,6.7939,6.3459,0.3815,3.6002,6.0000,3.0000
106.0495,2121,4.3507,6.1012,3.0017,6.6889,5.2499,0.3739,6.7646,6.3480,0.3825,3.5802,6.0000,3.0000
106.0995,2122,4.3168,6.1011,3.0017,6.6607,5.2557,0.3741,6.7347,6.3503,0.3831,3.5602,6.0000,3.0000
106.1496,2123,4.3168,6.1011,3.0017,6.6607,5.2557,0.3741,6.7347,6.3503,0.3831,3.5402,6.0000,3.0000
106.1995,2124,4.2830,6.1009,3.0017,6.6332,5.2612,0.3747,6.7046,6.3525,0.3827,3.5202,6.0000,3.0000
106.2495,2125,4.2830,6.1009,3.0017,6.6332,5.2612,0.3747,6.7046,6.3525,0.3827,3.5002,6.0000,3.0000
106.2995,2126,4.2491,6.1008,3.0017,6.6059,5.2666,0.3756,6.6751,6.3550,0.3829,3.4802,6.0000,3.0000
106.3495,2127,4.2152,6.1006,3.0017,6.5785,5.2719,0.3766,6.6464,6.3576,0.3835,3.4602,6.0000,3.0000
106.3997,2128,4.2152,6.1006,3.0017,6.5785,5.2719,0.3766,6.6464,6.3576,0.3835,3.4401,6.0000,3.0000
106.4496,2129,4.1814,6.1005,3.0017,6.5510,5.2771,0.3777,6.6181,6.3600,0.3840,3.4202,6.0000,3.0000
106.4996,2130,4.1814,6.1005,3.0017,6.5510,5.2771,0.3777,6.6181,6.3600,0.3840,3.4002,6.0000,3.0000
106.5495,2131,4.1475,6.1003,3.0017,6.5230,5.2822,0.3790,6.5898,6.3623,0.3843,3.3802,6.0000,3.0000
106.5995,2132,4.1475,6.1003,3.0017,6.5230,5.2822,0.3790,6.5898,6.3623,0.3843,3.3602,6.0000,3.0000
106.6495,2133,4.1135,6.1001,3.0017,6.4944,5.2868,0.3800,6.5613,6.3646,0.3847,3.3402,6.0000,3.0000
106.6996,2134,4.0793,6.1000,3.0017,6.4652,5.2912,0.3801,6.5323,6.3670,0.3848,3.3202,6.0000,3.0000
106.7497,2135,4.0793,6.1000,3.0017,6.4652,5.2912,0.3801,6.5323,6.3670,0.3848,3.3001,6.0000,3.0000
106.7997,2136,4.0450,6.0998,3.0017,6.4358,5.2953,0.3802,6.5026,6.3696,0.3848,3.2801,6.0000,3.0000
106.8495,2137,4.0450,6.0998,3.0017,6.4063,5.2990,0.3796,6.5026,6.3696,0.3848,3.2602,6.0000,3.0000
106.8995,2138,4.0107,6.0997,3.0017,6.4063,5.2990,0.3796,6.4720,6.3725,0.3848,3.2402,6.0000,3.0000
106.9495,2139,3.9764,6.0995,3.0017,6.3768,5.3027,0.3780,6.4409,6.3756,0.3842,3.2202,6.0000,3.0000
106.9996,2140,3.9764,6.0995,3.0017,6.3768,5.3027,0.3780,6.4409,6.3756,0.3842,3.2002,6.0000,3.0000
107.0496,2141,3.9421,6.0994,3.0016,6.3478,5.3062,0.3768,6.4099,6.3788,0.3829,3.1802,6.0000,3.0000
107.0996,2142,3.9421,6.0994,3.0016,6.3478,5.3062,0.3768,6.4099,6.3788,0.3829,3.1602,6.0000,3.0000
107.1496,2143,3.9078,6.0992,3.0016,6.3192,5.3098,0.3759,6.3797,6.3818,0.3823,3.1402,6.0000,3.0000
107.1995,2144,3.8735,6.0991,3.0016,6.2908,5.3133,0.3753,6.3506,6.3850,0.3826,3.1202,6.0000,3.0000
107.2496,2145,3.8735,6.0991,3.0016,6.2908,5.3133,0.3753,6.3506,6.3850,0.3826,3.1002,6.0000,3.0000
107.2996,2146,3.8392,6.0989,3.0016,6.2624,5.3164,0.3748,6.3220,6.3884,0.3832,3.0802,6.0000,3.0000
107.3499,2147,3.8392,6.0989,3.0016,6.2334,5.3194,0.3742,6.3220,6.3884,0.3832,3.0600,6.0000,3.0000
107.3995,2148,3.8049,6.0988,3.0016,6.2334,5.3194,0.3742,6.2937,6.3919,0.3839,3.0402,6.0000,3.0000
107.4495,2149,3.8049,6.0988,3.0016,6.2334,5.3194,0.3742,6.2937,6.3919,0.3839,3.0202,6.0000,3.0000
107.4996,2150,3.7706,6.0986,3.0016,6.2034,5.3220,0.3736,6.2652,6.3956,0.3846,3.0002,6.0000,3.0000
107.5496,2151,3.7363,6.0985,3.0016,6.1723,5.3244,0.3732,6.2363,6.3998,0.3852,2.9802,6.0000,3.0000
107.5996,2152,3.7363,6.0985,3.0016,6.1723,5.3244,0.3732,6.2363,6.3998,0.3852,2.9602,6.0000,3.0000
107.6496,2153,3.7020,6.0983,3.0016,6.1417,5.3263,0.3733,6.2070,6.4045,0.3861,2.9402,6.0000,3.0000
107.6995,2154,3.7020,6.0983,3.0016,6.1417,5.3263,0.3733,6.2070,6.4045,0.3861,2.9202,6.0000,3.0000
107.7495,2155,3.6675,6.0982,3.0016,6.1122,5.3280,0.3737,6.1774,6.4097,0.3864,2.9002,6.0000,3.0000
107.7995,2156,3.6329,6.0980,3.0016,6.0835,5.3297,0.3745,6.1478,6.4153,0.3854,2.8802,6.0000,3.0000
107.8496,2157,3.6329,6.0980,3.0016,6.0835,5.3297,0.3745,6.1478,6.4153,0.3854,2.8602,6.0000,3.0000
107.8995,2158,3.5982,6.0978,3.0016,6.0549,5.3317,0.3755,6.1187,6.4212,0.3850,2.8402,6.0000,3.0000
107.9495,2159,3.5982,6.0978,3.0016,6.0549,5.3317,0.3755,6.1187,6.4212,0.3850,2.8202,6.0000,3.0000
107.9995,2160,3.5635,6.0977,3.0016,6.0263,5.3338,0.3765,6.0904,6.4269,0.3851,2.8002,6.0000,3.0000
108.0496,2161,3.5289,6.0976,3.0016,5.9973,5.3360,0.3775,6.0624,6.4321,0.3851,2.7802,6.0000,3.0000
108.0996,2162,3.5289,6.0976,3.0016,5.9973,5.3360,0.3775,6.0624,6.4321,0.3851,2.7602,6.0000,3.0000
108.1495,2163,3.4942,6.0974,3.0016,5.9677,5.3382,0.3786,6.0346,6.4370,0.3853,2.7402,6.0000,3.0000
108.1995,2164,3.4596,6.0973,3.0016,5.9376,5.3402,0.3791,6.0064,6.4418,0.3854,2.7202,6.0000,3.0000
108.2495,2165,3.4596,6.0973,3.0016,5.9376,5.3402,0.3791,6.0064,6.4418,0.3854,2.7002,6.0000,3.0000
108.2996,2166,3.4250,6.0971,3.0016,5.9068,5.3421,0.3784,5.9775,6.4466,0.3853,2.6802,6.0000,3.0000
108.3495,2167,3.4250,6.0971,3.0016,5.9068,5.3421,0.3784,5.9775,6.4466,0.3853,2.6602,6.0000,3.0000
108.3995,2168,3.3904,6.0970,3.0016,5.8761,5.3439,0.3769,5.9478,6.4515,0.3852,2.6402,6.0000,3.0000
108.4495,2169,3.3904,6.0970,3.0016,5.8761,5.3439,0.3769,5.9478,6.4515,0.3852,2.6202,6.0000,3.0000
108.4996,2170,3.3558,6.0968,3.0016,5.8455,5.3456,0.3747,5.9175,6.4565,0.3853,2.6002,6.0000,3.0000
108.5494,2171,3.3211,6.0967,3.0016,5.8156,5.3472,0.3731,5.8870,6.4616,0.3853,2.5802,6.0000,3.0000
108.5995,2172,3.3211,6.0967,3.0016,5.8156,5.3472,0.3731,5.8870,6.4616,0.3853,2.5602,6.0000,3.0000
108.6496,2173,3.2864,6.0965,3.0016,5.7862,5.3491,0.3720,5.8564,6.4664,0.3850,2.5402,6.0000,3.0000
108.6995,2174,3.2864,6.0965,3.0016,5.7862,5.3491,0.3720,5.8564,6.4664,0.3850,2.5202,6.0000,3.0000
108.7496,2175,3.2516,6.0964,3.0016,5.7571,5.3509,0.3711,5.8263,6.4709,0.3842,2.5002,6.0000,3.0000
108.7995,2176,3.2169,6.0962,3.0016,5.7281,5.3528,0.3702,5.7969,6.4754,0.3843,2.4802,6.0000,3.0000
108.8496,2177,3.2169,6.0962,3.0016,5.7281,5.3528,0.3702,5.7969,6.4754,0.3843,2.4602,6.0000,3.0000
108.8995,2178,3.1821,6.0961,3.0016,5.6989,5.3547,0.3694,5.7680,6.4798,0.3846,2.4402,6.0000,3.0000
108.9495,2179,3.1821,6.0961,3.0016,5.6989,5.3547,0.3694,5.7680,6.4798,0.3846,2.4202,6.0000,3.0000
108.9995,2180,3.1473,6.0959,3.0016,5.6688,5.3564,0.3689,5.7389,6.4840,0.3849,2.4002,6.0000,3.0000
109.0494,2181,3.1126,6.0958,3.0016,5.6379,5.3580,0.3684,5.7096,6.4883,0.3850,2.3802,6.0000,3.0000
109.0996,2182,3.1126,6.0958,3.0016,5.6379,5.3580,0.3684,5.7096,6.4883,0.3850,2.3602,6.0000,3.0000
109.1495,2183,3.0778,6.0956,3.0016,5.6076,5.3594,0.3687,5.6798,6.4929,0.3853,2.3402,6.0000,3.0000
109.1995,2184,3.0778,6.0956,3.0016,5.6076,5.3594,0.3687,5.6798,6.4929,0.3853,2.3202,6.0000,3.0000
109.2495,2185,3.0431,6.0955,3.0016,5.5785,5.3607,0.3705,5.6496,6.4977,0.3856,2.3002,6.0000,3.0000
109.2995,2186,3.0084,6.0953,3.0016,5.5501,5.3622,0.3725,5.6193,6.5028,0.3850,2.2802,6.0000,3.0000
109.3495,2187,3.0084,6.0953,3.0016,5.5501,5.3622,0.3725,5.6193,6.5028,0.3850,2.2602,6.0000,3.0000
109.3995,2188,2.9739,6.0952,3.0016,5.5219,5.3639,0.3742,5.5894,6.5078,0.3847,2.2402,6.0000,3.0000
109.4496,2189,2.9739,6.0952,3.0016,5.5219,5.3639,0.3742,5.5894,6.5078,0.3847,2.2202,6.0000,3.0000
109.4996,2190,2.9393,6.0950,3.0016,5.4937,5.3658,0.3757,5.5605,6.5126,0.3852,2.2002,6.0000,3.0000
109.5495,2191,2.9393,6.0950,3.0016,5.4937,5.3658,0.3757,5.5605,6.5126,0.3852,2.1802,6.0000,3.0000
109.5995,2192,2.9047,6.0949,3.0016,5.4654,5.3677,0.3772,5.5323,6.5167,0.3858,2.1602,6.0000,3.0000
109.6495,2193,2.8700,6.0947,3.0016,5.4367,5.3696,0.3787,5.5042,6.5204,0.3867,2.1402,6.0000,3.0000
109.6995,2194,2.8700,6.0947,3.0016,5.4367,5.3696,0.3787,5.5042,6.5204,0.3867,2.1202,6.0000,3.0000
109.7495,2195,2.8352,6.0946,3.0016,5.4072,5.3715,0.3801,5.4758,6.5237,0.3874,2.1002,6.0000,3.0000
109.7994,2196,2.8004,6.0944,3.0016,5.3767,5.3734,0.3809,5.4468,6.5267,0.3881,2.0802,6.0000,3.0000
109.8495,2197,2.8004,6.0944,3.0016,5.3767,5.3734,0.3809,5.4468,6.5267,0.3881,2.0602,6.0000,3.0000
109.8996,2198,2.7656,6.0943,3.0016,5.3463,5.3754,0.3805,5.4170,6.5296,0.3887,2.0402,6.0000,3.0000
109.9495,2199,2.7656,6.0943,3.0016,5.3463,5.3754,0.3805,5.4170,6.5296,0.3887,2.0202,6.0000,3.0000
109.9995,2200,2.7309,6.0941,3.0016,5.3159,5.3775,0.3788,5.3863,6.5323,0.3891,2.0002,6.0000,3.0000
110.0495,2201,2.6962,6.0940,3.0016,5.2860,5.3797,0.3771,5.3556,6.5348,0.3898,1.9802,6.0000,3.0000
110.0997,2202,2.6962,6.0940,3.0016,5.2860,5.3797,0.3771,5.3556,6.5348,0.3898,1.9601,6.0000,3.0000
110.1496,2203,2.6616,6.0939,3.0016,5.2569,5.3822,0.3762,5.3249,6.5369,0.3890,1.9402,6.0000,3.0000
110.1995,2204,2.6616,6.0939,3.0016,5.2569,5.3822,0.3762,5.3249,6.5369,0.3890,1.9202,6.0000,3.0000
110.2496,2205,2.6269,6.0937,3.0016,5.2283,5.3848,0.3757,5.2946,6.5387,0.3879,1.9002,6.0000,3.0000
110.2995,2206,2.6269,6.0937,3.0016,5.2283,5.3848,0.3757,5.2946,6.5387,0.3879,1.8802,6.0000,3.0000
110.3495,2207,2.5923,6.0936,3.0016,5.1997,5.3875,0.3752,5.2647,6.5405,0.3875,1.8602,6.0000,3.0000
110.3996,2208,2.5577,6.0934,3.0016,5.1708,5.3904,0.3749,5.2351,6.5422,0.3873,1.8402,6.0000,3.0000
110.4496,2209,2.5577,6.0934,3.0016,5.1708,5.3904,0.3749,5.2351,6.5422,0.3873,1.8202,6.0000,3.0000
110.4996,2210,2.5231,6.0933,3.0016,5.1412,5.3934,0.3746,5.2057,6.5438,0.3876,1.8002,6.0000,3.0000
110.5495,2211,2.5231,6.0933,3.0016,5.1412,5.3934,0.3746,5.2057,6.5438,0.3876,1.7802,6.0000,3.0000
110.5996,2212,2.4885,6.0931,3.0016,5.1110,5.3965,0.3747,5.1760,6.5454,0.3881,1.7602,6.0000,3.0000
110.6495,2213,2.4885,6.0931,3.0016,5.0810,5.3996,0.3754,5.1760,6.5454,0.3881,1.7402,6.0000,3.0000
110.6996,2214,2.4539,6.0930,3.0016,5.0810,5.3996,0.3754,5.1460,6.5469,0.3887,1.7202,6.0000,3.0000
110.7495,2215,2.4191,6.0928,3.0016,5.0524,5.4023,0.3771,5.1157,6.5484,0.3886,1.7002,6.0000,3.0000
110.7995,2216,2.4191,6.0928,3.0016,5.0524,5.4023,0.3771,5.1157,6.5484,0.3886,1.6802,6.0000,3.0000
110.8496,2217,2.3844,6.0927,3.0016,5.0246,5.4049,0.3792,5.0854,6.5501,0.3872,1.6602,6.0000,3.0000
110.8995,2218,2.3497,6.0925,3.0016,4.9970,5.4074,0.3810,5.0559,6.5519,0.3871,1.6402,6.0000,3.0000
110.9496,2219,2.3497,6.0925,3.0016,4.9970,5.4074,0.3810,5.0559,6.5519,0.3871,1.6202,6.0000,3.0000
110.9995,2220,2.3149,6.0924,3.0016,4.9694,5.4100,0.3825,5.0274,6.5535,0.3876,1.6002,6.0000,3.0000
111.0496,2221,2.3149,6.0924,3.0016,4.9694,5.4100,0.3825,5.0274,6.5535,0.3876,1.5802,6.0000,3.0000
111.0995,2222,2.2802,6.0923,3.0016,4.9417,5.4127,0.3839,4.9994,6.5548,0.3883,1.5602,6.0000,3.0000
111.1495,2223,2.2456,6.0921,3.0016,4.9135,5.4152,0.3852,4.9715,6.5558,0.3889,1.5402,6.0000,3.0000
111.1995,2224,2.2456,6.0921,3.0016,4.9135,5.4152,0.3852,4.9715,6.5558,0.3889,1.5202,6.0000,3.0000
111.2495,2225,2.2110,6.0920,3.0016,4.8847,5.4175,0.3865,4.9431,6.5567,0.3892,1.5002,6.0000,3.0000
111.2995,2226,2.1765,6.0918,3.0016,4.8549,5.4197,0.3877,4.9142,6.5575,0.3893,1.4802,6.0000,3.0000
111.3496,2227,2.1765,6.0918,3.0016,4.8549,5.4197,0.3877,4.9142,6.5575,0.3893,1.4602,6.0000,3.0000
111.3996,2228,2.1419,6.0917,3.0016,4.8249,5.4219,0.3878,4.8844,6.5584,0.3893,1.4402,6.0000,3.0000
111.4495,2229,2.1419,6.0917,3.0016,4.8249,5.4219,0.3878,4.8844,6.5584,0.3893,1.4202,6.0000,3.0000
111.4996,2230,2.1075,6.0915,3.0016,4.7947,5.4242,0.3862,4.8540,6.5593,0.3894,1.4002,6.0000,3.0000
111.5496,2231,2.0731,6.0914,3.0016,4.7645,5.4265,0.3836,4.8229,6.5601,0.3885,1.3802,6.0000,3.0000
111.5996,2232,2.0731,6.0914,3.0016,4.7645,5.4265,0.3836,4.8229,6.5601,0.3885,1.3602,6.0000,3.0000
111.6495,2233,2.0388,6.0913,3.0016,4.7350,5.4287,0.3817,4.7922,6.5608,0.3866,1.3402,6.0000,3.0000
111.6994,2234,2.0046,6.0911,3.0016,4.7061,5.4310,0.3804,4.7621,6.5614,0.3848,1.3202,6.0000,3.0000
111.7496,2235,2.0046,6.0911,3.0016,4.7061,5.4310,0.3804,4.7621,6.5614,0.3848,1.3001,6.0000,3.0000
111.7995,2236,1.9704,6.0910,3.0016,4.6774,5.4331,0.3792,4.7328,6.5622,0.3839,1.2802,6.0000,3.0000
111.8495,2237,1.9704,6.0910,3.0016,4.6774,5.4331,0.3792,4.7328,6.5622,0.3839,1.2602,6.0000,3.0000
111.8995,2238,1.9362,6.0908,3.0016,4.6483,5.4351,0.3780,4.7039,6.5631,0.3833,1.2402,6.0000,3.0000
111.9495,2239,1.9020,6.0907,3.0016,4.6185,5.4369,0.3769,4.6750,6.5639,0.3830,1.2202,6.0000,3.0000
111.9995,2240,1.9020,6.0907,3.0016,4.6185,5.4369,0.3769,4.6750,6.5639,0.3830,1.2002,6.0000,3.0000
112.0496,2241,1.8678,6.0906,3.0016,4.5879,5.4386,0.3761,4.6458,6.5648,0.3827,1.1802,6.0000,3.0000
112.0995,2242,1.8678,6.0906,3.0016,4.5879,5.4386,0.3761,4.6458,6.5648,0.3827,1.1602,6.0000,3.0000
112.1495,2243,1.8337,6.0904,3.0016,4.5576,5.4400,0.3758,4.6163,6.5660,0.3826,1.1402,6.0000,3.0000
112.1996,2244,1.7997,6.0903,3.0016,4.5286,5.4411,0.3765,4.5864,6.5676,0.3826,1.1202,6.0000,3.0000
112.2495,2245,1.7997,6.0903,3.0016,4.5286,5.4411,0.3765,4.5864,6.5676,0.3826,1.1002,6.0000,3.0000
112.2996,2246,1.7657,6.0901,3.0016,4.5004,5.4422,0.3777,4.5563,6.5695,0.3820,1.0802,6.0000,3.0000
112.3495,2247,1.7317,6.0900,3.0016,4.4726,5.4435,0.3789,4.5263,6.5715,0.3809,1.0602,6.0000,3.0000
112.3995,2248,1.7317,6.0900,3.0016,4.4726,5.4435,0.3789,4.5263,6.5715,0.3809,1.0402,6.0000,3.0000
112.4495,2249,1.6977,6.0899,3.0016,4.4448,5.4448,0.3799,4.4971,6.5739,0.3814,1.0202,6.0000,3.0000
112.4996,2250,1.6977,6.0899,3.0016,4.4448,5.4448,0.3799,4.4971,6.5739,0.3814,1.0002,6.0000,3.0000
112.5495,2251,1.6638,6.0897,3.0016,4.4168,5.4463,0.3807,4.4688,6.5759,0.3824,0.9802,6.0000,3.0000
112.5996,2252,1.6300,6.0896,3.0016,4.3885,5.4476,0.3816,4.4407,6.5776,0.3834,0.9602,6.0000,3.0000
112.6496,2253,1.6300,6.0896,3.0016,4.3885,5.4476,0.3816,4.4407,6.5776,0.3834,0.9402,6.0000,3.0000
112.6996,2254,1.5962,6.0894,3.0016,4.3595,5.4488,0.3826,4.4128,6.5789,0.3844,0.9202,6.0000,3.0000
112.7494,2255,1.5624,6.0893,3.0016,4.3297,5.4499,0.3836,4.3845,6.5800,0.3854,0.9002,6.0000,3.0000
112.7996,2256,1.5624,6.0893,3.0016,4.3297,5.4499,0.3836,4.3845,6.5800,0.3854,0.8802,6.0000,3.0000
112.8495,2257,1.5287,6.0892,3.0016,4.2994,5.4509,0.3836,4.3555,6.5810,0.3861,0.8602,6.0000,3.0000
112.8996,2258,1.5287,6.0892,3.0016,4.2994,5.4509,0.3836,4.3555,6.5810,0.3861,0.8402,6.0000,3.0000
112.9495,2259,1.4950,6.0890,3.0016,4.2691,5.4519,0.3821,4.3256,6.5821,0.3867,0.8202,6.0000,3.0000
112.9995,2260,1.4612,6.0889,3.0016,4.2387,5.4532,0.3793,4.2949,6.5831,0.3870,0.8002,6.0000,3.0000
113.0495,2261,1.4612,6.0889,3.0016,4.2387,5.4532,0.3793,4.2949,6.5831,0.3870,0.7802,6.0000,3.0000
113.0995,2262,1.4275,6.0887,3.0016,4.2090,5.4543,0.3770,4.2641,6.5841,0.3871,0.7602,6.0000,3.0000
113.1496,2263,1.4275,6.0887,3.0016,4.2090,5.4543,0.3770,4.2641,6.5841,0.3871,0.7402,6.0000,3.0000
113.1995,2264,1.3937,6.0886,3.0016,4.1799,5.4556,0.3753,4.2335,6.5848,0.3863,0.7202,6.0000,3.0000
113.2495,2265,1.3600,6.0885,3.0016,4.1511,5.4568,0.3740,4.2035,6.5854,0.3859,0.7002,6.0000,3.0000
113.2995,2266,1.3600,6.0885,3.0016,4.1511,5.4568,0.3740,4.2035,6.5854,0.3859,0.6802,6.0000,3.0000
113.3495,2267,1.3264,6.0883,3.0015,4.1222,5.4580,0.3728,4.1743,6.5860,0.3861,0.6602,6.0000,3.0000
113.3996,2268,1.3264,6.0883,3.0015,4.1222,5.4580,0.3728,4.1743,6.5860,0.3861,0.6402,6.0000,3.0000
113.4496,2269,1.2928,6.0882,3.0015,4.0928,5.4590,0.3717,4.1452,6.5866,0.3863,0.6202,6.0000,3.0000
113.4995,2270,1.2928,6.0882,3.0015,4.0928,5.4590,0.3717,4.1452,6.5866,0.3863,0.6002,6.0000,3.0000
113.5495,2271,1.2591,6.0881,3.0015,4.0627,5.4598,0.3710,4.1161,6.5872,0.3868,0.5802,6.0000,3.0000
113.5995,2272,1.2254,6.0879,3.0015,4.0319,5.4605,0.3708,4.0869,6.5879,0.3875,0.5602,6.0000,3.0000
113.6495,2273,1.2254,6.0879,3.0015,4.0319,5.4605,0.3708,4.0869,6.5879,0.3875,0.5402,6.0000,3.0000
113.6996,2274,1.1916,6.0878,3.0015,4.0019,5.4608,0.3718,4.0573,6.5887,0.3883,0.5202,6.0000,3.0000
113.7496,2275,1.1916,6.0878,3.0015,4.0019,5.4608,0.3718,4.0573,6.5887,0.3883,0.5002,6.0000,3.0000
113.7995,2276,1.1577,6.0876,3.0015,3.9732,5.4611,0.3739,4.0273,6.5898,0.3890,0.4802,6.0000,3.0000
113.8495,2277,1.1237,6.0875,3.0015,3.9450,5.4615,0.3761,3.9973,6.5910,0.3886,0.4602,6.0000,3.0000
113.8996,2278,1.1237,6.0875,3.0015,3.9450,5.4615,0.3761,3.9973,6.5910,0.3886,0.4402,6.0000,3.0000
113.9495,2279,1.0898,6.0874,3.0015,3.9169,5.4620,0.3781,3.9675,6.5924,0.3878,0.4202,6.0000,3.0000
113.9994,2280,1.0898,6.0874,3.0015,3.8888,5.4628,0.3799,3.9675,6.5924,0.3878,0.4002,6.0000,3.0000
114.0496,2281,1.0558,6.0872,3.0015,3.8888,5.4628,0.3799,3.9387,6.5941,0.3876,0.3802,6.0000,3.0000
114.0996,2282,1.0218,6.0871,3.0015,3.8604,5.4635,0.3816,3.9105,6.5954,0.3873,0.3602,6.0000,3.0000
114.1496,2283,1.0218,6.0871,3.0015,3.8604,5.4635,0.3816,3.9105,6.5954,0.3873,0.3402,6.0000,3.0000
114.1996,2284,0.9878,6.0870,3.0015,3.8315,5.4641,0.3831,3.8824,6.5965,0.3872,0.3202,6.0000,3.0000
114.2494,2285,0.9538,6.0868,3.0015,3.8017,5.4647,0.3843,3.8542,6.5973,0.3872,0.3002,6.0000,3.0000
114.2995,2286,0.9538,6.0868,3.0015,3.8017,5.4647,0.3843,3.8542,6.5973,0.3872,0.2802,6.0000,3.0000
114.3495,2287,0.9197,6.0867,3.0015,3.7712,5.4652,0.3844,3.8256,6.5981,0.3871,0.2602,6.0000,3.0000
114.3995,2288,0.9197,6.0867,3.0015,3.7712,5.4652,0.3844,3.8256,6.5981,0.3871,0.2402,6.0000,3.0000
114.4496,2289,0.8857,6.0866,3.0015,3.7407,5.4658,0.3832,3.7965,6.5988,0.3871,0.2202,6.0000,3.0000
114.4996,2290,0.8857,6.0866,3.0015,3.7407,5.4658,0.3832,3.7965,6.5988,0.3871,0.2001,6.0000,3.0000
114.5495,2291,0.8516,6.0864,3.0015,3.7102,5.4665,0.3806,3.7666,6.5996,0.3873,0.1802,6.0000,3.0000
114.5995,2292,0.8174,6.0863,3.0015,3.6803,5.4672,0.3785,3.7360,6.6004,0.3873,0.1602,6.0000,3.0000
114.6495,2293,0.8174,6.0863,3.0015,3.6803,5.4672,0.3785,3.7360,6.6004,0.3873,0.1402,6.0000,3.0000
114.6995,2294,0.7832,6.0862,3.0015,3.6511,5.4681,0.3771,3.7054,6.6013,0.3870,0.1202,6.0000,3.0000
114.7495,2295,0.7489,6.0860,3.0015,3.6223,5.4691,0.3760,3.6749,6.6019,0.3860,0.1002,6.0000,3.0000
114.7996,2296,0.7489,6.0860,3.0015,3.6223,5.4691,0.3760,3.6749,6.6019,0.3860,0.0802,6.0000,3.0000
114.8496,2297,0.7147,6.0859,3.0015,3.5934,5.4701,0.3751,3.6449,6.6023,0.3852,0.0602,6.0000,3.0000
114.8995,2298,0.7147,6.0859,3.0015,3.5934,5.4701,0.3751,3.6449,6.6023,0.3852,0.0402,6.0000,3.0000
114.9495,2299,0.6805,6.0858,3.0015,3.5640,5.4711,0.3742,3.6154,6.6026,0.3851,0.0202,6.0000,3.0000
114.9994,2300,0.6805,6.0858,3.0015,3.5339,5.4722,0.3736,3.6154,6.6026,0.3851,0.0002,6.0000,3.0000
115.0496,2301,0.6463,6.0856,3.0015,3.5339,5.4722,0.3736,3.5862,6.6029,0.3852,0.0000,6.0198,3.0000
115.0996,2302,0.6121,6.0855,3.0015,3.5031,5.4733,0.3734,3.5569,6.6030,0.3854,0.0000,6.0398,3.0000
115.1496,2303,0.6121,6.0855,3.0015,3.5031,5.4733,0.3734,3.5569,6.6030,0.3854,0.0000,6.0598,3.0000
115.1995,2304,0.5782,6.0856,3.0015,3.4728,5.4742,0.3744,3.5275,6.6032,0.3859,0.0000,6.0798,3.0000
115.2495,2305,0.5448,6.0862,3.0015,3.4438,5.4750,0.3765,3.4979,6.6035,0.3867,0.0000,6.0998,3.0000
115.2996,2306,0.5448,6.0862,3.0015,3.4438,5.4750,0.3765,3.4979,6.6035,0.3867,0.0000,6.1198,3.0000
115.3495,2307,0.5122,6.0876,3.0015,3.4156,5.4758,0.3789,3.4678,6.6039,0.3872,0.0000,6.1398,3.0000
115.3995,2308,0.5122,6.0876,3.0015,3.4156,5.4758,0.3789,3.4678,6.6039,0.3872,0.0000,6.1598,3.0000
115.4495,2309,0.4805,6.0900,3.0015,3.3876,5.4766,0.3813,3.4376,6.6044,0.3867,0.0000,6.1798,3.0000
115.4995,2310,0.4805,6.0900,3.0015,3.3876,5.4766,0.3813,3.4376,6.6044,0.3867,0.0000,6.1998,3.0000
115.5495,2311,0.4499,6.0933,3.0015,3.3596,5.4775,0.3835,3.4077,6.6051,0.3857,0.0000,6.2198,3.0000
115.5995,2312,0.4499,6.0933,3.0015,3.3596,5.4775,0.3835,3.4077,6.6051,0.3857,0.0000,6.2398,3.0000
115.6496,2313,0.4203,6.0979,3.0015,3.3312,5.4785,0.3851,3.3788,6.6062,0.3856,0.0000,6.2598,3.0000
115.6996,2314,0.3919,6.1039,3.0015,3.3022,5.4795,0.3863,3.3505,6.6069,0.3855,0.0000,6.2798,3.0000
115.7497,2315,0.3919,6.1039,3.0015,3.3022,5.4795,0.3863,3.3505,6.6069,0.3855,0.0000,6.2999,3.0000
115.7996,2316,0.3647,6.1110,3.0015,3.2726,5.4802,0.3875,3.3225,6.6074,0.3855,0.0000,6.3198,3.0000
115.8495,2317,0.3647,6.1110,3.0015,3.2726,5.4802,0.3875,3.3225,6.6074,0.3855,0.0000,6.3398,3.0000
115.8996,2318,0.3387,6.1194,3.0015,3.2422,5.4809,0.3878,3.2945,6.6077,0.3857,0.0000,6.3598,3.0000
115.9495,2319,0.3138,6.1288,3.0015,3.2118,5.4817,0.3865,3.2662,6.6080,0.3860,0.0000,6.3798,3.0000
115.9996,2320,0.3138,6.1288,3.0015,3.2118,5.4817,0.3865,3.2662,6.6080,0.3860,0.0000,6.3998,3.0000
116.0496,2321,0.2900,6.1394,3.0015,3.1812,5.4825,0.3838,3.2372,6.6084,0.3861,0.0000,6.4198,3.0000
116.0996,2322,0.2900,6.1394,3.0015,3.1812,5.4825,0.3838,3.2372,6.6084,0.3861,0.0000,6.4398,3.0000
116.1495,2323,0.2673,6.1511,3.0015,3.1509,5.4835,0.3807,3.2074,6.6089,0.3863,0.0000,6.4598,3.0000
116.1995,2324,0.2458,6.1640,3.0015,3.1215,5.4845,0.3785,3.1769,6.6094,0.3863,0.0000,6.4798,3.0000
116.2496,2325,0.2458,6.1640,3.0015,3.1215,5.4845,0.3785,3.1769,6.6094,0.3863,0.0000,6.4998,3.0000
116.2996,2326,0.2252,6.1779,3.0015,3.0926,5.4856,0.3770,3.1461,6.6099,0.3856,0.0000,6.5198,3.0000
116.3496,2327,0.2252,6.1779,3.0015,3.0926,5.4856,0.3770,3.1461,6.6099,0.3856,0.0000,6.5398,3.0000
116.3996,2328,0.2057,6.1928,3.0015,3.0638,5.4867,0.3757,3.1154,6.6103,0.3842,0.0000,6.5598,3.0000
116.4496,2329,0.2057,6.1928,3.0015,3.0638,5.4867,0.3757,3.1154,6.6103,0.3842,0.0000,6.5798,3.0000
116.4996,2330,0.1871,6.2088,3.0015,3.0347,5.4877,0.3744,3.0854,6.6107,0.3830,0.0000,6.5998,3.0000
116.5496,2331,0.1871,6.2088,3.0015,3.0347,5.4877,0.3744,3.0854,6.6107,0.3830,0.0000,6.6198,3.0000
116.5995,2332,0.1695,6.2257,3.0015,3.0049,5.4887,0.3734,3.0562,6.6112,0.3826,0.0000,6.6398,3.0000
116.6495,2333,0.1527,6.2434,3.0015,2.9743,5.4896,0.3727,3.0272,6.6119,0.3824,0.0000,6.6598,3.0000
116.6996,2334,0.1527,6.2434,3.0015,2.9743,5.4896,0.3727,3.0272,6.6119,0.3824,0.0000,6.6798,3.0000
116.7495,2335,0.1368,6.2620,3.0015,2.9438,5.4904,0.3724,2.9983,6.6126,0.3826,0.0000,6.6998,3.0000
116.7995,2336,0.1368,6.2620,3.0015,2.9438,5.4904,0.3724,2.9983,6.6126,0.3826,0.0000,6.7198,3.0000
116.8496,2337,0.1217,6.2815,3.0015,2.9146,5.4911,0.3733,2.9694,6.6137,0.3830,0.0000,6.7398,3.0000
116.8995,2338,0.1074,6.3019,3.0015,2.8862,5.4919,0.3747,2.9403,6.6151,0.3838,0.0000,6.7598,3.0000
116.9496,2339,0.1074,6.3019,3.0015,2.8862,5.4919,0.3747,2.9403,6.6151,0.3838,0.0000,6.7798,3.0000
116.9995,2340,0.0938,6.3231,3.0015,2.8581,5.4928,0.3760,2.9107,6.6169,0.3847,0.0000,6.7998,3.0000
117.0496,2341,0.0938,6.3231,3.0015,2.8581,5.4928,0.3760,2.9107,6.6169,0.3847,0.0000,6.8198,3.0000
117.0995,2342,0.0809,6.3450,3.0015,2.8299,5.4938,0.3770,2.8806,6.6189,0.3849,0.0000,6.8398,3.0000
117.1494,2343,0.0686,6.3676,3.0015,2.8016,5.4950,0.3778,2.8507,6.6212,0.3838,0.0000,6.8598,3.0000
117.1995,2344,0.0686,6.3676,3.0015,2.8016,5.4950,0.3778,2.8507,6.6212,0.3838,0.0000,6.8798,3.0000
117.2496,2345,0.0570,6.3909,3.0015,2.7727,5.4961,0.3785,2.8216,6.6240,0.3839,0.0000,6.8998,3.0000
117.2995,2346,0.0570,6.3909,3.0015,2.7727,5.4961,0.3785,2.8216,6.6240,0.3839,0.0000,6.9198,3.0000
117.3496,2347,0.0460,6.4148,3.0015,2.7429,5.4974,0.3788,2.7934,6.6268,0.3844,0.0000,6.9398,3.0000
117.3995,2348,0.0355,6.4392,3.0015,2.7122,5.4985,0.3789,2.7654,6.6295,0.3846,0.0000,6.9598,3.0000
117.4496,2349,0.0355,6.4392,3.0015,2.7122,5.4985,0.3789,2.7654,6.6295,0.3846,0.0000,6.9798,3.0000
117.4995,2350,0.0256,6.4642,3.0015,2.6809,5.4998,0.3777,2.7373,6.6321,0.3848,0.0000,6.9998,3.0000
117.5496,2351,0.0256,6.4642,3.0015,2.6809,5.4998,0.3777,2.7373,6.6321,0.3848,0.0000,7.0198,3.0000
117.5995,2352,0.0163,6.4897,3.0015,2.6499,5.5012,0.3753,2.7091,6.6347,0.3849,0.0000,7.0398,3.0000
117.6496,2353,0.0163,6.4897,3.0015,2.6499,5.5012,0.3753,2.7091,6.6347,0.3849,0.0000,7.0598,3.0000
117.6995,2354,0.0074,6.5156,3.0015,2.6195,5.5026,0.3733,2.6803,6.6375,0.3849,0.0000,7.0798,3.0000
117.7495,2355,-0.0011,6.5421,3.0015,2.5900,5.5044,0.3721,2.6508,6.6407,0.3850,0.0000,7.0998,3.0000
117.7996,2356,-0.0011,6.5421,3.0015,2.5900,5.5044,0.3721,2.6508,6.6407,0.3850,0.0000,7.1198,3.0000
117.8495,2357,-0.0091,6.5691,3.0015,2.5609,5.5066,0.3714,2.6205,6.6443,0.3852,0.0000,7.1398,3.0000
117.8996,2358,-0.0091,6.5691,3.0015,2.5609,5.5066,0.3714,2.6205,6.6443,0.3852,0.0000,7.1598,3.0000
117.9496,2359,-0.0166,6.5964,3.0015,2.5321,5.5090,0.3709,2.5898,6.6482,0.3846,0.0000,7.1798,3.0000
117.9996,2360,-0.0238,6.6241,3.0015,2.5035,5.5115,0.3707,2.5593,6.6522,0.3835,0.0000,7.1998,3.0000
118.0495,2361,-0.0238,6.6241,3.0015,2.5035,5.5115,0.3707,2.5593,6.6522,0.3835,0.0000,7.2198,3.0000
118.0995,2362,-0.0306,6.6520,3.0015,2.4745,5.5142,0.3707,2.5295,6.6560,0.3823,0.0000,7.2398,3.0000
118.1495,2363,-0.0306,6.6520,3.0015,2.4448,5.5171,0.3708,2.5295,6.6560,0.3823,0.0000,7.2598,3.0000
118.1995,2364,-0.0370,6.6803,3.0015,2.4448,5.5171,0.3708,2.5006,6.6600,0.3819,0.0000,7.2798,3.0000
118.2496,2365,-0.0431,6.7089,3.0015,2.4145,5.5201,0.3706,2.4722,6.6641,0.3820,0.0000,7.2998,3.0000
118.2995,2366,-0.0431,6.7089,3.0015,2.4145,5.5201,0.3706,2.4722,6.6641,0.3820,0.0000,7.3198,3.0000
118.3496,2367,-0.0489,6.7378,3.0015,2.3850,5.5233,0.3718,2.4442,6.6683,0.3823,0.0000,7.3398,3.0000
118.3995,2368,-0.0489,6.7378,3.0015,2.3850,5.5233,0.3718,2.4442,6.6683,0.3823,0.0000,7.3598,3.0000
118.4495,2369,-0.0544,6.7669,3.0015,2.3567,5.5269,0.3739,2.4164,6.6729,0.3828,0.0000,7.3798,3.0000
118.4995,2370,-0.0596,6.7964,3.0015,2.3289,5.5308,0.3756,2.3885,6.6779,0.3837,0.0000,7.3998,3.0000
118.5495,2371,-0.0596,6.7964,3.0015,2.3289,5.5308,0.3756,2.3885,6.6779,0.3837,0.0000,7.4198,3.0000
118.5995,2372,-0.0645,6.8262,3.0015,2.3012,5.5349,0.3769,2.3600,6.6835,0.3847,0.0000,7.4398,3.0000
118.6494,2373,-0.0645,6.8262,3.0015,2.2735,5.5394,0.3780,2.3600,6.6835,0.3847,0.0000,7.4597,3.0000
118.6995,2374,-0.0691,6.8563,3.0015,2.2735,5.5394,0.3780,2.3313,6.6896,0.3852,0.0000,7.4798,3.0000
118.7495,2375,-0.0735,6.8865,3.0015,2.2455,5.5445,0.3785,2.3027,6.6962,0.3847,0.0000,7.4998,3.0000
118.7995,2376,-0.0735,6.8865,3.0015,2.2455,5.5445,0.3785,2.3027,6.6962,0.3847,0.0000,7.5198,3.0000
118.8496,2377,-0.0776,6.9169,3.0015,2.2171,5.5500,0.3788,2.2743,6.7033,0.3833,0.0000,7.5398,3.0000
118.8994,2378,-0.0816,6.9474,3.0015,2.1881,5.5558,0.3790,2.2465,6.7111,0.3828,0.0000,7.5598,3.0000
118.9496,2379,-0.0816,6.9474,3.0015,2.1881,5.5558,0.3790,2.2465,6.7111,0.3828,0.0000,7.5798,3.0000
118.9995,2380,-0.0853,6.9782,3.0015,2.1581,5.5620,0.3790,2.2198,6.7188,0.3828,0.0000,7.5998,3.0000
119.0495,2381,-0.0853,6.9782,3.0015,2.1581,5.5620,0.3790,2.2198,6.7188,0.3828,0.0000,7.6198,3.0000
119.0995,2382,-0.0888,7.0091,3.0015,2.1274,5.5686,0.3773,2.1933,6.7264,0.3827,0.0000,7.6398,3.0000
119.1495,2383,-0.0888,7.0091,3.0015,2.1274,5.5686,0.3773,2.1933,6.7264,0.3827,0.0000,7.6598,3.0000
119.1995,2384,-0.0921,7.0402,3.0015,2.0973,5.5753,0.3740,2.1669,6.7340,0.3828,0.0000,7.6798,3.0000
119.2495,2385,-0.0953,7.0715,3.0015,2.0685,5.5822,0.3719,2.1404,6.7417,0.3830,0.0000,7.6998,3.0000
119.2995,2386,-0.0953,7.0715,3.0015,2.0685,5.5822,0.3719,2.1404,6.7417,0.3830,0.0000,7.7198,3.0000
119.3496,2387,-0.0982,7.1031,3.0015,2.0406,5.5894,0.3705,2.1132,6.7499,0.3829,0.0000,7.7398,3.0000
119.3995,2388,-0.0982,7.1031,3.0015,2.0406,5.5894,0.3705,2.1132,6.7499,0.3829,0.0000,7.7598,3.0000
119.4495,2389,-0.1010,7.1348,3.0015,2.0133,5.5972,0.3697,2.0854,6.7589,0.3829,0.0000,7.7798,3.0000
119.4995,2390,-0.1037,7.1666,3.0015,1.9866,5.6052,0.3693,2.0570,6.7687,0.3830,0.0000,7.7998,3.0000
119.5495,2391,-0.1037,7.1666,3.0015,1.9866,5.6052,0.3693,2.0570,6.7687,0.3830,0.0000,7.8198,3.0000
119.5996,2392,-0.1062,7.1984,3.0015,1.9600,5.6137,0.3690,2.0282,6.7790,0.3824,0.0000,7.8398,3.0000
119.6496,2393,-0.1062,7.1984,3.0015,1.9600,5.6137,0.3690,2.0282,6.7790,0.3824,0.0000,7.8598,3.0000
119.6996,2394,-0.1085,7.2304,3.0015,1.9335,5.6227,0.3690,1.9998,6.7896,0.3811,0.0000,7.8798,3.0000
119.7496,2395,-0.1108,7.2625,3.0015,1.9066,5.6325,0.3693,1.9725,6.7999,0.3807,0.0000,7.8998,3.0000
119.7996,2396,-0.1108,7.2625,3.0015,1.9066,5.6325,0.3693,1.9725,6.7999,0.3807,0.0000,7.9198,3.0000
119.8495,2397,-0.1129,7.2946,3.0015,1.8792,5.6429,0.3695,1.9459,6.8102,0.3809,0.0000,7.9398,3.0000
119.8995,2398,-0.1149,7.3269,3.0015,1.8518,5.6536,0.3688,1.9199,6.8205,0.3813,0.0000,7.9598,3.0000
119.9496,2399,-0.1149,7.3269,3.0015,1.8518,5.6536,0.3688,1.9199,6.8205,0.3813,0.0000,7.9798,3.0000
119.9995,2400,-0.1167,7.3593,3.0015,1.8253,5.6647,0.3690,1.8942,6.8310,0.3820,0.0000,7.9998,3.0000
120.0496,2401,-0.1167,7.3593,3.0015,1.8253,5.6647,0.3690,1.8942,6.8310,0.3820,0.0198,8.0000,3.0000
120.0995,2402,-0.1185,7.3917,3.0015,1.8002,5.6758,0.3705,1.8687,6.8421,0.3828,0.0398,8.0000,3.0000
120.1495,2403,-0.1200,7.4241,3.0015,1.7755,5.6869,0.3721,1.8432,6.8538,0.3837,0.0598,8.0000,3.0000
120.1995,2404,-0.1200,7.4241,3.0015,1.7755,5.6869,0.3721,1.8432,6.8538,0.3837,0.0798,8.0000,3.0000
120.2496,2405,-0.1209,7.4561,3.0015,1.7512,5.6980,0.3736,1.8176,6.8664,0.3848,0.0998,8.0000,3.0000
120.2996,2406,-0.1209,7.4561,3.0015,1.7512,5.6980,0.3736,1.8176,6.8664,0.3848,0.1198,8.0000,3.0000
120.3496,2407,-0.1210,7.4874,3.0015,1.7269,5.7095,0.3749,1.7917,6.8797,0.3855,0.1398,8.0000,3.0000
120.3995,2408,-0.1200,7.5179,3.0015,1.7025,5.7215,0.3756,1.7660,6.8935,0.3849,0.1598,8.0000,3.0000
120.4495,2409,-0.1200,7.5179,3.0015,1.7025,5.7215,0.3756,1.7660,6.8935,0.3849,0.1798,8.0000,3.0000
120.4995,2410,-0.1180,7.5475,3.0015,1.6775,5.7341,0.3760,1.7410,6.9080,0.3839,0.1998,8.0000,3.0000
120.5495,2411,-0.1180,7.5475,3.0015,1.6775,5.7341,0.3760,1.7410,6.9080,0.3839,0.2198,8.0000,3.0000
120.5995,2412,-0.1149,7.5760,3.0015,1.6520,5.7472,0.3762,1.7170,6.9228,0.3832,0.2398,8.0000,3.0000
120.6494,2413,-0.1105,7.6035,3.0015,1.6258,5.7612,0.3762,1.6937,6.9372,0.3830,0.2598,8.0000,3.0000
120.6996,2414,-0.1105,7.6035,3.0015,1.6258,5.7612,0.3762,1.6937,6.9372,0.3830,0.2798,8.0000,3.0000
120.7496,2415,-0.1048,7.6299,3.0015,1.5989,5.7759,0.3756,1.6706,6.9514,0.3830,0.2998,8.0000,3.0000
120.7996,2416,-0.1048,7.6299,3.0015,1.5989,5.7759,0.3756,1.6706,6.9514,0.3830,0.3198,8.0000,3.0000
120.8495,2417,-0.0980,7.6552,3.0015,1.5723,5.7909,0.3738,1.6477,6.9656,0.3830,0.3398,8.0000,3.0000
120.8996,2418,-0.0980,7.6552,3.0015,1.5723,5.7909,0.3738,1.6477,6.9656,0.3830,0.3598,8.0000,3.0000
120.9496,2419,-0.0899,7.6793,3.0015,1.5467,5.8055,0.3726,1.6245,6.9801,0.3830,0.3798,8.0000,3.0000
120.9995,2420,-0.0805,7.7024,3.0015,1.5222,5.8203,0.3721,1.6008,6.9955,0.3827,0.3998,8.0000,3.0000
121.0496,2421,-0.0805,7.7024,3.0015,1.5222,5.8203,0.3721,1.6008,6.9955,0.3827,0.4198,8.0000,3.0000
121.0995,2422,-0.0698,7.7244,3.0015,1.4984,5.8353,0.3719,1.5765,7.0120,0.3824,0.4398,8.0000,3.0000
121.1495,2423,-0.0698,7.7244,3.0015,1.4984,5.8353,0.3719,1.5765,7.0120,0.3824,0.4598,8.0000,3.0000
121.1995,2424,-0.0581,7.7454,3.0015,1.4751,5.8506,0.3720,1.5516,7.0296,0.3822,0.4798,8.0000,3.0000
121.2495,2425,-0.0451,7.7653,3.0015,1.4522,5.8663,0.3722,1.5269,7.0479,0.3812,0.4998,8.0000,3.0000
121.2996,2426,-0.0451,7.7653,3.0015,1.4522,5.8663,0.3722,1.5269,7.0479,0.3812,0.5198,8.0000,3.0000
121.3495,2427,-0.0311,7.7843,3.0015,1.4293,5.8827,0.3726,1.5030,7.0658,0.3801,0.5398,8.0000,3.0000
121.3996,2428,-0.0311,7.7843,3.0015,1.4293,5.8827,0.3726,1.5030,7.0658,0.3801,0.5598,8.0000,3.0000
121.4496,2429,-0.0161,7.8024,3.0015,1.4063,5.8999,0.3733,1.4802,7.0832,0.3802,0.5798,8.0000,3.0000
121.4995,2430,-0.0161,7.8024,3.0015,1.4063,5.8999,0.3733,1.4802,7.0832,0.3802,0.5998,8.0000,3.0000
121.5495,2431,-0.0001,7.8195,3.0015,1.3833,5.9179,0.3738,1.4577,7.1002,0.3805,0.6198,8.0000,3.0000
121.5995,2432,0.0169,7.8359,3.0015,1.3605,5.9365,0.3734,1.4354,7.1174,0.3807,0.6398,8.0000,3.0000
121.6496,2433,0.0169,7.8359,3.0015,1.3605,5.9365,0.3734,1.4354,7.1174,0.3807,0.6598,8.0000,3.0000
121.6997,2434,0.0347,7.8513,3.0014,1.3383,5.9553,0.3725,1.4135,7.1349,0.3812,0.6799,8.0000,3.0000
121.7496,2435,0.0347,7.8513,3.0014,1.3383,5.9553,0.3725,1.4135,7.1349,0.3812,0.6998,8.0000,3.0000
121.7995,2436,0.0534,7.8661,3.0014,1.3175,5.9741,0.3728,1.3916,7.1531,0.3818,0.7198,8.0000,3.0000
121.8496,2437,0.0534,7.8661,3.0014,1.3175,5.9741,0.3728,1.3916,7.1531,0.3818,0.7398,8.0000,3.0000
121.8995,2438,0.0731,7.8800,3.0014,1.2971,5.9926,0.3732,1.3698,7.1721,0.3825,0.7598,8.0000,3.0000
121.9495,2439,0.0935,7.8933,3.0014,1.2770,6.0110,0.3738,1.3479,7.1919,0.3832,0.7798,8.0000,3.0000
121.9997,2440,0.0935,7.8933,3.0014,1.2770,6.0110,0.3738,1.3479,7.1919,0.3832,0.7999,8.0000,3.0000
122.0496,2441,0.1147,7.9058,3.0014,1.2572,6.0295,0.3745,1.3262,7.2124,0.3829,0.8198,8.0000,3.0000
122.0994,2442,0.1147,7.9058,3.0014,1.2377,6.0484,0.3754,1.3262,7.2124,0.3829,0.8398,8.0000,3.0000
122.1495,2443,0.1366,7.9178,3.0014,1.2377,6.0484,0.3754,1.3052,7.2333,0.3819,0.8598,8.0000,3.0000
122.1996,2444,0.1592,7.9291,3.0014,1.2180,6.0679,0.3761,1.2855,7.2542,0.3817,0.8798,8.0000,3.0000
122.2496,2445,0.1592,7.9291,3.0014,1.2180,6.0679,0.3761,1.2855,7.2542,0.3817,0.8998,8.0000,3.0000
122.2995,2446,0.1824,7.9398,3.0014,1.1980,6.0881,0.3766,1.2667,7.2745,0.3823,0.9198,8.0000,3.0000
122.3494,2447,0.2062,7.9500,3.0014,1.1776,6.1094,0.3771,1.2485,7.2944,0.3834,0.9398,8.0000,3.0000
122.3996,2448,0.2062,7.9500,3.0014,1.1776,6.1094,0.3771,1.2485,7.2944,0.3834,0.9598,8.0000,3.0000
122.4495,2449,0.2306,7.9596,3.0014,1.1569,6.1318,0.3774,1.2308,7.3142,0.3849,0.9798,8.0000,3.0000
122.4995,2450,0.2306,7.9596,3.0014,1.1569,6.1318,0.3774,1.2308,7.3142,0.3849,0.9998,8.0000,3.0000
122.5496,2451,0.2555,7.9688,3.0014,1.1364,6.1544,0.3768,1.2135,7.3341,0.3868,1.0198,8.0000,3.0000
122.5996,2452,0.2809,7.9775,3.0014,1.1165,6.1766,0.3758,1.1967,7.3544,0.3881,1.0398,8.0000,3.0000
122.6496,2453,0.2809,7.9775,3.0014,1.1165,6.1766,0.3758,1.1967,7.3544,0.3881,1.0598,8.0000,3.0000
122.6996,2454,0.3066,7.9857,3.0014,1.0977,6.1982,0.3757,1.1807,7.3752,0.3887,1.0798,8.0000,3.0000
122.7495,2455,0.3066,7.9857,3.0014,1.0977,6.1982,0.3757,1.1807,7.3752,0.3887,1.0998,8.0000,3.0000
122.7996,2456,0.3328,7.9935,3.0014,1.0796,6.2197,0.3760,1.1658,7.3965,0.3885,1.1199,8.0000,3.0000
122.8495,2457,0.3328,7.9935,3.0014,1.0796,6.2197,0.3760,1.1658,7.3965,0.3885,1.1398,8.0000,3.0000
122.8995,2458,0.3595,8.0009,3.0014,1.0622,6.2411,0.3767,1.1519,7.4178,0.3881,1.1598,8.0000,3.0000
122.9494,2459,0.3868,8.0079,3.0014,1.0452,6.2625,0.3776,1.1401,7.4377,0.3887,1.1798,8.0000,3.0000
122.9996,2460,0.3868,8.0079,3.0014,1.0452,6.2625,0.3776,1.1401,7.4377,0.3887,1.1998,8.0000,3.0000
123.0496,2461,0.4145,8.0145,3.0014,1.0286,6.2841,0.3787,1.1304,7.4560,0.3909,1.2198,8.0000,3.0000
123.0996,2462,0.4145,8.0145,3.0014,1.0286,6.2841,0.3787,1.1304,7.4560,0.3909,1.2398,8.0000,3.0000
123.1496,2463,0.4426,8.0208,3.0014,1.0125,6.3062,0.3799,1.1221,7.4730,0.3938,1.2598,8.0000,3.0000
123.1996,2464,0.4426,8.0208,3.0014,0.9967,6.3288,0.3809,1.1148,7.4893,0.3963,1.2799,8.0000,3.0000
123.2496,2465,0.4711,8.0267,3.0014,0.9967,6.3288,0.3809,1.1148,7.4893,0.3963,1.2998,8.0000,3.0000
123.2995,2466,0.4999,8.0324,3.0014,0.9815,6.3518,0.3814,1.1089,7.5052,0.3981,1.3198,8.0000,3.0000
123.3495,2467,0.4999,8.0324,3.0014,0.9815,6.3518,0.3814,1.1089,7.5052,0.3981,1.3398,8.0000,3.0000
123.3996,2468,0.5291,8.0377,3.0014,0.9667,6.3749,0.3810,1.1047,7.5208,0.3984,1.3598,8.0000,3.0000
123.4496,2469,0.5291,8.0377,3.0014,0.9667,6.3749,0.3810,1.1047,7.5208,0.3984,1.3798,8.0000,3.0000
123.4995,2470,0.5586,8.0428,3.0014,0.9532,6.3975,0.3808,1.1012,7.5360,0.3956,1.3998,8.0000,3.0000
123.5495,2471,0.5884,8.0476,3.0014,0.9411,6.4188,0.3819,1.0978,7.5501,0.3909,1.4198,8.0000,3.0000
123.5996,2472,0.5884,8.0476,3.0014,0.9411,6.4188,0.3819,1.0978,7.5501,0.3909,1.4398,8.0000,3.0000
123.6495,2473,0.6186,8.0521,3.0014,0.9297,6.4394,0.3833,1.0952,7.5625,0.3856,1.4598,8.0000,3.0000
123.6995,2474,0.6186,8.0521,3.0014,0.9297,6.4394,0.3833,1.0952,7.5625,0.3856,1.4798,8.0000,3.0000
123.7495,2475,0.6491,8.0564,3.0014,0.9187,6.4598,0.3849,1.0938,7.5734,0.3803,1.4998,8.0000,3.0000
123.7996,2476,0.6491,8.0564,3.0014,0.9187,6.4598,0.3849,1.0938,7.5734,0.3803,1.5198,8.0000,3.0000
123.8495,2477,0.6798,8.0604,3.0014,0.9081,6.4800,0.3869,1.0933,7.5842,0.3734,1.5398,8.0000,3.0000
123.8994,2478,0.7109,8.0643,3.0014,0.8979,6.5003,0.3890,1.0933,7.5949,0.3641,1.5598,8.0000,3.0000
123.9495,2479,0.7109,8.0643,3.0014,0.8979,6.5003,0.3890,1.0933,7.5949,0.3641,1.5798,8.0000,3.0000
123.9995,2480,0.7422,8.0679,3.0014,0.8881,6.5210,0.3915,1.0949,7.6032,0.3554,1.5998,8.0000,3.0000
124.0495,2481,0.7422,8.0679,3.0014,0.8881,6.5210,0.3915,1.0949,7.6032,0.3554,1.6198,8.0000,3.0000
124.0995,2482,0.7737,8.0714,3.0014,0.8787,6.5418,0.3939,1.0979,7.6097,0.3466,1.6398,8.0000,3.0000
124.1495,2483,0.8054,8.0746,3.0014,0.8697,6.5625,0.3953,1.1019,7.6151,0.3377,1.6598,8.0000,3.0000
124.1996,2484,0.8054,8.0746,3.0014,0.8697,6.5625,0.3953,1.1019,7.6151,0.3377,1.6798,8.0000,3.0000
124.2496,2485,0.8372,8.0777,3.0014,0.8613,6.5828,0.3958,1.1068,7.6188,0.3299,1.6998,8.0000,3.0000
124.3000,2486,0.8372,8.0777,3.0014,0.8539,6.6017,0.3962,1.1068,7.6188,0.3299,1.7200,8.0000,3.0000
124.3496,2487,0.8691,8.0806,3.0014,0.8539,6.6017,0.3962,1.1129,7.6202,0.3247,1.7399,8.0000,3.0000
124.3995,2488,0.9012,8.0834,3.0014,0.8477,6.6190,0.3972,1.1201,7.6193,0.3223,1.7598,8.0000,3.0000
124.4496,2489,0.9012,8.0834,3.0014,0.8477,6.6190,0.3972,1.1201,7.6193,0.3223,1.7798,8.0000,3.0000
124.4995,2490,0.9334,8.0860,3.0014,0.8423,6.6351,0.3990,1.1280,7.6157,0.3232,1.7998,8.0000,3.0000
124.5495,2491,0.9334,8.0860,3.0014,0.8423,6.6351,0.3990,1.1280,7.6157,0.3232,1.8198,8.0000,3.0000
124.5996,2492,0.9657,8.0884,3.0014,0.8376,6.6506,0.4011,1.1354,7.6100,0.3265,1.8398,8.0000,3.0000
124.6495,2493,0.9982,8.0907,3.0014,0.8334,6.6658,0.4035,1.1425,7.6024,0.3305,1.8598,8.0000,3.0000
124.6995,2494,0.9982,8.0907,3.0014,0.8334,6.6658,0.4035,1.1425,7.6024,0.3305,1.8798,8.0000,3.0000
124.7496,2495,1.0310,8.0929,3.0014,0.8298,6.6805,0.4065,1.1497,7.5931,0.3335,1.8998,8.0000,3.0000
124.7995,2496,1.0310,8.0929,3.0014,0.8298,6.6805,0.4065,1.1497,7.5931,0.3335,1.9198,8.0000,3.0000
124.8496,2497,1.0638,8.0950,3.0014,0.8264,6.6941,0.4099,1.1576,7.5827,0.3347,1.9398,8.0000,3.0000
124.8995,2498,1.0638,8.0950,3.0014,0.8231,6.7064,0.4120,1.1662,7.5710,0.3346,1.9598,8.0000,3.0000
124.9496,2499,1.0967,8.0970,3.0014,0.8231,6.7064,0.4120,1.1662,7.5710,0.3346,1.9798,8.0000,3.0000
124.9995,2500,1.1298,8.0988,3.0014,0.8196,6.7171,0.4140,1.1752,7.5581,0.3356,1.9998,8.0000,3.0000
125.0496,2501,1.1298,8.0988,3.0014,0.8196,6.7171,0.4140,1.1752,7.5581,0.3356,2.0198,8.0000,3.0000
125.0996,2502,1.1629,8.1005,3.0014,0.8161,6.7265,0.4156,1.1833,7.5440,0.3380,2.0398,8.0000,3.0000
125.1495,2503,1.1629,8.1005,3.0014,0.8161,6.7265,0.4156,1.1833,7.5440,0.3380,2.0598,8.0000,3.0000
125.1995,2504,1.1962,8.1022,3.0014,0.8125,6.7346,0.4169,1.1903,7.5292,0.3409,2.0798,8.0000,3.0000
125.2505,2505,1.2296,8.1037,3.0014,0.8088,6.7413,0.4179,1.1965,7.5133,0.3446,2.1002,8.0000,3.0000
125.2995,2506,1.2296,8.1037,3.0014,0.8088,6.7413,0.4179,1.1965,7.5133,0.3446,2.1198,8.0000,3.0000
125.3495,2507,1.2630,8.1052,3.0014,0.8050,6.7467,0.4187,1.2022,7.4962,0.3488,2.1398,8.0000,3.0000
125.3996,2508,1.2630,8.1052,3.0014,0.8050,6.7467,0.4187,1.2022,7.4962,0.3488,2.1599,8.0000,3.0000
125.4495,2509,1.2965,8.1066,3.0014,0.8011,6.7507,0.4192,1.2074,7.4776,0.3528,2.1798,8.0000,3.0000
125.4998,2510,1.2965,8.1066,3.0014,0.7969,6.7533,0.4195,1.2074,7.4776,0.3528,2.1999,8.0000,3.0000
125.5496,2511,1.3301,8.1078,3.0014,0.7969,6.7533,0.4195,1.2122,7.4572,0.3565,2.2198,8.0000,3.0000
125.5995,2512,1.3639,8.1091,3.0014,0.7925,6.7549,0.4196,1.2169,7.4348,0.3594,2.2398,8.0000,3.0000
125.6496,2513,1.3639,8.1091,3.0014,0.7925,6.7549,0.4196,1.2169,7.4348,0.3594,2.2598,8.0000,3.0000
125.6995,2514,1.3977,8.1102,3.0014,0.7878,6.7553,0.4194,1.2215,7.4105,0.3617,2.2798,8.0000,3.0000
125.7494,2515,1.4317,8.1113,3.0014,0.7828,6.7548,0.4186,1.2261,7.3844,0.3649,2.2998,8.0000,3.0000
125.7995,2516,1.4317,8.1113,3.0014,0.7828,6.7548,0.4186,1.2261,7.3844,0.3649,2.3198,8.0000,3.0000
125.8494,2517,1.4658,8.1123,3.0014,0.7773,6.7538,0.4167,1.2301,7.3586,0.3679,2.3398,8.0000,3.0000
125.8996,2518,1.4658,8.1123,3.0014,0.7773,6.7538,0.4167,1.2301,7.3586,0.3679,2.3598,8.0000,3.0000
125.9496,2519,1.5000,8.1132,3.0014,0.7714,6.7525,0.4135,1.2336,7.3342,0.3718,2.3798,8.0000,3.0000
125.9996,2520,1.5000,8.1132,3.0014,0.7714,6.7525,0.4135,1.2336,7.3342,0.3718,2.3998,8.0000,3.0000
126.0496,2521,1.5343,8.1141,3.0014,0.7650,6.7509,0.4095,1.2373,7.3102,0.3748,2.4198,8.0000,3.0000
126.0995,2522,1.5686,8.1150,3.0014,0.7579,6.7490,0.4051,1.2409,7.2853,0.3751,2.4398,8.0000,3.0000
126.1496,2523,1.5686,8.1150,3.0014,0.7579,6.7490,0.4051,1.2409,7.2853,0.3751,2.4598,8.0000,3.0000
126.1996,2524,1.6030,8.1157,3.0014,0.7501,6.7467,0.4011,1.2439,7.2604,0.3712,2.4799,8.0000,3.0000
126.2495,2525,1.6030,8.1157,3.0014,0.7501,6.7467,0.4011,1.2439,7.2604,0.3712,2.4998,8.0000,3.0000
126.2995,2526,1.6374,8.1165,3.0014,0.7415,6.7437,0.3976,1.2467,7.2361,0.3656,2.5198,8.0000,3.0000
126.3496,2527,1.6719,8.1172,3.0014,0.7321,6.7401,0.3943,1.2499,7.2120,0.3601,2.5398,8.0000,3.0000
126.3995,2528,1.6719,8.1172,3.0014,0.7321,6.7401,0.3943,1.2499,7.2120,0.3601,2.5598,8.0000,3.0000
126.4495,2529,1.7064,8.1178,3.0014,0.7218,6.7359,0.3910,1.2538,7.1882,0.3570,2.5798,8.0000,3.0000
126.4994,2530,1.7409,8.1184,3.0014,0.7107,6.7312,0.3874,1.2583,7.1648,0.3550,2.5998,8.0000,3.0000
126.5496,2531,1.7409,8.1184,3.0014,0.7107,6.7312,0.3874,1.2583,7.1648,0.3550,2.6198,8.0000,3.0000
126.5995,2532,1.7755,8.1189,3.0014,0.6987,6.7262,0.3833,1.2629,7.1424,0.3541,2.6398,8.0000,3.0000
126.6495,2533,1.7755,8.1189,3.0014,0.6987,6.7262,0.3833,1.2629,7.1424,0.3541,2.6598,8.0000,3.0000
126.6995,2534,1.8100,8.1195,3.0014,0.6861,6.7204,0.3786,1.2679,7.1219,0.3546,2.6798,8.0000,3.0000
126.7495,2535,1.8100,8.1195,3.0014,0.6861,6.7204,0.3786,1.2679,7.1219,0.3546,2.6998,8.0000,3.0000
126.7995,2536,1.8445,8.1199,3.0014,0.6728,6.7139,0.3735,1.2735,7.1033,0.3559,2.7198,8.0000,3.0000
126.8495,2537,1.8791,8.1204,3.0014,0.6590,6.7067,0.3680,1.2797,7.0864,0.3575,2.7398,8.0000,3.0000
126.8996,2538,1.8791,8.1204,3.0014,0.6590,6.7067,0.3680,1.2797,7.0864,0.3575,2.7598,8.0000,3.0000
126.9496,2539,1.9137,8.1208,3.0014,0.6446,6.7000,0.3631,1.2865,7.0705,0.3592,2.7798,8.0000,3.0000
126.9996,2540,1.9137,8.1208,3.0014,0.6446,6.7000,0.3631,1.2865,7.0705,0.3592,2.7998,8.0000,3.0000
127.0496,2541,1.9483,8.1212,3.0014,0.6294,6.6941,0.3594,1.2936,7.0556,0.3605,2.8198,8.0000,3.0000
127.0994,2542,1.9829,8.1215,3.0014,0.6133,6.6887,0.3568,1.3009,7.0415,0.3613,2.8398,8.0000,3.0000
127.1495,2543,1.9829,8.1215,3.0014,0.6133,6.6887,0.3568,1.3009,7.0415,0.3613,2.8598,8.0000,3.0000
127.1995,2544,2.0175,8.1219,3.0014,0.5964,6.6838,0.3547,1.3083,7.0284,0.3612,2.8798,8.0000,3.0000
127.2496,2545,2.0175,8.1219,3.0014,0.5964,6.6838,0.3547,1.3083,7.0284,0.3612,2.8998,8.0000,3.0000
127.2996,2546,2.0520,8.1222,3.0014,0.5785,6.6796,0.3524,1.3160,7.0160,0.3608,2.9198,8.0000,3.0000
127.3498,2547,2.0520,8.1222,3.0014,0.5594,6.6760,0.3494,1.3160,7.0160,0.3608,2.9399,8.0000,3.0000
127.3995,2548,2.0866,8.1224,3.0014,0.5594,6.6760,0.3494,1.3238,7.0045,0.3601,2.9598,8.0000,3.0000
127.4496,2549,2.1212,8.1227,3.0014,0.5398,6.6726,0.3470,1.3316,6.9936,0.3596,2.9798,8.0000,3.0000
127.4997,2550,2.1212,8.1227,3.0014,0.5398,6.6726,0.3470,1.3316,6.9936,0.3596,2.9999,8.0000,3.0000
127.5496,2551,2.1558,8.1229,3.0014,0.5206,6.6697,0.3455,1.3395,6.9833,0.3589,3.0198,8.0000,3.0000
127.5994,2552,2.1904,8.1231,3.0014,0.5024,6.6672,0.3442,1.3475,6.9737,0.3579,3.0398,8.0000,3.0000
127.6495,2553,2.1904,8.1231,3.0014,0.5024,6.6672,0.3442,1.3475,6.9737,0.3579,3.0598,8.0000,3.0000
127.6996,2554,2.2250,8.1233,3.0014,0.4851,6.6650,0.3433,1.3556,6.9647,0.3569,3.0798,8.0000,3.0000
127.7496,2555,2.2250,8.1233,3.0014,0.4851,6.6650,0.3433,1.3556,6.9647,0.3569,3.0998,8.0000,3.0000
127.7996,2556,2.2596,8.1234,3.0014,0.4682,6.6631,0.3425,1.3637,6.9561,0.3559,3.1198,8.0000,3.0000
127.8496,2557,2.2596,8.1234,3.0014,0.4682,6.6631,0.3425,1.3637,6.9561,0.3559,3.1398,8.0000,3.0000
127.8995,2558,2.2942,8.1236,3.0014,0.4512,6.6622,0.3417,1.3718,6.9481,0.3546,3.1598,8.0000,3.0000
127.9496,2559,2.3288,8.1237,3.0014,0.4346,6.6624,0.3399,1.3796,6.9408,0.3526,3.1798,8.0000,3.0000
127.9996,2560,2.3288,8.1237,3.0014,0.4346,6.6624,0.3399,1.3796,6.9408,0.3526,3.1998,8.0000,3.0000
128.0495,2561,2.3634,8.1238,3.0014,0.4189,6.6631,0.3376,1.3871,6.9342,0.3500,3.2198,8.0000,3.0000
128.0995,2562,2.3980,8.1239,3.0014,0.4041,6.6640,0.3361,1.3945,6.9281,0.3469,3.2398,8.0000,3.0000
128.1496,2563,2.3980,8.1239,3.0014,0.4041,6.6640,0.3361,1.3945,6.9281,0.3469,3.2598,8.0000,3.0000
128.1995,2564,2.4326,8.1240,3.0014,0.3902,6.6649,0.3359,1.4020,6.9223,0.3438,3.2798,8.0000,3.0000
128.2495,2565,2.4672,8.1241,3.0014,0.3772,6.6659,0.3365,1.4093,6.9170,0.3405,3.2998,8.0000,3.0000
128.2996,2566,2.4672,8.1241,3.0014,0.3772,6.6659,0.3365,1.4093,6.9170,0.3405,3.3198,8.0000,3.0000
128.3495,2567,2.5017,8.1241,3.0014,0.3649,6.6669,0.3371,1.4168,6.9122,0.3369,3.3398,8.0000,3.0000
128.3995,2568,2.5361,8.1242,3.0014,0.3531,6.6678,0.3375,1.4245,6.9076,0.3334,3.3598,8.0000,3.0000
128.4495,2569,2.5361,8.1242,3.0014,0.3531,6.6678,0.3375,1.4245,6.9076,0.3334,3.3798,8.0000,3.0000
128.4995,2570,2.5704,8.1242,3.0014,0.3417,6.6682,0.3384,1.4328,6.9032,0.3306,3.3998,8.0000,3.0000
128.5494,2571,2.6046,8.1242,3.0014,0.3306,6.6683,0.3394,1.4419,6.8992,0.3279,3.4198,8.0000,3.0000
128.5996,2572,2.6046,8.1242,3.0014,0.3306,6.6683,0.3394,1.4419,6.8992,0.3279,3.4398,8.0000,3.0000
128.6496,2573,2.6387,8.1242,3.0014,0.3196,6.6683,0.3399,1.4517,6.8955,0.3253,3.4598,8.0000,3.0000
128.6994,2574,2.6727,8.1242,3.0014,0.3089,6.6679,0.3402,1.4621,6.8920,0.3240,3.4798,8.0000,3.0000
128.7495,2575,2.6727,8.1242,3.0014,0.3089,6.6679,0.3402,1.4621,6.8920,0.3240,3.4998,8.0000,3.0000
128.7996,2576,2.7065,8.1242,3.0014,0.2989,6.6672,0.3409,1.4729,6.8889,0.3234,3.5198,8.0000,3.0000
128.8496,2577,2.7065,8.1242,3.0014,0.2989,6.6672,0.3409,1.4729,6.8889,0.3234,3.5398,8.0000,3.0000
128.8995,2578,2.7403,8.1242,3.0014,0.2900,6.6662,0.3423,1.4841,6.8858,0.3239,3.5598,8.0000,3.0000
128.9495,2579,2.7739,8.1241,3.0014,0.2823,6.6651,0.3442,1.4962,6.8828,0.3250,3.5798,8.0000,3.0000
128.9996,2580,2.7739,8.1241,3.0014,0.2823,6.6651,0.3442,1.4962,6.8828,0.3250,3.5998,8.0000,3.0000
129.0496,2581,2.8074,8.1241,3.0014,0.2757,6.6640,0.3464,1.5089,6.8795,0.3273,3.6198,8.0000,3.0000
129.0996,2582,2.8409,8.1241,3.0014,0.2703,6.6628,0.3488,1.5224,6.8763,0.3295,3.6398,8.0000,3.0000
129.1496,2583,2.8409,8.1241,3.0014,0.2703,6.6628,0.3488,1.5224,6.8763,0.3295,3.6598,8.0000,3.0000
129.1996,2584,2.8744,8.1240,3.0014,0.2660,6.6615,0.3510,1.5363,6.8733,0.3301,3.6798,8.0000,3.0000
129.2495,2585,2.9078,8.1239,3.0014,0.2627,6.6602,0.3526,1.5501,6.8701,0.3284,3.6998,8.0000,3.0000
129.2995,2586,2.9078,8.1239,3.0014,0.2627,6.6602,0.3526,1.5501,6.8701,0.3284,3.7198,8.0000,3.0000
129.3495,2587,2.9412,8.1239,3.0014,0.2604,6.6587,0.3536,1.5644,6.8667,0.3244,3.7398,8.0000,3.0000
129.3995,2588,2.9745,8.1238,3.0014,0.2590,6.6568,0.3543,1.5793,6.8634,0.3189,3.7598,8.0000,3.0000
129.4496,2589,2.9745,8.1238,3.0014,0.2590,6.6568,0.3543,1.5793,6.8634,0.3189,3.7798,8.0000,3.0000
129.4995,2590,3.0077,8.1237,3.0014,0.2583,6.6548,0.3553,1.5955,6.8603,0.3129,3.7998,8.0000,3.0000
129.5496,2591,3.0077,8.1237,3.0014,0.2583,6.6548,0.3553,1.5955,6.8603,0.3129,3.8198,8.0000,3.0000
129.5995,2592,3.0409,8.1236,3.0014,0.2585,6.6530,0.3565,1.6127,6.8571,0.3074,3.8398,8.0000,3.0000
129.6496,2593,3.0741,8.1235,3.0014,0.2594,6.6516,0.3580,1.6298,6.8539,0.3049,3.8598,8.0000,3.0000
129.6996,2594,3.0741,8.1235,3.0014,0.2594,6.6516,0.3580,1.6298,6.8539,0.3049,3.8798,8.0000,3.0000
129.7496,2595,3.1072,8.1234,3.0014,0.2610,6.6504,0.3598,1.6469,6.8505,0.3056,3.8998,8.0000,3.0000
129.7997,2596,3.1072,8.1234,3.0014,0.2610,6.6504,0.3598,1.6469,6.8505,0.3056,3.9199,8.0000,3.0000
129.8495,2597,3.1404,8.1233,3.0014,0.2635,6.6492,0.3616,1.6640,6.8481,0.3076,3.9398,8.0000,3.0000
129.8995,2598,3.1735,8.1232,3.0014,0.2668,6.6481,0.3637,1.6810,6.8462,0.3100,3.9598,8.0000,3.0000
129.9496,2599,3.1735,8.1232,3.0014,0.2668,6.6481,0.3637,1.6810,6.8462,0.3100,3.9798,8.0000,3.0000
129.9996,2600,3.2066,8.1231,3.0014,0.2711,6.6470,0.3659,1.6987,6.8444,0.3133,3.9998,8.0000,3.0000
130.0495,2601,3.2397,8.1230,3.0014,0.2757,6.6463,0.3670,1.7172,6.8429,0.3185,4.0198,8.0000,3.0000
130.0996,2602,3.2397,8.1230,3.0014,0.2757,6.6463,0.3670,1.7172,6.8429,0.3185,4.0398,8.0000,3.0000
130.1496,2603,3.2728,8.1229,3.0014,0.2809,6.6462,0.3675,1.7358,6.8423,0.3248,4.0598,8.0000,3.0000
130.1994,2604,3.2728,8.1229,3.0014,0.2870,6.6463,0.3679,1.7358,6.8423,0.3248,4.0798,8.0000,3.0000
130.2495,2605,3.3059,8.1228,3.0014,0.2870,6.6463,0.3679,1.7545,6.8423,0.3311,4.0998,8.0000,3.0000
130.2995,2606,3.3390,8.1227,3.0014,0.2934,6.6470,0.3683,1.7730,6.8432,0.3379,4.1198,8.0000,3.0000
130.3495,2607,3.3390,8.1227,3.0014,0.2934,6.6470,0.3683,1.7730,6.8432,0.3379,4.1398,8.0000,3.0000
130.3996,2608,3.3721,8.1225,3.0014,0.3003,6.6483,0.3687,1.7912,6.8448,0.3442,4.1598,8.0000,3.0000
130.4495,2609,3.4052,8.1224,3.0014,0.3078,6.6502,0.3690,1.8094,6.8470,0.3492,4.1798,8.0000,3.0000
130.4995,2610,3.4052,8.1224,3.0014,0.3078,6.6502,0.3690,1.8094,6.8470,0.3492,4.1998,8.0000,3.0000
130.5495,2611,3.4383,8.1223,3.0014,0.3159,6.6524,0.3692,1.8279,6.8497,0.3534,4.2198,8.0000,3.0000
130.5996,2612,3.4383,8.1223,3.0014,0.3159,6.6524,0.3692,1.8279,6.8497,0.3534,4.2398,8.0000,3.0000
130.6495,2613,3.4715,8.1221,3.0014,0.3245,6.6548,0.3693,1.8469,6.8529,0.3564,4.2598,8.0000,3.0000
130.6995,2614,3.5046,8.1220,3.0014,0.3337,6.6575,0.3693,1.8669,6.8568,0.3579,4.2798,8.0000,3.0000
130.7495,2615,3.5046,8.1220,3.0014,0.3337,6.6575,0.3693,1.8669,6.8568,0.3579,4.2998,8.0000,3.0000
130.7995,2616,3.5376,8.1218,3.0014,0.3435,6.6603,0.3690,1.8880,6.8612,0.3587,4.3198,8.0000,3.0000
130.8496,2617,3.5376,8.1218,3.0014,0.3435,6.6603,0.3690,1.8880,6.8612,0.3587,4.3398,8.0000,3.0000
130.8995,2618,3.5707,8.1217,3.0014,0.3539,6.6633,0.3686,1.9104,6.8661,0.3597,4.3598,8.0000,3.0000
130.9494,2619,3.6040,8.1216,3.0014,0.3650,6.6665,0.3681,1.9334,6.8715,0.3610,4.3798,8.0000,3.0000
130.9995,2620,3.6040,8.1216,3.0014,0.3650,6.6665,0.3681,1.9334,6.8715,0.3610,4.3998,8.0000,3.0000
131.0496,2621,3.6373,8.1214,3.0014,0.3769,6.6697,0.3673,1.9564,6.8769,0.3618,4.4198,8.0000,3.0000
131.0995,2622,3.6373,8.1214,3.0014,0.3769,6.6697,0.3673,1.9564,6.8769,0.3618,4.4398,8.0000,3.0000
131.1496,2623,3.6706,8.1213,3.0014,0.3895,6.6732,0.3665,1.9789,6.8825,0.3626,4.4598,8.0000,3.0000
131.1995,2624,3.7041,8.1211,3.0014,0.4027,6.6766,0.3657,2.0010,6.8887,0.3633,4.4798,8.0000,3.0000
131.2496,2625,3.7041,8.1211,3.0014,0.4027,6.6766,0.3657,2.0010,6.8887,0.3633,4.4998,8.0000,3.0000
131.2995,2626,3.7376,8.1210,3.0014,0.4167,6.6801,0.3647,2.0228,6.8956,0.3638,4.5198,8.0000,3.0000
131.3496,2627,3.7376,8.1210,3.0014,0.4167,6.6801,0.3647,2.0228,6.8956,0.3638,4.5398,8.0000,3.0000
131.3996,2628,3.7711,8.1208,3.0014,0.4315,6.6836,0.3632,2.0449,6.9032,0.3641,4.5598,8.0000,3.0000
131.4495,2629,3.8047,8.1207,3.0014,0.4472,6.6873,0.3613,2.0677,6.9116,0.3641,4.5798,8.0000,3.0000
131.4996,2630,3.8047,8.1207,3.0014,0.4472,6.6873,0.3613,2.0677,6.9116,0.3641,4.5998,8.0000,3.0000
131.5495,2631,3.8382,8.1205,3.0014,0.4642,6.6913,0.3590,2.0913,6.9205,0.3650,4.6198,8.0000,3.0000
131.5994,2632,3.8717,8.1203,3.0014,0.4825,6.6954,0.3573,2.1155,6.9299,0.3675,4.6398,8.0000,3.0000
131.6495,2633,3.8717,8.1203,3.0014,0.4825,6.6954,0.3573,2.1155,6.9299,0.3675,4.6598,8.0000,3.0000
131.6995,2634,3.9053,8.1202,3.0014,0.5021,6.6998,0.3575,2.1400,6.9399,0.3704,4.6798,8.0000,3.0000
131.7495,2635,3.9053,8.1202,3.0014,0.5021,6.6998,0.3575,2.1400,6.9399,0.3704,4.6998,8.0000,3.0000
131.7996,2636,3.9388,8.1200,3.0014,0.5227,6.7046,0.3581,2.1649,6.9504,0.3731,4.7198,8.0000,3.0000
131.8495,2637,3.9723,8.1199,3.0014,0.5442,6.7098,0.3584,2.1897,6.9608,0.3746,4.7398,8.0000,3.0000
131.8995,2638,3.9723,8.1199,3.0014,0.5442,6.7098,0.3584,2.1897,6.9608,0.3746,4.7598,8.0000,3.0000
131.9495,2639,4.0058,8.1197,3.0014,0.5661,6.7154,0.3586,2.2141,6.9713,0.3757,4.7798,8.0000,3.0000
131.9994,2640,4.0393,8.1195,3.0014,0.5880,6.7214,0.3590,2.2384,6.9818,0.3768,4.7998,8.0000,3.0000
132.0495,2641,4.0393,8.1195,3.0014,0.5880,6.7214,0.3590,2.2384,6.9818,0.3768,4.8198,8.0000,3.0000
132.0995,2642,4.0728,8.1194,3.0014,0.6099,6.7277,0.3591,2.2630,6.9925,0.3778,4.8398,8.0000,3.0000
132.1495,2643,4.0728,8.1194,3.0014,0.6099,6.7277,0.3591,2.2630,6.9925,0.3778,4.8598,8.0000,3.0000
132.1996,2644,4.1062,8.1192,3.0014,0.6321,6.7345,0.3590,2.2880,7.0035,0.3788,4.8798,8.0000,3.0000
132.2495,2645,4.1398,8.1190,3.0014,0.6549,6.7418,0.3588,2.3138,7.0148,0.3800,4.8998,8.0000,3.0000
132.2995,2646,4.1398,8.1190,3.0014,0.6549,6.7418,0.3588,2.3138,7.0148,0.3800,4.9198,8.0000,3.0000
132.3495,2647,4.1734,8.1189,3.0014,0.6787,6.7496,0.3585,2.3402,7.0263,0.3813,4.9398,8.0000,3.0000
132.3995,2648,4.1734,8.1189,3.0014,0.7036,6.7580,0.3583,2.3402,7.0263,0.3813,4.9598,8.0000,3.0000
132.4496,2649,4.2069,8.1187,3.0014,0.7036,6.7580,0.3583,2.3666,7.0378,0.3817,4.9798,8.0000,3.0000
132.4996,2650,4.2405,8.1185,3.0013,0.7293,6.7671,0.3583,2.3927,7.0489,0.3815,4.9998,8.0000,3.0000
132.5495,2651,4.2405,8.1185,3.0013,0.7293,6.7671,0.3583,2.3927,7.0489,0.3815,5.0198,8.0000,3.0000
132.5995,2652,4.2739,8.1184,3.0013,0.7546,6.7758,0.3587,2.4179,7.0599,0.3815,5.0398,8.0000,3.0000
132.6495,2653,4.2739,8.1184,3.0013,0.7546,6.7758,0.3587,2.4179,7.0599,0.3815,5.0598,8.0000,3.0000
132.6995,2654,4.3075,8.1182,3.0013,0.7793,6.7844,0.3592,2.4428,7.0711,0.3816,5.0798,8.0000,3.0000
132.7495,2655,4.3411,8.1180,3.0013,0.8040,6.7931,0.3596,2.4678,7.0825,0.3818,5.0998,8.0000,3.0000
132.7996,2656,4.3411,8.1180,3.0013,0.8040,6.7931,0.3596,2.4678,7.0825,0.3818,5.1198,8.0000,3.0000
132.8495,2657,4.3748,8.1178,3.0013,0.8286,6.8020,0.3600,2.4933,7.0942,0.3819,5.1398,8.0000,3.0000
132.8996,2658,4.3748,8.1178,3.0013,0.8286,6.8020,0.3600,2.4933,7.0942,0.3819,5.1598,8.0000,3.0000
132.9495,2659,4.4085,8.1177,3.0013,0.8534,6.8110,0.3606,2.5194,7.1063,0.3820,5.1798,8.0000,3.0000
132.9994,2660,4.4423,8.1175,3.0013,0.8786,6.8202,0.3612,2.5461,7.1186,0.3822,5.1998,8.0000,3.0000
133.0495,2661,4.4423,8.1175,3.0013,0.8786,6.8202,0.3612,2.5461,7.1186,0.3822,5.2198,8.0000,3.0000
133.0995,2662,4.4762,8.1173,3.0013,0.9045,6.8295,0.3619,2.5736,7.1311,0.3826,5.2398,8.0000,3.0000
133.1495,2663,4.4762,8.1173,3.0013,0.9045,6.8295,0.3619,2.5736,7.1311,0.3826,5.2598,8.0000,3.0000
133.1996,2664,4.5100,8.1172,3.0013,0.9312,6.8390,0.3626,2.6010,7.1436,0.3836,5.2798,8.0000,3.0000
133.2495,2665,4.5440,8.1170,3.0013,0.9587,6.8486,0.3633,2.6285,7.1563,0.3839,5.2998,8.0000,3.0000
133.2996,2666,4.5440,8.1170,3.0013,0.9587,6.8486,0.3633,2.6285,7.1563,0.3839,5.3198,8.0000,3.0000
133.3495,2667,4.5779,8.1168,3.0013,0.9866,6.8584,0.3642,2.6556,7.1690,0.3836,5.3398,8.0000,3.0000
133.3997,2668,4.5779,8.1168,3.0013,0.9866,6.8584,0.3642,2.6556,7.1690,0.3836,5.3599,8.0000,3.0000
133.4496,2669,4.6119,8.1166,3.0013,1.0145,6.8681,0.3653,2.6822,7.1813,0.3838,5.3798,8.0000,3.0000
133.4995,2670,4.6459,8.1165,3.0013,1.0423,6.8778,0.3663,2.7085,7.1933,0.3843,5.3998,8.0000,3.0000
133.5496,2671,4.6459,8.1165,3.0013,1.0423,6.8778,0.3663,2.7085,7.1933,0.3843,5.4198,8.0000,3.0000
133.5995,2672,4.6800,8.1163,3.0013,1.0695,6.8871,0.3676,2.7345,7.2053,0.3850,5.4398,8.0000,3.0000
133.6495,2673,4.6800,8.1163,3.0013,1.0695,6.8871,0.3676,2.7345,7.2053,0.3850,5.4598,8.0000,3.0000
133.6995,2674,4.7140,8.1161,3.0013,1.0963,6.8961,0.3691,2.7607,7.2172,0.3859,5.4798,8.0000,3.0000
133.7495,2675,4.7480,8.1160,3.0013,1.1228,6.9048,0.3707,2.7873,7.2291,0.3870,5.4998,8.0000,3.0000
133.7996,2676,4.7480,8.1160,3.0013,1.1228,6.9048,0.3707,2.7873,7.2291,0.3870,5.5198,8.0000,3.0000
133.8495,2677,4.7819,8.1158,3.0013,1.1495,6.9134,0.3722,2.8146,7.2411,0.3880,5.5398,8.0000,3.0000
133.8995,2678,4.7819,8.1158,3.0013,1.1495,6.9134,0.3722,2.8146,7.2411,0.3880,5.5598,8.0000,3.0000
133.9495,2679,4.8159,8.1156,3.0013,1.1765,6.9219,0.3737,2.8422,7.2531,0.3879,5.5798,8.0000,3.0000
133.9995,2680,4.8159,8.1156,3.0013,1.1765,6.9219,0.3737,2.8422,7.2531,0.3879,5.5998,8.0000,3.0000
134.0500,2681,4.8499,8.1154,3.0013,1.2042,6.9302,0.3753,2.8699,7.2648,0.3870,5.6200,8.0000,3.0000
134.0996,2682,4.8840,8.1153,3.0013,1.2327,6.9384,0.3770,2.8970,7.2757,0.3864,5.6399,8.0000,3.0000
134.1496,2683,4.8840,8.1153,3.0013,1.2327,6.9384,0.3770,2.8970,7.2757,0.3864,5.6598,8.0000,3.0000
134.1995,2684,4.9181,8.1151,3.0013,1.2616,6.9466,0.3782,2.9232,7.2865,0.3860,5.6798,8.0000,3.0000
134.2494,2685,4.9523,8.1149,3.0013,1.2902,6.9543,0.3791,2.9489,7.2972,0.3859,5.6998,8.0000,3.0000
134.2996,2686,4.9523,8.1149,3.0013,1.2902,6.9543,0.3791,2.9489,7.2972,0.3859,5.7199,8.0000,3.0000
134.3495,2687,4.9865,8.1147,3.0013,1.3181,6.9616,0.3800,2.9746,7.3081,0.3858,5.7398,8.0000,3.0000
134.3995,2688,4.9865,8.1147,3.0013,1.3181,6.9616,0.3800,2.9746,7.3081,0.3858,5.7598,8.0000,3.0000
134.4495,2689,5.0207,8.1146,3.0013,1.3453,6.9688,0.3809,3.0005,7.3191,0.3858,5.7798,8.0000,3.0000
134.4995,2690,5.0549,8.1144,3.0013,1.3724,6.9761,0.3818,3.0269,7.3303,0.3858,5.7998,8.0000,3.0000
134.5496,2691,5.0549,8.1144,3.0013,1.3724,6.9761,0.3818,3.0269,7.3303,0.3858,5.8198,8.0000,3.0000
134.5995,2692,5.0892,8.1142,3.0013,1.3996,6.9834,0.3826,3.0542,7.3417,0.3857,5.8398,8.0000,3.0000
134.6495,2693,5.0892,8.1142,3.0013,1.3996,6.9834,0.3826,3.0542,7.3417,0.3857,5.8598,8.0000,3.0000
134.6996,2694,5.1234,8.1140,3.0013,1.4272,6.9906,0.3834,3.0824,7.3532,0.3857,5.8798,8.0000,3.0000
134.7495,2695,5.1576,8.1139,3.0013,1.4554,6.9978,0.3843,3.1110,7.3648,0.3847,5.8998,8.0000,3.0000
134.7996,2696,5.1576,8.1139,3.0013,1.4554,6.9978,0.3843,3.1110,7.3648,0.3847,5.9198,8.0000,3.0000
134.8500,2697,5.1917,8.1137,3.0013,1.4844,7.0050,0.3851,3.1396,7.3764,0.3832,5.9400,8.0000,3.0000
134.8996,2698,5.1917,8.1137,3.0013,1.4844,7.0050,0.3851,3.1396,7.3764,0.3832,5.9598,8.0000,3.0000
134.9496,2699,5.2258,8.1135,3.0013,1.5140,7.0122,0.3859,3.1675,7.3878,0.3817,5.9798,8.0000,3.0000
134.9996,2700,5.2258,8.1135,3.0013,1.5140,7.0122,0.3859,3.1675,7.3878,0.3817,5.9998,8.0000,3.0000
135.0495,2701,5.2600,8.1133,3.0013,1.5434,7.0193,0.3867,3.1946,7.3986,0.3811,6.0198,8.0000,3.0000
135.0995,2702,5.2944,8.1132,3.0013,1.5729,7.0265,0.3860,3.2213,7.4089,0.3809,6.0398,8.0000,3.0000
135.1495,2703,5.2944,8.1132,3.0013,1.5729,7.0265,0.3860,3.2213,7.4089,0.3809,6.0598,8.0000,3.0000
135.1995,2704,5.3288,8.1130,3.0013,1.6019,7.0337,0.3847,3.2478,7.4191,0.3811,6.0798,8.0000,3.0000
135.2494,2705,5.3633,8.1128,3.0013,1.6303,7.0405,0.3841,3.2745,7.4290,0.3813,6.0998,8.0000,3.0000
135.2995,2706,5.3633,8.1128,3.0013,1.6303,7.0405,0.3841,3.2745,7.4290,0.3813,6.1198,8.0000,3.0000
135.3496,2707,5.3977,8.1127,3.0013,1.6585,7.0472,0.3839,3.3015,7.4388,0.3818,6.1398,8.0000,3.0000
135.3996,2708,5.3977,8.1127,3.0013,1.6585,7.0472,0.3839,3.3015,7.4388,0.3818,6.1598,8.0000,3.0000
135.4495,2709,5.4321,8.1125,3.0013,1.6868,7.0539,0.3837,3.3291,7.4482,0.3824,6.1798,8.0000,3.0000
135.4995,2710,5.4665,8.1123,3.0013,1.7153,7.0605,0.3836,3.3573,7.4574,0.3829,6.1998,8.0000,3.0000
135.5496,2711,5.4665,8.1123,3.0013,1.7153,7.0605,0.3836,3.3573,7.4574,0.3829,6.2198,8.0000,3.0000
135.5995,2712,5.5009,8.1121,3.0013,1.7443,7.0668,0.3838,3.3858,7.4664,0.3822,6.2398,8.0000,3.0000
135.6495,2713,5.5009,8.1121,3.0013,1.7443,7.0668,0.3838,3.3858,7.4664,0.3822,6.2598,8.0000,3.0000
135.6995,2714,5.5353,8.1120,3.0013,1.7739,7.0731,0.3840,3.4140,7.4749,0.3818,6.2798,8.0000,3.0000
135.7495,2715,5.5697,8.1118,3.0013,1.8039,7.0793,0.3834,3.4414,7.4828,0.3823,6.2998,8.0000,3.0000
135.7995,2716,5.5697,8.1118,3.0013,1.8039,7.0793,0.3834,3.4414,7.4828,0.3823,6.3198,8.0000,3.0000
135.8495,2717,5.6041,8.1116,3.0013,1.8331,7.0851,0.3834,3.4683,7.4905,0.3827,6.3398,8.0000,3.0000
135.8995,2718,5.6041,8.1116,3.0013,1.8613,7.0907,0.3838,3.4683,7.4905,0.3827,6.3598,8.0000,3.0000
135.9495,2719,5.6384,8.1115,3.0013,1.8613,7.0907,0.3838,3.4949,7.4984,0.3832,6.3798,8.0000,3.0000
135.9995,2720,5.6727,8.1113,3.0013,1.8890,7.0962,0.3842,3.5215,7.5063,0.3835,6.3998,8.0000,3.0000
136.0496,2721,5.6727,8.1113,3.0013,1.8890,7.0962,0.3842,3.5215,7.5063,0.3835,6.4198,8.0000,3.0000
136.0995,2722,5.7069,8.1111,3.0013,1.9166,7.1020,0.3846,3.5486,7.5142,0.3838,6.4398,8.0000,3.0000
136.1495,2723,5.7069,8.1111,3.0013,1.9443,7.1079,0.3851,3.5486,7.5142,0.3838,6.4598,8.0000,3.0000
136.1996,2724,5.7411,8.1109,3.0013,1.9443,7.1079,0.3851,3.5764,7.5221,0.3840,6.4798,8.0000,3.0000
136.2494,2725,5.7754,8.1108,3.0013,1.9725,7.1140,0.3856,3.6051,7.5300,0.3844,6.4998,8.0000,3.0000
136.2995,2726,5.7754,8.1108,3.0013,1.9725,7.1140,0.3856,3.6051,7.5300,0.3844,6.5198,8.0000,3.0000
136.3495,2727,5.8097,8.1106,3.0013,2.0015,7.1201,0.3859,3.6344,7.5379,0.3848,6.5398,8.0000,3.0000
136.3996,2728,5.8097,8.1106,3.0013,2.0015,7.1201,0.3859,3.6344,7.5379,0.3848,6.5598,8.0000,3.0000
136.4496,2729,5.8440,8.1104,3.0013,2.0312,7.1263,0.3863,3.6640,7.5458,0.3847,6.5799,8.0000,3.0000
136.4996,2730,5.8783,8.1103,3.0013,2.0613,7.1326,0.3866,3.6934,7.5535,0.3833,6.5998,8.0000,3.0000
136.5495,2731,5.8783,8.1103,3.0013,2.0613,7.1326,0.3866,3.6934,7.5535,0.3833,6.6198,8.0000,3.0000
136.5995,2732,5.9125,8.1101,3.0013,2.0912,7.1390,0.3865,3.7221,7.5611,0.3824,6.6398,8.0000,3.0000
136.6514,2733,5.9467,8.1099,3.0013,2.1211,7.1456,0.3851,3.7503,7.5682,0.3821,6.6606,8.0000,3.0000
136.6996,2734,5.9467,8.1099,3.0013,2.1211,7.1456,0.3851,3.7503,7.5682,0.3821,6.6798,8.0000,3.0000
136.7495,2735,5.9809,8.1098,3.0013,2.1503,7.1520,0.3841,3.7783,7.5751,0.3821,6.6998,8.0000,3.0000
136.7995,2736,5.9809,8.1098,3.0013,2.1503,7.1520,0.3841,3.7783,7.5751,0.3821,6.7198,8.0000,3.0000
136.8496,2737,6.0150,8.1096,3.0013,2.1790,7.1583,0.3835,3.8063,7.5817,0.3824,6.7398,8.0000,3.0000
136.8995,2738,6.0150,8.1096,3.0013,2.1790,7.1583,0.3835,3.8063,7.5817,0.3824,6.7598,8.0000,3.0000
136.9495,2739,6.0492,8.1094,3.0013,2.2075,7.1647,0.3831,3.8344,7.5880,0.3829,6.7798,8.0000,3.0000
136.9995,2740,6.0834,8.1093,3.0013,2.2363,7.1710,0.3828,3.8629,7.5940,0.3837,6.7998,8.0000,3.0000
137.0496,2741,6.0834,8.1093,3.0013,2.2363,7.1710,0.3828,3.8629,7.5940,0.3837,6.8198,8.0000,3.0000
137.0996,2742,6.1175,8.1091,3.0013,2.2653,7.1774,0.3828,3.8922,7.5998,0.3847,6.8398,8.0000,3.0000
137.1494,2743,6.1517,8.1089,3.0013,2.2948,7.1837,0.3831,3.9220,7.6054,0.3851,6.8598,8.0000,3.0000
137.1995,2744,6.1517,8.1089,3.0013,2.2948,7.1837,0.3831,3.9220,7.6054,0.3851,6.8798,8.0000,3.0000
137.2495,2745,6.1859,8.1088,3.0013,2.3247,7.1901,0.3830,3.9517,7.6107,0.3846,6.8998,8.0000,3.0000
137.2995,2746,6.1859,8.1088,3.0013,2.3247,7.1901,0.3830,3.9517,7.6107,0.3846,6.9198,8.0000,3.0000
137.3495,2747,6.2200,8.1086,3.0013,2.3547,7.1964,0.3820,3.9804,7.6155,0.3846,6.9398,8.0000,3.0000
137.3995,2748,6.2541,8.1084,3.0013,2.3840,7.2023,0.3823,4.0084,7.6203,0.3847,6.9598,8.0000,3.0000
137.4495,2749,6.2541,8.1084,3.0013,2.3840,7.2023,0.3823,4.0084,7.6203,0.3847,6.9798,8.0000,3.0000
137.4995,2750,6.2882,8.1083,3.0013,2.4123,7.2081,0.3832,4.0361,7.6253,0.3849,6.9998,8.0000,3.0000
137.5495,2751,6.3222,8.1081,3.0013,2.4401,7.2139,0.3843,4.0639,7.6305,0.3851,7.0198,8.0000,3.0000
137.5996,2752,6.3222,8.1081,3.0013,2.4401,7.2139,0.3843,4.0639,7.6305,0.3851,7.0398,8.0000,3.0000
137.6495,2753,6.3562,8.1079,3.0013,2.4677,7.2200,0.3854,4.0920,7.6357,0.3854,7.0598,8.0000,3.0000
137.6995,2754,6.3562,8.1079,3.0013,2.4955,7.2261,0.3863,4.0920,7.6357,0.3854,7.0798,8.0000,3.0000
137.7495,2755,6.3902,8.1078,3.0013,2.4955,7.2261,0.3863,4.1207,7.6411,0.3857,7.0998,8.0000,3.0000
137.7995,2756,6.4241,8.1076,3.0013,2.5236,7.2323,0.3872,4.1503,7.6464,0.3860,7.1198,8.0000,3.0000
137.8495,2757,6.4241,8.1076,3.0013,2.5236,7.2323,0.3872,4.1503,7.6464,0.3860,7.1398,8.0000,3.0000
137.8995,2758,6.4579,8.1074,3.0013,2.5525,7.2388,0.3880,4.1807,7.6518,0.3863,7.1598,8.0000,3.0000
137.9495,2759,6.4579,8.1074,3.0013,2.5525,7.2388,0.3880,4.1807,7.6518,0.3863,7.1798,8.0000,3.0000
137.9995,2760,6.4917,8.1073,3.0013,2.5820,7.2456,0.3888,4.2113,7.6571,0.3863,7.1998,8.0000,3.0000
138.0495,2761,6.4917,8.1073,3.0013,2.5820,7.2456,0.3888,4.2113,7.6571,0.3863,7.2198,8.0000,3.0000
138.0995,2762,6.5257,8.1071,3.0013,2.6123,7.2525,0.3886,4.2416,7.6626,0.3854,7.2398,8.0000,3.0000
138.1494,2763,6.5597,8.1069,3.0013,2.6423,7.2594,0.3870,4.2712,7.6679,0.3849,7.2598,8.0000,3.0000
138.1995,2764,6.5597,8.1069,3.0013,2.6423,7.2594,0.3870,4.2712,7.6679,0.3849,7.2798,8.0000,3.0000
138.2495,2765,6.5939,8.1068,3.0013,2.6719,7.2662,0.3848,4.3001,7.6728,0.3850,7.2998,8.0000,3.0000
138.2995,2766,6.5939,8.1068,3.0013,2.6719,7.2662,0.3848,4.3001,7.6728,0.3850,7.3198,8.0000,3.0000
138.3495,2767,6.6280,8.1066,3.0013,2.7007,7.2727,0.3835,4.3288,7.6775,0.3854,7.3398,8.0000,3.0000
138.3994,2768,6.6623,8.1064,3.0013,2.7290,7.2789,0.3828,4.3577,7.6821,0.3857,7.3598,8.0000,3.0000
138.4495,2769,6.6623,8.1064,3.0013,2.7290,7.2789,0.3828,4.3577,7.6821,0.3857,7.3798,8.0000,3.0000
138.4995,2770,6.6966,8.1063,3.0013,2.7570,7.2850,0.3825,4.3868,7.6864,0.3862,7.3998,8.0000,3.0000
138.5496,2771,6.6966,8.1063,3.0013,2.7570,7.2850,0.3825,4.3868,7.6864,0.3862,7.4198,8.0000,3.0000
138.5995,2772,6.7309,8.1061,3.0013,2.7850,7.2910,0.3824,4.4162,7.6902,0.3870,7.4398,8.0000,3.0000
138.6495,2773,6.7653,8.1059,3.0013,2.8134,7.2970,0.3825,4.4460,7.6938,0.3876,7.4598,8.0000,3.0000
138.6995,2774,6.7653,8.1059,3.0013,2.8134,7.2970,0.3825,4.4460,7.6938,0.3876,7.4798,8.0000,3.0000
138.7495,2775,6.7996,8.1058,3.0013,2.8424,7.3030,0.3827,4.4760,7.6971,0.3870,7.4998,8.0000,3.0000
138.7994,2776,6.8340,8.1056,3.0013,2.8719,7.3089,0.3829,4.5057,7.7001,0.3859,7.5198,8.0000,3.0000
138.8495,2777,6.8340,8.1056,3.0013,2.8719,7.3089,0.3829,4.5057,7.7001,0.3859,7.5398,8.0000,3.0000
138.8995,2778,6.8683,8.1054,3.0013,2.9017,7.3147,0.3822,4.5344,7.7030,0.3852,7.5598,8.0000,3.0000
138.9495,2779,6.8683,8.1054,3.0013,2.9017,7.3147,0.3822,4.5344,7.7030,0.3852,7.5798,8.0000,3.0000
138.9995,2780,6.9025,8.1053,3.0013,2.9309,7.3202,0.3823,4.5623,7.7060,0.3848,7.5998,8.0000,3.0000
139.0496,2781,6.9025,8.1053,3.0013,2.9309,7.3202,0.3823,4.5623,7.7060,0.3848,7.6198,8.0000,3.0000
139.0995,2782,6.9367,8.1051,3.0013,2.9591,7.3253,0.3831,4.5900,7.7091,0.3847,7.6398,8.0000,3.0000
139.1496,2783,6.9710,8.1049,3.0013,2.9869,7.3306,0.3836,4.6179,7.7124,0.3847,7.6598,8.0000,3.0000
139.1996,2784,6.9710,8.1049,3.0013,2.9869,7.3306,0.3836,4.6179,7.7124,0.3847,7.6798,8.0000,3.0000
139.2496,2785,7.0053,8.1048,3.0013,3.0145,7.3360,0.3842,4.6463,7.7157,0.3847,7.6998,8.0000,3.0000
139.2994,2786,7.0397,8.1046,3.0013,3.0422,7.3416,0.3848,4.6754,7.7189,0.3848,7.7198,8.0000,3.0000
139.3496,2787,7.0397,8.1046,3.0013,3.0422,7.3416,0.3848,4.6754,7.7189,0.3848,7.7398,8.0000,3.0000
139.3996,2788,7.0739,8.1045,3.0013,3.0703,7.3474,0.3854,4.7053,7.7221,0.3850,7.7598,8.0000,3.0000
139.4496,2789,7.0739,8.1045,3.0013,3.0703,7.3474,0.3854,4.7053,7.7221,0.3850,7.7798,8.0000,3.0000
139.4996,2790,7.1081,8.1043,3.0013,3.0991,7.3532,0.3859,4.7355,7.7253,0.3851,7.7998,8.0000,3.0000
139.5495,2791,7.1423,8.1041,3.0013,3.1288,7.3592,0.3864,4.7655,7.7287,0.3850,7.8198,8.0000,3.0000
139.5996,2792,7.1423,8.1041,3.0013,3.1288,7.3592,0.3864,4.7655,7.7287,0.3850,7.8398,8.0000,3.0000
139.6495,2793,7.1763,8.1040,3.0013,3.1591,7.3654,0.3860,4.7954,7.7322,0.3835,7.8598,8.0000,3.0000
139.6994,2794,7.2103,8.1038,3.0013,3.1893,7.3716,0.3847,4.8248,7.7357,0.3823,7.8798,8.0000,3.0000
139.7495,2795,7.2103,8.1038,3.0013,3.1893,7.3716,0.3847,4.8248,7.7357,0.3823,7.8998,8.0000,3.0000
139.7996,2796,7.2443,8.1037,3.0013,3.2189,7.3776,0.3829,4.8536,7.7390,0.3816,7.9198,8.0000,3.0000
139.8497,2797,7.2443,8.1037,3.0013,3.2189,7.3776,0.3829,4.8536,7.7390,0.3816,7.9399,8.0000,3.0000
139.8996,2798,7.2782,8.1035,3.0013,3.2477,7.3834,0.3819,4.8824,7.7425,0.3812,7.9598,8.0000,3.0000
139.9495,2799,7.2782,8.1035,3.0013,3.2477,7.3834,0.3819,4.8824,7.7425,0.3812,7.9798,8.0000,3.0000
139.9995,2800,7.3121,8.1033,3.0013,3.2761,7.3888,0.3814,4.9111,7.7459,0.3810,7.9998,8.0000,3.0000
140.0495,2801,7.3462,8.1032,3.0013,3.3044,7.3939,0.3810,4.9399,7.7493,0.3811,8.0198,8.0000,3.0000
140.0996,2802,7.3462,8.1032,3.0013,3.3044,7.3939,0.3810,4.9399,7.7493,0.3811,8.0398,8.0000,3.0000
140.1495,2803,7.3803,8.1030,3.0013,3.3325,7.3990,0.3810,4.9691,7.7527,0.3816,8.0598,8.0000,3.0000
140.1995,2804,7.3803,8.1030,3.0013,3.3325,7.3990,0.3810,4.9691,7.7527,0.3816,8.0798,8.0000,3.0000
140.2495,2805,7.4144,8.1029,3.0013,3.3612,7.4039,0.3811,4.9991,7.7561,0.3820,8.0998,8.0000,3.0000
140.2996,2806,7.4485,8.1027,3.0013,3.3905,7.4087,0.3814,5.0293,7.7595,0.3814,8.1198,8.0000,3.0000
140.3496,2807,7.4485,8.1027,3.0013,3.3905,7.4087,0.3814,5.0293,7.7595,0.3814,8.1398,8.0000,3.0000
140.3995,2808,7.4825,8.1025,3.0013,3.4203,7.4133,0.3815,5.0585,7.7626,0.3819,8.1598,8.0000,3.0000
140.4495,2809,7.4825,8.1025,3.0013,3.4203,7.4133,0.3815,5.0585,7.7626,0.3819,8.1798,8.0000,3.0000
140.4995,2810,7.5165,8.1024,3.0013,3.4503,7.4177,0.3809,5.0867,7.7656,0.3829,8.1998,8.0000,3.0000
140.5495,2811,7.5506,8.1022,3.0013,3.4795,7.4217,0.3816,5.1144,7.7688,0.3840,8.2198,8.0000,3.0000
140.5996,2812,7.5506,8.1022,3.0013,3.4795,7.4217,0.3816,5.1144,7.7688,0.3840,8.2398,8.0000,3.0000
140.6495,2813,7.5846,8.1021,3.0013,3.5075,7.4255,0.3831,5.1421,7.7721,0.3848,8.2598,8.0000,3.0000
140.6994,2814,7.6186,8.1019,3.0013,3.5351,7.4294,0.3844,5.1700,7.7755,0.3854,8.2798,8.0000,3.0000
140.7495,2815,7.6186,8.1019,3.0013,3.5351,7.4294,0.3844,5.1700,7.7755,0.3854,8.2998,8.0000,3.0000
140.7996,2816,7.6526,8.1017,3.0013,3.5627,7.4336,0.3855,5.1985,7.7791,0.3859,8.3198,8.0000,3.0000
140.8495,2817,7.6526,8.1017,3.0013,3.5627,7.4336,0.3855,5.1985,7.7791,0.3859,8.3398,8.0000,3.0000
140.8995,2818,7.6866,8.1016,3.0013,3.5904,7.4379,0.3865,5.2276,7.7827,0.3863,8.3598,8.0000,3.0000
140.9495,2819,7.7207,8.1014,3.0013,3.6187,7.4423,0.3871,5.2576,7.7864,0.3867,8.3798,8.0000,3.0000
140.9996,2820,7.7207,8.1014,3.0013,3.6187,7.4423,0.3871,5.2576,7.7864,0.3867,8.3998,8.0000,3.0000
141.0495,2821,7.7547,8.1013,3.0013,3.6476,7.4468,0.3876,5.2881,7.7903,0.3864,8.4198,8.0000,3.0000
141.0996,2822,7.7547,8.1013,3.0013,3.6476,7.4468,0.3876,5.2881,7.7903,0.3864,8.4398,8.0000,3.0000
141.1496,2823,7.7888,8.1011,3.0013,3.6774,7.4515,0.3881,5.3182,7.7942,0.3852,8.4598,8.0000,3.0000
141.1994,2824,7.8228,8.1009,3.0013,3.7076,7.4562,0.3879,5.3484,7.7982,0.3830,8.4798,8.0000,3.0000
141.2496,2825,7.8228,8.1009,3.0013,3.7076,7.4562,0.3879,5.3484,7.7982,0.3830,8.4998,8.0000,3.0000
141.2996,2826,7.8569,8.1008,3.0013,3.7376,7.4611,0.3871,5.3779,7.8020,0.3812,8.5198,8.0000,3.0000
141.3495,2827,7.8569,8.1008,3.0013,3.7376,7.4611,0.3871,5.3779,7.8020,0.3812,8.5398,8.0000,3.0000
141.3996,2828,7.8910,8.1006,3.0013,3.7674,7.4660,0.3853,5.4069,7.8055,0.3800,8.5598,8.0000,3.0000
141.4494,2829,7.9251,8.1005,3.0013,3.7964,7.4707,0.3843,5.4357,7.8089,0.3792,8.5798,8.0000,3.0000
141.4995,2830,7.9251,8.1005,3.0013,3.7964,7.4707,0.3843,5.4357,7.8089,0.3792,8.5998,8.0000,3.0000
141.5495,2831,7.9592,8.1003,3.0013,3.8248,7.4752,0.3840,5.4646,7.8122,0.3785,8.6198,8.0000,3.0000
141.5995,2832,7.9592,8.1003,3.0013,3.8248,7.4752,0.3840,5.4646,7.8122,0.3785,8.6398,8.0000,3.0000
141.6495,2833,7.9933,8.1002,3.0013,3.8530,7.4797,0.3840,5.4936,7.8152,0.3782,8.6598,8.0000,3.0000
141.6995,2834,8.0274,8.1000,3.0013,3.8812,7.4842,0.3842,5.5231,7.8181,0.3781,8.6798,8.0000,3.0000
141.7496,2835,8.0274,8.1000,3.0013,3.8812,7.4842,0.3842,5.5231,7.8181,0.3781,8.6998,8.0000,3.0000
141.7995,2836,8.0616,8.0999,3.0013,3.9096,7.4886,0.3846,5.5532,7.8209,0.3780,8.7198,8.0000,3.0000
141.8494,2837,8.0957,8.0997,3.0013,3.9385,7.4931,0.3852,5.5837,7.8236,0.3769,8.7398,8.0000,3.0000
141.8996,2838,8.0957,8.0997,3.0013,3.9385,7.4931,0.3852,5.5837,7.8236,0.3769,8.7598,8.0000,3.0000
141.9495,2839,8.0957,8.0997,3.0013,3.9385,7.4931,0.3852,5.5837,7.8236,0.3769,8.7798,8.0000,3.0000
141.9996,2840,8.1298,8.0996,3.0013,3.9678,7.4975,0.3857,5.6134,7.8260,0.3771,8.7998,8.0000,3.0000
142.0496,2841,8.1298,8.0996,3.0013,3.9678,7.4975,0.3857,5.6134,7.8260,0.3771,8.8198,8.0000,3.0000
142.0995,2842,8.1298,8.0996,3.0013,3.9678,7.4975,0.3857,5.6134,7.8260,0.3771,8.8398,8.0000,3.0000
142.1496,2843,8.1298,8.0996,3.0013,3.9678,7.4975,0.3857,5.6134,7.8260,0.3771,8.8598,8.0000,3.0000
142.1995,2844,8.1640,8.0994,3.0013,3.9973,7.5020,0.3853,5.6422,7.8280,0.3780,8.8798,8.0000,3.0000
142.2496,2845,8.1640,8.0994,3.0013,3.9973,7.5020,0.3853,5.6422,7.8280,0.3780,8.8998,8.0000,3.0000
142.2995,2846,8.1989,8.0993,3.0013,4.0262,7.5061,0.3858,5.6704,7.8301,0.3788,8.9198,8.0000,3.0000
142.3495,2847,8.2343,8.0991,3.0013,4.0542,7.5100,0.3864,5.6985,7.8323,0.3796,8.9398,8.0000,3.0000
142.3995,2848,8.2343,8.0991,3.0013,4.0542,7.5100,0.3864,5.6985,7.8323,0.3796,8.9598,8.0000,3.0000
142.4496,2849,8.2700,8.0990,3.0013,4.0818,7.5139,0.3869,5.7266,7.8344,0.3806,8.9799,8.0000,3.0000
142.4997,2850,8.2700,8.0990,3.0013,4.0818,7.5139,0.3869,5.7266,7.8344,0.3806,8.9999,8.0000,3.0000
142.5497,2851,8.3060,8.0988,3.0013,4.1092,7.5179,0.3874,5.7550,7.8365,0.3816,9.0199,8.0000,3.0000
142.5996,2852,8.3420,8.0987,3.0013,4.1369,7.5218,0.3877,5.7842,7.8384,0.3825,9.0398,8.0000,3.0000
142.6496,2853,8.3420,8.0987,3.0013,4.1369,7.5218,0.3877,5.7842,7.8384,0.3825,9.0598,8.0000,3.0000
142.6997,2854,8.3781,8.0985,3.0013,4.1651,7.5258,0.3879,5.8142,7.8402,0.3834,9.0799,8.0000,3.0000
142.7496,2855,8.4142,8.0984,3.0013,4.1939,7.5298,0.3881,5.8448,7.8420,0.3839,9.0998,8.0000,3.0000
142.7995,2856,8.4142,8.0984,3.0013,4.1939,7.5298,0.3881,5.8448,7.8420,0.3839,9.1198,8.0000,3.0000
142.8495,2857,8.4503,8.0982,3.0013,4.2236,7.5338,0.3883,5.8752,7.8437,0.3837,9.1398,8.0000,3.0000
142.8994,2858,8.4864,8.0980,3.0013,4.2542,7.5378,0.3879,5.9055,7.8454,0.3822,9.1598,8.0000,3.0000
142.9495,2859,8.4864,8.0980,3.0013,4.2542,7.5378,0.3879,5.9055,7.8454,0.3822,9.1798,8.0000,3.0000
142.9995,2860,8.5225,8.0979,3.0013,4.2844,7.5418,0.3868,5.9355,7.8470,0.3805,9.1998,8.0000,3.0000
143.0495,2861,8.5225,8.0979,3.0013,4.2844,7.5418,0.3868,5.9355,7.8470,0.3805,9.2198,8.0000,3.0000
143.0995,2862,8.5585,8.0977,3.0013,4.3144,7.5458,0.3847,5.9648,7.8483,0.3795,9.2398,8.0000,3.0000
143.1494,2863,8.5585,8.0977,3.0013,4.3437,7.5496,0.3834,5.9648,7.8483,0.3795,9.2598,8.0000,3.0000
143.1996,2864,8.5944,8.0976,3.0013,4.3437,7.5496,0.3834,5.9938,7.8495,0.3789,9.2798,8.0000,3.0000
143.2496,2865,8.6302,8.0974,3.0013,4.3725,7.5531,0.3826,6.0229,7.8505,0.3785,9.2998,8.0000,3.0000
143.2995,2866,8.6302,8.0974,3.0013,4.3725,7.5531,0.3826,6.0229,7.8505,0.3785,9.3198,8.0000,3.0000
143.3496,2867,8.6659,8.0973,3.0013,4.4012,7.5566,0.3820,6.0523,7.8513,0.3784,9.3398,8.0000,3.0000
143.3995,2868,8.7015,8.0971,3.0013,4.4299,7.5600,0.3817,6.0824,7.8519,0.3784,9.3598,8.0000,3.0000
143.4495,2869,8.7015,8.0971,3.0013,4.4299,7.5600,0.3817,6.0824,7.8519,0.3784,9.3798,8.0000,3.0000
143.4996,2870,8.7370,8.0970,3.0013,4.4589,7.5634,0.3816,6.1131,7.8521,0.3785,9.3998,8.0000,3.0000
143.5494,2871,8.7724,8.0968,3.0013,4.4885,7.5667,0.3817,6.1441,7.8521,0.3781,9.4198,8.0000,3.0000
143.5996,2872,8.7724,8.0968,3.0013,4.4885,7.5667,0.3817,6.1441,7.8521,0.3781,9.4398,8.0000,3.0000
143.6495,2873,8.8077,8.0967,3.0013,4.5186,7.5697,0.3816,6.1737,7.8519,0.3790,9.4598,8.0000,3.0000
143.6995,2874,8.8077,8.0967,3.0013,4.5186,7.5697,0.3816,6.1737,7.8519,0.3790,9.4798,8.0000,3.0000
143.7495,2875,8.8428,8.0965,3.0013,4.5486,7.5727,0.3808,6.2022,7.8520,0.3805,9.4998,8.0000,3.0000
143.7995,2876,8.8779,8.0964,3.0013,4.5777,7.5753,0.3815,6.2302,7.8524,0.3822,9.5198,8.0000,3.0000
143.8495,2877,8.8779,8.0964,3.0013,4.5777,7.5753,0.3815,6.2302,7.8524,0.3822,9.5398,8.0000,3.0000
143.8995,2878,8.9129,8.0962,3.0013,4.6058,7.5780,0.3825,6.2582,7.8531,0.3838,9.5598,8.0000,3.0000
143.9495,2879,8.9129,8.0962,3.0013,4.6058,7.5780,0.3825,6.2582,7.8531,0.3838,9.5798,8.0000,3.0000
143.9995,2880,8.9478,8.0961,3.0013,4.6336,7.5809,0.3836,6.2864,7.8540,0.3852,9.5998,8.0000,3.0000
144.0495,2881,8.9478,8.0961,3.0013,4.6336,7.5809,0.3836,6.2864,7.8540,0.3852,9.6198,8.0000,3.0000
144.0996,2882,8.9827,8.0959,3.0013,4.6614,7.5838,0.3846,6.3154,7.8551,0.3864,9.6398,8.0000,3.0000
144.1495,2883,9.0176,8.0958,3.0013,4.6893,7.5870,0.3855,6.3451,7.8564,0.3874,9.6598,8.0000,3.0000
144.1996,2884,9.0176,8.0958,3.0013,4.6893,7.5870,0.3855,6.3451,7.8564,0.3874,9.6798,8.0000,3.0000
144.2526,2885,9.0525,8.0956,3.0013,4.7176,7.5903,0.3863,6.3756,7.8579,0.3880,9.7010,8.0000,3.0000
144.2996,2886,9.0525,8.0956,3.0013,4.7176,7.5903,0.3863,6.3756,7.8579,0.3880,9.7198,8.0000,3.0000
144.3496,2887,9.0874,8.0955,3.0013,4.7468,7.5938,0.3868,6.4064,7.8595,0.3881,9.7398,8.0000,3.0000
144.3995,2888,9.0874,8.0955,3.0013,4.7468,7.5938,0.3868,6.4064,7.8595,0.3881,9.7598,8.0000,3.0000
144.4496,2889,9.1223,8.0953,3.0013,4.7770,7.5974,0.3871,6.4370,7.8612,0.3868,9.7798,8.0000,3.0000
144.4996,2890,9.1572,8.0952,3.0013,4.8078,7.6012,0.3864,6.4671,7.8631,0.3857,9.7998,8.0000,3.0000
144.5495,2891,9.1572,8.0952,3.0013,4.8078,7.6012,0.3864,6.4671,7.8631,0.3857,9.8198,8.0000,3.0000
144.5995,2892,9.1921,8.0951,3.0013,4.8383,7.6050,0.3844,6.4965,7.8648,0.3851,9.8398,8.0000,3.0000
144.6496,2893,9.2268,8.0949,3.0013,4.8682,7.6087,0.3825,6.5257,7.8664,0.3849,9.8598,8.0000,3.0000
144.6995,2894,9.2268,8.0949,3.0013,4.8682,7.6087,0.3825,6.5257,7.8664,0.3849,9.8798,8.0000,3.0000
144.7496,2895,9.2615,8.0948,3.0013,4.8974,7.6119,0.3814,6.5549,7.8680,0.3849,9.8998,8.0000,3.0000
144.7996,2896,9.2615,8.0948,3.0013,4.8974,7.6119,0.3814,6.5549,7.8680,0.3849,9.9198,8.0000,3.0000
144.8496,2897,9.2961,8.0946,3.0013,4.9260,7.6148,0.3808,6.5845,7.8696,0.3850,9.9398,8.0000,3.0000
144.8995,2898,9.3308,8.0945,3.0013,4.9545,7.6176,0.3804,6.6146,7.8712,0.3853,9.9598,8.0000,3.0000
144.9496,2899,9.3308,8.0945,3.0013,4.9545,7.6176,0.3804,6.6146,7.8712,0.3853,9.9798,8.0000,3.0000
144.9995,2900,9.3655,8.0943,3.0013,4.9831,7.6202,0.3802,6.6452,7.8728,0.3855,9.9998,8.0000,3.0000
145.0495,2901,9.3655,8.0943,3.0013,4.9831,7.6202,0.3802,6.6452,7.8728,0.3855,10.0000,8.0198,3.0000
145.0995,2902,9.4002,8.0942,3.0013,5.0121,7.6226,0.3801,6.6758,7.8743,0.3850,10.0000,8.0398,3.0000
145.1495,2903,9.4002,8.0942,3.0013,5.0121,7.6226,0.3801,6.6758,7.8743,0.3850,10.0000,8.0598,3.0000
145.1996,2904,9.4347,8.0942,3.0013,5.0418,7.6248,0.3802,6.7052,7.8755,0.3857,10.0000,8.0798,3.0000
145.2495,2905,9.4687,8.0948,3.0013,5.0721,7.6268,0.3798,6.7335,7.8769,0.3865,10.0000,8.0998,3.0000
145.2996,2906,9.4687,8.0948,3.0013,5.0721,7.6268,0.3798,6.7335,7.8769,0.3865,10.0000,8.1198,3.0000
145.3496,2907,9.5019,8.0963,3.0013,5.1025,7.6286,0.3790,6.7614,7.8785,0.3876,10.0000,8.1398,3.0000
145.3996,2908,9.5019,8.0963,3.0013,5.1025,7.6286,0.3790,6.7614,7.8785,0.3876,10.0000,8.1598,3.0000
145.4497,2909,9.5343,8.0986,3.0013,5.1317,7.6301,0.3792,6.7893,7.8802,0.3886,10.0000,8.1799,3.0000
145.4996,2910,9.5656,8.1018,3.0013,5.1600,7.6318,0.3797,6.8176,7.8820,0.3893,10.0000,8.1998,3.0000
145.5495,2911,9.5656,8.1018,3.0013,5.1600,7.6318,0.3797,6.8176,7.8820,0.3893,10.0000,8.2198,3.0000
145.5996,2912,9.5959,8.1061,3.0013,5.1879,7.6336,0.3806,6.8464,7.8839,0.3897,10.0000,8.2398,3.0000
145.6495,2913,9.6249,8.1116,3.0013,5.2157,7.6356,0.3815,6.8759,7.8859,0.3900,10.0000,8.2598,3.0000
145.6995,2914,9.6249,8.1116,3.0013,5.2157,7.6356,0.3815,6.8759,7.8859,0.3900,10.0000,8.2798,3.0000
145.7496,2915,9.6528,8.1182,3.0013,5.2438,7.6376,0.3824,6.9062,7.8882,0.3903,10.0000,8.2998,3.0000
145.7994,2916,9.6528,8.1182,3.0013,5.2725,7.6397,0.3833,6.9062,7.8882,0.3903,10.0000,8.3198,3.0000
145.8495,2917,9.6795,8.1259,3.0013,5.2725,7.6397,0.3833,6.9371,7.8905,0.3895,10.0000,8.3398,3.0000
145.8995,2918,9.7050,8.1347,3.0013,5.3019,7.6418,0.3840,6.9677,7.8928,0.3872,10.0000,8.3598,3.0000
145.9495,2919,9.7050,8.1347,3.0013,5.3019,7.6418,0.3840,6.9677,7.8928,0.3872,10.0000,8.3798,3.0000
145.9995,2920,9.7294,8.1446,3.0013,5.3321,7.6440,0.3846,6.9980,7.8951,0.3842,10.0000,8.3998,3.0000
146.0496,2921,9.7294,8.1446,3.0013,5.3321,7.6440,0.3846,6.9980,7.8951,0.3842,10.0000,8.4198,3.0000
146.0995,2922,9.7526,8.1556,3.0013,5.3627,7.6462,0.3846,7.0276,7.8971,0.3821,10.0000,8.4398,3.0000
146.1496,2923,9.7747,8.1676,3.0013,5.3930,7.6485,0.3836,7.0567,7.8990,0.3806,10.0000,8.4598,3.0000
146.1996,2924,9.7747,8.1676,3.0013,5.3930,7.6485,0.3836,7.0567,7.8990,0.3806,10.0000,8.4799,3.0000
146.2496,2925,9.7958,8.1807,3.0013,5.4230,7.6510,0.3822,7.0857,7.9008,0.3794,10.0000,8.4998,3.0000
146.2996,2926,9.7958,8.1807,3.0013,5.4230,7.6510,0.3822,7.0857,7.9008,0.3794,10.0000,8.5198,3.0000
146.3495,2927,9.8158,8.1947,3.0013,5.4521,7.6533,0.3818,7.1149,7.9026,0.3784,10.0000,8.5398,3.0000
146.3995,2928,9.8349,8.2099,3.0013,5.4808,7.6556,0.3817,7.1446,7.9044,0.3775,10.0000,8.5598,3.0000
146.4496,2929,9.8349,8.2099,3.0013,5.4808,7.6556,0.3817,7.1446,7.9044,0.3775,10.0000,8.5798,3.0000
146.4996,2930,9.8530,8.2260,3.0013,5.5096,7.6580,0.3816,7.1749,7.9059,0.3768,10.0000,8.5998,3.0000
146.5495,2931,9.8530,8.2260,3.0013,5.5096,7.6580,0.3816,7.1749,7.9059,0.3768,10.0000,8.6198,3.0000
146.5996,2932,9.8702,8.2430,3.0013,5.5385,7.6603,0.3817,7.2053,7.9073,0.3755,10.0000,8.6398,3.0000
146.6495,2933,9.8865,8.2610,3.0013,5.5677,7.6626,0.3819,7.2348,7.9087,0.3758,10.0000,8.6598,3.0000
146.6996,2934,9.8865,8.2610,3.0013,5.5677,7.6626,0.3819,7.2348,7.9087,0.3758,10.0000,8.6798,3.0000
146.7496,2935,9.9020,8.2798,3.0013,5.5976,7.6648,0.3823,7.2629,7.9099,0.3773,10.0000,8.6998,3.0000
146.7995,2936,9.9020,8.2798,3.0013,5.5976,7.6648,0.3823,7.2629,7.9099,0.3773,10.0000,8.7198,3.0000
146.8495,2937,9.9167,8.2993,3.0013,5.6282,7.6671,0.3827,7.2905,7.9111,0.3788,10.0000,8.7398,3.0000
146.8995,2938,9.9306,8.3196,3.0013,5.6584,7.6693,0.3830,7.3180,7.9126,0.3803,10.0000,8.7598,3.0000
146.9496,2939,9.9306,8.3196,3.0013,5.6584,7.6693,0.3830,7.3180,7.9126,0.3803,10.0000,8.7798,3.0000
146.9995,2940,9.9438,8.3407,3.0013,5.6872,7.6713,0.3844,7.3455,7.9142,0.3819,10.0000,8.7998,3.0000
147.0495,2941,9.9438,8.3407,3.0013,5.6872,7.6713,0.3844,7.3455,7.9142,0.3819,10.0000,8.8198,3.0000
147.0996,2942,9.9564,8.3624,3.0013,5.7153,7.6735,0.3859,7.3734,7.9159,0.3834,10.0000,8.8398,3.0000
147.1495,2943,9.9683,8.3848,3.0013,5.7431,7.6760,0.3874,7.4020,7.9177,0.3848,10.0000,8.8598,3.0000
147.1996,2944,9.9683,8.3848,3.0013,5.7431,7.6760,0.3874,7.4020,7.9177,0.3848,10.0000,8.8798,3.0000
147.2496,2945,9.9796,8.4078,3.0013,5.7708,7.6786,0.3890,7.4313,7.9194,0.3862,10.0000,8.8998,3.0000
147.2995,2946,9.9903,8.4313,3.0013,5.7989,7.6813,0.3904,7.4612,7.9213,0.3870,10.0000,8.9198,3.0000
147.3495,2947,9.9903,8.4313,3.0013,5.7989,7.6813,0.3904,7.4612,7.9213,0.3870,10.0000,8.9398,3.0000
147.3995,2948,10.0004,8.4553,3.0013,5.8277,7.6840,0.3916,7.4908,7.9233,0.3860,10.0000,8.9598,3.0000
147.4495,2949,10.0004,8.4553,3.0013,5.8277,7.6840,0.3916,7.4908,7.9233,0.3860,10.0000,8.9798,3.0000
147.4995,2950,10.0100,8.4797,3.0013,5.8573,7.6869,0.3925,7.5205,7.9254,0.3837,10.0000,8.9998,3.0000
147.5495,2951,10.0191,8.5046,3.0013,5.8876,7.6900,0.3927,7.5498,7.9277,0.3815,10.0000,9.0198,3.0000
147.5995,2952,10.0191,8.5046,3.0013,5.8876,7.6900,0.3927,7.5498,7.9277,0.3815,10.0000,9.0398,3.0000
147.6495,2953,10.0278,8.5298,3.0013,5.9176,7.6932,0.3915,7.5786,7.9299,0.3798,10.0000,9.0598,3.0000
147.6995,2954,10.0278,8.5298,3.0013,5.9478,7.6965,0.3887,7.5786,7.9299,0.3798,10.0000,9.0798,3.0000
147.7496,2955,10.0359,8.5555,3.0013,5.9478,7.6965,0.3887,7.6071,7.9322,0.3786,10.0000,9.0998,3.0000
147.7995,2956,10.0437,8.5815,3.0013,5.9775,7.6997,0.3860,7.6356,7.9349,0.3777,10.0000,9.1198,3.0000
147.8495,2957,10.0437,8.5815,3.0013,5.9775,7.6997,0.3860,7.6356,7.9349,0.3777,10.0000,9.1398,3.0000
147.8995,2958,10.0510,8.6079,3.0013,6.0068,7.7027,0.3840,7.6644,7.9377,0.3769,10.0000,9.1598,3.0000
147.9495,2959,10.0580,8.6347,3.0013,6.0358,7.7055,0.3824,7.6939,7.9408,0.3763,10.0000,9.1798,3.0000
147.9996,2960,10.0580,8.6347,3.0013,6.0358,7.7055,0.3824,7.6939,7.9408,0.3763,10.0000,9.1998,3.0000
148.0495,2961,10.0645,8.6619,3.0013,6.0647,7.7085,0.3813,7.7240,7.9441,0.3756,10.0000,9.2198,3.0000
148.0996,2962,10.0645,8.6619,3.0013,6.0647,7.7085,0.3813,7.7240,7.9441,0.3756,10.0000,9.2398,3.0000
148.1496,2963,10.0708,8.6893,3.0013,6.0940,7.7116,0.3802,7.7538,7.9473,0.3757,10.0000,9.2598,3.0000
148.1995,2964,10.0708,8.6893,3.0013,6.0940,7.7116,0.3802,7.7538,7.9473,0.3757,10.0000,9.2798,3.0000
148.2495,2965,10.0767,8.7172,3.0013,6.1241,7.7147,0.3793,7.7821,7.9507,0.3769,10.0000,9.2998,3.0000
148.2995,2966,10.0823,8.7454,3.0013,6.1548,7.7177,0.3780,7.8097,7.9541,0.3783,10.0000,9.3198,3.0000
148.3497,2967,10.0823,8.7454,3.0013,6.1548,7.7177,0.3780,7.8097,7.9541,0.3783,10.0000,9.3399,3.0000
148.3995,2968,10.0875,8.7740,3.0012,6.1845,7.7207,0.3780,7.8367,7.9578,0.3801,10.0000,9.3598,3.0000
148.4495,2969,10.0875,8.7740,3.0012,6.1845,7.7207,0.3780,7.8367,7.9578,0.3801,10.0000,9.3798,3.0000
148.4995,2970,10.0925,8.8029,3.0012,6.2129,7.7237,0.3791,7.8636,7.9618,0.3819,10.0000,9.3998,3.0000
148.5499,2971,10.0973,8.8321,3.0012,6.2406,7.7268,0.3806,7.8907,7.9659,0.3838,10.0000,9.4200,3.0000
148.5996,2972,10.0973,8.8321,3.0012,6.2406,7.7268,0.3806,7.8907,7.9659,0.3838,10.0000,9.4398,3.0000
148.6496,2973,10.1017,8.8614,3.0012,6.2682,7.7303,0.3821,7.9184,7.9702,0.3856,10.0000,9.4599,3.0000
148.6997,2974,10.1017,8.8614,3.0012,6.2682,7.7303,0.3821,7.9184,7.9702,0.3856,10.0000,9.4799,3.0000
148.7496,2975,10.1060,8.8910,3.0012,6.2957,7.7341,0.3838,7.9466,7.9748,0.3875,10.0000,9.4998,3.0000
148.7995,2976,10.1100,8.9209,3.0012,6.3235,7.7381,0.3853,7.9750,7.9796,0.3889,10.0000,9.5198,3.0000
148.8496,2977,10.1100,8.9209,3.0012,6.3235,7.7381,0.3853,7.9750,7.9796,0.3889,10.0000,9.5398,3.0000
148.8995,2978,10.1137,8.9511,3.0012,6.3517,7.7424,0.3869,8.0031,7.9848,0.3893,10.0000,9.5598,3.0000
148.9494,2979,10.1137,8.9511,3.0012,6.3806,7.7470,0.3882,8.0031,7.9848,0.3893,10.0000,9.5798,3.0000
148.9995,2980,10.1173,8.9815,3.0012,6.3806,7.7470,0.3882,8.0317,7.9904,0.3883,10.0000,9.5998,3.0000
149.0496,2981,10.1207,9.0121,3.0012,6.4096,7.7518,0.3891,8.0600,7.9962,0.3865,10.0000,9.6198,3.0000
149.0996,2982,10.1207,9.0121,3.0012,6.4096,7.7518,0.3891,8.0600,7.9962,0.3865,10.0000,9.6398,3.0000
149.1495,2983,10.1239,9.0428,3.0012,6.4385,7.7569,0.3884,8.0875,8.0023,0.3855,10.0000,9.6598,3.0000
149.1995,2984,10.1269,9.0736,3.0012,6.4677,7.7624,0.3863,8.1149,8.0086,0.3848,10.0000,9.6798,3.0000
149.2496,2985,10.1269,9.0736,3.0012,6.4677,7.7624,0.3863,8.1149,8.0086,0.3848,10.0000,9.6998,3.0000
149.2996,2986,10.1297,9.1047,3.0012,6.4963,7.7680,0.3846,8.1426,8.0154,0.3840,10.0000,9.7198,3.0000
149.3495,2987,10.1297,9.1047,3.0012,6.4963,7.7680,0.3846,8.1426,8.0154,0.3840,10.0000,9.7398,3.0000
149.3995,2988,10.1324,9.1358,3.0012,6.5244,7.7737,0.3835,8.1707,8.0229,0.3832,10.0000,9.7598,3.0000
149.4496,2989,10.1349,9.1671,3.0012,6.5523,7.7798,0.3826,8.1993,8.0310,0.3826,10.0000,9.7798,3.0000
149.4996,2990,10.1349,9.1671,3.0012,6.5523,7.7798,0.3826,8.1993,8.0310,0.3826,10.0000,9.7998,3.0000
149.5495,2991,10.1373,9.1987,3.0012,6.5804,7.7863,0.3819,8.2282,8.0396,0.3829,10.0000,9.8198,3.0000
149.5996,2992,10.1373,9.1987,3.0012,6.5804,7.7863,0.3819,8.2282,8.0396,0.3829,10.0000,9.8398,3.0000
149.6495,2993,10.1396,9.2304,3.0012,6.6090,7.7933,0.3813,8.2562,8.0483,0.3834,10.0000,9.8598,3.0000
149.6995,2994,10.1396,9.2304,3.0012,6.6090,7.7933,0.3813,8.2562,8.0483,0.3834,10.0000,9.8798,3.0000
149.7512,2995,10.1417,9.2623,3.0012,6.6381,7.8009,0.3809,8.2828,8.0568,0.3840,10.0000,9.9005,3.0000
149.7995,2996,10.1437,9.2943,3.0012,6.6673,7.8089,0.3810,8.3086,8.0654,0.3851,10.0000,9.9198,3.0000
149.8495,2997,10.1437,9.2943,3.0012,6.6673,7.8089,0.3810,8.3086,8.0654,0.3851,10.0000,9.9398,3.0000
149.8996,2998,10.1456,9.3263,3.0012,6.6950,7.8167,0.3821,8.3340,8.0741,0.3864,10.0000,9.9599,3.0000
149.9495,2999,10.1474,9.3585,3.0012,6.7215,7.8244,0.3837,8.3593,8.0831,0.3877,10.0000,9.9798,3.0000
149.9995,3000,10.1474,9.3585,3.0012,6.7215,7.8244,0.3837,8.3593,8.0831,0.3877,10.0000,9.9998,3.0000
150.0495,3001,10.1491,9.3907,3.0012,6.7474,7.8322,0.3856,8.3848,8.0923,0.3891,9.9802,10.0000,3.0000
150.0995,3002,10.1491,9.3907,3.0012,6.7474,7.8322,0.3856,8.3848,8.0923,0.3891,9.9602,10.0000,3.0000
150.1495,3003,10.1505,9.4229,3.0012,6.7732,7.8400,0.3877,8.4105,8.1019,0.3904,9.9402,10.0000,3.0000
150.1994,3004,10.1515,9.4548,3.0012,6.7992,7.8480,0.3896,8.4363,8.1119,0.3906,9.9202,10.0000,3.0000
150.2496,3005,10.1515,9.4548,3.0012,6.7992,7.8480,0.3896,8.4363,8.1119,0.3906,9.9002,10.0000,3.0000
150.2995,3006,10.1518,9.4862,3.0012,6.8253,7.8562,0.3915,8.4621,8.1222,0.3905,9.8802,10.0000,3.0000
150.3495,3007,10.1518,9.4862,3.0012,6.8253,7.8562,0.3915,8.4621,8.1222,0.3905,9.8602,10.0000,3.0000
150.3996,3008,10.1512,9.5169,3.0012,6.8520,7.8649,0.3933,8.4879,8.1332,0.3890,9.8402,10.0000,3.0000
150.4496,3009,10.1495,9.5466,3.0012,6.8793,7.8739,0.3947,8.5140,8.1445,0.3860,9.8202,10.0000,3.0000
150.4996,3010,10.1495,9.5466,3.0012,6.8793,7.8739,0.3947,8.5140,8.1445,0.3860,9.8002,10.0000,3.0000
150.5496,3011,10.1467,9.5754,3.0012,6.9065,7.8829,0.3940,8.5394,8.1561,0.3832,9.7802,10.0000,3.0000
150.5996,3012,10.1467,9.5754,3.0012,6.9065,7.8829,0.3940,8.5394,8.1561,0.3832,9.7602,10.0000,3.0000
150.6496,3013,10.1427,9.6032,3.0012,6.9337,7.8923,0.3919,8.5641,8.1680,0.3812,9.7402,10.0000,3.0000
150.6995,3014,10.1374,9.6298,3.0012,6.9611,7.9019,0.3881,8.5888,8.1803,0.3794,9.7202,10.0000,3.0000
150.7496,3015,10.1374,9.6298,3.0012,6.9611,7.9019,0.3881,8.5888,8.1803,0.3794,9.7002,10.0000,3.0000
150.7995,3016,10.1309,9.6554,3.0012,6.9880,7.9115,0.3847,8.6136,8.1936,0.3776,9.6802,10.0000,3.0000
150.8495,3017,10.1309,9.6554,3.0012,6.9880,7.9115,0.3847,8.6136,8.1936,0.3776,9.6602,10.0000,3.0000
150.8996,3018,10.1233,9.6798,3.0012,7.0144,7.9212,0.3819,8.6386,8.2077,0.3760,9.6402,10.0000,3.0000
150.9494,3019,10.1233,9.6798,3.0012,7.0407,7.9311,0.3795,8.6386,8.2077,0.3760,9.6202,10.0000,3.0000
150.9995,3020,10.1143,9.7032,3.0012,7.0407,7.9311,0.3795,8.6641,8.2228,0.3744,9.6002,10.0000,3.0000
151.0494,3021,10.1041,9.7255,3.0012,7.0672,7.9414,0.3773,8.6896,8.2386,0.3742,9.5802,10.0000,3.0000
151.0995,3022,10.1041,9.7255,3.0012,7.0672,7.9414,0.3773,8.6896,8.2386,0.3742,9.5602,10.0000,3.0000
151.1495,3023,10.0926,9.7467,3.0012,7.0943,7.9524,0.3752,8.7137,8.2545,0.3749,9.5402,10.0000,3.0000
151.1996,3024,10.0926,9.7467,3.0012,7.0943,7.9524,0.3752,8.7137,8.2545,0.3749,9.5202,10.0000,3.0000
151.2495,3025,10.0799,9.7670,3.0012,7.1218,7.9640,0.3735,8.7365,8.2701,0.3755,9.5002,10.0000,3.0000
151.2996,3026,10.0799,9.7670,3.0012,7.1218,7.9640,0.3735,8.7365,8.2701,0.3755,9.4802,10.0000,3.0000
151.3496,3027,10.0661,9.7862,3.0012,7.1493,7.9759,0.3732,8.7584,8.2857,0.3766,9.4602,10.0000,3.0000
151.3995,3028,10.0661,9.7862,3.0012,7.1493,7.9759,0.3732,8.7584,8.2857,0.3766,9.4402,10.0000,3.0000
151.4496,3029,10.0512,9.8045,3.0012,7.1756,7.9876,0.3737,8.7801,8.3015,0.3778,9.4202,10.0000,3.0000
151.4996,3030,10.0352,9.8220,3.0012,7.2008,7.9991,0.3747,8.8017,8.3176,0.3791,9.4002,10.0000,3.0000
151.5496,3031,10.0352,9.8220,3.0012,7.2008,7.9991,0.3747,8.8017,8.3176,0.3791,9.3802,10.0000,3.0000
151.5995,3032,10.0183,9.8385,3.0012,7.2254,8.0103,0.3763,8.8234,8.3342,0.3804,9.3602,10.0000,3.0000
151.6496,3033,10.0183,9.8385,3.0012,7.2254,8.0103,0.3763,8.8234,8.3342,0.3804,9.3402,10.0000,3.0000
151.6996,3034,10.0005,9.8542,3.0012,7.2497,8.0216,0.3781,8.8452,8.3515,0.3815,9.3202,10.0000,3.0000
151.7495,3035,9.9818,9.8692,3.0012,7.2743,8.0330,0.3797,8.8673,8.3694,0.3818,9.3002,10.0000,3.0000
151.7995,3036,9.9818,9.8692,3.0012,7.2743,8.0330,0.3797,8.8673,8.3694,0.3818,9.2802,10.0000,3.0000
151.8496,3037,9.9624,9.8833,3.0012,7.2990,8.0447,0.3814,8.8892,8.3880,0.3817,9.2602,10.0000,3.0000
151.8994,3038,9.9421,9.8968,3.0012,7.3241,8.0566,0.3831,8.9108,8.4072,0.3805,9.2402,10.0000,3.0000
151.9495,3039,9.9421,9.8968,3.0012,7.3241,8.0566,0.3831,8.9108,8.4072,0.3805,9.2202,10.0000,3.0000
151.9995,3040,9.9210,9.9095,3.0012,7.3498,8.0690,0.3845,8.9324,8.4267,0.3780,9.2002,10.0000,3.0000
152.0496,3041,9.9210,9.9095,3.0012,7.3498,8.0690,0.3845,8.9324,8.4267,0.3780,9.1802,10.0000,3.0000
152.0995,3042,9.8993,9.9216,3.0012,7.3756,8.0815,0.3850,8.9532,8.4461,0.3760,9.1602,10.0000,3.0000
152.1496,3043,9.8993,9.9216,3.0012,7.3756,8.0815,0.3850,8.9532,8.4461,0.3760,9.1402,10.0000,3.0000
152.1996,3044,9.8770,9.9331,3.0012,7.4012,8.0944,0.3842,8.9737,8.4655,0.3745,9.1202,10.0000,3.0000
152.2495,3045,9.8538,9.9440,3.0012,7.4271,8.1077,0.3819,8.9936,8.4851,0.3734,9.1002,10.0000,3.0000
152.2996,3046,9.8538,9.9440,3.0012,7.4271,8.1077,0.3819,8.9936,8.4851,0.3734,9.0802,10.0000,3.0000
152.3496,3047,9.8300,9.9544,3.0012,7.4524,8.1209,0.3795,9.0133,8.5052,0.3723,9.0602,10.0000,3.0000
152.3995,3048,9.8300,9.9544,3.0012,7.4524,8.1209,0.3795,9.0133,8.5052,0.3723,9.0402,10.0000,3.0000
152.4496,3049,9.8057,9.9642,3.0012,7.4772,8.1342,0.3776,9.0331,8.5263,0.3710,9.0201,10.0000,3.0000
152.4995,3050,9.7808,9.9734,3.0012,7.5018,8.1477,0.3761,9.0531,8.5485,0.3700,9.0002,10.0000,3.0000
152.5495,3051,9.7808,9.9734,3.0012,7.5018,8.1477,0.3761,9.0531,8.5485,0.3700,8.9802,10.0000,3.0000
152.5995,3052,9.7553,9.9822,3.0012,7.5267,8.1618,0.3746,9.0726,8.5710,0.3698,8.9602,10.0000,3.0000
152.6495,3053,9.7553,9.9822,3.0012,7.5267,8.1618,0.3746,9.0726,8.5710,0.3698,8.9402,10.0000,3.0000
152.6996,3054,9.7293,9.9906,3.0012,7.5519,8.1766,0.3733,9.0907,8.5930,0.3702,8.9202,10.0000,3.0000
152.7494,3055,9.7029,9.9985,3.0012,7.5775,8.1920,0.3723,9.1077,8.6144,0.3711,8.9002,10.0000,3.0000
152.7995,3056,9.7029,9.9985,3.0012,7.5775,8.1920,0.3723,9.1077,8.6144,0.3711,8.8802,10.0000,3.0000
152.8496,3057,9.6760,10.0060,3.0012,7.6027,8.2077,0.3725,9.1240,8.6354,0.3723,8.8602,10.0000,3.0000
152.8995,3058,9.6760,10.0060,3.0012,7.6027,8.2077,0.3725,9.1240,8.6354,0.3723,8.8402,10.0000,3.0000
152.9495,3059,9.6488,10.0131,3.0012,7.6263,8.2231,0.3739,9.1398,8.6562,0.3735,8.8202,10.0000,3.0000
152.9996,3060,9.6212,10.0198,3.0012,7.6488,8.2382,0.3757,9.1552,8.6770,0.3748,8.8002,10.0000,3.0000
153.0495,3061,9.6212,10.0198,3.0012,7.6488,8.2382,0.3757,9.1552,8.6770,0.3748,8.7802,10.0000,3.0000
153.0996,3062,9.5934,10.0262,3.0012,7.6708,8.2533,0.3779,9.1705,8.6980,0.3762,8.7602,10.0000,3.0000
153.1495,3063,9.5934,10.0262,3.0012,7.6708,8.2533,0.3779,9.1705,8.6980,0.3762,8.7402,10.0000,3.0000
153.1995,3064,9.5652,10.0322,3.0012,7.6925,8.2685,0.3800,9.1854,8.7193,0.3776,8.7202,10.0000,3.0000
153.2496,3065,9.5652,10.0322,3.0012,7.6925,8.2685,0.3800,9.1854,8.7193,0.3776,8.7002,10.0000,3.0000
153.2995,3066,9.5365,10.0379,3.0012,7.7143,8.2840,0.3821,9.1996,8.7410,0.3785,8.6802,10.0000,3.0000
153.3495,3067,9.5075,10.0434,3.0012,7.7362,8.2999,0.3841,9.2132,8.7630,0.3788,8.6602,10.0000,3.0000
153.3995,3068,9.5075,10.0434,3.0012,7.7362,8.2999,0.3841,9.2132,8.7630,0.3788,8.6402,10.0000,3.0000
153.4495,3069,9.4781,10.0485,3.0012,7.7585,8.3165,0.3861,9.2260,8.7852,0.3792,8.6202,10.0000,3.0000
153.4995,3070,9.4781,10.0485,3.0012,7.7585,8.3165,0.3861,9.2260,8.7852,0.3792,8.6002,10.0000,3.0000
153.5495,3071,9.4483,10.0534,3.0012,7.7809,8.3339,0.3878,9.2381,8.8071,0.3789,8.5802,10.0000,3.0000
153.5995,3072,9.4184,10.0580,3.0012,7.8031,8.3515,0.3888,9.2493,8.8279,0.3791,8.5602,10.0000,3.0000
153.6495,3073,9.4184,10.0580,3.0012,7.8031,8.3515,0.3888,9.2493,8.8279,0.3791,8.5402,10.0000,3.0000
153.6996,3074,9.3882,10.0623,3.0012,7.8255,8.3695,0.3882,9.2598,8.8480,0.3797,8.5202,10.0000,3.0000
153.7496,3075,9.3882,10.0623,3.0012,7.8255,8.3695,0.3882,9.2598,8.8480,0.3797,8.5002,10.0000,3.0000
153.7995,3076,9.3578,10.0664,3.0012,7.8484,8.3879,0.3855,9.2697,8.8677,0.3807,8.4802,10.0000,3.0000
153.8495,3077,9.3578,10.0664,3.0012,7.8484,8.3879,0.3855,9.2697,8.8677,0.3807,8.4602,10.0000,3.0000
153.8996,3078,9.3271,10.0703,3.0012,7.8709,8.4062,0.3825,9.2789,8.8868,0.3819,8.4402,10.0000,3.0000
153.9495,3079,9.2960,10.0740,3.0012,7.8928,8.4245,0.3802,9.2874,8.9054,0.3831,8.4202,10.0000,3.0000
153.9996,3080,9.2960,10.0740,3.0012,7.8928,8.4245,0.3802,9.2874,8.9054,0.3831,8.4002,10.0000,3.0000
154.0496,3081,9.2647,10.0775,3.0012,7.9143,8.4430,0.3783,9.2951,8.9234,0.3838,8.3802,10.0000,3.0000
154.0996,3082,9.2647,10.0775,3.0012,7.9143,8.4430,0.3783,9.2951,8.9234,0.3838,8.3602,10.0000,3.0000
154.1495,3083,9.2331,10.0808,3.0012,7.9357,8.4620,0.3766,9.3018,8.9408,0.3843,8.3402,10.0000,3.0000
154.1996,3084,9.2331,10.0808,3.0012,7.9357,8.4620,0.3766,9.3018,8.9408,0.3843,8.3202,10.0000,3.0000
154.2495,3085,9.2013,10.0839,3.0012,7.9571,8.4818,0.3750,9.3074,8.9572,0.3850,8.3002,10.0000,3.0000
154.2995,3086,9.1692,10.0869,3.0012,7.9789,8.5027,0.3733,9.3118,8.9727,0.3867,8.2802,10.0000,3.0000
154.3495,3087,9.1692,10.0869,3.0012,7.9789,8.5027,0.3733,9.3118,8.9727,0.3867,8.2602,10.0000,3.0000
154.3995,3088,9.1369,10.0896,3.0012,8.0006,8.5242,0.3729,9.3156,8.9869,0.3889,8.2402,10.0000,3.0000
154.4496,3089,9.1369,10.0896,3.0012,8.0006,8.5242,0.3729,9.3156,8.9869,0.3889,8.2201,10.0000,3.0000
154.4995,3090,9.1044,10.0923,3.0012,8.0209,8.5453,0.3728,9.3189,9.0005,0.3914,8.2002,10.0000,3.0000
154.5495,3091,9.0718,10.0948,3.0012,8.0400,8.5657,0.3728,9.3219,9.0137,0.3936,8.1802,10.0000,3.0000
154.5996,3092,9.0718,10.0948,3.0012,8.0400,8.5657,0.3728,9.3219,9.0137,0.3936,8.1602,10.0000,3.0000
154.6496,3093,9.0392,10.0971,3.0012,8.0583,8.5858,0.3733,9.3246,9.0269,0.3952,8.1402,10.0000,3.0000
154.6996,3094,9.0392,10.0971,3.0012,8.0583,8.5858,0.3733,9.3246,9.0269,0.3952,8.1202,10.0000,3.0000
154.7495,3095,9.0064,10.0993,3.0012,8.0764,8.6060,0.3739,9.3269,9.0402,0.3964,8.1002,10.0000,3.0000
154.7995,3096,9.0064,10.0993,3.0012,8.0942,8.6264,0.3748,9.3269,9.0402,0.3964,8.0802,10.0000,3.0000
154.8497,3097,8.9735,10.1014,3.0012,8.0942,8.6264,0.3748,9.3287,9.0534,0.3971,8.0601,10.0000,3.0000
154.8996,3098,8.9404,10.1034,3.0012,8.1119,8.6471,0.3758,9.3304,9.0660,0.3981,8.0402,10.0000,3.0000
154.9496,3099,8.9404,10.1034,3.0012,8.1119,8.6471,0.3758,9.3304,9.0660,0.3981,8.0202,10.0000,3.0000
154.9995,3100,8.9072,10.1053,3.0012,8.1292,8.6682,0.3765,9.3320,9.0777,0.3997,8.0002,10.0000,3.0000
155.0495,3101,8.9072,10.1053,3.0012,8.1292,8.6682,0.3765,9.3320,9.0777,0.3997,7.9802,10.0000,3.0000
155.0995,3102,8.8738,10.1070,3.0012,8.1459,8.6897,0.3766,9.3336,9.0887,0.4014,7.9602,10.0000,3.0000
155.1495,3103,8.8404,10.1087,3.0012,8.1619,8.7115,0.3765,9.3354,9.0992,0.4029,7.9402,10.0000,3.0000
155.1995,3104,8.8404,10.1087,3.0012,8.1619,8.7115,0.3765,9.3354,9.0992,0.4029,7.9202,10.0000,3.0000
155.2496,3105,8.8069,10.1103,3.0012,8.1771,8.7339,0.3772,9.3373,9.1094,0.4043,7.9002,10.0000,3.0000
155.2995,3106,8.8069,10.1103,3.0012,8.1771,8.7339,0.3772,9.3373,9.1094,0.4043,7.8802,10.0000,3.0000
155.3496,3107,8.7734,10.1117,3.0012,8.1915,8.7565,0.3770,9.3392,9.1192,0.4053,7.8602,10.0000,3.0000
155.3995,3108,8.7396,10.1131,3.0012,8.2048,8.7784,0.3768,9.3411,9.1289,0.4053,7.8402,10.0000,3.0000
155.4496,3109,8.7396,10.1131,3.0012,8.2048,8.7784,0.3768,9.3411,9.1289,0.4053,7.8202,10.0000,3.0000
155.4995,3110,8.7057,10.1144,3.0012,8.2171,8.7994,0.3771,9.3431,9.1384,0.4052,7.8002,10.0000,3.0000
155.5495,3111,8.7057,10.1144,3.0012,8.2171,8.7994,0.3771,9.3431,9.1384,0.4052,7.7802,10.0000,3.0000
155.5995,3112,8.6718,10.1157,3.0012,8.2283,8.8199,0.3777,9.3451,9.1476,0.4046,7.7602,10.0000,3.0000
155.6495,3113,8.6378,10.1168,3.0012,8.2387,8.8400,0.3781,9.3473,9.1568,0.4037,7.7402,10.0000,3.0000
155.6995,3114,8.6378,10.1168,3.0012,8.2387,8.8400,0.3781,9.3473,9.1568,0.4037,7.7202,10.0000,3.0000
155.7495,3115,8.6037,10.1179,3.0012,8.2479,8.8597,0.3788,9.3495,9.1661,0.4023,7.7002,10.0000,3.0000
155.7995,3116,8.6037,10.1179,3.0012,8.2479,8.8597,0.3788,9.3495,9.1661,0.4023,7.6802,10.0000,3.0000
155.8496,3117,8.5696,10.1189,3.0012,8.2554,8.8787,0.3796,9.3518,9.1753,0.4004,7.6602,10.0000,3.0000
155.8995,3118,8.5696,10.1189,3.0012,8.2554,8.8787,0.3796,9.3518,9.1753,0.4004,7.6402,10.0000,3.0000
155.9496,3119,8.5354,10.1199,3.0012,8.2612,8.8966,0.3812,9.3542,9.1844,0.3977,7.6202,10.0000,3.0000
155.9995,3120,8.5010,10.1208,3.0012,8.2653,8.9135,0.3828,9.3567,9.1937,0.3944,7.6002,10.0000,3.0000
156.0497,3121,8.5010,10.1208,3.0012,8.2653,8.9135,0.3828,9.3567,9.1937,0.3944,7.5801,10.0000,3.0000
156.0995,3122,8.4666,10.1216,3.0012,8.2682,8.9297,0.3837,9.3591,9.2030,0.3903,7.5602,10.0000,3.0000
156.1495,3123,8.4666,10.1216,3.0012,8.2682,8.9297,0.3837,9.3591,9.2030,0.3903,7.5402,10.0000,3.0000
156.1995,3124,8.4321,10.1224,3.0012,8.2700,8.9452,0.3845,9.3613,9.2121,0.3861,7.5202,10.0000,3.0000
156.2515,3125,8.3976,10.1231,3.0012,8.2708,8.9600,0.3858,9.3631,9.2211,0.3816,7.4994,10.0000,3.0000
156.2997,3126,8.3976,10.1231,3.0012,8.2708,8.9600,0.3858,9.3631,9.2211,0.3816,7.4801,10.0000,3.0000
156.3495,3127,8.3630,10.1238,3.0012,8.2705,8.9747,0.3868,9.3644,9.2299,0.3769,7.4602,10.0000,3.0000
156.3995,3128,8.3630,10.1238,3.0012,8.2705,8.9747,0.3868,9.3644,9.2299,0.3769,7.4402,10.0000,3.0000
156.4496,3129,8.3285,10.1244,3.0012,8.2690,8.9892,0.3878,9.3650,9.2384,0.3720,7.4202,10.0000,3.0000
156.4995,3130,8.2938,10.1250,3.0012,8.2659,9.0037,0.3882,9.3647,9.2470,0.3673,7.4002,10.0000,3.0000
156.5496,3131,8.2938,10.1250,3.0012,8.2659,9.0037,0.3882,9.3647,9.2470,0.3673,7.3802,10.0000,3.0000
156.5995,3132,8.2591,10.1256,3.0012,8.2615,9.0182,0.3877,9.3638,9.2559,0.3641,7.3602,10.0000,3.0000
156.6496,3133,8.2591,10.1256,3.0012,8.2615,9.0182,0.3877,9.3638,9.2559,0.3641,7.3402,10.0000,3.0000
156.6995,3134,8.2242,10.1261,3.0012,8.2560,9.0317,0.3869,9.3622,9.2653,0.3624,7.3202,10.0000,3.0000
156.7496,3135,8.2242,10.1261,3.0012,8.2560,9.0317,0.3869,9.3622,9.2653,0.3624,7.3002,10.0000,3.0000
156.7995,3136,8.1894,10.1266,3.0012,8.2498,9.0433,0.3870,9.3608,9.2755,0.3608,7.2802,10.0000,3.0000
156.8494,3137,8.1545,10.1270,3.0012,8.2431,9.0533,0.3877,9.3593,9.2865,0.3587,7.2602,10.0000,3.0000
156.8995,3138,8.1545,10.1270,3.0012,8.2431,9.0533,0.3877,9.3593,9.2865,0.3587,7.2402,10.0000,3.0000
156.9495,3139,8.1196,10.1274,3.0012,8.2361,9.0620,0.3885,9.3576,9.2984,0.3563,7.2202,10.0000,3.0000
156.9995,3140,8.1196,10.1274,3.0012,8.2361,9.0620,0.3885,9.3576,9.2984,0.3563,7.2002,10.0000,3.0000
157.0495,3141,8.0848,10.1278,3.0012,8.2289,9.0695,0.3896,9.3556,9.3109,0.3531,7.1802,10.0000,3.0000
157.0994,3142,8.0848,10.1278,3.0012,8.2215,9.0760,0.3907,9.3556,9.3109,0.3531,7.1602,10.0000,3.0000
157.1495,3143,8.0498,10.1282,3.0012,8.2215,9.0760,0.3907,9.3534,9.3241,0.3493,7.1402,10.0000,3.0000
157.1995,3144,8.0149,10.1285,3.0012,8.2135,9.0817,0.3917,9.3511,9.3384,0.3458,7.1202,10.0000,3.0000
157.2495,3145,8.0149,10.1285,3.0012,8.2135,9.0817,0.3917,9.3511,9.3384,0.3458,7.1002,10.0000,3.0000
157.2996,3146,7.9800,10.1288,3.0012,8.2051,9.0869,0.3927,9.3483,9.3532,0.3428,7.0802,10.0000,3.0000
157.3495,3147,7.9800,10.1288,3.0012,8.2051,9.0869,0.3927,9.3483,9.3532,0.3428,7.0602,10.0000,3.0000
157.3995,3148,7.9451,10.1290,3.0012,8.1964,9.0915,0.3936,9.3452,9.3673,0.3399,7.0402,10.0000,3.0000
157.4494,3149,7.9101,10.1293,3.0012,8.1876,9.0956,0.3945,9.3416,9.3808,0.3378,7.0202,10.0000,3.0000
157.4996,3150,7.9101,10.1293,3.0012,8.1876,9.0956,0.3945,9.3416,9.3808,0.3378,7.0002,10.0000,3.0000
157.5495,3151,7.8750,10.1295,3.0012,8.1789,9.0993,0.3956,9.3376,9.3937,0.3366,6.9802,10.0000,3.0000
157.5996,3152,7.8750,10.1295,3.0012,8.1789,9.0993,0.3956,9.3376,9.3937,0.3366,6.9602,10.0000,3.0000
157.6495,3153,7.8400,10.1297,3.0012,8.1702,9.1026,0.3968,9.3329,9.4065,0.3357,6.9402,10.0000,3.0000
157.6995,3154,7.8400,10.1297,3.0012,8.1702,9.1026,0.3968,9.3329,9.4065,0.3357,6.9202,10.0000,3.0000
157.7496,3155,7.8049,10.1299,3.0012,8.1612,9.1055,0.3979,9.3275,9.4196,0.3350,6.9002,10.0000,3.0000
157.7995,3156,7.8049,10.1299,3.0012,8.1612,9.1055,0.3979,9.3275,9.4196,0.3350,6.8802,10.0000,3.0000
157.8495,3157,7.7697,10.1301,3.0012,8.1515,9.1082,0.3988,9.3213,9.4334,0.3347,6.8602,10.0000,3.0000
157.8995,3158,7.7343,10.1302,3.0012,8.1413,9.1107,0.3998,9.3140,9.4470,0.3357,6.8402,10.0000,3.0000
157.9495,3159,7.7343,10.1302,3.0012,8.1413,9.1107,0.3998,9.3140,9.4470,0.3357,6.8202,10.0000,3.0000
157.9996,3160,7.6989,10.1303,3.0012,8.1305,9.1130,0.4016,9.3053,9.4604,0.3375,6.8002,10.0000,3.0000
158.0495,3161,7.6989,10.1303,3.0012,8.1305,9.1130,0.4016,9.3053,9.4604,0.3375,6.7802,10.0000,3.0000
158.0996,3162,7.6634,10.1304,3.0012,8.1196,9.1156,0.4031,9.2955,9.4739,0.3401,6.7602,10.0000,3.0000
158.1495,3163,7.6279,10.1305,3.0012,8.1090,9.1186,0.4042,9.2846,9.4874,0.3437,6.7402,10.0000,3.0000
158.1996,3164,7.6279,10.1305,3.0012,8.1090,9.1186,0.4042,9.2846,9.4874,0.3437,6.7202,10.0000,3.0000
158.2496,3165,7.6279,10.1305,3.0012,8.1090,9.1186,0.4042,9.2846,9.4874,0.3437,6.7002,10.0000,3.0000
158.2995,3166,7.5924,10.1306,3.0012,8.0991,9.1218,0.4056,9.2731,9.5006,0.3480,6.6802,10.0000,3.0000
158.3494,3167,7.5924,10.1306,3.0012,8.0896,9.1251,0.4069,9.2615,9.5135,0.3522,6.6603,10.0000,3.0000
158.3995,3168,7.5568,10.1306,3.0012,8.0896,9.1251,0.4069,9.2615,9.5135,0.3522,6.6402,10.0000,3.0000
158.4496,3169,7.5211,10.1307,3.0012,8.0804,9.1283,0.4079,9.2493,9.5267,0.3558,6.6202,10.0000,3.0000
158.4995,3170,7.5211,10.1307,3.0012,8.0804,9.1283,0.4079,9.2493,9.5267,0.3558,6.6002,10.0000,3.0000
158.5495,3171,7.4854,10.1307,3.0012,8.0714,9.1317,0.4084,9.2364,9.5401,0.3583,6.5802,10.0000,3.0000
158.5995,3172,7.4854,10.1307,3.0012,8.0714,9.1317,0.4084,9.2364,9.5401,0.3583,6.5602,10.0000,3.0000
158.6495,3173,7.4496,10.1307,3.0012,8.0626,9.1352,0.4084,9.2226,9.5540,0.3595,6.5402,10.0000,3.0000
158.6996,3174,7.4137,10.1308,3.0012,8.0538,9.1387,0.4076,9.2080,9.5681,0.3601,6.5202,10.0000,3.0000
158.7495,3175,7.4137,10.1308,3.0012,8.0538,9.1387,0.4076,9.2080,9.5681,0.3601,6.5002,10.0000,3.0000
158.7995,3176,7.3776,10.1308,3.0012,8.0452,9.1423,0.4064,9.1923,9.5827,0.3604,6.4802,10.0000,3.0000
158.8496,3177,7.3776,10.1308,3.0012,8.0452,9.1423,0.4064,9.1923,9.5827,0.3604,6.4602,10.0000,3.0000
158.8995,3178,7.3414,10.1307,3.0012,8.0366,9.1463,0.4049,9.1759,9.5973,0.3613,6.4402,10.0000,3.0000
158.9495,3179,7.3414,10.1307,3.0012,8.0366,9.1463,0.4049,9.1759,9.5973,0.3613,6.4202,10.0000,3.0000
158.9996,3180,7.3052,10.1307,3.0012,8.0278,9.1503,0.4028,9.1587,9.6115,0.3637,6.4002,10.0000,3.0000
159.0495,3181,7.2691,10.1307,3.0012,8.0190,9.1547,0.4003,9.1410,9.6254,0.3669,6.3802,10.0000,3.0000
159.0995,3182,7.2691,10.1307,3.0012,8.0190,9.1547,0.4003,9.1410,9.6254,0.3669,6.3602,10.0000,3.0000
159.1495,3183,7.2331,10.1307,3.0012,8.0099,9.1593,0.3977,9.1235,9.6387,0.3685,6.3402,10.0000,3.0000
159.1995,3184,7.2331,10.1307,3.0012,8.0005,9.1643,0.3953,9.1235,9.6387,0.3685,6.3202,10.0000,3.0000
159.2496,3185,7.1971,10.1306,3.0012,8.0005,9.1643,0.3953,9.1063,9.6513,0.3691,6.3002,10.0000,3.0000
159.2996,3186,7.1612,10.1306,3.0012,7.9908,9.1698,0.3931,9.0889,9.6636,0.3698,6.2802,10.0000,3.0000
159.3496,3187,7.1612,10.1306,3.0012,7.9908,9.1698,0.3931,9.0889,9.6636,0.3698,6.2602,10.0000,3.0000
159.3995,3188,7.1253,10.1305,3.0012,7.9807,9.1757,0.3916,9.0710,9.6761,0.3703,6.2402,10.0000,3.0000
159.4495,3189,7.1253,10.1305,3.0012,7.9807,9.1757,0.3916,9.0710,9.6761,0.3703,6.2202,10.0000,3.0000
159.4996,3190,7.0895,10.1304,3.0012,7.9703,9.1821,0.3906,9.0523,9.6887,0.3707,6.2002,10.0000,3.0000
159.5495,3191,7.0536,10.1304,3.0012,7.9594,9.1889,0.3893,9.0327,9.7018,0.3712,6.1802,10.0000,3.0000
159.5995,3192,7.0536,10.1304,3.0012,7.9594,9.1889,0.3893,9.0327,9.7018,0.3712,6.1602,10.0000,3.0000
159.6495,3193,7.0177,10.1303,3.0012,7.9481,9.1961,0.3879,9.0124,9.7146,0.3723,6.1402,10.0000,3.0000
159.6995,3194,7.0177,10.1303,3.0012,7.9481,9.1961,0.3879,9.0124,9.7146,0.3723,6.1202,10.0000,3.0000
159.7496,3195,6.9819,10.1302,3.0012,7.9360,9.2039,0.3861,8.9910,9.7271,0.3738,6.1002,10.0000,3.0000
159.7994,3196,6.9461,10.1301,3.0012,7.9228,9.2125,0.3843,8.9688,9.7395,0.3738,6.0802,10.0000,3.0000
159.8495,3197,6.9461,10.1301,3.0012,7.9228,9.2125,0.3843,8.9688,9.7395,0.3738,6.0602,10.0000,3.0000
159.8996,3198,6.9103,10.1300,3.0012,7.9082,9.2219,0.3825,8.9464,9.7516,0.3726,6.0402,10.0000,3.0000
159.9496,3199,6.9103,10.1300,3.0012,7.9082,9.2219,0.3825,8.9464,9.7516,0.3726,6.0202,10.0000,3.0000
159.9996,3200,6.8746,10.1299,3.0012,7.8928,9.2315,0.3806,8.9242,9.7631,0.3716,6.0002,10.0000,3.0000
160.0495,3201,6.8746,10.1299,3.0012,7.8928,9.2315,0.3806,8.9242,9.7631,0.3716,5.9802,10.0000,3.0000
160.0995,3202,6.8389,10.1298,3.0012,7.8770,9.2406,0.3790,8.9019,9.7741,0.3709,5.9602,10.0000,3.0000
160.1495,3203,6.8033,10.1297,3.0012,7.8609,9.2488,0.3776,8.8789,9.7846,0.3697,5.9402,10.0000,3.0000
160.1996,3204,6.8033,10.1297,3.0012,7.8609,9.2488,0.3776,8.8789,9.7846,0.3697,5.9202,10.0000,3.0000
160.2495,3205,6.7677,10.1295,3.0012,7.8448,9.2558,0.3758,8.8549,9.7950,0.3681,5.9002,10.0000,3.0000
160.2995,3206,6.7677,10.1295,3.0012,7.8448,9.2558,0.3758,8.8549,9.7950,0.3681,5.8802,10.0000,3.0000
160.3496,3207,6.7321,10.1294,3.0012,7.8286,9.2619,0.3732,8.8298,9.8051,0.3664,5.8602,10.0000,3.0000
160.3995,3208,6.7321,10.1294,3.0012,7.8286,9.2619,0.3732,8.8298,9.8051,0.3664,5.8402,10.0000,3.0000
160.4495,3209,6.6965,10.1293,3.0012,7.8123,9.2675,0.3698,8.8032,9.8149,0.3646,5.8202,10.0000,3.0000
160.4995,3210,6.6607,10.1292,3.0012,7.7960,9.2727,0.3664,8.7764,9.8239,0.3641,5.8002,10.0000,3.0000
160.5495,3211,6.6607,10.1292,3.0012,7.7960,9.2727,0.3664,8.7764,9.8239,0.3641,5.7802,10.0000,3.0000
160.5995,3212,6.6250,10.1290,3.0012,7.7792,9.2783,0.3638,8.7507,9.8322,0.3649,5.7602,10.0000,3.0000
160.6495,3213,6.6250,10.1290,3.0012,7.7792,9.2783,0.3638,8.7507,9.8322,0.3649,5.7402,10.0000,3.0000
160.6995,3214,6.5892,10.1289,3.0012,7.7613,9.2839,0.3613,8.7252,9.8404,0.3659,5.7202,10.0000,3.0000
160.7495,3215,6.5534,10.1288,3.0012,7.7422,9.2897,0.3592,8.6998,9.8485,0.3667,5.7002,10.0000,3.0000
160.7996,3216,6.5534,10.1288,3.0012,7.7422,9.2897,0.3592,8.6998,9.8485,0.3667,5.6802,10.0000,3.0000
160.8496,3217,6.5176,10.1286,3.0012,7.7219,9.2954,0.3575,8.6744,9.8566,0.3674,5.6602,10.0000,3.0000
160.8995,3218,6.5176,10.1286,3.0012,7.7219,9.2954,0.3575,8.6744,9.8566,0.3674,5.6402,10.0000,3.0000
160.9495,3219,6.4819,10.1285,3.0012,7.7003,9.3009,0.3559,8.6487,9.8648,0.3681,5.6202,10.0000,3.0000
160.9995,3220,6.4462,10.1283,3.0012,7.6776,9.3062,0.3550,8.6222,9.8730,0.3687,5.6002,10.0000,3.0000
161.0496,3221,6.4462,10.1283,3.0012,7.6776,9.3062,0.3550,8.6222,9.8730,0.3687,5.5802,10.0000,3.0000
161.0996,3222,6.4105,10.1282,3.0012,7.6538,9.3113,0.3547,8.5947,9.8813,0.3693,5.5602,10.0000,3.0000
161.1495,3223,6.4105,10.1282,3.0012,7.6538,9.3113,0.3547,8.5947,9.8813,0.3693,5.5402,10.0000,3.0000
161.1995,3224,6.3749,10.1280,3.0012,7.6292,9.3161,0.3549,8.5663,9.8897,0.3702,5.5202,10.0000,3.0000
161.2496,3225,6.3749,10.1280,3.0012,7.6292,9.3161,0.3549,8.5663,9.8897,0.3702,5.5002,10.0000,3.0000
161.2996,3226,6.3749,10.1280,3.0012,7.6292,9.3161,0.3549,8.5663,9.8897,0.3702,5.4802,10.0000,3.0000
161.3495,3227,6.3392,10.1279,3.0012,7.6047,9.3211,0.3553,8.5376,9.8980,0.3703,5.4602,10.0000,3.0000
161.3996,3228,6.3392,10.1279,3.0012,7.6047,9.3211,0.3553,8.5376,9.8980,0.3703,5.4402,10.0000,3.0000
161.4496,3229,6.3032,10.1277,3.0012,7.5802,9.3264,0.3555,8.5090,9.9062,0.3698,5.4202,10.0000,3.0000
161.4996,3230,6.3032,10.1277,3.0012,7.5802,9.3264,0.3555,8.5090,9.9062,0.3698,5.4002,10.0000,3.0000
161.5495,3231,6.2670,10.1276,3.0012,7.5557,9.3316,0.3555,8.4813,9.9143,0.3702,5.3802,10.0000,3.0000
161.5995,3232,6.2305,10.1274,3.0012,7.5310,9.3367,0.3552,8.4541,9.9222,0.3708,5.3602,10.0000,3.0000
161.6495,3233,6.2305,10.1274,3.0012,7.5310,9.3367,0.3552,8.4541,9.9222,0.3708,5.3402,10.0000,3.0000
161.6996,3234,6.1939,10.1272,3.0012,7.5059,9.3417,0.3544,8.4271,9.9300,0.3715,5.3202,10.0000,3.0000
161.7495,3235,6.1939,10.1272,3.0012,7.5059,9.3417,0.3544,8.4271,9.9300,0.3715,5.3002,10.0000,3.0000
161.7995,3236,6.1573,10.1271,3.0012,7.4799,9.3464,0.3533,8.3999,9.9379,0.3719,5.2802,10.0000,3.0000
161.8495,3237,6.1206,10.1269,3.0012,7.4525,9.3510,0.3520,8.3721,9.9459,0.3722,5.2602,10.0000,3.0000
161.8996,3238,6.1206,10.1269,3.0012,7.4525,9.3510,0.3520,8.3721,9.9459,0.3722,5.2402,10.0000,3.0000
161.9495,3239,6.0839,10.1267,3.0012,7.4240,9.3553,0.3509,8.3436,9.9541,0.3727,5.2202,10.0000,3.0000
161.9995,3240,6.0839,10.1267,3.0012,7.4240,9.3553,0.3509,8.3436,9.9541,0.3727,5.2002,10.0000,3.0000
162.0495,3241,6.0472,10.1266,3.0012,7.3959,9.3588,0.3510,8.3144,9.9624,0.3733,5.1802,10.0000,3.0000
162.0994,3242,6.0106,10.1264,3.0012,7.3689,9.3622,0.3516,8.2851,9.9706,0.3742,5.1602,10.0000,3.0000
162.1496,3243,6.0106,10.1264,3.0012,7.3689,9.3622,0.3516,8.2851,9.9706,0.3742,5.1402,10.0000,3.0000
162.1995,3244,5.9740,10.1262,3.0012,7.3429,9.3657,0.3524,8.2572,9.9784,0.3760,5.1202,10.0000,3.0000
162.2495,3245,5.9740,10.1262,3.0012,7.3429,9.3657,0.3524,8.2572,9.9784,0.3760,5.1002,10.0000,3.0000
162.2995,3246,5.9375,10.1261,3.0012,7.3174,9.3693,0.3531,8.2298,9.9859,0.3781,5.0802,10.0000,3.0000
162.3495,3247,5.9375,10.1261,3.0012,7.3174,9.3693,0.3531,8.2298,9.9859,0.3781,5.0602,10.0000,3.0000
162.3996,3248,5.9010,10.1259,3.0012,7.2919,9.3730,0.3537,8.2027,9.9933,0.3800,5.0402,10.0000,3.0000
162.4495,3249,5.8645,10.1257,3.0012,7.2660,9.3768,0.3545,8.1754,10.0007,0.3816,5.0202,10.0000,3.0000
162.4995,3250,5.8645,10.1257,3.0012,7.2660,9.3768,0.3545,8.1754,10.0007,0.3816,5.0002,10.0000,3.0000
162.5495,3251,5.8280,10.1255,3.0012,7.2395,9.3804,0.3557,8.1479,10.0080,0.3828,4.9802,10.0000,3.0000
162.5995,3252,5.8280,10.1255,3.0012,7.2395,9.3804,0.3557,8.1479,10.0080,0.3828,4.9602,10.0000,3.0000
162.6495,3253,5.7916,10.1254,3.0012,7.2121,9.3839,0.3575,8.1201,10.0154,0.3839,4.9402,10.0000,3.0000
162.6995,3254,5.7552,10.1252,3.0012,7.1836,9.3874,0.3599,8.0915,10.0228,0.3850,4.9202,10.0000,3.0000
162.7495,3255,5.7552,10.1252,3.0012,7.1836,9.3874,0.3599,8.0915,10.0228,0.3850,4.9002,10.0000,3.0000
162.7995,3256,5.7189,10.1250,3.0012,7.1547,9.3912,0.3624,8.0621,10.0303,0.3858,4.8802,10.0000,3.0000
162.8496,3257,5.7189,10.1250,3.0012,7.1547,9.3912,0.3624,8.0621,10.0303,0.3858,4.8602,10.0000,3.0000
162.8995,3258,5.6826,10.1248,3.0012,7.1258,9.3948,0.3642,8.0325,10.0379,0.3855,4.8402,10.0000,3.0000
162.9495,3259,5.6464,10.1247,3.0012,7.0971,9.3985,0.3656,8.0028,10.0453,0.3835,4.8202,10.0000,3.0000
162.9995,3260,5.6464,10.1247,3.0012,7.0971,9.3985,0.3656,8.0028,10.0453,0.3835,4.8002,10.0000,3.0000
163.0495,3261,5.6103,10.1245,3.0012,7.0690,9.4022,0.3670,7.9734,10.0525,0.3817,4.7802,10.0000,3.0000
163.0996,3262,5.6103,10.1245,3.0012,7.0690,9.4022,0.3670,7.9734,10.0525,0.3817,4.7602,10.0000,3.0000
163.1495,3263,5.5743,10.1243,3.0012,7.0416,9.4060,0.3677,7.9448,10.0594,0.3807,4.7402,10.0000,3.0000
163.1995,3264,5.5383,10.1241,3.0012,7.0145,9.4100,0.3676,7.9165,10.0661,0.3801,4.7202,10.0000,3.0000
163.2496,3265,5.5383,10.1241,3.0012,7.0145,9.4100,0.3676,7.9165,10.0661,0.3801,4.7002,10.0000,3.0000
163.2995,3266,5.5023,10.1239,3.0012,6.9874,9.4144,0.3669,7.8881,10.0726,0.3798,4.6802,10.0000,3.0000
163.3495,3267,5.5023,10.1239,3.0012,6.9874,9.4144,0.3669,7.8881,10.0726,0.3798,4.6602,10.0000,3.0000
163.3995,3268,5.4665,10.1238,3.0012,6.9595,9.4192,0.3661,7.8595,10.0790,0.3795,4.6402,10.0000,3.0000
163.4495,3269,5.4665,10.1238,3.0012,6.9595,9.4192,0.3661,7.8595,10.0790,0.3795,4.6202,10.0000,3.0000
163.4996,3270,5.4307,10.1236,3.0012,6.9307,9.4242,0.3654,7.8303,10.0854,0.3795,4.6002,10.0000,3.0000
163.5495,3271,5.3948,10.1234,3.0012,6.9009,9.4295,0.3651,7.8004,10.0918,0.3794,4.5802,10.0000,3.0000
163.5996,3272,5.3948,10.1234,3.0012,6.9009,9.4295,0.3651,7.8004,10.0918,0.3794,4.5602,10.0000,3.0000
163.6496,3273,5.3590,10.1232,3.0012,6.8714,9.4344,0.3658,7.7703,10.0979,0.3792,4.5402,10.0000,3.0000
163.6995,3274,5.3590,10.1232,3.0012,6.8714,9.4344,0.3658,7.7703,10.0979,0.3792,4.5202,10.0000,3.0000
163.7515,3275,5.3232,10.1230,3.0012,6.8427,9.4389,0.3666,7.7417,10.1037,0.3805,4.4994,10.0000,3.0000
163.7995,3276,5.2876,10.1229,3.0012,6.8152,9.4431,0.3674,7.7139,10.1090,0.3822,4.4802,10.0000,3.0000
163.8495,3277,5.2876,10.1229,3.0012,6.8152,9.4431,0.3674,7.7139,10.1090,0.3822,4.4602,10.0000,3.0000
163.8996,3278,5.2520,10.1227,3.0012,6.7884,9.4472,0.3686,7.6864,10.1141,0.3840,4.4402,10.0000,3.0000
163.9494,3279,5.2520,10.1227,3.0012,6.7618,9.4515,0.3698,7.6864,10.1141,0.3840,4.4202,10.0000,3.0000
163.9995,3280,5.2165,10.1225,3.0012,6.7618,9.4515,0.3698,7.6588,10.1192,0.3853,4.4002,10.0000,3.0000
164.0496,3281,5.1810,10.1223,3.0012,6.7352,9.4560,0.3711,7.6309,10.1242,0.3863,4.3802,10.0000,3.0000
164.0996,3282,5.1810,10.1223,3.0012,6.7352,9.4560,0.3711,7.6309,10.1242,0.3863,4.3602,10.0000,3.0000
164.1496,3283,5.1457,10.1221,3.0012,6.7082,9.4606,0.3725,7.6024,10.1292,0.3870,4.3402,10.0000,3.0000
164.1995,3284,5.1104,10.1220,3.0012,6.6804,9.4652,0.3739,7.5732,10.1340,0.3876,4.3202,10.0000,3.0000
164.2496,3285,5.1104,10.1220,3.0012,6.6804,9.4652,0.3739,7.5732,10.1340,0.3876,4.3002,10.0000,3.0000
164.2995,3286,5.0751,10.1218,3.0012,6.6518,9.4698,0.3752,7.5430,10.1390,0.3878,4.2802,10.0000,3.0000
164.3495,3287,5.0751,10.1218,3.0012,6.6518,9.4698,0.3752,7.5430,10.1390,0.3878,4.2602,10.0000,3.0000
164.3995,3288,5.0399,10.1216,3.0012,6.6227,9.4742,0.3764,7.5125,10.1439,0.3866,4.2402,10.0000,3.0000
164.4494,3289,5.0047,10.1214,3.0012,6.5934,9.4785,0.3771,7.4821,10.1488,0.3838,4.2202,10.0000,3.0000
164.4996,3290,5.0047,10.1214,3.0012,6.5934,9.4785,0.3771,7.4821,10.1488,0.3838,4.2001,10.0000,3.0000
164.5496,3291,4.9695,10.1212,3.0012,6.5641,9.4827,0.3766,7.4522,10.1534,0.3812,4.1801,10.0000,3.0000
164.5995,3292,4.9695,10.1212,3.0012,6.5641,9.4827,0.3766,7.4522,10.1534,0.3812,4.1602,10.0000,3.0000
164.6495,3293,4.9344,10.1210,3.0012,6.5350,9.4871,0.3757,7.4230,10.1579,0.3795,4.1402,10.0000,3.0000
164.6995,3294,4.8994,10.1209,3.0012,6.5063,9.4918,0.3750,7.3942,10.1623,0.3784,4.1202,10.0000,3.0000
164.7495,3295,4.8994,10.1209,3.0012,6.5063,9.4918,0.3750,7.3942,10.1623,0.3784,4.1002,10.0000,3.0000
164.7995,3296,4.8643,10.1207,3.0012,6.4779,9.4965,0.3745,7.3655,10.1667,0.3775,4.0802,10.0000,3.0000
164.8495,3297,4.8643,10.1207,3.0012,6.4779,9.4965,0.3745,7.3655,10.1667,0.3775,4.0602,10.0000,3.0000
164.8996,3298,4.8293,10.1205,3.0012,6.4496,9.5013,0.3737,7.3366,10.1709,0.3770,4.0402,10.0000,3.0000
164.9496,3299,4.8293,10.1205,3.0012,6.4211,9.5062,0.3727,7.3366,10.1709,0.3770,4.0202,10.0000,3.0000
164.9995,3300,4.7943,10.1203,3.0012,6.4211,9.5062,0.3727,7.3073,10.1751,0.3767,4.0002,10.0000,3.0000
165.0495,3301,4.7593,10.1201,3.0012,6.3918,9.5109,0.3717,7.2774,10.1792,0.3767,3.9802,10.0000,3.0000
165.0996,3302,4.7593,10.1201,3.0012,6.3918,9.5109,0.3717,7.2774,10.1792,0.3767,3.9602,10.0000,3.0000
165.1496,3303,4.7244,10.1200,3.0012,6.3612,9.5157,0.3705,7.2473,10.1833,0.3764,3.9402,10.0000,3.0000
165.1996,3304,4.7244,10.1200,3.0012,6.3612,9.5157,0.3705,7.2473,10.1833,0.3764,3.9202,10.0000,3.0000
165.2495,3305,4.6895,10.1198,3.0012,6.3307,9.5203,0.3697,7.2183,10.1872,0.3775,3.9002,10.0000,3.0000
165.2994,3306,4.6545,10.1196,3.0012,6.3011,9.5244,0.3694,7.1903,10.1911,0.3791,3.8802,10.0000,3.0000
165.3496,3307,4.6545,10.1196,3.0012,6.3011,9.5244,0.3694,7.1903,10.1911,0.3791,3.8602,10.0000,3.0000
165.3995,3308,4.6195,10.1194,3.0012,6.2728,9.5281,0.3694,7.1625,10.1948,0.3805,3.8402,10.0000,3.0000
165.4495,3309,4.6195,10.1194,3.0012,6.2728,9.5281,0.3694,7.1625,10.1948,0.3805,3.8202,10.0000,3.0000
165.4996,3310,4.5845,10.1192,3.0012,6.2451,9.5319,0.3699,7.1347,10.1985,0.3816,3.8002,10.0000,3.0000
165.5496,3311,4.5845,10.1192,3.0012,6.2451,9.5319,0.3699,7.1347,10.1985,0.3816,3.7802,10.0000,3.0000
165.5995,3312,4.5495,10.1190,3.0012,6.2175,9.5358,0.3704,7.1068,10.2022,0.3825,3.7602,10.0000,3.0000
165.6495,3313,4.5143,10.1189,3.0012,6.1898,9.5399,0.3710,7.0784,10.2059,0.3835,3.7402,10.0000,3.0000
165.6996,3314,4.5143,10.1189,3.0012,6.1898,9.5399,0.3710,7.0784,10.2059,0.3835,3.7202,10.0000,3.0000
165.7495,3315,4.4792,10.1187,3.0012,6.1616,9.5441,0.3718,7.0494,10.2095,0.3844,3.7002,10.0000,3.0000
165.7995,3316,4.4792,10.1187,3.0012,6.1616,9.5441,0.3718,7.0494,10.2095,0.3844,3.6802,10.0000,3.0000
165.8495,3317,4.4440,10.1185,3.0012,6.1327,9.5482,0.3725,7.0196,10.2134,0.3852,3.6602,10.0000,3.0000
165.8995,3318,4.4089,10.1183,3.0012,6.1031,9.5521,0.3726,6.9889,10.2174,0.3848,3.6402,10.0000,3.0000
165.9496,3319,4.4089,10.1183,3.0012,6.1031,9.5521,0.3726,6.9889,10.2174,0.3848,3.6202,10.0000,3.0000
165.9996,3320,4.3739,10.1181,3.0012,6.0733,9.5558,0.3719,6.9586,10.2214,0.3824,3.6002,10.0000,3.0000
166.0496,3321,4.3739,10.1181,3.0012,6.0733,9.5558,0.3719,6.9586,10.2214,0.3824,3.5802,10.0000,3.0000
166.0996,3322,4.3389,10.1180,3.0012,6.0433,9.5591,0.3715,6.9289,10.2252,0.3800,3.5602,10.0000,3.0000
166.1495,3323,4.3038,10.1178,3.0012,6.0136,9.5624,0.3704,6.9000,10.2291,0.3787,3.5402,10.0000,3.0000
166.1996,3324,4.3038,10.1178,3.0012,6.0136,9.5624,0.3704,6.9000,10.2291,0.3787,3.5202,10.0000,3.0000
166.2496,3325,4.2687,10.1176,3.0012,5.9848,9.5663,0.3694,6.8717,10.2330,0.3773,3.5002,10.0000,3.0000
166.2995,3326,4.2687,10.1176,3.0012,5.9848,9.5663,0.3694,6.8717,10.2330,0.3773,3.4802,10.0000,3.0000
166.3495,3327,4.2337,10.1174,3.0012,5.9568,9.5700,0.3694,6.8440,10.2369,0.3761,3.4602,10.0000,3.0000
166.3996,3328,4.2337,10.1174,3.0012,5.9568,9.5700,0.3694,6.8440,10.2369,0.3761,3.4402,10.0000,3.0000
166.4495,3329,4.1986,10.1172,3.0012,5.9292,9.5733,0.3697,6.8164,10.2407,0.3755,3.4202,10.0000,3.0000
166.4995,3330,4.1986,10.1172,3.0012,5.9292,9.5733,0.3697,6.8164,10.2407,0.3755,3.4002,10.0000,3.0000
166.5495,3331,4.1634,10.1170,3.0012,5.9018,9.5765,0.3700,6.7886,10.2445,0.3750,3.3802,10.0000,3.0000
166.5995,3332,4.1281,10.1169,3.0012,5.8740,9.5796,0.3701,6.7599,10.2485,0.3745,3.3602,10.0000,3.0000
166.6496,3333,4.1281,10.1169,3.0012,5.8740,9.5796,0.3701,6.7599,10.2485,0.3745,3.3402,10.0000,3.0000
166.6995,3334,4.0927,10.1167,3.0012,5.8452,9.5829,0.3701,6.7305,10.2530,0.3740,3.3202,10.0000,3.0000
166.7495,3335,4.0927,10.1167,3.0012,5.8452,9.5829,0.3701,6.7305,10.2530,0.3740,3.3002,10.0000,3.0000
166.7995,3336,4.0573,10.1165,3.0012,5.8155,9.5864,0.3702,6.7008,10.2576,0.3731,3.2802,10.0000,3.0000
166.8495,3337,4.0219,10.1163,3.0012,5.7857,9.5895,0.3698,6.6719,10.2623,0.3732,3.2602,10.0000,3.0000
166.8995,3338,4.0219,10.1163,3.0012,5.7857,9.5895,0.3698,6.6719,10.2623,0.3732,3.2402,10.0000,3.0000
166.9496,3339,3.9865,10.1161,3.0012,5.7568,9.5922,0.3702,6.6443,10.2666,0.3746,3.2202,10.0000,3.0000
166.9995,3340,3.9865,10.1161,3.0012,5.7568,9.5922,0.3702,6.6443,10.2666,0.3746,3.2002,10.0000,3.0000
167.0496,3341,3.9511,10.1160,3.0012,5.7291,9.5947,0.3712,6.6169,10.2706,0.3758,3.1802,10.0000,3.0000
167.0995,3342,3.9157,10.1158,3.0012,5.7017,9.5971,0.3724,6.5897,10.2741,0.3769,3.1602,10.0000,3.0000
167.1496,3343,3.9157,10.1158,3.0012,5.7017,9.5971,0.3724,6.5897,10.2741,0.3769,3.1402,10.0000,3.0000
167.1996,3344,3.8803,10.1156,3.0012,5.6744,9.5996,0.3737,6.5623,10.2775,0.3780,3.1202,10.0000,3.0000
167.2495,3345,3.8803,10.1156,3.0012,5.6744,9.5996,0.3737,6.5623,10.2775,0.3780,3.1002,10.0000,3.0000
167.2996,3346,3.8450,10.1154,3.0012,5.6469,9.6023,0.3749,6.5345,10.2807,0.3789,3.0802,10.0000,3.0000
167.3495,3347,3.8097,10.1153,3.0012,5.6188,9.6048,0.3761,6.5060,10.2840,0.3797,3.0602,10.0000,3.0000
167.3996,3348,3.8097,10.1153,3.0012,5.6188,9.6048,0.3761,6.5060,10.2840,0.3797,3.0402,10.0000,3.0000
167.4495,3349,3.7744,10.1151,3.0012,5.5899,9.6071,0.3773,6.4767,10.2872,0.3804,3.0202,10.0000,3.0000
167.4995,3350,3.7744,10.1151,3.0012,5.5899,9.6071,0.3773,6.4767,10.2872,0.3804,3.0002,10.0000,3.0000
167.5495,3351,3.7391,10.1149,3.0012,5.5603,9.6092,0.3781,6.4463,10.2904,0.3811,2.9802,10.0000,3.0000
167.5995,3352,3.7039,10.1147,3.0012,5.5302,9.6113,0.3783,6.4158,10.2934,0.3816,2.9602,10.0000,3.0000
167.6495,3353,3.7039,10.1147,3.0012,5.5302,9.6113,0.3783,6.4158,10.2934,0.3816,2.9402,10.0000,3.0000
167.6996,3354,3.6687,10.1145,3.0012,5.5000,9.6133,0.3776,6.3855,10.2962,0.3807,2.9202,10.0000,3.0000
167.7494,3355,3.6336,10.1144,3.0012,5.4701,9.6152,0.3763,6.3558,10.2989,0.3801,2.9002,10.0000,3.0000
167.7996,3356,3.6336,10.1144,3.0012,5.4701,9.6152,0.3763,6.3558,10.2989,0.3801,2.8802,10.0000,3.0000
167.8495,3357,3.5986,10.1142,3.0012,5.4410,9.6171,0.3755,6.3266,10.3017,0.3799,2.8602,10.0000,3.0000
167.8995,3358,3.5986,10.1142,3.0012,5.4122,9.6190,0.3749,6.3266,10.3017,0.3799,2.8402,10.0000,3.0000
167.9496,3359,3.5637,10.1140,3.0012,5.4122,9.6190,0.3749,6.2977,10.3044,0.3800,2.8202,10.0000,3.0000
167.9996,3360,3.5289,10.1138,3.0012,5.3837,9.6209,0.3744,6.2686,10.3071,0.3802,2.8002,10.0000,3.0000
168.0495,3361,3.5289,10.1138,3.0012,5.3837,9.6209,0.3744,6.2686,10.3071,0.3802,2.7802,10.0000,3.0000
168.0995,3362,3.4943,10.1137,3.0012,5.3548,9.6227,0.3737,6.2391,10.3100,0.3804,2.7602,10.0000,3.0000
168.1496,3363,3.4598,10.1135,3.0012,5.3252,9.6244,0.3730,6.2092,10.3130,0.3807,2.7402,10.0000,3.0000
168.1995,3364,3.4598,10.1135,3.0012,5.3252,9.6244,0.3730,6.2092,10.3130,0.3807,2.7202,10.0000,3.0000
168.2496,3365,3.4255,10.1133,3.0012,5.2947,9.6259,0.3727,6.1786,10.3162,0.3812,2.7001,10.0000,3.0000
168.2995,3366,3.4255,10.1133,3.0012,5.2947,9.6259,0.3727,6.1786,10.3162,0.3812,2.6802,10.0000,3.0000
168.3495,3367,3.3912,10.1131,3.0012,5.2639,9.6271,0.3728,6.1478,10.3195,0.3808,2.6602,10.0000,3.0000
168.3995,3368,3.3912,10.1131,3.0012,5.2639,9.6271,0.3728,6.1478,10.3195,0.3808,2.6402,10.0000,3.0000
168.4495,3369,3.3568,10.1130,3.0012,5.2342,9.6281,0.3738,6.1179,10.3228,0.3816,2.6202,10.0000,3.0000
168.4994,3370,3.3224,10.1128,3.0012,5.2058,9.6291,0.3754,6.0891,10.3258,0.3832,2.6002,10.0000,3.0000
168.5496,3371,3.3224,10.1128,3.0012,5.2058,9.6291,0.3754,6.0891,10.3258,0.3832,2.5802,10.0000,3.0000
168.5996,3372,3.2878,10.1126,3.0012,5.1779,9.6303,0.3774,6.0606,10.3284,0.3848,2.5602,10.0000,3.0000
168.6495,3373,3.2878,10.1126,3.0012,5.1779,9.6303,0.3774,6.0606,10.3284,0.3848,2.5402,10.0000,3.0000
168.6996,3374,3.2533,10.1124,3.0012,5.1500,9.6318,0.3791,6.0321,10.3308,0.3860,2.5202,10.0000,3.0000
168.7495,3375,3.2188,10.1123,3.0012,5.1220,9.6335,0.3805,6.0033,10.3330,0.3869,2.5002,10.0000,3.0000
168.7995,3376,3.2188,10.1123,3.0012,5.1220,9.6335,0.3805,6.0033,10.3330,0.3869,2.4802,10.0000,3.0000
168.8496,3377,3.1842,10.1121,3.0012,5.0937,9.6352,0.3819,5.9740,10.3351,0.3877,2.4602,10.0000,3.0000
168.8995,3378,3.1842,10.1121,3.0012,5.0937,9.6352,0.3819,5.9740,10.3351,0.3877,2.4402,10.0000,3.0000
168.9496,3379,3.1496,10.1119,3.0012,5.0647,9.6369,0.3832,5.9440,10.3369,0.3884,2.4202,10.0000,3.0000
168.9995,3380,3.1151,10.1117,3.0012,5.0351,9.6384,0.3846,5.9133,10.3387,0.3889,2.4002,10.0000,3.0000
169.0495,3381,3.1151,10.1117,3.0012,5.0351,9.6384,0.3846,5.9133,10.3387,0.3889,2.3802,10.0000,3.0000
169.0995,3382,3.0807,10.1116,3.0012,5.0047,9.6398,0.3851,5.8820,10.3405,0.3886,2.3602,10.0000,3.0000
169.1496,3383,3.0807,10.1116,3.0012,5.0047,9.6398,0.3851,5.8820,10.3405,0.3886,2.3402,10.0000,3.0000
169.1996,3384,3.0463,10.1114,3.0012,4.9745,9.6414,0.3840,5.8510,10.3421,0.3873,2.3202,10.0000,3.0000
169.2496,3385,3.0119,10.1112,3.0012,4.9441,9.6431,0.3816,5.8206,10.3435,0.3863,2.3002,10.0000,3.0000
169.2995,3386,3.0119,10.1112,3.0012,4.9441,9.6431,0.3816,5.8206,10.3435,0.3863,2.2802,10.0000,3.0000
169.3496,3387,2.9776,10.1111,3.0012,4.9142,9.6449,0.3794,5.7909,10.3450,0.3860,2.2602,10.0000,3.0000
169.3995,3388,2.9432,10.1109,3.0012,4.8849,9.6470,0.3778,5.7617,10.3465,0.3862,2.2402,10.0000,3.0000
169.4495,3389,2.9432,10.1109,3.0012,4.8849,9.6470,0.3778,5.7617,10.3465,0.3862,2.2202,10.0000,3.0000
169.4995,3390,2.9089,10.1107,3.0012,4.8560,9.6491,0.3767,5.7327,10.3479,0.3866,2.2002,10.0000,3.0000
169.5494,3391,2.8746,10.1105,3.0012,4.8272,9.6513,0.3758,5.7035,10.3492,0.3872,2.1802,10.0000,3.0000
169.5996,3392,2.8746,10.1105,3.0012,4.8272,9.6513,0.3758,5.7035,10.3492,0.3872,2.1602,10.0000,3.0000
169.6496,3393,2.8403,10.1104,3.0012,4.7982,9.6535,0.3749,5.6739,10.3505,0.3878,2.1402,10.0000,3.0000
169.6995,3394,2.8403,10.1104,3.0012,4.7982,9.6535,0.3749,5.6739,10.3505,0.3878,2.1202,10.0000,3.0000
169.7495,3395,2.8062,10.1102,3.0012,4.7684,9.6558,0.3742,5.6437,10.3520,0.3882,2.1002,10.0000,3.0000
169.7995,3396,2.7721,10.1100,3.0012,4.7376,9.6579,0.3735,5.6132,10.3536,0.3878,2.0802,10.0000,3.0000
169.8495,3397,2.7721,10.1100,3.0012,4.7376,9.6579,0.3735,5.6132,10.3536,0.3878,2.0602,10.0000,3.0000
169.8995,3398,2.7382,10.1098,3.0012,4.7071,9.6599,0.3735,5.5831,10.3552,0.3870,2.0402,10.0000,3.0000
169.9495,3399,2.7043,10.1097,3.0012,4.6779,9.6617,0.3742,5.5542,10.3569,0.3874,2.0202,10.0000,3.0000
169.9996,3400,2.7043,10.1097,3.0012,4.6779,9.6617,0.3742,5.5542,10.3569,0.3874,2.0002,10.0000,3.0000
170.0496,3401,2.6704,10.1095,3.0012,4.6496,9.6635,0.3755,5.5261,10.3582,0.3881,1.9802,10.0000,3.0000
170.0996,3402,2.6704,10.1095,3.0012,4.6496,9.6635,0.3755,5.5261,10.3582,0.3881,1.9602,10.0000,3.0000
170.1495,3403,2.6365,10.1093,3.0012,4.6218,9.6652,0.3771,5.4981,10.3590,0.3887,1.9402,10.0000,3.0000
170.1994,3404,2.6027,10.1092,3.0012,4.5941,9.6671,0.3788,5.4700,10.3595,0.3894,1.9202,10.0000,3.0000
170.2495,3405,2.6027,10.1092,3.0012,4.5941,9.6671,0.3788,5.4700,10.3595,0.3894,1.9002,10.0000,3.0000
170.2995,3406,2.5688,10.1090,3.0012,4.5663,9.6691,0.3804,5.4415,10.3600,0.3899,1.8802,10.0000,3.0000
170.3495,3407,2.5688,10.1090,3.0012,4.5663,9.6691,0.3804,5.4415,10.3600,0.3899,1.8602,10.0000,3.0000
170.3995,3408,2.5350,10.1088,3.0012,4.5379,9.6713,0.3819,5.4124,10.3603,0.3898,1.8402,10.0000,3.0000
170.4495,3409,2.5350,10.1088,3.0012,4.5379,9.6713,0.3819,5.4124,10.3603,0.3898,1.8202,10.0000,3.0000
170.4997,3410,2.5011,10.1087,3.0012,4.5088,9.6733,0.3832,5.3822,10.3605,0.3893,1.8001,10.0000,3.0000
170.5495,3411,2.4671,10.1085,3.0012,4.4793,9.6750,0.3843,5.3511,10.3605,0.3874,1.7802,10.0000,3.0000
170.5995,3412,2.4671,10.1085,3.0012,4.4793,9.6750,0.3843,5.3511,10.3605,0.3874,1.7602,10.0000,3.0000
170.6495,3413,2.4330,10.1083,3.0012,4.4494,9.6766,0.3842,5.3202,10.3605,0.3851,1.7402,10.0000,3.0000
170.6996,3414,2.4330,10.1083,3.0012,4.4494,9.6766,0.3842,5.3202,10.3605,0.3851,1.7202,10.0000,3.0000
170.7495,3415,2.3990,10.1082,3.0012,4.4196,9.6783,0.3831,5.2901,10.3603,0.3835,1.7002,10.0000,3.0000
170.7996,3416,2.3649,10.1080,3.0012,4.3896,9.6800,0.3805,5.2607,10.3603,0.3827,1.6802,10.0000,3.0000
170.8496,3417,2.3649,10.1080,3.0012,4.3896,9.6800,0.3805,5.2607,10.3603,0.3827,1.6602,10.0000,3.0000
170.8995,3418,2.3310,10.1078,3.0012,4.3599,9.6818,0.3778,5.2318,10.3605,0.3824,1.6402,10.0000,3.0000
170.9494,3419,2.2969,10.1077,3.0012,4.3307,9.6836,0.3757,5.2031,10.3608,0.3822,1.6202,10.0000,3.0000
170.9995,3420,2.2969,10.1077,3.0012,4.3307,9.6836,0.3757,5.2031,10.3608,0.3822,1.6002,10.0000,3.0000
171.0495,3421,2.2629,10.1075,3.0012,4.3019,9.6853,0.3742,5.1743,10.3611,0.3823,1.5802,10.0000,3.0000
171.0995,3422,2.2629,10.1075,3.0012,4.3019,9.6853,0.3742,5.1743,10.3611,0.3823,1.5602,10.0000,3.0000
171.1496,3423,2.2289,10.1073,3.0012,4.2731,9.6870,0.3731,5.1450,10.3617,0.3823,1.5402,10.0000,3.0000
171.1995,3424,2.2289,10.1073,3.0012,4.2731,9.6870,0.3731,5.1450,10.3617,0.3823,1.5202,10.0000,3.0000
171.2496,3425,2.1949,10.1072,3.0012,4.2439,9.6885,0.3719,5.1152,10.3624,0.3827,1.5002,10.0000,3.0000
171.2996,3426,2.1609,10.1070,3.0012,4.2142,9.6899,0.3709,5.0849,10.3634,0.3824,1.4802,10.0000,3.0000
171.3495,3427,2.1609,10.1070,3.0012,4.2142,9.6899,0.3709,5.0849,10.3634,0.3824,1.4602,10.0000,3.0000
171.3996,3428,2.1269,10.1068,3.0012,4.1834,9.6911,0.3701,5.0545,10.3645,0.3810,1.4402,10.0000,3.0000
171.4496,3429,2.1269,10.1068,3.0012,4.1834,9.6911,0.3701,5.0545,10.3645,0.3810,1.4202,10.0000,3.0000
171.4996,3430,2.0928,10.1067,3.0012,4.1526,9.6920,0.3698,5.0249,10.3658,0.3810,1.4002,10.0000,3.0000
171.5496,3431,2.0588,10.1065,3.0012,4.1231,9.6927,0.3707,4.9962,10.3670,0.3813,1.3802,10.0000,3.0000
171.5996,3432,2.0588,10.1065,3.0012,4.1231,9.6927,0.3707,4.9962,10.3670,0.3813,1.3602,10.0000,3.0000
171.6495,3433,2.0248,10.1063,3.0012,4.0946,9.6935,0.3719,4.9679,10.3680,0.3818,1.3402,10.0000,3.0000
171.6995,3434,2.0248,10.1063,3.0012,4.0946,9.6935,0.3719,4.9679,10.3680,0.3818,1.3202,10.0000,3.0000
171.7495,3435,1.9907,10.1062,3.0012,4.0665,9.6943,0.3734,4.9396,10.3688,0.3823,1.3002,10.0000,3.0000
171.7995,3436,1.9566,10.1060,3.0012,4.0383,9.6952,0.3749,4.9110,10.3695,0.3826,1.2802,10.0000,3.0000
171.8496,3437,1.9566,10.1060,3.0012,4.0383,9.6952,0.3749,4.9110,10.3695,0.3826,1.2602,10.0000,3.0000
171.8996,3438,1.9225,10.1058,3.0012,4.0100,9.6963,0.3764,4.8818,10.3702,0.3828,1.2402,10.0000,3.0000
171.9494,3439,1.8884,10.1057,3.0012,3.9812,9.6974,0.3778,4.8519,10.3708,0.3829,1.2202,10.0000,3.0000
171.9996,3440,1.8884,10.1057,3.0012,3.9812,9.6974,0.3778,4.8519,10.3708,0.3829,1.2002,10.0000,3.0000
172.0495,3441,1.8543,10.1055,3.0012,3.9518,9.6984,0.3791,4.8209,10.3714,0.3831,1.1802,10.0000,3.0000
172.0995,3442,1.8543,10.1055,3.0012,3.9518,9.6984,0.3791,4.8209,10.3714,0.3831,1.1602,10.0000,3.0000
172.1495,3443,1.8202,10.1053,3.0012,3.9217,9.6992,0.3799,4.7894,10.3721,0.3821,1.1402,10.0000,3.0000
172.1996,3444,1.7861,10.1052,3.0012,3.8911,9.6998,0.3794,4.7581,10.3727,0.3803,1.1202,10.0000,3.0000
172.2496,3445,1.7861,10.1052,3.0012,3.8911,9.6998,0.3794,4.7581,10.3727,0.3803,1.1002,10.0000,3.0000
172.2995,3446,1.7522,10.1050,3.0012,3.8606,9.7006,0.3779,4.7278,10.3733,0.3791,1.0802,10.0000,3.0000
172.3494,3447,1.7182,10.1049,3.0012,3.8302,9.7013,0.3755,4.6983,10.3742,0.3785,1.0602,10.0000,3.0000
172.3995,3448,1.7182,10.1049,3.0012,3.8302,9.7013,0.3755,4.6983,10.3742,0.3785,1.0402,10.0000,3.0000
172.4496,3449,1.6842,10.1047,3.0012,3.8004,9.7022,0.3734,4.6692,10.3753,0.3783,1.0202,10.0000,3.0000
172.4996,3450,1.6842,10.1047,3.0012,3.8004,9.7022,0.3734,4.6692,10.3753,0.3783,1.0002,10.0000,3.0000
172.5496,3451,1.6503,10.1045,3.0012,3.7711,9.7033,0.3720,4.6401,10.3765,0.3783,0.9802,10.0000,3.0000
172.5996,3452,1.6503,10.1045,3.0012,3.7711,9.7033,0.3720,4.6401,10.3765,0.3783,0.9602,10.0000,3.0000
172.6496,3453,1.6164,10.1044,3.0012,3.7422,9.7045,0.3711,4.6109,10.3779,0.3785,0.9402,10.0000,3.0000
172.6996,3454,1.5824,10.1042,3.0012,3.7133,9.7057,0.3703,4.5813,10.3799,0.3788,0.9202,10.0000,3.0000
172.7495,3455,1.5824,10.1042,3.0012,3.7133,9.7057,0.3703,4.5813,10.3799,0.3788,0.9002,10.0000,3.0000
172.7996,3456,1.5485,10.1041,3.0012,3.6841,9.7070,0.3697,4.5512,10.3822,0.3794,0.8802,10.0000,3.0000
172.8495,3457,1.5145,10.1039,3.0012,3.6542,9.7082,0.3692,4.5209,10.3848,0.3793,0.8602,10.0000,3.0000
172.8995,3458,1.5145,10.1039,3.0012,3.6542,9.7082,0.3692,4.5209,10.3848,0.3793,0.8402,10.0000,3.0000
172.9495,3459,1.4805,10.1037,3.0012,3.6235,9.7094,0.3691,4.4910,10.3876,0.3794,0.8202,10.0000,3.0000
172.9995,3460,1.4805,10.1037,3.0012,3.6235,9.7094,0.3691,4.4910,10.3876,0.3794,0.8002,10.0000,3.0000
173.0496,3461,1.4466,10.1036,3.0012,3.5930,9.7105,0.3697,4.4620,10.3904,0.3802,0.7802,10.0000,3.0000
173.0996,3462,1.4127,10.1034,3.0012,3.5638,9.7114,0.3716,4.4335,10.3928,0.3808,0.7602,10.0000,3.0000
173.1495,3463,1.4127,10.1034,3.0012,3.5638,9.7114,0.3716,4.4335,10.3928,0.3808,0.7402,10.0000,3.0000
173.1996,3464,1.3788,10.1033,3.0012,3.5357,9.7125,0.3737,4.4053,10.3948,0.3815,0.7202,10.0000,3.0000
173.2496,3465,1.3788,10.1033,3.0012,3.5357,9.7125,0.3737,4.4053,10.3948,0.3815,0.7002,10.0000,3.0000
173.2996,3466,1.3450,10.1031,3.0012,3.5078,9.7135,0.3759,4.3771,10.3965,0.3823,0.6802,10.0000,3.0000
173.3496,3467,1.3450,10.1031,3.0012,3.5078,9.7135,0.3759,4.3771,10.3965,0.3823,0.6602,10.0000,3.0000
173.3996,3468,1.3110,10.1029,3.0012,3.4800,9.7147,0.3779,4.3486,10.3980,0.3831,0.6402,10.0000,3.0000
173.4494,3469,1.2770,10.1028,3.0012,3.4520,9.7160,0.3798,4.3193,10.3995,0.3838,0.6202,10.0000,3.0000
173.4995,3470,1.2770,10.1028,3.0012,3.4520,9.7160,0.3798,4.3193,10.3995,0.3838,0.6002,10.0000,3.0000
173.5496,3471,1.2427,10.1026,3.0012,3.4236,9.7174,0.3813,4.2893,10.4008,0.3846,0.5802,10.0000,3.0000
173.5996,3472,1.2427,10.1026,3.0012,3.4236,9.7174,0.3813,4.2893,10.4008,0.3846,0.5602,10.0000,3.0000
173.6495,3473,1.2083,10.1025,3.0012,3.3945,9.7187,0.3828,4.2585,10.4020,0.3848,0.5402,10.0000,3.0000
173.6994,3474,1.1739,10.1023,3.0012,3.3647,9.7199,0.3839,4.2277,10.4031,0.3849,0.5202,10.0000,3.0000
173.7496,3475,1.1739,10.1023,3.0012,3.3647,9.7199,0.3839,4.2277,10.4031,0.3849,0.5002,10.0000,3.0000
173.7995,3476,1.1394,10.1021,3.0012,3.3346,9.7212,0.3839,4.1972,10.4040,0.3842,0.4802,10.0000,3.0000
173.8494,3477,1.1051,10.1020,3.0012,3.3045,9.7224,0.3824,4.1674,10.4048,0.3842,0.4602,10.0000,3.0000
173.8996,3478,1.1051,10.1020,3.0012,3.3045,9.7224,0.3824,4.1674,10.4048,0.3842,0.4402,10.0000,3.0000
173.9496,3479,1.0708,10.1018,3.0012,3.2744,9.7237,0.3798,4.1383,10.4056,0.3847,0.4202,10.0000,3.0000
173.9996,3480,1.0708,10.1018,3.0012,3.2744,9.7237,0.3798,4.1383,10.4056,0.3847,0.4002,10.0000,3.0000
174.0495,3481,1.0365,10.1017,3.0012,3.2450,9.7251,0.3780,4.1095,10.4065,0.3853,0.3802,10.0000,3.0000
174.0995,3482,1.0023,10.1015,3.0012,3.2163,9.7266,0.3768,4.0808,10.4074,0.3861,0.3602,10.0000,3.0000
174.1496,3483,1.0023,10.1015,3.0012,3.2163,9.7266,0.3768,4.0808,10.4074,0.3861,0.3402,10.0000,3.0000
174.1996,3484,0.9681,10.1013,3.0012,3.1879,9.7281,0.3759,4.0519,10.4083,0.3872,0.3202,10.0000,3.0000
174.2496,3485,0.9681,10.1013,3.0012,3.1879,9.7281,0.3759,4.0519,10.4083,0.3872,0.3002,10.0000,3.0000
174.2995,3486,0.9340,10.1012,3.0012,3.1591,9.7296,0.3750,4.0223,10.4093,0.3883,0.2802,10.0000,3.0000
174.3495,3487,0.8999,10.1010,3.0012,3.1297,9.7310,0.3742,3.9921,10.4104,0.3892,0.2602,10.0000,3.0000
174.3996,3488,0.8999,10.1010,3.0012,3.1297,9.7310,0.3742,3.9921,10.4104,0.3892,0.2402,10.0000,3.0000
174.4495,3489,0.8660,10.1009,3.0012,3.0997,9.7325,0.3737,3.9618,10.4117,0.3893,0.2202,10.0000,3.0000
174.4996,3490,0.8660,10.1009,3.0012,3.0997,9.7325,0.3737,3.9618,10.4117,0.3893,0.2002,10.0000,3.0000
174.5495,3491,0.8320,10.1007,3.0012,3.0697,9.7339,0.3743,3.9318,10.4132,0.3893,0.1802,10.0000,3.0000
174.5995,3492,0.8320,10.1007,3.0012,3.0697,9.7339,0.3743,3.9318,10.4132,0.3893,0.1602,10.0000,3.0000
174.6496,3493,0.7980,10.1006,3.0012,3.0411,9.7349,0.3760,3.9028,10.4147,0.3898,0.1402,10.0000,3.0000
174.6995,3494,0.7639,10.1004,3.0012,3.0136,9.7359,0.3783,3.8744,10.4158,0.3902,0.1202,10.0000,3.0000
174.7495,3495,0.7639,10.1004,3.0012,3.0136,9.7359,0.3783,3.8744,10.4158,0.3902,0.1002,10.0000,3.0000
174.7996,3496,0.7298,10.1003,3.0012,2.9866,9.7369,0.3807,3.8460,10.4167,0.3904,0.0802,10.0000,3.0000
174.8496,3497,0.6957,10.1001,3.0012,2.9597,9.7380,0.3828,3.8174,10.4174,0.3906,0.0601,10.0000,3.0000
174.8995,3498,0.6957,10.1001,3.0012,2.9597,9.7380,0.3828,3.8174,10.4174,0.3906,0.0402,10.0000,3.0000
174.9495,3499,0.6616,10.0999,3.0012,2.9326,9.7391,0.3846,3.7882,10.4179,0.3907,0.0202,10.0000,3.0000
174.9994,3500,0.6275,10.0998,3.0012,2.9051,9.7403,0.3862,3.7584,10.4184,0.3907,0.0002,10.0000,3.0000
